candidate_id,work_key,retrieval_run_ids,title,year,publication_date,doi,arxiv_id,venue,providers,provider_work_ids,retrieval_seed_ids,retrieval_screening_record_ids,reference_seed_ids,citation_seed_ids,cutoff_status,is_existing_seed,matched_categories,priority_score,triage_state,screening_decision,reviewer,review_date,notes
CG0243,doi:10.1145/3729248,20260731T072700Z-closest-wave2-opencitations;20260731T072800Z-closest-wave2-semanticscholar,Verifying Lock-Free Traversals in Relaxed Memory Separation Logic,2025,2025-06-10,10.1145/3729248,,Proc. ACM Program. Lang.,opencitations;semanticscholar,10.1145/3729248;d0b4ec1ed425e650bc27197e0cb4ed98dfd93594,CS067,S172,,CS067,included,no,weak_or_relaxed_memory;progress,7,priority-title-screen,,,,Keyword score is prioritization only; it is not an eligibility or exclusion decision.
CG0041,doi:10.1007/978-3-319-89884-1_36,20260731T072700Z-closest-wave2-opencitations;20260731T072800Z-closest-wave2-semanticscholar,Compositional Verification of Compiler Optimisations on Relaxed Memory,2018,2018-02-16,10.1007/978-3-319-89884-1_36,1802.05918,European Symposium on Programming,opencitations;semanticscholar,10.1007/978-3-319-89884-1_36;d6aa48a5a3981340bdb07ef75d951c6a06544f5d,CS067,S172,,CS067,included,no,weak_or_relaxed_memory;formal_verification,6,priority-title-screen,,,,Keyword score is prioritization only; it is not an eligibility or exclusion decision.
CG0176,doi:10.1145/2806886,20260731T072700Z-closest-wave2-opencitations;20260731T072800Z-closest-wave2-semanticscholar,A Practical Approach for Model Checking C/C++11 Code,2016,2016-05-02,10.1145/2806886,,ACM Transactions on Programming Languages and Systems,opencitations;semanticscholar,10.1145/2806886;6e48c095ffa8210f6395c7126880f07ee985a8d0,CS067,S172,,CS067,included,no,weak_or_relaxed_memory;formal_verification,6,priority-title-screen,,,,Keyword score is prioritization only; it is not an eligibility or exclusion decision.
CG0229,doi:10.1145/3545117,20260731T072700Z-closest-wave2-opencitations;20260731T072800Z-closest-wave2-semanticscholar,Unifying Operational Weak Memory Verification: An Axiomatic Approach,2022,2022-06-27,10.1145/3545117,,ACM Transactions on Computational Logic,opencitations;semanticscholar,10.1145/3545117;43aba7894fd78dd025cccb0c212a977341cd9630,CS067,S172,,CS067,included,no,weak_or_relaxed_memory;formal_verification,6,priority-title-screen,,,,Keyword score is prioritization only; it is not an eligibility or exclusion decision.
CG0237,doi:10.1145/3656384,20260731T072800Z-closest-wave2-semanticscholar,A Proof Recipe for Linearizability in Relaxed Memory Separation Logic,2024,2024-06-20,10.1145/3656384,,Proc. ACM Program. Lang.,semanticscholar,81cc2bcf765e925a61e6decd7e1679a83d6faafa,CS067,S172,,CS067,included,no,weak_or_relaxed_memory;formal_verification,6,priority-title-screen,,,,Keyword score is prioritization only; it is not an eligibility or exclusion decision.
CG0239,doi:10.1145/3689802,20260731T072700Z-closest-wave2-opencitations;20260731T072800Z-closest-wave2-semanticscholar,Automated Robustness Verification of Concurrent Data Structure Libraries against Relaxed Memory Models,2024,2024-10-08,10.1145/3689802,,Proc. ACM Program. Lang.,opencitations;semanticscholar,10.1145/3689802;b11d375f98ea3af542e8d8f24171157d8ce9f02e,CS065;CS067,S170;S172,,CS065;CS067,included,no,weak_or_relaxed_memory;formal_verification,6,priority-title-screen,,,,Keyword score is prioritization only; it is not an eligibility or exclusion decision.
CG0275,doi:10.70675/6f86083bz89aez4751zb868zc4ee47a9ccc8,20260731T072800Z-closest-wave2-semanticscholar,Vérification par model-checking de programmes concurrents paramétrés sur des modèles mémoires faibles. (Verification via Model Checking of Parameterized Concurrent Programs on Weak Memory Models),2018,2018-09-24,10.70675/6f86083bz89aez4751zb868zc4ee47a9ccc8,,,semanticscholar,a68ac16f8baa9ebdc11fb183dc618e9aba6ab63b,CS067,S172,,CS067,included,no,weak_or_relaxed_memory;formal_verification,6,priority-title-screen,,,,Keyword score is prioritization only; it is not an eligibility or exclusion decision.
CG0051,doi:10.1007/978-3-540-30232-2_7,20260731T072700Z-closest-wave2-opencitations;20260731T072800Z-closest-wave2-semanticscholar,Formal Verification of a Practical Lock-Free Queue Algorithm,2004,2004-09-27,10.1007/978-3-540-30232-2_7,,Formal Techniques for (Networked and) Distributed Systems,opencitations;semanticscholar,10.1007/978-3-540-30232-2_7;fe45719732b4b2cfc845e0906567f5bf2f2903be,CS065;CS068,S170;S173,CS065;CS068,,included,no,progress;formal_verification,5,priority-title-screen,,,,Keyword score is prioritization only; it is not an eligibility or exclusion decision.
CG0002,arxiv:1512.01416,20260731T072800Z-closest-wave2-semanticscholar,New Lace and Arsenic: adventures in weak memory with a program logic,2015,2015-12-04,,1512.01416,arXiv.org,semanticscholar,2f0e9c714c85a35322040fefa64f4fb517ff9fc6,CS067,S172,,CS067,included,no,weak_or_relaxed_memory,4,title-screen,,,,Keyword score is prioritization only; it is not an eligibility or exclusion decision.
CG0005,arxiv:1804.04214,20260731T072800Z-closest-wave2-semanticscholar,A denotational account of C11-style memory,2018,2018-04-11,,1804.04214,arXiv.org,semanticscholar,be8141e345cdd70ed7cf2d02cf0305bc0a113367,CS067,S172,,CS067,included,no,weak_or_relaxed_memory,4,title-screen,,,,Keyword score is prioritization only; it is not an eligibility or exclusion decision.
CG0010,doi:10.1002/cpe.70484,20260731T072700Z-closest-wave2-opencitations;20260731T072800Z-closest-wave2-semanticscholar,Weak Memory Model Formalisms: Introduction and Survey,2026,2025-08-06,10.1002/cpe.70484,2508.04115,Concurrency and Computation,opencitations;semanticscholar,10.1002/cpe.70484;51e769bec6764d1b6637973728b96a8c194b00f3,CS067,S172,,CS067,included,no,weak_or_relaxed_memory,4,title-screen,,,,Keyword score is prioritization only; it is not an eligibility or exclusion decision.
CG0023,doi:10.1007/978-3-030-90870-6_13,20260731T072800Z-closest-wave2-semanticscholar,Owicki-Gries Reasoning for C11 Programs with Relaxed Dependencies (Extended Version),2021,2021-08-03,10.1007/978-3-030-90870-6_13,2108.01418,World Congress on Formal Methods,semanticscholar,c617b71b2eff15ea395dd2a11e807034d4e9f08f,CS067,S172,,CS067,included,no,weak_or_relaxed_memory,4,title-screen,,,,Keyword score is prioritization only; it is not an eligibility or exclusion decision.
CG0073,doi:10.1007/978-3-642-37036-6_27,20260731T072700Z-closest-wave2-opencitations;20260731T072800Z-closest-wave2-semanticscholar,Quarantining Weakness - Compositional Reasoning under Relaxed Memory Models (Extended Abstract),2013,2013-03-16,10.1007/978-3-642-37036-6_27,,European Symposium on Programming,opencitations;semanticscholar,036ca64ac4821461ca970779830d92c2984513d6;10.1007/978-3-642-37036-6_27,CS067,S172,,CS067,included,no,weak_or_relaxed_memory,4,title-screen,,,,Keyword score is prioritization only; it is not an eligibility or exclusion decision.
CG0153,doi:10.1145/2509136.2509532,20260731T072700Z-closest-wave2-opencitations;20260731T072800Z-closest-wave2-semanticscholar,Relaxed separation logic: a program logic for C11 concurrency,2013,2013-10-29,10.1145/2509136.2509532,,"Conference on Object-Oriented Programming Systems, Languages, and Applications",opencitations;semanticscholar,10.1145/2509136.2509532;987adbbb4b5baff729cf3907d7f05a86e8651849,CS067,S172,,CS067,included,no,weak_or_relaxed_memory,4,title-screen,,,,Keyword score is prioritization only; it is not an eligibility or exclusion decision.
CG0171,doi:10.1145/2737924.2737992,20260731T072800Z-closest-wave2-semanticscholar,Verifying read-copy-update in a logic for weak memory,2015,2015-06-03,10.1145/2737924.2737992,,ACM-SIGPLAN Symposium on Programming Language Design and Implementation,semanticscholar,f193fd19ceaf8137e874319e51f4d5a1d3dc49b2,CS067,S172,,CS067,included,no,weak_or_relaxed_memory,4,title-screen,,,,Keyword score is prioritization only; it is not an eligibility or exclusion decision.
CG0173,doi:10.1145/2775051.2676984,20260731T072800Z-closest-wave2-semanticscholar,A Calculus for Relaxed Memory,2015,2015-01-14,10.1145/2775051.2676984,,ACM-SIGACT Symposium on Principles of Programming Languages,semanticscholar,3c900f06ffacddf63b09b9ed7ce2fa7986b6b5f1,CS067,S172,,CS067,included,no,weak_or_relaxed_memory,4,title-screen,,,,Keyword score is prioritization only; it is not an eligibility or exclusion decision.
CG0174,doi:10.1145/2775051.2676995,20260731T072700Z-closest-wave2-opencitations;20260731T072800Z-closest-wave2-semanticscholar,Common Compiler Optimisations are Invalid in the C11 Memory Model and what we can do about it,2015,2015-05-11,10.1145/2775051.2676995,,ACM-SIGACT Symposium on Principles of Programming Languages,opencitations;semanticscholar,10.1145/2775051.2676995;bde0e8ce845d704b11d43d9df4913a7f9cedfb3b,CS067,S172,,CS067,included,no,weak_or_relaxed_memory,4,title-screen,,,,Keyword score is prioritization only; it is not an eligibility or exclusion decision.
CG0181,doi:10.1145/2837614.2837637,20260731T072700Z-closest-wave2-opencitations;20260731T072800Z-closest-wave2-semanticscholar,Overhauling SC atomics in C11 and OpenCL,2016,2016-01-11,10.1145/2837614.2837637,1503.07073,ACM-SIGACT Symposium on Principles of Programming Languages,opencitations;semanticscholar,10.1145/2837614.2837637;6651ca0bad269e4390cdf26e85c9db75e91383b4,CS067,S172,,CS067,included,no,weak_or_relaxed_memory,4,title-screen,,,,Keyword score is prioritization only; it is not an eligibility or exclusion decision.
CG0187,doi:10.1145/2983990.2983997,20260731T072700Z-closest-wave2-opencitations;20260731T072800Z-closest-wave2-semanticscholar,An operational semantics for C/C++11 concurrency,2016,2016-10-19,10.1145/2983990.2983997,,"Conference on Object-Oriented Programming Systems, Languages, and Applications",opencitations;semanticscholar,10.1145/2983990.2983997;e7b352e7bc07ff0299e28698fa9f1ebf782f9127,CS067,S172,,CS067,included,no,weak_or_relaxed_memory,4,title-screen,,,,Keyword score is prioritization only; it is not an eligibility or exclusion decision.
CG0189,doi:10.1145/3009837.3009839,20260731T072700Z-closest-wave2-opencitations;20260731T072800Z-closest-wave2-semanticscholar,"Mixed-size concurrency: ARM, POWER, C/C++11, and SC",2017,2017-01-01,10.1145/3009837.3009839,,ACM-SIGACT Symposium on Principles of Programming Languages,opencitations;semanticscholar,10.1145/3009837.3009839;577c01f85fb46c761dcef59acb5fae17eadae160,CS067,S172,,CS067,included,no,weak_or_relaxed_memory,4,title-screen,,,,Keyword score is prioritization only; it is not an eligibility or exclusion decision.
CG0192,doi:10.1145/3018743.3018749,20260731T072700Z-closest-wave2-opencitations;20260731T072800Z-closest-wave2-semanticscholar,Checking Concurrent Data Structures Under the C/C++11 Memory Model,2017,2017-01-26,10.1145/3018743.3018749,,ACM SIGPLAN Symposium on Principles & Practice of Parallel Programming,opencitations;semanticscholar,10.1145/3018743.3018749;3456741c745b0de504a49d85e59a3f180b8370db,CS064;CS067,S169;S172,,CS064;CS067,included,no,weak_or_relaxed_memory,4,title-screen,,,,Keyword score is prioritization only; it is not an eligibility or exclusion decision.
CG0194,doi:10.1145/3062341.3062352,20260731T072800Z-closest-wave2-semanticscholar,Repairing sequential consistency in C/C++11,2017,2017-06-14,10.1145/3062341.3062352,,ACM-SIGPLAN Symposium on Programming Language Design and Implementation,semanticscholar,5f336a86f0b4c91c729d3adf471fe27eaf67f5e8,CS068,S173,CS068,,included,no,weak_or_relaxed_memory,4,title-screen,,,,Keyword score is prioritization only; it is not an eligibility or exclusion decision.
CG0201,doi:10.1145/3192366.3192373,20260731T072700Z-closest-wave2-opencitations;20260731T072800Z-closest-wave2-semanticscholar,"The semantics of transactions and weak memory in x86, Power, ARM, and C++",2018,2018-06-11,10.1145/3192366.3192373,1710.04839,ACM-SIGPLAN Symposium on Programming Language Design and Implementation,opencitations;semanticscholar,10.1145/3192366.3192373;85f3c9583ce4df56980030e9c99a11c9cd431b54,CS067,S172,,CS067,included,no,weak_or_relaxed_memory,4,title-screen,,,,Keyword score is prioritization only; it is not an eligibility or exclusion decision.
CG0204,doi:10.1145/3290371,20260731T072700Z-closest-wave2-opencitations;20260731T072800Z-closest-wave2-semanticscholar,Decoupling lock-free data structures from memory reclamation for static analysis,2019,2019-01-02,10.1145/3290371,1810.10807,Proc. ACM Program. Lang.,opencitations;semanticscholar,08b891505944ac88d32824c27559097b240a59b8;10.1145/3290371,CS065,S170,,CS065,included,no,progress;reclamation_or_aba,4,title-screen,,,,Keyword score is prioritization only; it is not an eligibility or exclusion decision.
CG0206,doi:10.1145/3290381,20260731T072700Z-closest-wave2-opencitations;20260731T072800Z-closest-wave2-semanticscholar,On library correctness under weak memory consistency: specifying and verifying concurrent libraries under declarative consistency models,2019,2019-01-02,10.1145/3290381,,Proc. ACM Program. Lang.,opencitations;semanticscholar,10.1145/3290381;87302a001b7651772e3cdd14bfdd77b1ae049a70,CS067,S172,,CS067,included,no,weak_or_relaxed_memory,4,title-screen,,,,Keyword score is prioritization only; it is not an eligibility or exclusion decision.
CG0208,doi:10.1145/3293883.3295702,20260731T072700Z-closest-wave2-opencitations;20260731T072800Z-closest-wave2-semanticscholar,Verifying C11 programs operationally,2019,2019-02-16,10.1145/3293883.3295702,1811.09143,ACM SIGPLAN Symposium on Principles & Practice of Parallel Programming,opencitations;semanticscholar,10.1145/3293883.3295702;b0af7dd38c0053992b6acfdc67507f44511c7018,CS067,S172,,CS067,included,no,weak_or_relaxed_memory,4,title-screen,,,,Keyword score is prioritization only; it is not an eligibility or exclusion decision.
CG0216,doi:10.1145/3371136,20260731T072800Z-closest-wave2-semanticscholar,Pointer life cycle types for lock-free data structures with memory reclamation,2019,2019-10-25,10.1145/3371136,1910.11714,Proc. ACM Program. Lang.,semanticscholar,5c8dc74913606fccdd143519764d8c17ce3dd4ea,CS065,S170,,CS065,included,no,progress;reclamation_or_aba,4,title-screen,,,,Keyword score is prioritization only; it is not an eligibility or exclusion decision.
CG0217,doi:10.1145/3385412.3386010,20260731T072700Z-closest-wave2-opencitations;20260731T072800Z-closest-wave2-semanticscholar,Promising 2.0: global optimizations in relaxed memory concurrency,2020,2020-06-06,10.1145/3385412.3386010,,ACM-SIGPLAN Symposium on Programming Language Design and Implementation,opencitations;semanticscholar,10.1145/3385412.3386010;e5f11b53d7cde73883a463ab98b90095103ec792,CS067,S172,,CS067,included,no,weak_or_relaxed_memory,4,title-screen,,,,Keyword score is prioritization only; it is not an eligibility or exclusion decision.
CG0221,doi:10.1145/3428262,20260731T072800Z-closest-wave2-semanticscholar,Pomsets with preconditions: a simple model of relaxed memory,2020,2020-11-13,10.1145/3428262,,Proc. ACM Program. Lang.,semanticscholar,94a1f98f22dfa89ec20e4aa5b9c79a784a6bcf9e,CS066,S171,,CS066,included,no,weak_or_relaxed_memory,4,title-screen,,,,Keyword score is prioritization only; it is not an eligibility or exclusion decision.
CG0222,doi:10.1145/3437801.3441619,20260731T072800Z-closest-wave2-semanticscholar,Verifying C11-style weak memory libraries,2020,2020-12-28,10.1145/3437801.3441619,2108.06944,ACM SIGPLAN Symposium on Principles & Practice of Parallel Programming,semanticscholar,4081cedda78b3178bfa33174a3a058facb71ca64,CS067,S172,,CS067,included,no,weak_or_relaxed_memory,4,title-screen,,,,Keyword score is prioritization only; it is not an eligibility or exclusion decision.
CG0226,doi:10.1145/3519939.3523451,20260731T072700Z-closest-wave2-opencitations;20260731T072800Z-closest-wave2-semanticscholar,Compass: strong and compositional library specifications in relaxed memory separation logic,2022,2022-06-09,10.1145/3519939.3523451,,ACM-SIGPLAN Symposium on Programming Language Design and Implementation,opencitations;semanticscholar,10.1145/3519939.3523451;2f24d73555fd3c9d159f8f19b3614f11a67f4e80,CS067,S172,,CS067,included,no,weak_or_relaxed_memory,4,title-screen,,,,Keyword score is prioritization only; it is not an eligibility or exclusion decision.
CG0232,doi:10.1145/3571246,20260731T072700Z-closest-wave2-opencitations;20260731T072800Z-closest-wave2-semanticscholar,An Operational Approach to Library Abstraction under Relaxed Memory Concurrency,2023,2023-01-09,10.1145/3571246,,Proc. ACM Program. Lang.,opencitations;semanticscholar,10.1145/3571246;488eb7fd3dc83634669b98702b3b88e7aa462eca,CS067,S172,,CS067,included,no,weak_or_relaxed_memory,4,title-screen,,,,Keyword score is prioritization only; it is not an eligibility or exclusion decision.
CG0234,doi:10.1145/3580285,20260731T072800Z-closest-wave2-semanticscholar,Mechanised Operational Reasoning for C11 Programs with Relaxed Dependencies,2023,2023-01-13,10.1145/3580285,,Formal Aspects Comput.,semanticscholar,e6c4e9eca2dbf939eefb44a8218e63c175446350,CS067,S172,,CS067,included,no,weak_or_relaxed_memory,4,title-screen,,,,Keyword score is prioritization only; it is not an eligibility or exclusion decision.
CG0240,doi:10.1145/3704906,20260731T072700Z-closest-wave2-opencitations;20260731T072800Z-closest-wave2-semanticscholar,RELINCHE: Automatically Checking Linearizability under Relaxed Memory Consistency,2025,2025-01-07,10.1145/3704906,,Proc. ACM Program. Lang.,opencitations;semanticscholar,10.1145/3704906;bc9c01dd6b889563907d49d386f7bc84f1ee7d46,CS065;CS067;CS068,S170;S172;S173,,CS065;CS067;CS068,included,no,weak_or_relaxed_memory,4,title-screen,,,,Keyword score is prioritization only; it is not an eligibility or exclusion decision.
CG0241,doi:10.1145/3704908,20260731T072700Z-closest-wave2-opencitations;20260731T072800Z-closest-wave2-semanticscholar,Relaxed Memory Concurrency Re-executed,2025,2025-01-07,10.1145/3704908,,Proc. ACM Program. Lang.,opencitations;semanticscholar,10.1145/3704908;8f276e62845a150f8001ed955007208be9f2c3c3,CS067,S172,,CS067,included,no,weak_or_relaxed_memory,4,title-screen,,,,Keyword score is prioritization only; it is not an eligibility or exclusion decision.
CG0277,s2:086baed6b7f857aeda9a3a402ef922395db76e1f,20260731T072800Z-closest-wave2-semanticscholar,Quarantining Weakness (Extended Abstract) Compositional Reasoning Under Relaxed Memory Models?,2013,,,,,semanticscholar,086baed6b7f857aeda9a3a402ef922395db76e1f,CS067,S172,,CS067,included,no,weak_or_relaxed_memory,4,title-screen,,,,Keyword score is prioritization only; it is not an eligibility or exclusion decision.
CG0288,s2:6ae2c5fef41aab5427046701bef35f83322b8ea1,20260731T072800Z-closest-wave2-semanticscholar,Correctness under Weak Memory Consistency Specifying and Verifying Concurrent Libraries under Declarative Consistency Models,2018,,,,,semanticscholar,6ae2c5fef41aab5427046701bef35f83322b8ea1,CS067,S172,,CS067,included,no,weak_or_relaxed_memory,4,title-screen,,,,Keyword score is prioritization only; it is not an eligibility or exclusion decision.
CG0296,s2:b3a462aec69065f3bcb20337a722c0357794231e,20260731T072800Z-closest-wave2-semanticscholar,A Simple Model of Relaxed Memory,2020,,,,,semanticscholar,b3a462aec69065f3bcb20337a722c0357794231e,CS066,S171,,CS066,included,no,weak_or_relaxed_memory,4,title-screen,,,,Keyword score is prioritization only; it is not an eligibility or exclusion decision.
CG0301,s2:d8e443a2a7de396dd009801a1db3341a951fcd8d,20260731T072800Z-closest-wave2-semanticscholar,The C11 and C++11 concurrency model,2015,,,,,semanticscholar,d8e443a2a7de396dd009801a1db3341a951fcd8d,CS067,S172,,CS067,included,no,weak_or_relaxed_memory,4,title-screen,,,,Keyword score is prioritization only; it is not an eligibility or exclusion decision.
CG0303,s2:e693b6f852365bb3d949ad7c3f07f25db00685d8,20260731T072800Z-closest-wave2-semanticscholar,Thesis Proposal Low-level Concurrent Programming Using the Relaxed Memory Calculus,2015,,,,,semanticscholar,e693b6f852365bb3d949ad7c3f07f25db00685d8,CS064,S169,,CS064,included,no,weak_or_relaxed_memory,4,title-screen,,,,Keyword score is prioritization only; it is not an eligibility or exclusion decision.
CG0011,doi:10.1006/jpdc.1998.1446,20260731T072700Z-closest-wave2-opencitations;20260731T072800Z-closest-wave2-semanticscholar,Nonblocking Algorithms and Preemption-Safe Locking on Multiprogrammed Shared Memory Multiprocessors,1998,1998-05-25,10.1006/jpdc.1998.1446,,J. Parallel Distributed Comput.,opencitations;semanticscholar,10.1006/jpdc.1998.1446;c306e5127110a8bc045809a98fa39af9299972cc,CS068,S173,CS068,,included,no,progress,3,title-screen,,,,Keyword score is prioritization only; it is not an eligibility or exclusion decision.
CG0032,doi:10.1007/978-3-319-49583-5_4,20260731T072800Z-closest-wave2-semanticscholar,A Portable Lock-Free Bounded Queue,2016,2016-12-14,10.1007/978-3-319-49583-5_4,,International Conference on Algorithms and Architectures for Parallel Processing,semanticscholar,969423280353cb711800db699877b4ed3b1e558f,CS067,S172,,CS067,included,no,progress,3,title-screen,,,,Keyword score is prioritization only; it is not an eligibility or exclusion decision.
CG0126,doi:10.1145/114005.102808,20260731T072700Z-closest-wave2-opencitations;20260731T072800Z-closest-wave2-semanticscholar,Wait-free synchronization,1991,1991-01-01,10.1145/114005.102808,,ACM Transactions on Programming Languages and Systems,opencitations;semanticscholar,10.1145/114005.102808;d907dfd33609905981a34e217f29a48fee3f7145,CS068,S173,CS068,,included,no,progress,3,title-screen,,,,Keyword score is prioritization only; it is not an eligibility or exclusion decision.
CG0257,doi:10.23919/fmcad.2018.8603020,20260731T072800Z-closest-wave2-semanticscholar,Rely-Guarantee Reasoning for Automated Bound Analysis of Lock-Free Algorithms,2018,2018-10-01,10.23919/fmcad.2018.8603020,,Formal Methods in Computer-Aided Design,semanticscholar,c715015578bdf4cd4a18ee4f7fa77dbf5b476fb1,CS065,S170,,CS065,included,no,progress,3,title-screen,,,,Keyword score is prioritization only; it is not an eligibility or exclusion decision.
CG0289,s2:75172110ebbed0e58039c85a00583532a90c42ec,20260731T072800Z-closest-wave2-semanticscholar,Thread Summaries for Lock-Free Data Structures,2016,,,,,semanticscholar,75172110ebbed0e58039c85a00583532a90c42ec,CS065,S170,,CS065,included,no,progress,3,title-screen,,,,Keyword score is prioritization only; it is not an eligibility or exclusion decision.
CG0308,unknown:semanticscholar:cs068:references:0:36,20260731T072800Z-closest-wave2-semanticscholar,Optimised Lock-Free FIFO Queue . Technical Report,2001,,,,,semanticscholar,,CS068,S173,CS068,,included,no,progress,3,title-screen,,,,Keyword score is prioritization only; it is not an eligibility or exclusion decision.
CG0007,arxiv:2509.06872,20260731T072800Z-closest-wave2-semanticscholar,Mechanized Metatheory of Forward Reasoning for End-to-End Linearizability Proofs,2025,2025-09-08,10.48550/arxiv.2509.06872,2509.06872,arXiv.org,semanticscholar,8bc135f2e79f2082cc24118f249ea7cc56fcbea2,CS065,S170,,CS065,included,no,formal_verification,2,title-screen,,,,Keyword score is prioritization only; it is not an eligibility or exclusion decision.
CG0027,doi:10.1007/978-3-319-08867-9_37,20260731T072800Z-closest-wave2-semanticscholar,Automatic Atomicity Verification for Clients of Concurrent Data Structures,2014,2014-07-18,10.1007/978-3-319-08867-9_37,,International Conference on Computer Aided Verification,semanticscholar,b00ba749be8f71e4e5f0c27a9ff5918c8190b79a,CS065,S170,,CS065,included,no,formal_verification,2,title-screen,,,,Keyword score is prioritization only; it is not an eligibility or exclusion decision.
CG0028,doi:10.1007/978-3-319-13338-6_11,20260731T072800Z-closest-wave2-semanticscholar,Handling TSO in Mechanized Linearizability Proofs,2014,2014-11-18,10.1007/978-3-319-13338-6_11,,Haifa Verification Conference,semanticscholar,1e38e402ca4f88274fc48a918b666b63cb8264ca,CS067,S172,,CS067,included,no,formal_verification,2,title-screen,,,,Keyword score is prioritization only; it is not an eligibility or exclusion decision.
CG0031,doi:10.1007/978-3-319-42089-9_20,20260731T072800Z-closest-wave2-semanticscholar,Linearizability Proof of Stack Data,2016,2016-07-04,10.1007/978-3-319-42089-9_20,,Communication Systems and Applications,semanticscholar,9dc1284054f7af7d739e4d2c266fb29bee1f4705,CS065,S170,,CS065,included,no,formal_verification,2,title-screen,,,,Keyword score is prioritization only; it is not an eligibility or exclusion decision.
CG0037,doi:10.1007/978-3-319-73721-8,20260731T072800Z-closest-wave2-semanticscholar,"Verification, Model Checking, and Abstract Interpretation",2018,,10.1007/978-3-319-73721-8,,Lecture Notes in Computer Science,semanticscholar,2079722d6672e8444e9f098b844abfa7a246cd09,CS067,S172,,CS067,included,no,formal_verification,2,title-screen,,,,Keyword score is prioritization only; it is not an eligibility or exclusion decision.
CG0082,doi:10.1007/978-3-662-53413-7_4,20260731T072800Z-closest-wave2-semanticscholar,Automated Verification of Linearization Policies,2016,2016-09-08,10.1007/978-3-662-53413-7_4,,Sensors Applications Symposium,semanticscholar,d4a703c7eb0883a541234a79aa5a6d7799bec9a9,CS065,S170,,CS065,included,no,formal_verification,2,title-screen,,,,Keyword score is prioritization only; it is not an eligibility or exclusion decision.
CG0084,doi:10.1007/bf00625969,20260731T072700Z-closest-wave2-opencitations;20260731T072800Z-closest-wave2-semanticscholar,Exploiting symmetry in temporal logic model checking,1993,1993-06-28,10.1007/bf00625969,,Formal Methods Syst. Des.,opencitations;semanticscholar,10.1007/bf00625969;20e4aa2d31b87dff0eaceff14f59ebf9ce08ca76,CS068,S173,CS068,,included,no,formal_verification,2,title-screen,,,,Keyword score is prioritization only; it is not an eligibility or exclusion decision.
CG0087,doi:10.1007/s00236-015-0235-0,20260731T072800Z-closest-wave2-semanticscholar,Verification of heap manipulating programs with ordered data by extended forest automata,2013,2013-10-15,10.1007/s00236-015-0235-0,,Acta Informatica,semanticscholar,ac0a20834a9dce28f5dd42195a200a593fe9f1cb,CS065,S170,,CS065,included,no,formal_verification,2,title-screen,,,,Keyword score is prioritization only; it is not an eligibility or exclusion decision.
CG0088,doi:10.1007/s00236-016-0275-0,20260731T072800Z-closest-wave2-semanticscholar,Stateless model checking for TSO and PSO,2015,2015-01-09,10.1007/s00236-016-0275-0,1501.02069,Acta Informatica,semanticscholar,2d99959110d081d2612c74126da384ef93df6699,CS068,S173,CS068,,included,no,formal_verification,2,title-screen,,,,Keyword score is prioritization only; it is not an eligibility or exclusion decision.
CG0092,doi:10.1007/s10009-015-0406-x,20260731T072800Z-closest-wave2-semanticscholar,Parameterized verification through view abstraction,2016,2016-10-01,10.1007/s10009-015-0406-x,,International Journal on Software Tools for Technology Transfer (STTT),semanticscholar,10a1f9889dbdba38f2489085edd5cefb3d52f829,CS065,S170,,CS065,included,no,formal_verification,2,title-screen,,,,Keyword score is prioritization only; it is not an eligibility or exclusion decision.
CG0094,doi:10.1007/s10009-017-0460-7,20260731T072700Z-closest-wave2-opencitations;20260731T072800Z-closest-wave2-semanticscholar,Advances in verification presented in TACAS’13,2017,2017-06-09,10.1007/s10009-017-0460-7,,International Journal on Software Tools for Technology Transfer (STTT),opencitations;semanticscholar,10.1007/s10009-017-0460-7;502bc75294d37eb7cd5c95f3a70844a002c1bda2,CS065,S170,,CS065,included,no,formal_verification,2,title-screen,,,,Keyword score is prioritization only; it is not an eligibility or exclusion decision.
CG0095,doi:10.1007/s10009-022-00648-0,20260731T072700Z-closest-wave2-opencitations;20260731T072800Z-closest-wave2-semanticscholar,"Parameterized verification of systems with component identities, using view abstraction",2022,2022-02-26,10.1007/s10009-022-00648-0,,International Journal on Software Tools for Technology Transfer (STTT),opencitations;semanticscholar,033d6e43b92795048ad2bd7fb74da9a3ea9b4182;10.1007/s10009-022-00648-0,CS065,S170,,CS065,included,no,formal_verification,2,title-screen,,,,Keyword score is prioritization only; it is not an eligibility or exclusion decision.
CG0099,doi:10.1007/s10703-025-00479-0,20260731T072700Z-closest-wave2-opencitations;20260731T072800Z-closest-wave2-semanticscholar,Awaiting for Godot: Stateless Model Checking that Avoids Executions where Nothing Happens,2025,2025-07-25,10.1007/s10703-025-00479-0,2208.09259,Formal Methods in Computer-Aided Design,opencitations;semanticscholar,10.1007/s10703-025-00479-0;8bbe70fec004bbb6280462b1c7fe5e1d74c48002,CS065,S170,,CS065,included,no,formal_verification,2,title-screen,,,,Keyword score is prioritization only; it is not an eligibility or exclusion decision.
CG0105,doi:10.1109/access.2026.3692655,20260731T072800Z-closest-wave2-semanticscholar,Toward Scalable Parallel Verification of Multi-Robot Systems in ROS 2 Using Reduced Distributed State Space,2026,,10.1109/access.2026.3692655,,IEEE Access,semanticscholar,5363c7adbfcf8829b4289d806ee6efaed03492e3,CS068,S173,,CS068,unknown-date,no,formal_verification,2,manual-date-check,,,,Keyword score is prioritization only; it is not an eligibility or exclusion decision.
CG0121,doi:10.1145/1040305.1040315,20260731T072700Z-closest-wave2-opencitations;20260731T072800Z-closest-wave2-semanticscholar,Dynamic partial-order reduction for model checking software,2005,2005-01-12,10.1145/1040305.1040315,,ACM-SIGACT Symposium on Principles of Programming Languages,opencitations;semanticscholar,10.1145/1040305.1040315;ec82b49566f64a890578b9ed6d97fbcf49e25dae,CS068,S173,CS068,,included,no,formal_verification,2,title-screen,,,,Keyword score is prioritization only; it is not an eligibility or exclusion decision.
CG0155,doi:10.1145/2535838.2535848,20260731T072700Z-closest-wave2-opencitations;20260731T072800Z-closest-wave2-semanticscholar,"Replicated data types: specification, verification, optimality",2014,2014-01-08,10.1145/2535838.2535848,,ACM-SIGACT Symposium on Principles of Programming Languages,opencitations;semanticscholar,10.1145/2535838.2535848;c99ed5b3d138e5e437364d8e4c2d8aeca3cc79f3,CS067,S172,,CS067,included,no,formal_verification,2,title-screen,,,,Keyword score is prioritization only; it is not an eligibility or exclusion decision.
CG0164,doi:10.1145/263699.263717,20260731T072700Z-closest-wave2-opencitations;20260731T072800Z-closest-wave2-semanticscholar,Model checking for programming languages using VeriSoft,1997,,10.1145/263699.263717,,ACM-SIGACT Symposium on Principles of Programming Languages,opencitations;semanticscholar,10.1145/263699.263717;654071cc54205699d50edc2fb617b1580428e855,CS068,S173,CS068,,included,no,formal_verification,2,title-screen,,,,Keyword score is prioritization only; it is not an eligibility or exclusion decision.
CG0178,doi:10.1145/2814270.2814297,20260731T072700Z-closest-wave2-opencitations;20260731T072800Z-closest-wave2-semanticscholar,SATCheck: SAT-directed stateless model checking for SC and TSO,2015,2015-10-23,10.1145/2814270.2814297,,"Conference on Object-Oriented Programming Systems, Languages, and Applications",opencitations;semanticscholar,10.1145/2814270.2814297;ef777bbb4631ee0b1d4ece36ae452074c2aa2ee4,CS067,S172,,CS067,included,no,formal_verification,2,title-screen,,,,Keyword score is prioritization only; it is not an eligibility or exclusion decision.
CG0190,doi:10.1145/3009837.3009883,20260731T072700Z-closest-wave2-opencitations;20260731T072800Z-closest-wave2-semanticscholar,Ogre and Pythia: an invariance proof method for weak consistency models,2017,2017-01-01,10.1145/3009837.3009883,,ACM-SIGACT Symposium on Principles of Programming Languages,opencitations;semanticscholar,10.1145/3009837.3009883;f34fc79cc0ec3a3480cecef9eb64dba58bce257c,CS067,S172,,CS067,included,no,formal_verification,2,title-screen,,,,Keyword score is prioritization only; it is not an eligibility or exclusion decision.
CG0198,doi:10.1145/3158105,20260731T072700Z-closest-wave2-opencitations;20260731T072800Z-closest-wave2-semanticscholar,Effective stateless model checking for C/C++ concurrency,2017,2017-12-27,10.1145/3158105,,Proc. ACM Program. Lang.,opencitations;semanticscholar,0f26a8a75800c42cc473f467e0590728be3e5d91;10.1145/3158105,CS068,S173,CS068,,included,no,formal_verification,2,title-screen,,,,Keyword score is prioritization only; it is not an eligibility or exclusion decision.
CG0202,doi:10.1145/3276505,20260731T072700Z-closest-wave2-opencitations;20260731T072800Z-closest-wave2-semanticscholar,Optimal stateless model checking under the release-acquire semantics,2018,2018-08-02,10.1145/3276505,1808.00843,Proc. ACM Program. Lang.,opencitations;semanticscholar,10.1145/3276505;6b2164b22e40af1cb35cc174c17b076f5d140ab2,CS068,S173,CS068,,included,no,formal_verification,2,title-screen,,,,Keyword score is prioritization only; it is not an eligibility or exclusion decision.
CG0210,doi:10.1145/3314221.3314609,20260731T072700Z-closest-wave2-opencitations;20260731T072800Z-closest-wave2-semanticscholar,Model checking for weakly consistent libraries,2019,2019-06-08,10.1145/3314221.3314609,,ACM-SIGPLAN Symposium on Programming Language Design and Implementation,opencitations;semanticscholar,10.1145/3314221.3314609;518652adbfab1c50284a5c3d6ac463ebfefbadb0,CS068,S173,CS068,,included,no,formal_verification,2,title-screen,,,,Keyword score is prioritization only; it is not an eligibility or exclusion decision.
CG0214,doi:10.1145/3360576,20260731T072700Z-closest-wave2-opencitations;20260731T072800Z-closest-wave2-semanticscholar,Optimal stateless model checking for reads-from equivalence under sequential consistency,2019,2019-10-10,10.1145/3360576,,Proc. ACM Program. Lang.,opencitations;semanticscholar,10.1145/3360576;a4aafb65ad4221f89ec65df1aefef681437e26e0,CS068,S173,CS068,,included,no,formal_verification,2,title-screen,,,,Keyword score is prioritization only; it is not an eligibility or exclusion decision.
CG0215,doi:10.1145/3360599,20260731T072700Z-closest-wave2-opencitations;20260731T072800Z-closest-wave2-semanticscholar,Effective lock handling in stateless model checking,2019,2019-10-10,10.1145/3360599,,Proc. ACM Program. Lang.,opencitations;semanticscholar,10.1145/3360599;6fdbb7dec501053e36ba7a6a99e4c698bc898e61,CS068,S173,CS068,,included,no,formal_verification,2,title-screen,,,,Keyword score is prioritization only; it is not an eligibility or exclusion decision.
CG0228,doi:10.1145/3527324,20260731T072800Z-closest-wave2-semanticscholar,C4: verified transactional objects,2022,2022-04-29,10.1145/3527324,,Proc. ACM Program. Lang.,semanticscholar,41819df863e81a6f07bed8f82572cd917d91bf98,CS067,S172,,CS067,included,no,formal_verification,2,title-screen,,,,Keyword score is prioritization only; it is not an eligibility or exclusion decision.
CG0236,doi:10.1145/3632924,20260731T072700Z-closest-wave2-opencitations;20260731T072800Z-closest-wave2-semanticscholar,"A Universal, Sound, and Complete Forward Reasoning Technique for Machine-Verified Proofs of Linearizability",2024,2024-01-05,10.1145/3632924,,Proc. ACM Program. Lang.,opencitations;semanticscholar,10.1145/3632924;725b86e3a75efcfa692c043a1e4965deeed7255f,CS065,S170,,CS065,included,no,formal_verification,2,title-screen,,,,Keyword score is prioritization only; it is not an eligibility or exclusion decision.
CG0242,doi:10.1145/3704911,20260731T072700Z-closest-wave2-opencitations;20260731T072800Z-closest-wave2-semanticscholar,Model Checking C/C++ with Mixed-Size Accesses,2025,2025-01-07,10.1145/3704911,,Proc. ACM Program. Lang.,opencitations;semanticscholar,10.1145/3704911;218fd6425c0eb7f23461b7fe8f51598981ac9ea0,CS068,S173,,CS068,included,no,formal_verification,2,title-screen,,,,Keyword score is prioritization only; it is not an eligibility or exclusion decision.
CG0253,doi:10.14569/ijacsa.2025.0160982,20260731T072800Z-closest-wave2-semanticscholar,"Scalable Formal Verification of Modular Concurrent Systems: A Survey of Techniques, Tools and Challenges",2025,,10.14569/ijacsa.2025.0160982,,International Journal of Advanced Computer Science and Applications,semanticscholar,153ca0101f33c004e7620911ae37334f4cf3d5a2,CS068,S173,,CS068,included,no,formal_verification,2,title-screen,,,,Keyword score is prioritization only; it is not an eligibility or exclusion decision.
CG0258,doi:10.25560/40922,20260731T072800Z-closest-wave2-semanticscholar,An executable formal semantics of PHP with applications to program analysis,2015,2015-07-01,10.25560/40922,,,semanticscholar,98007b81a1665c588f400d0ed8149a3b204ddb00,CS067,S172,,CS067,included,no,formal_verification,2,title-screen,,,,Keyword score is prioritization only; it is not an eligibility or exclusion decision.
CG0260,doi:10.3390/sym2020799,20260731T072700Z-closest-wave2-opencitations;20260731T072800Z-closest-wave2-semanticscholar,Replication and Abstraction: Symmetry in Automated Formal Verification,2010,2010-06-30,10.3390/sym2020799,,Symmetry,opencitations;semanticscholar,10.3390/sym2020799;46bcc4d6c54fe2f88a687b401b106dde9208dea3,CS068,S173,CS068,,included,no,formal_verification,2,title-screen,,,,Keyword score is prioritization only; it is not an eligibility or exclusion decision.
CG0268,doi:10.4230/lipics.disc.2022.5,20260731T072700Z-closest-wave2-opencitations;20260731T072800Z-closest-wave2-semanticscholar,Polynomial-Time Verification and Testing of Implementations of the Snapshot Data Structure,2022,2022,10.4230/lipics.disc.2022.5,,International Symposium on Distributed Computing,opencitations;semanticscholar,10.4230/lipics.disc.2022.5;e83bf91a9ffcb799fdff5982ef2bc6497dd7f557,CS065,S170,,CS065,included,no,formal_verification,2,title-screen,,,,Keyword score is prioritization only; it is not an eligibility or exclusion decision.
CG0276,s2:01fafe33a34b0ba9915c9d8a13927bc9b57309df,20260731T072800Z-closest-wave2-semanticscholar,Compositional Verification of Relaxed-Memory Program Transformations,2017,,,,,semanticscholar,01fafe33a34b0ba9915c9d8a13927bc9b57309df,CS067,S172,,CS067,included,no,formal_verification,2,title-screen,,,,Keyword score is prioritization only; it is not an eligibility or exclusion decision.
CG0291,s2:88c81e459ef01343faea65fce4b143f454b3b978,20260731T072800Z-closest-wave2-semanticscholar,Live Proof-by-Induction,2022,,,,,semanticscholar,88c81e459ef01343faea65fce4b143f454b3b978,CS066,S171,,CS066,included,no,formal_verification,2,title-screen,,,,Keyword score is prioritization only; it is not an eligibility or exclusion decision.
CG0299,s2:cae12f830557da2051a1f4deb8fee0099378f2b8,20260731T072800Z-closest-wave2-semanticscholar,Software Model Checking in the Multicore Era CENIIT Project Final Report,2018,,,,,semanticscholar,cae12f830557da2051a1f4deb8fee0099378f2b8,CS065,S170,,CS065,included,no,formal_verification,2,title-screen,,,,Keyword score is prioritization only; it is not an eligibility or exclusion decision.
CG0001,arxiv:1502.07118,20260731T072800Z-closest-wave2-semanticscholar,Local Linearizability,2015,2015-02-25,,1502.07118,arXiv.org,semanticscholar,36ad67a73a8083fb804dd08cfa6b72b914e51d2c,CS067,S172,,CS067,included,no,,0,title-screen,,,,Keyword score is prioritization only; it is not an eligibility or exclusion decision.
CG0003,arxiv:1705.06158,20260731T072800Z-closest-wave2-semanticscholar,An Operational Framework for Specifying Memory Models using Instantaneous Instruction Execution,2017,2017-05-16,,1705.06158,arXiv.org,semanticscholar,7bbcc18f1dc9d928ef7cfc279a7c4c4a55ef1bd8,CS067,S172,,CS067,included,no,,0,title-screen,,,,Keyword score is prioritization only; it is not an eligibility or exclusion decision.
CG0004,arxiv:1802.01866,20260731T072800Z-closest-wave2-semanticscholar,Causal Linearizability: Compositionality for Partially Ordered Executions,2018,2018-02-06,,1802.01866,arXiv.org,semanticscholar,9b8dbd0bac1a062577a83756acbf0f44b548e889,CS067,S172,,CS067,included,no,,0,title-screen,,,,Keyword score is prioritization only; it is not an eligibility or exclusion decision.
CG0006,arxiv:2204.03189,20260731T072800Z-closest-wave2-semanticscholar,Separation of concerning things: a simpler basis for defining and programming with the C/C++ memory model (extended version),2022,2022-04-07,10.48550/arxiv.2204.03189,2204.03189,IEEE International Conference on Formal Engineering Methods,semanticscholar,0194bf5c9c829fc5ab51670c4050db4d91f4e3c5,CS067,S172,,CS067,included,no,,0,title-screen,,,,Keyword score is prioritization only; it is not an eligibility or exclusion decision.
CG0008,arxiv:2601.11646,20260731T072800Z-closest-wave2-semanticscholar,A Forward Simulation-Based Hierarchy of Linearizable Concurrent Objects,2026,2026-01-15,10.48550/arxiv.2601.11646,2601.11646,arXiv.org,semanticscholar,d986bbaee565f6a9dd12ffec00633145632f1764,CS065,S170,,CS065,included,no,,0,title-screen,,,,Keyword score is prioritization only; it is not an eligibility or exclusion decision.
CG0009,arxiv:2604.03897,20260731T072800Z-closest-wave2-semanticscholar,Latency-Aware Resource Allocation over Heterogeneous Networks: A Lorentz-Invariant Market Mechanism,2026,2026-04-04,10.48550/arxiv.2604.03897,2604.03897,arXiv.org,semanticscholar,92e833ebfe6062c0b73b6925181505fd72c97a25,CS068,S173,,CS068,included,no,,0,title-screen,,,,Keyword score is prioritization only; it is not an eligibility or exclusion decision.
CG0012,doi:10.1007/11609773_14,20260731T072700Z-closest-wave2-opencitations,,,,10.1007/11609773_14,,,opencitations,10.1007/11609773_14,CS065,S170,CS065,,unknown-date,no,,0,manual-date-check,,,,Keyword score is prioritization only; it is not an eligibility or exclusion decision.
CG0013,doi:10.1007/11817963_44,20260731T072700Z-closest-wave2-opencitations,,,,10.1007/11817963_44,,,opencitations,10.1007/11817963_44,CS065,S170,CS065,,unknown-date,no,,0,manual-date-check,,,,Keyword score is prioritization only; it is not an eligibility or exclusion decision.
CG0014,doi:10.1007/11817963_46,20260731T072700Z-closest-wave2-opencitations,,,,10.1007/11817963_46,,,opencitations,10.1007/11817963_46,CS064,S169,CS064,,unknown-date,no,,0,manual-date-check,,,,Keyword score is prioritization only; it is not an eligibility or exclusion decision.
CG0015,doi:10.1007/3-540-36108-1_18,20260731T072700Z-closest-wave2-opencitations,,,,10.1007/3-540-36108-1_18,,,opencitations,10.1007/3-540-36108-1_18,CS068,S173,CS068,,unknown-date,no,,0,manual-date-check,,,,Keyword score is prioritization only; it is not an eligibility or exclusion decision.
CG0016,doi:10.1007/3-540-52148-8_17,20260731T072700Z-closest-wave2-opencitations,,,,10.1007/3-540-52148-8_17,,,opencitations,10.1007/3-540-52148-8_17,CS065,S170,CS065,,unknown-date,no,,0,manual-date-check,,,,Keyword score is prioritization only; it is not an eligibility or exclusion decision.
CG0017,doi:10.1007/978-3-030-20652-9_18,20260731T072800Z-closest-wave2-semanticscholar,Data Independence for Software Transactional Memory,2019,2019-05-07,10.1007/978-3-030-20652-9_18,,NASA Formal Methods,semanticscholar,91551e883d4ea9dc0c243cdfb91ebe110d0f2db3,CS065,S170,,CS065,included,no,,0,title-screen,,,,Keyword score is prioritization only; it is not an eligibility or exclusion decision.
CG0018,doi:10.1007/978-3-030-25540-4_19,20260731T072700Z-closest-wave2-opencitations,,,,10.1007/978-3-030-25540-4_19,,,opencitations,10.1007/978-3-030-25540-4_19,CS068,S173,CS068,,unknown-date,no,,0,manual-date-check,,,,Keyword score is prioritization only; it is not an eligibility or exclusion decision.
CG0019,doi:10.1007/978-3-030-29400-7_24,20260731T072700Z-closest-wave2-opencitations;20260731T072800Z-closest-wave2-semanticscholar,TWA - Ticket Locks Augmented with a Waiting Array,2018,2018-10-03,10.1007/978-3-030-29400-7_24,1810.01573,European Conference on Parallel Processing,opencitations;semanticscholar,10.1007/978-3-030-29400-7_24;9044c0b547295184ea81289c75c8082000b9ba62,CS068,S173,CS068,,included,no,,0,title-screen,,,,Keyword score is prioritization only; it is not an eligibility or exclusion decision.
CG0020,doi:10.1007/978-3-030-30942-8_12,20260731T072700Z-closest-wave2-opencitations,,2019,2019,10.1007/978-3-030-30942-8_12,,,opencitations,10.1007/978-3-030-30942-8_12,CS067,S172,,CS067,included,no,,0,missing-title-manual-check,,,,Keyword score is prioritization only; it is not an eligibility or exclusion decision.
CG0021,doi:10.1007/978-3-030-31277-0_1,20260731T072800Z-closest-wave2-semanticscholar,Dynamic Partial Order Reduction Under the Release-Acquire Semantics (Tutorial),2019,2019-06-19,10.1007/978-3-030-31277-0_1,,International Conference on Networked Systems,semanticscholar,e4eb76b8e12408879b066d9e31852adba041aa10,CS065,S170,,CS065,included,no,,0,title-screen,,,,Keyword score is prioritization only; it is not an eligibility or exclusion decision.
CG0022,doi:10.1007/978-3-030-44914-8_11,20260731T072700Z-closest-wave2-opencitations;20260731T072800Z-closest-wave2-semanticscholar,Verifying Visibility-Based Weak Consistency,2020,2019-11-04,10.1007/978-3-030-44914-8_11,1911.01508,European Symposium on Programming,opencitations;semanticscholar,10.1007/978-3-030-44914-8_11;66f8168db46b938b5c59e6045b7efb19580f7987,CS065,S170,,CS065,included,no,,0,title-screen,,,,Keyword score is prioritization only; it is not an eligibility or exclusion decision.
CG0024,doi:10.1007/978-3-030-99336-8_10,20260731T072700Z-closest-wave2-opencitations;20260731T072800Z-closest-wave2-semanticscholar,Abstraction for Crash-Resilient Objects (Extended Version),2022,2021-11-06,10.1007/978-3-030-99336-8_10,2111.03881,European Symposium on Programming,opencitations;semanticscholar,10.1007/978-3-030-99336-8_10;5942e4d497fa85cd62870b2a87b1ef176781c849,CS065;CS067,S170;S172,,CS065;CS067,included,no,,0,title-screen,,,,Keyword score is prioritization only; it is not an eligibility or exclusion decision.
CG0025,doi:10.1007/978-3-031-37706-8_12,20260731T072700Z-closest-wave2-opencitations;20260731T072800Z-closest-wave2-semanticscholar,Unblocking Dynamic Partial Order Reduction,2023,,10.1007/978-3-031-37706-8_12,,International Conference on Computer Aided Verification,opencitations;semanticscholar,10.1007/978-3-031-37706-8_12;19ca1d0f9f9b0546914a9be4766f57388cc80f07,CS068,S173,CS068,,included,no,,0,title-screen,,,,Keyword score is prioritization only; it is not an eligibility or exclusion decision.
CG0026,doi:10.1007/978-3-031-78750-8_5,20260731T072700Z-closest-wave2-opencitations;20260731T072800Z-closest-wave2-semanticscholar,Formalisation of a New Weak Semantics for AuDaLa,2025,2025,10.1007/978-3-031-78750-8_5,,Automated Technology for Verification and Analysis,opencitations;semanticscholar,10.1007/978-3-031-78750-8_5;1c32c3264f9fa327d70e7f464350e84698596e2b,CS067,S172,,CS067,included,no,,0,title-screen,,,,Keyword score is prioritization only; it is not an eligibility or exclusion decision.
CG0029,doi:10.1007/978-3-319-21668-3_1,20260731T072800Z-closest-wave2-semanticscholar,Poling: SMT Aided Linearizability Proofs,2015,2015-07-18,10.1007/978-3-319-21668-3_1,,International Conference on Computer Aided Verification,semanticscholar,9e2979a681fd9ddc4b270566f7abc6c25c43dcf8,CS065,S170,,CS065,included,no,,0,title-screen,,,,Keyword score is prioritization only; it is not an eligibility or exclusion decision.
CG0030,doi:10.1007/978-3-319-29613-5_10,20260731T072700Z-closest-wave2-opencitations;20260731T072800Z-closest-wave2-semanticscholar,Moving Around: Lipton's Reduction for TSO - (Regular Submission),2016,2015-07-18,10.1007/978-3-319-29613-5_10,,"Verified Software: Theories, Tools, Experiments",opencitations;semanticscholar,10.1007/978-3-319-29613-5_10;482fc50af1f5c683c03236dfc7a81e658f6dd613,CS067,S172,,CS067,included,no,,0,title-screen,,,,Keyword score is prioritization only; it is not an eligibility or exclusion decision.
CG0033,doi:10.1007/978-3-319-51963-0_15,20260731T072800Z-closest-wave2-semanticscholar,Decomposable Relaxation for Concurrent Data Structures,2017,2017-01-16,10.1007/978-3-319-51963-0_15,,Conference on Current Trends in Theory and Practice of Informatics,semanticscholar,18d253f68bec016201318e228ce44e92b3372a78,CS065,S170,,CS065,included,no,,0,title-screen,,,,Keyword score is prioritization only; it is not an eligibility or exclusion decision.
CG0034,doi:10.1007/978-3-319-63390-9_28,20260731T072800Z-closest-wave2-semanticscholar,Proving Linearizability Using Forward Simulations,2017,2017-02-09,10.1007/978-3-319-63390-9_28,1702.02705,International Conference on Computer Aided Verification,semanticscholar,3324a211eceac4cef21527433f57c2efe1d0c0d9,CS065,S170,,CS065,included,no,,0,title-screen,,,,Keyword score is prioritization only; it is not an eligibility or exclusion decision.
CG0035,doi:10.1007/978-3-319-66706-5,20260731T072800Z-closest-wave2-semanticscholar,Static Analysis,2017,,10.1007/978-3-319-66706-5,,Lecture Notes in Computer Science,semanticscholar,ca444ffeed8e2c492a0eadc5b34dbd561ca4df61,CS065,S170,,CS065,included,no,,0,title-screen,,,,Keyword score is prioritization only; it is not an eligibility or exclusion decision.
CG0036,doi:10.1007/978-3-319-66706-5_9,20260731T072800Z-closest-wave2-semanticscholar,Effect Summaries for Thread-Modular Analysis,2017,2017-05-10,10.1007/978-3-319-66706-5_9,1705.03701,Sensors Applications Symposium,semanticscholar,480e7a7b1f43fff2fc4cf66f8a79e76f80a6fdf6,CS065,S170,,CS065,included,no,,0,title-screen,,,,Keyword score is prioritization only; it is not an eligibility or exclusion decision.
CG0038,doi:10.1007/978-3-319-73721-8_10,20260731T072800Z-closest-wave2-semanticscholar,From Shapes to Amortized Complexity,2018,2018-01-07,10.1007/978-3-319-73721-8_10,,"International Conference on Verification, Model Checking and Abstract Interpretation",semanticscholar,1ab6f2601705fd55167b0a3c0d5b316a8f3481fc,CS065,S170,,CS065,included,no,,0,title-screen,,,,Keyword score is prioritization only; it is not an eligibility or exclusion decision.
CG0039,doi:10.1007/978-3-319-73721-8_9,20260731T072800Z-closest-wave2-semanticscholar,On abstraction and compositionality for weak-memory linearisability,2018,2018-01-07,10.1007/978-3-319-73721-8_9,,"International Conference on Verification, Model Checking and Abstract Interpretation",semanticscholar,1d366a0f5938161401df732f421025ee3ae20faa,CS067,S172,,CS067,included,no,,0,title-screen,,,,Keyword score is prioritization only; it is not an eligibility or exclusion decision.
CG0040,doi:10.1007/978-3-319-89884-1_16,20260731T072800Z-closest-wave2-semanticscholar,Fragment Abstraction for Concurrent Shape Analysis,2018,2018-04-16,10.1007/978-3-319-89884-1_16,,European Symposium on Programming,semanticscholar,f0db09e922cc3973a2f95bd67f8adff9bea2a54a,CS065,S170,,CS065,included,no,,0,title-screen,,,,Keyword score is prioritization only; it is not an eligibility or exclusion decision.
CG0042,doi:10.1007/978-3-319-89963-3_14,20260731T072700Z-closest-wave2-opencitations;20260731T072800Z-closest-wave2-semanticscholar,Optimal Dynamic Partial Order Reduction with Observers,2018,2018-04-14,10.1007/978-3-319-89963-3_14,,International Conference on Tools and Algorithms for Construction and Analysis of Systems,opencitations;semanticscholar,10.1007/978-3-319-89963-3_14;7648848e5ec41fbfd4614634a810c583692ed3ba,CS068,S173,CS068,,included,no,,0,title-screen,,,,Keyword score is prioritization only; it is not an eligibility or exclusion decision.
CG0043,doi:10.1007/978-3-319-95582-7_30,20260731T072700Z-closest-wave2-opencitations;20260731T072800Z-closest-wave2-semanticscholar,View Abstraction for Systems with Component Identities,2018,2018-07-15,10.1007/978-3-319-95582-7_30,,World Congress on Formal Methods,opencitations;semanticscholar,0786a60488501b30efdb846b50d89f0b15a14049;10.1007/978-3-319-95582-7_30,CS065,S170,,CS065,included,no,,0,title-screen,,,,Keyword score is prioritization only; it is not an eligibility or exclusion decision.
CG0044,doi:10.1007/978-3-319-96142-2_22,20260731T072700Z-closest-wave2-opencitations,,,,10.1007/978-3-319-96142-2_22,,,opencitations,10.1007/978-3-319-96142-2_22,CS068,S173,CS068,,unknown-date,no,,0,manual-date-check,,,,Keyword score is prioritization only; it is not an eligibility or exclusion decision.
CG0045,doi:10.1007/978-3-319-96142-2_24,20260731T072700Z-closest-wave2-opencitations;20260731T072800Z-closest-wave2-semanticscholar,Constrained Dynamic Partial Order Reduction,2018,2018-07-14,10.1007/978-3-319-96142-2_24,,International Conference on Computer Aided Verification,opencitations;semanticscholar,10.1007/978-3-319-96142-2_24;b08b29aba4e76a28ef91fdd19194fccd2786d07b,CS068,S173,CS068,,included,no,,0,title-screen,,,,Keyword score is prioritization only; it is not an eligibility or exclusion decision.
CG0046,doi:10.1007/978-3-319-96145-3_26,20260731T072800Z-closest-wave2-semanticscholar,Monitoring Weak Consistency,2018,2018-07-14,10.1007/978-3-319-96145-3_26,,International Conference on Computer Aided Verification,semanticscholar,01fca059157519f0b760e630097d61f28c8a1dca,CS065,S170,,CS065,included,no,,0,title-screen,,,,Keyword score is prioritization only; it is not an eligibility or exclusion decision.
CG0047,doi:10.1007/978-3-319-98047-8_18,20260731T072800Z-closest-wave2-semanticscholar,Reasoning About Weak Semantics via Strong Semantics,2018,,10.1007/978-3-319-98047-8_18,,Principled Software Development,semanticscholar,3f464e732b32eae9248c90bde628e57de565b16a,CS065,S170,,CS065,included,no,,0,title-screen,,,,Keyword score is prioritization only; it is not an eligibility or exclusion decision.
CG0048,doi:10.1007/978-3-319-98938-9_7,20260731T072800Z-closest-wave2-semanticscholar,Making Linearizability Compositional for Partially Ordered Executions,2018,2018-09-05,10.1007/978-3-319-98938-9_7,,International Conference on Integrated Formal Methods,semanticscholar,5f0f20e6311d5c50b92d34b26ff46df6fb6d86fd,CS067,S172,,CS067,included,no,,0,title-screen,,,,Keyword score is prioritization only; it is not an eligibility or exclusion decision.
CG0049,doi:10.1007/978-3-540-24730-2_15,20260731T072700Z-closest-wave2-opencitations;20260731T072800Z-closest-wave2-semanticscholar,A Tool for Checking ANSI-C Programs,2004,2004-03-29,10.1007/978-3-540-24730-2_15,,International Conference on Tools and Algorithms for Construction and Analysis of Systems,opencitations;semanticscholar,10.1007/978-3-540-24730-2_15;5f5335a25d2b4ef0fb099ae917ff98d8afea97e3,CS068,S173,CS068,,included,no,,0,title-screen,,,,Keyword score is prioritization only; it is not an eligibility or exclusion decision.
CG0050,doi:10.1007/978-3-540-27813-9_31,20260731T072700Z-closest-wave2-opencitations,,,,10.1007/978-3-540-27813-9_31,,,opencitations,10.1007/978-3-540-27813-9_31,CS064,S169,CS064,,unknown-date,no,,0,manual-date-check,,,,Keyword score is prioritization only; it is not an eligibility or exclusion decision.
CG0052,doi:10.1007/978-3-540-31980-1_25,20260731T072700Z-closest-wave2-opencitations;20260731T072800Z-closest-wave2-semanticscholar,Dynamic Symmetry Reduction,2005,2005-04-04,10.1007/978-3-540-31980-1_25,,International Conference on Tools and Algorithms for Construction and Analysis of Systems,opencitations;semanticscholar,10.1007/978-3-540-31980-1_25;6103910012ede95d9ae0275fdc80d98ab4738bf1,CS068,S173,CS068,,included,no,,0,title-screen,,,,Keyword score is prioritization only; it is not an eligibility or exclusion decision.
CG0053,doi:10.1007/978-3-540-70545-1_12,20260731T072700Z-closest-wave2-opencitations,,,,10.1007/978-3-540-70545-1_12,,,opencitations,10.1007/978-3-540-70545-1_12,CS064,S169,CS064,,unknown-date,no,,0,manual-date-check,,,,Keyword score is prioritization only; it is not an eligibility or exclusion decision.
CG0054,doi:10.1007/978-3-540-70545-1_37,20260731T072700Z-closest-wave2-opencitations,,,,10.1007/978-3-540-70545-1_37,,,opencitations,10.1007/978-3-540-70545-1_37,CS065,S170,CS065,,unknown-date,no,,0,manual-date-check,,,,Keyword score is prioritization only; it is not an eligibility or exclusion decision.
CG0055,doi:10.1007/978-3-540-73368-3_49,20260731T072700Z-closest-wave2-opencitations,,,,10.1007/978-3-540-73368-3_49,,,opencitations,10.1007/978-3-540-73368-3_49,CS065,S170,CS065,,unknown-date,no,,0,manual-date-check,,,,Keyword score is prioritization only; it is not an eligibility or exclusion decision.
CG0056,doi:10.1007/978-3-540-93900-9_27,20260731T072700Z-closest-wave2-opencitations,,,,10.1007/978-3-540-93900-9_27,,,opencitations,10.1007/978-3-540-93900-9_27,CS065,S170,CS065,,unknown-date,no,,0,manual-date-check,,,,Keyword score is prioritization only; it is not an eligibility or exclusion decision.
CG0057,doi:10.1007/978-3-642-00590-9_19,20260731T072700Z-closest-wave2-opencitations,,,,10.1007/978-3-642-00590-9_19,,,opencitations,10.1007/978-3-642-00590-9_19,CS067,S172,CS067,,unknown-date,no,,0,manual-date-check,,,,Keyword score is prioritization only; it is not an eligibility or exclusion decision.
CG0058,doi:10.1007/978-3-642-00768-2_30,20260731T072700Z-closest-wave2-opencitations,,,,10.1007/978-3-642-00768-2_30,,,opencitations,10.1007/978-3-642-00768-2_30,CS065,S170,CS065,,unknown-date,no,,0,manual-date-check,,,,Keyword score is prioritization only; it is not an eligibility or exclusion decision.
CG0059,doi:10.1007/978-3-642-02652-2_21,20260731T072700Z-closest-wave2-opencitations,,,,10.1007/978-3-642-02652-2_21,,,opencitations,10.1007/978-3-642-02652-2_21,CS065,S170,CS065,,unknown-date,no,,0,manual-date-check,,,,Keyword score is prioritization only; it is not an eligibility or exclusion decision.
CG0060,doi:10.1007/978-3-642-03359-9_27,20260731T072700Z-closest-wave2-opencitations,,,,10.1007/978-3-642-03359-9_27,,,opencitations,10.1007/978-3-642-03359-9_27,CS067,S172,CS067,,unknown-date,no,,0,manual-date-check,,,,Keyword score is prioritization only; it is not an eligibility or exclusion decision.
CG0061,doi:10.1007/978-3-642-10672-9_5,20260731T072700Z-closest-wave2-opencitations,,,,10.1007/978-3-642-10672-9_5,,,opencitations,10.1007/978-3-642-10672-9_5,CS065,S170,CS065,,unknown-date,no,,0,manual-date-check,,,,Keyword score is prioritization only; it is not an eligibility or exclusion decision.
CG0062,doi:10.1007/978-3-642-11319-2_25,20260731T072700Z-closest-wave2-opencitations,,,,10.1007/978-3-642-11319-2_25,,,opencitations,10.1007/978-3-642-11319-2_25,CS065,S170,CS065,,unknown-date,no,,0,manual-date-check,,,,Keyword score is prioritization only; it is not an eligibility or exclusion decision.
CG0063,doi:10.1007/978-3-642-12002-2_25,20260731T072700Z-closest-wave2-opencitations,,,,10.1007/978-3-642-12002-2_25,,,opencitations,10.1007/978-3-642-12002-2_25,CS065,S170,CS065,,unknown-date,no,,0,manual-date-check,,,,Keyword score is prioritization only; it is not an eligibility or exclusion decision.
CG0064,doi:10.1007/978-3-642-14107-2_23,20260731T072700Z-closest-wave2-opencitations,,,,10.1007/978-3-642-14107-2_23,,,opencitations,10.1007/978-3-642-14107-2_23,CS064,S169,CS064,,unknown-date,no,,0,manual-date-check,,,,Keyword score is prioritization only; it is not an eligibility or exclusion decision.
CG0065,doi:10.1007/978-3-642-14295-6_40,20260731T072700Z-closest-wave2-opencitations,,,,10.1007/978-3-642-14295-6_40,,,opencitations,10.1007/978-3-642-14295-6_40,CS065,S170,CS065,,unknown-date,no,,0,manual-date-check,,,,Keyword score is prioritization only; it is not an eligibility or exclusion decision.
CG0066,doi:10.1007/978-3-642-14295-6_41,20260731T072700Z-closest-wave2-opencitations,,,,10.1007/978-3-642-14295-6_41,,,opencitations,10.1007/978-3-642-14295-6_41,CS065,S170,CS065,,unknown-date,no,,0,manual-date-check,,,,Keyword score is prioritization only; it is not an eligibility or exclusion decision.
CG0067,doi:10.1007/978-3-642-19835-9_3,20260731T072700Z-closest-wave2-opencitations,,,,10.1007/978-3-642-19835-9_3,,,opencitations,10.1007/978-3-642-19835-9_3,CS064,S169,CS064,,unknown-date,no,,0,manual-date-check,,,,Keyword score is prioritization only; it is not an eligibility or exclusion decision.
CG0068,doi:10.1007/978-3-642-28869-2_4,20260731T072700Z-closest-wave2-opencitations,,,,10.1007/978-3-642-28869-2_4,,,opencitations,10.1007/978-3-642-28869-2_4,CS067,S172,CS067,,unknown-date,no,,0,manual-date-check,,,,Keyword score is prioritization only; it is not an eligibility or exclusion decision.
CG0069,doi:10.1007/978-3-642-28869-2_5,20260731T072700Z-closest-wave2-opencitations,,,,10.1007/978-3-642-28869-2_5,,,opencitations,10.1007/978-3-642-28869-2_5,CS067,S172,CS067,,unknown-date,no,,0,manual-date-check,,,,Keyword score is prioritization only; it is not an eligibility or exclusion decision.
CG0070,doi:10.1007/978-3-642-32940-1_19,20260731T072700Z-closest-wave2-opencitations,,,,10.1007/978-3-642-32940-1_19,,,opencitations,10.1007/978-3-642-32940-1_19,CS067,S172,CS067,,unknown-date,no,,0,manual-date-check,,,,Keyword score is prioritization only; it is not an eligibility or exclusion decision.
CG0071,doi:10.1007/978-3-642-35873-9_28,20260731T072700Z-closest-wave2-opencitations,,,,10.1007/978-3-642-35873-9_28,,,opencitations,10.1007/978-3-642-35873-9_28,CS065,S170,CS065,,unknown-date,no,,0,manual-date-check,,,,Keyword score is prioritization only; it is not an eligibility or exclusion decision.
CG0072,doi:10.1007/978-3-642-36742-7_23,20260731T072700Z-closest-wave2-opencitations,,,,10.1007/978-3-642-36742-7_23,,,opencitations,10.1007/978-3-642-36742-7_23,CS065,S170,CS065,,unknown-date,no,,0,manual-date-check,,,,Keyword score is prioritization only; it is not an eligibility or exclusion decision.
CG0074,doi:10.1007/978-3-662-43951-7_19,20260731T072700Z-closest-wave2-opencitations;20260731T072800Z-closest-wave2-semanticscholar,Between Linearizability and Quiescent Consistency - Quantitative Quiescent Consistency,2014,2014-02-17,10.1007/978-3-662-43951-7_19,1402.4043,"International Colloquium on Automata, Languages and Programming",opencitations;semanticscholar,10.1007/978-3-662-43951-7_19;aa3a3bb377f170002483cf1b9849d19594b0bbf5,CS067,S172,,CS067,included,no,,0,title-screen,,,,Keyword score is prioritization only; it is not an eligibility or exclusion decision.
CG0075,doi:10.1007/978-3-662-46669-8,20260731T072800Z-closest-wave2-semanticscholar,Programming Languages and Systems,2015,,10.1007/978-3-662-46669-8,,Lecture Notes in Computer Science,semanticscholar,010f68b69e44b199759930751e678d84c81c6299,CS067,S172,,CS067,included,no,,0,title-screen,,,,Keyword score is prioritization only; it is not an eligibility or exclusion decision.
CG0076,doi:10.1007/978-3-662-46669-8_12,20260731T072700Z-closest-wave2-opencitations;20260731T072800Z-closest-wave2-semanticscholar,The Problem of Programming Language Concurrency Semantics,2015,2015-04-11,10.1007/978-3-662-46669-8_12,,European Symposium on Programming,opencitations;semanticscholar,0b50519cab2810d91f90860f4daab7928d0d68da;10.1007/978-3-662-46669-8_12,CS067,S172,,CS067,included,no,,0,title-screen,,,,Keyword score is prioritization only; it is not an eligibility or exclusion decision.
CG0077,doi:10.1007/978-3-662-46669-8_24,20260731T072700Z-closest-wave2-opencitations;20260731T072800Z-closest-wave2-semanticscholar,Composite Replicated Data Types,2015,2015-04-11,10.1007/978-3-662-46669-8_24,,European Symposium on Programming,opencitations;semanticscholar,10.1007/978-3-662-46669-8_24;eeee315a2dbdf08424e5f8eafae5d73930e5f03c,CS067,S172,,CS067,included,no,,0,title-screen,,,,Keyword score is prioritization only; it is not an eligibility or exclusion decision.
CG0078,doi:10.1007/978-3-662-46681-0_28,20260731T072700Z-closest-wave2-opencitations,,,,10.1007/978-3-662-46681-0_28,,,opencitations,10.1007/978-3-662-46681-0_28,CS068,S173,CS068,,unknown-date,no,,0,manual-date-check,,,,Keyword score is prioritization only; it is not an eligibility or exclusion decision.
CG0079,doi:10.1007/978-3-662-47666-6_8,20260731T072800Z-closest-wave2-semanticscholar,On Reducing Linearizability to State Reachability,2015,2015-02-24,10.1007/978-3-662-47666-6_8,1502.06882,"International Colloquium on Automata, Languages and Programming",semanticscholar,426f4343fe8bab6df7582742e856f9015c2acb9e,CS065,S170,,CS065,included,no,,0,title-screen,,,,Keyword score is prioritization only; it is not an eligibility or exclusion decision.
CG0080,doi:10.1007/978-3-662-49122-5_19,20260731T072800Z-closest-wave2-semanticscholar,Pointer Race Freedom,2015,2015-10-31,10.1007/978-3-662-49122-5_19,1511.00184,"International Conference on Verification, Model Checking and Abstract Interpretation",semanticscholar,bfb8338061eb1936dfff1c19973c5d04c0511e5e,CS065,S170,,CS065,included,no,,0,title-screen,,,,Keyword score is prioritization only; it is not an eligibility or exclusion decision.
CG0081,doi:10.1007/978-3-662-49192-8_33,20260731T072800Z-closest-wave2-semanticscholar,Bounded TSO-to-SC Linearizability Is Decidable,2016,2016-01-23,10.1007/978-3-662-49192-8_33,,Conference on Current Trends in Theory and Practice of Informatics,semanticscholar,63a48cb4a6cbb895b2290a973d4a483a4dbd9a71,CS067,S172,,CS067,included,no,,0,title-screen,,,,Keyword score is prioritization only; it is not an eligibility or exclusion decision.
CG0083,doi:10.1007/978-3-662-54434-1_17,20260731T072800Z-closest-wave2-semanticscholar,Tackling Real-Life Relaxed Concurrency with FSL++,2017,2017-04-25,10.1007/978-3-662-54434-1_17,,European Symposium on Programming,semanticscholar,57af923f720b261e7c88a86267997033759457d7,CS067,S172,,CS067,included,no,,0,title-screen,,,,Keyword score is prioritization only; it is not an eligibility or exclusion decision.
CG0085,doi:10.1007/s00165-009-0125-8,20260731T072700Z-closest-wave2-opencitations,,,,10.1007/s00165-009-0125-8,,,opencitations,10.1007/s00165-009-0125-8,CS067,S172,CS067,,unknown-date,no,,0,manual-date-check,,,,Keyword score is prioritization only; it is not an eligibility or exclusion decision.
CG0086,doi:10.1007/s00165-021-00541-8,20260731T072800Z-closest-wave2-semanticscholar,Verifying correctness of persistent concurrent data structures: a sound and complete method,2019,2019-10-07,10.1007/s00165-021-00541-8,,Formal Aspects of Computing,semanticscholar,a3835ab9aede2784df6d6e03a4d44bc64b5d6089,CS065;CS067,S170;S172,,CS065;CS067,included,no,,0,title-screen,,,,Keyword score is prioritization only; it is not an eligibility or exclusion decision.
CG0089,doi:10.1007/s00236-017-0305-6,20260731T072700Z-closest-wave2-opencitations;20260731T072800Z-closest-wave2-semanticscholar,TSO-to-TSO linearizability is undecidable,2017,2017-10-23,10.1007/s00236-017-0305-6,,Acta Informatica,opencitations;semanticscholar,10.1007/s00236-017-0305-6;6c300bffe3c016670a22efe59930b296915065ef,CS067,S172,,CS067,included,no,,0,title-screen,,,,Keyword score is prioritization only; it is not an eligibility or exclusion decision.
CG0090,doi:10.1007/s10009-011-0197-7,20260731T072700Z-closest-wave2-opencitations,,,,10.1007/s10009-011-0197-7,,,opencitations,10.1007/s10009-011-0197-7,CS065,S170,CS065,,unknown-date,no,,0,manual-date-check,,,,Keyword score is prioritization only; it is not an eligibility or exclusion decision.
CG0091,doi:10.1007/s10009-011-0212-z,20260731T072700Z-closest-wave2-opencitations,,,,10.1007/s10009-011-0212-z,,,opencitations,10.1007/s10009-011-0212-z,CS065,S170,CS065,,unknown-date,no,,0,manual-date-check,,,,Keyword score is prioritization only; it is not an eligibility or exclusion decision.
CG0096,doi:10.1007/s10703-012-0150-8,20260731T072700Z-closest-wave2-opencitations,,,,10.1007/s10703-012-0150-8,,,opencitations,10.1007/s10703-012-0150-8,CS065,S170,CS065,,unknown-date,no,,0,manual-date-check,,,,Keyword score is prioritization only; it is not an eligibility or exclusion decision.
CG0097,doi:10.1007/s10703-020-00350-4,20260731T072800Z-closest-wave2-semanticscholar,Quasi-optimal partial order reduction,2018,2018-02-12,10.1007/s10703-020-00350-4,1802.03950,Formal methods in system design,semanticscholar,40873cad1e73c4ef4ac2a6a0b494df57f30b4883,CS068,S173,CS068,,included,no,,0,title-screen,,,,Keyword score is prioritization only; it is not an eligibility or exclusion decision.
CG0098,doi:10.1007/s10703-021-00370-8,20260731T072800Z-closest-wave2-semanticscholar,Rely-guarantee bound analysis of parameterized concurrent shared-memory programs,2021,2021-04-06,10.1007/s10703-021-00370-8,,Formal methods in system design,semanticscholar,10c2e6b3b17ad819a84a0575ad2964bf5cf20b2e,CS065,S170,,CS065,included,no,,0,title-screen,,,,Keyword score is prioritization only; it is not an eligibility or exclusion decision.
CG0100,doi:10.1016/j.compfluid.2024.106505,20260731T072800Z-closest-wave2-semanticscholar,A heterogeneous hybrid-precision finite volume method for compressible flow on unstructured grids,2025,2025-02-01,10.1016/j.compfluid.2024.106505,,Computers &amp; Fluids,semanticscholar,3fd6038c15007919ca6e9a9527c63e68ad37aba4,CS067,S172,,CS067,included,no,,0,title-screen,,,,Keyword score is prioritization only; it is not an eligibility or exclusion decision.
CG0101,doi:10.1016/j.scico.2007.12.001,20260731T072700Z-closest-wave2-opencitations,,,,10.1016/j.scico.2007.12.001,,,opencitations,10.1016/j.scico.2007.12.001,CS065,S170,CS065,,unknown-date,no,,0,manual-date-check,,,,Keyword score is prioritization only; it is not an eligibility or exclusion decision.
CG0102,doi:10.1016/s1571-0661(05)80006-4,20260731T072700Z-closest-wave2-opencitations,,,,10.1016/s1571-0661(05)80006-4,,,opencitations,10.1016/s1571-0661(05)80006-4,CS065,S170,CS065,,unknown-date,no,,0,manual-date-check,,,,Keyword score is prioritization only; it is not an eligibility or exclusion decision.
CG0103,doi:10.1080/21532974.2012.10784686,20260731T072800Z-closest-wave2-semanticscholar,Facebook,2012,2012-03-01,10.1080/21532974.2012.10784686,,,semanticscholar,1b10a8a53517a2a08b3a27f3b575460739cfab1d,CS068,S173,CS068,,included,no,,0,title-screen,,,,Keyword score is prioritization only; it is not an eligibility or exclusion decision.
CG0104,doi:10.1098/rsta.2015.0406,20260731T072700Z-closest-wave2-opencitations;20260731T072800Z-closest-wave2-semanticscholar,Compositional relaxed concurrency,2017,2017-10-13,10.1098/rsta.2015.0406,,"Philosophical Transactions of the Royal Society A: Mathematical, Physical and Engineering Sciences",opencitations;semanticscholar,10.1098/rsta.2015.0406;387eabb53f0f54519782da06b5181b7cddbbffd6,CS067,S172,,CS067,included,no,,0,title-screen,,,,Keyword score is prioritization only; it is not an eligibility or exclusion decision.
CG0106,doi:10.1109/fmcad.2015.7542261,20260731T072700Z-closest-wave2-opencitations;20260731T072800Z-closest-wave2-semanticscholar,Pattern-based synthesis of synchronization for the C++ memory model,2015,2015-09-27,10.1109/fmcad.2015.7542261,,Formal Methods in Computer-Aided Design,opencitations;semanticscholar,0a20fdd98c5427551e80ecddae73f2995bf0fdc2;10.1109/fmcad.2015.7542261,CS067,S172,,CS067,included,no,,0,title-screen,,,,Keyword score is prioritization only; it is not an eligibility or exclusion decision.
CG0107,doi:10.1109/icse.2009.5070538,20260731T072700Z-closest-wave2-opencitations,,,,10.1109/icse.2009.5070538,,,opencitations,10.1109/icse.2009.5070538,CS065,S170,CS065,,unknown-date,no,,0,manual-date-check,,,,Keyword score is prioritization only; it is not an eligibility or exclusion decision.
CG0108,doi:10.1109/isca.2005.25,20260731T072700Z-closest-wave2-opencitations,,,,10.1109/isca.2005.25,,,opencitations,10.1109/isca.2005.25,CS064,S169,CS064,,unknown-date,no,,0,manual-date-check,,,,Keyword score is prioritization only; it is not an eligibility or exclusion decision.
CG0109,doi:10.1109/issre.2016.31,20260731T072800Z-closest-wave2-semanticscholar,Proving Concurrent Data Structures Linearizable,2016,2016-10-01,10.1109/issre.2016.31,,IEEE International Symposium on Software Reliability Engineering,semanticscholar,8aefc31dd9c4275256645e28b424ae6a80a206eb,CS065,S170,,CS065,included,no,,0,title-screen,,,,Keyword score is prioritization only; it is not an eligibility or exclusion decision.
CG0110,doi:10.1109/micro.2012.41,20260731T072700Z-closest-wave2-opencitations,,,,10.1109/micro.2012.41,,,opencitations,10.1109/micro.2012.41,CS064,S169,CS064,,unknown-date,no,,0,manual-date-check,,,,Keyword score is prioritization only; it is not an eligibility or exclusion decision.
CG0111,doi:10.1109/mm.2003.1261384,20260731T072700Z-closest-wave2-opencitations,,,,10.1109/mm.2003.1261384,,,opencitations,10.1109/mm.2003.1261384,CS064,S169,CS064,,unknown-date,no,,0,manual-date-check,,,,Keyword score is prioritization only; it is not an eligibility or exclusion decision.
CG0112,doi:10.1109/spdp.1992.242728,20260731T072700Z-closest-wave2-opencitations,,,,10.1109/spdp.1992.242728,,,opencitations,10.1109/spdp.1992.242728,CS064,S169,CS064,,unknown-date,no,,0,manual-date-check,,,,Keyword score is prioritization only; it is not an eligibility or exclusion decision.
CG0113,doi:10.1109/tc.1979.1675439,20260731T072700Z-closest-wave2-opencitations,,,,10.1109/tc.1979.1675439,,,opencitations,10.1109/tc.1979.1675439,CS067;CS068,S172;S173,CS067;CS068,,unknown-date,no,,0,manual-date-check,,,,Keyword score is prioritization only; it is not an eligibility or exclusion decision.
CG0114,doi:10.1109/tpds.2005.86,20260731T072700Z-closest-wave2-opencitations,,,,10.1109/tpds.2005.86,,,opencitations,10.1109/tpds.2005.86,CS064,S169,CS064,,unknown-date,no,,0,manual-date-check,,,,Keyword score is prioritization only; it is not an eligibility or exclusion decision.
CG0115,doi:10.1109/tse.2005.47,20260731T072700Z-closest-wave2-opencitations,,,,10.1109/tse.2005.47,,,opencitations,10.1109/tse.2005.47,CS068,S173,CS068,,unknown-date,no,,0,manual-date-check,,,,Keyword score is prioritization only; it is not an eligibility or exclusion decision.
CG0116,doi:10.1137/s0097539794279614,20260731T072700Z-closest-wave2-opencitations,,,,10.1137/s0097539794279614,,,opencitations,10.1137/s0097539794279614,CS064,S169,CS064,,unknown-date,no,,0,manual-date-check,,,,Keyword score is prioritization only; it is not an eligibility or exclusion decision.
CG0117,doi:10.1145/1007512.1007543,20260731T072800Z-closest-wave2-semanticscholar,Exploiting purity for atomicity,2004,2004-07-11,10.1145/1007512.1007543,,IEEE Transactions on Software Engineering,semanticscholar,48df98fadc1a747cb339865723951fa46a812d0f,CS068,S173,CS068,,included,no,,0,title-screen,,,,Keyword score is prioritization only; it is not an eligibility or exclusion decision.
CG0118,doi:10.1145/1007912.1007944,20260731T072700Z-closest-wave2-opencitations,,,,10.1145/1007912.1007944,,,opencitations,10.1145/1007912.1007944,CS064,S169,CS064,,unknown-date,no,,0,manual-date-check,,,,Keyword score is prioritization only; it is not an eligibility or exclusion decision.
CG0119,doi:10.1145/1007912.1007945,20260731T072700Z-closest-wave2-opencitations,,,,10.1145/1007912.1007945,,,opencitations,10.1145/1007912.1007945,CS065,S170,CS065,,unknown-date,no,,0,manual-date-check,,,,Keyword score is prioritization only; it is not an eligibility or exclusion decision.
CG0120,doi:10.1145/103727.103729,20260731T072700Z-closest-wave2-opencitations,,,,10.1145/103727.103729,,,opencitations,10.1145/103727.103729,CS064,S169,CS064,,unknown-date,no,,0,manual-date-check,,,,Keyword score is prioritization only; it is not an eligibility or exclusion decision.
CG0122,doi:10.1145/1065944.1065953,20260731T072700Z-closest-wave2-opencitations,,,,10.1145/1065944.1065953,,,opencitations,10.1145/1065944.1065953,CS065,S170,CS065,,unknown-date,no,,0,manual-date-check,,,,Keyword score is prioritization only; it is not an eligibility or exclusion decision.
CG0123,doi:10.1145/1133255.1134018,20260731T072700Z-closest-wave2-opencitations,,,,10.1145/1133255.1134018,,,opencitations,10.1145/1133255.1134018,CS065,S170,CS065,,unknown-date,no,,0,manual-date-check,,,,Keyword score is prioritization only; it is not an eligibility or exclusion decision.
CG0124,doi:10.1145/113379.113408,20260731T072700Z-closest-wave2-opencitations,,,,10.1145/113379.113408,,,opencitations,10.1145/113379.113408,CS064,S169,CS064,,unknown-date,no,,0,manual-date-check,,,,Keyword score is prioritization only; it is not an eligibility or exclusion decision.
CG0125,doi:10.1145/1133981.1134018,20260731T072700Z-closest-wave2-opencitations,,,,10.1145/1133981.1134018,,,opencitations,10.1145/1133981.1134018,CS065,S170,CS065,,unknown-date,no,,0,manual-date-check,,,,Keyword score is prioritization only; it is not an eligibility or exclusion decision.
CG0127,doi:10.1145/12276.13328,20260731T072700Z-closest-wave2-opencitations,,,,10.1145/12276.13328,,,opencitations,10.1145/12276.13328,CS064,S169,CS064,,unknown-date,no,,0,manual-date-check,,,,Keyword score is prioritization only; it is not an eligibility or exclusion decision.
CG0128,doi:10.1145/1250734.1250737,20260731T072700Z-closest-wave2-opencitations,,,,10.1145/1250734.1250737,,,opencitations,10.1145/1250734.1250737,CS064,S169,CS064,,unknown-date,no,,0,manual-date-check,,,,Keyword score is prioritization only; it is not an eligibility or exclusion decision.
CG0129,doi:10.1145/1250734.1250762,20260731T072700Z-closest-wave2-opencitations,,,,10.1145/1250734.1250762,,,opencitations,10.1145/1250734.1250762,CS064,S169,CS064,,unknown-date,no,,0,manual-date-check,,,,Keyword score is prioritization only; it is not an eligibility or exclusion decision.
CG0130,doi:10.1145/1274971.1275008,20260731T072700Z-closest-wave2-opencitations,,,,10.1145/1274971.1275008,,,opencitations,10.1145/1274971.1275008,CS064,S169,CS064,,unknown-date,no,,0,manual-date-check,,,,Keyword score is prioritization only; it is not an eligibility or exclusion decision.
CG0131,doi:10.1145/1375581.1375591,20260731T072700Z-closest-wave2-opencitations,,,,10.1145/1375581.1375591,,,opencitations,10.1145/1375581.1375591,CS064;CS067,S169;S172,CS064;CS067,,unknown-date,no,,0,manual-date-check,,,,Keyword score is prioritization only; it is not an eligibility or exclusion decision.
CG0132,doi:10.1145/1375581.1375598,20260731T072700Z-closest-wave2-opencitations,,,,10.1145/1375581.1375598,,,opencitations,10.1145/1375581.1375598,CS065,S170,CS065,,unknown-date,no,,0,manual-date-check,,,,Keyword score is prioritization only; it is not an eligibility or exclusion decision.
CG0133,doi:10.1145/1379022.1375598,20260731T072700Z-closest-wave2-opencitations,,,,10.1145/1379022.1375598,,,opencitations,10.1145/1379022.1375598,CS065,S170,CS065,,unknown-date,no,,0,manual-date-check,,,,Keyword score is prioritization only; it is not an eligibility or exclusion decision.
CG0134,doi:10.1145/1480881.1480885,20260731T072700Z-closest-wave2-opencitations;20260731T072800Z-closest-wave2-semanticscholar,A calculus of atomic actions,2009,2009-01-21,10.1145/1480881.1480885,,ACM-SIGACT Symposium on Principles of Programming Languages,opencitations;semanticscholar,0507df3d03ab0fb1deebf50be7b5505f7fdca31d;10.1145/1480881.1480885,CS068,S173,CS068,,included,no,,0,title-screen,,,,Keyword score is prioritization only; it is not an eligibility or exclusion decision.
CG0135,doi:10.1145/1504176.1504186,20260731T072700Z-closest-wave2-opencitations,,,,10.1145/1504176.1504186,,,opencitations,10.1145/1504176.1504186,CS067,S172,CS067,,unknown-date,no,,0,manual-date-check,,,,Keyword score is prioritization only; it is not an eligibility or exclusion decision.
CG0136,doi:10.1145/1542476.1542490,20260731T072700Z-closest-wave2-opencitations,,,,10.1145/1542476.1542490,,,opencitations,10.1145/1542476.1542490,CS064,S169,CS064,,unknown-date,no,,0,manual-date-check,,,,Keyword score is prioritization only; it is not an eligibility or exclusion decision.
CG0137,doi:10.1145/1806596.1806634,20260731T072700Z-closest-wave2-opencitations,,,,10.1145/1806596.1806634,,,opencitations,10.1145/1806596.1806634,CS065,S170,CS065,,unknown-date,no,,0,manual-date-check,,,,Keyword score is prioritization only; it is not an eligibility or exclusion decision.
CG0138,doi:10.1145/1806596.1806635,20260731T072700Z-closest-wave2-opencitations,,,,10.1145/1806596.1806635,,,opencitations,10.1145/1806596.1806635,CS064,S169,CS064,,unknown-date,no,,0,manual-date-check,,,,Keyword score is prioritization only; it is not an eligibility or exclusion decision.
CG0139,doi:10.1145/1809028.1806634,20260731T072700Z-closest-wave2-opencitations,,,,10.1145/1809028.1806634,,,opencitations,10.1145/1809028.1806634,CS065,S170,CS065,,unknown-date,no,,0,manual-date-check,,,,Keyword score is prioritization only; it is not an eligibility or exclusion decision.
CG0140,doi:10.1145/1815961.1815987,20260731T072700Z-closest-wave2-opencitations,,,,10.1145/1815961.1815987,,,opencitations,10.1145/1815961.1815987,CS064,S169,CS064,,unknown-date,no,,0,manual-date-check,,,,Keyword score is prioritization only; it is not an eligibility or exclusion decision.
CG0141,doi:10.1145/1926385.1926394,20260731T072700Z-closest-wave2-opencitations,,,,10.1145/1926385.1926394,,,opencitations,10.1145/1926385.1926394,CS064;CS067,S169;S172,CS064;CS067,,unknown-date,no,,0,manual-date-check,,,,Keyword score is prioritization only; it is not an eligibility or exclusion decision.
CG0142,doi:10.1145/1993316.1993521,20260731T072700Z-closest-wave2-opencitations,,,,10.1145/1993316.1993521,,,opencitations,10.1145/1993316.1993521,CS067,S172,CS067,,unknown-date,no,,0,manual-date-check,,,,Keyword score is prioritization only; it is not an eligibility or exclusion decision.
CG0143,doi:10.1145/1993498.1993520,20260731T072700Z-closest-wave2-opencitations,,,,10.1145/1993498.1993520,,,opencitations,10.1145/1993498.1993520,CS067,S172,CS067,,unknown-date,no,,0,manual-date-check,,,,Keyword score is prioritization only; it is not an eligibility or exclusion decision.
CG0144,doi:10.1145/2003476.2003493,20260731T072700Z-closest-wave2-opencitations,,,,10.1145/2003476.2003493,,,opencitations,10.1145/2003476.2003493,CS064,S169,CS064,,unknown-date,no,,0,manual-date-check,,,,Keyword score is prioritization only; it is not an eligibility or exclusion decision.
CG0145,doi:10.1145/2247684.2247688,20260731T072700Z-closest-wave2-opencitations,,,,10.1145/2247684.2247688,,,opencitations,10.1145/2247684.2247688,CS064;CS067,S169;S172,CS064;CS067,,unknown-date,no,,0,manual-date-check,,,,Keyword score is prioritization only; it is not an eligibility or exclusion decision.
CG0146,doi:10.1145/224964.224988,20260731T072700Z-closest-wave2-opencitations,,,,10.1145/224964.224988,,,opencitations,10.1145/224964.224988,CS064,S169,CS064,,unknown-date,no,,0,manual-date-check,,,,Keyword score is prioritization only; it is not an eligibility or exclusion decision.
CG0147,doi:10.1145/2254064.2254115,20260731T072700Z-closest-wave2-opencitations,,,,10.1145/2254064.2254115,,,opencitations,10.1145/2254064.2254115,CS064,S169,CS064,,unknown-date,no,,0,manual-date-check,,,,Keyword score is prioritization only; it is not an eligibility or exclusion decision.
CG0149,doi:10.1145/2442516.2442524,20260731T072700Z-closest-wave2-opencitations,,,,10.1145/2442516.2442524,,,opencitations,10.1145/2442516.2442524,CS064,S169,CS064,,unknown-date,no,,0,manual-date-check,,,,Keyword score is prioritization only; it is not an eligibility or exclusion decision.
CG0150,doi:10.1145/2451116.2451174,20260731T072700Z-closest-wave2-opencitations,,,,10.1145/2451116.2451174,,,opencitations,10.1145/2451116.2451174,CS064,S169,CS064,,unknown-date,no,,0,manual-date-check,,,,Keyword score is prioritization only; it is not an eligibility or exclusion decision.
CG0151,doi:10.1145/248052.248106,20260731T072700Z-closest-wave2-opencitations,,,,10.1145/248052.248106,,,opencitations,10.1145/248052.248106,CS064;CS065,S169;S170,CS064;CS065,,unknown-date,no,,0,manual-date-check,,,,Keyword score is prioritization only; it is not an eligibility or exclusion decision.
CG0152,doi:10.1145/2509136.2509514,20260731T072700Z-closest-wave2-opencitations;20260731T072800Z-closest-wave2-semanticscholar,CDSchecker: checking concurrent data structures written with C/C++ atomics,2013,2013-10-29,10.1145/2509136.2509514,,"Conference on Object-Oriented Programming Systems, Languages, and Applications",opencitations;semanticscholar,10.1145/2509136.2509514;2814d43ef6c8811d6844e3125dd3d4c87c2e226a,CS064;CS067;CS068,S169;S172;S173,CS064;CS068,CS067,included,no,,0,title-screen,,,,Keyword score is prioritization only; it is not an eligibility or exclusion decision.
CG0154,doi:10.1145/2535838.2535845,20260731T072700Z-closest-wave2-opencitations;20260731T072800Z-closest-wave2-semanticscholar,Optimal dynamic partial order reduction,2014,2014-01-08,10.1145/2535838.2535845,,ACM-SIGACT Symposium on Principles of Programming Languages,opencitations;semanticscholar,098739c37e2385a0666aed7f78d58c7e1c13b0d5;10.1145/2535838.2535845,CS068,S173,CS068,,included,no,,0,title-screen,,,,Keyword score is prioritization only; it is not an eligibility or exclusion decision.
CG0156,doi:10.1145/2535838.2535876,20260731T072700Z-closest-wave2-opencitations;20260731T072800Z-closest-wave2-semanticscholar,A trusted mechanised JavaScript specification,2014,2014-01-08,10.1145/2535838.2535876,,ACM-SIGACT Symposium on Principles of Programming Languages,opencitations;semanticscholar,10.1145/2535838.2535876;5fb8168391c683044ce160982e0c2818bc23091a,CS067,S172,,CS067,included,no,,0,title-screen,,,,Keyword score is prioritization only; it is not an eligibility or exclusion decision.
CG0157,doi:10.1145/2544173.2509514,20260731T072700Z-closest-wave2-opencitations,,2013,2013-11-12,10.1145/2544173.2509514,,,opencitations,10.1145/2544173.2509514,CS067,S172,,CS067,included,no,,0,missing-title-manual-check,,,,Keyword score is prioritization only; it is not an eligibility or exclusion decision.
CG0158,doi:10.1145/2544173.2509532,20260731T072700Z-closest-wave2-opencitations,,2013,2013-11-12,10.1145/2544173.2509532,,,opencitations,10.1145/2544173.2509532,CS067,S172,,CS067,included,no,,0,missing-title-manual-check,,,,Keyword score is prioritization only; it is not an eligibility or exclusion decision.
CG0159,doi:10.1145/2578855.2535848,20260731T072700Z-closest-wave2-opencitations,,2014,2014-01-13,10.1145/2578855.2535848,,,opencitations,10.1145/2578855.2535848,CS067,S172,,CS067,included,no,,0,missing-title-manual-check,,,,Keyword score is prioritization only; it is not an eligibility or exclusion decision.
CG0160,doi:10.1145/2578855.2535876,20260731T072700Z-closest-wave2-opencitations,,2014,2014-01-08,10.1145/2578855.2535876,,,opencitations,10.1145/2578855.2535876,CS067,S172,,CS067,included,no,,0,missing-title-manual-check,,,,Keyword score is prioritization only; it is not an eligibility or exclusion decision.
CG0161,doi:10.1145/2594291.2594347,20260731T072700Z-closest-wave2-opencitations,,,,10.1145/2594291.2594347,,,opencitations,10.1145/2594291.2594347,CS064,S169,CS064,,unknown-date,no,,0,manual-date-check,,,,Keyword score is prioritization only; it is not an eligibility or exclusion decision.
CG0162,doi:10.1145/2618128.2618134,20260731T072700Z-closest-wave2-opencitations;20260731T072800Z-closest-wave2-semanticscholar,Outlawing ghosts: avoiding out-of-thin-air results,2014,2014-06-13,10.1145/2618128.2618134,,MSPC@PLDI,opencitations;semanticscholar,10.1145/2618128.2618134;c58c9f47ecfa818cccd08a63edfd65faca33f971,CS067,S172,,CS067,included,no,,0,title-screen,,,,Keyword score is prioritization only; it is not an eligibility or exclusion decision.
CG0163,doi:10.1145/2627752,20260731T072700Z-closest-wave2-opencitations;20260731T072800Z-closest-wave2-semanticscholar,Herding Cats,2014,2014-06-09,10.1145/2627752,1308.6810,ACM Transactions on Programming Languages and Systems,opencitations;semanticscholar,10.1145/2627752;37dd61d659511463ac05979b2c824d0671c4a44b;eea2927258e13bc18f8f872e335bc4a3a7a206b6,CS064;CS067;CS068,S169;S172;S173,CS064;CS068,CS067,included,no,,0,title-screen,,,,Keyword score is prioritization only; it is not an eligibility or exclusion decision.
CG0165,doi:10.1145/263699.263719,20260731T072700Z-closest-wave2-opencitations,,,,10.1145/263699.263719,,,opencitations,10.1145/263699.263719,CS064,S169,CS064,,unknown-date,no,,0,manual-date-check,,,,Keyword score is prioritization only; it is not an eligibility or exclusion decision.
CG0166,doi:10.1145/265924.265927,20260731T072700Z-closest-wave2-opencitations,,,,10.1145/265924.265927,,,opencitations,10.1145/265924.265927,CS064,S169,CS064,,unknown-date,no,,0,manual-date-check,,,,Keyword score is prioritization only; it is not an eligibility or exclusion decision.
CG0167,doi:10.1145/2660193.2660243,20260731T072700Z-closest-wave2-opencitations,,2014,2014-10-15,10.1145/2660193.2660243,,,opencitations,10.1145/2660193.2660243,CS067,S172,,CS067,included,no,,0,missing-title-manual-check,,,,Keyword score is prioritization only; it is not an eligibility or exclusion decision.
CG0168,doi:10.1145/2676726.2676995,20260731T072700Z-closest-wave2-opencitations,,2015,2015-01-14,10.1145/2676726.2676995,,,opencitations,10.1145/2676726.2676995,CS067,S172,,CS067,included,no,,0,missing-title-manual-check,,,,Keyword score is prioritization only; it is not an eligibility or exclusion decision.
CG0169,doi:10.1145/2714064.2660243,20260731T072700Z-closest-wave2-opencitations;20260731T072800Z-closest-wave2-semanticscholar,GPS,2014,2014-12-31,10.1145/2714064.2660243,,"Conference on Object-Oriented Programming Systems, Languages, and Applications",opencitations;semanticscholar,10.1145/2714064.2660243;b9e67d76363b40a590dbd6132ddac94843103a9a,CS067,S172,,CS067,included,no,,0,title-screen,,,,Keyword score is prioritization only; it is not an eligibility or exclusion decision.
CG0170,doi:10.1145/2737924.2737983,20260731T072800Z-closest-wave2-semanticscholar,Monitoring refinement via symbolic reasoning,2015,2015-06-03,10.1145/2737924.2737983,,ACM-SIGPLAN Symposium on Programming Language Design and Implementation,semanticscholar,5b4ced33ce2f8d45650be9dd78eafc73104ed2ef,CS065,S170,,CS065,included,no,,0,title-screen,,,,Keyword score is prioritization only; it is not an eligibility or exclusion decision.
CG0172,doi:10.1145/2775051.2676963,20260731T072800Z-closest-wave2-semanticscholar,"A Scalable, Correct Time-Stamped Stack",2015,2015-01-14,10.1145/2775051.2676963,,ACM-SIGACT Symposium on Principles of Programming Languages,semanticscholar,8a66ec171076a6b3cf3865be2e8570ec7a64fd11,CS067,S172,,CS067,included,no,,0,title-screen,,,,Keyword score is prioritization only; it is not an eligibility or exclusion decision.
CG0175,doi:10.1145/2775051.2677002,20260731T072800Z-closest-wave2-semanticscholar,Tractable Refinement Checking for Concurrent Objects,2015,2015-01-14,10.1145/2775051.2677002,,ACM-SIGACT Symposium on Principles of Programming Languages,semanticscholar,65fe67f7de690fefd07bad6b46f312d681948e2e,CS065,S170,,CS065,included,no,,0,title-screen,,,,Keyword score is prioritization only; it is not an eligibility or exclusion decision.
CG0179,doi:10.1145/2837614.2837615,20260731T072700Z-closest-wave2-opencitations;20260731T072800Z-closest-wave2-semanticscholar,"Modelling the ARMv8 architecture, operationally: concurrency and ISA",2016,2016-01-11,10.1145/2837614.2837615,,ACM-SIGACT Symposium on Principles of Programming Languages,opencitations;semanticscholar,10.1145/2837614.2837615;11041c90b039cc6d45e1d6bd88ce4575805fd52c,CS068,S173,CS068,,included,no,,0,title-screen,,,,Keyword score is prioritization only; it is not an eligibility or exclusion decision.
CG0180,doi:10.1145/2837614.2837616,20260731T072700Z-closest-wave2-opencitations;20260731T072800Z-closest-wave2-semanticscholar,A concurrency semantics for relaxed atomics that permits optimisation and avoids thin-air executions,2016,2016-01-11,10.1145/2837614.2837616,,ACM-SIGACT Symposium on Principles of Programming Languages,opencitations;semanticscholar,10.1145/2837614.2837616;74947ab07ed99ea9b7038f8984e9910a87586f57,CS067,S172,,CS067,included,no,,0,title-screen,,,,Keyword score is prioritization only; it is not an eligibility or exclusion decision.
CG0182,doi:10.1145/2837614.2837643,20260731T072700Z-closest-wave2-opencitations;20260731T072800Z-closest-wave2-semanticscholar,Taming release-acquire consistency,2016,2016-01-11,10.1145/2837614.2837643,,ACM-SIGACT Symposium on Principles of Programming Languages,opencitations;semanticscholar,10.1145/2837614.2837643;c36b2b15f76ce05d121f5621a5baa060fa6b0bd2,CS068,S173,CS068,,included,no,,0,title-screen,,,,Keyword score is prioritization only; it is not an eligibility or exclusion decision.
CG0183,doi:10.1145/2837614.2837645,20260731T072800Z-closest-wave2-semanticscholar,Symbolic abstract data type inference,2016,2016-01-11,10.1145/2837614.2837645,,ACM-SIGACT Symposium on Principles of Programming Languages,semanticscholar,29f69e7fece514d66b10842e3db0b58a06fbcc8e,CS065,S170,,CS065,included,no,,0,title-screen,,,,Keyword score is prioritization only; it is not an eligibility or exclusion decision.
CG0184,doi:10.1145/2858965.2814286,20260731T072700Z-closest-wave2-opencitations,,2015,2015-12-18,10.1145/2858965.2814286,,,opencitations,10.1145/2858965.2814286,CS067,S172,,CS067,included,no,,0,missing-title-manual-check,,,,Keyword score is prioritization only; it is not an eligibility or exclusion decision.
CG0185,doi:10.1145/2858965.2814297,20260731T072700Z-closest-wave2-opencitations,,2015,2015-12-18,10.1145/2858965.2814297,,,opencitations,10.1145/2858965.2814297,CS067,S172,,CS067,included,no,,0,missing-title-manual-check,,,,Keyword score is prioritization only; it is not an eligibility or exclusion decision.
CG0186,doi:10.1145/2914770.2837637,20260731T072700Z-closest-wave2-opencitations,,2016,2016-04-08,10.1145/2914770.2837637,,,opencitations,10.1145/2914770.2837637,CS067,S172,,CS067,included,no,,0,missing-title-manual-check,,,,Keyword score is prioritization only; it is not an eligibility or exclusion decision.
CG0188,doi:10.1145/2983990.2984032,20260731T072700Z-closest-wave2-opencitations;20260731T072800Z-closest-wave2-semanticscholar,Portable inter-workgroup barrier synchronisation for GPUs,2016,2016-10-19,10.1145/2983990.2984032,,"Conference on Object-Oriented Programming Systems, Languages, and Applications",opencitations;semanticscholar,10.1145/2983990.2984032;c5c6ea6e9824c1fdbbaacfb3bfaea7910258bd1a,CS067,S172,,CS067,included,no,,0,title-screen,,,,Keyword score is prioritization only; it is not an eligibility or exclusion decision.
CG0191,doi:10.1145/3009837.3009888,20260731T072800Z-closest-wave2-semanticscholar,On verifying causal consistency,2016,2016-11-02,10.1145/3009837.3009888,1611.00580,ACM-SIGACT Symposium on Principles of Programming Languages,semanticscholar,c7a2c19d367b8b71b4c235b885653d5e4d49e4ef,CS065,S170,,CS065,included,no,,0,title-screen,,,,Keyword score is prioritization only; it is not an eligibility or exclusion decision.
CG0193,doi:10.1145/3022671.2984032,20260731T072700Z-closest-wave2-opencitations,,2016,2016-12-05,10.1145/3022671.2984032,,,opencitations,10.1145/3022671.2984032,CS067,S172,,CS067,included,no,,0,missing-title-manual-check,,,,Keyword score is prioritization only; it is not an eligibility or exclusion decision.
CG0195,doi:10.1145/3073408,20260731T072700Z-closest-wave2-opencitations;20260731T072800Z-closest-wave2-semanticscholar,Source Sets,2017,2017-08-17,10.1145/3073408,,Journal of the ACM,opencitations;semanticscholar,0667ce9d4fa3104cb2ddcc990a186cc0cfbb5529;10.1145/3073408,CS068,S173,CS068,,included,no,,0,title-screen,,,,Keyword score is prioritization only; it is not an eligibility or exclusion decision.
CG0196,doi:10.1145/3093333.3009883,20260731T072700Z-closest-wave2-opencitations,,2017,2017-05-11,10.1145/3093333.3009883,,,opencitations,10.1145/3093333.3009883,CS067,S172,,CS067,included,no,,0,missing-title-manual-check,,,,Keyword score is prioritization only; it is not an eligibility or exclusion decision.
CG0197,doi:10.1145/3155284.3018749,20260731T072700Z-closest-wave2-opencitations,,2017,2017-10-26,10.1145/3155284.3018749,,,opencitations,10.1145/3155284.3018749,CS064;CS067,S169;S172,,CS064;CS067,included,no,,0,missing-title-manual-check,,,,Keyword score is prioritization only; it is not an eligibility or exclusion decision.
CG0199,doi:10.1145/3158113,20260731T072800Z-closest-wave2-semanticscholar,"Sound, complete, and tractable linearizability monitoring for concurrent collections",2017,2017-12-27,10.1145/3158113,,Proc. ACM Program. Lang.,semanticscholar,3018a18fc5610affb117111fa35a4305827cf8ca,CS065,S170,,CS065,included,no,,0,title-screen,,,,Keyword score is prioritization only; it is not an eligibility or exclusion decision.
CG0200,doi:10.1145/3158119,20260731T072700Z-closest-wave2-opencitations;20260731T072800Z-closest-wave2-semanticscholar,Data-centric dynamic partial order reduction,2016,2016-10-04,10.1145/3158119,1610.01188,Proc. ACM Program. Lang.,opencitations;semanticscholar,10.1145/3158119;ff52c9ad8c1d0dfc0f0ce49c513272faf6450ebd,CS068,S173,CS068,,included,no,,0,title-screen,,,,Keyword score is prioritization only; it is not an eligibility or exclusion decision.
CG0203,doi:10.1145/3276506,20260731T072700Z-closest-wave2-opencitations;20260731T072800Z-closest-wave2-semanticscholar,Towards understanding the costs of avoiding out-of-thin-air results,2018,2018-10-24,10.1145/3276506,,Proc. ACM Program. Lang.,opencitations;semanticscholar,10.1145/3276506;846cc4a9014177c1006472410113c90047489f5f,CS064;CS067,S169;S172,,CS064;CS067,included,no,,0,title-screen,,,,Keyword score is prioritization only; it is not an eligibility or exclusion decision.
CG0205,doi:10.1145/3290373,20260731T072700Z-closest-wave2-opencitations;20260731T072800Z-closest-wave2-semanticscholar,Weak-consistency specification via visibility relaxation,2019,2019-01-02,10.1145/3290373,,Proc. ACM Program. Lang.,opencitations;semanticscholar,10.1145/3290373;893dcfb86084dfe492d5cd28d832158627d14076,CS067,S172,,CS067,included,no,,0,title-screen,,,,Keyword score is prioritization only; it is not an eligibility or exclusion decision.
CG0207,doi:10.1145/3290383,20260731T072700Z-closest-wave2-opencitations;20260731T072800Z-closest-wave2-semanticscholar,Grounding thin-air reads with event structures,2019,2019-01-02,10.1145/3290383,,Proc. ACM Program. Lang.,opencitations;semanticscholar,10.1145/3290383;e8c11e951dd8f875555757cbf1b902519dca3839,CS067,S172,,CS067,included,no,,0,title-screen,,,,Keyword score is prioritization only; it is not an eligibility or exclusion decision.
CG0209,doi:10.1145/3296979.3192373,20260731T072700Z-closest-wave2-opencitations,,2018,2018-12-02,10.1145/3296979.3192373,,,opencitations,10.1145/3296979.3192373,CS067,S172,,CS067,included,no,,0,missing-title-manual-check,,,,Keyword score is prioritization only; it is not an eligibility or exclusion decision.
CG0211,doi:10.1145/3335772.3335935,20260731T072800Z-closest-wave2-semanticscholar,How to Make a Multiprocessor Computer That Correctly Executes Multiprocess Programs,2016,2016-12-19,10.1145/3335772.3335935,,IEEE transactions on computers,semanticscholar,bdacc240ee817e6565f27f40f8658c037a457a13,CS068,S173,CS068,,included,no,,0,title-screen,,,,Keyword score is prioritization only; it is not an eligibility or exclusion decision.
CG0212,doi:10.1145/3360550,20260731T072700Z-closest-wave2-opencitations;20260731T072800Z-closest-wave2-semanticscholar,Value-centric dynamic partial order reduction,2019,2019-09-03,10.1145/3360550,1909.00989,Proc. ACM Program. Lang.,opencitations;semanticscholar,10.1145/3360550;9f0af23d4233fe254829c619aabb1d9394ba7889,CS068,S173,CS068,,included,no,,0,title-screen,,,,Keyword score is prioritization only; it is not an eligibility or exclusion decision.
CG0213,doi:10.1145/3360559,20260731T072800Z-closest-wave2-semanticscholar,Weakening WebAssembly,2019,2019-10-10,10.1145/3360559,,Proc. ACM Program. Lang.,semanticscholar,6fb0698434403b0caa9a32133ad0f90efb36d9cd,CS067,S172,,CS067,included,no,,0,title-screen,,,,Keyword score is prioritization only; it is not an eligibility or exclusion decision.
CG0218,doi:10.1145/3385412.3386029,20260731T072800Z-closest-wave2-semanticscholar,Verifying concurrent search structure templates,2020,2020-06-06,10.1145/3385412.3386029,,ACM-SIGPLAN Symposium on Programming Language Design and Implementation,semanticscholar,c894f2d04297e50b41f4921c420d48122b3b28ae,CS065,S170,,CS065,included,no,,0,title-screen,,,,Keyword score is prioritization only; it is not an eligibility or exclusion decision.
CG0219,doi:10.1145/3386320,20260731T072700Z-closest-wave2-opencitations;20260731T072800Z-closest-wave2-semanticscholar,Thriving in a crowded and changing world: C++ 2006–2020,2020,2020-06-14,10.1145/3386320,,Proc. ACM Program. Lang.,opencitations;semanticscholar,10.1145/3386320;1c2688189548fecf0a030cad80b4cd3dbf98e0bc,CS067,S172,,CS067,included,no,,0,title-screen,,,,Keyword score is prioritization only; it is not an eligibility or exclusion decision.
CG0220,doi:10.1145/3428196,20260731T072800Z-closest-wave2-semanticscholar,Proving highly-concurrent traversals correct,2020,2020-10-02,10.1145/3428196,2010.00911,Proc. ACM Program. Lang.,semanticscholar,61ddb0beb37e4848a924958c7ef1b280ee597f31,CS065,S170,,CS065,included,no,,0,title-screen,,,,Keyword score is prioritization only; it is not an eligibility or exclusion decision.
CG0223,doi:10.1145/3453483.3454082,20260731T072700Z-closest-wave2-opencitations;20260731T072800Z-closest-wave2-semanticscholar,Modular data-race-freedom guarantees in the promising semantics,2021,2021-06-18,10.1145/3453483.3454082,,ACM-SIGPLAN Symposium on Programming Language Design and Implementation,opencitations;semanticscholar,10.1145/3453483.3454082;6b5b35069f1471672b7231e2ecbbecd9d71006fb,CS067,S172,,CS067,included,no,,0,title-screen,,,,Keyword score is prioritization only; it is not an eligibility or exclusion decision.
CG0224,doi:10.1145/3485490,20260731T072800Z-closest-wave2-semanticscholar,Verifying concurrent multicopy search structures,2021,2021-09-12,10.1145/3485490,2109.05631,Proc. ACM Program. Lang.,semanticscholar,9e95eab99eb7cab77b2589966b6855b8a133d97a,CS065,S170,,CS065,included,no,,0,title-screen,,,,Keyword score is prioritization only; it is not an eligibility or exclusion decision.
CG0225,doi:10.1145/3498711,20260731T072700Z-closest-wave2-opencitations;20260731T072800Z-closest-wave2-semanticscholar,"Truly stateless, optimal dynamic partial order reduction",2022,2022-01-11,10.1145/3498711,,Proc. ACM Program. Lang.,opencitations;semanticscholar,0f2d27ae73625a641fa0c6863d091b9d4e087a5e;10.1145/3498711,CS068,S173,CS068,,included,no,,0,title-screen,,,,Keyword score is prioritization only; it is not an eligibility or exclusion decision.
CG0227,doi:10.1145/3519939.3523723,20260731T072700Z-closest-wave2-opencitations;20260731T072800Z-closest-wave2-semanticscholar,Checking robustness to weak persistency models,2022,2022-06-09,10.1145/3519939.3523723,,ACM-SIGPLAN Symposium on Programming Language Design and Implementation,opencitations;semanticscholar,10.1145/3519939.3523723;c8fb169df908cd6a860c15b661ed25f76b0de72b,CS064,S169,,CS064,included,no,,0,title-screen,,,,Keyword score is prioritization only; it is not an eligibility or exclusion decision.
CG0230,doi:10.1145/3563337,20260731T072800Z-closest-wave2-semanticscholar,A concurrent program logic with a future and history,2022,2022-07-05,10.1145/3563337,2207.02355,Proc. ACM Program. Lang.,semanticscholar,368a6573b7d2aa320c8b62c21c5c506d9d798bcb,CS065,S170,,CS065,included,no,,0,title-screen,,,,Keyword score is prioritization only; it is not an eligibility or exclusion decision.
CG0231,doi:10.1145/3571219,20260731T072700Z-closest-wave2-opencitations;20260731T072800Z-closest-wave2-semanticscholar,The Path to Durable Linearizability,2023,2023-01-09,10.1145/3571219,2211.07631,Proc. ACM Program. Lang.,opencitations;semanticscholar,10.1145/3571219;fb13e0892e5c562fc545262a0b65e8465df4db7c,CS067,S172,,CS067,included,no,,0,title-screen,,,,Keyword score is prioritization only; it is not an eligibility or exclusion decision.
CG0233,doi:10.1145/3574137,20260731T072700Z-closest-wave2-opencitations;20260731T072800Z-closest-wave2-semanticscholar,Compositional Reasoning for Non-multicopy Atomic Architectures,2023,2023-06-23,10.1145/3574137,,Formal Aspects Comput.,opencitations;semanticscholar,10.1145/3574137;561c7724759d2fd30b33cff0ea9f83fec78e0b87,CS067,S172,,CS067,included,no,,0,title-screen,,,,Keyword score is prioritization only; it is not an eligibility or exclusion decision.
CG0235,doi:10.1145/3632908,20260731T072700Z-closest-wave2-opencitations;20260731T072800Z-closest-wave2-semanticscholar,How Hard Is Weak-Memory Testing?,2024,2024-01-05,10.1145/3632908,2311.04302,Proc. ACM Program. Lang.,opencitations;semanticscholar,10.1145/3632908;34e54916defa9bef2c7130aa9b355b6824a2c161,CS067,S172,,CS067,included,no,,0,title-screen,,,,Keyword score is prioritization only; it is not an eligibility or exclusion decision.
CG0244,doi:10.1145/3729328,20260731T072800Z-closest-wave2-semanticscholar,Efficient Linearizability Monitoring,2025,2025-06-10,10.1145/3729328,2509.17795,Proc. ACM Program. Lang.,semanticscholar,5d08ccd4d3e344c78a9a0f91f7eed4836a7c8f19,CS065,S170,,CS065,included,no,,0,title-screen,,,,Keyword score is prioritization only; it is not an eligibility or exclusion decision.
CG0245,doi:10.1145/3808315,20260731T072800Z-closest-wave2-semanticscholar,Fixed Parameter Tractable Linearizability Monitoring,2025,2025-06-08,10.1145/3808315,2509.05586,Proceedings of the ACM on Programming Languages,semanticscholar,682645cd14bd285a148bbbb8e064d58802b27d6f,CS065,S170,,CS065,included,no,,0,title-screen,,,,Keyword score is prioritization only; it is not an eligibility or exclusion decision.
CG0246,doi:10.1145/512644.512661,20260731T072700Z-closest-wave2-opencitations,,,,10.1145/512644.512661,,,opencitations,10.1145/512644.512661,CS065,S170,CS065,,unknown-date,no,,0,manual-date-check,,,,Keyword score is prioritization only; it is not an eligibility or exclusion decision.
CG0247,doi:10.1145/564870.564881,20260731T072700Z-closest-wave2-opencitations,,,,10.1145/564870.564881,,,opencitations,10.1145/564870.564881,CS064,S169,CS064,,unknown-date,no,,0,manual-date-check,,,,Keyword score is prioritization only; it is not an eligibility or exclusion decision.
CG0248,doi:10.1145/571825.571829,20260731T072700Z-closest-wave2-opencitations,,,,10.1145/571825.571829,,,opencitations,10.1145/571825.571829,CS065,S170,CS065,,unknown-date,no,,0,manual-date-check,,,,Keyword score is prioritization only; it is not an eligibility or exclusion decision.
CG0249,doi:10.1145/78969.78972,20260731T072700Z-closest-wave2-opencitations,,,,10.1145/78969.78972,,,opencitations,10.1145/78969.78972,CS065;CS067,S170;S172,CS065;CS067,,unknown-date,no,,0,manual-date-check,,,,Keyword score is prioritization only; it is not an eligibility or exclusion decision.
CG0250,doi:10.1145/859618.859668,20260731T072700Z-closest-wave2-opencitations,,,,10.1145/859618.859668,,,opencitations,10.1145/859618.859668,CS064,S169,CS064,,unknown-date,no,,0,manual-date-check,,,,Keyword score is prioritization only; it is not an eligibility or exclusion decision.
CG0251,doi:10.1145/945445.945468,20260731T072700Z-closest-wave2-opencitations,,,,10.1145/945445.945468,,,opencitations,10.1145/945445.945468,CS064,S169,CS064,,unknown-date,no,,0,manual-date-check,,,,Keyword score is prioritization only; it is not an eligibility or exclusion decision.
CG0252,doi:10.1145/996841.996848,20260731T072700Z-closest-wave2-opencitations,,,,10.1145/996841.996848,,,opencitations,10.1145/996841.996848,CS067,S172,CS067,,unknown-date,no,,0,manual-date-check,,,,Keyword score is prioritization only; it is not an eligibility or exclusion decision.
CG0254,doi:10.1561/2500000011,20260731T072700Z-closest-wave2-opencitations;20260731T072800Z-closest-wave2-semanticscholar,Principles of Eventual Consistency,2014,2014-10-09,10.1561/2500000011,,Found. Trends Program. Lang.,opencitations;semanticscholar,10.1561/2500000011;29cfe7d94cc6645533956fd81c4501de1425fea4,CS067,S172,,CS067,included,no,,0,title-screen,,,,Keyword score is prioritization only; it is not an eligibility or exclusion decision.
CG0255,doi:10.17863/cam.21597,20260731T072800Z-closest-wave2-semanticscholar,A no-thin-air memory model for programming languages,2018,2018-05-19,10.17863/cam.21597,,,semanticscholar,fffe5c15e0d17385afac052fee032f94fc966b20,CS067,S172,,CS067,included,no,,0,title-screen,,,,Keyword score is prioritization only; it is not an eligibility or exclusion decision.
CG0256,doi:10.2168/lmcs-9(3:12)2013,20260731T072800Z-closest-wave2-semanticscholar,Linearizability with Ownership Transfer,2012,2012-09-04,10.2168/lmcs-9(3:12)2013,1308.2507,International Conference on Concurrency Theory,semanticscholar,ca8144de87dfe8e03315e49b89cf024e5bdf78f8,CS067,S172,,CS067,included,no,,0,title-screen,,,,Keyword score is prioritization only; it is not an eligibility or exclusion decision.
CG0259,doi:10.25560/68006,20260731T072800Z-closest-wave2-semanticscholar,Inter-workgroup barrier synchronisation on graphics processing units,2018,,10.25560/68006,,,semanticscholar,6994a0f3ed86af0a79877565b3b74c0b8f0620de,CS067,S172,,CS067,included,no,,0,title-screen,,,,Keyword score is prioritization only; it is not an eligibility or exclusion decision.
CG0261,doi:10.34727/2021/isbn.978-3-85448-046-4_25,20260731T072700Z-closest-wave2-opencitations;20260731T072800Z-closest-wave2-semanticscholar,Dynamic Partial Order Reductions for Spinloops,2021,2021-10-19,10.34727/2021/isbn.978-3-85448-046-4_25,,Formal Methods in Computer-Aided Design,opencitations;semanticscholar,10.34727/2021/isbn.978-3-85448-046-4_25;ffe283484ea3e8f7c338b3667a7c22e526efc5a9,CS068,S173,CS068,,included,no,,0,title-screen,,,,Keyword score is prioritization only; it is not an eligibility or exclusion decision.
CG0262,doi:10.4230/lipics.concur.2015.456,20260731T072700Z-closest-wave2-opencitations;20260731T072800Z-closest-wave2-semanticscholar,Unfolding-based Partial Order Reduction,2015,2015-07-03,10.4230/lipics.concur.2015.456,1507.00980,International Conference on Concurrency Theory,opencitations;semanticscholar,10.4230/lipics.concur.2015.456;281f0026d20959b3ab893a99a01f2086ea1476e3,CS068,S173,CS068,,included,no,,0,title-screen,,,,Keyword score is prioritization only; it is not an eligibility or exclusion decision.
CG0263,doi:10.4230/lipics.concur.2015.58,20260731T072800Z-closest-wave2-semanticscholar,A Framework for Transactional Consistency Models with Atomic Visibility,2015,,10.4230/lipics.concur.2015.58,,International Conference on Concurrency Theory,semanticscholar,8119a054c1a3f3b108842876aa889741ab059e90,CS067,S172,,CS067,included,no,,0,title-screen,,,,Keyword score is prioritization only; it is not an eligibility or exclusion decision.
CG0264,doi:10.4230/lipics.concur.2017.16,20260731T072800Z-closest-wave2-semanticscholar,Checking Linearizability of Concurrent Priority Queues,2017,2017-07-01,10.4230/lipics.concur.2017.16,1707.00639,International Conference on Concurrency Theory,semanticscholar,744f93c5107f5da2b680461f5944c9f25e693fad,CS065,S170,,CS065,included,no,,0,title-screen,,,,Keyword score is prioritization only; it is not an eligibility or exclusion decision.
CG0265,doi:10.4230/lipics.concur.2025.22,20260731T072800Z-closest-wave2-semanticscholar,Partial-Order Reduction Is Hard,2025,,10.4230/lipics.concur.2025.22,,International Conference on Concurrency Theory,semanticscholar,18996d7a464ad73cd88aeaea35681073240e0ccb,CS068,S173,,CS068,included,no,,0,title-screen,,,,Keyword score is prioritization only; it is not an eligibility or exclusion decision.
CG0266,doi:10.4230/lipics.concur.2025.26,20260731T072800Z-closest-wave2-semanticscholar,Optimal Concolic Dynamic Partial Order Reduction,2025,,10.4230/lipics.concur.2025.26,,International Conference on Concurrency Theory,semanticscholar,78c36ef96287984dcf051220bdee5c7f54bcb835,CS068,S173,,CS068,included,no,,0,title-screen,,,,Keyword score is prioritization only; it is not an eligibility or exclusion decision.
CG0267,doi:10.4230/lipics.disc.2018.23,20260731T072800Z-closest-wave2-semanticscholar,Order out of Chaos: Proving Linearizability Using Local Views,2018,2018-05-10,10.4230/lipics.disc.2018.23,1805.03992,International Symposium on Distributed Computing,semanticscholar,620ca0a8db83f41cb3f8c4418e2f51944497707f,CS065,S170,,CS065,included,no,,0,title-screen,,,,Keyword score is prioritization only; it is not an eligibility or exclusion decision.
CG0269,doi:10.4230/lipics.ecoop.2015.470,20260731T072800Z-closest-wave2-semanticscholar,Defining Correctness Conditions for Concurrent Objects in Multicore Architectures,2015,,10.4230/lipics.ecoop.2015.470,,European Conference on Object-Oriented Programming,semanticscholar,eb5668d983497974e23b7338f6d3617fd8eae152,CS067,S172,,CS067,included,no,,0,title-screen,,,,Keyword score is prioritization only; it is not an eligibility or exclusion decision.
CG0270,doi:10.4230/lipics.fsttcs.2015.2,20260731T072800Z-closest-wave2-semanticscholar,Checking Correctness of Concurrent Objects: Tractable Reductions to Reachability (Invited Talk),2015,,10.4230/lipics.fsttcs.2015.2,,Foundations of Software Technology and Theoretical Computer Science,semanticscholar,fa87489cfed2e1cb7dc8c7c1835ba89edb697804,CS065,S170,,CS065,included,no,,0,title-screen,,,,Keyword score is prioritization only; it is not an eligibility or exclusion decision.
CG0271,doi:10.4230/lipics.fsttcs.2020.42,20260731T072800Z-closest-wave2-semanticscholar,A Framework for Consistency Algorithms,2020,2020-07-21,10.4230/lipics.fsttcs.2020.42,2007.11398,Foundations of Software Technology and Theoretical Computer Science,semanticscholar,8cf9e02b242fdcb435c1155b95db009a9d10c5ef,CS065,S170,,CS065,included,no,,0,title-screen,,,,Keyword score is prioritization only; it is not an eligibility or exclusion decision.
CG0272,doi:10.5281/zenodo.10798179,20260731T072700Z-closest-wave2-opencitations,,,,10.5281/zenodo.10798179,,,opencitations,10.5281/zenodo.10798179,CS068,S173,CS068,,unknown-date,no,,0,manual-date-check,,,,Keyword score is prioritization only; it is not an eligibility or exclusion decision.
CG0273,doi:10.70675/34990107zaff5z47efzbaf0zd15dde65fa8f,20260731T072800Z-closest-wave2-semanticscholar,Certified semantics and analysis of JavaScript. (Sémantique et analyse certifiée de JavaScript),2016,2016-11-25,10.70675/34990107zaff5z47efzbaf0zd15dde65fa8f,,,semanticscholar,7f00880e77d53bc09640e50186abfb1de40ac708,CS067,S172,,CS067,included,no,,0,title-screen,,,,Keyword score is prioritization only; it is not an eligibility or exclusion decision.
CG0278,s2:0b31802845aaece8d41fbbdbbfebc136d4d514f3,20260731T072800Z-closest-wave2-semanticscholar,User Assisted Data Structure Debugging and Verication,2016,,,,,semanticscholar,0b31802845aaece8d41fbbdbbfebc136d4d514f3,CS065,S170,,CS065,included,no,,0,title-screen,,,,Keyword score is prioritization only; it is not an eligibility or exclusion decision.
CG0279,s2:1e68b090677e165e550eeeefec15fc1da2962420,20260731T072800Z-closest-wave2-semanticscholar,Overhauling SC Atomics in C 11 and OpenCL Mark Batty,,,,,,semanticscholar,1e68b090677e165e550eeeefec15fc1da2962420,CS067,S172,,CS067,unknown-date,no,,0,manual-date-check,,,,Keyword score is prioritization only; it is not an eligibility or exclusion decision.
CG0280,s2:2a6f7cb38774b58f49b545836f009420bb92a613,20260731T072800Z-closest-wave2-semanticscholar,Weakening WebAssembly ( Extended ),2019,,,,,semanticscholar,2a6f7cb38774b58f49b545836f009420bb92a613,CS067,S172,,CS067,included,no,,0,title-screen,,,,Keyword score is prioritization only; it is not an eligibility or exclusion decision.
CG0281,s2:43a5cf566bf8e6fae790396361c7d709ef185768,20260731T072800Z-closest-wave2-semanticscholar,An Initial Study of Two Approaches to Eliminating Out-of-Thin-Air Results,2018,,,,,semanticscholar,43a5cf566bf8e6fae790396361c7d709ef185768,CS064;CS067,S169;S172,,CS064;CS067,included,no,,0,title-screen,,,,Keyword score is prioritization only; it is not an eligibility or exclusion decision.
CG0282,s2:4b06993c409ee643cafd4125235a4a20e2ce8833,20260731T072800Z-closest-wave2-semanticscholar,with Relaxed,,,,,,semanticscholar,4b06993c409ee643cafd4125235a4a20e2ce8833,CS067,S172,,CS067,unknown-date,no,,0,manual-date-check,,,,Keyword score is prioritization only; it is not an eligibility or exclusion decision.
CG0283,s2:5223c9dfd3440c510d246647e166a5b30427956d,20260731T072800Z-closest-wave2-semanticscholar,Linearizability Monitoring,,,,,,semanticscholar,5223c9dfd3440c510d246647e166a5b30427956d,CS065,S170,,CS065,unknown-date,no,,0,manual-date-check,,,,Keyword score is prioritization only; it is not an eligibility or exclusion decision.
CG0284,s2:544812f4969bb884816aa174795da6335fc44f1f,20260731T072800Z-closest-wave2-semanticscholar,View Abstraction – A Tutorial ∗,2015,,,,,semanticscholar,544812f4969bb884816aa174795da6335fc44f1f,CS065,S170,,CS065,included,no,,0,title-screen,,,,Keyword score is prioritization only; it is not an eligibility or exclusion decision.
CG0285,s2:5527ef36d64fc703a0a195688deb10faec6224c9,20260731T072800Z-closest-wave2-semanticscholar,C/C++ Causal Cycles Confound Compositionality,2013,,,,Tiny Transactions on Computer Science,semanticscholar,5527ef36d64fc703a0a195688deb10faec6224c9,CS067,S172,,CS067,included,no,,0,title-screen,,,,Keyword score is prioritization only; it is not an eligibility or exclusion decision.
CG0286,s2:552a471926ac4bc6c6c4861c06debc9bfa34f200,20260731T072800Z-closest-wave2-semanticscholar,Pointer Race Freedom FIT BUT Technical Report Series,2015,,,,,semanticscholar,552a471926ac4bc6c6c4861c06debc9bfa34f200,CS065,S170,,CS065,included,no,,0,title-screen,,,,Keyword score is prioritization only; it is not an eligibility or exclusion decision.
CG0287,s2:6354eda7cd55f513e9d37ac2ef84875db101f04f,20260731T072800Z-closest-wave2-semanticscholar,1 Verifying Concurrent Search Structure Templates,2019,,,,,semanticscholar,6354eda7cd55f513e9d37ac2ef84875db101f04f,CS065,S170,,CS065,included,no,,0,title-screen,,,,Keyword score is prioritization only; it is not an eligibility or exclusion decision.
CG0290,s2:87e4d980cc51514707b1f684bc8fb1c1f39b0fde,20260731T072800Z-closest-wave2-semanticscholar,CDSChecker model-checking framework Parameter Inferring Analyzer AutoMO framework Input : test case 1 test case 2 ... test case n Optional input : parameter assignments Output : final parameter assignments SC Analyzer Non-SC Trace Reordering Analyzer,2018,,,,,semanticscholar,87e4d980cc51514707b1f684bc8fb1c1f39b0fde,CS067,S172,,CS067,included,no,,0,title-screen,,,,Keyword score is prioritization only; it is not an eligibility or exclusion decision.
CG0292,s2:90cb534809d896589f80d6cb38e4c033cd05c72e,20260731T072800Z-closest-wave2-semanticscholar,N4136 – C Concurrency Challenges Draft 2014-10-13,2014,,,,,semanticscholar,90cb534809d896589f80d6cb38e4c033cd05c72e,CS067,S172,,CS067,included,no,,0,title-screen,,,,Keyword score is prioritization only; it is not an eligibility or exclusion decision.
CG0293,s2:9256ab49254e558e995060754ebda6b03a377a0b,20260731T072800Z-closest-wave2-semanticscholar,Learning Component Behavior from Tests : Theory and Algorithms for Automata with Data,2015,,,,,semanticscholar,9256ab49254e558e995060754ebda6b03a377a0b,CS065,S170,,CS065,included,no,,0,title-screen,,,,Keyword score is prioritization only; it is not an eligibility or exclusion decision.
CG0294,s2:a005c5dd6b0471cbfb2df898e55fb62684b6dfa1,20260731T072800Z-closest-wave2-semanticscholar,16 : 2 Checking Linearizability of Concurrent Priority Queues,2017,,,,,semanticscholar,a005c5dd6b0471cbfb2df898e55fb62684b6dfa1,CS065,S170,,CS065,included,no,,0,title-screen,,,,Keyword score is prioritization only; it is not an eligibility or exclusion decision.
CG0295,s2:ac1f5c7a6ab35724557a2052209f5585301928bf,20260731T072800Z-closest-wave2-semanticscholar,12 : 2 Checking Linearizability of Concurrent Priority,2017,,,,,semanticscholar,ac1f5c7a6ab35724557a2052209f5585301928bf,CS065,S170,,CS065,included,no,,0,title-screen,,,,Keyword score is prioritization only; it is not an eligibility or exclusion decision.
CG0297,s2:b81336caac4f9cbed7ff11a5e4d68b32ef11718d,20260731T072800Z-closest-wave2-semanticscholar,Understanding Eventual Consistency,2013,2013-03-01,,,,semanticscholar,b81336caac4f9cbed7ff11a5e4d68b32ef11718d,CS067,S172,,CS067,included,no,,0,title-screen,,,,Keyword score is prioritization only; it is not an eligibility or exclusion decision.
CG0298,s2:c93905bd51d1961b6c441c8b8b25f36150f4e0f9,20260731T072800Z-closest-wave2-semanticscholar,A Trusted Mechanised JavaScript Speciﬁcation,,,,,,semanticscholar,c93905bd51d1961b6c441c8b8b25f36150f4e0f9,CS067,S172,,CS067,unknown-date,no,,0,manual-date-check,,,,Keyword score is prioritization only; it is not an eligibility or exclusion decision.
CG0300,s2:d0ffb4631a5478ba4f7578c072bc4f74fd1d7963,20260731T072800Z-closest-wave2-semanticscholar,Weakening WebAssembly ( Extended Draft ),2019,,,,,semanticscholar,d0ffb4631a5478ba4f7578c072bc4f74fd1d7963,CS067,S172,,CS067,included,no,,0,title-screen,,,,Keyword score is prioritization only; it is not an eligibility or exclusion decision.
CG0302,s2:e2a9e497031300397b933dbd0b5f14d7d82025c3,20260731T072800Z-closest-wave2-semanticscholar,IsaK: A Complete Semantics of K,2018,2018-06-25,,,,semanticscholar,e2a9e497031300397b933dbd0b5f14d7d82025c3,CS067,S172,,CS067,included,no,,0,title-screen,,,,Keyword score is prioritization only; it is not an eligibility or exclusion decision.
CG0304,s2:f6a67213a190731b4c78071ab26d147212b2c0c4,20260731T072800Z-closest-wave2-semanticscholar,Thread-Modular Reasoning for Heap-Manipulating Programs: Exploiting Pointer Race Freedom,2015,,,,,semanticscholar,f6a67213a190731b4c78071ab26d147212b2c0c4,CS065,S170,,CS065,included,no,,0,title-screen,,,,Keyword score is prioritization only; it is not an eligibility or exclusion decision.
CG0305,s2:f9e0ffa0d34a5dedeaceeaee1bb1d0ccaa1a31c4,20260731T072800Z-closest-wave2-semanticscholar,Compositional Abstractions for Verifying Concurrent Data Structures,2019,,,,,semanticscholar,f9e0ffa0d34a5dedeaceeaee1bb1d0ccaa1a31c4,CS065,S170,,CS065,included,no,,0,title-screen,,,,Keyword score is prioritization only; it is not an eligibility or exclusion decision.
CG0306,s2:fdfb5caf6102324e8e727805a786a7654512c3f0,20260731T072800Z-closest-wave2-semanticscholar,The SPARC architecture manual : version 9,1994,,,,,semanticscholar,fdfb5caf6102324e8e727805a786a7654512c3f0,CS068,S173,CS068,,included,no,,0,title-screen,,,,Keyword score is prioritization only; it is not an eligibility or exclusion decision.
CG0307,unknown:semanticscholar:cs068:references:0:35,20260731T072800Z-closest-wave2-semanticscholar,“BMC for weak memorymodels:RelationanalysisforcompactSMTencodings.”In,2019,,,,CAV2019,semanticscholar,,CS068,S173,CS068,,included,no,,0,title-screen,,,,Keyword score is prioritization only; it is not an eligibility or exclusion decision.
CG0309,unknown:semanticscholar:cs068:references:0:39,20260731T072800Z-closest-wave2-semanticscholar,Systems Programming: Coping with Parallelism,1986,,,,Tech. rep. Technical Report RJ5118,semanticscholar,,CS068,S173,CS068,,included,no,,0,title-screen,,,,Keyword score is prioritization only; it is not an eligibility or exclusion decision.
CG0310,unknown:semanticscholar:cs068:references:0:40,20260731T072800Z-closest-wave2-semanticscholar,Received 2023-11-16; accepted 2024-03-31,,,,,Proc. ACM,semanticscholar,,CS068,S173,CS068,,unknown-date,no,,0,manual-date-check,,,,Keyword score is prioritization only; it is not an eligibility or exclusion decision.
CG0311,unknown:semanticscholar:cs068:references:0:41,20260731T072800Z-closest-wave2-semanticscholar,"co ⊆ Ð l ∈ Loc W l × W l (where W l △ = { init } ∪ {⟨ t , i , l ⟩ ∈ 𝐸 | l = W _ ( l , _ )} ) called the coherence order , a strict partial order that is total on W l for every location l ∈ Loc",,,,,,semanticscholar,,CS068,S173,CS068,,unknown-date,no,,0,manual-date-check,,,,Keyword score is prioritization only; it is not an eligibility or exclusion decision.
CG0312,unknown:semanticscholar:cs068:references:0:42,20260731T072800Z-closest-wave2-semanticscholar,"“Spore: Combining Symmetry and Partial Order Reduction (supplementary material),”",,,,,2024b,semanticscholar,,CS068,S173,CS068,,unknown-date,no,,0,manual-date-check,,,,Keyword score is prioritization only; it is not an eligibility or exclusion decision.
CG0313,unknown:semanticscholar:cs068:references:0:43,20260731T072800Z-closest-wave2-semanticscholar,Combining Symmetry,,,,,and,semanticscholar,,CS068,S173,CS068,,unknown-date,no,,0,manual-date-check,,,,Keyword score is prioritization only; it is not an eligibility or exclusion decision.
CG0177,doi:10.1145/2814270.2814286,20260731T072700Z-closest-wave2-opencitations;20260731T072800Z-closest-wave2-semanticscholar,AutoMO: Automatic Inference of Memory Order Parameters for C/C++11,2015,2015-10-23,10.1145/2814270.2814286,,"Conference on Object-Oriented Programming Systems, Languages, and Applications",opencitations;seed-catalog;semanticscholar,10.1145/2814270.2814286;73f8ba8092afb9662f5f6e8614e0c1e7933d0128;DOI:10.1145/2814270.2814286,CS064;CS067,S169;S172,,CS064;CS067,included,yes,weak_or_relaxed_memory,4,existing-seed,,,,Keyword score is prioritization only; it is not an eligibility or exclusion decision.
CG0274,doi:10.70675/5c9ea897z1b59z4f1bza9d9z9019d5a87c13,20260731T072700Z-closest-wave2-opencitations;20260731T072800Z-closest-wave2-semanticscholar,Compiler optimisations and relaxed memory consistency models. (Optimisations des compilateurs et modèles mémoire relâchés),2017,2017-04-05,10.70675/5c9ea897z1b59z4f1bza9d9z9019d5a87c13,,,seed-catalog;semanticscholar,371389825f57edd2786bf534349cd08a71231391;DOI:10.70675/5c9ea897z1b59z4f1bza9d9z9019d5a87c13,CS066;CS067,S171;S172,,CS067,included,yes,weak_or_relaxed_memory,4,existing-seed,,,,Keyword score is prioritization only; it is not an eligibility or exclusion decision.
CG0093,doi:10.1007/s10009-016-0415-4,20260731T072700Z-closest-wave2-opencitations;20260731T072800Z-closest-wave2-semanticscholar,An Integrated Specification and Verification Technique for Highly Concurrent Data Structures,2017,2016-03-16,10.1007/s10009-016-0415-4,,International Journal on Software Tools for Technology Transfer (STTT),opencitations;seed-catalog;semanticscholar,10.1007/s10009-016-0415-4;DOI:10.1007/s10009-016-0415-4;dcf9388933925e2fbdcefd3db9628d0eadd8f33d,CS065,S170,,,included,yes,formal_verification,2,existing-seed,,,,Keyword score is prioritization only; it is not an eligibility or exclusion decision.
CG0148,doi:10.1145/2429069.2429099,20260731T072700Z-closest-wave2-opencitations;20260731T072800Z-closest-wave2-semanticscholar,Library Abstraction for C/C++ Concurrency,2013,2013,10.1145/2429069.2429099,,,opencitations;seed-catalog,10.1145/2429069.2429099;DOI:10.1145/2429069.2429099,CS064;CS067,S169;S172,CS064;CS067,,included,yes,,0,existing-seed,,,,Keyword score is prioritization only; it is not an eligibility or exclusion decision.
CG0238,doi:10.1145/3656449,20260731T072700Z-closest-wave2-opencitations;20260731T072800Z-closest-wave2-semanticscholar,SPORE: Combining Symmetry and Partial Order Reduction,2024,2024-06-20,10.1145/3656449,,,opencitations;seed-catalog,10.1145/3656449;DOI:10.1145/3656449,CS068,S173,CS068,CS068,included,yes,,0,existing-seed,,,,Keyword score is prioritization only; it is not an eligibility or exclusion decision.
