candidate_id,work_key,retrieval_run_ids,title,year,publication_date,doi,arxiv_id,venue,providers,provider_work_ids,retrieval_seed_ids,retrieval_screening_record_ids,reference_seed_ids,citation_seed_ids,cutoff_status,is_existing_seed,matched_categories,priority_score,triage_state,screening_decision,reviewer,review_date,notes
CG0087,arxiv:2510.10818,20260731T091700Z-legacy-promotions-semanticscholar,Fair Kernel-Lock-Free Claim/Release Protocol for Shared Object Access in Cooperatively Scheduled Runtimes,2025,2025-10-12,10.48550/arxiv.2510.10818,2510.10818,arXiv.org,semanticscholar,b084eac22289fecd1dacd0895fe1f260525cf0a1,CS082,S202,,CS082,included,no,fairness_or_justice;progress,8,priority-title-screen,,,,Keyword score is prioritization only; it is not an eligibility or exclusion decision.
CG0367,doi:10.1007/978-3-540-68863-1_6,20260731T091600Z-legacy-promotions-opencitations;20260731T091700Z-legacy-promotions-semanticscholar,Mechanizing a Correctness Proof for a Lock-Free Concurrent Stack,2008,2008-06-04,10.1007/978-3-540-68863-1_6,,International Conference on Formal Methods for Open Object-Based Distributed Systems,opencitations;semanticscholar,10.1007/978-3-540-68863-1_6;bf1cacd328c5f1100e4223dad7b2c4d416b4c31f,CS084;CS090;CS098;CS105,S204;S210;S218;S225,CS084;CS090,CS098;CS105,included,no,progress;concurrent_stack;formal_verification,8,priority-title-screen,,,,Keyword score is prioritization only; it is not an eligibility or exclusion decision.
CG0448,doi:10.1007/978-3-642-23283-1_16,20260731T091600Z-legacy-promotions-opencitations;20260731T091700Z-legacy-promotions-semanticscholar,Formal Verification of a Lock-Free Stack with Hazard Pointers,2011,2011-08-31,10.1007/978-3-642-23283-1_16,,International Colloquium on Theoretical Aspects of Computing,opencitations;semanticscholar,10.1007/978-3-642-23283-1_16;3dfa980641a367df91391f67f68bbe4526d7d504,CS094;CS095;CS101,S214;S215;S221,CS094;CS095,CS101,included,no,progress;concurrent_stack;formal_verification,8,priority-title-screen,,,,Keyword score is prioritization only; it is not an eligibility or exclusion decision.
CG0793,doi:10.1109/sefm.2007.2,20260731T091600Z-legacy-promotions-opencitations;20260731T091700Z-legacy-promotions-semanticscholar,A Scalable Lock-Free Stack Algorithm and its Verification,2007,2007-09-10,10.1109/sefm.2007.2,,IEEE International Conference on Software Engineering and Formal Methods,opencitations;semanticscholar,10.1109/sefm.2007.2;8adf88cdc343ce19c24560946e0ceb9902760543,CS105,S225,,CS105,included,no,progress;concurrent_stack;formal_verification,8,priority-title-screen,,,,Keyword score is prioritization only; it is not an eligibility or exclusion decision.
CG0868,doi:10.1145/1190216.1190261,20260731T091600Z-legacy-promotions-opencitations;20260731T091700Z-legacy-promotions-semanticscholar,Modular verification of a non-blocking stack,2007,2007-01-17,10.1145/1190216.1190261,,ACM-SIGACT Symposium on Principles of Programming Languages,opencitations;semanticscholar,10.1145/1190216.1190261;90e95ec376698d5048a962dd86e0583f3f83f361,CS084;CS088;CS094;CS095,S204;S208;S214;S215,CS084;CS088;CS094;CS095,,included,no,progress;concurrent_stack;formal_verification,8,priority-title-screen,,,,Keyword score is prioritization only; it is not an eligibility or exclusion decision.
CG1374,doi:10.1145/3729248,20260731T091600Z-legacy-promotions-opencitations;20260731T091700Z-legacy-promotions-semanticscholar,Verifying Lock-Free Traversals in Relaxed Memory Separation Logic,2025,2025-06-10,10.1145/3729248,,Proc. ACM Program. Lang.,opencitations;semanticscholar,10.1145/3729248;d0b4ec1ed425e650bc27197e0cb4ed98dfd93594,CS081;CS086;CS087,S201;S206;S207,,CS081;CS086;CS087,included,no,weak_or_relaxed_memory;progress,7,priority-title-screen,,,,Keyword score is prioritization only; it is not an eligibility or exclusion decision.
CG0076,arxiv:2404.03113,20260731T091700Z-legacy-promotions-semanticscholar,QED: Scalable Verification of Hardware Memory Consistency,2024,2024-04-03,10.48550/arxiv.2404.03113,2404.03113,arXiv.org,semanticscholar,58f3bfdff036699d51364d20cdc131bf3acfb488,CS106,S226,,CS106,included,no,weak_or_relaxed_memory;formal_verification,6,priority-title-screen,,,,Keyword score is prioritization only; it is not an eligibility or exclusion decision.
CG0111,doi:10.1002/smr.70149,20260731T091700Z-legacy-promotions-semanticscholar,A Lightweight Modeling and Verification Framework for Programs Over Weak Memory Models in an Algebraic Semantics Style,2026,2026-07-01,10.1002/smr.70149,,Journal of Software: Evolution and Process,semanticscholar,282265e14780c1ee5541b8a56293e0446162a2fb,CS106,S226,,CS106,included,no,weak_or_relaxed_memory;formal_verification,6,priority-title-screen,,,,Keyword score is prioritization only; it is not an eligibility or exclusion decision.
CG0836,doi:10.1145/1007912.1007944,20260731T091600Z-legacy-promotions-opencitations;20260731T091700Z-legacy-promotions-semanticscholar,A scalable lock-free stack algorithm,2004,2004-06-27,10.1145/1007912.1007944,,ACM Symposium on Parallelism in Algorithms and Architectures,opencitations;semanticscholar,10.1145/1007912.1007944;a8b5e903503be0d4acc024003ac2c908eb4a48b3,CS079;CS083;CS084;CS090;CS093;CS098;CS100;CS102,S199;S203;S204;S210;S213;S218;S220;S222,CS079;CS083;CS084;CS090;CS093;CS098;CS100;CS102,,included,no,progress;concurrent_stack,6,priority-title-screen,,,,Keyword score is prioritization only; it is not an eligibility or exclusion decision.
CG1259,doi:10.1145/3473571,20260731T091700Z-legacy-promotions-semanticscholar,Formal verification of a concurrent bounded queue in a weak memory model,2021,2021-08-18,10.1145/3473571,,Proc. ACM Program. Lang.,semanticscholar,57ac041a03a6c88ba46a359595b7c1c94686103f,CS081,S201,,CS081,included,no,weak_or_relaxed_memory;formal_verification,6,priority-title-screen,,,,Keyword score is prioritization only; it is not an eligibility or exclusion decision.
CG1264,doi:10.1145/3477132.3483560,20260731T091600Z-legacy-promotions-opencitations;20260731T091700Z-legacy-promotions-semanticscholar,Formal Verification of a Multiprocessor Hypervisor on Arm Relaxed Memory Hardware,2021,2021-10-26,10.1145/3477132.3483560,,Symposium on Operating Systems Principles,opencitations;semanticscholar,10.1145/3477132.3483560;59c83a2ced9816343098d85cdc7c12d806838fce,CS106,S226,,CS106,included,no,weak_or_relaxed_memory;formal_verification,6,priority-title-screen,,,,Keyword score is prioritization only; it is not an eligibility or exclusion decision.
CG1289,doi:10.1145/3545117,20260731T091600Z-legacy-promotions-opencitations;20260731T091700Z-legacy-promotions-semanticscholar,Unifying Operational Weak Memory Verification: An Axiomatic Approach,2022,2022-06-27,10.1145/3545117,,ACM Transactions on Computational Logic,opencitations;semanticscholar,10.1145/3545117;43aba7894fd78dd025cccb0c212a977341cd9630,CS106,S226,,CS106,included,no,weak_or_relaxed_memory;formal_verification,6,priority-title-screen,,,,Keyword score is prioritization only; it is not an eligibility or exclusion decision.
CG1352,doi:10.1145/3656384,20260731T091600Z-legacy-promotions-opencitations;20260731T091700Z-legacy-promotions-semanticscholar,A Proof Recipe for Linearizability in Relaxed Memory Separation Logic,2024,2024-06-20,10.1145/3656384,,Proc. ACM Program. Lang.,opencitations;semanticscholar,10.1145/3656384;81cc2bcf765e925a61e6decd7e1679a83d6faafa,CS086;CS087;CS100,S206;S207;S220,,CS086;CS087;CS100,included,no,weak_or_relaxed_memory;formal_verification,6,priority-title-screen,,,,Keyword score is prioritization only; it is not an eligibility or exclusion decision.
CG1777,s2:a1660ac1f1962a507080334a023129a3e732351a,20260731T091700Z-legacy-promotions-semanticscholar,Digital Comprehensive Summaries of Uppsala Dissertations from the Faculty of Science and Technology 1745 Model Checking of Software Systems under Weak Memory Models,2018,,,,,semanticscholar,a1660ac1f1962a507080334a023129a3e732351a,CS081,S201,,CS081,included,no,weak_or_relaxed_memory;formal_verification,6,priority-title-screen,,,,Keyword score is prioritization only; it is not an eligibility or exclusion decision.
CG0271,doi:10.1007/978-3-319-10181-1_22,20260731T091600Z-legacy-promotions-opencitations;20260731T091700Z-legacy-promotions-semanticscholar,A Compositional Proof Method for Linearizability Applied to a Wait-Free Multiset,2014,2014-09-09,10.1007/978-3-319-10181-1_22,,International Conference on Integrated Formal Methods,opencitations;semanticscholar,10.1007/978-3-319-10181-1_22;e0015e2012abf38425e1fe63d6262701c4f6cca8,CS100,S220,,CS100,included,no,progress;formal_verification,5,priority-title-screen,,,,Keyword score is prioritization only; it is not an eligibility or exclusion decision.
CG0354,doi:10.1007/978-3-540-30232-2_7,20260731T091600Z-legacy-promotions-opencitations;20260731T091700Z-legacy-promotions-semanticscholar,Formal Verification of a Practical Lock-Free Queue Algorithm,2004,2004-09-27,10.1007/978-3-540-30232-2_7,,Formal Techniques for (Networked and) Distributed Systems,opencitations;semanticscholar,10.1007/978-3-540-30232-2_7;fe45719732b4b2cfc845e0906567f5bf2f2903be,CS082;CS083;CS084;CS090;CS091;CS092;CS096;CS097;CS098;CS099;CS100;CS105,S202;S203;S204;S210;S211;S212;S216;S217;S218;S219;S220;S225,CS082;CS083;CS084;CS090;CS091;CS092;CS096;CS097;CS098;CS099;CS100;CS105,,included,no,progress;formal_verification,5,priority-title-screen,,,,Keyword score is prioritization only; it is not an eligibility or exclusion decision.
CG0423,doi:10.1007/978-3-642-13321-3_21,20260731T091600Z-legacy-promotions-opencitations;20260731T091700Z-legacy-promotions-semanticscholar,Temporal Logic Verification of Lock-Freedom,2010,2010-06-21,10.1007/978-3-642-13321-3_21,,International Conference on Mathematics of Program Construction,opencitations;semanticscholar,10.1007/978-3-642-13321-3_21;869ae96da6326045f6dcfd0c7dbf4574a19aabcf,CS089;CS098,S209;S218,,CS089;CS098,included,no,progress;formal_verification,5,priority-title-screen,,,,Keyword score is prioritization only; it is not an eligibility or exclusion decision.
CG0530,doi:10.1007/978-3-662-49498-1_8,20260731T091600Z-legacy-promotions-opencitations;20260731T091700Z-legacy-promotions-semanticscholar,Modular Termination Verification for Non-blocking Concurrency,2016,2016-04-02,10.1007/978-3-662-49498-1_8,,European Symposium on Programming,opencitations;semanticscholar,10.1007/978-3-662-49498-1_8;b1eaf624d6f3239d54d55b576b655c0173c44cce,CS089;CS104,S209;S224,CS104,CS089,included,no,progress;formal_verification,5,priority-title-screen,,,,Keyword score is prioritization only; it is not an eligibility or exclusion decision.
CG0701,doi:10.1109/acsd.2009.10,20260731T091600Z-legacy-promotions-opencitations;20260731T091700Z-legacy-promotions-semanticscholar,Formal Verification of Lock-Free Algorithms,2009,2009-07-01,10.1109/acsd.2009.10,,2009 Ninth International Conference on Application of Concurrency to System Design,opencitations;semanticscholar,10.1109/acsd.2009.10;ad675fb6a522e5761918bde052c03f3ba1360f15,CS084;CS090;CS097;CS098;CS099;CS105,S204;S210;S217;S218;S219;S225,,CS084;CS090;CS097;CS098;CS099;CS105,included,no,progress;formal_verification,5,priority-title-screen,,,,Keyword score is prioritization only; it is not an eligibility or exclusion decision.
CG0729,doi:10.1109/iceccs.2005.49,20260731T091600Z-legacy-promotions-opencitations;20260731T091700Z-legacy-promotions-semanticscholar,Formal verification of an array-based nonblocking queue,2005,2005-06-16,10.1109/iceccs.2005.49,,IEEE International Conference on Engineering of Complex Computer Systems,opencitations;semanticscholar,10.1109/iceccs.2005.49;2f58671554cc431f10cdc6cafa5549b0d48ab090,CS105,S225,CS105,,included,no,progress;formal_verification,5,priority-title-screen,,,,Keyword score is prioritization only; it is not an eligibility or exclusion decision.
CG0737,doi:10.1109/icpp.1993.21,20260731T091700Z-legacy-promotions-semanticscholar,"A Fair Fast Scalable Rea,der-Writer Lock",1993,1993-08-16,10.1109/icpp.1993.21,,International Conference on Parallel Processing,semanticscholar,5c4225c1f1558c77f1501505dec21cd53c94d194,CS088,S208,CS088,,included,no,fairness_or_justice,5,priority-title-screen,,,,Keyword score is prioritization only; it is not an eligibility or exclusion decision.
CG1031,doi:10.1145/2603088.2603123,20260731T091600Z-legacy-promotions-opencitations;20260731T091700Z-legacy-promotions-semanticscholar,Compositional verification of termination-preserving refinement of concurrent programs,2014,2014-07-14,10.1145/2603088.2603123,,CSL-LICS,opencitations;semanticscholar,10.1145/2603088.2603123;997c2c6b5b168e4647fbc4bcabccddf1faef8cc1,CS080;CS083;CS089;CS093;CS104,S200;S203;S209;S213;S224,CS083;CS093;CS104,CS080;CS089,included,no,progress;formal_verification,5,priority-title-screen,,,,Keyword score is prioritization only; it is not an eligibility or exclusion decision.
CG1085,doi:10.1145/2837614.2837635,20260731T091600Z-legacy-promotions-opencitations;20260731T091700Z-legacy-promotions-semanticscholar,A program logic for concurrent objects under fair scheduling,2016,2016-01-11,10.1145/2837614.2837635,,ACM-SIGACT Symposium on Principles of Programming Languages,opencitations;semanticscholar,10.1145/2837614.2837635;978a78bc13f4fe31c8db114d70508447f3b78edb,CS079;CS080;CS084;CS089;CS104,S199;S200;S204;S209;S224,CS104,CS079;CS080;CS084;CS089,included,no,fairness_or_justice,5,priority-title-screen,,,,Keyword score is prioritization only; it is not an eligibility or exclusion decision.
CG1240,doi:10.1145/3434291,20260731T091600Z-legacy-promotions-opencitations;20260731T091700Z-legacy-promotions-semanticscholar,Mechanized logical relations for termination-insensitive noninterference,2021,2021-01-04,10.1145/3434291,,Proc. ACM Program. Lang.,opencitations;semanticscholar,10.1145/3434291;603c81912a7aa1a7aa95827ddba53f6f37d5cb96,CS087,S207,CS087,,included,no,progress;formal_verification,5,priority-title-screen,,,,Keyword score is prioritization only; it is not an eligibility or exclusion decision.
CG1320,doi:10.1145/3591253,20260731T091600Z-legacy-promotions-opencitations;20260731T091700Z-legacy-promotions-semanticscholar,Fair Operational Semantics,2023,2023-06-06,10.1145/3591253,,Proc. ACM Program. Lang.,opencitations;semanticscholar,10.1145/3591253;c343a15f1f983b13534aba0871981fc4cc46b217,CS079;CS080,S199;S200,,CS079;CS080,included,no,fairness_or_justice,5,priority-title-screen,,,,Keyword score is prioritization only; it is not an eligibility or exclusion decision.
CG1373,doi:10.1145/3729246,20260731T091600Z-legacy-promotions-opencitations;20260731T091700Z-legacy-promotions-semanticscholar,Verifying General-Purpose RCU for Reclamation in Relaxed Memory Separation Logic,2025,2025-06-10,10.1145/3729246,,Proc. ACM Program. Lang.,opencitations;semanticscholar,10.1145/3729246;c4f35adde3c9f7ca7ea4adc948e4bab526280f26,CS081;CS094;CS101,S201;S214;S221,,CS081;CS094;CS101,included,no,weak_or_relaxed_memory;reclamation_or_aba,5,priority-title-screen,,,,Keyword score is prioritization only; it is not an eligibility or exclusion decision.
CG1380,doi:10.1145/3744236,20260731T091700Z-legacy-promotions-semanticscholar,Adaptive and Fair Transformation for Recoverable Mutual Exclusion,2021,2021-10-15,10.1145/3744236,2110.08308,Journal of the ACM,semanticscholar,2963fb52bfd41fe337e59412d88164d5769a3e9c,CS081,S201,,CS081,included,no,fairness_or_justice,5,priority-title-screen,,,,Keyword score is prioritization only; it is not an eligibility or exclusion decision.
CG1469,doi:10.26686/wgtn.17004076,20260731T091700Z-legacy-promotions-semanticscholar,On the Use of Model Checking for the Bounded and Unbounded Verification of Nonblocking Concurrent Data Structures,2013,,10.26686/wgtn.17004076,,,semanticscholar,39073bfbe27e5411ef5262f9c6d9e3225dacec26,CS081;CS082;CS084;CS089;CS092;CS096;CS097;CS098;CS099;CS105,S201;S202;S204;S209;S212;S216;S217;S218;S219;S225,CS092,CS081;CS082;CS084;CS089;CS096;CS097;CS098;CS099;CS105,included,no,progress;formal_verification,5,priority-title-screen,,,,Keyword score is prioritization only; it is not an eligibility or exclusion decision.
CG1472,doi:10.29007/n3nk,20260731T091700Z-legacy-promotions-semanticscholar,A simple proof system for lock-free concurrency,2010,,10.29007/n3nk,,PSPL@LICS,semanticscholar,73fe887ed6ab92ef71a9284e7b1357b1c2a63e84,CS089,S209,,CS089,included,no,progress;formal_verification,5,priority-title-screen,,,,Keyword score is prioritization only; it is not an eligibility or exclusion decision.
CG1597,s2:26bcc72aaa4b556da051c15e9d4f2936fcf3c224,20260731T091700Z-legacy-promotions-semanticscholar,Verification of Lock-free Scalable Synchronous Queue ( Technical Report ),2011,,,,,semanticscholar,26bcc72aaa4b556da051c15e9d4f2936fcf3c224,CS089;CS100;CS101,S209;S220;S221,,CS089;CS100;CS101,included,no,progress;formal_verification,5,priority-title-screen,,,,Keyword score is prioritization only; it is not an eligibility or exclusion decision.
CG1636,s2:4511a87c0fdb840a40ee9dd241e366e822f69976,20260731T091700Z-legacy-promotions-semanticscholar,Progress-based verification and derivation of concurrent programs,2009,2009-03-01,,,,semanticscholar,4511a87c0fdb840a40ee9dd241e366e822f69976,CS078;CS091,S198;S211,CS078;CS091,,included,no,progress;formal_verification,5,priority-title-screen,,,,Keyword score is prioritization only; it is not an eligibility or exclusion decision.
CG1640,s2:4922ddb355c190c7de1ae15383fa4455b8dae491,20260731T091700Z-legacy-promotions-semanticscholar,A proof system for lock-free concurrency,2013,,,,,semanticscholar,4922ddb355c190c7de1ae15383fa4455b8dae491,CS089,S209,,CS089,included,no,progress;formal_verification,5,priority-title-screen,,,,Keyword score is prioritization only; it is not an eligibility or exclusion decision.
CG1702,s2:6ebbaf8efc7a52890ea144a9a744ee69492c7c1a,20260731T091700Z-legacy-promotions-semanticscholar,A Program Logic for Contextual Refinement of Concurrent Objects under Fair Scheduling,2015,,,,,semanticscholar,6ebbaf8efc7a52890ea144a9a744ee69492c7c1a,CS080;CS084;CS089,S200;S204;S209,,CS080;CS084;CS089,included,no,fairness_or_justice,5,priority-title-screen,,,,Keyword score is prioritization only; it is not an eligibility or exclusion decision.
CG1717,s2:77bf635b620a5c914de22261a822cc65c1a87052,20260731T091700Z-legacy-promotions-semanticscholar,Correctness and Progress Verification of Non-Blocking Programs,2019,,,,,semanticscholar,77bf635b620a5c914de22261a822cc65c1a87052,CS103,S223,,CS103,included,no,progress;formal_verification,5,priority-title-screen,,,,Keyword score is prioritization only; it is not an eligibility or exclusion decision.
CG1784,s2:a8bc843ca510bb73aede9b0f23cd55252009b108,20260731T091700Z-legacy-promotions-semanticscholar,A proof system for lock-free concurrency,2012,,,,,semanticscholar,a8bc843ca510bb73aede9b0f23cd55252009b108,CS089,S209,,CS089,included,no,progress;formal_verification,5,priority-title-screen,,,,Keyword score is prioritization only; it is not an eligibility or exclusion decision.
CG1854,s2:d07e6fdd617e0ff8f130bf6749857d725f8b85eb,20260731T091700Z-legacy-promotions-semanticscholar,Formal Verification of Lock-Free Algorithms (Invited Paper),2009,,,,,semanticscholar,d07e6fdd617e0ff8f130bf6749857d725f8b85eb,CS097;CS099;CS105,S217;S219;S225,,CS097;CS099;CS105,included,no,progress;formal_verification,5,priority-title-screen,,,,Keyword score is prioritization only; it is not an eligibility or exclusion decision.
CG1873,s2:df52db4bcdb3a86f210a1a34500014736e27a563,20260731T091700Z-legacy-promotions-semanticscholar,Modular full functional specification and verification of lock-free data structures,2009,2009-06-01,,,,semanticscholar,df52db4bcdb3a86f210a1a34500014736e27a563,CS089,S209,,CS089,included,no,progress;formal_verification,5,priority-title-screen,,,,Keyword score is prioritization only; it is not an eligibility or exclusion decision.
CG1912,s2:fe1679e9ed659a34500b51c631f6ae6564d4fb1e,20260731T091700Z-legacy-promotions-semanticscholar,Under Consideration for Publication in Formal Aspects of Computing Explanation by Refinement and Linearisability of Two Non-blocking Shared-variable Communication Algorithms,,,,,,semanticscholar,fe1679e9ed659a34500b51c631f6ae6564d4fb1e,CS089,S209,,CS089,unknown-date,no,progress;formal_verification,5,manual-date-check,,,,Keyword score is prioritization only; it is not an eligibility or exclusion decision.
CG0015,arxiv:1512.01416,20260731T091700Z-legacy-promotions-semanticscholar,New Lace and Arsenic: adventures in weak memory with a program logic,2015,2015-12-04,,1512.01416,arXiv.org,semanticscholar,2f0e9c714c85a35322040fefa64f4fb517ff9fc6,CS089,S209,,CS089,included,no,weak_or_relaxed_memory,4,title-screen,,,,Keyword score is prioritization only; it is not an eligibility or exclusion decision.
CG0032,arxiv:1802.04954,20260731T091700Z-legacy-promotions-semanticscholar,A sound and complete definition of linearizability on weak memory models,2018,2018-02-14,,1802.04954,arXiv.org,semanticscholar,48d691d3fca1ee7219d12178d0981b299c525b3d,CS078;CS079;CS084,S198;S199;S204,,CS078;CS079;CS084,included,no,weak_or_relaxed_memory,4,title-screen,,,,Keyword score is prioritization only; it is not an eligibility or exclusion decision.
CG0036,arxiv:1904.05389,20260731T091700Z-legacy-promotions-semanticscholar,Compiling a Calculus for Relaxed Memory: Practical constraint-based low-level concurrency,2019,2019-04-10,,1904.05389,arXiv.org,semanticscholar,e040bc839ef22996be7f6283e64b258c80aac8a4,CS081,S201,,CS081,included,no,weak_or_relaxed_memory,4,title-screen,,,,Keyword score is prioritization only; it is not an eligibility or exclusion decision.
CG0052,arxiv:2105.02444,20260731T091700Z-legacy-promotions-semanticscholar,"Parallelized sequential composition, pipelines, and hardware weak memory models",2021,2021-05-06,,2105.02444,arXiv.org,semanticscholar,64e164b79d64a8a6d36526e2c046ee46d4894e0a,CS106,S226,,CS106,included,no,weak_or_relaxed_memory,4,title-screen,,,,Keyword score is prioritization only; it is not an eligibility or exclusion decision.
CG0054,arxiv:2108.02763,20260731T091700Z-legacy-promotions-semanticscholar,Crystalline: Fast and Memory Efficient Wait-Free Reclamation,2021,2021-08-05,,2108.02763,arXiv.org,semanticscholar,10d384e6be951c9b690abd79acff02366ad7ec3c,CS081,S201,,CS081,included,no,progress;reclamation_or_aba,4,title-screen,,,,Keyword score is prioritization only; it is not an eligibility or exclusion decision.
CG0063,arxiv:2210.17086,20260731T091700Z-legacy-promotions-semanticscholar,EEMARQ: Efficient Lock-Free Range Queries with Memory Reclamation,2022,2022-10-31,10.48550/arxiv.2210.17086,2210.17086,International Conference on Principles of Distributed Systems,semanticscholar,3ca9875e4d1316c303cdb61f850ee3bef45573be,CS081,S201,,CS081,included,no,progress;reclamation_or_aba,4,title-screen,,,,Keyword score is prioritization only; it is not an eligibility or exclusion decision.
CG0064,arxiv:2211.16330,20260731T091700Z-legacy-promotions-semanticscholar,Reasoning about Promises in Weak Memory Models with Event Structures (Extended Version),2022,2022-11-29,10.48550/arxiv.2211.16330,2211.16330,arXiv.org,semanticscholar,0fdfaf236ed7b69a855e7233bd16736236887063,CS106,S226,,CS106,included,no,weak_or_relaxed_memory,4,title-screen,,,,Keyword score is prioritization only; it is not an eligibility or exclusion decision.
CG0110,doi:10.1002/cpe.70484,20260731T091600Z-legacy-promotions-opencitations;20260731T091700Z-legacy-promotions-semanticscholar,Weak Memory Model Formalisms: Introduction and Survey,2026,2025-08-06,10.1002/cpe.70484,2508.04115,Concurrency and Computation,opencitations;semanticscholar,10.1002/cpe.70484;51e769bec6764d1b6637973728b96a8c194b00f3,CS106,S226,,CS106,included,no,weak_or_relaxed_memory,4,title-screen,,,,Keyword score is prioritization only; it is not an eligibility or exclusion decision.
CG0234,doi:10.1007/978-3-030-92124-8_12,20260731T091600Z-legacy-promotions-opencitations;20260731T091700Z-legacy-promotions-semanticscholar,Parallelized Sequential Composition and Hardware Weak Memory Models,2021,2021,10.1007/978-3-030-92124-8_12,,IEEE International Conference on Software Engineering and Formal Methods,opencitations;semanticscholar,10.1007/978-3-030-92124-8_12;95057986c5d76ef183b2a4e236de40535cf92a98,CS106,S226,,CS106,included,no,weak_or_relaxed_memory,4,title-screen,,,,Keyword score is prioritization only; it is not an eligibility or exclusion decision.
CG0259,doi:10.1007/978-3-319-03077-7_21,20260731T091600Z-legacy-promotions-opencitations;20260731T091700Z-legacy-promotions-semanticscholar,SPIN as a Linearizability Checker under Weak Memory Models,2013,2013-11-05,10.1007/978-3-319-03077-7_21,,Haifa Verification Conference,opencitations;semanticscholar,10.1007/978-3-319-03077-7_21;e7b713d44e9ac45843ccbd6bfdc09f9e27f72776,CS084;CS098,S204;S218,,CS084;CS098,included,no,weak_or_relaxed_memory,4,title-screen,,,,Keyword score is prioritization only; it is not an eligibility or exclusion decision.
CG0282,doi:10.1007/978-3-319-19249-9_12,20260731T091600Z-legacy-promotions-opencitations;20260731T091700Z-legacy-promotions-semanticscholar,A Framework for Correctness Criteria on Weak Memory Models,2015,2015-06-24,10.1007/978-3-319-19249-9_12,,World Congress on Formal Methods,opencitations;semanticscholar,10.1007/978-3-319-19249-9_12;4251fc8169809316491a0f16e5406dc87648d5a8,CS084,S204,,CS084,included,no,weak_or_relaxed_memory,4,title-screen,,,,Keyword score is prioritization only; it is not an eligibility or exclusion decision.
CG0311,doi:10.1007/978-3-319-60225-7_8,20260731T091600Z-legacy-promotions-opencitations;20260731T091700Z-legacy-promotions-semanticscholar,An Observational Approach to Defining Linearizability on Weak Memory Models,2017,2017-06-19,10.1007/978-3-319-60225-7_8,,Formal Techniques for (Networked and) Distributed Systems,opencitations;semanticscholar,10.1007/978-3-319-60225-7_8;b7e6863acd8c7e0f997d8c6530c5d88d824e86f3,CS084;CS089,S204;S209,,CS084;CS089,included,no,weak_or_relaxed_memory,4,title-screen,,,,Keyword score is prioritization only; it is not an eligibility or exclusion decision.
CG0529,doi:10.1007/978-3-662-49122-5_20,20260731T091600Z-legacy-promotions-opencitations;20260731T091700Z-legacy-promotions-semanticscholar,A Program Logic for C11 Memory Fences,2016,2016-01-17,10.1007/978-3-662-49122-5_20,,"International Conference on Verification, Model Checking and Abstract Interpretation",opencitations;semanticscholar,10.1007/978-3-662-49122-5_20;5b91aa1411d11fdac8914b455b84b9d41f22dd73,CS086,S206,CS086,,included,no,weak_or_relaxed_memory,4,title-screen,,,,Keyword score is prioritization only; it is not an eligibility or exclusion decision.
CG0566,doi:10.1007/s00165-019-00499-8,20260731T091600Z-legacy-promotions-opencitations;20260731T091700Z-legacy-promotions-semanticscholar,Linearizability on hardware weak memory models,2020,2019-11-15,10.1007/s00165-019-00499-8,,Formal Aspects of Computing,opencitations;semanticscholar,10.1007/s00165-019-00499-8;48c3d0e0c9907427e45d06ce3b1fb761fe46e39f,CS078;CS079;CS084,S198;S199;S204,,CS078;CS079;CS084,included,no,weak_or_relaxed_memory,4,title-screen,,,,Keyword score is prioritization only; it is not an eligibility or exclusion decision.
CG0654,doi:10.1016/j.jpdc.2012.06.001,20260731T091700Z-legacy-promotions-semanticscholar,Weak atomicity for the x86 memory consistency model,2012,2012-10-01,10.1016/j.jpdc.2012.06.001,,J. Parallel Distributed Comput.,semanticscholar,d109f334be252a373c3267408ca1b1a1835f1b4b,CS081,S201,,CS081,included,no,weak_or_relaxed_memory,4,title-screen,,,,Keyword score is prioritization only; it is not an eligibility or exclusion decision.
CG0658,doi:10.1016/j.jpdc.2021.04.007,20260731T091700Z-legacy-promotions-semanticscholar,On the implementation of memory reclamation methods in a lock-free hash trie design,2021,,10.1016/j.jpdc.2021.04.007,,J. Parallel Distributed Comput.,semanticscholar,3cdc8a970e1882d9dca80703580539ac088957ec,CS081,S201,,CS081,included,no,progress;reclamation_or_aba,4,title-screen,,,,Keyword score is prioritization only; it is not an eligibility or exclusion decision.
CG0700,doi:10.1109/access.2020.3024681,20260731T091600Z-legacy-promotions-opencitations;20260731T091700Z-legacy-promotions-semanticscholar,A Program Logic for Reasoning About C11 Programs With Release-Sequences,2020,2020-09-18,10.1109/access.2020.3024681,,IEEE Access,opencitations;semanticscholar,10.1109/access.2020.3024681;976de737d2e1e1bdac129ed78a4ae14adbeebaf2,CS106,S226,,CS106,included,no,weak_or_relaxed_memory,4,title-screen,,,,Keyword score is prioritization only; it is not an eligibility or exclusion decision.
CG0762,doi:10.1109/isorc.2010.10,20260731T091600Z-legacy-promotions-opencitations;20260731T091700Z-legacy-promotions-semanticscholar,Understanding and Effectively Preventing the ABA Problem in Descriptor-Based Lock-Free Designs,2010,2010-05-05,10.1109/isorc.2010.10,,IEEE International Symposium on Object/Component/Service-Oriented Real-Time Distributed Computing,opencitations;semanticscholar,10.1109/isorc.2010.10;2fe159422eab95c284b6a9b3e9fef52a310c4527,CS081;CS094,S201;S214,CS094,CS081,included,no,progress;reclamation_or_aba,4,title-screen,,,,Keyword score is prioritization only; it is not an eligibility or exclusion decision.
CG0791,doi:10.1109/sbac-pad.2019.00039,20260731T091700Z-legacy-promotions-semanticscholar,Memory Reclamation Methods for Lock-Free Hash Tries,2019,2019-10-01,10.1109/sbac-pad.2019.00039,,Symposium on Computer Architecture and High Performance Computing,semanticscholar,836dffcb183d537dacd27fb76d7f5e85015b1f1e,CS081,S201,,CS081,included,no,progress;reclamation_or_aba,4,title-screen,,,,Keyword score is prioritization only; it is not an eligibility or exclusion decision.
CG0801,doi:10.1109/tase.2018.00021,20260731T091600Z-legacy-promotions-opencitations;20260731T091700Z-legacy-promotions-semanticscholar,Observational Models for Linearizability Checking on Weak Memory Models,2018,2018-08-01,10.1109/tase.2018.00021,,Theoretical Aspects of Software Engineering,opencitations;semanticscholar,10.1109/tase.2018.00021;1befa7d536a57dd3987f2f1108d08a5d6ff79241,CS084;CS089;CS098,S204;S209;S218,,CS084;CS089;CS098,included,no,weak_or_relaxed_memory,4,title-screen,,,,Keyword score is prioritization only; it is not an eligibility or exclusion decision.
CG0811,doi:10.1109/tpds.2004.8,20260731T091600Z-legacy-promotions-opencitations;20260731T091700Z-legacy-promotions-semanticscholar,Hazard pointers: safe memory reclamation for lock-free objects,2004,2004-06-01,10.1109/tpds.2004.8,,IEEE Transactions on Parallel and Distributed Systems,opencitations;semanticscholar,10.1109/tpds.2004.8;e7a2f4f2b5d6f8d160cc381f2b6b0a36f2e8081c,CS083;CS093;CS094;CS095;CS101,S203;S213;S214;S215;S221,CS083;CS093;CS094;CS095;CS101,,included,no,progress;reclamation_or_aba,4,title-screen,,,,Keyword score is prioritization only; it is not an eligibility or exclusion decision.
CG1005,doi:10.1145/2484239.2484267,20260731T091700Z-legacy-promotions-semanticscholar,A programming language perspective on transactional memory consistency,2013,2013-07-22,10.1145/2484239.2484267,,ACM SIGACT-SIGOPS Symposium on Principles of Distributed Computing,semanticscholar,17e811c7fe84ff21b95b3150314ee164662b10dc,CS079,S199,,CS079,included,no,weak_or_relaxed_memory,4,title-screen,,,,Keyword score is prioritization only; it is not an eligibility or exclusion decision.
CG1013,doi:10.1145/2509136.2509532,20260731T091600Z-legacy-promotions-opencitations;20260731T091700Z-legacy-promotions-semanticscholar,Relaxed separation logic: a program logic for C11 concurrency,2013,2013-10-29,10.1145/2509136.2509532,,"Conference on Object-Oriented Programming Systems, Languages, and Applications",opencitations;semanticscholar,10.1145/2509136.2509532;987adbbb4b5baff729cf3907d7f05a86e8651849,CS086,S206,CS086,,included,no,weak_or_relaxed_memory,4,title-screen,,,,Keyword score is prioritization only; it is not an eligibility or exclusion decision.
CG1125,doi:10.1145/3018743.3018749,20260731T091600Z-legacy-promotions-opencitations;20260731T091700Z-legacy-promotions-semanticscholar,Checking Concurrent Data Structures Under the C/C++11 Memory Model,2017,2017-01-26,10.1145/3018743.3018749,,ACM SIGPLAN Symposium on Principles & Practice of Parallel Programming,opencitations;semanticscholar,10.1145/3018743.3018749;3456741c745b0de504a49d85e59a3f180b8370db,CS097;CS099;CS100;CS102,S217;S219;S220;S222,,CS097;CS099;CS100;CS102,included,no,weak_or_relaxed_memory,4,title-screen,,,,Keyword score is prioritization only; it is not an eligibility or exclusion decision.
CG1137,doi:10.1145/3087556.3087588,20260731T091700Z-legacy-promotions-semanticscholar,Brief Announcement: Hazard Eras - Non-Blocking Memory Reclamation,2017,2017-07-24,10.1145/3087556.3087588,,ACM Symposium on Parallelism in Algorithms and Architectures,semanticscholar,47960bf1be93dd49b154218761ebfe3652673e39,CS081,S201,,CS081,included,no,progress;reclamation_or_aba,4,title-screen,,,,Keyword score is prioritization only; it is not an eligibility or exclusion decision.
CG1143,doi:10.1145/3131360,20260731T091600Z-legacy-promotions-opencitations;20260731T091700Z-legacy-promotions-semanticscholar,Characterizing Transactional Memory Consistency Conditions Using Observational Refinement,2018,2018-01-24,10.1145/3131360,,Journal of the ACM,opencitations;semanticscholar,10.1145/3131360;245c3e157ab8df11edb76d6aac22c0fb2ac2adce,CS079,S199,,CS079,included,no,weak_or_relaxed_memory,4,title-screen,,,,Keyword score is prioritization only; it is not an eligibility or exclusion decision.
CG1182,doi:10.1145/3290371,20260731T091600Z-legacy-promotions-opencitations;20260731T091700Z-legacy-promotions-semanticscholar,Decoupling lock-free data structures from memory reclamation for static analysis,2019,2019-01-02,10.1145/3290371,1810.10807,Proc. ACM Program. Lang.,opencitations;semanticscholar,08b891505944ac88d32824c27559097b240a59b8;10.1145/3290371,CS081;CS082;CS084;CS085;CS090;CS093;CS097;CS100;CS101;CS103;CS105,S201;S202;S204;S205;S210;S213;S217;S220;S221;S223;S225,,CS081;CS082;CS084;CS085;CS090;CS093;CS097;CS100;CS101;CS103;CS105,included,no,progress;reclamation_or_aba,4,title-screen,,,,Keyword score is prioritization only; it is not an eligibility or exclusion decision.
CG1186,doi:10.1145/3290381,20260731T091600Z-legacy-promotions-opencitations;20260731T091700Z-legacy-promotions-semanticscholar,On library correctness under weak memory consistency: specifying and verifying concurrent libraries under declarative consistency models,2019,2019-01-02,10.1145/3290381,,Proc. ACM Program. Lang.,opencitations;semanticscholar,10.1145/3290381;87302a001b7651772e3cdd14bfdd77b1ae049a70,CS100;CS103,S220;S223,,CS100;CS103,included,no,weak_or_relaxed_memory,4,title-screen,,,,Keyword score is prioritization only; it is not an eligibility or exclusion decision.
CG1188,doi:10.1145/3293611.3331575,20260731T091700Z-legacy-promotions-semanticscholar,Hyaline: Fast and Transparent Lock-Free Memory Reclamation,2019,2019-05-20,10.1145/3293611.3331575,,ACM SIGACT-SIGOPS Symposium on Principles of Distributed Computing,semanticscholar,f5de567ecb182152df55b2db630336c9cde2c63a,CS081,S201,,CS081,included,no,progress;reclamation_or_aba,4,title-screen,,,,Keyword score is prioritization only; it is not an eligibility or exclusion decision.
CG1202,doi:10.1145/3332466.3374540,20260731T091600Z-legacy-promotions-opencitations;20260731T091700Z-legacy-promotions-semanticscholar,Universal wait-free memory reclamation,2020,2020-01-07,10.1145/3332466.3374540,2001.01999,ACM SIGPLAN Symposium on Principles & Practice of Parallel Programming,opencitations;semanticscholar,0434d9a24019df0cad13e5a50d20a62b7fea5b6b;10.1145/3332466.3374540,CS081;CS095,S201;S215,CS095,CS081,included,no,progress;reclamation_or_aba,4,title-screen,,,,Keyword score is prioritization only; it is not an eligibility or exclusion decision.
CG1217,doi:10.1145/3371102,20260731T091600Z-legacy-promotions-opencitations;20260731T091700Z-legacy-promotions-semanticscholar,RustBelt meets relaxed memory,2019,2019-12-20,10.1145/3371102,,Proc. ACM Program. Lang.,opencitations;semanticscholar,10.1145/3371102;c88de80b3c06b222abe2326774db1ac056806e75,CS086,S206,CS086,,included,no,weak_or_relaxed_memory,4,title-screen,,,,Keyword score is prioritization only; it is not an eligibility or exclusion decision.
CG1219,doi:10.1145/3371136,20260731T091600Z-legacy-promotions-opencitations;20260731T091700Z-legacy-promotions-semanticscholar,Pointer life cycle types for lock-free data structures with memory reclamation,2020,2019-10-25,10.1145/3371136,1910.11714,Proc. ACM Program. Lang.,opencitations;semanticscholar,10.1145/3371136;5c8dc74913606fccdd143519764d8c17ce3dd4ea,CS081;CS082;CS084;CS085;CS093;CS097;CS099;CS100;CS101;CS103;CS105,S201;S202;S204;S205;S213;S217;S219;S220;S221;S223;S225,,CS081;CS082;CS084;CS085;CS093;CS097;CS099;CS100;CS101;CS103;CS105,included,no,progress;reclamation_or_aba,4,title-screen,,,,Keyword score is prioritization only; it is not an eligibility or exclusion decision.
CG1238,doi:10.1145/3428262,20260731T091600Z-legacy-promotions-opencitations;20260731T091700Z-legacy-promotions-semanticscholar,Pomsets with preconditions: a simple model of relaxed memory,2020,2020-11-13,10.1145/3428262,,Proc. ACM Program. Lang.,opencitations;semanticscholar,10.1145/3428262;94a1f98f22dfa89ec20e4aa5b9c79a784a6bcf9e,CS106,S226,,CS106,included,no,weak_or_relaxed_memory,4,title-screen,,,,Keyword score is prioritization only; it is not an eligibility or exclusion decision.
CG1243,doi:10.1145/3437801.3441596,20260731T091700Z-legacy-promotions-semanticscholar,OrcGC: automatic lock-free memory reclamation,2021,2021-02-17,10.1145/3437801.3441596,,ACM SIGPLAN Symposium on Principles & Practice of Parallel Programming,semanticscholar,2551dfbec7d1e8725ff1d2dec5383257ff9bf2a7,CS081,S201,,CS081,included,no,progress;reclamation_or_aba,4,title-screen,,,,Keyword score is prioritization only; it is not an eligibility or exclusion decision.
CG1246,doi:10.1145/3437801.3441619,20260731T091600Z-legacy-promotions-opencitations;20260731T091700Z-legacy-promotions-semanticscholar,Verifying C11-style weak memory libraries,2021,2021-02-17,10.1145/3437801.3441619,2108.06944,ACM SIGPLAN Symposium on Principles & Practice of Parallel Programming,opencitations;semanticscholar,10.1145/3437801.3441619;4081cedda78b3178bfa33174a3a058facb71ca64,CS078;CS079,S198;S199,,CS078;CS079,included,no,weak_or_relaxed_memory,4,title-screen,,,,Keyword score is prioritization only; it is not an eligibility or exclusion decision.
CG1254,doi:10.1145/3453483.3454090,20260731T091700Z-legacy-promotions-semanticscholar,"Snapshot-free, transparent, and robust memory reclamation for lock-free data structures",2019,2019-05-20,10.1145/3453483.3454090,1905.07903,ACM-SIGPLAN Symposium on Programming Language Design and Implementation,semanticscholar,7995bf4aad2110ac794b1101f85b18757daef664,CS081,S201,,CS081,included,no,progress;reclamation_or_aba,4,title-screen,,,,Keyword score is prioritization only; it is not an eligibility or exclusion decision.
CG1285,doi:10.1145/3519939.3523451,20260731T091600Z-legacy-promotions-opencitations;20260731T091700Z-legacy-promotions-semanticscholar,Compass: strong and compositional library specifications in relaxed memory separation logic,2022,2022-06-09,10.1145/3519939.3523451,,ACM-SIGPLAN Symposium on Programming Language Design and Implementation,opencitations;semanticscholar,10.1145/3519939.3523451;2f24d73555fd3c9d159f8f19b3614f11a67f4e80,CS081;CS087;CS103;CS106,S201;S207;S223;S226,CS087,CS081;CS103;CS106,included,no,weak_or_relaxed_memory,4,title-screen,,,,Keyword score is prioritization only; it is not an eligibility or exclusion decision.
CG1302,doi:10.1145/3563352,20260731T091600Z-legacy-promotions-opencitations;20260731T091700Z-legacy-promotions-semanticscholar,Implementing and verifying release-acquire transactional memory in C11,2022,2022-10-31,10.1145/3563352,,Proc. ACM Program. Lang.,opencitations;semanticscholar,10.1145/3563352;e6888c07183e665dd7b496f958d6397398ef9706,CS078;CS079;CS094,S198;S199;S214,CS094,CS078;CS079,included,no,weak_or_relaxed_memory,4,title-screen,,,,Keyword score is prioritization only; it is not an eligibility or exclusion decision.
CG1306,doi:10.1145/3571212,20260731T091600Z-legacy-promotions-opencitations;20260731T091700Z-legacy-promotions-semanticscholar,Kater: Automating Weak Memory Model Metatheory and Consistency Checking,2023,2023-01-09,10.1145/3571212,,Proc. ACM Program. Lang.,opencitations;semanticscholar,10.1145/3571212;a0dacf160b9b2bd85863dde279b5e9736222b3f6,CS106,S226,,CS106,included,no,weak_or_relaxed_memory,4,title-screen,,,,Keyword score is prioritization only; it is not an eligibility or exclusion decision.
CG1309,doi:10.1145/3571246,20260731T091600Z-legacy-promotions-opencitations;20260731T091700Z-legacy-promotions-semanticscholar,An Operational Approach to Library Abstraction under Relaxed Memory Concurrency,2023,2023-01-09,10.1145/3571246,,Proc. ACM Program. Lang.,opencitations;semanticscholar,10.1145/3571246;488eb7fd3dc83634669b98702b3b88e7aa462eca,CS079,S199,,CS079,included,no,weak_or_relaxed_memory,4,title-screen,,,,Keyword score is prioritization only; it is not an eligibility or exclusion decision.
CG1325,doi:10.1145/3591297,20260731T091600Z-legacy-promotions-opencitations;20260731T091700Z-legacy-promotions-semanticscholar,Putting Weak Memory in Order via a Promising Intermediate Representation,2023,2023-06-06,10.1145/3591297,,Proc. ACM Program. Lang.,opencitations;semanticscholar,10.1145/3591297;7f87c4faf744a4fc255d34cc434abfdb824e163b,CS106,S226,,CS106,included,no,weak_or_relaxed_memory,4,title-screen,,,,Keyword score is prioritization only; it is not an eligibility or exclusion decision.
CG1348,doi:10.1145/3642963.3652204,20260731T091600Z-legacy-promotions-opencitations;20260731T091700Z-legacy-promotions-semanticscholar,Hawkeyes: Addressing Weak Memory Order in Program Migration Based on Instruction Windows,2024,2024-04-22,10.1145/3642963.3652204,,CHEOPS@EuroSys,opencitations;semanticscholar,10.1145/3642963.3652204;52a7b7be424a8f61d094087540b51d5b07586c2f,CS106,S226,,CS106,included,no,weak_or_relaxed_memory,4,title-screen,,,,Keyword score is prioritization only; it is not an eligibility or exclusion decision.
CG1366,doi:10.1145/3704906,20260731T091600Z-legacy-promotions-opencitations;20260731T091700Z-legacy-promotions-semanticscholar,RELINCHE: Automatically Checking Linearizability under Relaxed Memory Consistency,2025,2025-01-07,10.1145/3704906,,Proc. ACM Program. Lang.,opencitations;semanticscholar,10.1145/3704906;bc9c01dd6b889563907d49d386f7bc84f1ee7d46,CS099;CS100;CS102,S219;S220;S222,,CS099;CS100;CS102,included,no,weak_or_relaxed_memory,4,title-screen,,,,Keyword score is prioritization only; it is not an eligibility or exclusion decision.
CG1367,doi:10.1145/3704908,20260731T091600Z-legacy-promotions-opencitations;20260731T091700Z-legacy-promotions-semanticscholar,Relaxed Memory Concurrency Re-executed,2025,2025-01-07,10.1145/3704908,,Proc. ACM Program. Lang.,opencitations;semanticscholar,10.1145/3704908;8f276e62845a150f8001ed955007208be9f2c3c3,CS106,S226,,CS106,included,no,weak_or_relaxed_memory,4,title-screen,,,,Keyword score is prioritization only; it is not an eligibility or exclusion decision.
CG1385,doi:10.1145/3774934.3786455,20260731T091700Z-legacy-promotions-semanticscholar,Fixing Non-blocking Data Structures for Better Compatibility with Memory Reclamation Schemes,2025,2025-04-08,10.1145/3774934.3786455,2504.06254,ACM SIGPLAN Symposium on Principles & Practice of Parallel Programming,semanticscholar,c59090e2f298afef611ad56214a372c02a47dc79,CS081,S201,,CS081,included,no,progress;reclamation_or_aba,4,title-screen,,,,Keyword score is prioritization only; it is not an eligibility or exclusion decision.
CG1389,doi:10.1145/3779212.3790129,20260731T091700Z-legacy-promotions-semanticscholar,Arm Weak Memory Consistency on Apple Silicon: What Is It Good For?,2026,2026-03-22,10.1145/3779212.3790129,,International Conference on Architectural Support for Programming Languages and Operating Systems,semanticscholar,1113e69674ef97c2cd4713e80a2d6ddc4d3a1939,CS106,S226,,CS106,included,no,weak_or_relaxed_memory,4,title-screen,,,,Keyword score is prioritization only; it is not an eligibility or exclusion decision.
CG1488,doi:10.4204/eptcs.282.5,20260731T091600Z-legacy-promotions-opencitations;20260731T091700Z-legacy-promotions-semanticscholar,Correctness of Concurrent Objects under Weak Memory Models,2018,2018-10-24,10.4204/eptcs.282.5,1810.09612,Refine@FM,opencitations;semanticscholar,10.4204/eptcs.282.5;8c5dfe67ecb6581762660044d254df7a28068caf,CS078;CS079,S198;S199,,CS078;CS079,included,no,weak_or_relaxed_memory,4,title-screen,,,,Keyword score is prioritization only; it is not an eligibility or exclusion decision.
CG1490,doi:10.4230/darts.3.2.15,20260731T091700Z-legacy-promotions-semanticscholar,Strong Logic for Weak Memory: Reasoning About Release-Acquire Consistency in Iris (Artifact),2017,,10.4230/darts.3.2.15,,Dagstuhl Artifacts Ser.,semanticscholar,e40c313a79290db2ec842a52b9d1684db1b6cd67,CS085;CS086,S205;S206,CS086,CS085,included,no,weak_or_relaxed_memory,4,title-screen,,,,Keyword score is prioritization only; it is not an eligibility or exclusion decision.
CG1557,s2:0f4853833c97e41587ff7ce17659d265935abf0e,20260731T091700Z-legacy-promotions-semanticscholar,Scaling Concurrency Reasoning to Relaxed Memory Models and Beyond,2020,,,,,semanticscholar,0f4853833c97e41587ff7ce17659d265935abf0e,CS101;CS106,S221;S226,,CS101;CS106,included,no,weak_or_relaxed_memory,4,title-screen,,,,Keyword score is prioritization only; it is not an eligibility or exclusion decision.
CG1581,s2:1f6718d33e62b7d168e32eaa727a8e13d35c746c,20260731T091700Z-legacy-promotions-semanticscholar,Verifying concurrent programs under weak memory models,2017,,,,,semanticscholar,1f6718d33e62b7d168e32eaa727a8e13d35c746c,CS082;CS084;CS098;CS105,S202;S204;S218;S225,,CS082;CS084;CS098;CS105,included,no,weak_or_relaxed_memory,4,title-screen,,,,Keyword score is prioritization only; it is not an eligibility or exclusion decision.
CG1598,s2:27817c08876ab0e67393ad2aed5f36275d2e22d1,20260731T091700Z-legacy-promotions-semanticscholar,CDSSPEC: Testing Concurrent Data Structures Under the C/C++11 Memory Model,2014,,,,,semanticscholar,27817c08876ab0e67393ad2aed5f36275d2e22d1,CS097;CS099,S217;S219,,CS097;CS099,included,no,weak_or_relaxed_memory,4,title-screen,,,,Keyword score is prioritization only; it is not an eligibility or exclusion decision.
CG1696,s2:6ae2c5fef41aab5427046701bef35f83322b8ea1,20260731T091700Z-legacy-promotions-semanticscholar,Correctness under Weak Memory Consistency Specifying and Verifying Concurrent Libraries under Declarative Consistency Models,2018,,,,,semanticscholar,6ae2c5fef41aab5427046701bef35f83322b8ea1,CS100;CS103,S220;S223,,CS100;CS103,included,no,weak_or_relaxed_memory,4,title-screen,,,,Keyword score is prioritization only; it is not an eligibility or exclusion decision.
CG1807,s2:b3a462aec69065f3bcb20337a722c0357794231e,20260731T091700Z-legacy-promotions-semanticscholar,A Simple Model of Relaxed Memory,2020,,,,,semanticscholar,b3a462aec69065f3bcb20337a722c0357794231e,CS106,S226,,CS106,included,no,weak_or_relaxed_memory,4,title-screen,,,,Keyword score is prioritization only; it is not an eligibility or exclusion decision.
CG1885,s2:e693b6f852365bb3d949ad7c3f07f25db00685d8,20260731T091700Z-legacy-promotions-semanticscholar,Thesis Proposal Low-level Concurrent Programming Using the Relaxed Memory Calculus,2015,,,,,semanticscholar,e693b6f852365bb3d949ad7c3f07f25db00685d8,CS081,S201,,CS081,included,no,weak_or_relaxed_memory,4,title-screen,,,,Keyword score is prioritization only; it is not an eligibility or exclusion decision.
CG1886,s2:e6a600c8ac9da0c4741ac237b8936ed85cb6d9e9,20260731T091700Z-legacy-promotions-semanticscholar,Counter-Example Guided Fence Insertion under Weak Memory Models,2011,,,,,semanticscholar,e6a600c8ac9da0c4741ac237b8936ed85cb6d9e9,CS081,S201,,CS081,included,no,weak_or_relaxed_memory,4,title-screen,,,,Keyword score is prioritization only; it is not an eligibility or exclusion decision.
CG0028,arxiv:1712.05406,20260731T091700Z-legacy-promotions-semanticscholar,Techniques for Constructing Efficient Lock-free Data Structures,2017,2017-12-14,,1712.05406,arXiv.org,semanticscholar,cf04ca948a4f1932766613398c6c741c8c2758dc,CS081,S201,,CS081,included,no,progress,3,title-screen,,,,Keyword score is prioritization only; it is not an eligibility or exclusion decision.
CG0042,arxiv:2002.07053,20260731T091700Z-legacy-promotions-semanticscholar,Concurrent Reference Counting and Resource Management in Wait-free Constant Time,2020,2020-02-17,,2002.07053,arXiv.org,semanticscholar,e193feb1c10b4a290a0416d150c8fec2ec70b1fa,CS081,S201,,CS081,included,no,progress,3,title-screen,,,,Keyword score is prioritization only; it is not an eligibility or exclusion decision.
CG0058,arxiv:2203.07621,20260731T091700Z-legacy-promotions-semanticscholar,Practical Detectability for Persistent Lock-Free Data Structures,2022,2022-03-15,10.48550/arxiv.2203.07621,2203.07621,arXiv.org,semanticscholar,db357091362d5759efc4204fa0705d44ddd131c2,CS081,S201,,CS081,included,no,progress,3,title-screen,,,,Keyword score is prioritization only; it is not an eligibility or exclusion decision.
CG0086,arxiv:2510.06387,20260731T091700Z-legacy-promotions-semanticscholar,Transforming Lock-free Linked Lists into Distributed Lock-free Linked Lists,2025,2025-10-07,,2510.06387,,semanticscholar,99db17bcd1b1f16a147cb83da624b9f26f180892,CS081,S201,,CS081,included,no,progress,3,title-screen,,,,Keyword score is prioritization only; it is not an eligibility or exclusion decision.
CG0095,arxiv:2606.28972,20260731T091700Z-legacy-promotions-semanticscholar,Five Ways to Build a Concurrent Linked From Coarse-Grain Locking to Lock-Free Algorithms,2026,2026-06-27,,2606.28972,,semanticscholar,bcfbdb5a0d3cd5c0ef3239360d9fa767de4b65bc,CS081,S201,,CS081,included,no,progress,3,title-screen,,,,Keyword score is prioritization only; it is not an eligibility or exclusion decision.
CG0103,doi:10.1002/9781119332015.ch3,20260731T091700Z-legacy-promotions-semanticscholar,Lock-free Concurrent Data Structures,2013,2013-02-12,10.1002/9781119332015.ch3,1302.2757,arXiv.org,semanticscholar,d882f00b9d7c4ce69649d9c9ec90ba2e1686e2b7,CS081,S201,,CS081,included,no,progress,3,title-screen,,,,Keyword score is prioritization only; it is not an eligibility or exclusion decision.
CG0114,doi:10.1006/jpdc.1998.1446,20260731T091600Z-legacy-promotions-opencitations;20260731T091700Z-legacy-promotions-semanticscholar,Nonblocking Algorithms and Preemption-Safe Locking on Multiprogrammed Shared Memory Multiprocessors,1998,1998-05-25,10.1006/jpdc.1998.1446,,J. Parallel Distributed Comput.,opencitations;semanticscholar,10.1006/jpdc.1998.1446;c306e5127110a8bc045809a98fa39af9299972cc,CS082;CS084;CS088,S202;S204;S208,CS082;CS084;CS088,,included,no,progress,3,title-screen,,,,Keyword score is prioritization only; it is not an eligibility or exclusion decision.
CG0125,doi:10.1007/11561927_10,20260731T091700Z-legacy-promotions-semanticscholar,Non-blocking Hashtables with Open Addressing,2005,2005-09-26,10.1007/11561927_10,,International Symposium on Distributed Computing,semanticscholar,90d7ec80c9e49c90913f6553fd2df4f7a54395e2,CS081,S201,,CS081,included,no,progress,3,title-screen,,,,Keyword score is prioritization only; it is not an eligibility or exclusion decision.
CG0137,doi:10.1007/11823285_56,20260731T091700Z-legacy-promotions-semanticscholar,A Practical Single-Register Wait-Free Mutual Exclusion Algorithm on Asynchronous Networks,2006,2006-08-28,10.1007/11823285_56,,European Conference on Parallel Processing,semanticscholar,f55bca076336038b75599b5a899f062b07c50d09,CS081,S201,,CS081,included,no,progress,3,title-screen,,,,Keyword score is prioritization only; it is not an eligibility or exclusion decision.
CG0141,doi:10.1007/11901433_16,20260731T091600Z-legacy-promotions-opencitations;20260731T091700Z-legacy-promotions-semanticscholar,Formalising Progress Properties of Non-blocking Programs,2006,2006-11-01,10.1007/11901433_16,,IEEE International Conference on Formal Engineering Methods,opencitations;semanticscholar,10.1007/11901433_16;9303d7e701ef1859039e617a68a7d5941e8b9184,CS080;CS083;CS091;CS093,S200;S203;S211;S213,CS080;CS083;CS091;CS093,,included,no,progress,3,title-screen,,,,Keyword score is prioritization only; it is not an eligibility or exclusion decision.
CG0143,doi:10.1007/11945529_11,20260731T091700Z-legacy-promotions-semanticscholar,Lock-Free Dynamically Resizable Arrays,2006,2006-12-12,10.1007/11945529_11,,International Conference on Principles of Distributed Systems,semanticscholar,a2975daae9ad05d9b1e084021ccb153d35cdf8dc,CS081,S201,,CS081,included,no,progress,3,title-screen,,,,Keyword score is prioritization only; it is not an eligibility or exclusion decision.
CG0187,doi:10.1007/978-3-030-03232-6_24,20260731T091700Z-legacy-promotions-semanticscholar,Concurrent Lock-Free Unbounded Priority Queue with Mutable Priorities,2018,2018-11-04,10.1007/978-3-030-03232-6_24,,Safety-critical Systems Symposium,semanticscholar,3dc103140a5a3485ccb46b9c544359a5bbf9987b,CS081,S201,,CS081,included,no,progress,3,title-screen,,,,Keyword score is prioritization only; it is not an eligibility or exclusion decision.
CG0195,doi:10.1007/978-3-030-31157-5_10,20260731T091600Z-legacy-promotions-opencitations;20260731T091700Z-legacy-promotions-semanticscholar,Proving a Non-blocking Algorithm for Process Renaming with TLA ^+ +,2019,2019-10-09,10.1007/978-3-030-31157-5_10,,TAP@FM,opencitations;semanticscholar,10.1007/978-3-030-31157-5_10;e6f65d71779a2a44c17ff41f8d388ebfafbf9914,CS102,S222,,CS102,included,no,progress,3,title-screen,,,,Keyword score is prioritization only; it is not an eligibility or exclusion decision.
CG0199,doi:10.1007/978-3-030-35225-7_14,20260731T091700Z-legacy-promotions-semanticscholar,Lock-Free Transactional Adjacency List,2017,2017-10-11,10.1007/978-3-030-35225-7_14,1903.10036,International Workshop on Languages and Compilers for Parallel Computing,semanticscholar,9935d4f2ff53d3c3f1c2ce70e177ebf51ad7b8cc,CS081,S201,,CS081,included,no,progress,3,title-screen,,,,Keyword score is prioritization only; it is not an eligibility or exclusion decision.
CG0260,doi:10.1007/978-3-319-03089-0_4,20260731T091700Z-legacy-promotions-semanticscholar,Concurrent Wait-Free Red Black Trees,2013,2013-11-13,10.1007/978-3-319-03089-0_4,,Safety-critical Systems Symposium,semanticscholar,5afc38731711a6516640e360c8f8394707bbff19,CS081,S201,,CS081,included,no,progress,3,title-screen,,,,Keyword score is prioritization only; it is not an eligibility or exclusion decision.
CG0265,doi:10.1007/978-3-319-08587-6_13,20260731T091700Z-legacy-promotions-semanticscholar,Proving Termination of Programs Automatically with AProVE,2014,2014-07-19,10.1007/978-3-319-08587-6_13,,International Joint Conference on Automated Reasoning,semanticscholar,04ae8da828256b1ed0e75e37526f873934b43ad6,CS088,S208,CS088,,included,no,progress,3,title-screen,,,,Keyword score is prioritization only; it is not an eligibility or exclusion decision.
CG0279,doi:10.1007/978-3-319-17404-4_9,20260731T091600Z-legacy-promotions-opencitations;20260731T091700Z-legacy-promotions-semanticscholar,Combining Separation Logic and Projection Temporal Logic to Reason About Non-blocking Concurrency,2015,2014-11-06,10.1007/978-3-319-17404-4_9,,SOFL+MSVL,opencitations;semanticscholar,10.1007/978-3-319-17404-4_9;3886712d668f0e5d744ea0bfff383fcb4d88f194,CS089;CS105,S209;S225,,CS089;CS105,included,no,progress,3,title-screen,,,,Keyword score is prioritization only; it is not an eligibility or exclusion decision.
CG0300,doi:10.1007/978-3-319-43659-3_34,20260731T091700Z-legacy-promotions-semanticscholar,CBPQ: High Performance Lock-Free Priority Queue,2016,2016-08-24,10.1007/978-3-319-43659-3_34,,European Conference on Parallel Processing,semanticscholar,314276e4c1909f5b7de9e34fd6219756f8526da5,CS081,S201,,CS081,included,no,progress,3,title-screen,,,,Keyword score is prioritization only; it is not an eligibility or exclusion decision.
CG0307,doi:10.1007/978-3-319-51046-0_9,20260731T091600Z-legacy-promotions-opencitations;20260731T091700Z-legacy-promotions-semanticscholar,Analysing Lock-Free Linearizable Datatypes Using CSP,2017,2016-12-18,10.1007/978-3-319-51046-0_9,,"Concurrency, Security, and Puzzles",opencitations;semanticscholar,10.1007/978-3-319-51046-0_9;70c513bb92a21bc63b2169b86c91621a521432ee,CS084;CS094;CS100;CS105,S204;S214;S220;S225,CS094,CS084;CS100;CS105,included,no,progress,3,title-screen,,,,Keyword score is prioritization only; it is not an eligibility or exclusion decision.
CG0328,doi:10.1007/978-3-319-71237-6_14,20260731T091600Z-legacy-promotions-opencitations;20260731T091700Z-legacy-promotions-semanticscholar,Safety and Liveness of MCS Lock - Layer by Layer,2017,2017-11-27,10.1007/978-3-319-71237-6_14,,Asian Symposium on Programming Languages and Systems,opencitations;semanticscholar,10.1007/978-3-319-71237-6_14;e90e8ecfb727abf7fe1347d16410a8b21eae74f3,CS080;CS084;CS085;CS086;CS087,S200;S204;S205;S206;S207,CS086;CS087,CS080;CS084;CS085,included,no,progress,3,title-screen,,,,Keyword score is prioritization only; it is not an eligibility or exclusion decision.
CG0355,doi:10.1007/978-3-540-30474-6_54,20260731T091700Z-legacy-promotions-semanticscholar,Lock-Free Parallel Algorithms: An Experimental Study,2004,2004-12-19,10.1007/978-3-540-30474-6_54,,International Conference on High Performance Computing,semanticscholar,87e5de1074addb02e1c7cbc5376ca4ffb15cc0f4,CS081,S201,,CS081,included,no,progress,3,title-screen,,,,Keyword score is prioritization only; it is not an eligibility or exclusion decision.
CG0391,doi:10.1007/978-3-540-75292-9_9,20260731T091600Z-legacy-promotions-opencitations;20260731T091700Z-legacy-promotions-semanticscholar,Verifying Lock-Freedom Using Well-Founded Orders,2007,2007-09-26,10.1007/978-3-540-75292-9_9,,International Colloquium on Theoretical Aspects of Computing,opencitations;semanticscholar,10.1007/978-3-540-75292-9_9;9d29746313d395f4b00c0e009da8869c23e95493,CS091;CS105,S211;S225,CS091,CS105,included,no,progress,3,title-screen,,,,Keyword score is prioritization only; it is not an eligibility or exclusion decision.
CG0434,doi:10.1007/978-3-642-17679-1_10,20260731T091700Z-legacy-promotions-semanticscholar,Locality-Conscious Lock-Free Linked Lists,2011,2011-01-02,10.1007/978-3-642-17679-1_10,,International Conference of Distributed Computing and Networking,semanticscholar,5d153a55b6f12752afc11bb96d9d72a51c990dba,CS081,S201,,CS081,included,no,progress,3,title-screen,,,,Keyword score is prioritization only; it is not an eligibility or exclusion decision.
CG0455,doi:10.1007/978-3-642-25873-2_15,20260731T091700Z-legacy-promotions-semanticscholar,Non-blocking k-ary Search Trees,2011,2011-12-13,10.1007/978-3-642-25873-2_15,,International Conference on Principles of Distributed Systems,semanticscholar,094dd52d6f308e0dbd6f12a7d5722303e3ba668a,CS081,S201,,CS081,included,no,progress,3,title-screen,,,,Keyword score is prioritization only; it is not an eligibility or exclusion decision.
CG0456,doi:10.1007/978-3-642-25873-2_22,20260731T091600Z-legacy-promotions-opencitations;20260731T091700Z-legacy-promotions-semanticscholar,On the Nature of Progress,2011,2011-12-01,10.1007/978-3-642-25873-2_22,,International Conference on Principles of Distributed Systems,opencitations;semanticscholar,10.1007/978-3-642-25873-2_22;2971f8be9d651defda905fae34fdab51d6cbd5d6,CS078;CS080,S198;S200,CS078;CS080,,included,no,progress,3,title-screen,,,,Keyword score is prioritization only; it is not an eligibility or exclusion decision.
CG0473,doi:10.1007/978-3-642-32940-1_21,20260731T091600Z-legacy-promotions-opencitations;20260731T091700Z-legacy-promotions-semanticscholar,Intensional and Extensional Characterisation of Global Progress in the π-Calculus,2012,2012-09-04,10.1007/978-3-642-32940-1_21,,International Conference on Concurrency Theory,opencitations;semanticscholar,10.1007/978-3-642-32940-1_21;206648d6de6808e3deaa04782c9ec64670e5280a,CS079;CS080,S199;S200,CS080,CS079,included,no,progress,3,title-screen,,,,Keyword score is prioritization only; it is not an eligibility or exclusion decision.
CG0478,doi:10.1007/978-3-642-33651-5_39,20260731T091700Z-legacy-promotions-semanticscholar,"Brief Announcement: A Contention-Friendly, Non-blocking Skip List",2012,2012-10-16,10.1007/978-3-642-33651-5_39,,International Symposium on Distributed Computing,semanticscholar,33923953faa7c248f5bf2781467157d05533f785,CS081,S201,,CS081,included,no,progress,3,title-screen,,,,Keyword score is prioritization only; it is not an eligibility or exclusion decision.
CG0556,doi:10.1007/s00165-011-0213-4,20260731T091700Z-legacy-promotions-semanticscholar,Explanation of two non-blocking shared-variable communication algorithms,2013,2013-11-01,10.1007/s00165-011-0213-4,,Formal Aspects of Computing,semanticscholar,7077932f8aa03d9f826dbf7b72cfd39512878f24,CS089,S209,,CS089,included,no,progress,3,title-screen,,,,Keyword score is prioritization only; it is not an eligibility or exclusion decision.
CG0581,doi:10.1007/s00446-015-0261-8,20260731T091700Z-legacy-promotions-semanticscholar,Universal constructions that ensure disjoint-access parallelism and wait-freedom,2012,2012-07-16,10.1007/s00446-015-0261-8,,ACM SIGACT-SIGOPS Symposium on Principles of Distributed Computing,semanticscholar,286762bac61b1175c50d093a48407b30aa19faf0,CS081,S201,,CS081,included,no,progress,3,title-screen,,,,Keyword score is prioritization only; it is not an eligibility or exclusion decision.
CG0583,doi:10.1007/s00446-019-00347-1,20260731T091700Z-legacy-promotions-semanticscholar,Non-blocking Patricia tries with replace operations,2013,2013-03-14,10.1007/s00446-019-00347-1,1303.3626,Distributed computing,semanticscholar,2b5872fb398a798e40305f4859d7696cfb4929f9,CS081,S201,,CS081,included,no,progress,3,title-screen,,,,Keyword score is prioritization only; it is not an eligibility or exclusion decision.
CG0603,doi:10.1007/s10766-015-0376-3,20260731T091700Z-legacy-promotions-semanticscholar,A Wait-Free Hash Map,2017,2017-06-01,10.1007/s10766-015-0376-3,,International journal of parallel programming,semanticscholar,f858e2f7567c3e4a74d5170d8b74d17af216bf2d,CS081,S201,,CS081,included,no,progress,3,title-screen,,,,Keyword score is prioritization only; it is not an eligibility or exclusion decision.
CG0611,doi:10.1007/s11042-020-10198-9,20260731T091700Z-legacy-promotions-semanticscholar,QoS monitoring in real-time streaming overlays based on lock-free data structures,2021,2021-03-11,10.1007/s11042-020-10198-9,,Multimedia tools and applications,semanticscholar,75c3d750f793cc04895f163fedde2b8b66179d93,CS081,S201,,CS081,included,no,progress,3,title-screen,,,,Keyword score is prioritization only; it is not an eligibility or exclusion decision.
CG0620,doi:10.1016/0020-0190(80)90021-6,20260731T091700Z-legacy-promotions-semanticscholar,Termination Detection for Diffusing Computations,1980,1980-08-29,10.1016/0020-0190(80)90021-6,,Information Processing Letters,semanticscholar,0e6156f0e32cf97340c9fd959c1e8fdb20a9394b,CS088,S208,CS088,,included,no,progress,3,title-screen,,,,Keyword score is prioritization only; it is not an eligibility or exclusion decision.
CG0649,doi:10.1016/j.jpdc.2005.12.004,20260731T091700Z-legacy-promotions-semanticscholar,Designing irregular parallel algorithms with mutual exclusion and lock-free protocols,2006,2006-06-01,10.1016/j.jpdc.2005.12.004,,J. Parallel Distributed Comput.,semanticscholar,f8651add8bfd2deb007ddb85e65f4b1c29121afe,CS081,S201,,CS081,included,no,progress,3,title-screen,,,,Keyword score is prioritization only; it is not an eligibility or exclusion decision.
CG0656,doi:10.1016/j.jpdc.2016.10.008,20260731T091700Z-legacy-promotions-semanticscholar,Grasping the gap between blocking and non-blocking transactional memories,2015,2015-10-07,10.1016/j.jpdc.2016.10.008,,J. Parallel Distributed Comput.,semanticscholar,a15fc6687dc18bf314b9c2cc7080107d87150d23,CS081,S201,,CS081,included,no,progress,3,title-screen,,,,Keyword score is prioritization only; it is not an eligibility or exclusion decision.
CG0663,doi:10.1016/j.scico.2008.09.013,20260731T091700Z-legacy-promotions-semanticscholar,A general technique for proving lock-freedom,2009,,10.1016/j.scico.2008.09.013,,Science of Computer Programming,semanticscholar,758320a0879f900b85a2a5a4465beca7f134af75,CS091;CS098,S211;S218,CS091,CS098,included,no,progress,3,title-screen,,,,Keyword score is prioritization only; it is not an eligibility or exclusion decision.
CG0704,doi:10.1109/aswec.2009.12,20260731T091700Z-legacy-promotions-semanticscholar,Enforcing Safety and Progress Properties: An Approach to Concurrent Program Derivation,2009,2009-04-14,10.1109/aswec.2009.12,,Australian Software Engineering Conference,semanticscholar,f93e38b482453636d4bff0e6f7b3259fc7e3701f,CS091,S211,CS091,,included,no,progress,3,title-screen,,,,Keyword score is prioritization only; it is not an eligibility or exclusion decision.
CG0709,doi:10.1109/ds-rt50469.2020.9213639,20260731T091700Z-legacy-promotions-semanticscholar,NUMA-Aware Non-Blocking Calendar Queue,2020,2020-09-01,10.1109/ds-rt50469.2020.9213639,,IEEE International Symposium on Distributed Simulation and Real-Time Applications,semanticscholar,86c75fd4acb85e12b30098745ab3ccf18ad80f4d,CS081,S201,,CS081,included,no,progress,3,title-screen,,,,Keyword score is prioritization only; it is not an eligibility or exclusion decision.
CG0715,doi:10.1109/gcc.2010.50,20260731T091700Z-legacy-promotions-semanticscholar,Enhanced Non-Blocking Buffer: A High Performance Non-Blocking Message Communication Mechanism,2010,2010-11-01,10.1109/gcc.2010.50,,2010 Ninth International Conference on Grid and Cloud Computing,semanticscholar,54aef89fd105539ca20d00d1af8c190e8db3937f,CS081,S201,,CS081,included,no,progress,3,title-screen,,,,Keyword score is prioritization only; it is not an eligibility or exclusion decision.
CG0718,doi:10.1109/icbc59979.2024.10634415,20260731T091700Z-legacy-promotions-semanticscholar,Lock-Free Concurrent Smart Contracts,2024,2024-05-27,10.1109/icbc59979.2024.10634415,,International Conference on Blockchain,semanticscholar,9a2411e3e65c2f4108f4d5e904c425a758ca017e,CS081,S201,,CS081,included,no,progress,3,title-screen,,,,Keyword score is prioritization only; it is not an eligibility or exclusion decision.
CG0724,doi:10.1109/icdcs.2013.42,20260731T091700Z-legacy-promotions-semanticscholar,No Hot Spot Non-blocking Skip List,2013,2013-07-08,10.1109/icdcs.2013.42,,IEEE International Conference on Distributed Computing Systems,semanticscholar,f8e00150a796e0fd753444fb6712ccc0f9e848c4,CS081,S201,,CS081,included,no,progress,3,title-screen,,,,Keyword score is prioritization only; it is not an eligibility or exclusion decision.
CG0725,doi:10.1109/icdcs.2016.19,20260731T091700Z-legacy-promotions-semanticscholar,An Efficient Lock-Free Logarithmic Search Data Structure Based on Multi-dimensional List,2016,2016-06-27,10.1109/icdcs.2016.19,,IEEE International Conference on Distributed Computing Systems,semanticscholar,397bad00f65c36d7015afa8c52a8a3862e6cf4ab,CS081,S201,,CS081,included,no,progress,3,title-screen,,,,Keyword score is prioritization only; it is not an eligibility or exclusion decision.
CG0728,doi:10.1109/icde.2018.00049,20260731T091700Z-legacy-promotions-semanticscholar,Easy Lock-Free Indexing in Non-Volatile Memory,2018,2018-04-16,10.1109/icde.2018.00049,,IEEE International Conference on Data Engineering,semanticscholar,762d3e4453e4173527d2e0436dd9d32a218076dc,CS081,S201,,CS081,included,no,progress,3,title-screen,,,,Keyword score is prioritization only; it is not an eligibility or exclusion decision.
CG0730,doi:10.1109/iceccs.2007.39,20260731T091700Z-legacy-promotions-semanticscholar,Reasoning about Nonblocking Concurrency using Reduction,2007,2007-07-11,10.1109/iceccs.2007.39,,IEEE International Conference on Engineering of Complex Computer Systems,semanticscholar,bd540ed45b1bf7d2ef9abeb3ff1f6e3d5b4e3807,CS105,S225,,CS105,included,no,progress,3,title-screen,,,,Keyword score is prioritization only; it is not an eligibility or exclusion decision.
CG0733,doi:10.1109/icpads.2000.857731,20260731T091600Z-legacy-promotions-opencitations;20260731T091700Z-legacy-promotions-semanticscholar,A practical nonblocking queue algorithm using compare-and-swap,2000,2000-07-04,10.1109/icpads.2000.857731,,Proceedings Seventh International Conference on Parallel and Distributed Systems (Cat. No.PR00568),opencitations;semanticscholar,10.1109/icpads.2000.857731;189e36f3cd69152662e69f4c4e14d9979c994e6f,CS105,S225,CS105,,included,no,progress,3,title-screen,,,,Keyword score is prioritization only; it is not an eligibility or exclusion decision.
CG0734,doi:10.1109/icpads.2012.18,20260731T091700Z-legacy-promotions-semanticscholar,Performance Evaluation of Concurrent Lock-free Data Structures on GPUs,2012,2012-12-17,10.1109/icpads.2012.18,,2012 IEEE 18th International Conference on Parallel and Distributed Systems,semanticscholar,fb9f4bfe019a3ed9b106f3b7daa515bfc8703962,CS081,S201,,CS081,included,no,progress,3,title-screen,,,,Keyword score is prioritization only; it is not an eligibility or exclusion decision.
CG0739,doi:10.1109/icpp.2010.68,20260731T091700Z-legacy-promotions-semanticscholar,Lock-Free Multiway Search Trees,2010,2010-09-13,10.1109/icpp.2010.68,,International Conference on Parallel Processing,semanticscholar,67cc883e21f847b9b7114fdf3ef049121b804301,CS081,S201,,CS081,included,no,progress,3,title-screen,,,,Keyword score is prioritization only; it is not an eligibility or exclusion decision.
CG0745,doi:10.1109/ipdps.2003.1213189,20260731T091700Z-legacy-promotions-semanticscholar,Fast and lock-free concurrent priority queues for multi-thread systems,2003,2003-04-22,10.1109/ipdps.2003.1213189,,Proceedings International Parallel and Distributed Processing Symposium,semanticscholar,76ab11918425a71e57e83dbb4c465e1e15f06f4e,CS081,S201,,CS081,included,no,progress,3,title-screen,,,,Keyword score is prioritization only; it is not an eligibility or exclusion decision.
CG0753,doi:10.1109/ipdps.2017.73,20260731T091700Z-legacy-promotions-semanticscholar,Scalable Lock-Free Vector with Combining,2017,2017-05-01,10.1109/ipdps.2017.73,,IEEE International Parallel and Distributed Processing Symposium,semanticscholar,51ac7123db308803413c9c408a377dcd4bc19bee,CS081,S201,,CS081,included,no,progress,3,title-screen,,,,Keyword score is prioritization only; it is not an eligibility or exclusion decision.
CG0757,doi:10.1109/ipdpsw.2019.00015,20260731T091700Z-legacy-promotions-semanticscholar,A Lock-Free Skiplist for Integrated Graphics Processing Units,2019,2019-05-01,10.1109/ipdpsw.2019.00015,,"IEEE International Symposium on Parallel & Distributed Processing, Workshops and Phd Forum",semanticscholar,2a5f592379f9681e22beafc53f01ee653bcaced0,CS081,S201,,CS081,included,no,progress,3,title-screen,,,,Keyword score is prioritization only; it is not an eligibility or exclusion decision.
CG0758,doi:10.1109/ipdpsw50202.2020.00111,20260731T091700Z-legacy-promotions-semanticscholar,Paving the way for Distributed Non-Blocking Algorithms and Data Structures in the Partitioned Global Address Space model,2020,2020-02-08,10.1109/ipdpsw50202.2020.00111,2002.03068,"IEEE International Symposium on Parallel & Distributed Processing, Workshops and Phd Forum",semanticscholar,c1bc9beb0f31f265e3f4eca85c6534de8ba17bf0,CS081,S201,,CS081,included,no,progress,3,title-screen,,,,Keyword score is prioritization only; it is not an eligibility or exclusion decision.
CG0760,doi:10.1109/isca.1993.698569,20260731T091700Z-legacy-promotions-semanticscholar,Transactional Memory: Architectural Support For Lock-free Data Structures,1993,1993-05-01,10.1109/isca.1993.698569,,Proceedings of the 20th Annual International Symposium on Computer Architecture,semanticscholar,829d37d712daccb85484193f0d4b107fb36d84cb,CS088,S208,CS088,,included,no,progress,3,title-screen,,,,Keyword score is prioritization only; it is not an eligibility or exclusion decision.
CG0768,doi:10.1109/lca.2024.3370992,20260731T091700Z-legacy-promotions-semanticscholar,Achieving Forward Progress Guarantee in Small Hardware Transactions,2024,2024-01-01,10.1109/lca.2024.3370992,,IEEE computer architecture letters,semanticscholar,a8299bd1921f92fcbdf34115912890fcbc8ebfae,CS081,S201,,CS081,included,no,progress,3,title-screen,,,,Keyword score is prioritization only; it is not an eligibility or exclusion decision.
CG0780,doi:10.1109/lics.2013.18,20260731T091600Z-legacy-promotions-opencitations;20260731T091700Z-legacy-promotions-semanticscholar,Quantitative Reasoning for Proving Lock-Freedom,2013,2013-06-25,10.1109/lics.2013.18,,2013 28th Annual ACM/IEEE Symposium on Logic in Computer Science,opencitations;semanticscholar,10.1109/lics.2013.18;cbd1e202e03c58ab834c0bc8e4f30593cf100554,CS089;CS101;CS104,S209;S221;S224,CS104,CS089;CS101,included,no,progress,3,title-screen,,,,Keyword score is prioritization only; it is not an eligibility or exclusion decision.
CG0790,doi:10.1109/samos.2013.6621118,20260731T091700Z-legacy-promotions-semanticscholar,Concurrent multi-level arrays: Wait-free extensible hash maps,2013,2013-07-15,10.1109/samos.2013.6621118,,"International Conference / Workshop on Embedded Computer Systems: Architectures, Modeling and Simulation",semanticscholar,cdcc704ae359000d90cbbb492db815912bee7c6b,CS081,S201,,CS081,included,no,progress,3,title-screen,,,,Keyword score is prioritization only; it is not an eligibility or exclusion decision.
CG0798,doi:10.1109/srds60354.2023.00029,20260731T091700Z-legacy-promotions-semanticscholar,FreSh: A Lock-Free Data Series Index,2023,2023-09-25,10.1109/srds60354.2023.00029,2310.11602,IEEE International Symposium on Reliable Distributed Systems,semanticscholar,b89d4f8a99f1695dc5b819d01752bb536137dd4e,CS081,S201,,CS081,included,no,progress,3,title-screen,,,,Keyword score is prioritization only; it is not an eligibility or exclusion decision.
CG0814,doi:10.1109/tpds.2014.2333007,20260731T091700Z-legacy-promotions-semanticscholar,Integrating Lock-Free and Combining Techniques for a Practical and Scalable FIFO Queue,2015,2015-07-01,10.1109/tpds.2014.2333007,,IEEE Transactions on Parallel and Distributed Systems,semanticscholar,6e5b9ecdc0cc3b72ce60c2aa04d47f022b94adca,CS081,S201,,CS081,included,no,progress,3,title-screen,,,,Keyword score is prioritization only; it is not an eligibility or exclusion decision.
CG0830,doi:10.1137/1.9781611976021.4,20260731T091700Z-legacy-promotions-semanticscholar,Lock-Free Hopscotch Hashing,2019,2019-11-08,10.1137/1.9781611976021.4,1911.03028,SIAM Symposium on Algorithmic Principles of Computer Systems,semanticscholar,2b5b3c1839cdd73063aa5d54b1c65c83e3d7073c,CS081,S201,,CS081,included,no,progress,3,title-screen,,,,Keyword score is prioritization only; it is not an eligibility or exclusion decision.
CG0837,doi:10.1145/1007912.1007945,20260731T091600Z-legacy-promotions-opencitations;20260731T091700Z-legacy-promotions-semanticscholar,DCAS is not a silver bullet for nonblocking algorithm design,2004,2004-06-27,10.1145/1007912.1007945,,ACM Symposium on Parallelism in Algorithms and Architectures,opencitations;semanticscholar,10.1145/1007912.1007945;caa7ef7c1b039ffb352448449136a16791936d6a,CS096;CS105,S216;S225,CS096;CS105,,included,no,progress,3,title-screen,,,,Keyword score is prioritization only; it is not an eligibility or exclusion decision.
CG0838,doi:10.1145/1011767.1011776,20260731T091700Z-legacy-promotions-semanticscholar,Lock-free linked lists and skip lists,2004,2004-07-25,10.1145/1011767.1011776,,ACM SIGACT-SIGOPS Symposium on Principles of Distributed Computing,semanticscholar,5842db6f47d2352e9a2a9b9d72e5c44ff2803540,CS081,S201,,CS081,included,no,progress,3,title-screen,,,,Keyword score is prioritization only; it is not an eligibility or exclusion decision.
CG0849,doi:10.1145/1065944.1065954,20260731T091700Z-legacy-promotions-semanticscholar,Revocable locks for non-blocking programming,2005,2005-06-15,10.1145/1065944.1065954,,ACM SIGPLAN Symposium on Principles & Practice of Parallel Programming,semanticscholar,3fec58f0e0664edb9c8505add8ecd63fd9e58ec0,CS081,S201,,CS081,included,no,progress,3,title-screen,,,,Keyword score is prioritization only; it is not an eligibility or exclusion decision.
CG0863,doi:10.1145/114005.102808,20260731T091600Z-legacy-promotions-opencitations;20260731T091700Z-legacy-promotions-semanticscholar,Wait-free synchronization,1991,1991-01-01,10.1145/114005.102808,,ACM Transactions on Programming Languages and Systems,opencitations;semanticscholar,10.1145/114005.102808;d907dfd33609905981a34e217f29a48fee3f7145,CS080;CS088;CS101;CS104,S200;S208;S221;S224,CS080;CS088;CS101;CS104,,included,no,progress,3,title-screen,,,,Keyword score is prioritization only; it is not an eligibility or exclusion decision.
CG0881,doi:10.1145/1345206.1345240,20260731T091700Z-legacy-promotions-semanticscholar,Toward high performance nonblocking software transactional memory,2008,2008-02-20,10.1145/1345206.1345240,,ACM SIGPLAN Symposium on Principles & Practice of Parallel Programming,semanticscholar,0740d740549f423ed8a30bb2b0a16b671e6fe49f,CS081,S201,,CS081,included,no,progress,3,title-screen,,,,Keyword score is prioritization only; it is not an eligibility or exclusion decision.
CG0898,doi:10.1145/1480881.1480886,20260731T091600Z-legacy-promotions-opencitations;20260731T091700Z-legacy-promotions-semanticscholar,Proving that non-blocking algorithms don't block,2009,2009-01-21,10.1145/1480881.1480886,,ACM-SIGACT Symposium on Principles of Programming Languages,opencitations;semanticscholar,10.1145/1480881.1480886;f38da1dcab25f1eab911fa5383d0e22e391a1133,CS088;CS089;CS104,S208;S209;S224,CS088;CS104,CS089,included,no,progress,3,title-screen,,,,Keyword score is prioritization only; it is not an eligibility or exclusion decision.
CG0906,doi:10.1145/1542476.1542493,20260731T091600Z-legacy-promotions-opencitations;20260731T091700Z-legacy-promotions-semanticscholar,Progress guarantee for parallel programs via bounded lock-freedom,2009,2009-06-15,10.1145/1542476.1542493,,ACM-SIGPLAN Symposium on Programming Language Design and Implementation,opencitations;semanticscholar,10.1145/1542476.1542493;403acc7cbe119b7e6fa8897c894e537da42414e8,CS083;CS093,S203;S213,CS083;CS093,,included,no,progress,3,title-screen,,,,Keyword score is prioritization only; it is not an eligibility or exclusion decision.
CG0908,doi:10.1145/1583991.1584048,20260731T091600Z-legacy-promotions-opencitations;20260731T091700Z-legacy-promotions-semanticscholar,NZTM: nonblocking zero-indirection transactional memory,2009,2009-08-11,10.1145/1583991.1584048,,ACM Symposium on Parallelism in Algorithms and Architectures,opencitations;semanticscholar,10.1145/1583991.1584048;bcf27db62bb458622f8b6456da78379a3598cd62,CS081;CS104,S201;S224,CS104,CS081,included,no,progress,3,title-screen,,,,Keyword score is prioritization only; it is not an eligibility or exclusion decision.
CG0911,doi:10.1145/1639950.1639954,20260731T091700Z-legacy-promotions-semanticscholar,Scalable nonblocking concurrent objects for mission critical code,2009,2009-10-25,10.1145/1639950.1639954,,OOPSLA Companion,semanticscholar,51f9449505dfcd8525e026d5aa345754ff05c526,CS081,S201,,CS081,included,no,progress,3,title-screen,,,,Keyword score is prioritization only; it is not an eligibility or exclusion decision.
CG0914,doi:10.1145/1693453.1693503,20260731T091700Z-legacy-promotions-semanticscholar,Supporting Lock-Free Composition of Concurrent Data Objects: Moving Data between Containers,2009,2009-10-02,10.1145/1693453.1693503,0910.0366,IEEE transactions on computers,semanticscholar,211891900587bc595b9b6944a404a58054e44906,CS099,S219,,CS099,included,no,progress,3,title-screen,,,,Keyword score is prioritization only; it is not an eligibility or exclusion decision.
CG0923,doi:10.1145/1787275.1787286,20260731T091600Z-legacy-promotions-opencitations;20260731T091700Z-legacy-promotions-semanticscholar,Supporting lock-free composition of concurrent data objects,2010,2009-10-02,10.1145/1787275.1787286,,ACM SIGPLAN Symposium on Principles & Practice of Parallel Programming,opencitations;semanticscholar,10.1145/1787275.1787286;71c49fcd40b5443a14406be6d3a0f84f279ea0c3,CS099,S219,,CS099,included,no,progress,3,title-screen,,,,Keyword score is prioritization only; it is not an eligibility or exclusion decision.
CG0934,doi:10.1145/1835698.1835736,20260731T091700Z-legacy-promotions-semanticscholar,Non-blocking binary search trees,2010,2010-07-25,10.1145/1835698.1835736,,ACM SIGACT-SIGOPS Symposium on Principles of Distributed Computing,semanticscholar,00b3ebd315991e5b5f4e6beec2e1488281368028,CS081,S201,,CS081,included,no,progress,3,title-screen,,,,Keyword score is prioritization only; it is not an eligibility or exclusion decision.
CG0960,doi:10.1145/1993806.1993876,20260731T091700Z-legacy-promotions-semanticscholar,A nonblocking set optimized for querying the minimum value,2011,2011-06-06,10.1145/1993806.1993876,,ACM SIGACT-SIGOPS Symposium on Principles of Distributed Computing,semanticscholar,e1e0dd88d75cd9ff323cbf75dc9451d7930f0a5f,CS081,S201,,CS081,included,no,progress,3,title-screen,,,,Keyword score is prioritization only; it is not an eligibility or exclusion decision.
CG0981,doi:10.1145/2312005.2312016,20260731T091700Z-legacy-promotions-semanticscholar,A lock-free B+tree,2012,2012-06-25,10.1145/2312005.2312016,,ACM Symposium on Parallelism in Algorithms and Architectures,semanticscholar,c3af058cdbe022723eff90f0f0add071fd5c0870,CS081,S201,,CS081,included,no,progress,3,title-screen,,,,Keyword score is prioritization only; it is not an eligibility or exclusion decision.
CG0982,doi:10.1145/2312005.2312036,20260731T091700Z-legacy-promotions-semanticscholar,A non-blocking internal binary search tree,2012,2012-06-25,10.1145/2312005.2312036,,ACM Symposium on Parallelism in Algorithms and Architectures,semanticscholar,6a26e67389ed9b975c79ddcd711bdadb32e56bdc,CS081,S201,,CS081,included,no,progress,3,title-screen,,,,Keyword score is prioritization only; it is not an eligibility or exclusion decision.
CG0984,doi:10.1145/2332432.2332435,20260731T091700Z-legacy-promotions-semanticscholar,On the liveness of transactional memory,2012,2012-07-16,10.1145/2332432.2332435,,ACM SIGACT-SIGOPS Symposium on Principles of Distributed Computing,semanticscholar,946aa5eb3b8972cb26b1b6b6a0eb8f45ce19625f,CS081,S201,,CS081,included,no,progress,3,title-screen,,,,Keyword score is prioritization only; it is not an eligibility or exclusion decision.
CG1002,doi:10.1145/248052.248106,20260731T091600Z-legacy-promotions-opencitations;20260731T091700Z-legacy-promotions-semanticscholar,"Simple, fast, and practical non-blocking and blocking concurrent queue algorithms",1996,1996-05-01,10.1145/248052.248106,,ACM SIGACT-SIGOPS Symposium on Principles of Distributed Computing,opencitations;semanticscholar,10.1145/248052.248106;37a1e8411669e29cf8fbf48ec920c97c0066ac7e,CS083;CS086;CS087;CS088;CS090;CS091;CS094;CS096;CS097;CS099;CS105,S203;S206;S207;S208;S210;S211;S214;S216;S217;S219;S225,CS083;CS086;CS087;CS088;CS090;CS091;CS094;CS096;CS097;CS099;CS105,,included,no,progress,3,title-screen,,,,Keyword score is prioritization only; it is not an eligibility or exclusion decision.
CG1003,doi:10.1145/2483852.2483866,20260731T091700Z-legacy-promotions-semanticscholar,Nonblocking algorithms and scalable multicore programming,2013,2013-05-01,10.1145/2483852.2483866,,CACM,semanticscholar,e0d74e5ee737c74be168a7a6eb6a37e3675e2db6,CS081,S201,,CS081,included,no,progress,3,title-screen,,,,Keyword score is prioritization only; it is not an eligibility or exclusion decision.
CG1012,doi:10.1145/2508075.2508431,20260731T091700Z-legacy-promotions-semanticscholar,Effective use of non-blocking data structures in a deduplication application,2013,2013-10-26,10.1145/2508075.2508431,,"ACM SIGPLAN International Conference on Systems, Programming, Languages and Applications: Software for Humanity",semanticscholar,90aff973925770922eddef5e891a81742cd12f23,CS081,S201,,CS081,included,no,progress,3,title-screen,,,,Keyword score is prioritization only; it is not an eligibility or exclusion decision.
CG1023,doi:10.1145/2555243.2555267,20260731T091700Z-legacy-promotions-semanticscholar,A general technique for non-blocking trees,2014,2014-02-06,10.1145/2555243.2555267,1712.06687,ACM SIGPLAN Symposium on Principles & Practice of Parallel Programming,semanticscholar,a086d43f5b75666bd336175ff7679f761cfbfe85,CS081,S201,,CS081,included,no,progress,3,title-screen,,,,Keyword score is prioritization only; it is not an eligibility or exclusion decision.
CG1028,doi:10.1145/2591796.2591836,20260731T091700Z-legacy-promotions-semanticscholar,Are lock-free concurrent algorithms practically wait-free?,2013,2013-11-13,10.1145/2591796.2591836,1311.3200,Symposium on the Theory of Computing,semanticscholar,d434df52e0dea66db6410d1726cda44d20e1a091,CS081,S201,,CS081,included,no,progress,3,title-screen,,,,Keyword score is prioritization only; it is not an eligibility or exclusion decision.
CG1034,doi:10.1145/2611462.2611500,20260731T091700Z-legacy-promotions-semanticscholar,Efficient lock-free binary search trees,2014,2014-04-12,10.1145/2611462.2611500,1404.3272,ACM SIGACT-SIGOPS Symposium on Principles of Distributed Computing,semanticscholar,1fbee537243fc67449bae4515c4936ea745b738a,CS081,S201,,CS081,included,no,progress,3,title-screen,,,,Keyword score is prioritization only; it is not an eligibility or exclusion decision.
CG1035,doi:10.1145/2611462.2611502,20260731T091700Z-legacy-promotions-semanticscholar,Brief announcement: are lock-free concurrent algorithms practically wait-free?,2014,2014-07-15,10.1145/2611462.2611502,,ACM SIGACT-SIGOPS Symposium on Principles of Distributed Computing,semanticscholar,6c65246361403d257310486113eb96555e0159c4,CS081,S201,,CS081,included,no,progress,3,title-screen,,,,Keyword score is prioritization only; it is not an eligibility or exclusion decision.
CG1044,doi:10.1145/2676724.2693179,20260731T091600Z-legacy-promotions-opencitations;20260731T091700Z-legacy-promotions-semanticscholar,Proving Lock-Freedom Easily and Automatically,2015,2015-01-13,10.1145/2676724.2693179,,Certified Programs and Proofs,opencitations;semanticscholar,10.1145/2676724.2693179;c910126186ee896197199d2e5d021d275a96567c,CS100,S220,,CS100,included,no,progress,3,title-screen,,,,Keyword score is prioritization only; it is not an eligibility or exclusion decision.
CG1052,doi:10.1145/2684464.2684473,20260731T091700Z-legacy-promotions-semanticscholar,On Partial Wait-Freedom in Transactional Memory,2014,2014-07-25,10.1145/2684464.2684473,1407.6876,International Conference of Distributed Computing and Networking,semanticscholar,68323a5bf795de025ea120fac89c8e318a2d5dac,CS081,S201,,CS081,included,no,progress,3,title-screen,,,,Keyword score is prioritization only; it is not an eligibility or exclusion decision.
CG1065,doi:10.1145/2767386.2767401,20260731T091700Z-legacy-promotions-semanticscholar,Safety-Liveness Exclusion in Distributed Computing,2015,2015-07-21,10.1145/2767386.2767401,,ACM SIGACT-SIGOPS Symposium on Principles of Distributed Computing,semanticscholar,b08ee9656505d127a6d319c87ac93f6d4007b814,CS081,S201,,CS081,included,no,progress,3,title-screen,,,,Keyword score is prioritization only; it is not an eligibility or exclusion decision.
CG1066,doi:10.1145/2767386.2767436,20260731T091700Z-legacy-promotions-semanticscholar,Reclaiming Memory for Lock-Free Data Structures: There has to be a Better Way,2015,2015-07-21,10.1145/2767386.2767436,1712.01044,ACM SIGACT-SIGOPS Symposium on Principles of Distributed Computing,semanticscholar,dfdd6d8f3d421d6f3a69259c56a164bbced76fbc,CS081,S201,,CS081,included,no,progress,3,title-screen,,,,Keyword score is prioritization only; it is not an eligibility or exclusion decision.
CG1073,doi:10.1145/2784731.2784734,20260731T091700Z-legacy-promotions-semanticscholar,Adaptive lock-free maps: purely-functional to scalable,2015,2015-08-29,10.1145/2784731.2784734,,ACM SIGPLAN International Conference on Functional Programming,semanticscholar,ef29dede98874dc5d5485b2fb2d526f6d47800ed,CS081,S201,,CS081,included,no,progress,3,title-screen,,,,Keyword score is prioritization only; it is not an eligibility or exclusion decision.
CG1092,doi:10.1145/2872362.2872400,20260731T091700Z-legacy-promotions-semanticscholar,CASPAR: Breaking Serialization in Lock-Free Multicore Synchronization,2016,2016-03-25,10.1145/2872362.2872400,,International Conference on Architectural Support for Programming Languages and Operating Systems,semanticscholar,6a26ded787801fb7c29d2fe78286dff3abd7a8f5,CS081,S201,,CS081,included,no,progress,3,title-screen,,,,Keyword score is prioritization only; it is not an eligibility or exclusion decision.
CG1095,doi:10.1145/2903136,20260731T091700Z-legacy-promotions-semanticscholar,Are Lock-Free Concurrent Algorithms Practically Wait-Free?,2016,2016-09-14,10.1145/2903136,,Journal of the ACM,semanticscholar,31070ef68d17b6e23f88d187eb962479b63c1eb3,CS081,S201,,CS081,included,no,progress,3,title-screen,,,,Keyword score is prioritization only; it is not an eligibility or exclusion decision.
CG1105,doi:10.1145/2928275.2928285,20260731T091700Z-legacy-promotions-semanticscholar,"Versioned Programming: A Simple Technique for Implementing Efficient, Lock-Free, and Composable Data Structures",2016,2016-06-06,10.1145/2928275.2928285,,Annual Haifa Experimental Systems Conference,semanticscholar,8ce872eb6d5d20b13595b165dde1711033f94f45,CS081,S201,,CS081,included,no,progress,3,title-screen,,,,Keyword score is prioritization only; it is not an eligibility or exclusion decision.
CG1107,doi:10.1145/2935764.2935774,20260731T091700Z-legacy-promotions-semanticscholar,Concurrent Search Data Structures Can Be Blocking and Practically Wait-Free,2016,2016-07-11,10.1145/2935764.2935774,,ACM Symposium on Parallelism in Algorithms and Architectures,semanticscholar,99885b824643da6ca5844ff984da0abf0fcb7cad,CS081,S201,,CS081,included,no,progress,3,title-screen,,,,Keyword score is prioritization only; it is not an eligibility or exclusion decision.
CG1108,doi:10.1145/2935764.2935780,20260731T091700Z-legacy-promotions-semanticscholar,Lock-free Transactions without Rollbacks for Linked Data Structures,2016,2016-07-11,10.1145/2935764.2935780,,ACM Symposium on Parallelism in Algorithms and Architectures,semanticscholar,9b683da844e2c92f1125ed3fc289cebe3e7416f4,CS081,S201,,CS081,included,no,progress,3,title-screen,,,,Keyword score is prioritization only; it is not an eligibility or exclusion decision.
CG1135,doi:10.1145/3064850,20260731T091600Z-legacy-promotions-opencitations;20260731T091700Z-legacy-promotions-semanticscholar,Verifying Invariants of Lock-Free Data Structures with Rely-Guarantee and Refinement Types,2017,2017-09-30,10.1145/3064850,,ACM Transactions on Programming Languages and Systems,opencitations;semanticscholar,10.1145/3064850;22a2a213f5dcbb8cdd89415242028104ffee2d6d,CS085;CS103,S205;S223,,CS085;CS103,included,no,progress,3,title-screen,,,,Keyword score is prioritization only; it is not an eligibility or exclusion decision.
CG1138,doi:10.1145/3092255.3092274,20260731T091700Z-legacy-promotions-semanticscholar,Type-assisted automatic garbage collection for lock-free data structures,2017,2017-06-18,10.1145/3092255.3092274,,International Symposium on Mathematical Morphology and Its Application to Signal and Image Processing,semanticscholar,bade6bdd6d10ece21b8b6828a54123f34ba28183,CS081,S201,,CS081,included,no,progress,3,title-screen,,,,Keyword score is prioritization only; it is not an eligibility or exclusion decision.
CG1148,doi:10.1145/3141879,20260731T091700Z-legacy-promotions-semanticscholar,Project snowflake: non-blocking safe manual memory management in .NET,2017,2017-10-12,10.1145/3141879,,Proc. ACM Program. Lang.,semanticscholar,28d6479752d5c985d15de223ced34a01d6cb8371,CS081,S201,,CS081,included,no,progress,3,title-screen,,,,Keyword score is prioritization only; it is not an eligibility or exclusion decision.
CG1155,doi:10.1145/3158108,20260731T091600Z-legacy-promotions-opencitations;20260731T091700Z-legacy-promotions-semanticscholar,Progress of concurrent objects with partial methods,2018,2017-12-27,10.1145/3158108,,Proc. ACM Program. Lang.,opencitations;semanticscholar,10.1145/3158108;8db69a9e7d84dc6a47d7802e757247cb039d71cd,CS079;CS080,S199;S200,,CS079;CS080,included,no,progress,3,title-screen,,,,Keyword score is prioritization only; it is not an eligibility or exclusion decision.
CG1174,doi:10.1145/3209690,20260731T091700Z-legacy-promotions-semanticscholar,Lock-Free Transactional Transformation for Linked Data Structures,2018,2018-06-13,10.1145/3209690,,ACM Transactions on Parallel Computing,semanticscholar,1549276cc617c000c8940b263a43d28eaec16799,CS081,S201,,CS081,included,no,progress,3,title-screen,,,,Keyword score is prioritization only; it is not an eligibility or exclusion decision.
CG1175,doi:10.1145/3210377.3210408,20260731T091700Z-legacy-promotions-semanticscholar,An Efficient Wait-free Resizable Hash Table,2018,2018-07-11,10.1145/3210377.3210408,2204.09624,ACM Symposium on Parallelism in Algorithms and Architectures,semanticscholar,6a16ceb7dd3d75a0cdbee05278e7601df9100c50,CS081,S201,,CS081,included,no,progress,3,title-screen,,,,Keyword score is prioritization only; it is not an eligibility or exclusion decision.
CG1194,doi:10.1145/3303084.3309491,20260731T091700Z-legacy-promotions-semanticscholar,Wait-free Dynamic Transactions for Linked Data Structures,2019,2019-02-17,10.1145/3303084.3309491,,PMAM@PPoPP,semanticscholar,5fb4d9985b3484c9205ef10309cc5b1427e7adda,CS081,S201,,CS081,included,no,progress,3,title-screen,,,,Keyword score is prioritization only; it is not an eligibility or exclusion decision.
CG1198,doi:10.1145/3323165.3323197,20260731T091700Z-legacy-promotions-semanticscholar,Persistent Non-Blocking Binary Search Trees Supporting Wait-Free Range Queries,2018,2018-05-12,10.1145/3323165.3323197,1805.04779,ACM Symposium on Parallelism in Algorithms and Architectures,semanticscholar,ae72650a00272c6deca21957069bc7e60537bbaa,CS081,S201,,CS081,included,no,progress,3,title-screen,,,,Keyword score is prioritization only; it is not an eligibility or exclusion decision.
CG1204,doi:10.1145/3339186.3339191,20260731T091700Z-legacy-promotions-semanticscholar,(Dis)Advantages of Lock-free Synchronization Mechanisms for Multicore Embedded Systems,2019,2019-08-05,10.1145/3339186.3339191,,ICPP Workshops,semanticscholar,e837f267b6093761658310a1a74aeeb5510959fa,CS081,S201,,CS081,included,no,progress,3,title-screen,,,,Keyword score is prioritization only; it is not an eligibility or exclusion decision.
CG1214,doi:10.1145/3360554,20260731T091700Z-legacy-promotions-semanticscholar,Efficient lock-free durable sets,2019,2019-09-02,10.1145/3360554,1909.02852,Proc. ACM Program. Lang.,semanticscholar,5aedff352b947128c04988907c069f1ebbad57fa,CS081,S201,,CS081,included,no,progress,3,title-screen,,,,Keyword score is prioritization only; it is not an eligibility or exclusion decision.
CG1241,doi:10.1145/3434307,20260731T091700Z-legacy-promotions-semanticscholar,Dijkstra monads forever: termination-sensitive specifications for interaction trees,2021,2021-01-04,10.1145/3434307,,Proc. ACM Program. Lang.,semanticscholar,cfbe4ef96206a0377db1ee2bcbe08a41c06c959b,CS085,S205,,CS085,included,no,progress,3,title-screen,,,,Keyword score is prioritization only; it is not an eligibility or exclusion decision.
CG1255,doi:10.1145/3453483.3454105,20260731T091700Z-legacy-promotions-semanticscholar,Mirror: making lock-free data structures persistent,2021,2021-06-18,10.1145/3453483.3454105,,ACM-SIGPLAN Symposium on Programming Language Design and Implementation,semanticscholar,04f375248f2bd33db1da46984e5329c9501a7ec5,CS081,S201,,CS081,included,no,progress,3,title-screen,,,,Keyword score is prioritization only; it is not an eligibility or exclusion decision.
CG1262,doi:10.1145/3477082,20260731T091600Z-legacy-promotions-opencitations;20260731T091700Z-legacy-promotions-semanticscholar,TaDA Live: Compositional Reasoning for Termination of Fine-grained Concurrent Programs,2021,2021-12-31,10.1145/3477082,1901.05750,ACM Transactions on Programming Languages and Systems,opencitations;semanticscholar,10.1145/3477082;d15652f8e0f873ca8645825f9718476d7b7f2fe8,CS079;CS080;CS103,S199;S200;S223,,CS079;CS080;CS103,included,no,progress,3,title-screen,,,,Keyword score is prioritization only; it is not an eligibility or exclusion decision.
CG1279,doi:10.1145/3503221.3508433,20260731T091700Z-legacy-promotions-semanticscholar,Lock-free locks revisited,2022,2022-01-03,10.1145/3503221.3508433,2201.00813,ACM SIGPLAN Symposium on Principles & Practice of Parallel Programming,semanticscholar,2c6088fcf28844f2ce8f0983af45143ae8eb5b33,CS081,S201,,CS081,included,no,progress,3,title-screen,,,,Keyword score is prioritization only; it is not an eligibility or exclusion decision.
CG1281,doi:10.1145/3503221.3508437,20260731T091700Z-legacy-promotions-semanticscholar,Jiffy: a lock-free skip list with batch updates and snapshots,2021,2021-02-01,10.1145/3503221.3508437,2102.01044,ACM SIGPLAN Symposium on Principles & Practice of Parallel Programming,semanticscholar,0339ac55238ef94d007ff8497e85736d1c0effd0,CS081,S201,,CS081,included,no,progress,3,title-screen,,,,Keyword score is prioritization only; it is not an eligibility or exclusion decision.
CG1294,doi:10.1145/3558481.3591079,20260731T091700Z-legacy-promotions-semanticscholar,Transactional Composition of Nonblocking Data Structures,2023,2023-01-03,10.1145/3558481.3591079,2301.00996,ACM SIGPLAN Symposium on Principles & Practice of Parallel Programming,semanticscholar,7d31c4da070bb01d8af05998dfc3b9ef7254d6af,CS081,S201,,CS081,included,no,progress,3,title-screen,,,,Keyword score is prioritization only; it is not an eligibility or exclusion decision.
CG1310,doi:10.1145/357172.357178,20260731T091700Z-legacy-promotions-semanticscholar,Proving Liveness Properties of Concurrent Programs,1982,1982-07-01,10.1145/357172.357178,,ACM Transactions on Programming Languages and Systems,semanticscholar,bba8a9a829d0f4c10af20df980a7b1ea7f6a61bd,CS093,S213,CS093,,included,no,progress,3,title-screen,,,,Keyword score is prioritization only; it is not an eligibility or exclusion decision.
CG1333,doi:10.1145/3622827,20260731T091600Z-legacy-promotions-opencitations;20260731T091700Z-legacy-promotions-semanticscholar,Modular Verification of Safe Memory Reclamation in Concurrent Separation Logic,2023,2023-10-16,10.1145/3622827,,Proc. ACM Program. Lang.,opencitations;semanticscholar,10.1145/3622827;ce8cf398ad4e1b8b8f693c5c70274098892aed98,CS081;CS086;CS087;CS095;CS100;CS101,S201;S206;S207;S215;S220;S221,CS095,CS081;CS086;CS087;CS100;CS101,included,no,formal_verification;reclamation_or_aba,3,title-screen,,,,Keyword score is prioritization only; it is not an eligibility or exclusion decision.
CG1344,doi:10.1145/3635163,20260731T091700Z-legacy-promotions-semanticscholar,A Conflict-Resilient Lock-Free Linearizable Calendar Queue,2023,2023-12-06,10.1145/3635163,,ACM Transactions on Parallel Computing,semanticscholar,53fcefb27fca5a5b270985bc2a6bdddcf843e46d,CS081,S201,,CS081,included,no,progress,3,title-screen,,,,Keyword score is prioritization only; it is not an eligibility or exclusion decision.
CG1368,doi:10.1145/3710848.3710880,20260731T091700Z-legacy-promotions-semanticscholar,Boost Lock-free Queue and Stack with Batching,2025,2025-02-28,10.1145/3710848.3710880,,ACM SIGPLAN Symposium on Principles & Practice of Parallel Programming,semanticscholar,d464885ad84b704519d6716d672576507a7c56a7,CS081,S201,,CS081,included,no,progress,3,title-screen,,,,Keyword score is prioritization only; it is not an eligibility or exclusion decision.
CG1383,doi:10.1145/3766061,20260731T091600Z-legacy-promotions-opencitations;20260731T091700Z-legacy-promotions-semanticscholar,Decidability of Liveness on the TSO Memory Model,2026,2026-02-13,10.1145/3766061,2107.09930,Formal Aspects Comput.,opencitations;semanticscholar,10.1145/3766061;334719f548fae46c6116d7a5bcd8792642386290,CS080,S200,,CS080,included,no,progress,3,title-screen,,,,Keyword score is prioritization only; it is not an eligibility or exclusion decision.
CG1395,doi:10.1145/3798240,20260731T091700Z-legacy-promotions-semanticscholar,Lawyer: Modular Obligations-Based Liveness Reasoning in Higher-Order Impredicative Concurrent Separation Logic,2026,2026-04-10,10.1145/3798240,,Proceedings of the ACM on Programming Languages,semanticscholar,8a8d750e1a0c7a29ce28da0358b08593c8a48ab9,CS085,S205,,CS085,included,no,progress,3,title-screen,,,,Keyword score is prioritization only; it is not an eligibility or exclusion decision.
CG1406,doi:10.1145/571825.571830,20260731T091700Z-legacy-promotions-semanticscholar,Non-blocking timeout in scalable queue-based spin locks,2002,2002-07-21,10.1145/571825.571830,,ACM SIGACT-SIGOPS Symposium on Principles of Distributed Computing,semanticscholar,1963455d66a7fa9755216fd15ee47a2ad3d86827,CS088,S208,CS088,,included,no,progress,3,title-screen,,,,Keyword score is prioritization only; it is not an eligibility or exclusion decision.
CG1407,doi:10.1145/605397.605399,20260731T091700Z-legacy-promotions-semanticscholar,Transactional lock-free execution of lock-based programs,2002,2002-10-01,10.1145/605397.605399,,ASPLOS X,semanticscholar,e0ec0786c3cdf0788125942a5c531b8326b927e5,CS088,S208,CS088,,included,no,progress,3,title-screen,,,,Keyword score is prioritization only; it is not an eligibility or exclusion decision.
CG1414,doi:10.1145/967900.968188,20260731T091700Z-legacy-promotions-semanticscholar,Scalable and lock-free concurrent dictionaries,2004,2004-03-14,10.1145/967900.968188,,ACM Symposium on Applied Computing,semanticscholar,7b215a9852d6c642f7fa64d3ceaf0804c66fc992,CS081,S201,,CS081,included,no,progress,3,title-screen,,,,Keyword score is prioritization only; it is not an eligibility or exclusion decision.
CG1435,doi:10.14778/3514061.3514066,20260731T091700Z-legacy-promotions-semanticscholar,NBTree: a Lock-free PM-friendly Persistent B+-Tree for eADR-enabled PM Systems,2022,2022-02-01,10.14778/3514061.3514066,,Proceedings of the VLDB Endowment,semanticscholar,3a2c8ebbe5888fb64604ceecbacaec76dbd1ee84,CS081,S201,,CS081,included,no,progress,3,title-screen,,,,Keyword score is prioritization only; it is not an eligibility or exclusion decision.
CG1460,doi:10.23919/fmcad.2018.8603020,20260731T091600Z-legacy-promotions-opencitations;20260731T091700Z-legacy-promotions-semanticscholar,Rely-Guarantee Reasoning for Automated Bound Analysis of Lock-Free Algorithms,2018,2018-10-01,10.23919/fmcad.2018.8603020,,Formal Methods in Computer-Aided Design,opencitations;semanticscholar,10.23919/fmcad.2018.8603020;c715015578bdf4cd4a18ee4f7fa77dbf5b476fb1,CS097;CS100,S217;S220,,CS097;CS100,included,no,progress,3,title-screen,,,,Keyword score is prioritization only; it is not an eligibility or exclusion decision.
CG1474,doi:10.3217/jucs-015-01-0072,20260731T091700Z-legacy-promotions-semanticscholar,Reasoning about Nonblocking Concurrency,2009,,10.3217/jucs-015-01-0072,,Journal of universal computer science (Online),semanticscholar,18d3bf269679f44c5202106753d13eebdc11af72,CS105,S225,,CS105,included,no,progress,3,title-screen,,,,Keyword score is prioritization only; it is not an eligibility or exclusion decision.
CG1478,doi:10.3390/app12073458,20260731T091700Z-legacy-promotions-semanticscholar,Performance Analysis of RCU-Style Non-Blocking Synchronization Mechanisms on a Manycore-Based Operating System,2022,2022-03-29,10.3390/app12073458,,Applied Sciences,semanticscholar,93cce7771fda470095ed292c359221a849e1491f,CS081,S201,,CS081,included,no,progress,3,title-screen,,,,Keyword score is prioritization only; it is not an eligibility or exclusion decision.
CG1482,doi:10.3929/ethz-a-010335528,20260731T091700Z-legacy-promotions-semanticscholar,Combining Lock-Free Programming with Cooperative Multitasking for a Portable Multiprocessor Runtime System,2014,,10.3929/ethz-a-010335528,,,semanticscholar,1a4371a58569c67d44fdb568937770aafdc94748,CS081,S201,,CS081,included,no,progress,3,title-screen,,,,Keyword score is prioritization only; it is not an eligibility or exclusion decision.
CG1484,doi:10.4018/ijossp.2017040103,20260731T091700Z-legacy-promotions-semanticscholar,Lock-Free Binary Search Tree Based on Leaf Search,2017,2017-04-01,10.4018/ijossp.2017040103,,International Journal of Open Source Software & Processes,semanticscholar,4f3682291a0334f9838c0f8c7beb33e1ce06c269,CS081,S201,,CS081,included,no,progress,3,title-screen,,,,Keyword score is prioritization only; it is not an eligibility or exclusion decision.
CG1499,doi:10.4230/lipics.disc.2021.14,20260731T091700Z-legacy-promotions-semanticscholar,Fast Nonblocking Persistence for Concurrent Data Structures,2021,2021-05-20,10.4230/lipics.disc.2021.14,2105.09508,International Symposium on Distributed Computing,semanticscholar,f6d36e69e5e2fff3e581b3d8046d21ea21ac3d7c,CS081,S201,,CS081,included,no,progress,3,title-screen,,,,Keyword score is prioritization only; it is not an eligibility or exclusion decision.
CG1551,s2:091093f013e41ca47c276cae1c368f0519285948,20260731T091700Z-legacy-promotions-semanticscholar,Verifying Wait-Freedom for Concurrent 1 Higher-Order Programs 2,,,,,,semanticscholar,091093f013e41ca47c276cae1c368f0519285948,CS089,S209,,CS089,unknown-date,no,progress,3,manual-date-check,,,,Keyword score is prioritization only; it is not an eligibility or exclusion decision.
CG1558,s2:0fff604667f24050e85f13f97d93197f729dcccc,20260731T091700Z-legacy-promotions-semanticscholar,Verifying Wait-Freedom for Concurrent Higher-Order Programs,,,,,,semanticscholar,0fff604667f24050e85f13f97d93197f729dcccc,CS089,S209,,CS089,unknown-date,no,progress,3,manual-date-check,,,,Keyword score is prioritization only; it is not an eligibility or exclusion decision.
CG1589,s2:23299c6720046f3a21db8cfbb4da0ddc020272cb,20260731T091700Z-legacy-promotions-semanticscholar,Efficient and Practical Non-Blocking Data Structures,2004,,,,,semanticscholar,23299c6720046f3a21db8cfbb4da0ddc020272cb,CS081,S201,,CS081,included,no,progress,3,title-screen,,,,Keyword score is prioritization only; it is not an eligibility or exclusion decision.
CG1593,s2:24663bbc4db53f366b58fb99c3dcb134118fd17b,20260731T091700Z-legacy-promotions-semanticscholar,Finding linearization violations in lock-free concurrent data structures,2013,,,,,semanticscholar,24663bbc4db53f366b58fb99c3dcb134118fd17b,CS081,S201,,CS081,included,no,progress,3,title-screen,,,,Keyword score is prioritization only; it is not an eligibility or exclusion decision.
CG1603,s2:2a376862a924258aae2be84db30772e6e96baf12,20260731T091700Z-legacy-promotions-semanticscholar,"Preprint – March 28 , 2013 Quantitative Reasoning for Proving Lock-Freedom",2013,,,,,semanticscholar,2a376862a924258aae2be84db30772e6e96baf12,CS089;CS101,S209;S221,,CS089;CS101,included,no,progress,3,title-screen,,,,Keyword score is prioritization only; it is not an eligibility or exclusion decision.
CG1627,s2:3a4fbfa585c99a71a1412206a4a2be67a1f3af8a,20260731T091700Z-legacy-promotions-semanticscholar,Local rely-guarantee conditions for linearizability and lock-freedom,2011,,,,,semanticscholar,3a4fbfa585c99a71a1412206a4a2be67a1f3af8a,CS097;CS101,S217;S221,,CS097;CS101,included,no,progress,3,title-screen,,,,Keyword score is prioritization only; it is not an eligibility or exclusion decision.
CG1634,s2:4476d5666fe1f43bc8b1aa87a7e7b345eeec5316,20260731T091700Z-legacy-promotions-semanticscholar,Noname manuscript No. (will be inserted by the editor) A General Framework for Automatic Termination Analysis of Logic Programs ⋆,2000,,,,,semanticscholar,4476d5666fe1f43bc8b1aa87a7e7b345eeec5316,CS088,S208,CS088,,included,no,progress,3,title-screen,,,,Keyword score is prioritization only; it is not an eligibility or exclusion decision.
CG1658,s2:558906993bb2a522fd8ffb11ed664ade276b8e2c,20260731T091700Z-legacy-promotions-semanticscholar,Chapter 6 Scalable and Lock-Free Concurrent Dictionaries 1,2004,,,,,semanticscholar,558906993bb2a522fd8ffb11ed664ade276b8e2c,CS081,S201,,CS081,included,no,progress,3,title-screen,,,,Keyword score is prioritization only; it is not an eligibility or exclusion decision.
CG1669,s2:5b02e9f1e29c7e61645274421b140870d794be80,20260731T091700Z-legacy-promotions-semanticscholar,Modelling and Verifying Non-blocking Algorithms that Use Dynamically Allocated Memory,2004,,,,,semanticscholar,5b02e9f1e29c7e61645274421b140870d794be80,CS078;CS091;CS105,S198;S211;S225,CS078;CS091;CS105,,included,no,progress,3,title-screen,,,,Keyword score is prioritization only; it is not an eligibility or exclusion decision.
CG1677,s2:5d5f45e557e8c67176dbf39cba5e5ca36e77d2fe,20260731T091700Z-legacy-promotions-semanticscholar,MIT Open Access Articles Are lock-free concurrent algorithms practically wait-free?,,,,,,semanticscholar,5d5f45e557e8c67176dbf39cba5e5ca36e77d2fe,CS081,S201,,CS081,unknown-date,no,progress,3,manual-date-check,,,,Keyword score is prioritization only; it is not an eligibility or exclusion decision.
CG1691,s2:646d374339d26ce7202c509e4351bf951bf80ae3,20260731T091700Z-legacy-promotions-semanticscholar,Verifying linearizability and lock-freedom with temporal logic,2009,,,,,semanticscholar,646d374339d26ce7202c509e4351bf951bf80ae3,CS089;CS098,S209;S218,,CS089;CS098,included,no,progress,3,title-screen,,,,Keyword score is prioritization only; it is not an eligibility or exclusion decision.
CG1693,s2:69a829d12bad950c95d5edc0fd01778be50d9eed,20260731T091700Z-legacy-promotions-semanticscholar,Concurrent Non-blocking Skip List Using Multi-word Compare and Swap Operation,2015,,,,,semanticscholar,69a829d12bad950c95d5edc0fd01778be50d9eed,CS081,S201,,CS081,included,no,progress,3,title-screen,,,,Keyword score is prioritization only; it is not an eligibility or exclusion decision.
CG1714,s2:75172110ebbed0e58039c85a00583532a90c42ec,20260731T091700Z-legacy-promotions-semanticscholar,Thread Summaries for Lock-Free Data Structures,2016,,,,,semanticscholar,75172110ebbed0e58039c85a00583532a90c42ec,CS097,S217,,CS097,included,no,progress,3,title-screen,,,,Keyword score is prioritization only; it is not an eligibility or exclusion decision.
CG1715,s2:774c5aec3925a551dbd85d1fe4a87f8be80cdb32,20260731T091700Z-legacy-promotions-semanticscholar,1 Efficient Lock-Free Durable Sets,2019,,,,,semanticscholar,774c5aec3925a551dbd85d1fe4a87f8be80cdb32,CS081,S201,,CS081,included,no,progress,3,title-screen,,,,Keyword score is prioritization only; it is not an eligibility or exclusion decision.
CG1716,s2:77718bfbbf4102b71032a863f0f29ef0ba51b360,20260731T091700Z-legacy-promotions-semanticscholar,Lowering the Overhead of Nonblocking Software Transactional Memory,2006,,,,,semanticscholar,77718bfbbf4102b71032a863f0f29ef0ba51b360,CS081,S201,,CS081,included,no,progress,3,title-screen,,,,Keyword score is prioritization only; it is not an eligibility or exclusion decision.
CG1721,s2:78e47b768c784fcb15004bab48e24f80fdad579e,20260731T091700Z-legacy-promotions-semanticscholar,A Lock-Free,2012,,,,,semanticscholar,78e47b768c784fcb15004bab48e24f80fdad579e,CS081,S201,,CS081,included,no,progress,3,title-screen,,,,Keyword score is prioritization only; it is not an eligibility or exclusion decision.
CG1737,s2:85494223a929ef78a5ce827da0151666b3b70003,20260731T091700Z-legacy-promotions-semanticscholar,A lock-free environment for computer music: concurrent components for computer supported cooperative work,2011,,,,,semanticscholar,85494223a929ef78a5ce827da0151666b3b70003,CS081,S201,,CS081,included,no,progress,3,title-screen,,,,Keyword score is prioritization only; it is not an eligibility or exclusion decision.
CG1739,s2:8822111f07223fbccba3e6b1741b4d2e6ba14f2b,20260731T091700Z-legacy-promotions-semanticscholar,Verifying Michael and Scott's Lock-Free Queue Algorithm using Trace Reduction,2008,,,,Computing: The Australasian Theory Symposium,semanticscholar,8822111f07223fbccba3e6b1741b4d2e6ba14f2b,CS105,S225,,CS105,included,no,progress,3,title-screen,,,,Keyword score is prioritization only; it is not an eligibility or exclusion decision.
CG1745,s2:8bb6cc5b39fce72a241465e03b9c90aad83d1087,20260731T091700Z-legacy-promotions-semanticscholar,Verifying Michael and Scott ’ s Lock-Free Queue Algorithm using Trace Reduction,2007,,,,,semanticscholar,8bb6cc5b39fce72a241465e03b9c90aad83d1087,CS088;CS091;CS105,S208;S211;S225,CS088;CS091,CS105,included,no,progress,3,title-screen,,,,Keyword score is prioritization only; it is not an eligibility or exclusion decision.
CG1753,s2:924c0eeaf582cbd66fb63043a9df52ebc1a68887,20260731T091700Z-legacy-promotions-semanticscholar,Distributed Computing manuscript No. (will be inserted by the editor) Lock-Free Reference Counting,2002,,,,,semanticscholar,924c0eeaf582cbd66fb63043a9df52ebc1a68887,CS105,S225,CS105,,included,no,progress,3,title-screen,,,,Keyword score is prioritization only; it is not an eligibility or exclusion decision.
CG1781,s2:a4a3acda86449bcaff66439a6ecd7e5e25852798,20260731T091700Z-legacy-promotions-semanticscholar,Non-Blocking Algorithms and Preemption-Safe Locking on Multiprogrammed Shared Memory Multiprocessors,1998,,,,,semanticscholar,a4a3acda86449bcaff66439a6ecd7e5e25852798,CS092,S212,CS092,,included,no,progress,3,title-screen,,,,Keyword score is prioritization only; it is not an eligibility or exclusion decision.
CG1785,s2:a92a1f0bfbfa8adbddea36cfc51e172b444a5b04,20260731T091700Z-legacy-promotions-semanticscholar,Evaluation of Task Scheduling Algorithms and Wait-Free Data Structures for Embedded Multi-Core Systems,2014,,,,,semanticscholar,a92a1f0bfbfa8adbddea36cfc51e172b444a5b04,CS081,S201,,CS081,included,no,progress,3,title-screen,,,,Keyword score is prioritization only; it is not an eligibility or exclusion decision.
CG1797,s2:adc7c5ed81c640cbc0140b6520706f8560c7e693,20260731T091700Z-legacy-promotions-semanticscholar,Adapting Lock-Free Concurrent Data Objects to Support a Generic Move Operation,2012,,,,,semanticscholar,adc7c5ed81c640cbc0140b6520706f8560c7e693,CS099,S219,,CS099,included,no,progress,3,title-screen,,,,Keyword score is prioritization only; it is not an eligibility or exclusion decision.
CG1805,s2:b2d20dda965674ac0d1bafa17f2a608ea6fb3bc1,20260731T091700Z-legacy-promotions-semanticscholar,Lock-free Serializable Transactions,2006,,,,,semanticscholar,b2d20dda965674ac0d1bafa17f2a608ea6fb3bc1,CS081,S201,,CS081,included,no,progress,3,title-screen,,,,Keyword score is prioritization only; it is not an eligibility or exclusion decision.
CG1806,s2:b2d9e378d6e7688f151d9392e3bfcdabddcf4457,20260731T091700Z-legacy-promotions-semanticscholar,Reclaiming Memory from Lock-Free Hash Tries (cid:63),2018,,,,,semanticscholar,b2d9e378d6e7688f151d9392e3bfcdabddcf4457,CS081,S201,,CS081,included,no,progress,3,title-screen,,,,Keyword score is prioritization only; it is not an eligibility or exclusion decision.
CG1810,s2:b4745ad88028a7b904380704b17a13181c15af4a,20260731T091700Z-legacy-promotions-semanticscholar,A Lock-free B,2012,,,,,semanticscholar,b4745ad88028a7b904380704b17a13181c15af4a,CS081,S201,,CS081,included,no,progress,3,title-screen,,,,Keyword score is prioritization only; it is not an eligibility or exclusion decision.
CG1829,s2:c0376c50522294858d01a770fbee3855bbb2a6e4,20260731T091700Z-legacy-promotions-semanticscholar,"Turning Krieger ’ s MCS Lock into a Send Queue or , a Case for Reusing Clever , Mostly Lock-Free Code in a Different Area",2011,,,,,semanticscholar,c0376c50522294858d01a770fbee3855bbb2a6e4,CS081,S201,,CS081,included,no,progress,3,title-screen,,,,Keyword score is prioritization only; it is not an eligibility or exclusion decision.
CG1843,s2:cb5096fb620e59f97c4189f37a19a3d9a8bf4851,20260731T091700Z-legacy-promotions-semanticscholar,Scaling mount concurrency : scalability and progress in concurrent algorithms,2007,,,,,semanticscholar,cb5096fb620e59f97c4189f37a19a3d9a8bf4851,CS081,S201,,CS081,included,no,progress,3,title-screen,,,,Keyword score is prioritization only; it is not an eligibility or exclusion decision.
CG1851,s2:ced762c191957e1f7a57c5963eba4534950df46b,20260731T091700Z-legacy-promotions-semanticscholar,Further Reading on Lock-Free Shared Data Structures for ESSCaSS 2011 Participants,2011,,,,,semanticscholar,ced762c191957e1f7a57c5963eba4534950df46b,CS081,S201,,CS081,included,no,progress,3,title-screen,,,,Keyword score is prioritization only; it is not an eligibility or exclusion decision.
CG1865,s2:d895bd108ae46b8af0c55a489e78b3d125caf859,20260731T091700Z-legacy-promotions-semanticscholar,Développement prouvé de structures de données sans verrou. (Provably correct lock-free data structure),2008,2008-01-26,,,,semanticscholar,d895bd108ae46b8af0c55a489e78b3d125caf859,CS089,S209,,CS089,included,no,progress,3,title-screen,,,,Keyword score is prioritization only; it is not an eligibility or exclusion decision.
CG1888,s2:e98d9458816d86eb09fdba943141abad1e5c6c46,20260731T091700Z-legacy-promotions-semanticscholar,Finding Patterns in Lock-Free Algorithms,2017,,,,,semanticscholar,e98d9458816d86eb09fdba943141abad1e5c6c46,CS081,S201,,CS081,included,no,progress,3,title-screen,,,,Keyword score is prioritization only; it is not an eligibility or exclusion decision.
CG1893,s2:ece1fe580242dc54726f7c0d7281cf94a67613e0,20260731T091700Z-legacy-promotions-semanticscholar,"A Contention-Friendly, Non-Blocking Skip List",2012,2012-05-21,,,,semanticscholar,ece1fe580242dc54726f7c0d7281cf94a67613e0,CS081,S201,,CS081,included,no,progress,3,title-screen,,,,Keyword score is prioritization only; it is not an eligibility or exclusion decision.
CG1894,s2:ed8ba75e7599dc1c4cdd0ba9a5fc54c6091f7970,20260731T091700Z-legacy-promotions-semanticscholar,Ieee Transactions on Parallel and Distributed Systems a Lock-free Priority Queue Design Based on Multi-dimensional Linked Lists,,,,,,semanticscholar,ed8ba75e7599dc1c4cdd0ba9a5fc54c6091f7970,CS081,S201,,CS081,unknown-date,no,progress,3,manual-date-check,,,,Keyword score is prioritization only; it is not an eligibility or exclusion decision.
CG1901,s2:f3b6cb395b63b4335592f7162bc5bc004afcb310,20260731T091700Z-legacy-promotions-semanticscholar,or LF THREADS : A lock-free thread library,2007,,,,,semanticscholar,f3b6cb395b63b4335592f7162bc5bc004afcb310,CS081,S201,,CS081,included,no,progress,3,title-screen,,,,Keyword score is prioritization only; it is not an eligibility or exclusion decision.
CG1908,s2:f9fb48f5f03b5c2e6b9fb92b815b9b385afb78ef,20260731T091700Z-legacy-promotions-semanticscholar,A rational reconstruction of Harris's algorithm in RGSep (work in progress),2008,,,,,semanticscholar,f9fb48f5f03b5c2e6b9fb92b815b9b385afb78ef,CS089,S209,,CS089,included,no,progress,3,title-screen,,,,Keyword score is prioritization only; it is not an eligibility or exclusion decision.
CG1911,s2:fc8aee90616692e90dd0e5849f5f4c2e190134d3,20260731T091700Z-legacy-promotions-semanticscholar,Design and Analysis of Lock-free Data Structures,2007,2007-07-31,,,,semanticscholar,fc8aee90616692e90dd0e5849f5f4c2e190134d3,CS081,S201,,CS081,included,no,progress,3,title-screen,,,,Keyword score is prioritization only; it is not an eligibility or exclusion decision.
CG1961,unknown:semanticscholar:cs093:references:0:26,20260731T091700Z-legacy-promotions-semanticscholar,Liveness-Perseving Atomicity Ab-straction,2011,,,,"ICALP, LNCS",semanticscholar,,CS093,S213,CS093,,included,no,progress,3,title-screen,,,,Keyword score is prioritization only; it is not an eligibility or exclusion decision.
CG0005,arxiv:1410.4439,20260731T091700Z-legacy-promotions-semanticscholar,Principles for Verification Tools: Separation Logic,2014,2014-10-16,,1410.4439,arXiv.org,semanticscholar,241facb8f849449cb00d654b255a399bfdf42f01,CS089,S209,,CS089,included,no,formal_verification,2,title-screen,,,,Keyword score is prioritization only; it is not an eligibility or exclusion decision.
CG0007,arxiv:1412.8324,20260731T091700Z-legacy-promotions-semanticscholar,A Constructive Proof On the Compositionality of Linearizability,2014,2014-12-29,,1412.8324,arXiv.org,semanticscholar,9121a5c4db2336f66a9256ab9a7ad38821b402db,CS099,S219,,CS099,included,no,formal_verification,2,title-screen,,,,Keyword score is prioritization only; it is not an eligibility or exclusion decision.
CG0034,arxiv:1810.11979,20260731T091700Z-legacy-promotions-semanticscholar,"Formal Proofs of Tarjan's Algorithm in Why3, Coq, and Isabelle",2018,2018-10-29,,1810.11979,arXiv.org,semanticscholar,0ef4b7ad35ed28877f8de7d06fbbad059e85387a,CS085,S205,,CS085,included,no,formal_verification,2,title-screen,,,,Keyword score is prioritization only; it is not an eligibility or exclusion decision.
CG0040,arxiv:1908.09758,20260731T091700Z-legacy-promotions-semanticscholar,Automated Verification of CountDownLatch,2019,2019-08-26,,1908.09758,arXiv.org,semanticscholar,1369f2237083b28544666a68bebbb38a5997dbd0,CS085,S205,,CS085,included,no,formal_verification,2,title-screen,,,,Keyword score is prioritization only; it is not an eligibility or exclusion decision.
CG0044,arxiv:2004.08450,20260731T091700Z-legacy-promotions-semanticscholar,Reducing Commutativity Verification to Reachability with Differencing Abstractions,2020,2020-04-17,,2004.08450,arXiv.org,semanticscholar,9c5d52c1890bbfa1ade2b0cb4fc2ecb7aafaaad7,CS100,S220,,CS100,included,no,formal_verification,2,title-screen,,,,Keyword score is prioritization only; it is not an eligibility or exclusion decision.
CG0056,arxiv:2110.05801,20260731T091700Z-legacy-promotions-semanticscholar,Verify Linearizability of Concurrent Stacks,2021,2021-10-12,,2110.05801,,semanticscholar,ca2ff5d823ce043c79c57267b401b06d92ccc8ce,CS087,S207,,CS087,included,no,formal_verification,2,title-screen,,,,Keyword score is prioritization only; it is not an eligibility or exclusion decision.
CG0060,arxiv:2207.06574,20260731T091700Z-legacy-promotions-semanticscholar,Bringing Iris into the Verified Software Toolchain,2022,2022-07-14,10.48550/arxiv.2207.06574,2207.06574,arXiv.org,semanticscholar,456dfaa43bd03e3f5df22061c7e9a0150cbea681,CS087;CS103,S207;S223,CS087,CS103,included,no,formal_verification,2,title-screen,,,,Keyword score is prioritization only; it is not an eligibility or exclusion decision.
CG0061,arxiv:2207.09854,20260731T091700Z-legacy-promotions-semanticscholar,"Auto-active Verification of Graph Algorithms, Written in OCaml",2022,2022-07-20,10.48550/arxiv.2207.09854,2207.09854,arXiv.org,semanticscholar,137373ac07f21a3be40d51cf2fd7ecb573f21cc7,CS085,S205,,CS085,included,no,formal_verification,2,title-screen,,,,Keyword score is prioritization only; it is not an eligibility or exclusion decision.
CG0070,arxiv:2309.03642,20260731T091700Z-legacy-promotions-semanticscholar,Formal Verification of Chase-Lev Deque in Concurrent Separation Logic,2023,2023-05-20,10.48550/arxiv.2309.03642,2309.03642,arXiv.org,semanticscholar,d5dfe4838416cfd5b8564e09c64b3cccbb88a014,CS086,S206,,CS086,included,no,formal_verification,2,title-screen,,,,Keyword score is prioritization only; it is not an eligibility or exclusion decision.
CG0084,arxiv:2508.18115,20260731T091700Z-legacy-promotions-semanticscholar,Compositional Verification in Concurrent Separation Logic with Permissions Regions,2025,2025-08-25,10.48550/arxiv.2508.18115,2508.18115,arXiv.org,semanticscholar,9104523c22f0b41fc5c110dced1ad8150d4288ab,CS086,S206,,CS086,included,no,formal_verification,2,title-screen,,,,Keyword score is prioritization only; it is not an eligibility or exclusion decision.
CG0085,arxiv:2509.06872,20260731T091700Z-legacy-promotions-semanticscholar,Mechanized Metatheory of Forward Reasoning for End-to-End Linearizability Proofs,2025,2025-09-08,10.48550/arxiv.2509.06872,2509.06872,arXiv.org,semanticscholar,8bc135f2e79f2082cc24118f249ea7cc56fcbea2,CS089;CS099,S209;S219,,CS089;CS099,included,no,formal_verification,2,title-screen,,,,Keyword score is prioritization only; it is not an eligibility or exclusion decision.
CG0096,arxiv:2607.06341,20260731T091700Z-legacy-promotions-semanticscholar,Harnessing Code Agents for Automatic Software Verification,2026,2026-07-07,,2607.06341,,semanticscholar,bdfb7821c00ed7da04ab9f2c57e6d28c66362df2,CS086,S206,,CS086,included,no,formal_verification,2,title-screen,,,,Keyword score is prioritization only; it is not an eligibility or exclusion decision.
CG0099,arxiv:2607.18727,20260731T091700Z-legacy-promotions-semanticscholar,Formal Verification of an Out-of-Order Multiprocessor against an In-Order Weak-Memory ISA,2026,2026-07-21,,2607.18727,,semanticscholar,f2ec98fb6353db95dba00106ff5fc93ef169bd9c,CS106,S226,,CS106,included,no,formal_verification,2,title-screen,,,,Keyword score is prioritization only; it is not an eligibility or exclusion decision.
CG0116,doi:10.1007/10721959_19,20260731T091700Z-legacy-promotions-semanticscholar,Reducing Model Checking of the Many to the Few,2000,2000-06-17,10.1007/10721959_19,,CADE,semanticscholar,c236b26d349014d6b5f858e681f196087c1bc703,CS088,S208,CS088,,included,no,formal_verification,2,title-screen,,,,Keyword score is prioritization only; it is not an eligibility or exclusion decision.
CG0136,doi:10.1007/11817963_44,20260731T091600Z-legacy-promotions-opencitations;20260731T091700Z-legacy-promotions-semanticscholar,Formal Verification of a Lazy Concurrent List-Based Set Algorithm,2006,2006-08-17,10.1007/11817963_44,,International Conference on Computer Aided Verification,opencitations;semanticscholar,10.1007/11817963_44;f8cced0649e290c421c5f9dba9a6f014db73a081,CS083;CS091;CS093;CS099;CS105,S203;S211;S213;S219;S225,CS083;CS091;CS093;CS099,CS105,included,no,formal_verification,2,title-screen,,,,Keyword score is prioritization only; it is not an eligibility or exclusion decision.
CG0147,doi:10.1007/3-540-36384-x_25,20260731T091700Z-legacy-promotions-semanticscholar,Shape Analysis through Predicate Abstraction and Model Checking,2002,2002-01-09,10.1007/3-540-36384-x_25,,"International Conference on Verification, Model Checking and Abstract Interpretation",semanticscholar,29f80630826346f1bbe18d2205b6a30667a84a2f,CS088,S208,CS088,,included,no,formal_verification,2,title-screen,,,,Keyword score is prioritization only; it is not an eligibility or exclusion decision.
CG0150,doi:10.1007/3-540-44585-4_19,20260731T091700Z-legacy-promotions-semanticscholar,Parameterized Verification with Automatically Computed Inductive Assertions,2001,2001-07-18,10.1007/3-540-44585-4_19,,International Conference on Computer Aided Verification,semanticscholar,a8075206b4c0f3e8b521da57d970210318e62baa,CS088,S208,CS088,,included,no,formal_verification,2,title-screen,,,,Keyword score is prioritization only; it is not an eligibility or exclusion decision.
CG0153,doi:10.1007/3-540-44829-2_14,20260731T091600Z-legacy-promotions-opencitations;20260731T091700Z-legacy-promotions-semanticscholar,Thread-Modular Model Checking,2003,2003-05-09,10.1007/3-540-44829-2_14,,SPIN,opencitations;semanticscholar,10.1007/3-540-44829-2_14;4da43fc88f80d6b1ff858288565915e5cddf6455,CS088;CS097,S208;S217,CS088;CS097,,included,no,formal_verification,2,title-screen,,,,Keyword score is prioritization only; it is not an eligibility or exclusion decision.
CG0156,doi:10.1007/3-540-45319-9_7,20260731T091600Z-legacy-promotions-opencitations;20260731T091700Z-legacy-promotions-semanticscholar,Automatic Deductive Verification with Invisible Invariants,2001,2001-04-02,10.1007/3-540-45319-9_7,,International Conference on Tools and Algorithms for Construction and Analysis of Systems,opencitations;semanticscholar,10.1007/3-540-45319-9_7;b4e5c78e7c06848ca830a4895b402d8a795d0252,CS088;CS097,S208;S217,CS088;CS097,,included,no,formal_verification,2,title-screen,,,,Keyword score is prioritization only; it is not an eligibility or exclusion decision.
CG0160,doi:10.1007/3-540-46002-0_16,20260731T091700Z-legacy-promotions-semanticscholar,Beyond Parameterized Verification,2002,2002-04-08,10.1007/3-540-46002-0_16,,International Conference on Tools and Algorithms for Construction and Analysis of Systems,semanticscholar,32aa772f23c9db4e0e22f9ce03845822412ef98c,CS088,S208,CS088,,included,no,formal_verification,2,title-screen,,,,Keyword score is prioritization only; it is not an eligibility or exclusion decision.
CG0161,doi:10.1007/3-540-46002-0_18,20260731T091700Z-legacy-promotions-semanticscholar,Model Checking Large-Scale and Parameterized Resource Allocation Systems,2002,2002-04-08,10.1007/3-540-46002-0_18,,International Conference on Tools and Algorithms for Construction and Analysis of Systems,semanticscholar,859657750e386c5bf8f5e2895b0676232ed232ff,CS088,S208,CS088,,included,no,formal_verification,2,title-screen,,,,Keyword score is prioritization only; it is not an eligibility or exclusion decision.
CG0163,doi:10.1007/3-540-48683-6_14,20260731T091700Z-legacy-promotions-semanticscholar,Handling Global Conditions in Parameterized System Verification,1999,1999-07-06,10.1007/3-540-48683-6_14,,International Conference on Computer Aided Verification,semanticscholar,735617acb8b8442898a7b8427c14c0a7990d21dc,CS088,S208,CS088,,included,no,formal_verification,2,title-screen,,,,Keyword score is prioritization only; it is not an eligibility or exclusion decision.
CG0165,doi:10.1007/3-540-48683-6_5,20260731T091700Z-legacy-promotions-semanticscholar,Verification of Parameterized Systems by Dynamic Induction on Diagrams,1999,1999-07-06,10.1007/3-540-48683-6_5,,International Conference on Computer Aided Verification,semanticscholar,4af5ac8ba78ada84a89ab6ae73e445571f19d200,CS088,S208,CS088,,included,no,formal_verification,2,title-screen,,,,Keyword score is prioritization only; it is not an eligibility or exclusion decision.
CG0174,doi:10.1007/3-540-60692-0_69,20260731T091700Z-legacy-promotions-semanticscholar,Generalized Temporal Verification Diagrams,1995,1995-12-18,10.1007/3-540-60692-0_69,,Foundations of Software Technology and Theoretical Computer Science,semanticscholar,8ed1e3d965439a992f1b272f5eaf5f33846598ea,CS088,S208,CS088,,included,no,formal_verification,2,title-screen,,,,Keyword score is prioritization only; it is not an eligibility or exclusion decision.
CG0175,doi:10.1007/3-540-61474-5_60,20260731T091700Z-legacy-promotions-semanticscholar,Automatic Verification of Parameterized Synchronous Systems (Extended Abstract),1996,1996-07-31,10.1007/3-540-61474-5_60,,International Conference on Computer Aided Verification,semanticscholar,4a54b8e8ee4178c2311eee3e86d7ab36e8eb9ae7,CS088,S208,CS088,,included,no,formal_verification,2,title-screen,,,,Keyword score is prioritization only; it is not an eligibility or exclusion decision.
CG0197,doi:10.1007/978-3-030-34968-4_23,20260731T091600Z-legacy-promotions-opencitations;20260731T091700Z-legacy-promotions-semanticscholar,Formal Verification of an Industrial Safety-Critical Traffic Tunnel Control System,2019,2019-12-02,10.1007/978-3-030-34968-4_23,,International Conference on Integrated Formal Methods,opencitations;semanticscholar,096d61410a523127ac73ff8d82eb09fa0e66c25e;10.1007/978-3-030-34968-4_23,CS086,S206,CS086,,included,no,formal_verification,2,title-screen,,,,Keyword score is prioritization only; it is not an eligibility or exclusion decision.
CG0200,doi:10.1007/978-3-030-39322-9_19,20260731T091600Z-legacy-promotions-opencitations;20260731T091700Z-legacy-promotions-semanticscholar,Practical Abstractions for Automated Verification of Shared-Memory Concurrency,2020,2020-01-16,10.1007/978-3-030-39322-9_19,,"International Conference on Verification, Model Checking and Abstract Interpretation",opencitations;semanticscholar,10.1007/978-3-030-39322-9_19;6b315d457a31e1ce3be618d50d468dc5b18ce403,CS100;CS103,S220;S223,,CS100;CS103,included,no,formal_verification,2,title-screen,,,,Keyword score is prioritization only; it is not an eligibility or exclusion decision.
CG0205,doi:10.1007/978-3-030-44914-8_18,20260731T091700Z-legacy-promotions-semanticscholar,RustHorn: CHC-Based Verification for Rust Programs,2020,2020-02-20,10.1007/978-3-030-44914-8_18,2002.09002,European Symposium on Programming,semanticscholar,01d6a4e4cfd79d45f89f528b3b208243a2ddb214,CS089,S209,,CS089,included,no,formal_verification,2,title-screen,,,,Keyword score is prioritization only; it is not an eligibility or exclusion decision.
CG0207,doi:10.1007/978-3-030-45190-5_14,20260731T091700Z-legacy-promotions-semanticscholar,Automated Verification of Parallel Nested DFS,2020,2020-03-13,10.1007/978-3-030-45190-5_14,,International Conference on Tools and Algorithms for Construction and Analysis of Systems,semanticscholar,995c6ecb53194689412ef03dded74234904607ce,CS085,S205,,CS085,included,no,formal_verification,2,title-screen,,,,Keyword score is prioritization only; it is not an eligibility or exclusion decision.
CG0209,doi:10.1007/978-3-030-51054-1_3,20260731T091600Z-legacy-promotions-opencitations;20260731T091700Z-legacy-promotions-semanticscholar,Practical Proof Search for Coq by Type Inhabitation,2020,2020-06-06,10.1007/978-3-030-51054-1_3,,International Joint Conference on Automated Reasoning,opencitations;semanticscholar,10.1007/978-3-030-51054-1_3;ebe3cca4c98f2993960eae5506a37f881bc913f6,CS087,S207,CS087,,included,no,formal_verification,2,title-screen,,,,Keyword score is prioritization only; it is not an eligibility or exclusion decision.
CG0214,doi:10.1007/978-3-030-54997-8,20260731T091700Z-legacy-promotions-semanticscholar,"Formal Methods. FM 2019 International Workshops: Porto, Portugal, October 7–11, 2019, Revised Selected Papers, Part II",2020,,10.1007/978-3-030-54997-8,,FM Workshops,semanticscholar,26fca0ae3cba2241503dc2efaa54dd5fd84b444c,CS078,S198,,CS078,included,no,formal_verification,2,title-screen,,,,Keyword score is prioritization only; it is not an eligibility or exclusion decision.
CG0221,doi:10.1007/978-3-030-61362-4_24,20260731T091600Z-legacy-promotions-opencitations;20260731T091700Z-legacy-promotions-semanticscholar,Verification and Validation of Concurrent and Distributed Systems (Track Summary),2020,2020,10.1007/978-3-030-61362-4_24,,Leveraging Applications of Formal Methods,opencitations;semanticscholar,10.1007/978-3-030-61362-4_24;de51b3480e0c0b987ab76f69da6e55204bbb6eeb,CS103,S223,,CS103,included,no,formal_verification,2,title-screen,,,,Keyword score is prioritization only; it is not an eligibility or exclusion decision.
CG0225,doi:10.1007/978-3-030-67067-2_9,20260731T091600Z-legacy-promotions-opencitations;20260731T091700Z-legacy-promotions-semanticscholar,Verification of Concurrent Programs Using Petri Net Unfoldings,2021,2021,10.1007/978-3-030-67067-2_9,,"International Conference on Verification, Model Checking and Abstract Interpretation",opencitations;semanticscholar,10.1007/978-3-030-67067-2_9;2e7dbace7de6455800ddd4680a28a90db1451e55,CS097,S217,,CS097,included,no,formal_verification,2,title-screen,,,,Keyword score is prioritization only; it is not an eligibility or exclusion decision.
CG0230,doi:10.1007/978-3-030-88806-0_17,20260731T091700Z-legacy-promotions-semanticscholar,Automated Verification of the Parallel Bellman-Ford Algorithm,2021,,10.1007/978-3-030-88806-0_17,,Sensors Applications Symposium,semanticscholar,02635e5d69a6859a43666997f72e348a774f1085,CS085,S205,,CS085,included,no,formal_verification,2,title-screen,,,,Keyword score is prioritization only; it is not an eligibility or exclusion decision.
CG0244,doi:10.1007/978-3-031-37706-8_9,20260731T091600Z-legacy-promotions-opencitations;20260731T091700Z-legacy-promotions-semanticscholar,nekton: A Linearizability Proof Checker,2023,2023,10.1007/978-3-031-37706-8_9,,International Conference on Computer Aided Verification,opencitations;semanticscholar,10.1007/978-3-031-37706-8_9;d4d5c10d630356f7dd36c230a946ed66661f83ae,CS099;CS100,S219;S220,,CS099;CS100,included,no,formal_verification,2,title-screen,,,,Keyword score is prioritization only; it is not an eligibility or exclusion decision.
CG0247,doi:10.1007/978-3-031-50521-8_2,20260731T091600Z-legacy-promotions-opencitations;20260731T091700Z-legacy-promotions-semanticscholar,A Fully Verified Persistency Library,2024,2023-12-30,10.1007/978-3-031-50521-8_2,,"International Conference on Verification, Model Checking and Abstract Interpretation",opencitations;semanticscholar,10.1007/978-3-031-50521-8_2;8780e85e9abd44a674d669617904c2d46352dbc1,CS106,S226,,CS106,included,no,formal_verification,2,title-screen,,,,Keyword score is prioritization only; it is not an eligibility or exclusion decision.
CG0258,doi:10.1007/978-3-319-02726-5_2,20260731T091600Z-legacy-promotions-opencitations;20260731T091700Z-legacy-promotions-semanticscholar,"VTOS: Research on Methodology of ""Light-Weight"" Formal Design and Verification for Microkernel OS",2013,2013-11-20,10.1007/978-3-319-02726-5_2,,"International Conference on Information, Communications and Signal Processing",opencitations;semanticscholar,10.1007/978-3-319-02726-5_2;137c9a08e6ceb478368091f97269c1c8efb272aa,CS101,S221,,CS101,included,no,formal_verification,2,title-screen,,,,Keyword score is prioritization only; it is not an eligibility or exclusion decision.
CG0263,doi:10.1007/978-3-319-06410-9_6,20260731T091700Z-legacy-promotions-semanticscholar,Algebraic Principles for Rely-Guarantee Style Concurrency Verification Tools,2013,2013-12-04,10.1007/978-3-319-06410-9_6,1312.1225,World Congress on Formal Methods,semanticscholar,516add9682259c9cc3f973cb0b7368e4e776c841,CS089,S209,,CS089,included,no,formal_verification,2,title-screen,,,,Keyword score is prioritization only; it is not an eligibility or exclusion decision.
CG0264,doi:10.1007/978-3-319-06410-9_9,20260731T091700Z-legacy-promotions-semanticscholar,The VerCors Tool for Verification of Concurrent Programs,2014,2014-05-12,10.1007/978-3-319-06410-9_9,,World Congress on Formal Methods,semanticscholar,1f4704483b0cf911e9576c33535c2246d9e3bef9,CS088,S208,CS088,,included,no,formal_verification,2,title-screen,,,,Keyword score is prioritization only; it is not an eligibility or exclusion decision.
CG0266,doi:10.1007/978-3-319-08867-9_37,20260731T091700Z-legacy-promotions-semanticscholar,Automatic Atomicity Verification for Clients of Concurrent Data Structures,2014,2014-07-18,10.1007/978-3-319-08867-9_37,,International Conference on Computer Aided Verification,semanticscholar,b00ba749be8f71e4e5f0c27a9ff5918c8190b79a,CS082;CS089;CS097;CS100;CS102,S202;S209;S217;S220;S222,,CS082;CS089;CS097;CS100;CS102,included,no,formal_verification,2,title-screen,,,,Keyword score is prioritization only; it is not an eligibility or exclusion decision.
CG0272,doi:10.1007/978-3-319-13338-6_1,20260731T091600Z-legacy-promotions-opencitations;20260731T091700Z-legacy-promotions-semanticscholar,Using Coarse-Grained Abstractions to Verify Linearizability on TSO Architectures,2014,2014-11-18,10.1007/978-3-319-13338-6_1,,Haifa Verification Conference,opencitations;semanticscholar,10.1007/978-3-319-13338-6_1;618978051b80b5427d285d8af48c85285b7011f4,CS084;CS089;CS098,S204;S209;S218,,CS084;CS089;CS098,included,no,formal_verification,2,title-screen,,,,Keyword score is prioritization only; it is not an eligibility or exclusion decision.
CG0273,doi:10.1007/978-3-319-13338-6_11,20260731T091600Z-legacy-promotions-opencitations;20260731T091700Z-legacy-promotions-semanticscholar,Handling TSO in Mechanized Linearizability Proofs,2014,2014-11-18,10.1007/978-3-319-13338-6_11,,Haifa Verification Conference,opencitations;semanticscholar,10.1007/978-3-319-13338-6_11;1e38e402ca4f88274fc48a918b666b63cb8264ca,CS084,S204,,CS084,included,no,formal_verification,2,title-screen,,,,Keyword score is prioritization only; it is not an eligibility or exclusion decision.
CG0274,doi:10.1007/978-3-319-13338-6_4,20260731T091700Z-legacy-promotions-semanticscholar,DynaMate: Dynamically Inferring Loop Invariants for Automatic Full Functional Verification,2014,2014-11-18,10.1007/978-3-319-13338-6_4,,Haifa Verification Conference,semanticscholar,5a59777b6d2d9148a1c7e93b0d27a4de01487860,CS088,S208,CS088,,included,no,formal_verification,2,title-screen,,,,Keyword score is prioritization only; it is not an eligibility or exclusion decision.
CG0284,doi:10.1007/978-3-319-19797-5_7,20260731T091700Z-legacy-promotions-semanticscholar,A Program Construction and Verification Tool for Separation Logic,2015,2015-06-29,10.1007/978-3-319-19797-5_7,,International Conference on Mathematics of Program Construction,semanticscholar,991216b8683f6cf687dd509be1e66b234838a98b,CS089,S209,,CS089,included,no,formal_verification,2,title-screen,,,,Keyword score is prioritization only; it is not an eligibility or exclusion decision.
CG0290,doi:10.1007/978-3-319-22969-0_6,20260731T091600Z-legacy-promotions-opencitations;20260731T091700Z-legacy-promotions-semanticscholar,History-Based Verification of Functional Behaviour of Concurrent Programs,2015,2015-03-09,10.1007/978-3-319-22969-0_6,,IEEE International Conference on Software Engineering and Formal Methods,opencitations;semanticscholar,10.1007/978-3-319-22969-0_6;f8df88797daaa3ab52c608934793799d173cb0b2,CS089;CS100,S209;S220,,CS089;CS100,included,no,formal_verification,2,title-screen,,,,Keyword score is prioritization only; it is not an eligibility or exclusion decision.
CG0295,doi:10.1007/978-3-319-28934-2_8,20260731T091600Z-legacy-promotions-opencitations;20260731T091700Z-legacy-promotions-semanticscholar,Towards Modular Verification of Threaded Concurrent Executable Code Generated from DSL Models,2015,2015-10-14,10.1007/978-3-319-28934-2_8,,International Workshop on Formal Aspects of Component Software,opencitations;semanticscholar,0411e9f9a7106537915ed8d73207311a89aebdfc;10.1007/978-3-319-28934-2_8,CS086,S206,CS086,,included,no,formal_verification,2,title-screen,,,,Keyword score is prioritization only; it is not an eligibility or exclusion decision.
CG0297,doi:10.1007/978-3-319-41591-8_13,20260731T091600Z-legacy-promotions-opencitations;20260731T091700Z-legacy-promotions-semanticscholar,Model Checking Simulation Rules for Linearizability,2016,2016-07-04,10.1007/978-3-319-41591-8_13,,IEEE International Conference on Software Engineering and Formal Methods,opencitations;semanticscholar,10.1007/978-3-319-41591-8_13;649c20e0cdd4775fef70d5751d9125390bc99923,CS082;CS084;CS089,S202;S204;S209,,CS082;CS084;CS089,included,no,formal_verification,2,title-screen,,,,Keyword score is prioritization only; it is not an eligibility or exclusion decision.
CG0299,doi:10.1007/978-3-319-42089-9_20,20260731T091600Z-legacy-promotions-opencitations;20260731T091700Z-legacy-promotions-semanticscholar,Linearizability Proof of Stack Data,2016,2016-07-04,10.1007/978-3-319-42089-9_20,,Communication Systems and Applications,opencitations;semanticscholar,10.1007/978-3-319-42089-9_20;9dc1284054f7af7d739e4d2c266fb29bee1f4705,CS084;CS099;CS100;CS102;CS105,S204;S219;S220;S222;S225,,CS084;CS099;CS100;CS102;CS105,included,no,formal_verification,2,title-screen,,,,Keyword score is prioritization only; it is not an eligibility or exclusion decision.
CG0305,doi:10.1007/978-3-319-48628-4_4,20260731T091600Z-legacy-promotions-opencitations;20260731T091700Z-legacy-promotions-semanticscholar,A Proof Method for Linearizability on TSO Architectures,2017,2017,10.1007/978-3-319-48628-4_4,,Provably Correct Systems,opencitations;semanticscholar,10.1007/978-3-319-48628-4_4;478f638d225be29adee593aaa21c9758bfabc019,CS084;CS089;CS098,S204;S209;S218,,CS084;CS089;CS098,included,no,formal_verification,2,title-screen,,,,Keyword score is prioritization only; it is not an eligibility or exclusion decision.
CG0313,doi:10.1007/978-3-319-63387-9_27,20260731T091600Z-legacy-promotions-opencitations;20260731T091700Z-legacy-promotions-semanticscholar,Starling: Lightweight Concurrency Verification with Views,2017,2017-07-24,10.1007/978-3-319-63387-9_27,,International Conference on Computer Aided Verification,opencitations;semanticscholar,10.1007/978-3-319-63387-9_27;a0ee840b060693e065a6aa65617831695b242111,CS086;CS089,S206;S209,CS086,CS089,included,no,formal_verification,2,title-screen,,,,Keyword score is prioritization only; it is not an eligibility or exclusion decision.
CG0317,doi:10.1007/978-3-319-66107-0_19,20260731T091600Z-legacy-promotions-opencitations;20260731T091700Z-legacy-promotions-semanticscholar,Proof Tactics for Assertions in Separation Logic,2017,2017-09-26,10.1007/978-3-319-66107-0_19,,International Conference on Interactive Theorem Proving,opencitations;semanticscholar,10.1007/978-3-319-66107-0_19;8177a5220a5c38189c19a545b689c2f7ec1e11fb,CS085,S205,,CS085,included,no,formal_verification,2,title-screen,,,,Keyword score is prioritization only; it is not an eligibility or exclusion decision.
CG0322,doi:10.1007/978-3-319-66845-1_7,20260731T091600Z-legacy-promotions-opencitations;20260731T091700Z-legacy-promotions-semanticscholar,The VerCors Tool Set: Verification of Parallel and Concurrent Software,2017,2017-09-20,10.1007/978-3-319-66845-1_7,,International Conference on Integrated Formal Methods,opencitations;semanticscholar,10.1007/978-3-319-66845-1_7;d603b8c9f4a9ac877068f30abd2933930c24c5af,CS100,S220,,CS100,included,no,formal_verification,2,title-screen,,,,Keyword score is prioritization only; it is not an eligibility or exclusion decision.
CG0330,doi:10.1007/978-3-319-72308-2_4,20260731T091600Z-legacy-promotions-opencitations;20260731T091700Z-legacy-promotions-semanticscholar,A Semi-automatic Proof of Strong Connectivity,2017,2017-07-22,10.1007/978-3-319-72308-2_4,,"Verified Software: Theories, Tools, Experiments",opencitations;semanticscholar,10.1007/978-3-319-72308-2_4;4a45346bbded22000a1fb4d361c73551fff2aac4,CS085,S205,,CS085,included,no,formal_verification,2,title-screen,,,,Keyword score is prioritization only; it is not an eligibility or exclusion decision.
CG0331,doi:10.1007/978-3-319-73721-8,20260731T091700Z-legacy-promotions-semanticscholar,"Verification, Model Checking, and Abstract Interpretation",2018,,10.1007/978-3-319-73721-8,,Lecture Notes in Computer Science,semanticscholar,2079722d6672e8444e9f098b844abfa7a246cd09,CS078;CS079;CS080,S198;S199;S200,,CS078;CS079;CS080,included,no,formal_verification,2,title-screen,,,,Keyword score is prioritization only; it is not an eligibility or exclusion decision.
CG0337,doi:10.1007/978-3-319-89884-1_21,20260731T091700Z-legacy-promotions-semanticscholar,Program Verification by Coinduction,2018,2018-04-16,10.1007/978-3-319-89884-1_21,,European Symposium on Programming,semanticscholar,578664905ae0144d27074cdcf135132ea34a4a32,CS089,S209,,CS089,included,no,formal_verification,2,title-screen,,,,Keyword score is prioritization only; it is not an eligibility or exclusion decision.
CG0342,doi:10.1007/978-3-319-91908-9_18,20260731T091600Z-legacy-promotions-opencitations;20260731T091700Z-legacy-promotions-semanticscholar,Deductive Software Verification: From Pen-and-Paper Proofs to Industrial Tools,2019,2019,10.1007/978-3-319-91908-9_18,,Computing and Software Science,opencitations;semanticscholar,10.1007/978-3-319-91908-9_18;279dc70b43f61d692db9808cc231af0e69c8640e,CS100,S220,,CS100,included,no,formal_verification,2,title-screen,,,,Keyword score is prioritization only; it is not an eligibility or exclusion decision.
CG0362,doi:10.1007/978-3-540-45069-6_34,20260731T091700Z-legacy-promotions-semanticscholar,Theorem Proving Using Lazy Proof Explication,2003,2003-07-08,10.1007/978-3-540-45069-6_34,,International Conference on Computer Aided Verification,semanticscholar,16405a6e496dda15805e61af29015ab91128f52b,CS088,S208,CS088,,included,no,formal_verification,2,title-screen,,,,Keyword score is prioritization only; it is not an eligibility or exclusion decision.
CG0372,doi:10.1007/978-3-540-69738-1_8,20260731T091700Z-legacy-promotions-semanticscholar,An Inference-Rule-Based Decision Procedure for Verification of Heap-Manipulating Programs with Mutable Data and Cyclic Data Structures,2007,2007-01-14,10.1007/978-3-540-69738-1_8,,"International Conference on Verification, Model Checking and Abstract Interpretation",semanticscholar,2388fa1645bd4c4df896b00849d755efbefb653c,CS088,S208,CS088,,included,no,formal_verification,2,title-screen,,,,Keyword score is prioritization only; it is not an eligibility or exclusion decision.
CG0373,doi:10.1007/978-3-540-70545-1_34,20260731T091700Z-legacy-promotions-semanticscholar,Enhancing Program Verification with Lemmas,2008,2008-07-07,10.1007/978-3-540-70545-1_34,,International Conference on Computer Aided Verification,semanticscholar,e74cf91a77ebff93cc971e0e07ec23b4b3a6d68e,CS088,S208,CS088,,included,no,formal_verification,2,title-screen,,,,Keyword score is prioritization only; it is not an eligibility or exclusion decision.
CG0387,doi:10.1007/978-3-540-74061-2_14,20260731T091700Z-legacy-promotions-semanticscholar,Precise Thread-Modular Verification,2007,2007-08-22,10.1007/978-3-540-74061-2_14,,Sensors Applications Symposium,semanticscholar,b93295ede0995831c5b750bebd5b3137cb65d6d8,CS088,S208,CS088,,included,no,formal_verification,2,title-screen,,,,Keyword score is prioritization only; it is not an eligibility or exclusion decision.
CG0394,doi:10.1007/978-3-540-78800-3_4,20260731T091600Z-legacy-promotions-opencitations;20260731T091700Z-legacy-promotions-semanticscholar,Proving Ptolemy Right: The Environment Abstraction Framework for Model Checking Concurrent Systems,2008,2008-03-29,10.1007/978-3-540-78800-3_4,,International Conference on Tools and Algorithms for Construction and Analysis of Systems,opencitations;semanticscholar,026bc35e824fa158bc10b733cc7af23741101565;10.1007/978-3-540-78800-3_4,CS088;CS097,S208;S217,CS088;CS097,,included,no,formal_verification,2,title-screen,,,,Keyword score is prioritization only; it is not an eligibility or exclusion decision.
CG0406,doi:10.1007/978-3-642-02652-2_21,20260731T091600Z-legacy-promotions-opencitations;20260731T091700Z-legacy-promotions-semanticscholar,Experience with Model Checking Linearizability,2009,2009-06-26,10.1007/978-3-642-02652-2_21,,SPIN,opencitations;semanticscholar,10.1007/978-3-642-02652-2_21;719a7fd97d662e55e3cf8b2c6b99219b908eebea,CS083;CS093;CS097;CS099,S203;S213;S217;S219,CS083;CS093,CS097;CS099,included,no,formal_verification,2,title-screen,,,,Keyword score is prioritization only; it is not an eligibility or exclusion decision.
CG0426,doi:10.1007/978-3-642-14295-6_41,20260731T091600Z-legacy-promotions-opencitations;20260731T091700Z-legacy-promotions-semanticscholar,Model Checking of Linearizability of Concurrent List Implementations,2010,2010-07-15,10.1007/978-3-642-14295-6_41,,International Conference on Computer Aided Verification,opencitations;semanticscholar,10.1007/978-3-642-14295-6_41;b3fe9bd254dd96a5424e070d1d5fb5b41185e1e3,CS082;CS093;CS102,S202;S213;S222,CS093;CS102,CS082,included,no,formal_verification,2,title-screen,,,,Keyword score is prioritization only; it is not an eligibility or exclusion decision.
CG0429,doi:10.1007/978-3-642-14808-8_3,20260731T091700Z-legacy-promotions-semanticscholar,The TLA+ Proof System: Building a Heterogeneous Verification Platform,2010,2010-09-01,10.1007/978-3-642-14808-8_3,,International Colloquium on Theoretical Aspects of Computing,semanticscholar,5eac1bbd748873376d028729578b65b8e3b01303,CS088,S208,CS088,,included,no,formal_verification,2,title-screen,,,,Keyword score is prioritization only; it is not an eligibility or exclusion decision.
CG0436,doi:10.1007/978-3-642-18275-4_7,20260731T091700Z-legacy-promotions-semanticscholar,SAT-Based Model Checking without Unrolling,2011,2011-01-23,10.1007/978-3-642-18275-4_7,,"International Conference on Verification, Model Checking and Abstract Interpretation",semanticscholar,1da60e7f46402ae98db22c3ca3ddeb0853af46bd,CS088,S208,CS088,,included,no,formal_verification,2,title-screen,,,,Keyword score is prioritization only; it is not an eligibility or exclusion decision.
CG0440,doi:10.1007/978-3-642-20398-5_25,20260731T091700Z-legacy-promotions-semanticscholar,A Theory of Skiplists with Applications to the Verification of Concurrent Datatypes,2011,2011-04-18,10.1007/978-3-642-20398-5_25,,NASA Formal Methods,semanticscholar,6cfb3fcae7c4d3e657c4ed3c99525596c5c66a81,CS089,S209,,CS089,included,no,formal_verification,2,title-screen,,,,Keyword score is prioritization only; it is not an eligibility or exclusion decision.
CG0454,doi:10.1007/978-3-642-25379-9_19,20260731T091600Z-legacy-promotions-opencitations;20260731T091700Z-legacy-promotions-semanticscholar,Verification of Scalable Synchronous Queue,2011,2011-12-07,10.1007/978-3-642-25379-9_19,,Certified Programs and Proofs,opencitations;semanticscholar,10.1007/978-3-642-25379-9_19;4b74c432963ecc45c6a328082bdc384819592112,CS089;CS101,S209;S221,,CS089;CS101,included,no,formal_verification,2,title-screen,,,,Keyword score is prioritization only; it is not an eligibility or exclusion decision.
CG0464,doi:10.1007/978-3-642-31365-3_14,20260731T091700Z-legacy-promotions-semanticscholar,Automated Verification of Recursive Programs with Pointers,2012,2012-06-26,10.1007/978-3-642-31365-3_14,,International Joint Conference on Automated Reasoning,semanticscholar,c58d16ee25facbddab45399bdda67281c65ca86d,CS088,S208,CS088,,included,no,formal_verification,2,title-screen,,,,Keyword score is prioritization only; it is not an eligibility or exclusion decision.
CG0468,doi:10.1007/978-3-642-31759-0_15,20260731T091600Z-legacy-promotions-opencitations;20260731T091700Z-legacy-promotions-semanticscholar,Parameterized Model Checking of Fine Grained Concurrency,2012,2012-07-23,10.1007/978-3-642-31759-0_15,,SPIN,opencitations;semanticscholar,10.1007/978-3-642-31759-0_15;1447310afb889dd626477464e56bc6491342b767,CS082;CS097;CS099,S202;S217;S219,,CS082;CS097;CS099,included,no,formal_verification,2,title-screen,,,,Keyword score is prioritization only; it is not an eligibility or exclusion decision.
CG0469,doi:10.1007/978-3-642-31762-0,20260731T091700Z-legacy-promotions-semanticscholar,Formal Verification of Object-Oriented Software,2011,,10.1007/978-3-642-31762-0,,Lecture Notes in Computer Science,semanticscholar,5730842d26233ee4cdbfd98e282480cc6036bab7,CS097;CS101,S217;S221,,CS097;CS101,included,no,formal_verification,2,title-screen,,,,Keyword score is prioritization only; it is not an eligibility or exclusion decision.
CG0479,doi:10.1007/978-3-642-33826-7_1,20260731T091600Z-legacy-promotions-opencitations;20260731T091700Z-legacy-promotions-semanticscholar,Abstraction as a Unifying Link for Formal Approaches to Concurrency,2012,2012-10-01,10.1007/978-3-642-33826-7_1,,IEEE International Conference on Software Engineering and Formal Methods,opencitations;semanticscholar,10.1007/978-3-642-33826-7_1;7299fc58ad5d24afc5adc49e11f271f76f9494aa,CS079;CS089,S199;S209,,CS079;CS089,included,no,formal_verification,2,title-screen,,,,Keyword score is prioritization only; it is not an eligibility or exclusion decision.
CG0517,doi:10.1007/978-3-662-46081-8,20260731T091700Z-legacy-promotions-semanticscholar,"Verification, Model Checking, and Abstract Interpretation",2015,,10.1007/978-3-662-46081-8,,Lecture Notes in Computer Science,semanticscholar,adfbd14303e358c2e91f08f98a2dcdb1f9fd19eb,CS096;CS097,S216;S217,,CS096;CS097,included,no,formal_verification,2,title-screen,,,,Keyword score is prioritization only; it is not an eligibility or exclusion decision.
CG0526,doi:10.1007/978-3-662-48653-5_25,20260731T091600Z-legacy-promotions-opencitations;20260731T091700Z-legacy-promotions-semanticscholar,Modular Verification of Concurrency-Aware Linearizability,2015,2015-10-07,10.1007/978-3-662-48653-5_25,,International Symposium on Distributed Computing,opencitations;semanticscholar,10.1007/978-3-662-48653-5_25;d0605134435c3ffbf2253d9f296754141ad4462e,CS089;CS102;CS103,S209;S222;S223,,CS089;CS102;CS103,included,no,formal_verification,2,title-screen,,,,Keyword score is prioritization only; it is not an eligibility or exclusion decision.
CG0531,doi:10.1007/978-3-662-53413-7_4,20260731T091600Z-legacy-promotions-opencitations;20260731T091700Z-legacy-promotions-semanticscholar,Automated Verification of Linearization Policies,2016,2016-09-08,10.1007/978-3-662-53413-7_4,,Sensors Applications Symposium,opencitations;semanticscholar,10.1007/978-3-662-53413-7_4;d4a703c7eb0883a541234a79aa5a6d7799bec9a9,CS089;CS097;CS099;CS100;CS102,S209;S217;S219;S220;S222,,CS089;CS097;CS099;CS100;CS102,included,no,formal_verification,2,title-screen,,,,Keyword score is prioritization only; it is not an eligibility or exclusion decision.
CG0532,doi:10.1007/978-3-662-54434-1_16,20260731T091600Z-legacy-promotions-opencitations;20260731T091700Z-legacy-promotions-semanticscholar,Caper - Automatic Verification for Fine-Grained Concurrency,2017,2017,10.1007/978-3-662-54434-1_16,,European Symposium on Programming,opencitations;semanticscholar,10.1007/978-3-662-54434-1_16;389267b63feeec7059bb03029e71429a79d17163,CS085;CS086;CS089;CS100,S205;S206;S209;S220,CS086,CS085;CS089;CS100,included,no,formal_verification,2,title-screen,,,,Keyword score is prioritization only; it is not an eligibility or exclusion decision.
CG0544,doi:10.1007/bf00625969,20260731T091700Z-legacy-promotions-semanticscholar,Exploiting symmetry in temporal logic model checking,1993,1993-06-28,10.1007/bf00625969,,Formal Methods Syst. Des.,semanticscholar,20e4aa2d31b87dff0eaceff14f59ebf9ce08ca76,CS088,S208,CS088,,included,no,formal_verification,2,title-screen,,,,Keyword score is prioritization only; it is not an eligibility or exclusion decision.
CG0545,doi:10.1007/bf00625970,20260731T091700Z-legacy-promotions-semanticscholar,Symmetry and model checking,1993,1993-06-28,10.1007/bf00625970,,Formal Methods Syst. Des.,semanticscholar,81f87848e16f7d95d9f306385844d3476e09edba,CS088,S208,CS088,,included,no,formal_verification,2,title-screen,,,,Keyword score is prioritization only; it is not an eligibility or exclusion decision.
CG0557,doi:10.1007/s00165-012-0225-8,20260731T091600Z-legacy-promotions-opencitations;20260731T091700Z-legacy-promotions-semanticscholar,Towards formally specifying and verifying transactional memory,2013,2009-12-01,10.1007/s00165-012-0225-8,,Formal Aspects of Computing,opencitations;semanticscholar,10.1007/s00165-012-0225-8;57a7d29e5de4139025ef0cd332208a9703ed7fad,CS105,S225,,CS105,included,no,formal_verification,2,title-screen,,,,Keyword score is prioritization only; it is not an eligibility or exclusion decision.
CG0559,doi:10.1007/s00165-014-0310-2,20260731T091600Z-legacy-promotions-opencitations;20260731T091700Z-legacy-promotions-semanticscholar,Balancing expressiveness in formal approaches to concurrency,2015,2014-08-29,10.1007/s00165-014-0310-2,,Formal Aspects of Computing,opencitations;semanticscholar,10.1007/s00165-014-0310-2;868e3e9af28c23ba673631ab77b2211d3fa8185a,CS079;CS089,S199;S209,,CS079;CS089,included,no,formal_verification,2,title-screen,,,,Keyword score is prioritization only; it is not an eligibility or exclusion decision.
CG0564,doi:10.1007/s00165-017-0433-3,20260731T091700Z-legacy-promotions-semanticscholar,Mechanized proofs of opacity: a comparison of two techniques,2017,2017-08-21,10.1007/s00165-017-0433-3,,Formal Aspects of Computing,semanticscholar,0e7b9b9d1be3783c14aa7a5a4ebebc74ef27607e,CS089,S209,,CS089,included,no,formal_verification,2,title-screen,,,,Keyword score is prioritization only; it is not an eligibility or exclusion decision.
CG0573,doi:10.1007/s00236-015-0235-0,20260731T091700Z-legacy-promotions-semanticscholar,Verification of heap manipulating programs with ordered data by extended forest automata,2013,2013-10-15,10.1007/s00236-015-0235-0,,Acta Informatica,semanticscholar,ac0a20834a9dce28f5dd42195a200a593fe9f1cb,CS088,S208,CS088,,included,no,formal_verification,2,title-screen,,,,Keyword score is prioritization only; it is not an eligibility or exclusion decision.
CG0588,doi:10.1007/s10009-015-0369-y,20260731T091600Z-legacy-promotions-opencitations;20260731T091700Z-legacy-promotions-semanticscholar,Model checking unbounded concurrent lists,2015,2015-02-15,10.1007/s10009-015-0369-y,,International Journal on Software Tools for Technology Transfer (STTT),opencitations;semanticscholar,10.1007/s10009-015-0369-y;5816f5eebb7220eb608a1770b97b33a3cdf3eabe,CS082;CS097;CS099;CS100,S202;S217;S219;S220,,CS082;CS097;CS099;CS100,included,no,formal_verification,2,title-screen,,,,Keyword score is prioritization only; it is not an eligibility or exclusion decision.
CG0590,doi:10.1007/s10009-016-0415-4,20260731T091600Z-legacy-promotions-opencitations;20260731T091700Z-legacy-promotions-semanticscholar,An integrated specification and verification technique for highly concurrent data structures,2016,2016-03-16,10.1007/s10009-016-0415-4,,International Journal on Software Tools for Technology Transfer (STTT),opencitations;semanticscholar,10.1007/s10009-016-0415-4;dcf9388933925e2fbdcefd3db9628d0eadd8f33d,CS097;CS099;CS100,S217;S219;S220,,CS097;CS099;CS100,included,no,formal_verification,2,title-screen,,,,Keyword score is prioritization only; it is not an eligibility or exclusion decision.
CG0591,doi:10.1007/s10009-017-0460-7,20260731T091600Z-legacy-promotions-opencitations;20260731T091700Z-legacy-promotions-semanticscholar,Advances in verification presented in TACAS’13,2017,2017-06-09,10.1007/s10009-017-0460-7,,International Journal on Software Tools for Technology Transfer (STTT),opencitations;semanticscholar,10.1007/s10009-017-0460-7;502bc75294d37eb7cd5c95f3a70844a002c1bda2,CS082;CS099;CS100,S202;S219;S220,,CS082;CS099;CS100,included,no,formal_verification,2,title-screen,,,,Keyword score is prioritization only; it is not an eligibility or exclusion decision.
CG0592,doi:10.1007/s10009-020-00559-y,20260731T091600Z-legacy-promotions-opencitations;20260731T091700Z-legacy-promotions-semanticscholar,Automating deductive verification for weak-memory programs (extended version),2020,2020-03-06,10.1007/s10009-020-00559-y,1703.06368,International Journal on Software Tools for Technology Transfer (STTT),opencitations;semanticscholar,10.1007/s10009-020-00559-y;d18b4a62a28c5c00df50ae04ce541f0c9c69f6f4,CS085;CS086,S205;S206,CS086,CS085,included,no,formal_verification,2,title-screen,,,,Keyword score is prioritization only; it is not an eligibility or exclusion decision.
CG0593,doi:10.1007/s10009-022-00648-0,20260731T091600Z-legacy-promotions-opencitations;20260731T091700Z-legacy-promotions-semanticscholar,"Parameterized verification of systems with component identities, using view abstraction",2022,2022-02-26,10.1007/s10009-022-00648-0,,International Journal on Software Tools for Technology Transfer (STTT),opencitations;semanticscholar,033d6e43b92795048ad2bd7fb74da9a3ea9b4182;10.1007/s10009-022-00648-0,CS097,S217,,CS097,included,no,formal_verification,2,title-screen,,,,Keyword score is prioritization only; it is not an eligibility or exclusion decision.
CG0596,doi:10.1007/s10472-016-9531-9,20260731T091600Z-legacy-promotions-opencitations;20260731T091700Z-legacy-promotions-semanticscholar,Parametrized verification diagrams: temporal verification of symmetric parametrized concurrent systems,2017,2017-08-01,10.1007/s10472-016-9531-9,,Annals of Mathematics and Artificial Intelligence,opencitations;semanticscholar,10.1007/s10472-016-9531-9;7f016388e185652d60fce1b511341b4c64dcdfda,CS097,S217,,CS097,included,no,formal_verification,2,title-screen,,,,Keyword score is prioritization only; it is not an eligibility or exclusion decision.
CG0602,doi:10.1007/s10703-023-00427-w,20260731T091600Z-legacy-promotions-opencitations;20260731T091700Z-legacy-promotions-semanticscholar,Concise outlines for a complex logic: a proof outline checker for TaDA,2023,2023-07-31,10.1007/s10703-023-00427-w,2010.07080,Formal methods in system design,opencitations;semanticscholar,10.1007/s10703-023-00427-w;78114f4050bf12212d1d32e104885e1c936cb133,CS085;CS086;CS087;CS100,S205;S206;S207;S220,CS086;CS087,CS085;CS086;CS100,included,no,formal_verification,2,title-screen,,,,Keyword score is prioritization only; it is not an eligibility or exclusion decision.
CG0607,doi:10.1007/s10817-018-9457-5,20260731T091600Z-legacy-promotions-opencitations;20260731T091700Z-legacy-promotions-semanticscholar,VST-Floyd: A Separation Logic Tool to Verify Correctness of C Programs,2018,2018-06-01,10.1007/s10817-018-9457-5,,Journal of automated reasoning,opencitations;semanticscholar,10.1007/s10817-018-9457-5;b6546614264298e72818260be643244e84d451ef,CS086,S206,CS086,,included,no,formal_verification,2,title-screen,,,,Keyword score is prioritization only; it is not an eligibility or exclusion decision.
CG0610,doi:10.1007/s10817-024-09706-5,20260731T091600Z-legacy-promotions-opencitations;20260731T091700Z-legacy-promotions-semanticscholar,Verifying Programs with Logic and Extended Proof Rules: Deep Embedding vs. Shallow Embedding,2024,2024-08-10,10.1007/s10817-024-09706-5,,Journal of automated reasoning,opencitations;semanticscholar,10.1007/s10817-024-09706-5;1cf009ae45bf392c50dff1558c896eaaaa777715,CS085,S205,,CS085,included,no,formal_verification,2,title-screen,,,,Keyword score is prioritization only; it is not an eligibility or exclusion decision.
CG0616,doi:10.1007/s11704-012-2903-3,20260731T091600Z-legacy-promotions-opencitations;20260731T091700Z-legacy-promotions-semanticscholar,SeVe: automatic tool for verification of security protocols,2012,2012-01-27,10.1007/s11704-012-2903-3,,Frontiers of Computer Science,opencitations;semanticscholar,10.1007/s11704-012-2903-3;999c685d2466728ea401b61bb8661a37dec7c966,CS082,S202,,CS082,included,no,formal_verification,2,title-screen,,,,Keyword score is prioritization only; it is not an eligibility or exclusion decision.
CG0623,doi:10.1016/0020-0190(86)90071-2,20260731T091700Z-legacy-promotions-semanticscholar,Limits for Automatic Verification of Finite-State Concurrent Systems,1986,1986-05-30,10.1016/0020-0190(86)90071-2,,Information Processing Letters,semanticscholar,54f66361e7a71812522e5536a84cf2c8b6471b54,CS088,S208,CS088,,included,no,formal_verification,2,title-screen,,,,Keyword score is prioritization only; it is not an eligibility or exclusion decision.
CG0669,doi:10.1016/j.scico.2016.04.008,20260731T091600Z-legacy-promotions-opencitations;20260731T091700Z-legacy-promotions-semanticscholar,Formal development of multi-agent systems using MAZE,2016,2016-12-01,10.1016/j.scico.2016.04.008,,Science of Computer Programming,opencitations;semanticscholar,10.1016/j.scico.2016.04.008;24c624641114d6e888a4760445d93536037011f1,CS084,S204,,CS084,included,no,formal_verification,2,title-screen,,,,Keyword score is prioritization only; it is not an eligibility or exclusion decision.
CG0673,doi:10.1016/j.sysarc.2023.103046,20260731T091600Z-legacy-promotions-opencitations;20260731T091700Z-legacy-promotions-semanticscholar,"<mml:math xmlns:mml=""http://www.w3.org/1998/Math/MathML"" display=""inline"" id=""d1e861"" altimg=""si142.svg""><mml:mi mathvariant=""sans-serif"">ThreadAbs</mml:mi></mml:math>: A template to build verified thread-local interfaces with software scheduler abstractions",2024,2023-12-01,10.1016/j.sysarc.2023.103046,,Journal of systems architecture,opencitations;semanticscholar,0128303bcbfcc4ea0f7968cc876c05fa3906c6de;10.1016/j.sysarc.2023.103046,CS085;CS101,S205;S221,,CS085;CS101,included,no,formal_verification,2,title-screen,,,,Keyword score is prioritization only; it is not an eligibility or exclusion decision.
CG0674,doi:10.1016/j.sysarc.2023.103049,20260731T091600Z-legacy-promotions-opencitations;20260731T091700Z-legacy-promotions-semanticscholar,SimplMM: A simplified and abstract multicore hardware model for large scale system software formal verification,2024,2023-12-01,10.1016/j.sysarc.2023.103049,,Journal of systems architecture,opencitations;semanticscholar,10.1016/j.sysarc.2023.103049;dacf4b21e64942ccc9f10c05ec21deaa3e3b0b0a,CS085;CS103,S205;S223,,CS085;CS103,included,no,formal_verification,2,title-screen,,,,Keyword score is prioritization only; it is not an eligibility or exclusion decision.
CG0681,doi:10.1016/s0304-3975(99)00173-5,20260731T091600Z-legacy-promotions-opencitations;20260731T091700Z-legacy-promotions-semanticscholar,Efficient resource management for linear logic proof search,1996,1996-03-28,10.1016/s0304-3975(99)00173-5,,Theoretical Computer Science,opencitations;semanticscholar,10.1016/s0304-3975(99)00173-5;944a9c100a0fe6f94dee777051e91629e04ebc10,CS086,S206,CS086,,included,no,formal_verification,2,title-screen,,,,Keyword score is prioritization only; it is not an eligibility or exclusion decision.
CG0696,doi:10.1093/logcom/exu032,20260731T091600Z-legacy-promotions-opencitations;20260731T091700Z-legacy-promotions-semanticscholar,Proof automation for functional correctness in separation logic,2016,2016-04-01,10.1093/logcom/exu032,,Journal of Logic and Computation,opencitations;semanticscholar,10.1093/logcom/exu032;41aad504ad50c5d157d8709f53cc87c5517a9c31,CS099,S219,,CS099,included,no,formal_verification,2,title-screen,,,,Keyword score is prioritization only; it is not an eligibility or exclusion decision.
CG0699,doi:10.1109/32.588521,20260731T091600Z-legacy-promotions-opencitations;20260731T091700Z-legacy-promotions-semanticscholar,The Model Checker SPIN,1997,1997-05-01,10.1109/32.588521,,IEEE Trans. Software Eng.,opencitations;semanticscholar,10.1109/32.588521;8c106bdb98dc7c00f355f2e498347100a8e5c49d,CS105,S225,CS105,,included,no,formal_verification,2,title-screen,,,,Keyword score is prioritization only; it is not an eligibility or exclusion decision.
CG0702,doi:10.1109/apsec48747.2019.00055,20260731T091700Z-legacy-promotions-semanticscholar,Formal Modelling and Verification of Spinlocks at Instruction Level,2019,2019-12-01,10.1109/apsec48747.2019.00055,,Asia-Pacific Software Engineering Conference,semanticscholar,3180395e31679a072b60cf8894b3c0c57992a0f2,CS085,S205,,CS085,included,no,formal_verification,2,title-screen,,,,Keyword score is prioritization only; it is not an eligibility or exclusion decision.
CG0707,doi:10.1109/csf54842.2022.9919658,20260731T091700Z-legacy-promotions-semanticscholar,Prophecy Variables for Hyperproperty Verification,2022,2022-06-03,10.1109/csf54842.2022.9919658,2206.01797,IEEE Computer Security Foundations Symposium,semanticscholar,8215e2182dfffc4dddf74b6c0dc86f1018dbcdb9,CS089,S209,,CS089,included,no,formal_verification,2,title-screen,,,,Keyword score is prioritization only; it is not an eligibility or exclusion decision.
CG0708,doi:10.1109/csf57540.2023.00021,20260731T091700Z-legacy-promotions-semanticscholar,Towards End-to-End Verified TEEs via Verified Interface Conformance and Certified Compilers,2023,2023-07-01,10.1109/csf57540.2023.00021,,IEEE Computer Security Foundations Symposium,semanticscholar,d1cd4d2d99541a8ecfd87c789bff0fc4dbe9e5c4,CS089,S209,,CS089,included,no,formal_verification,2,title-screen,,,,Keyword score is prioritization only; it is not an eligibility or exclusion decision.
CG0731,doi:10.1109/iceccs51672.2020.00013,20260731T091600Z-legacy-promotions-opencitations;20260731T091700Z-legacy-promotions-semanticscholar,Automatic Verification of Multi-threaded Programs by Inference of Rely-Guarantee Specifications,2020,2020-10-01,10.1109/iceccs51672.2020.00013,,IEEE International Conference on Engineering of Complex Computer Systems,opencitations;semanticscholar,10.1109/iceccs51672.2020.00013;27695b8d204e738827826e04175462cf77483c89,CS103,S223,,CS103,included,no,formal_verification,2,title-screen,,,,Keyword score is prioritization only; it is not an eligibility or exclusion decision.
CG0742,doi:10.1109/icse.2013.6606751,20260731T091600Z-legacy-promotions-opencitations;20260731T091700Z-legacy-promotions-semanticscholar,Build your own model checker in one month,2013,2013-05-18,10.1109/icse.2013.6606751,,International Conference on Software Engineering,opencitations;semanticscholar,10.1109/icse.2013.6606751;98f2eb238fb16625b41da360eedf22066040e982,CS082,S202,,CS082,included,no,formal_verification,2,title-screen,,,,Keyword score is prioritization only; it is not an eligibility or exclusion decision.
CG0774,doi:10.1109/lics.2001.932501,20260731T091600Z-legacy-promotions-opencitations;20260731T091700Z-legacy-promotions-semanticscholar,Foundational proof-carrying code,2001,2001-06-16,10.1109/lics.2001.932501,,Proceedings 16th Annual IEEE Symposium on Logic in Computer Science,opencitations;semanticscholar,10.1109/lics.2001.932501;7ecbbe118af858d2a4cd95cb1d3f9b8cc1d76347,CS087,S207,CS087,,included,no,formal_verification,2,title-screen,,,,Keyword score is prioritization only; it is not an eligibility or exclusion decision.
CG0799,doi:10.1109/ssiri-c.2010.12,20260731T091600Z-legacy-promotions-opencitations;20260731T091700Z-legacy-promotions-semanticscholar,An Automatic Approach to Verify Sensor Network Systems,2010,2010-06-09,10.1109/ssiri-c.2010.12,,2010 Fourth International Conference on Secure Software Integration and Reliability Improvement Companion,opencitations;semanticscholar,10.1109/ssiri-c.2010.12;ae58dde028c6a27542c10c5375a0d6e2dbe8163a,CS082,S202,,CS082,included,no,formal_verification,2,title-screen,,,,Keyword score is prioritization only; it is not an eligibility or exclusion decision.
CG0800,doi:10.1109/ssiri.2010.37,20260731T091600Z-legacy-promotions-opencitations;20260731T091700Z-legacy-promotions-semanticscholar,Model Checking a Lazy Concurrent List-Based Set Algorithm,2010,2010-06-09,10.1109/ssiri.2010.37,,2010 Fourth International Conference on Secure Software Integration and Reliability Improvement,opencitations;semanticscholar,10.1109/ssiri.2010.37;3d8e5e07c738f3ded55d3b0f66e1b633b4c1f905,CS082;CS098,S202;S218,,CS082;CS098,included,no,formal_verification,2,title-screen,,,,Keyword score is prioritization only; it is not an eligibility or exclusion decision.
CG0809,doi:10.1109/time.2014.11,20260731T091700Z-legacy-promotions-semanticscholar,Parametrized Verification Diagrams,2014,2014-11-03,10.1109/time.2014.11,,Time,semanticscholar,1530f25a3242b998ce81685c6efcbdc231a1cd27,CS097,S217,,CS097,included,no,formal_verification,2,title-screen,,,,Keyword score is prioritization only; it is not an eligibility or exclusion decision.
CG0826,doi:10.1109/tse.2015.2467371,20260731T091600Z-legacy-promotions-opencitations;20260731T091700Z-legacy-promotions-semanticscholar,Round-Up: Runtime Verification of Quasi Linearizability for Concurrent Data Structures,2015,2015-12-01,10.1109/tse.2015.2467371,,IEEE Transactions on Software Engineering,opencitations;semanticscholar,10.1109/tse.2015.2467371;ff1317187f58411f24b33b31bd1289026808ea8c,CS082;CS099,S202;S219,,CS082;CS099,included,no,formal_verification,2,title-screen,,,,Keyword score is prioritization only; it is not an eligibility or exclusion decision.
CG0877,doi:10.1145/1328438.1328461,20260731T091700Z-legacy-promotions-semanticscholar,Back to the future: revisiting precise program verification using SMT solvers,2008,2008-01-07,10.1145/1328438.1328461,,ACM-SIGACT Symposium on Principles of Programming Languages,semanticscholar,4662e89d0e3d3265e894a6e2d0c79c5570475216,CS088,S208,CS088,,included,no,formal_verification,2,title-screen,,,,Keyword score is prioritization only; it is not an eligibility or exclusion decision.
CG0915,doi:10.1145/1706299.1706305,20260731T091600Z-legacy-promotions-opencitations;20260731T091700Z-legacy-promotions-semanticscholar,Sequential verification of serializability,2010,2010-01-17,10.1145/1706299.1706305,,ACM-SIGACT Symposium on Principles of Programming Languages,opencitations;semanticscholar,10.1145/1706299.1706305;6b4d57af8122e34250cb4c623af88fcff1e6e0d2,CS096;CS097;CS099,S216;S217;S219,,CS096;CS097;CS099,included,no,formal_verification,2,title-screen,,,,Keyword score is prioritization only; it is not an eligibility or exclusion decision.
CG0925,doi:10.1145/1806596.1806613,20260731T091600Z-legacy-promotions-opencitations;20260731T091700Z-legacy-promotions-semanticscholar,Parameterized verification of transactional memories,2010,2010-06-05,10.1145/1806596.1806613,,ACM-SIGPLAN Symposium on Programming Language Design and Implementation,opencitations;semanticscholar,10.1145/1806596.1806613;dd3dd5a6e26d9c48f8384911025390df536ad77d,CS097,S217,,CS097,included,no,formal_verification,2,title-screen,,,,Keyword score is prioritization only; it is not an eligibility or exclusion decision.
CG0941,doi:10.1145/1926385.1926393,20260731T091700Z-legacy-promotions-semanticscholar,Relaxed-memory concurrency and verified compilation,2011,2011-01-26,10.1145/1926385.1926393,,ACM-SIGACT Symposium on Principles of Programming Languages,semanticscholar,6dfaef75286d9434417b42f184f6d5f0631d3bf5,CS081,S201,,CS081,included,no,formal_verification,2,title-screen,,,,Keyword score is prioritization only; it is not an eligibility or exclusion decision.
CG0956,doi:10.1145/1993498.1993526,20260731T091700Z-legacy-promotions-semanticscholar,Mostly-automated verification of low-level programs in computational separation logic,2011,2011-06-04,10.1145/1993498.1993526,,ACM-SIGPLAN Symposium on Programming Language Design and Implementation,semanticscholar,99cc18afa57613afa9c64b15917238716d64e982,CS086,S206,CS086,,included,no,formal_verification,2,title-screen,,,,Keyword score is prioritization only; it is not an eligibility or exclusion decision.
CG0966,doi:10.1145/2034773.2034798,20260731T091600Z-legacy-promotions-opencitations;20260731T091700Z-legacy-promotions-semanticscholar,How to make ad hoc proof automation less ad hoc,2011,2011-09-19,10.1145/2034773.2034798,,Journal of functional programming,opencitations;semanticscholar,10.1145/2034773.2034798;b50d6b7724bdf8064ffee9f8456a4def48f07ef5,CS085;CS087,S205;S207,CS085;CS087,,included,no,formal_verification,2,title-screen,,,,Keyword score is prioritization only; it is not an eligibility or exclusion decision.
CG0971,doi:10.1145/2103656.2103693,20260731T091600Z-legacy-promotions-opencitations;20260731T091700Z-legacy-promotions-semanticscholar,Verification of parameterized concurrent programs by modular reasoning about data and control,2012,2012-01-25,10.1145/2103656.2103693,,ACM-SIGACT Symposium on Principles of Programming Languages,opencitations;semanticscholar,10.1145/2103656.2103693;1ae85cfe32316d52bd823c184fd725d2c87a0cfe,CS088;CS097,S208;S217,CS088,CS097,included,no,formal_verification,2,title-screen,,,,Keyword score is prioritization only; it is not an eligibility or exclusion decision.
CG0978,doi:10.1145/2254064.2254112,20260731T091700Z-legacy-promotions-semanticscholar,Synthesizing software verifiers from proof rules,2012,2012-06-11,10.1145/2254064.2254112,,ACM-SIGPLAN Symposium on Programming Language Design and Implementation,semanticscholar,0fcb4d0f6ceea5121ae922b9fcdc949c17c00ca7,CS088,S208,CS088,,included,no,formal_verification,2,title-screen,,,,Keyword score is prioritization only; it is not an eligibility or exclusion decision.
CG1006,doi:10.1145/2487241.2487248,20260731T091700Z-legacy-promotions-semanticscholar,CompCertTSO: A Verified Compiler for Relaxed-Memory Concurrency,2013,2013-06-01,10.1145/2487241.2487248,,JACM,semanticscholar,fc3e837f1895a8c0168d56f39041aec6b4e48fb8,CS081,S201,,CS081,included,no,formal_verification,2,title-screen,,,,Keyword score is prioritization only; it is not an eligibility or exclusion decision.
CG1008,doi:10.1145/2491956.2462189,20260731T091600Z-legacy-promotions-opencitations;20260731T091700Z-legacy-promotions-semanticscholar,Modular verification of linearizability with non-fixed linearization points,2013,2013-06-16,10.1145/2491956.2462189,,ACM-SIGPLAN Symposium on Programming Language Design and Implementation,opencitations;semanticscholar,10.1145/2491956.2462189;fd9b16a662601a348d26918ec622c0d29365d62f,CS082;CS083;CS084;CS085;CS087;CS089;CS093;CS100;CS103;CS104,S202;S203;S204;S205;S207;S209;S213;S220;S223;S224,CS083;CS085;CS087;CS093;CS103;CS104,CS082;CS084;CS089;CS100,included,no,formal_verification,2,title-screen,,,,Keyword score is prioritization only; it is not an eligibility or exclusion decision.
CG1017,doi:10.1145/2535838.2535871,20260731T091600Z-legacy-promotions-opencitations;20260731T091700Z-legacy-promotions-semanticscholar,A proof system for separation logic with magic wand,2014,2014-01-08,10.1145/2535838.2535871,,ACM-SIGACT Symposium on Principles of Programming Languages,opencitations;semanticscholar,10.1145/2535838.2535871;c44f2216c0b56855d4a1af89c44fa7d592c9fc7a,CS086,S206,CS086,,included,no,formal_verification,2,title-screen,,,,Keyword score is prioritization only; it is not an eligibility or exclusion decision.
CG1025,doi:10.1145/2576235,20260731T091700Z-legacy-promotions-semanticscholar,Rely-Guarantee-Based Simulation for Compositional Verification of Concurrent Program Transformations,2014,2014-03-01,10.1145/2576235,,ACM Transactions on Programming Languages and Systems,semanticscholar,7ff36185f2da5008c310bd82d2279ecd584ab8fb,CS089,S209,,CS089,included,no,formal_verification,2,title-screen,,,,Keyword score is prioritization only; it is not an eligibility or exclusion decision.
CG1027,doi:10.1145/258915.258936,20260731T091700Z-legacy-promotions-semanticscholar,Automatic verification of pointer programs using monadic second-order logic,1997,1997-05-01,10.1145/258915.258936,,ACM-SIGPLAN Symposium on Programming Language Design and Implementation,semanticscholar,0f7a5d7a24f1f964cc606df2c0f9a1114e6eac3f,CS088,S208,CS088,,included,no,formal_verification,2,title-screen,,,,Keyword score is prioritization only; it is not an eligibility or exclusion decision.
CG1036,doi:10.1145/2629496,20260731T091600Z-legacy-promotions-opencitations;20260731T091700Z-legacy-promotions-semanticscholar,A Sound and Complete Proof Technique for Linearizability of Concurrent Data Structures,2014,2014-08-01,10.1145/2629496,,TOCL,opencitations;semanticscholar,10.1145/2629496;79e1d0ab9a29a51664b494d0b44503952f458d50,CS078;CS084;CS089;CS100;CS101;CS105,S198;S204;S209;S220;S221;S225,CS078,CS084;CS089;CS100;CS101;CS105,included,no,formal_verification,2,title-screen,,,,Keyword score is prioritization only; it is not an eligibility or exclusion decision.
CG1039,doi:10.1145/263699.263747,20260731T091700Z-legacy-promotions-semanticscholar,Automatic verification of parameterized linear networks of processes,1997,,10.1145/263699.263747,,ACM-SIGACT Symposium on Principles of Programming Languages,semanticscholar,11138bb834d9c4552eeb72c7b26b2a8dc44f99a9,CS088,S208,CS088,,included,no,formal_verification,2,title-screen,,,,Keyword score is prioritization only; it is not an eligibility or exclusion decision.
CG1071,doi:10.1145/2775051.2677012,20260731T091600Z-legacy-promotions-opencitations;20260731T091700Z-legacy-promotions-semanticscholar,Proof Spaces for Unbounded Parallelism,2015,2015-05-11,10.1145/2775051.2677012,,ACM-SIGACT Symposium on Principles of Programming Languages,opencitations;semanticscholar,10.1145/2775051.2677012;69c77dcb5f618004323bbbd5041f0e516d08e988,CS097,S217,,CS097,included,no,formal_verification,2,title-screen,,,,Keyword score is prioritization only; it is not an eligibility or exclusion decision.
CG1122,doi:10.1145/3009837.3009893,20260731T091600Z-legacy-promotions-opencitations;20260731T091700Z-legacy-promotions-semanticscholar,Thread modularity at many levels: a pearl in compositional verification,2017,2017-01-01,10.1145/3009837.3009893,,ACM-SIGACT Symposium on Principles of Programming Languages,opencitations;semanticscholar,10.1145/3009837.3009893;49496db3f17dea722e76d323e603ee8d4a7c1ba0,CS097,S217,,CS097,included,no,formal_verification,2,title-screen,,,,Keyword score is prioritization only; it is not an eligibility or exclusion decision.
CG1124,doi:10.1145/3018610.3018627,20260731T091700Z-legacy-promotions-semanticscholar,Complx: a verification framework for concurrent imperative programs,2017,2017-01-16,10.1145/3018610.3018627,,Arch. Formal Proofs,semanticscholar,4e12c488f90e4ec643fd35e46604b6cfcbcbb323,CS085;CS089,S205;S209,,CS085;CS089,included,no,formal_verification,2,title-screen,,,,Keyword score is prioritization only; it is not an eligibility or exclusion decision.
CG1146,doi:10.1145/3133911,20260731T091600Z-legacy-promotions-opencitations;20260731T091700Z-legacy-promotions-semanticscholar,A verified messaging system,2017,2017-10-12,10.1145/3133911,,Proc. ACM Program. Lang.,opencitations;semanticscholar,10.1145/3133911;191c5dcbf4b8cdc0b2dd423b84141cd9bf312217,CS086;CS103,S206;S223,CS086,CS103,included,no,formal_verification,2,title-screen,,,,Keyword score is prioritization only; it is not an eligibility or exclusion decision.
CG1162,doi:10.1145/3167132.3167333,20260731T091600Z-legacy-promotions-opencitations;20260731T091700Z-legacy-promotions-semanticscholar,Verified compilation of linearizable data structures: mechanizing rely guarantee for semantic refinement,2018,2018-04-09,10.1145/3167132.3167333,,ACM Symposium on Applied Computing,opencitations;semanticscholar,10.1145/3167132.3167333;ba4cb317c8edf8113020100959b335c354450bc4,CS084;CS085;CS089,S204;S205;S209,,CS084;CS085;CS089,included,no,formal_verification,2,title-screen,,,,Keyword score is prioritization only; it is not an eligibility or exclusion decision.
CG1208,doi:10.1145/3341709,20260731T091600Z-legacy-promotions-opencitations;20260731T091700Z-legacy-promotions-semanticscholar,Mechanized relational verification of concurrent programs with continuations,2019,2019-07-26,10.1145/3341709,,Proc. ACM Program. Lang.,opencitations;semanticscholar,10.1145/3341709;7867058480e02ba3d410449f152311bcd54c1ce8,CS085,S205,,CS085,included,no,formal_verification,2,title-screen,,,,Keyword score is prioritization only; it is not an eligibility or exclusion decision.
CG1221,doi:10.1145/3373376.3378480,20260731T091700Z-legacy-promotions-semanticscholar,HMC: Model Checking for Hardware Memory Models,2020,2020-03-09,10.1145/3373376.3378480,,International Conference on Architectural Support for Programming Languages and Operating Systems,semanticscholar,e2646b037b24069a0a798aecabae25ad7a1b4835,CS106,S226,,CS106,included,no,formal_verification,2,title-screen,,,,Keyword score is prioritization only; it is not an eligibility or exclusion decision.
CG1228,doi:10.1145/3387168.3387257,20260731T091700Z-legacy-promotions-semanticscholar,Tactics for Proving Separation Logic Assertion in Coq Proof Assistant,2019,2019-08-26,10.1145/3387168.3387257,,"International Conferences on Vision, Image and Signal Processing",semanticscholar,cce66a73fbe4cfddffdc23800be592b96894fdac,CS085,S205,,CS085,included,no,formal_verification,2,title-screen,,,,Keyword score is prioritization only; it is not an eligibility or exclusion decision.
CG1248,doi:10.1145/3437992.3439930,20260731T091600Z-legacy-promotions-opencitations;20260731T091700Z-legacy-promotions-semanticscholar,Contextual refinement of the Michael-Scott queue (proof pearl),2021,2021-01-17,10.1145/3437992.3439930,,Certified Programs and Proofs,opencitations;semanticscholar,10.1145/3437992.3439930;82a64eceb5835bc854a5987a4cdfae135e103e92,CS087;CS100,S207;S220,CS087,CS100,included,no,formal_verification,2,title-screen,,,,Keyword score is prioritization only; it is not an eligibility or exclusion decision.
CG1252,doi:10.1145/3453483.3454036,20260731T091600Z-legacy-promotions-opencitations;20260731T091700Z-legacy-promotions-semanticscholar,RefinedC: automating the foundational verification of C code with refined ownership types,2021,2021-06-18,10.1145/3453483.3454036,,ACM-SIGPLAN Symposium on Programming Language Design and Implementation,opencitations;semanticscholar,10.1145/3453483.3454036;53607f52e85dcabe98668670371d0e2a614e98a8,CS085;CS086;CS087,S205;S206;S207,CS086;CS087,CS085,included,no,formal_verification,2,title-screen,,,,Keyword score is prioritization only; it is not an eligibility or exclusion decision.
CG1261,doi:10.1145/3473590,20260731T091600Z-legacy-promotions-opencitations;20260731T091700Z-legacy-promotions-semanticscholar,Steel: proof-oriented programming in a dependently typed concurrent separation logic,2021,2021-08-18,10.1145/3473590,,Proc. ACM Program. Lang.,opencitations;semanticscholar,10.1145/3473590;c56737a9fe303f3e8504627346aaa02b6dd2bdee,CS086,S206,CS086,,included,no,formal_verification,2,title-screen,,,,Keyword score is prioritization only; it is not an eligibility or exclusion decision.
CG1266,doi:10.1145/3477355.3477362,20260731T091700Z-legacy-promotions-semanticscholar,The First Fifteen Years of the Verified Software Project,2021,2021-10-02,10.1145/3477355.3477362,,Theories of Programming,semanticscholar,6be7916e51ab98f6435ab2aae4c983d0b5202019,CS089,S209,,CS089,included,no,formal_verification,2,title-screen,,,,Keyword score is prioritization only; it is not an eligibility or exclusion decision.
CG1267,doi:10.1145/3485474,20260731T091600Z-legacy-promotions-opencitations;20260731T091700Z-legacy-promotions-semanticscholar,Much ADO about failures: a fault-aware model for compositional verification of strongly consistent distributed systems,2021,2021-10-20,10.1145/3485474,,Proc. ACM Program. Lang.,opencitations;semanticscholar,10.1145/3485474;2d34c40f1cca62bb6dba73e14719d15a8e954285,CS080,S200,,CS080,included,no,formal_verification,2,title-screen,,,,Keyword score is prioritization only; it is not an eligibility or exclusion decision.
CG1272,doi:10.1145/3497775.3503681,20260731T091600Z-legacy-promotions-opencitations;20260731T091700Z-legacy-promotions-semanticscholar,Applying formal verification to microkernel IPC at meta,2022,2022-01-17,10.1145/3497775.3503681,,Certified Programs and Proofs,opencitations;semanticscholar,10.1145/3497775.3503681;2fc68963207896ae00158d4e62762a0b41fb612b,CS087,S207,CS087,,included,no,formal_verification,2,title-screen,,,,Keyword score is prioritization only; it is not an eligibility or exclusion decision.
CG1273,doi:10.1145/3497775.3503689,20260731T091600Z-legacy-promotions-opencitations;20260731T091700Z-legacy-promotions-semanticscholar,Mechanized verification of a fine-grained concurrent queue from meta’s folly library,2022,2022-01-17,10.1145/3497775.3503689,,Certified Programs and Proofs,opencitations;semanticscholar,10.1145/3497775.3503689;ba596aa0715c5a45b26620c62bc5da06636a06cd,CS085;CS087;CS089,S205;S207;S209,CS087,CS085;CS089,included,no,formal_verification,2,title-screen,,,,Keyword score is prioritization only; it is not an eligibility or exclusion decision.
CG1286,doi:10.1145/3519939.3523704,20260731T091700Z-legacy-promotions-semanticscholar,RustHornBelt: a semantic foundation for functional verification of Rust programs with unsafe code,2022,2022-06-09,10.1145/3519939.3523704,,ACM-SIGPLAN Symposium on Programming Language Design and Implementation,semanticscholar,36674fd3bc28fd3f01711de8785171c720a97a25,CS089,S209,,CS089,included,no,formal_verification,2,title-screen,,,,Keyword score is prioritization only; it is not an eligibility or exclusion decision.
CG1299,doi:10.1145/3563315,20260731T091600Z-legacy-promotions-opencitations;20260731T091700Z-legacy-promotions-semanticscholar,Model checking for a multi-execution memory model,2022,2022-10-31,10.1145/3563315,,Proc. ACM Program. Lang.,opencitations;semanticscholar,10.1145/3563315;1145521484f6837d8155fba9b67a09a1c3fefc42,CS106,S226,,CS106,included,no,formal_verification,2,title-screen,,,,Keyword score is prioritization only; it is not an eligibility or exclusion decision.
CG1319,doi:10.1145/3591221,20260731T091600Z-legacy-promotions-opencitations;20260731T091700Z-legacy-promotions-semanticscholar,Mostly Automated Proof Repair for Verified Libraries,2023,2023-06-06,10.1145/3591221,,Proc. ACM Program. Lang.,opencitations;semanticscholar,10.1145/3591221;96cf8c1d10006ad9421a3e783ab03ddb617f65ef,CS085;CS086,S205;S206,,CS085;CS086,included,no,formal_verification,2,title-screen,,,,Keyword score is prioritization only; it is not an eligibility or exclusion decision.
CG1321,doi:10.1145/3591265,20260731T091600Z-legacy-promotions-opencitations;20260731T091700Z-legacy-promotions-semanticscholar,Iris-Wasm: Robust and Modular Verification of WebAssembly Programs,2023,2023-06-06,10.1145/3591265,,Proc. ACM Program. Lang.,opencitations;semanticscholar,10.1145/3591265;6b1fdd52d638d4350da14e809f6f61be3992a041,CS086,S206,,CS086,included,no,formal_verification,2,title-screen,,,,Keyword score is prioritization only; it is not an eligibility or exclusion decision.
CG1329,doi:10.1145/3605098.3635924,20260731T091600Z-legacy-promotions-opencitations;20260731T091700Z-legacy-promotions-semanticscholar,Verification of Concurrent Machine Code Running on a Single-Core Machine,2024,2024-04-08,10.1145/3605098.3635924,,ACM Symposium on Applied Computing,opencitations;semanticscholar,10.1145/3605098.3635924;6387af5888a5d932cd8a298e2b85d96fc99023f7,CS085,S205,,CS085,included,no,formal_verification,2,title-screen,,,,Keyword score is prioritization only; it is not an eligibility or exclusion decision.
CG1334,doi:10.1145/3623510,20260731T091600Z-legacy-promotions-opencitations;20260731T091700Z-legacy-promotions-semanticscholar,Cerise: Program Verification on a Capability Machine in the Presence of Untrusted Code,2023,2023-09-14,10.1145/3623510,,Journal of the ACM,opencitations;semanticscholar,10.1145/3623510;814a7913bb732b0a1ac887cef2c1b410816b8541,CS086;CS087,S206;S207,,CS086;CS087,included,no,formal_verification,2,title-screen,,,,Keyword score is prioritization only; it is not an eligibility or exclusion decision.
CG1342,doi:10.1145/3632924,20260731T091600Z-legacy-promotions-opencitations;20260731T091700Z-legacy-promotions-semanticscholar,"A Universal, Sound, and Complete Forward Reasoning Technique for Machine-Verified Proofs of Linearizability",2024,2024-01-05,10.1145/3632924,,Proc. ACM Program. Lang.,opencitations;semanticscholar,10.1145/3632924;725b86e3a75efcfa692c043a1e4965deeed7255f,CS099,S219,,CS099,included,no,formal_verification,2,title-screen,,,,Keyword score is prioritization only; it is not an eligibility or exclusion decision.
CG1343,doi:10.1145/3632927,20260731T091600Z-legacy-promotions-opencitations;20260731T091700Z-legacy-promotions-semanticscholar,Sound Gradual Verification with Symbolic Execution,2024,2024-01-05,10.1145/3632927,2311.07559,Proc. ACM Program. Lang.,opencitations;semanticscholar,10.1145/3632927;23069de4110577eed02354c33ed973e82dc255b3,CS086,S206,,CS086,included,no,formal_verification,2,title-screen,,,,Keyword score is prioritization only; it is not an eligibility or exclusion decision.
CG1361,doi:10.1145/3694906.3743304,20260731T091700Z-legacy-promotions-semanticscholar,"Formal Machine-Verification of MemSnap: An Efficient, Far-Future Linearizable Snapshot Algorithm",2025,2025-07-16,10.1145/3694906.3743304,,ACM Symposium on Parallelism in Algorithms and Architectures,semanticscholar,64272525f5967f9cc36c40d0f8e96a4cecb21095,CS089,S209,,CS089,included,no,formal_verification,2,title-screen,,,,Keyword score is prioritization only; it is not an eligibility or exclusion decision.
CG1372,doi:10.1145/3729166,20260731T091700Z-legacy-promotions-semanticscholar,Proof Scores: A Survey,2025,2025-04-09,10.1145/3729166,2504.14561,ACM Computing Surveys,semanticscholar,2a11d685968390b4a158e2732bebba018105eb67,CS095,S215,,CS095,included,no,formal_verification,2,title-screen,,,,Keyword score is prioritization only; it is not an eligibility or exclusion decision.
CG1387,doi:10.1145/3776701,20260731T091600Z-legacy-promotions-opencitations;20260731T091700Z-legacy-promotions-semanticscholar,Zoo: A Framework for the Verification of Concurrent OCaml 5 Programs using Separation Logic,2026,2026-01-08,10.1145/3776701,,Proc. ACM Program. Lang.,opencitations;semanticscholar,10.1145/3776701;aad1d2a0f53b627c1f691c8e5f4562198a968ca2,CS086;CS087,S206;S207,,CS086;CS087,included,no,formal_verification,2,title-screen,,,,Keyword score is prioritization only; it is not an eligibility or exclusion decision.
CG1390,doi:10.1145/3783996,20260731T091700Z-legacy-promotions-semanticscholar,A Brief History of Formal Methods in China,2025,2025-12-18,10.1145/3783996,,Formal Aspects of Computing,semanticscholar,d282f0bc3187a47dcfcadfafc177396279702b20,CS080,S200,,CS080,included,no,formal_verification,2,title-screen,,,,Keyword score is prioritization only; it is not an eligibility or exclusion decision.
CG1399,doi:10.1145/41840.41865,20260731T091700Z-legacy-promotions-semanticscholar,Avoiding the state explosion problem in temporal logic model checking,1987,1987-12-01,10.1145/41840.41865,,ACM SIGACT-SIGOPS Symposium on Principles of Distributed Computing,semanticscholar,3d7a805d4b69ee74fe2214510bebe6982a1af4a2,CS088,S208,CS088,,included,no,formal_verification,2,title-screen,,,,Keyword score is prioritization only; it is not an eligibility or exclusion decision.
CG1424,doi:10.14279/tuj.eceasst.53.795,20260731T091700Z-legacy-promotions-semanticscholar,Proving Linearizability of Multiset with Local Proof Obligations,2013,2013-01-28,10.14279/tuj.eceasst.53.795,,Electronic Communication of The European Association of Software Science and Technology,semanticscholar,9520840c765396c4b92cb7af0b4d539719bd0656,CS084;CS098,S204;S218,,CS084;CS098,included,no,formal_verification,2,title-screen,,,,Keyword score is prioritization only; it is not an eligibility or exclusion decision.
CG1442,doi:10.1561/2500000045,20260731T091600Z-legacy-promotions-opencitations;20260731T091700Z-legacy-promotions-semanticscholar,QED at Large: A Survey of Engineering of Formally Verified Software,2019,2019-09-03,10.1561/2500000045,2003.06458,Found. Trends Program. Lang.,opencitations;semanticscholar,10.1561/2500000045;72c34aac7bcaa9446d2830a755202335486f4d3d,CS085,S205,,CS085,included,no,formal_verification,2,title-screen,,,,Keyword score is prioritization only; it is not an eligibility or exclusion decision.
CG1445,doi:10.17863/cam.11791,20260731T091700Z-legacy-promotions-semanticscholar,Concurrent verification for sequential programs,2013,2013-07-09,10.17863/cam.11791,,,semanticscholar,da862cbd5d3c7a91add858bc2b59d282e8c37701,CS089,S209,,CS089,included,no,formal_verification,2,title-screen,,,,Keyword score is prioritization only; it is not an eligibility or exclusion decision.
CG1446,doi:10.18154/rwth-2017-08297,20260731T091700Z-legacy-promotions-semanticscholar,Industrial Applications of Probabilistic Model Checking- A Model-based Approach for Embedded Networked Systems and Concurrent Data Structures -,2017,,10.18154/rwth-2017-08297,,,semanticscholar,8b6e8a760a74f3e8c7d4bf2f47938c328aec3243,CS093,S213,,CS093,included,no,formal_verification,2,title-screen,,,,Keyword score is prioritization only; it is not an eligibility or exclusion decision.
CG1457,doi:10.2200/s01089ed1v01y202104csl013,20260731T091600Z-legacy-promotions-opencitations;20260731T091700Z-legacy-promotions-semanticscholar,Automated Verification of Concurrent Search Structures,2021,2021-06-01,10.2200/s01089ed1v01y202104csl013,,Synthesis Lectures on Computer Science,opencitations;semanticscholar,10.2200/s01089ed1v01y202104csl013;5f836e9ee7dd81dce30580232f630289c37920a9,CS081;CS085;CS087;CS089,S201;S205;S207;S209,CS087,CS081;CS085;CS089,included,no,formal_verification,2,title-screen,,,,Keyword score is prioritization only; it is not an eligibility or exclusion decision.
CG1464,doi:10.25560/24437,20260731T091700Z-legacy-promotions-semanticscholar,Scalable verification techniques for data-parallel programs,2014,2014-09-01,10.25560/24437,,,semanticscholar,20c57ecc77a498fcc3552e82ba3af2cefeb7da30,CS089,S209,,CS089,included,no,formal_verification,2,title-screen,,,,Keyword score is prioritization only; it is not an eligibility or exclusion decision.
CG1470,doi:10.29007/59rn,20260731T091700Z-legacy-promotions-semanticscholar,SMT-Based System Verification with DVF,2012,,10.29007/59rn,,SMT@IJCAR,semanticscholar,91dd8f8d35be88e9cc75ee42af0691a9a5747eed,CS088,S208,CS088,,included,no,formal_verification,2,title-screen,,,,Keyword score is prioritization only; it is not an eligibility or exclusion decision.
CG1476,doi:10.3233/978-1-61499-028-4-286,20260731T091700Z-legacy-promotions-semanticscholar,A Primer on Separation Logic (and Automatic Program Verification and Analysis),2012,,10.3233/978-1-61499-028-4-286,,Software Safety and Security,semanticscholar,2a8ad4436b8543a59cdf4cb75133ade1a892bdf1,CS099,S219,,CS099,included,no,formal_verification,2,title-screen,,,,Keyword score is prioritization only; it is not an eligibility or exclusion decision.
CG1491,doi:10.4230/darts.9.2.8,20260731T091700Z-legacy-promotions-semanticscholar,"Interaction Tree Specifications: A Framework for Specifying Recursive, Effectful Computations That Supports Auto-Active Verification (Artifact)",2023,,10.4230/darts.9.2.8,,Dagstuhl Artifacts Ser.,semanticscholar,a8e136e0b337c19cbb3adf036e1a0a272591c0b5,CS085,S205,,CS085,included,no,formal_verification,2,title-screen,,,,Keyword score is prioritization only; it is not an eligibility or exclusion decision.
CG1502,doi:10.4230/lipics.disc.2022.5,20260731T091600Z-legacy-promotions-opencitations;20260731T091700Z-legacy-promotions-semanticscholar,Polynomial-Time Verification and Testing of Implementations of the Snapshot Data Structure,2022,2022,10.4230/lipics.disc.2022.5,,International Symposium on Distributed Computing,opencitations;semanticscholar,10.4230/lipics.disc.2022.5;e83bf91a9ffcb799fdff5982ef2bc6497dd7f557,CS082;CS097;CS099;CS100,S202;S217;S219;S220,,CS082;CS097;CS099;CS100,included,no,formal_verification,2,title-screen,,,,Keyword score is prioritization only; it is not an eligibility or exclusion decision.
CG1512,doi:10.4230/lipics.itp.2019.13,20260731T091700Z-legacy-promotions-semanticscholar,"Formal Proofs of Tarjan's Strongly Connected Components Algorithm in Why3, Coq and Isabelle",2019,2019-09-08,10.4230/lipics.itp.2019.13,,International Conference on Interactive Theorem Proving,semanticscholar,45b6cac0ae6cc2d031850eae5137f2fe61a9270a,CS085,S205,,CS085,included,no,formal_verification,2,title-screen,,,,Keyword score is prioritization only; it is not an eligibility or exclusion decision.
CG1514,doi:10.4230/lipics.itp.2024.19,20260731T091700Z-legacy-promotions-semanticscholar,Modular Verification of Intrusive List and Tree Data Structures in Separation Logic,2024,,10.4230/lipics.itp.2024.19,,International Conference on Interactive Theorem Proving,semanticscholar,5d7e2af488baf694ac0d1f55d1071e8813377098,CS086,S206,,CS086,included,no,formal_verification,2,title-screen,,,,Keyword score is prioritization only; it is not an eligibility or exclusion decision.
CG1519,doi:10.4230/lipics.snapl.2017.19,20260731T091700Z-legacy-promotions-semanticscholar,Programming Language Abstractions for Modularly Verified Distributed Systems,2017,,10.4230/lipics.snapl.2017.19,,Summit on Advances in Programming Languages,semanticscholar,9ace93db453df16da2c893afb90e1da558987a81,CS103,S223,,CS103,included,no,formal_verification,2,title-screen,,,,Keyword score is prioritization only; it is not an eligibility or exclusion decision.
CG1521,doi:10.46298/lmcs-17(3:9)2021,20260731T091600Z-legacy-promotions-opencitations;20260731T091700Z-legacy-promotions-semanticscholar,ReLoC Reloaded: A Mechanized Relational Logic for Fine-Grained Concurrency and Logical Atomicity,2020,2020-06-24,10.46298/lmcs-17(3:9)2021,2006.13635,Log. Methods Comput. Sci.,opencitations;semanticscholar,10.46298/lmcs-17(3:9)2021;8657b08f4eafc262db1e69e339d45284fc7cdce9,CS082;CS086;CS087;CS089;CS097;CS099,S202;S206;S207;S209;S217;S219,CS086;CS087,CS082;CS089;CS097;CS099,included,no,formal_verification,2,title-screen,,,,Keyword score is prioritization only; it is not an eligibility or exclusion decision.
CG1550,s2:08b031008bb9a87bc630fec51c135f4b68cf7e7c,20260731T091700Z-legacy-promotions-semanticscholar,Concurrency Verification: Introduction to Compositional and Noncompositional Methods,2001,2001-11-26,,,Cambridge Tracts in Theoretical Computer Science,semanticscholar,08b031008bb9a87bc630fec51c135f4b68cf7e7c,CS091,S211,CS091,,included,no,formal_verification,2,title-screen,,,,Keyword score is prioritization only; it is not an eligibility or exclusion decision.
CG1559,s2:101042f8a6d4f335d9586c4dffc29e6b9d9dcd79,20260731T091700Z-legacy-promotions-semanticscholar,VERIFIED COMPILATION OF CONCURRENT MANAGED,2017,,,,,semanticscholar,101042f8a6d4f335d9586c4dffc29e6b9d9dcd79,CS085;CS089,S205;S209,,CS085;CS089,included,no,formal_verification,2,title-screen,,,,Keyword score is prioritization only; it is not an eligibility or exclusion decision.
CG1567,s2:14277adc06727b66b59f208c2f481b5fb62caf39,20260731T091700Z-legacy-promotions-semanticscholar,Armed Cats: formal concurrency modelling at Arm,2023,,,,,semanticscholar,14277adc06727b66b59f208c2f481b5fb62caf39,CS106,S226,,CS106,included,no,formal_verification,2,title-screen,,,,Keyword score is prioritization only; it is not an eligibility or exclusion decision.
CG1568,s2:153ac2335bb97b94d43ad05c1e52a80b00b2d05b,20260731T091700Z-legacy-promotions-semanticscholar,A framework for automated concurrency verification,2019,2019-04-01,,,,semanticscholar,153ac2335bb97b94d43ad05c1e52a80b00b2d05b,CS085,S205,,CS085,included,no,formal_verification,2,title-screen,,,,Keyword score is prioritization only; it is not an eligibility or exclusion decision.
CG1570,s2:16ebbb5f9f84a3f18c3bb9f27544092ef43e86be,20260731T091700Z-legacy-promotions-semanticscholar,Data Refinement: Model-Oriented Proof Methods and their Comparison,1998,,,,,semanticscholar,16ebbb5f9f84a3f18c3bb9f27544092ef43e86be,CS078;CS091,S198;S211,CS078;CS091,,included,no,formal_verification,2,title-screen,,,,Keyword score is prioritization only; it is not an eligibility or exclusion decision.
CG1578,s2:1c6d1d0d89c3cd143bc21301920892dc7a115a30,20260731T091700Z-legacy-promotions-semanticscholar,Verification of Transactional Memories and Recursive Programs,2008,,,,,semanticscholar,1c6d1d0d89c3cd143bc21301920892dc7a115a30,CS081,S201,,CS081,included,no,formal_verification,2,title-screen,,,,Keyword score is prioritization only; it is not an eligibility or exclusion decision.
CG1582,s2:1fa4f25ac3bfbe672ae9310c02ed0deaf93a6ed6,20260731T091700Z-legacy-promotions-semanticscholar,Decision procedures for the temporal verification of concurrent data structures,2011,,,,,semanticscholar,1fa4f25ac3bfbe672ae9310c02ed0deaf93a6ed6,CS081;CS089,S201;S209,,CS081;CS089,included,no,formal_verification,2,title-screen,,,,Keyword score is prioritization only; it is not an eligibility or exclusion decision.
CG1585,s2:21f088d277841702d4c4acc1fbd7f13bdb12f075,20260731T091700Z-legacy-promotions-semanticscholar,Automated verification of heap-manipulating programs with infinite data,2011,,,,,semanticscholar,21f088d277841702d4c4acc1fbd7f13bdb12f075,CS099,S219,,CS099,included,no,formal_verification,2,title-screen,,,,Keyword score is prioritization only; it is not an eligibility or exclusion decision.
CG1590,s2:23d429c6f6fde7c7307e169437bdd127dc1c8c4d,20260731T091700Z-legacy-promotions-semanticscholar,Caper: automatic verification for fine-grained concurrency,2017,2017-04-22,,,European Symposium on Programming,semanticscholar,23d429c6f6fde7c7307e169437bdd127dc1c8c4d,CS085;CS086;CS089;CS100,S205;S206;S209;S220,CS086,CS085;CS089;CS100,included,no,formal_verification,2,title-screen,,,,Keyword score is prioritization only; it is not an eligibility or exclusion decision.
CG1592,s2:242afc564b25ad558d2c350b86d7f1ec6cdc4799,20260731T091700Z-legacy-promotions-semanticscholar,"Under Consideration for Publication in Formal Aspects of Computing Relational Concurrent Refinement Part Iii: Traces, Partial Relations and Automata",,,,,,semanticscholar,242afc564b25ad558d2c350b86d7f1ec6cdc4799,CS098,S218,,CS098,unknown-date,no,formal_verification,2,manual-date-check,,,,Keyword score is prioritization only; it is not an eligibility or exclusion decision.
CG1594,s2:25830ed2e57ad2e5e41aa0aa440d4bebd7aec79c,20260731T091700Z-legacy-promotions-semanticscholar,Modular fine-grained concurrency verification,2008,,,,,semanticscholar,25830ed2e57ad2e5e41aa0aa440d4bebd7aec79c,CS086;CS088;CS091;CS093;CS103;CS105,S206;S208;S211;S213;S223;S225,CS086;CS088;CS091;CS093;CS103,CS105,included,no,formal_verification,2,title-screen,,,,Keyword score is prioritization only; it is not an eligibility or exclusion decision.
CG1600,s2:290975051c271ced709a0d9663e3f8fa3113356d,20260731T091700Z-legacy-promotions-semanticscholar,Noname manuscript No. (will be inserted by the editor) Approximated Parameterized Verification of Infinite-state Processes with Global Conditions,,,,,,semanticscholar,290975051c271ced709a0d9663e3f8fa3113356d,CS088,S208,CS088,,unknown-date,no,formal_verification,2,manual-date-check,,,,Keyword score is prioritization only; it is not an eligibility or exclusion decision.
CG1612,s2:2f42222ec98ecf888b9bb874856d9533f07233b0,20260731T091700Z-legacy-promotions-semanticscholar,Electronic Communications of the EASST Volume 46 ( 2011 ) Proceedings of the 11 th International Workshop on Automated Verification of Critical Systems Approximating Idealised Real-Time Specifications Using Time Bands,2011,,,,,semanticscholar,2f42222ec98ecf888b9bb874856d9533f07233b0,CS091,S211,CS091,,included,no,formal_verification,2,title-screen,,,,Keyword score is prioritization only; it is not an eligibility or exclusion decision.
CG1614,s2:3002e3391fd973bb0f19eb4961717b360dcb8b21,20260731T091700Z-legacy-promotions-semanticscholar,"Towards Formally Specifying and Verifying Transactional Memory 1 , 2",2009,,,,,semanticscholar,3002e3391fd973bb0f19eb4961717b360dcb8b21,CS105,S225,,CS105,included,no,formal_verification,2,title-screen,,,,Keyword score is prioritization only; it is not an eligibility or exclusion decision.
CG1616,s2:303e9c77d115641fbd3b610218736ac93b7a286c,20260731T091700Z-legacy-promotions-semanticscholar,Formal analysis of concurrent programs,2015,2015-09-01,,,,semanticscholar,303e9c77d115641fbd3b610218736ac93b7a286c,CS089,S209,,CS089,included,no,formal_verification,2,title-screen,,,,Keyword score is prioritization only; it is not an eligibility or exclusion decision.
CG1642,s2:4b47dd8dae0856e5ac7ef46ef2084f24ad34a5b7,20260731T091700Z-legacy-promotions-semanticscholar,Mechanized Verification of Fine-grained Concurrent Programs User manual and code commentary,2015,,,,,semanticscholar,4b47dd8dae0856e5ac7ef46ef2084f24ad34a5b7,CS085;CS103,S205;S223,,CS085;CS103,included,no,formal_verification,2,title-screen,,,,Keyword score is prioritization only; it is not an eligibility or exclusion decision.
CG1649,s2:51014aa781031c1785f50916c0227d0256f42746,20260731T091700Z-legacy-promotions-semanticscholar,Formal Verification of Skiplist Algorithms,2011,,,,,semanticscholar,51014aa781031c1785f50916c0227d0256f42746,CS097,S217,,CS097,included,no,formal_verification,2,title-screen,,,,Keyword score is prioritization only; it is not an eligibility or exclusion decision.
CG1662,s2:5808d216164a216bb1c94f184920ace13017abc6,20260731T091700Z-legacy-promotions-semanticscholar,Viper A Verification Infrastructure for Permission-Based Reasoning,2014,,,,,semanticscholar,5808d216164a216bb1c94f184920ace13017abc6,CS086;CS087,S206;S207,CS086;CS087,,included,no,formal_verification,2,title-screen,,,,Keyword score is prioritization only; it is not an eligibility or exclusion decision.
CG1682,s2:5fe73f4fc5df9d5f4c739209428e63f5c659ecd6,20260731T091700Z-legacy-promotions-semanticscholar,Mechanized Verification of a Fine-Grained Concurrent Queue from Facebook’s Folly Library,2020,,,,,semanticscholar,5fe73f4fc5df9d5f4c739209428e63f5c659ecd6,CS085;CS087;CS089,S205;S207;S209,CS087,CS085;CS089,included,no,formal_verification,2,title-screen,,,,Keyword score is prioritization only; it is not an eligibility or exclusion decision.
CG1695,s2:6a93fb1bc6b192555da3768f1a98aeab83f2ac9b,20260731T091700Z-legacy-promotions-semanticscholar,5th International Verification Workshop - VERIFY'08,2008,2008-08-10,,,,semanticscholar,6a93fb1bc6b192555da3768f1a98aeab83f2ac9b,CS089,S209,,CS089,included,no,formal_verification,2,title-screen,,,,Keyword score is prioritization only; it is not an eligibility or exclusion decision.
CG1699,s2:6d922256272e20e817132fb4955d5be52ab25828,20260731T091700Z-legacy-promotions-semanticscholar,Verification of Pointer Programs,2009,,,,,semanticscholar,6d922256272e20e817132fb4955d5be52ab25828,CS097,S217,,CS097,included,no,formal_verification,2,title-screen,,,,Keyword score is prioritization only; it is not an eligibility or exclusion decision.
CG1707,s2:70e5f792a0a0c6be43f5c4b162f959571cb2a117,20260731T091700Z-legacy-promotions-semanticscholar,"Author manuscript, published in ""Science of Computer Programming (2012)"" DOI: 10.1016/j.scico.2012.01.003 Model Checking and Performance Evaluation with CADP Illustrated on Shared-Memory Mutual Exclusion Protocols",,,,,,semanticscholar,70e5f792a0a0c6be43f5c4b162f959571cb2a117,CS093,S213,CS093,,unknown-date,no,formal_verification,2,manual-date-check,,,,Keyword score is prioritization only; it is not an eligibility or exclusion decision.
CG1708,s2:7194ec2004f78759e3358f785d4ba8ff423763a4,20260731T091700Z-legacy-promotions-semanticscholar,A Practical Verification Methodology for Concurrent Programs,2009,2009-02-01,,,,semanticscholar,7194ec2004f78759e3358f785d4ba8ff423763a4,CS097,S217,,CS097,included,no,formal_verification,2,title-screen,,,,Keyword score is prioritization only; it is not an eligibility or exclusion decision.
CG1711,s2:739205027604fd31ea418791d500bd31bccbe337,20260731T091700Z-legacy-promotions-semanticscholar,Runtime Verification and Debugging of Concurrent Software,2016,2016-07-29,,,,semanticscholar,739205027604fd31ea418791d500bd31bccbe337,CS082;CS099,S202;S219,,CS082;CS099,included,no,formal_verification,2,title-screen,,,,Keyword score is prioritization only; it is not an eligibility or exclusion decision.
CG1719,s2:785abd3df0ea71ed5f48d9a392443c46a71a09aa,20260731T091700Z-legacy-promotions-semanticscholar,Proof Automation for Functional Correctness in Substructural Logics,2012,,,,,semanticscholar,785abd3df0ea71ed5f48d9a392443c46a71a09aa,CS099,S219,,CS099,included,no,formal_verification,2,title-screen,,,,Keyword score is prioritization only; it is not an eligibility or exclusion decision.
CG1730,s2:7ee64c00c95c5014a259fce3a3143c1d7191582a,20260731T091700Z-legacy-promotions-semanticscholar,"Micro-Policies : A Framework for Verified , Tag-Based Security Monitors",2014,,,,,semanticscholar,7ee64c00c95c5014a259fce3a3143c1d7191582a,CS080,S200,,CS080,included,no,formal_verification,2,title-screen,,,,Keyword score is prioritization only; it is not an eligibility or exclusion decision.
CG1742,s2:8acde49f7f650ba18a74a7919f277136249d2b06,20260731T091700Z-legacy-promotions-semanticscholar,Back and Forth: Prophecy Variables for Static Verification of Concurrent Programs,2009,2009-10-13,,,,semanticscholar,8acde49f7f650ba18a74a7919f277136249d2b06,CS103,S223,CS103,,included,no,formal_verification,2,title-screen,,,,Keyword score is prioritization only; it is not an eligibility or exclusion decision.
CG1744,s2:8bb48bdb397fa423974c1d3367347f12e7afb9df,20260731T091700Z-legacy-promotions-semanticscholar,Mechanized Verification of Fine-grained Concurrent Programs in Fine-grained Concurrent Separation Logic User Manual and Code Commentary,2017,,,,,semanticscholar,8bb48bdb397fa423974c1d3367347f12e7afb9df,CS085;CS103,S205;S223,,CS085;CS103,included,no,formal_verification,2,title-screen,,,,Keyword score is prioritization only; it is not an eligibility or exclusion decision.
CG1746,s2:8cbfe6a6c8e60df0056056a47131f968b7c69056,20260731T091700Z-legacy-promotions-semanticscholar,Under Consideration for Publication in Formal Aspects of Computing Inter-process Buffers in Separation Logic with Rely-guarantee,,,,,,semanticscholar,8cbfe6a6c8e60df0056056a47131f968b7c69056,CS089,S209,,CS089,unknown-date,no,formal_verification,2,manual-date-check,,,,Keyword score is prioritization only; it is not an eligibility or exclusion decision.
CG1758,s2:9493ce878fe70e6b9d943bc5dde51be823e8d30c,20260731T091700Z-legacy-promotions-semanticscholar,A Practical Verification Methodology for Concurrent Programs February,2009,,,,,semanticscholar,9493ce878fe70e6b9d943bc5dde51be823e8d30c,CS097,S217,,CS097,included,no,formal_verification,2,title-screen,,,,Keyword score is prioritization only; it is not an eligibility or exclusion decision.
CG1762,s2:95a7ba7e7d8c50b466b22116a544b8bf632ffcfb,20260731T091700Z-legacy-promotions-semanticscholar,Model Checking for Stability Analysis in Rely-Guarantee Proofs,2008,,,,VERIFY,semanticscholar,95a7ba7e7d8c50b466b22116a544b8bf632ffcfb,CS089,S209,,CS089,included,no,formal_verification,2,title-screen,,,,Keyword score is prioritization only; it is not an eligibility or exclusion decision.
CG1769,s2:9b406452109d22e745b0958b11e5ef228561d4f3,20260731T091700Z-legacy-promotions-semanticscholar,"GoJournal: a verified, concurrent, crash-safe journaling system",2021,,,,USENIX Symposium on Operating Systems Design and Implementation,semanticscholar,9b406452109d22e745b0958b11e5ef228561d4f3,CS087,S207,CS087,,included,no,formal_verification,2,title-screen,,,,Keyword score is prioritization only; it is not an eligibility or exclusion decision.
CG1771,s2:9d16b7a5a7986831792da3a602b370e5ab165c06,20260731T091700Z-legacy-promotions-semanticscholar,Mechanized Verification of Fine-grained Concurrent Programs Accompanying tutorial and code commentary for PLDI 2015 artifact evaluation,2015,,,,,semanticscholar,9d16b7a5a7986831792da3a602b370e5ab165c06,CS085;CS087;CS103,S205;S207;S223,CS087,CS085;CS103,included,no,formal_verification,2,title-screen,,,,Keyword score is prioritization only; it is not an eligibility or exclusion decision.
CG1772,s2:9d8362c7a15a01c615607aed7cf7fde7ed687ab4,20260731T091700Z-legacy-promotions-semanticscholar,Electronic Communications of the EASST Volume 53 ( 2012 ) Proceedings of the 12 th International Workshop on Automated Verification of Critical Systems ( AVoCS 2012 ) Fractional Permissions and Non-Deterministic Evaluators in Interval Temporal Logic,2012,,,,,semanticscholar,9d8362c7a15a01c615607aed7cf7fde7ed687ab4,CS091,S211,CS091,,included,no,formal_verification,2,title-screen,,,,Keyword score is prioritization only; it is not an eligibility or exclusion decision.
CG1773,s2:9e584ba43e8cfe14ffa05af575d152d560d4c9b7,20260731T091700Z-legacy-promotions-semanticscholar,"Interaction Tree Specifications: A Framework for 15 Specifying Recursive, Effectful Computations that 16 Supports Auto-active Verification",2023,,,,,semanticscholar,9e584ba43e8cfe14ffa05af575d152d560d4c9b7,CS085,S205,,CS085,included,no,formal_verification,2,title-screen,,,,Keyword score is prioritization only; it is not an eligibility or exclusion decision.
CG1774,s2:9ee93981472cabdee91f073a747402e94ac90ebf,20260731T091700Z-legacy-promotions-semanticscholar,Lightweight Concurrency Verification With Views,2017,,,,,semanticscholar,9ee93981472cabdee91f073a747402e94ac90ebf,CS089,S209,,CS089,included,no,formal_verification,2,title-screen,,,,Keyword score is prioritization only; it is not an eligibility or exclusion decision.
CG1792,s2:aabf20d5e8e69cc573e8dc27315fa3a72de5a414,20260731T091700Z-legacy-promotions-semanticscholar,Operational Verification of a Relativistic Program,2009,,,,,semanticscholar,aabf20d5e8e69cc573e8dc27315fa3a72de5a414,CS081,S201,,CS081,included,no,formal_verification,2,title-screen,,,,Keyword score is prioritization only; it is not an eligibility or exclusion decision.
CG1801,s2:b0b5236f0b62c368bcde6cb588a02567afeebbf7,20260731T091700Z-legacy-promotions-semanticscholar,Shape Predicates Allow Unbounded Verification of Linearizability Using Canonical Abstraction,2014,2014-01-20,,,Australasian Computer Science Conference,semanticscholar,b0b5236f0b62c368bcde6cb588a02567afeebbf7,CS092;CS096;CS097;CS105,S212;S216;S217;S225,CS092,CS092;CS096;CS097;CS105,included,no,formal_verification,2,title-screen,,,,Keyword score is prioritization only; it is not an eligibility or exclusion decision.
CG1802,s2:b0bddb28b66026be533ddb63b3e1574c97378355,20260731T091700Z-legacy-promotions-semanticscholar,Foundational and Compositional Verification of Layered Concurrent Objects,,,,,,semanticscholar,b0bddb28b66026be533ddb63b3e1574c97378355,CS079;CS082;CS083;CS086,S199;S202;S203;S206,,CS079;CS082;CS083;CS086,unknown-date,no,formal_verification,2,manual-date-check,,,,Keyword score is prioritization only; it is not an eligibility or exclusion decision.
CG1804,s2:b246412fb5b19ce948269793c267ed24c5297053,20260731T091700Z-legacy-promotions-semanticscholar,Veriﬁcation and Validation of Concurrent and Distributed Systems (Track Summary),,,,,,semanticscholar,b246412fb5b19ce948269793c267ed24c5297053,CS103,S223,,CS103,unknown-date,no,formal_verification,2,manual-date-check,,,,Keyword score is prioritization only; it is not an eligibility or exclusion decision.
CG1811,s2:b499192aff1ae59d264ba70c1edfc41c440bdca2,20260731T091700Z-legacy-promotions-semanticscholar,"Diagram-based verification of discrete, real-time and hybrid systems",1999,,,,,semanticscholar,b499192aff1ae59d264ba70c1edfc41c440bdca2,CS088,S208,CS088,,included,no,formal_verification,2,title-screen,,,,Keyword score is prioritization only; it is not an eligibility or exclusion decision.
CG1822,s2:b9e1a4dbd553d7fa4019479f57efab4168e6b2f0,20260731T091700Z-legacy-promotions-semanticscholar,Automating the Proof that Data Structure Implementations Commute with mn -Differencing,2020,,,,,semanticscholar,b9e1a4dbd553d7fa4019479f57efab4168e6b2f0,CS100,S220,,CS100,included,no,formal_verification,2,title-screen,,,,Keyword score is prioritization only; it is not an eligibility or exclusion decision.
CG1840,s2:ca22066f6396d706496e126295574a28418abbdc,20260731T091700Z-legacy-promotions-semanticscholar,Model Checking on Multi-execution Memory Models,2022,,,,,semanticscholar,ca22066f6396d706496e126295574a28418abbdc,CS106,S226,,CS106,included,no,formal_verification,2,title-screen,,,,Keyword score is prioritization only; it is not an eligibility or exclusion decision.
CG1842,s2:cabc2c03c3c5b95aa7e9116bdb87172713a36adc,20260731T091700Z-legacy-promotions-semanticscholar,A Formal Specification of the NOVA Microhypervisor’s ABI,,,,,,semanticscholar,cabc2c03c3c5b95aa7e9116bdb87172713a36adc,CS086,S206,,CS086,unknown-date,no,formal_verification,2,manual-date-check,,,,Keyword score is prioritization only; it is not an eligibility or exclusion decision.
CG1859,s2:d2ac69c4626d5081ca399770b4eaa7759dcf5416,20260731T091700Z-legacy-promotions-semanticscholar,Formal Verification of Scalable NonZero Indicators,2009,2009-07-30,,,International Conference on Software Engineering and Knowledge Engineering,semanticscholar,d2ac69c4626d5081ca399770b4eaa7759dcf5416,CS082;CS098,S202;S218,,CS082;CS098,included,no,formal_verification,2,title-screen,,,,Keyword score is prioritization only; it is not an eligibility or exclusion decision.
CG1860,s2:d30a39555e3236b354a784ec868e7d4a5bf61120,20260731T091700Z-legacy-promotions-semanticscholar,Electronic Communications of the EASST Volume 66 ( 2013 ) Proceedings of the Automated Verification of Critical Systems ( AVoCS 2013 ) Simplifying proofs of linearisability using layers of abstraction,2014,,,,,semanticscholar,d30a39555e3236b354a784ec868e7d4a5bf61120,CS089;CS091;CS100,S209;S211;S220,,CS089;CS091;CS100,included,no,formal_verification,2,title-screen,,,,Keyword score is prioritization only; it is not an eligibility or exclusion decision.
CG1862,s2:d3db01e93f9fb145418aef0138f3018c8c577197,20260731T091700Z-legacy-promotions-semanticscholar,Title : Caper : Automatic Verification for Fine-Grained Concurrency,2019,,,,,semanticscholar,d3db01e93f9fb145418aef0138f3018c8c577197,CS085;CS089;CS100,S205;S209;S220,,CS085;CS089;CS100,included,no,formal_verification,2,title-screen,,,,Keyword score is prioritization only; it is not an eligibility or exclusion decision.
CG1878,s2:e18daa1c33702ab0f59da63729c0067992474319,20260731T091700Z-legacy-promotions-semanticscholar,Refinement Verification of Concurrent Programs and Its Applications,2014,,,,,semanticscholar,e18daa1c33702ab0f59da63729c0067992474319,CS079;CS080;CS082;CS084;CS089;CS100,S199;S200;S202;S204;S209;S220,,CS079;CS080;CS082;CS084;CS089;CS100,included,no,formal_verification,2,title-screen,,,,Keyword score is prioritization only; it is not an eligibility or exclusion decision.
CG1884,s2:e60a5b266b42337ae0edc542c5f4d965d1db573b,20260731T091700Z-legacy-promotions-semanticscholar,HATS Project Title : Highly Adaptable and Trustworthy Software using Formal Models Instrument : Integrated Project Scheme : Information & Communication Technologies Future and Emerging Technologies Deliverable D 2 . 6 Refinement and Abstraction,2012,,,,,semanticscholar,e60a5b266b42337ae0edc542c5f4d965d1db573b,CS079,S199,,CS079,included,no,formal_verification,2,title-screen,,,,Keyword score is prioritization only; it is not an eligibility or exclusion decision.
CG1889,s2:e9fe69ab0651b66673bbd8c844b4b886b9a10c6e,20260731T091700Z-legacy-promotions-semanticscholar,Under Consideration for Publication in Formal Aspects of Computing Proving Linearizability with Temporal Logic,,,,,,semanticscholar,e9fe69ab0651b66673bbd8c844b4b886b9a10c6e,CS089;CS091;CS097;CS098;CS099;CS105,S209;S211;S217;S218;S219;S225,CS091,CS089;CS097;CS098;CS099;CS105,unknown-date,no,formal_verification,2,manual-date-check,,,,Keyword score is prioritization only; it is not an eligibility or exclusion decision.
CG1890,s2:ea6de5364fecd37b9b36aee5e08a9ba235fa7a6f,20260731T091700Z-legacy-promotions-semanticscholar,Veriﬁed Compilation of Linearizable Data Structures ∗ Mechanizing Rely Guarantee for Semantic Reﬁnement,,,,,,semanticscholar,ea6de5364fecd37b9b36aee5e08a9ba235fa7a6f,CS084;CS085;CS089,S204;S205;S209,,CS084;CS085;CS089,unknown-date,no,formal_verification,2,manual-date-check,,,,Keyword score is prioritization only; it is not an eligibility or exclusion decision.
CG1898,s2:f1269591359fddc20f95da10c7bd4c054080b447,20260731T091700Z-legacy-promotions-semanticscholar,Principles of model checking,2008,2008-04-25,,,,semanticscholar,f1269591359fddc20f95da10c7bd4c054080b447,CS093,S213,CS093,,included,no,formal_verification,2,title-screen,,,,Keyword score is prioritization only; it is not an eligibility or exclusion decision.
CG1900,s2:f210acfb7ddfc86381f8aeb5ac92212cbb6f7e30,20260731T091700Z-legacy-promotions-semanticscholar,P L ] 2 6 A ug 2 01 9 Automated Verification of CountDownLatch,2019,,,,,semanticscholar,f210acfb7ddfc86381f8aeb5ac92212cbb6f7e30,CS085,S205,,CS085,included,no,formal_verification,2,title-screen,,,,Keyword score is prioritization only; it is not an eligibility or exclusion decision.
CG1909,s2:fa48b8952b0a620f70330eda1c4a0f8c9f10b16c,20260731T091700Z-legacy-promotions-semanticscholar,Experimental Evaluation of Formal Software Development Using Dependently Typed Languages,2019,2019-03-06,,,,semanticscholar,fa48b8952b0a620f70330eda1c4a0f8c9f10b16c,CS085,S205,,CS085,included,no,formal_verification,2,title-screen,,,,Keyword score is prioritization only; it is not an eligibility or exclusion decision.
CG1914,s2:fecacc842bf2750ae1fea4ee8019ea982e0a1eac,20260731T091700Z-legacy-promotions-semanticscholar,Formal Veri(cid:2)cation of Scalable NonZero Indicators,2009,,,,,semanticscholar,fecacc842bf2750ae1fea4ee8019ea982e0a1eac,CS082,S202,,CS082,included,no,formal_verification,2,title-screen,,,,Keyword score is prioritization only; it is not an eligibility or exclusion decision.
CG1922,unknown:semanticscholar:cs086:references:0:83,20260731T091700Z-legacy-promotions-semanticscholar,Appendix and Coq mechanization of Diaframe,2021,,,,,semanticscholar,,CS086,S206,CS086,,included,no,formal_verification,2,title-screen,,,,Keyword score is prioritization only; it is not an eligibility or exclusion decision.
CG1931,unknown:semanticscholar:cs087:references:0:69,20260731T091700Z-legacy-promotions-semanticscholar,Usable Auto-Active Verification,2010,,,,(2010). https://fm.csl.sri.com/UV10/ submissions/uv2010_submission_20.pdf,semanticscholar,,CS087,S207,CS087,,included,no,formal_verification,2,title-screen,,,,Keyword score is prioritization only; it is not an eligibility or exclusion decision.
CG1942,unknown:semanticscholar:cs087:references:0:81,20260731T091700Z-legacy-promotions-semanticscholar,2023. Artifact of ‘Proof Automation for Linearizability in Separation Logic’,,,,,gitlab.mpi-sws.org/iris/diaframe,semanticscholar,,CS087,S207,CS087,,unknown-date,no,formal_verification,2,manual-date-check,,,,Keyword score is prioritization only; it is not an eligibility or exclusion decision.
CG1950,unknown:semanticscholar:cs092:references:0:14,20260731T091700Z-legacy-promotions-semanticscholar,Proceedings of the 24 th International Conference on Formal Techniques for Networked and Distributed Systems ( FORTE ),2004,,,,Lecture Notes in Computer Science,semanticscholar,,CS092,S212,CS092,,included,no,formal_verification,2,title-screen,,,,Keyword score is prioritization only; it is not an eligibility or exclusion decision.
CG1951,unknown:semanticscholar:cs092:references:0:15,20260731T091700Z-legacy-promotions-semanticscholar,Proceedings of the 19 th International Conference on Computer Aided Verification ( CAV ),2007,,,,Lecture Notes in Computer Science,semanticscholar,,CS092,S212,CS092,,included,no,formal_verification,2,title-screen,,,,Keyword score is prioritization only; it is not an eligibility or exclusion decision.
CG1954,unknown:semanticscholar:cs092:references:0:18,20260731T091700Z-legacy-promotions-semanticscholar,Proceedings of the 20 th International Conference on Computer Aided Verification ( CAV ),2008,,,,Lec - ture Notes in Computer Science,semanticscholar,,CS092,S212,CS092,,included,no,formal_verification,2,title-screen,,,,Keyword score is prioritization only; it is not an eligibility or exclusion decision.
CG1955,unknown:semanticscholar:cs092:references:0:19,20260731T091700Z-legacy-promotions-semanticscholar,Proceed - ings of the 19 th International Conference on Computer Aided Verification ( CAV ),2007,,,,Lecture Notes in Computer Science,semanticscholar,,CS092,S212,CS092,,included,no,formal_verification,2,title-screen,,,,Keyword score is prioritization only; it is not an eligibility or exclusion decision.
CG0029,arxiv:1712.06134,20260731T091700Z-legacy-promotions-semanticscholar,A new and five older Concurrent Memory Reclamation Schemes in Comparison (Stamp-it),2017,2017-12-17,,1712.06134,arXiv.org,semanticscholar,e02493e5d4787a72a290f5b7a60e778a7010aec5,CS081,S201,,CS081,included,no,reclamation_or_aba,1,title-screen,,,,Keyword score is prioritization only; it is not an eligibility or exclusion decision.
CG0033,arxiv:1805.08639,20260731T091700Z-legacy-promotions-semanticscholar,"Stamp-it: A more Thread-efficient, Concurrent Memory Reclamation Scheme in the C++ Memory Model",2018,2018-05-21,,1805.08639,,semanticscholar,5743c51522511ec06a7f2d48c9e65b38d4a9f061,CS081,S201,,CS081,included,no,reclamation_or_aba,1,title-screen,,,,Keyword score is prioritization only; it is not an eligibility or exclusion decision.
CG0051,arxiv:2103.01538,20260731T091700Z-legacy-promotions-semanticscholar,Memory Reclamation for Recoverable Mutual Exclusion,2021,2021-03-02,,2103.01538,arXiv.org,semanticscholar,2c9b5a995badd45760d499137012da33243b5760,CS081,S201,,CS081,included,no,reclamation_or_aba,1,title-screen,,,,Keyword score is prioritization only; it is not an eligibility or exclusion decision.
CG0073,arxiv:2311.15250,20260731T091700Z-legacy-promotions-semanticscholar,"Rely/Guarantee, Refinement and the ABA Problem: Part 1",2023,2023-11-26,10.48550/arxiv.2311.15250,2311.15250,arXiv.org,semanticscholar,3cd995eb653ab66872279de1402883d37b6280ae,CS089,S209,,CS089,included,no,reclamation_or_aba,1,title-screen,,,,Keyword score is prioritization only; it is not an eligibility or exclusion decision.
CG0190,doi:10.1007/978-3-030-17184-1_4,20260731T091600Z-legacy-promotions-opencitations;20260731T091700Z-legacy-promotions-semanticscholar,Safe Deferred Memory Reclamation with Types,2019,2018-11-28,10.1007/978-3-030-17184-1_4,1811.11853,European Symposium on Programming,opencitations;semanticscholar,10.1007/978-3-030-17184-1_4;2b9eafe9194d8ec89eff93d1c667e516eefe56e4,CS101,S221,,CS101,included,no,reclamation_or_aba,1,title-screen,,,,Keyword score is prioritization only; it is not an eligibility or exclusion decision.
CG0193,doi:10.1007/978-3-030-27618-8_1,20260731T091700Z-legacy-promotions-semanticscholar,Looking into the Peak Memory Consumption of Epoch-Based Reclamation in Scalable in-Memory Database Systems,2019,2019-08-26,10.1007/978-3-030-27618-8_1,,International Conference on Database and Expert Systems Applications,semanticscholar,e2ad657ba3945cbdd5c5d27052f0b7fe42eb426e,CS081,S201,,CS081,included,no,reclamation_or_aba,1,title-screen,,,,Keyword score is prioritization only; it is not an eligibility or exclusion decision.
CG0485,doi:10.1007/978-3-642-37036-6_15,20260731T091600Z-legacy-promotions-opencitations;20260731T091700Z-legacy-promotions-semanticscholar,Verifying Concurrent Memory Reclamation Algorithms with Grace,2013,2013-03-16,10.1007/978-3-642-37036-6_15,,European Symposium on Programming,opencitations;semanticscholar,10.1007/978-3-642-37036-6_15;eee2a770af3ca6a88124b0a618114c258a92b9a0,CS081;CS089;CS094;CS095;CS101;CS103,S201;S209;S214;S215;S221;S223,CS094;CS095;CS103,CS081;CS089;CS101,included,no,reclamation_or_aba,1,title-screen,,,,Keyword score is prioritization only; it is not an eligibility or exclusion decision.
CG0650,doi:10.1016/j.jpdc.2007.04.010,20260731T091600Z-legacy-promotions-opencitations;20260731T091700Z-legacy-promotions-semanticscholar,Performance of memory reclamation for lockless synchronization,2007,2007-12-01,10.1016/j.jpdc.2007.04.010,,J. Parallel Distributed Comput.,opencitations;semanticscholar,10.1016/j.jpdc.2007.04.010;42fd424539fc40536cc44362cd324e5614ad86c6,CS081;CS094,S201;S214,CS094,CS081,included,no,reclamation_or_aba,1,title-screen,,,,Keyword score is prioritization only; it is not an eligibility or exclusion decision.
CG0746,doi:10.1109/ipdps.2006.1639261,20260731T091700Z-legacy-promotions-semanticscholar,Making lockless synchronization fast: performance implications of memory reclamation,2006,2006-04-25,10.1109/ipdps.2006.1639261,,Proceedings 20th IEEE International Parallel & Distributed Processing Symposium,semanticscholar,066dcd039e4c2a27c72a19a70a28475fb7ae557f,CS081,S201,,CS081,included,no,reclamation_or_aba,1,title-screen,,,,Keyword score is prioritization only; it is not an eligibility or exclusion decision.
CG0754,doi:10.1109/ipdps54959.2023.00021,20260731T091700Z-legacy-promotions-semanticscholar,Efficient Hardware Primitives for Immediate Memory Reclamation in Optimistic Data Structures,2023,2023-02-25,10.1109/ipdps54959.2023.00021,2302.12958,IEEE International Parallel and Distributed Processing Symposium,semanticscholar,7832dbb6f58ffa89b30dba86074adbff91c552e3,CS081,S201,,CS081,included,no,reclamation_or_aba,1,title-screen,,,,Keyword score is prioritization only; it is not an eligibility or exclusion decision.
CG0812,doi:10.1109/tpds.2009.60,20260731T091700Z-legacy-promotions-semanticscholar,Time and Space Lower Bounds for Implementations Using k-CAS,2005,2005-09-26,10.1109/tpds.2009.60,,IEEE Transactions on Parallel and Distributed Systems,semanticscholar,beb8f76c31f4a344cdca928198a68f3926bae0be,CS081,S201,,CS081,included,no,compare_exchange_or_cas,1,title-screen,,,,Keyword score is prioritization only; it is not an eligibility or exclusion decision.
CG0817,doi:10.1109/tpds.2021.3097901,20260731T091700Z-legacy-promotions-semanticscholar,Fast and Portable Concurrent FIFO Queues With Deterministic Memory Reclamation,2022,2022-03-01,10.1109/tpds.2021.3097901,,IEEE Transactions on Parallel and Distributed Systems,semanticscholar,fff748fa2691d7f524822f43779de841637f06fc,CS081,S201,,CS081,included,no,reclamation_or_aba,1,title-screen,,,,Keyword score is prioritization only; it is not an eligibility or exclusion decision.
CG0818,doi:10.1109/tpds.2023.3335671,20260731T091700Z-legacy-promotions-semanticscholar,"Simple, Fast and Widely Applicable Concurrent Memory Reclamation via Neutralization",2024,2024-02-01,10.1109/tpds.2023.3335671,,IEEE Transactions on Parallel and Distributed Systems,semanticscholar,4fc587b92212abadafe6fb4616173d58deca89a4,CS081,S201,,CS081,included,no,reclamation_or_aba,1,title-screen,,,,Keyword score is prioritization only; it is not an eligibility or exclusion decision.
CG1029,doi:10.1145/2592798.2592808,20260731T091700Z-legacy-promotions-semanticscholar,StackTrack: an automated transactional approach to concurrent memory reclamation,2014,2014-04-14,10.1145/2592798.2592808,,European Conference on Computer Systems,semanticscholar,d1aae79b6bd54d3c2da8c86d3f78f567f0feb584,CS081,S201,,CS081,included,no,reclamation_or_aba,1,title-screen,,,,Keyword score is prioritization only; it is not an eligibility or exclusion decision.
CG1064,doi:10.1145/2755573.2755600,20260731T091700Z-legacy-promotions-semanticscholar,ThreadScan: Automatic and Scalable Memory Reclamation,2015,2015-06-13,10.1145/2755573.2755600,,ACM Symposium on Parallelism in Algorithms and Architectures,semanticscholar,06f56b656758859833aa4103a934c30a6ac99600,CS081,S201,,CS081,included,no,reclamation_or_aba,1,title-screen,,,,Keyword score is prioritization only; it is not an eligibility or exclusion decision.
CG1103,doi:10.1145/2926697.2926699,20260731T091700Z-legacy-promotions-semanticscholar,Fast non-intrusive memory reclamation for highly-concurrent data structures,2016,2016-06-14,10.1145/2926697.2926699,,International Symposium on Mathematical Morphology and Its Application to Signal and Image Processing,semanticscholar,8085460933105498577e741a02185c0097e36711,CS081,S201,,CS081,included,no,reclamation_or_aba,1,title-screen,,,,Keyword score is prioritization only; it is not an eligibility or exclusion decision.
CG1109,doi:10.1145/2935764.2935790,20260731T091700Z-legacy-promotions-semanticscholar,Fast and Robust Memory Reclamation for Concurrent Data Structures,2016,2016-07-11,10.1145/2935764.2935790,,ACM Symposium on Parallelism in Algorithms and Architectures,semanticscholar,072cad08a6886c1800cb6144a8cfec4bced6f7d9,CS081,S201,,CS081,included,no,reclamation_or_aba,1,title-screen,,,,Keyword score is prioritization only; it is not an eligibility or exclusion decision.
CG1134,doi:10.1145/3064176.3064214,20260731T091700Z-legacy-promotions-semanticscholar,Forkscan: Conservative Memory Reclamation for Modern Operating Systems,2017,2017-04-23,10.1145/3064176.3064214,,European Conference on Computer Systems,semanticscholar,2ba74c38c70622c7cd8e99d61b7bc18401a18790,CS081,S201,,CS081,included,no,reclamation_or_aba,1,title-screen,,,,Keyword score is prioritization only; it is not an eligibility or exclusion decision.
CG1164,doi:10.1145/3178487.3178488,20260731T091700Z-legacy-promotions-semanticscholar,Interval-based memory reclamation,2018,2018-02-10,10.1145/3178487.3178488,,ACM SIGPLAN Symposium on Principles & Practice of Parallel Programming,semanticscholar,c8387e6dce336b0995127f9f07d4a3fc1fd46397,CS081,S201,,CS081,included,no,reclamation_or_aba,1,title-screen,,,,Keyword score is prioritization only; it is not an eligibility or exclusion decision.
CG1176,doi:10.1145/3210377.3210661,20260731T091700Z-legacy-promotions-semanticscholar,"Brief Announcement: Stamp-it, a more Thread-efficient, Concurrent Memory Reclamation Scheme in the C++ Memory Model",2018,2018-05-21,10.1145/3210377.3210661,,ACM Symposium on Parallelism in Algorithms and Architectures,semanticscholar,3f11b8b37bc7705271019617c4c02b90843fbfd2,CS081,S201,,CS081,included,no,reclamation_or_aba,1,title-screen,,,,Keyword score is prioritization only; it is not an eligibility or exclusion decision.
CG1226,doi:10.1145/3385412.3385978,20260731T091700Z-legacy-promotions-semanticscholar,A marriage of pointer- and epoch-based reclamation,2020,2020-06-06,10.1145/3385412.3385978,,ACM-SIGPLAN Symposium on Programming Language Design and Implementation,semanticscholar,55c7a2f26e47f9d98ad75da2ef7a6e53e583dc1e,CS081,S201,,CS081,included,no,reclamation_or_aba,1,title-screen,,,,Keyword score is prioritization only; it is not an eligibility or exclusion decision.
CG1234,doi:10.1145/3409964.3461817,20260731T091700Z-legacy-promotions-semanticscholar,VBR: Version Based Reclamation,2021,2021-07-06,10.1145/3409964.3461817,2107.13843,ACM Symposium on Parallelism in Algorithms and Architectures,semanticscholar,1659104adf9228009c960dd3fe58e8d2925fae8d,CS081,S201,,CS081,included,no,reclamation_or_aba,1,title-screen,,,,Keyword score is prioritization only; it is not an eligibility or exclusion decision.
CG1247,doi:10.1145/3437801.3441625,20260731T091700Z-legacy-promotions-semanticscholar,NBR: neutralization based reclamation,2020,2020-12-29,10.1145/3437801.3441625,2012.14542,ACM SIGPLAN Symposium on Principles & Practice of Parallel Programming,semanticscholar,793e8019802c3845840c5088ed265bffa7eb9547,CS081,S201,,CS081,included,no,reclamation_or_aba,1,title-screen,,,,Keyword score is prioritization only; it is not an eligibility or exclusion decision.
CG1287,doi:10.1145/3519939.3523730,20260731T091700Z-legacy-promotions-semanticscholar,Turning manual concurrent memory reclamation into automatic reference counting,2022,2022-04-12,10.1145/3519939.3523730,2204.05985,ACM-SIGPLAN Symposium on Programming Language Design and Implementation,semanticscholar,3fb83b49cb60b9f67d9b1ef2e85609df4a4c9961,CS081,S201,,CS081,included,no,reclamation_or_aba,1,title-screen,,,,Keyword score is prioritization only; it is not an eligibility or exclusion decision.
CG1315,doi:10.1145/3583668.3594564,20260731T091700Z-legacy-promotions-semanticscholar,The ERA Theorem for Safe Memory Reclamation,2022,2022-11-08,10.1145/3583668.3594564,2211.04351,ACM SIGPLAN Symposium on Principles & Practice of Parallel Programming,semanticscholar,615441eb700c92a2d1ada21718e03eea4c355abc,CS081,S201,,CS081,included,no,reclamation_or_aba,1,title-screen,,,,Keyword score is prioritization only; it is not an eligibility or exclusion decision.
CG1485,doi:10.4108/icst.collaboratecom.2011.247161,20260731T091600Z-legacy-promotions-opencitations;20260731T091700Z-legacy-promotions-semanticscholar,The ABA problem in multicore data structures with collaborating operations,2011,2011-10-01,10.4108/icst.collaboratecom.2011.247161,,International Conference on Collaborative Computing,opencitations;semanticscholar,10.4108/icst.collaboratecom.2011.247161;3caf534c7004e75f9495a3f2a054c5aa433c42f6,CS081;CS094,S201;S214,CS094,CS081,included,no,reclamation_or_aba,1,title-screen,,,,Keyword score is prioritization only; it is not an eligibility or exclusion decision.
CG0001,arxiv:1109.2638,20260731T091700Z-legacy-promotions-semanticscholar,Light-weight Locks,2011,2011-09-12,,1109.2638,arXiv.org,semanticscholar,ac4cb1a434abe0953ad4ff1e4d7ceda80fad4130,CS081,S201,,CS081,included,no,,0,title-screen,,,,Keyword score is prioritization only; it is not an eligibility or exclusion decision.
CG0002,arxiv:1112.1141,20260731T091700Z-legacy-promotions-semanticscholar,Highly-Concurrent Doubly-Linked Lists,2011,2011-12-05,,1112.1141,arXiv.org,semanticscholar,4d09aab256e858ba65db78e2eaaf0619cb1c63c7,CS081,S201,,CS081,included,no,,0,title-screen,,,,Keyword score is prioritization only; it is not an eligibility or exclusion decision.
CG0004,arxiv:1308.2881,20260731T091700Z-legacy-promotions-semanticscholar,Opacity of Memory Management in Software Transactional Memory,2013,2013-08-13,,1308.2881,arXiv.org,semanticscholar,785c98431d16d21ed6c3104b83d6e7f5ec7a55b1,CS081,S201,,CS081,included,no,,0,title-screen,,,,Keyword score is prioritization only; it is not an eligibility or exclusion decision.
CG0006,arxiv:1410.6268,20260731T091700Z-legacy-promotions-semanticscholar,Verifying linearizability: A comparative survey,2014,2014-10-23,,1410.6268,arXiv.org,semanticscholar,3869c2c796062898073d47163ab33804040d32a7,CS080;CS082;CS084;CS089;CS091;CS098;CS099;CS100;CS102;CS105,S200;S202;S204;S209;S211;S218;S219;S220;S222;S225,,CS080;CS082;CS084;CS089;CS091;CS098;CS099;CS100;CS102;CS105,included,no,,0,title-screen,,,,Keyword score is prioritization only; it is not an eligibility or exclusion decision.
CG0008,arxiv:1502.02725,20260731T091700Z-legacy-promotions-semanticscholar,Why Transactional Memory Should Not Be Obstruction-Free,2015,2015-02-09,,1502.02725,arXiv.org,semanticscholar,80994d29281c44133018dcd1780e36c5ef1d30ad,CS081,S201,,CS081,included,no,,0,title-screen,,,,Keyword score is prioritization only; it is not an eligibility or exclusion decision.
CG0009,arxiv:1502.02991,20260731T091700Z-legacy-promotions-semanticscholar,Simple Executions of Snapshot Implementations,2015,2015-02-10,,1502.02991,arXiv.org,semanticscholar,edbba111f82ba81e5eaa3c5f7851f2da847e68bc,CS082;CS096;CS097;CS099;CS100;CS102,S202;S216;S217;S219;S220;S222,,CS082;CS096;CS097;CS099;CS100;CS102,included,no,,0,title-screen,,,,Keyword score is prioritization only; it is not an eligibility or exclusion decision.
CG0010,arxiv:1504.08309,20260731T091700Z-legacy-promotions-semanticscholar,Refining Existential Properties in Separation Logic Analyses,2015,2015-04-30,,1504.08309,arXiv.org,semanticscholar,6292129d62bddc20b640c05207fb887bd094c8b1,CS099,S219,,CS099,included,no,,0,title-screen,,,,Keyword score is prioritization only; it is not an eligibility or exclusion decision.
CG0011,arxiv:1509.06948,20260731T091700Z-legacy-promotions-semanticscholar,Dynamic concurrent van Emde Boas array,2015,2015-09-23,,1509.06948,arXiv.org,semanticscholar,2220e34edbdee1c2b1190313e1be96a0e01d77e0,CS081,S201,,CS081,included,no,,0,title-screen,,,,Keyword score is prioritization only; it is not an eligibility or exclusion decision.
CG0012,arxiv:1509.07053,20260731T091700Z-legacy-promotions-semanticscholar,Practical Concurrent Priority Queues,2015,2015-09-23,,1509.07053,arXiv.org,semanticscholar,993100312da618b59e7d502a814d1083a7462cb7,CS081,S201,,CS081,included,no,,0,title-screen,,,,Keyword score is prioritization only; it is not an eligibility or exclusion decision.
CG0013,arxiv:1511.01779,20260731T091700Z-legacy-promotions-semanticscholar,On the cost of concurrency in transactional memory,2015,2015-11-05,,1511.01779,arXiv.org,semanticscholar,8a8351c2e0a361975e5358a193ab74983c5d2ca5,CS081,S201,,CS081,included,no,,0,title-screen,,,,Keyword score is prioritization only; it is not an eligibility or exclusion decision.
CG0014,arxiv:1511.07267,20260731T091700Z-legacy-promotions-semanticscholar,"Local Reasoning with First-Class Heaps, and a New Frame Rule",2015,2015-11-23,,1511.07267,arXiv.org,semanticscholar,6c4f3c4745eac58a2190bec300571c279e4f0ed6,CS085,S205,,CS085,included,no,,0,title-screen,,,,Keyword score is prioritization only; it is not an eligibility or exclusion decision.
CG0017,arxiv:1603.05047,20260731T091700Z-legacy-promotions-semanticscholar,Benchmarking Concurrent Priority Queues: Performance of k-LSM and Related Data Structures,2016,2016-03-16,,1603.05047,arXiv.org,semanticscholar,927cb7615dc3547c4d2d0749ca3551a2d8572545,CS081,S201,,CS081,included,no,,0,title-screen,,,,Keyword score is prioritization only; it is not an eligibility or exclusion decision.
CG0018,arxiv:1606.01400,20260731T091700Z-legacy-promotions-semanticscholar,Operational Aspects of C/C++ Concurrency,2016,2016-06-04,,1606.01400,arXiv.org,semanticscholar,e6126481b828526ab8d1b010d1491fbe46025365,CS103,S223,,CS103,included,no,,0,title-screen,,,,Keyword score is prioritization only; it is not an eligibility or exclusion decision.
CG0019,arxiv:1609.01171,20260731T091700Z-legacy-promotions-semanticscholar,A Generic Logic for Proving Linearizability (Extended Version),2016,2016-09-05,,1609.01171,arXiv.org,semanticscholar,35d29c0c3c0e374b5c54569d9fbdaa4ff0cfada7,CS079;CS089;CS103,S199;S209;S223,,CS079;CS089;CS103,included,no,,0,title-screen,,,,Keyword score is prioritization only; it is not an eligibility or exclusion decision.
CG0020,arxiv:1609.07546,20260731T091700Z-legacy-promotions-semanticscholar,Proving Linearizability via Branching Bisimulation,2016,2016-09-24,,1609.07546,arXiv.org,semanticscholar,997fc9f3a91e565e2a884e0d5374e954d96bb6df,CS079;CS080;CS089;CS093;CS100;CS101,S199;S200;S209;S213;S220;S221,CS093,CS079;CS080;CS089;CS100;CS101,included,no,,0,title-screen,,,,Keyword score is prioritization only; it is not an eligibility or exclusion decision.
CG0021,arxiv:1610.01004,20260731T091700Z-legacy-promotions-semanticscholar,Reducing Opacity to Linearizability: A Sound and Complete Method,2016,2016-10-04,,1610.01004,arXiv.org,semanticscholar,8c30f025233721ade69e01ddc7437821ca7eca9b,CS100,S220,,CS100,included,no,,0,title-screen,,,,Keyword score is prioritization only; it is not an eligibility or exclusion decision.
CG0022,arxiv:1701.00854,20260731T091700Z-legacy-promotions-semanticscholar,"Is Parallel Programming Hard, And, If So, What Can You Do About It?",2017,2017-01-03,,1701.00854,,semanticscholar,748d44be4e4c132bd2773c7f20c30b39af40c13a,CS081,S201,,CS081,included,no,,0,title-screen,,,,Keyword score is prioritization only; it is not an eligibility or exclusion decision.
CG0024,arxiv:1702.02972,20260731T091700Z-legacy-promotions-semanticscholar,Trace Properties from Separation Logic Specifications,2017,2017-02-09,,1702.02972,arXiv.org,semanticscholar,68f68d466ea991d88b1d60d38f37baa8196d7070,CS101;CS103,S221;S223,,CS101;CS103,included,no,,0,title-screen,,,,Keyword score is prioritization only; it is not an eligibility or exclusion decision.
CG0025,arxiv:1705.02884,20260731T091700Z-legacy-promotions-semanticscholar,Proving Correctness of Concurrent Objects by Validating Linearization Points,2017,2017-05-08,,1705.02884,arXiv.org,semanticscholar,d2cd445c76c743b03fdf0d29299547427f1c317c,CS082;CS100,S202;S220,,CS082;CS100,included,no,,0,title-screen,,,,Keyword score is prioritization only; it is not an eligibility or exclusion decision.
CG0026,arxiv:1709.07741,20260731T091700Z-legacy-promotions-semanticscholar,Subjective Simulation as a Notion of Morphism for Composing Concurrent Resources,2017,2017-09-22,,1709.07741,arXiv.org,semanticscholar,3f3af9f7536cb2b22884500f2821c15d1c28e9c2,CS103,S223,,CS103,included,no,,0,title-screen,,,,Keyword score is prioritization only; it is not an eligibility or exclusion decision.
CG0027,arxiv:1710.03357,20260731T091700Z-legacy-promotions-semanticscholar,Proofs as Relational Invariants of Synthesized Execution Grammars,2017,2017-10-10,,1710.03357,arXiv.org,semanticscholar,ba72c050c478afb24f324307a6ce59dcbb0c5666,CS096,S216,,CS096,included,no,,0,title-screen,,,,Keyword score is prioritization only; it is not an eligibility or exclusion decision.
CG0030,arxiv:1801.00687,20260731T091700Z-legacy-promotions-semanticscholar,Scilla: a Smart Contract Intermediate-Level LAnguage,2018,2018-01-02,,1801.00687,arXiv.org,semanticscholar,98b72160003c136ed98de370fcbe3bfe2f757b13,CS085,S205,,CS085,included,no,,0,title-screen,,,,Keyword score is prioritization only; it is not an eligibility or exclusion decision.
CG0031,arxiv:1802.01220,20260731T091700Z-legacy-promotions-semanticscholar,The Effect Race in Fine-Grained Concurrency,2018,2018-02-05,,1802.01220,arXiv.org,semanticscholar,45e0c1cddd71e213a7e1a594397a756cdb5d5d76,CS089;CS093;CS100,S209;S213;S220,,CS089;CS093;CS100,included,no,,0,title-screen,,,,Keyword score is prioritization only; it is not an eligibility or exclusion decision.
CG0035,arxiv:1901.10541,20260731T091700Z-legacy-promotions-semanticscholar,Abstract I/O Specification,2019,2019-01-29,,1901.10541,arXiv.org,semanticscholar,da3644adeb72fe99d340b0f8a9410c5fdc0e2317,CS089,S209,,CS089,included,no,,0,title-screen,,,,Keyword score is prioritization only; it is not an eligibility or exclusion decision.
CG0037,arxiv:1905.06421,20260731T091700Z-legacy-promotions-semanticscholar,Quantifiability: Concurrent Correctness from First Principles,2019,2019-05-15,,1905.06421,arXiv.org,semanticscholar,eee572b8a4d54b1d034efd4bf0b4cfd67dcfe5b7,CS098,S218,,CS098,included,no,,0,title-screen,,,,Keyword score is prioritization only; it is not an eligibility or exclusion decision.
CG0038,arxiv:1907.02669,20260731T091700Z-legacy-promotions-semanticscholar,On the Cost of Concurrency in Hybrid Transactional Memory,2019,2019-07-05,,1907.02669,arXiv.org,semanticscholar,fe0eac0ce85cd26abe0d6e5ad370fcb284ac5465,CS081,S201,,CS081,included,no,,0,title-screen,,,,Keyword score is prioritization only; it is not an eligibility or exclusion decision.
CG0039,arxiv:1908.05845,20260731T091700Z-legacy-promotions-semanticscholar,Memory-Efficient Object-Oriented Programming on GPUs,2019,2019-08-16,,1908.05845,arXiv.org,semanticscholar,547fac007071c2a76428327e14643ee06692784e,CS081,S201,,CS081,included,no,,0,title-screen,,,,Keyword score is prioritization only; it is not an eligibility or exclusion decision.
CG0041,arxiv:1908.10740,20260731T091700Z-legacy-promotions-semanticscholar,Kernel/User-level Collaborative Persistent Memory File System with Efficiency and Protection,2019,2019-08-28,,1908.10740,arXiv.org,semanticscholar,f33434f1798e20a8e21939481f93589b4873a065,CS081,S201,,CS081,included,no,,0,title-screen,,,,Keyword score is prioritization only; it is not an eligibility or exclusion decision.
CG0043,arxiv:2003.07395,20260731T091700Z-legacy-promotions-semanticscholar,Adapting Persistent Data Structures for Concurrency and Speculation,2020,2020-03-16,,2003.07395,arXiv.org,semanticscholar,963171e5cf3e22cfa96311bb9ad3834e6c82b479,CS081,S201,,CS081,included,no,,0,title-screen,,,,Keyword score is prioritization only; it is not an eligibility or exclusion decision.
CG0045,arxiv:2007.02372,20260731T091700Z-legacy-promotions-semanticscholar,Constant-Time Lazy Snapshots Supporting General Queries on Concurrent Data Structures,2020,2020-07-05,,2007.02372,arXiv.org,semanticscholar,b7c6c476ad816b231ef16eb577cb4ddd4067fea5,CS081,S201,,CS081,included,no,,0,title-screen,,,,Keyword score is prioritization only; it is not an eligibility or exclusion decision.
CG0046,arxiv:2007.12015,20260731T091700Z-legacy-promotions-semanticscholar,Dataflow Analysis With Prophecy and History Variables,2020,2020-07-23,,2007.12015,arXiv.org,semanticscholar,7cb640fe6542ef83077b6035850a7719efb556a3,CS089,S209,,CS089,included,no,,0,title-screen,,,,Keyword score is prioritization only; it is not an eligibility or exclusion decision.
CG0047,arxiv:2008.04296,20260731T091700Z-legacy-promotions-semanticscholar,Concurrent Fixed-Size Allocation and Free in Constant Time,2020,2020-08-10,,2008.04296,arXiv.org,semanticscholar,f4e5c85e100fc90134f0bbb2a3af2b42b8bcb623,CS081,S201,,CS081,included,no,,0,title-screen,,,,Keyword score is prioritization only; it is not an eligibility or exclusion decision.
CG0048,arxiv:2009.00418,20260731T091700Z-legacy-promotions-semanticscholar,Machine Reasoning Explainability,2020,2020-09-01,,2009.00418,arXiv.org,semanticscholar,2e5ed0c6f7b0daac9985ca985035cbcafba0a417,CS106,S226,,CS106,included,no,,0,title-screen,,,,Keyword score is prioritization only; it is not an eligibility or exclusion decision.
CG0049,arxiv:2009.02775,20260731T091700Z-legacy-promotions-semanticscholar,A Thread-Local Semantics and Efficient Static Analyses for Race Free Programs,2020,2020-09-06,,2009.02775,arXiv.org,semanticscholar,72389bf6b7b503cff36422dd232c0b79fd8c5375,CS096,S216,,CS096,included,no,,0,title-screen,,,,Keyword score is prioritization only; it is not an eligibility or exclusion decision.
CG0050,arxiv:2009.13701,20260731T091700Z-legacy-promotions-semanticscholar,Montage: A General System for Buffered Durably Linearizable Data Structures,2020,2020-09-29,,2009.13701,arXiv.org,semanticscholar,69d950d1b8a10ad5c7562ca134b09ab2da400aea,CS081,S201,,CS081,included,no,,0,title-screen,,,,Keyword score is prioritization only; it is not an eligibility or exclusion decision.
CG0053,arxiv:2107.14509,20260731T091700Z-legacy-promotions-semanticscholar,On Strong Observational Refinement and Forward Simulation,2021,2021-07-30,,2107.14509,arXiv.org,semanticscholar,675173964e3b722a0fa5bb39ada9252d6b046b1f,CS098,S218,,CS098,included,no,,0,title-screen,,,,Keyword score is prioritization only; it is not an eligibility or exclusion decision.
CG0055,arxiv:2110.01465,20260731T091700Z-legacy-promotions-semanticscholar,Weakly Durable High-Performance Transactions,2021,2021-10-04,,2110.01465,arXiv.org,semanticscholar,55fccd74cb50f9caff36b798122ddd319b4ce587,CS081,S201,,CS081,included,no,,0,title-screen,,,,Keyword score is prioritization only; it is not an eligibility or exclusion decision.
CG0057,arxiv:2112.00068,20260731T091700Z-legacy-promotions-semanticscholar,Scaling Shared-Memory Data Structures as Distributed Global-View Data Structures in the Partitioned Global Address Space model,2021,2021-11-30,,2112.00068,arXiv.org,semanticscholar,9d6803c3ec066f5c8399bf13992d5ea20c0e3656,CS081,S201,,CS081,included,no,,0,title-screen,,,,Keyword score is prioritization only; it is not an eligibility or exclusion decision.
CG0059,arxiv:2207.02822,20260731T091700Z-legacy-promotions-semanticscholar,Towards Concurrent Quantitative Separation Logic,2022,2022-07-06,10.48550/arxiv.2207.02822,2207.02822,International Conference on Concurrency Theory,semanticscholar,8210c983cfe15452f158d72a84ab5def0e6fcade,CS081;CS101,S201;S221,,CS081;CS101,included,no,,0,title-screen,,,,Keyword score is prioritization only; it is not an eligibility or exclusion decision.
CG0062,arxiv:2208.00315,20260731T091700Z-legacy-promotions-semanticscholar,Implementing and Verifying Release-Acquire Transactional Memory (Extended Version),2022,2022-07-30,10.48550/arxiv.2208.00315,2208.00315,arXiv.org,semanticscholar,36ab7f598b92ffcfd79dfab7b2c8eeef7fa76730,CS078;CS079,S198;S199,,CS078;CS079,included,no,,0,title-screen,,,,Keyword score is prioritization only; it is not an eligibility or exclusion decision.
CG0065,arxiv:2301.05740,20260731T091700Z-legacy-promotions-semanticscholar,The Commutativity Quotients of Concurrent Objects,2023,,10.48550/arxiv.2301.05740,,arXiv.org,semanticscholar,224c8e153cd46884b385145d81c5332f39fb2191,CS089;CS099;CS102;CS103,S209;S219;S222;S223,,CS089;CS099;CS102;CS103,included,no,,0,title-screen,,,,Keyword score is prioritization only; it is not an eligibility or exclusion decision.
CG0066,arxiv:2302.00737,20260731T091700Z-legacy-promotions-semanticscholar,A Universal Technique for Machine-Certified Proofs of Linearizable Algorithms,2023,2023-02-01,10.48550/arxiv.2302.00737,2302.00737,arXiv.org,semanticscholar,1ecdd55e6ba4a9407f44c33398d3ed973142a155,CS082;CS097;CS099;CS100,S202;S217;S219;S220,,CS082;CS097;CS099;CS100,included,no,,0,title-screen,,,,Keyword score is prioritization only; it is not an eligibility or exclusion decision.
CG0067,arxiv:2304.04886,20260731T091700Z-legacy-promotions-semanticscholar,Make flows small again: revisiting the flow framework,2023,2023-04-10,10.48550/arxiv.2304.04886,2304.04886,International Conference on Tools and Algorithms for Construction and Analysis of Systems,semanticscholar,3fbf12e14934034334b586695b7ec55ad0b0d3c2,CS085,S205,,CS085,included,no,,0,title-screen,,,,Keyword score is prioritization only; it is not an eligibility or exclusion decision.
CG0068,arxiv:2305.08486,20260731T091700Z-legacy-promotions-semanticscholar,Rely-Guarantee Reasoning for Causally Consistent Shared Memory (Extended Version),2023,2023-05-15,10.48550/arxiv.2305.08486,2305.08486,International Conference on Computer Aided Verification,semanticscholar,7c36284ce2622cbb62af596f477a880d9b6e1dd0,CS089,S209,,CS089,included,no,,0,title-screen,,,,Keyword score is prioritization only; it is not an eligibility or exclusion decision.
CG0069,arxiv:2305.18225,20260731T091700Z-legacy-promotions-semanticscholar,Locksynth: Deriving Synchronization Code for Concurrent Data Structures with ASP,2023,2023-05-20,10.48550/arxiv.2305.18225,2305.18225,Theory and Practice of Logic Programming,semanticscholar,9ceb04ce9136c368fdbad449629a252149423e1b,CS086;CS089,S206;S209,,CS086;CS089,included,no,,0,title-screen,,,,Keyword score is prioritization only; it is not an eligibility or exclusion decision.
CG0071,arxiv:2309.04259,20260731T091700Z-legacy-promotions-semanticscholar,C++ Design Patterns for Low-latency Applications Including High-frequency Trading,2023,2023-09-08,10.48550/arxiv.2309.04259,2309.04259,arXiv.org,semanticscholar,1b6fa63c30b22fa62d4e62f08999030e4ffdf7f2,CS081,S201,,CS081,included,no,,0,title-screen,,,,Keyword score is prioritization only; it is not an eligibility or exclusion decision.
CG0072,arxiv:2310.14101,20260731T091700Z-legacy-promotions-semanticscholar,Parallel and Distributed Data Series Processing on Modern and Emerging Hardware,2023,2023-10-21,10.48550/arxiv.2310.14101,2310.14101,International ACM Conference on Management of Emergent Digital EcoSystems,semanticscholar,f02fe33eca7dc0e7d16158336e941036d0911916,CS081,S201,,CS081,included,no,,0,title-screen,,,,Keyword score is prioritization only; it is not an eligibility or exclusion decision.
CG0074,arxiv:2403.05607,20260731T091700Z-legacy-promotions-semanticscholar,Realizability in Semantics-Guided Synthesis Done Eagerly,2024,2024-03-08,10.48550/arxiv.2403.05607,2403.05607,arXiv.org,semanticscholar,3d26bdda24b188fa26004df821eaea97ba94b9bd,CS081,S201,,CS081,included,no,,0,title-screen,,,,Keyword score is prioritization only; it is not an eligibility or exclusion decision.
CG0075,arxiv:2403.12733,20260731T091700Z-legacy-promotions-semanticscholar,Small Scale Reflection for the Working Lean User,2024,2024-03-19,10.48550/arxiv.2403.12733,2403.12733,arXiv.org,semanticscholar,a1187cbb4a47ab7f8aaf59593536523e38344a34,CS085,S205,,CS085,included,no,,0,title-screen,,,,Keyword score is prioritization only; it is not an eligibility or exclusion decision.
CG0077,arxiv:2404.13359,20260731T091700Z-legacy-promotions-semanticscholar,Declarative Concurrent Data Structures,2024,2024-04-20,10.48550/arxiv.2404.13359,2404.13359,arXiv.org,semanticscholar,e042846ffe8737904c6df2ed6b6cfec99d7dbb78,CS081,S201,,CS081,included,no,,0,title-screen,,,,Keyword score is prioritization only; it is not an eligibility or exclusion decision.
CG0078,arxiv:2406.00884,20260731T091700Z-legacy-promotions-semanticscholar,An Iris for Expected Cost Analysis,2024,2024-06-02,10.48550/arxiv.2406.00884,2406.00884,arXiv.org,semanticscholar,f92cc4d491f4f3147972b577876da40219214539,CS087,S207,,CS087,included,no,,0,title-screen,,,,Keyword score is prioritization only; it is not an eligibility or exclusion decision.
CG0079,arxiv:2406.06900,20260731T091700Z-legacy-promotions-semanticscholar,SmartPQ: An Adaptive Concurrent Priority Queue for NUMA Architectures,2024,2024-06-11,10.48550/arxiv.2406.06900,2406.06900,arXiv.org,semanticscholar,d506faedcf30dc47b25d715bf1c42f6bb9bf2f87,CS081,S201,,CS081,included,no,,0,title-screen,,,,Keyword score is prioritization only; it is not an eligibility or exclusion decision.
CG0080,arxiv:2407.08070,20260731T091700Z-legacy-promotions-semanticscholar,Mover Logic: A Concurrent Program Logic for Reduction and Rely-Guarantee Reasoning (Extended Version),2024,2024-07-10,10.48550/arxiv.2407.08070,2407.08070,European Conference on Object-Oriented Programming,semanticscholar,9ea27326398a4a1fbc5864614d9c74e5a9f4dffd,CS089,S209,,CS089,included,no,,0,title-screen,,,,Keyword score is prioritization only; it is not an eligibility or exclusion decision.
CG0081,arxiv:2409.10235,20260731T091700Z-legacy-promotions-semanticscholar,Maintaining Distributed Data Structures in Dynamic Peer-to-Peer Networks,2024,2024-09-16,10.48550/arxiv.2409.10235,2409.10235,arXiv.org,semanticscholar,5a44a622afb6237cfbec17111cc994f33a3f20f6;a10fc01b9a6bf99d8b18e4367b7badfa1a010832,CS081,S201,,CS081,included,no,,0,title-screen,,,,Keyword score is prioritization only; it is not an eligibility or exclusion decision.
CG0082,arxiv:2508.13399,20260731T091700Z-legacy-promotions-semanticscholar,Concurrent Double-Ended Priority Queues,2025,2025-08-18,10.48550/arxiv.2508.13399,2508.13399,arXiv.org,semanticscholar,75554d33968dce1411eb0c10d1e533d693282797,CS081,S201,,CS081,included,no,,0,title-screen,,,,Keyword score is prioritization only; it is not an eligibility or exclusion decision.
CG0083,arxiv:2508.16023,20260731T091700Z-legacy-promotions-semanticscholar,PIPQ: Strict Insert-Optimized Concurrent Priority Queue,2025,2025-08-22,10.48550/arxiv.2508.16023,2508.16023,International Symposium on Distributed Computing,semanticscholar,70ab6788f829760d697d4686749f95a3b77f5a7b,CS081,S201,,CS081,included,no,,0,title-screen,,,,Keyword score is prioritization only; it is not an eligibility or exclusion decision.
CG0088,arxiv:2512.05159,20260731T091700Z-legacy-promotions-semanticscholar,Stellis: A Strategy Language for Purifying Separation Logic Entailments,2025,2025-12-04,10.48550/arxiv.2512.05159,2512.05159,arXiv.org,semanticscholar,07c3175cbecc6dd06cc2ddf6794e4a2fc101deed,CS086;CS087,S206;S207,,CS086;CS087,included,no,,0,title-screen,,,,Keyword score is prioritization only; it is not an eligibility or exclusion decision.
CG0089,arxiv:2512.06242,20260731T091700Z-legacy-promotions-semanticscholar,Reasoning about concurrent loops and recursion with rely-guarantee rules,2025,2025-12-06,10.48550/arxiv.2512.06242,2512.06242,arXiv.org,semanticscholar,56be3cb83011ba62d2d935f9fa602bf64d560077,CS089,S209,,CS089,included,no,,0,title-screen,,,,Keyword score is prioritization only; it is not an eligibility or exclusion decision.
CG0090,arxiv:2601.02653,20260731T091700Z-legacy-promotions-semanticscholar,Backwards Data-Flow Analysis using Prophecy Variables in the BuildIt System,2026,2026-01-06,10.48550/arxiv.2601.02653,2601.02653,arXiv.org,semanticscholar,57bef8512315aafcf12c5a0cb07fc009bab63020,CS089,S209,,CS089,included,no,,0,title-screen,,,,Keyword score is prioritization only; it is not an eligibility or exclusion decision.
CG0091,arxiv:2601.11646,20260731T091700Z-legacy-promotions-semanticscholar,A Forward Simulation-Based Hierarchy of Linearizable Concurrent Objects,2026,2026-01-15,10.48550/arxiv.2601.11646,2601.11646,arXiv.org,semanticscholar,d986bbaee565f6a9dd12ffec00633145632f1764,CS080;CS089;CS099,S200;S209;S219,,CS080;CS089;CS099,included,no,,0,title-screen,,,,Keyword score is prioritization only; it is not an eligibility or exclusion decision.
CG0092,arxiv:2601.15311,20260731T091700Z-legacy-promotions-semanticscholar,Aeon: High-Performance Neuro-Symbolic Memory Management for Long-Horizon LLM Agents,2026,2026-01-14,10.48550/arxiv.2601.15311,2601.15311,arXiv.org,semanticscholar,e1b4e7a03728ccd0a6bcade545ffbf3011c3d78d,CS081,S201,,CS081,included,no,,0,title-screen,,,,Keyword score is prioritization only; it is not an eligibility or exclusion decision.
CG0093,arxiv:2603.00378,20260731T091700Z-legacy-promotions-semanticscholar,OBASE: Object-Based Address-Space Engineering to Improve Memory Tiering,2026,2026-02-27,10.48550/arxiv.2603.00378,2603.00378,arXiv.org,semanticscholar,2544c7065a131018016a5e10024741997b68a54b,CS081,S201,,CS081,included,no,,0,title-screen,,,,Keyword score is prioritization only; it is not an eligibility or exclusion decision.
CG0094,arxiv:2606.28889,20260731T091700Z-legacy-promotions-semanticscholar,Concurrent Splay-Based Tree,2026,2026-06-27,,2606.28889,,semanticscholar,516c332593cafb555fd180febda11a62e9e8fc58,CS081,S201,,CS081,included,no,,0,title-screen,,,,Keyword score is prioritization only; it is not an eligibility or exclusion decision.
CG0097,arxiv:2607.11435,20260731T091700Z-legacy-promotions-semanticscholar,Completeness of Logical Atomicity for Linearizability in Concurrent Separation Logic,2026,2026-07-13,,2607.11435,,semanticscholar,9e966b5617ae830f4b87a5765d48b1b21a1e0189,CS087;CS089;CS099;CS100;CS105,S207;S209;S219;S220;S225,,CS087;CS089;CS099;CS100;CS105,included,no,,0,title-screen,,,,Keyword score is prioritization only; it is not an eligibility or exclusion decision.
CG0098,arxiv:2607.11611,20260731T091700Z-legacy-promotions-semanticscholar,Mizzle: A Complete Concurrent Incorrectness Logic for Preventing False Alarms in Agentic Bug Finding,2026,2026-07-13,,2607.11611,,semanticscholar,58a961133daaa661510dc71aba7ca54f4f07486e,CS100,S220,,CS100,included,no,,0,title-screen,,,,Keyword score is prioritization only; it is not an eligibility or exclusion decision.
CG0100,arxiv:2607.23033,20260731T091700Z-legacy-promotions-semanticscholar,Program Analysis with Prophecy and History Variables in the Nexis Compiler,2026,2026-07-25,,2607.23033,,semanticscholar,8867693d42799c4d95e5a8e31f19148f59e11e30,CS089,S209,,CS089,included,no,,0,title-screen,,,,Keyword score is prioritization only; it is not an eligibility or exclusion decision.
CG0101,arxiv:cs/0609104,20260731T091700Z-legacy-promotions-semanticscholar,On Verifying Complex Properties using Symbolic Shape Analysis,2006,2006-09-18,,cs/0609104,arXiv.org,semanticscholar,1f49f3f50b5bc1c81c0677eb88c50d3d17e4705e,CS088,S208,CS088,,included,no,,0,title-screen,,,,Keyword score is prioritization only; it is not an eligibility or exclusion decision.
CG0102,doi:10.1002/0471478210,20260731T091600Z-legacy-promotions-opencitations,,,,10.1002/0471478210,,,opencitations,10.1002/0471478210,CS082,S202,CS082,,unknown-date,no,,0,manual-date-check,,,,Keyword score is prioritization only; it is not an eligibility or exclusion decision.
CG0104,doi:10.1002/cpe.1261,20260731T091700Z-legacy-promotions-semanticscholar,Parallel object monitors,2008,2008-08-15,10.1002/cpe.1261,,Concurrency and Computation,semanticscholar,f1414a40d237b6a911f19f297ec7a94835fe251a,CS081,S201,,CS081,included,no,,0,title-screen,,,,Keyword score is prioritization only; it is not an eligibility or exclusion decision.
CG0105,doi:10.1002/cpe.2995,20260731T091700Z-legacy-promotions-semanticscholar,A concurrent van Emde Boas array as a fast and simple concurrent dynamic set alternative,2014,2014-02-01,10.1002/cpe.2995,,Concurrency and Computation,semanticscholar,6466775f598a59ff545812ef854e82f84cd54ff7,CS081,S201,,CS081,included,no,,0,title-screen,,,,Keyword score is prioritization only; it is not an eligibility or exclusion decision.
CG0106,doi:10.1002/cpe.3099,20260731T091700Z-legacy-promotions-semanticscholar,Scalable large‐scale fluid–structure interaction solvers in the Uintah framework via hybrid task‐based parallelism algorithms,2014,2014-05-01,10.1002/cpe.3099,,Concurrency and Computation,semanticscholar,c5e8e16dd2fd264e3cbe08206724cd0b6e738431,CS081,S201,,CS081,included,no,,0,title-screen,,,,Keyword score is prioritization only; it is not an eligibility or exclusion decision.
CG0107,doi:10.1002/cpe.3876,20260731T091700Z-legacy-promotions-semanticscholar,A skip list for multicore,2017,2017-02-25,10.1002/cpe.3876,,Concurrency and Computation,semanticscholar,26a1925975eea1c59cafd96c91eb016e3068307b,CS081,S201,,CS081,included,no,,0,title-screen,,,,Keyword score is prioritization only; it is not an eligibility or exclusion decision.
CG0108,doi:10.1002/cpe.3928,20260731T091600Z-legacy-promotions-opencitations;20260731T091700Z-legacy-promotions-semanticscholar,Testing for linearizability,2017,2017-02-25,10.1002/cpe.3928,,Concurrency and Computation,opencitations;semanticscholar,10.1002/cpe.3928;5fbff85af05714be32d463afcfc61850d6118276,CS084;CS100;CS105,S204;S220;S225,,CS084;CS100;CS105,included,no,,0,title-screen,,,,Keyword score is prioritization only; it is not an eligibility or exclusion decision.
CG0109,doi:10.1002/cpe.6174,20260731T091700Z-legacy-promotions-semanticscholar,RCU‐HTM: A generic synchronization technique for highly efficient concurrent search trees,2021,2021-01-12,10.1002/cpe.6174,,Concurrency and Computation,semanticscholar,7e04c5d4272eaaa58f988d114a0e2bfd83ef9065,CS081,S201,,CS081,included,no,,0,title-screen,,,,Keyword score is prioritization only; it is not an eligibility or exclusion decision.
CG0112,doi:10.1002/spe.2675,20260731T091700Z-legacy-promotions-semanticscholar,Cache‐aware design of general‐purpose Single‐Producer–Single‐Consumer queues,2018,2018-12-26,10.1002/spe.2675,,"Software, Practice & Experience",semanticscholar,3eb0524ad06165dc55120a1029b46dec968fea47,CS081,S201,,CS081,included,no,,0,title-screen,,,,Keyword score is prioritization only; it is not an eligibility or exclusion decision.
CG0113,doi:10.1006/inco.1995.1134,20260731T091700Z-legacy-promotions-semanticscholar,Forward and Backward Simulations: I. Untimed Systems,1995,1995-09-01,10.1006/inco.1995.1134,,Information and Computation,semanticscholar,1ccb3109b4ec5e18db55aa397cb052b5463becfa,CS105,S225,CS105,,included,no,,0,title-screen,,,,Keyword score is prioritization only; it is not an eligibility or exclusion decision.
CG0115,doi:10.1006/jpdc.2000.1621,20260731T091600Z-legacy-promotions-opencitations,,,,10.1006/jpdc.2000.1621,,,opencitations,10.1006/jpdc.2000.1621,CS102,S222,CS102,,unknown-date,no,,0,manual-date-check,,,,Keyword score is prioritization only; it is not an eligibility or exclusion decision.
CG0117,doi:10.1007/11415787_14,20260731T091600Z-legacy-promotions-opencitations,,,,10.1007/11415787_14,,,opencitations,10.1007/11415787_14,CS098,S218,CS098,,unknown-date,no,,0,manual-date-check,,,,Keyword score is prioritization only; it is not an eligibility or exclusion decision.
CG0118,doi:10.1007/11415787_3,20260731T091600Z-legacy-promotions-opencitations,,,,10.1007/11415787_3,,,opencitations,10.1007/11415787_3,CS084,S204,CS084,,unknown-date,no,,0,manual-date-check,,,,Keyword score is prioritization only; it is not an eligibility or exclusion decision.
CG0119,doi:10.1007/11513988_47,20260731T091700Z-legacy-promotions-semanticscholar,Data Structure Specifications via Local Equality Axioms,2005,2005-07-06,10.1007/11513988_47,,International Conference on Computer Aided Verification,semanticscholar,274730459e051d8967fd682fb2fe0a4917d175c8,CS088,S208,CS088,,included,no,,0,title-screen,,,,Keyword score is prioritization only; it is not an eligibility or exclusion decision.
CG0120,doi:10.1007/11532231_16,20260731T091700Z-legacy-promotions-semanticscholar,Hierarchic Reasoning in Local Theory Extensions,2005,2005-07-22,10.1007/11532231_16,,CADE,semanticscholar,94f495176044adbb21f65a686003e8436ba09041,CS088,S208,CS088,,included,no,,0,title-screen,,,,Keyword score is prioritization only; it is not an eligibility or exclusion decision.
CG0121,doi:10.1007/11532231_20,20260731T091700Z-legacy-promotions-semanticscholar,An Algorithm for Deciding BAPA: Boolean Algebra with Presburger Arithmetic,2005,2005-07-22,10.1007/11532231_20,,CADE,semanticscholar,07dca012441b14d65e0c3ba296ff9565b1183eeb,CS088,S208,CS088,,included,no,,0,title-screen,,,,Keyword score is prioritization only; it is not an eligibility or exclusion decision.
CG0122,doi:10.1007/11547662_19,20260731T091600Z-legacy-promotions-opencitations,,,,10.1007/11547662_19,,,opencitations,10.1007/11547662_19,CS097,S217,CS097,,unknown-date,no,,0,manual-date-check,,,,Keyword score is prioritization only; it is not an eligibility or exclusion decision.
CG0123,doi:10.1007/11552246_36,20260731T091700Z-legacy-promotions-semanticscholar,Collective Inspection of Regular Structures using a Swarm of Miniature Robots,2004,,10.1007/11552246_36,,International Symposium on Experimental Robotics,semanticscholar,8e75dc41af17f9535673e9fda2ce9dc77f92aee4,CS088,S208,CS088,,included,no,,0,title-screen,,,,Keyword score is prioritization only; it is not an eligibility or exclusion decision.
CG0124,doi:10.1007/11559306_3,20260731T091700Z-legacy-promotions-semanticscholar,Combining Data Structures with Nonstably Infinite Theories Using Many-Sorted Logic,2005,2005-09-19,10.1007/11559306_3,,International Symposium on Frontiers of Combining Systems,semanticscholar,17de0bf22e697f0f925e40f0d23b0690fa416e88,CS088,S208,CS088,,included,no,,0,title-screen,,,,Keyword score is prioritization only; it is not an eligibility or exclusion decision.
CG0126,doi:10.1007/11561927_26,20260731T091600Z-legacy-promotions-opencitations;20260731T091700Z-legacy-promotions-semanticscholar,Adaptive Software Transactional Memory,2005,2005-09-26,10.1007/11561927_26,,International Symposium on Distributed Computing,opencitations;semanticscholar,10.1007/11561927_26;2b4f701c1a17deb892217adc2ca1b769e3527370,CS081;CS104,S201;S224,CS104,CS081,included,no,,0,title-screen,,,,Keyword score is prioritization only; it is not an eligibility or exclusion decision.
CG0127,doi:10.1007/11561927_8,20260731T091600Z-legacy-promotions-opencitations,,,,10.1007/11561927_8,,,opencitations,10.1007/11561927_8,CS104,S224,CS104,,unknown-date,no,,0,manual-date-check,,,,Keyword score is prioritization only; it is not an eligibility or exclusion decision.
CG0128,doi:10.1007/11609773_14,20260731T091700Z-legacy-promotions-semanticscholar,A Logic and Decision Procedure for Predicate Abstraction of Heap-Manipulating Programs,2006,2006-01-08,10.1007/11609773_14,,"International Conference on Verification, Model Checking and Abstract Interpretation",semanticscholar,53d0f4d817d32eaeb747f04551c64ea4d1258f7f,CS088,S208,CS088,,included,no,,0,title-screen,,,,Keyword score is prioritization only; it is not an eligibility or exclusion decision.
CG0129,doi:10.1007/11609773_28,20260731T091700Z-legacy-promotions-semanticscholar,What's Decidable About Arrays?,2006,2006-01-08,10.1007/11609773_28,,"International Conference on Verification, Model Checking and Abstract Interpretation",semanticscholar,f4cce27b3d77b8dd858ae97e0c53481e89a416b1,CS088,S208,CS088,,included,no,,0,title-screen,,,,Keyword score is prioritization only; it is not an eligibility or exclusion decision.
CG0130,doi:10.1007/11609773_9,20260731T091600Z-legacy-promotions-opencitations,,,,10.1007/11609773_9,,,opencitations,10.1007/11609773_9,CS097,S217,CS097,,unknown-date,no,,0,manual-date-check,,,,Keyword score is prioritization only; it is not an eligibility or exclusion decision.
CG0131,doi:10.1007/11690634_7,20260731T091700Z-legacy-promotions-semanticscholar,A logic of reachable patterns in linked data-structures,2006,2006-03-25,10.1007/11690634_7,0705.3610,J. Log. Algebraic Methods Program.,semanticscholar,525099462cf3a240eb4587084e4211bc4d4444bd,CS088,S208,CS088,,included,no,,0,title-screen,,,,Keyword score is prioritization only; it is not an eligibility or exclusion decision.
CG0132,doi:10.1007/11691372_19,20260731T091600Z-legacy-promotions-opencitations,,,,10.1007/11691372_19,,,opencitations,10.1007/11691372_19,CS084;CS090;CS099,S204;S210;S219,CS084;CS090;CS099,,unknown-date,no,,0,manual-date-check,,,,Keyword score is prioritization only; it is not an eligibility or exclusion decision.
CG0133,doi:10.1007/11804192_17,20260731T091600Z-legacy-promotions-opencitations;20260731T091700Z-legacy-promotions-semanticscholar,Boogie: A Modular Reusable Verifier for Object-Oriented Programs,2005,2005-11-01,10.1007/11804192_17,,Formal Methods for Components and Objects,opencitations;semanticscholar,10.1007/11804192_17;31120ae4647ed520efa75ddcaaa3316966f4eff9,CS087,S207,CS087,,included,no,,0,title-screen,,,,Keyword score is prioritization only; it is not an eligibility or exclusion decision.
CG0134,doi:10.1007/11804192_6,20260731T091600Z-legacy-promotions-opencitations;20260731T091700Z-legacy-promotions-semanticscholar,Smallfoot: Modular Automatic Assertion Checking with Separation Logic,2005,2005-11-01,10.1007/11804192_6,,Formal Methods for Components and Objects,opencitations;semanticscholar,10.1007/11804192_6;db98d68cee3d782af0eec49e06a5a2e3dff30f08,CS086;CS088,S206;S208,CS086;CS088,,included,no,,0,title-screen,,,,Keyword score is prioritization only; it is not an eligibility or exclusion decision.
CG0135,doi:10.1007/11817963_37,20260731T091700Z-legacy-promotions-semanticscholar,Terminator: Beyond Safety,2006,2006-08-17,10.1007/11817963_37,,International Conference on Computer Aided Verification,semanticscholar,7cd3a532a17b87c6d4704279c7919affc99c7ad5,CS088,S208,CS088,,included,no,,0,title-screen,,,,Keyword score is prioritization only; it is not an eligibility or exclusion decision.
CG0138,doi:10.1007/11864219_13,20260731T091700Z-legacy-promotions-semanticscholar,Conflict Detection and Validation Strategies for Software Transactional Memory,2006,2006-09-18,10.1007/11864219_13,,International Symposium on Distributed Computing,semanticscholar,72277075c57f5443a16b111c314d8aad072df2dd,CS081,S201,,CS081,included,no,,0,title-screen,,,,Keyword score is prioritization only; it is not an eligibility or exclusion decision.
CG0139,doi:10.1007/11864219_14,20260731T091600Z-legacy-promotions-opencitations,,,,10.1007/11864219_14,,,opencitations,10.1007/11864219_14,CS101,S221,CS101,,unknown-date,no,,0,manual-date-check,,,,Keyword score is prioritization only; it is not an eligibility or exclusion decision.
CG0140,doi:10.1007/11888116_2,20260731T091600Z-legacy-promotions-opencitations,,,,10.1007/11888116_2,,,opencitations,10.1007/11888116_2,CS090,S210,CS090,,unknown-date,no,,0,manual-date-check,,,,Keyword score is prioritization only; it is not an eligibility or exclusion decision.
CG0142,doi:10.1007/11901433_23,20260731T091600Z-legacy-promotions-opencitations,,,,10.1007/11901433_23,,,opencitations,10.1007/11901433_23,CS084,S204,CS084,,unknown-date,no,,0,manual-date-check,,,,Keyword score is prioritization only; it is not an eligibility or exclusion decision.
CG0144,doi:10.1007/3-540-15648-8_16,20260731T091600Z-legacy-promotions-opencitations,,,,10.1007/3-540-15648-8_16,,,opencitations,10.1007/3-540-15648-8_16,CS101,S221,CS101,,unknown-date,no,,0,manual-date-check,,,,Keyword score is prioritization only; it is not an eligibility or exclusion decision.
CG0145,doi:10.1007/3-540-16442-1_14,20260731T091600Z-legacy-promotions-opencitations;20260731T091700Z-legacy-promotions-semanticscholar,Data Refinement Refined,1986,1986-03-17,10.1007/3-540-16442-1_14,,European Symposium on Programming,opencitations;semanticscholar,10.1007/3-540-16442-1_14;af22fa2b2f95f75be231a958f545026b5f621b92,CS078;CS105,S198;S225,CS078;CS105,,included,no,,0,title-screen,,,,Keyword score is prioritization only; it is not an eligibility or exclusion decision.
CG0146,doi:10.1007/3-540-36108-1_18,20260731T091600Z-legacy-promotions-opencitations;20260731T091700Z-legacy-promotions-semanticscholar,A Practical Multi-word Compare-and-Swap Operation,2002,2002-10-28,10.1007/3-540-36108-1_18,,International Symposium on Distributed Computing,opencitations;semanticscholar,10.1007/3-540-36108-1_18;b64f4ff88cdb7c5739dbfacbfe9ff590c8fe61ef,CS083;CS087;CS088;CS099;CS100;CS103,S203;S207;S208;S219;S220;S223,CS083;CS087;CS088;CS099;CS100;CS103,,included,no,,0,title-screen,,,,Keyword score is prioritization only; it is not an eligibility or exclusion decision.
CG0148,doi:10.1007/3-540-40026-5_4,20260731T091600Z-legacy-promotions-opencitations;20260731T091700Z-legacy-promotions-semanticscholar,Even Better DCAS-Based Concurrent Deques,2000,2000-10-04,10.1007/3-540-40026-5_4,,International Symposium on Distributed Computing,opencitations;semanticscholar,088f5f37f4f13c24003d2e000ea3cb62a530f353;10.1007/3-540-40026-5_4,CS105,S225,CS105,,included,no,,0,title-screen,,,,Keyword score is prioritization only; it is not an eligibility or exclusion decision.
CG0149,doi:10.1007/3-540-44404-1_7,20260731T091600Z-legacy-promotions-opencitations;20260731T091700Z-legacy-promotions-semanticscholar,A Tactic Language for the System Coq,2000,2000-11-06,10.1007/3-540-44404-1_7,,Logic Programming and Automated Reasoning,opencitations;semanticscholar,10.1007/3-540-44404-1_7;b756bfe06c39b12fa44eebf5941b4cef1cc698a1,CS086;CS087,S206;S207,CS086;CS087,,included,no,,0,title-screen,,,,Keyword score is prioritization only; it is not an eligibility or exclusion decision.
CG0151,doi:10.1007/3-540-44585-4_22,20260731T091700Z-legacy-promotions-semanticscholar,ICS: Integrated Canonizer and Solver,2001,2001-07-18,10.1007/3-540-44585-4_22,,International Conference on Computer Aided Verification,semanticscholar,c79b9a964c09d9abab594cdf61330f0fe058fe11,CS088,S208,CS088,,included,no,,0,title-screen,,,,Keyword score is prioritization only; it is not an eligibility or exclusion decision.
CG0152,doi:10.1007/3-540-44802-0_1,20260731T091700Z-legacy-promotions-semanticscholar,Local Reasoning about Programs that Alter Data Structures,2001,2001-09-10,10.1007/3-540-44802-0_1,,Annual Conference for Computer Science Logic,semanticscholar,219c95e028a1a8e2baebdecb8b998e12a03bc33b,CS088,S208,CS088,,included,no,,0,title-screen,,,,Keyword score is prioritization only; it is not an eligibility or exclusion decision.
CG0154,doi:10.1007/3-540-44880-2_10,20260731T091600Z-legacy-promotions-opencitations,,,,10.1007/3-540-44880-2_10,,,opencitations,10.1007/3-540-44880-2_10,CS098,S218,CS098,,unknown-date,no,,0,manual-date-check,,,,Keyword score is prioritization only; it is not an eligibility or exclusion decision.
CG0155,doi:10.1007/3-540-44898-5_4,20260731T091600Z-legacy-promotions-opencitations;20260731T091700Z-legacy-promotions-semanticscholar,Checking Interference with Fractional Permissions,2003,2003-06-11,10.1007/3-540-44898-5_4,,Sensors Applications Symposium,opencitations;semanticscholar,10.1007/3-540-44898-5_4;f744e6fe7b8d9f92205d3a407e0446369c5f02bd,CS086;CS091,S206;S211,CS086;CS091,,included,no,,0,title-screen,,,,Keyword score is prioritization only; it is not an eligibility or exclusion decision.
CG0157,doi:10.1007/3-540-45414-4_21,20260731T091600Z-legacy-promotions-opencitations,,,,10.1007/3-540-45414-4_21,,,opencitations,10.1007/3-540-45414-4_21,CS079,S199,CS079,,unknown-date,no,,0,manual-date-check,,,,Keyword score is prioritization only; it is not an eligibility or exclusion decision.
CG0158,doi:10.1007/3-540-45744-5_21,20260731T091600Z-legacy-promotions-opencitations;20260731T091700Z-legacy-promotions-semanticscholar,Bunched Logic Programming,2001,2001-06-18,10.1007/3-540-45744-5_21,,International Joint Conference on Automated Reasoning,opencitations;semanticscholar,10.1007/3-540-45744-5_21;6a5305c6ad63e8e427c7fabbaf7b87a43ae52919,CS086,S206,CS086,,included,no,,0,title-screen,,,,Keyword score is prioritization only; it is not an eligibility or exclusion decision.
CG0159,doi:10.1007/3-540-45937-5_16,20260731T091700Z-legacy-promotions-semanticscholar,CIL: Intermediate Language and Tools for Analysis and Transformation of C Programs,2002,2002-04-08,10.1007/3-540-45937-5_16,,International Conference on Compiler Construction,semanticscholar,585706dc56e146c8fb42228fc5cbe1de0bb0a69d,CS088,S208,CS088,,included,no,,0,title-screen,,,,Keyword score is prioritization only; it is not an eligibility or exclusion decision.
CG0162,doi:10.1007/3-540-48153-2_12,20260731T091600Z-legacy-promotions-opencitations,,,,10.1007/3-540-48153-2_12,,,opencitations,10.1007/3-540-48153-2_12,CS082,S202,CS082,,unknown-date,no,,0,manual-date-check,,,,Keyword score is prioritization only; it is not an eligibility or exclusion decision.
CG0164,doi:10.1007/3-540-48683-6_44,20260731T091700Z-legacy-promotions-semanticscholar,NUSMV: A New Symbolic Model Verifier,1999,1999-07-06,10.1007/3-540-48683-6_44,,International Conference on Computer Aided Verification,semanticscholar,5722334d94bbe04fb63e7ecbf72a2485d453ad19,CS088,S208,CS088,,included,no,,0,title-screen,,,,Keyword score is prioritization only; it is not an eligibility or exclusion decision.
CG0166,doi:10.1007/3-540-49099-x_2,20260731T091700Z-legacy-promotions-semanticscholar,A Decidable Logic for Describing Linked Data Structures,1999,1999-03-22,10.1007/3-540-49099-x_2,,European Symposium on Programming,semanticscholar,029ea16ee90e0f2605115039ec73585cbec605d8,CS088,S208,CS088,,included,no,,0,title-screen,,,,Keyword score is prioritization only; it is not an eligibility or exclusion decision.
CG0167,doi:10.1007/3-540-53479-2_17,20260731T091600Z-legacy-promotions-opencitations,,,,10.1007/3-540-53479-2_17,,,opencitations,10.1007/3-540-53479-2_17,CS083,S203,CS083,,unknown-date,no,,0,manual-date-check,,,,Keyword score is prioritization only; it is not an eligibility or exclusion decision.
CG0168,doi:10.1007/3-540-55179-4_25,20260731T091600Z-legacy-promotions-opencitations,,,,10.1007/3-540-55179-4_25,,,opencitations,10.1007/3-540-55179-4_25,CS082,S202,CS082,,unknown-date,no,,0,manual-date-check,,,,Keyword score is prioritization only; it is not an eligibility or exclusion decision.
CG0169,doi:10.1007/3-540-55844-6_142,20260731T091700Z-legacy-promotions-semanticscholar,Comparing the Galois Connection and Widening/Narrowing Approaches to Abstract Interpretation,1992,1992-08-26,10.1007/3-540-55844-6_142,,Symposium on Programming Language Implementation and Logic Programming,semanticscholar,7aa098a847d3c4aa04dda3ad90558bb8cff16f80,CS088,S208,CS088,,included,no,,0,title-screen,,,,Keyword score is prioritization only; it is not an eligibility or exclusion decision.
CG0170,doi:10.1007/3-540-56188-9,20260731T091700Z-legacy-promotions-semanticscholar,Distributed Algorithms,1992,,10.1007/3-540-56188-9,,Lecture Notes in Computer Science,semanticscholar,79fa5e51a519d30a19b3fd3accfa580cbd556b33,CS078;CS091,S198;S211,CS078;CS091,,included,no,,0,title-screen,,,,Keyword score is prioritization only; it is not an eligibility or exclusion decision.
CG0171,doi:10.1007/3-540-59293-8_237,20260731T091700Z-legacy-promotions-semanticscholar,STeP: The Stanford Temporal Prover,1995,1995-05-22,10.1007/3-540-59293-8_237,,Theory and Practice of Software Development,semanticscholar,60aefef6b1848a48b6a7e0b10167a8751d3ef098,CS088,S208,CS088,,included,no,,0,title-screen,,,,Keyword score is prioritization only; it is not an eligibility or exclusion decision.
CG0172,doi:10.1007/3-540-60218-6_30,20260731T091700Z-legacy-promotions-semanticscholar,Veryfying Parameterized Networks using Abstraction and Regular Languages,1995,1995-08-21,10.1007/3-540-60218-6_30,,International Conference on Concurrency Theory,semanticscholar,1c39f9a5112e96593abbe9d143163168360998d4,CS088,S208,CS088,,included,no,,0,title-screen,,,,Keyword score is prioritization only; it is not an eligibility or exclusion decision.
CG0173,doi:10.1007/3-540-60275-5_67,20260731T091600Z-legacy-promotions-opencitations,,,,10.1007/3-540-60275-5_67,,,opencitations,10.1007/3-540-60275-5_67,CS090,S210,CS090,,unknown-date,no,,0,manual-date-check,,,,Keyword score is prioritization only; it is not an eligibility or exclusion decision.
CG0176,doi:10.1007/3-540-63104-6_3,20260731T091700Z-legacy-promotions-semanticscholar,"A New Approach for Combining Decision Procedure for the Word Problem, and Its Connection to the Nelson-Oppen Combination Method",1997,1997-07-13,10.1007/3-540-63104-6_3,,CADE,semanticscholar,f6faba5d0662287bff00d49f6af08599ad2de2a5,CS088,S208,CS088,,included,no,,0,title-screen,,,,Keyword score is prioritization only; it is not an eligibility or exclusion decision.
CG0177,doi:10.1007/978-0-387-09753-4_9,20260731T091700Z-legacy-promotions-semanticscholar,Programming and Validation Techniques for Reliable Goal-driven Autonomic Software,2010,,10.1007/978-0-387-09753-4_9,,Autonomic Communication,semanticscholar,c21a4e332b7db0494d70810744da97fff4c7bb94,CS081,S201,,CS081,included,no,,0,title-screen,,,,Keyword score is prioritization only; it is not an eligibility or exclusion decision.
CG0178,doi:10.1007/978-0-387-21798-7_4,20260731T091600Z-legacy-promotions-opencitations,,,,10.1007/978-0-387-21798-7_4,,,opencitations,10.1007/978-0-387-21798-7_4,CS084,S204,CS084,,unknown-date,no,,0,manual-date-check,,,,Keyword score is prioritization only; it is not an eligibility or exclusion decision.
CG0179,doi:10.1007/978-0-387-30160-0_5537,20260731T091700Z-legacy-promotions-semanticscholar,Grasshopper,,,10.1007/978-0-387-30160-0_5537,,,semanticscholar,62747d169d711f8d31dd0871ca266e1bad45a56b,CS087,S207,CS087,,unknown-date,no,,0,manual-date-check,,,,Keyword score is prioritization only; it is not an eligibility or exclusion decision.
CG0180,doi:10.1007/978-0-387-35261-9_29,20260731T091600Z-legacy-promotions-opencitations,,,,10.1007/978-0-387-35261-9_29,,,opencitations,10.1007/978-0-387-35261-9_29,CS098,S218,CS098,,unknown-date,no,,0,manual-date-check,,,,Keyword score is prioritization only; it is not an eligibility or exclusion decision.
CG0181,doi:10.1007/978-1-4471-0257-1,20260731T091600Z-legacy-promotions-opencitations,,,,10.1007/978-1-4471-0257-1,,,opencitations,10.1007/978-1-4471-0257-1,CS084,S204,CS084,,unknown-date,no,,0,manual-date-check,,,,Keyword score is prioritization only; it is not an eligibility or exclusion decision.
CG0182,doi:10.1007/978-1-4471-5355-9_12,20260731T091600Z-legacy-promotions-opencitations;20260731T091700Z-legacy-promotions-semanticscholar,Non-Atomic Refinement,2014,2014,10.1007/978-1-4471-5355-9_12,,,opencitations;semanticscholar,10.1007/978-1-4471-5355-9_12;4f836c2bd60b79fcd2b905f944c8175809046c77,CS084;CS098;CS105,S204;S218;S225,,CS084;CS098;CS105,included,no,,0,title-screen,,,,Keyword score is prioritization only; it is not an eligibility or exclusion decision.
CG0183,doi:10.1007/978-1-4615-5265-9,20260731T091600Z-legacy-promotions-opencitations,,,,10.1007/978-1-4615-5265-9,,,opencitations,10.1007/978-1-4615-5265-9,CS098,S218,CS098,,unknown-date,no,,0,manual-date-check,,,,Keyword score is prioritization only; it is not an eligibility or exclusion decision.
CG0184,doi:10.1007/978-1-4757-3472-0_6,20260731T091600Z-legacy-promotions-opencitations,,,,10.1007/978-1-4757-3472-0_6,,,opencitations,10.1007/978-1-4757-3472-0_6,CS097,S217,CS097,,unknown-date,no,,0,manual-date-check,,,,Keyword score is prioritization only; it is not an eligibility or exclusion decision.
CG0185,doi:10.1007/978-1-84882-912-1_8,20260731T091600Z-legacy-promotions-opencitations,,,,10.1007/978-1-84882-912-1_8,,,opencitations,10.1007/978-1-84882-912-1_8,CS085,S205,CS085,,unknown-date,no,,0,manual-date-check,,,,Keyword score is prioritization only; it is not an eligibility or exclusion decision.
CG0186,doi:10.1007/978-3-030-02928-9_1,20260731T091700Z-legacy-promotions-semanticscholar,A Guide to Rely/Guarantee Thinking,2017,2017-04-17,10.1007/978-3-030-02928-9_1,,International School on Engineering Trustworthy Software Systems,semanticscholar,ad0b5bfc32033bc5aae77f9c0512362daf4d6820,CS089,S209,,CS089,included,no,,0,title-screen,,,,Keyword score is prioritization only; it is not an eligibility or exclusion decision.
CG0188,doi:10.1007/978-3-030-03418-4_22,20260731T091600Z-legacy-promotions-opencitations;20260731T091700Z-legacy-promotions-semanticscholar,Program Correctness by Transformation,2018,2018-11-05,10.1007/978-3-030-03418-4_22,,Leveraging Applications of Formal Methods,opencitations;semanticscholar,10.1007/978-3-030-03418-4_22;e895ea240d4b70b72d9a32a2e17f73d9e618a984,CS103,S223,,CS103,included,no,,0,title-screen,,,,Keyword score is prioritization only; it is not an eligibility or exclusion decision.
CG0189,doi:10.1007/978-3-030-05998-9_11,20260731T091600Z-legacy-promotions-opencitations;20260731T091700Z-legacy-promotions-semanticscholar,Distributed Protocol Combinators,2019,2019-01-14,10.1007/978-3-030-05998-9_11,,International Symposium on Practical Aspects of Declarative Languages,opencitations;semanticscholar,10.1007/978-3-030-05998-9_11;6ccc4bae8b114059e2fca40442c5b7a7e7e0d694,CS085,S205,,CS085,included,no,,0,title-screen,,,,Keyword score is prioritization only; it is not an eligibility or exclusion decision.
CG0191,doi:10.1007/978-3-030-22496-7_2,20260731T091700Z-legacy-promotions-semanticscholar,Check-Wait-Pounce: Increasing Transactional Data Structure Throughput by Delaying Transactions,2019,2019-06-17,10.1007/978-3-030-22496-7_2,,IFIP International Conference on Distributed Applications and Interoperable Systems,semanticscholar,9b208e802fdfabd7962f3557c5caaae94c3ab9f5,CS081,S201,,CS081,included,no,,0,title-screen,,,,Keyword score is prioritization only; it is not an eligibility or exclusion decision.
CG0192,doi:10.1007/978-3-030-25543-5_30,20260731T091600Z-legacy-promotions-opencitations;20260731T091700Z-legacy-promotions-semanticscholar,Violat: Generating Tests of Observational Refinement for Concurrent Objects,2019,2019-07-15,10.1007/978-3-030-25543-5_30,,International Conference on Computer Aided Verification,opencitations;semanticscholar,10.1007/978-3-030-25543-5_30;aeb04a842013aab07b1e3a3a482777d5d98729ad,CS100,S220,,CS100,included,no,,0,title-screen,,,,Keyword score is prioritization only; it is not an eligibility or exclusion decision.
CG0194,doi:10.1007/978-3-030-30942-8_12,20260731T091600Z-legacy-promotions-opencitations,,2019,2019,10.1007/978-3-030-30942-8_12,,,opencitations,10.1007/978-3-030-30942-8_12,CS100,S220,,CS100,included,no,,0,missing-title-manual-check,,,,Keyword score is prioritization only; it is not an eligibility or exclusion decision.
CG0196,doi:10.1007/978-3-030-32258-8_25,20260731T091700Z-legacy-promotions-semanticscholar,A Highly Scalable Index Structure for Multicore In-Memory Database Systems,2019,2019-10-07,10.1007/978-3-030-32258-8_25,,International Conference on Interaction Design and Children,semanticscholar,715d113d63146f7ae61490d2f45670c5508dd04a,CS081,S201,,CS081,included,no,,0,title-screen,,,,Keyword score is prioritization only; it is not an eligibility or exclusion decision.
CG0198,doi:10.1007/978-3-030-34992-9_6,20260731T091600Z-legacy-promotions-opencitations;20260731T091700Z-legacy-promotions-semanticscholar,Tasks in Modular Proofs of Concurrent Algorithms,2019,2019-09-12,10.1007/978-3-030-34992-9_6,1909.05537,Safety-critical Systems Symposium,opencitations;semanticscholar,10.1007/978-3-030-34992-9_6;3c3e64b991bb6f122848afa2e6256b79e711843d,CS102,S222,,CS102,included,no,,0,title-screen,,,,Keyword score is prioritization only; it is not an eligibility or exclusion decision.
CG0201,doi:10.1007/978-3-030-44914-8_11,20260731T091600Z-legacy-promotions-opencitations;20260731T091700Z-legacy-promotions-semanticscholar,Verifying Visibility-Based Weak Consistency,2020,2019-11-04,10.1007/978-3-030-44914-8_11,1911.01508,European Symposium on Programming,opencitations;semanticscholar,10.1007/978-3-030-44914-8_11;66f8168db46b938b5c59e6045b7efb19580f7987,CS085;CS099;CS100;CS102,S205;S219;S220;S222,,CS085;CS099;CS100;CS102,included,no,,0,title-screen,,,,Keyword score is prioritization only; it is not an eligibility or exclusion decision.
CG0202,doi:10.1007/978-3-030-44914-8_12,20260731T091700Z-legacy-promotions-semanticscholar,Local Reasoning for Global Graph Properties,2019,2019-11-19,10.1007/978-3-030-44914-8_12,1911.08632,European Symposium on Programming,semanticscholar,6e5bd6b2e56107e0897a1008cc40e1c0937a8eee,CS085;CS089,S205;S209,,CS085;CS089,included,no,,0,title-screen,,,,Keyword score is prioritization only; it is not an eligibility or exclusion decision.
CG0203,doi:10.1007/978-3-030-44914-8_13,20260731T091600Z-legacy-promotions-opencitations;20260731T091700Z-legacy-promotions-semanticscholar,Aneris: A Mechanised Logic for Modular Reasoning about Distributed Systems,2020,2020-04-18,10.1007/978-3-030-44914-8_13,,European Symposium on Programming,opencitations;semanticscholar,10.1007/978-3-030-44914-8_13;585c6c25e1b765e8426d9e3269175f82c6c85ec6,CS085,S205,,CS085,included,no,,0,title-screen,,,,Keyword score is prioritization only; it is not an eligibility or exclusion decision.
CG0204,doi:10.1007/978-3-030-44914-8_16,20260731T091600Z-legacy-promotions-opencitations;20260731T091700Z-legacy-promotions-semanticscholar,Connecting Higher-Order Separation Logic to a First-Order Outside World,2020,2020-04-18,10.1007/978-3-030-44914-8_16,,European Symposium on Programming,opencitations;semanticscholar,10.1007/978-3-030-44914-8_16;1580121b6afc8b41c5144d4ef210caab5ce9388c,CS103,S223,,CS103,included,no,,0,title-screen,,,,Keyword score is prioritization only; it is not an eligibility or exclusion decision.
CG0206,doi:10.1007/978-3-030-44914-8_22,20260731T091600Z-legacy-promotions-opencitations,,,,10.1007/978-3-030-44914-8_22,,,opencitations,10.1007/978-3-030-44914-8_22,CS094,S214,CS094,,unknown-date,no,,0,manual-date-check,,,,Keyword score is prioritization only; it is not an eligibility or exclusion decision.
CG0208,doi:10.1007/978-3-030-45237-7,20260731T091700Z-legacy-promotions-semanticscholar,"Tools and Algorithms for the Construction and Analysis of Systems: 26th International Conference, TACAS 2020, Held as Part of the European Joint Conferences on Theory and Practice of Software, ETAPS 2020, Dublin, Ireland, April 25–30, 2020, Proceedings, Part II",2020,,10.1007/978-3-030-45237-7,,International Conference on Tools and Algorithms for Construction and Analysis of Systems,semanticscholar,ec078be0b347e5e3000934d383c2af03e6454c2d,CS085,S205,,CS085,included,no,,0,title-screen,,,,Keyword score is prioritization only; it is not an eligibility or exclusion decision.
CG0210,doi:10.1007/978-3-030-51054-1_6,20260731T091600Z-legacy-promotions-opencitations;20260731T091700Z-legacy-promotions-semanticscholar,Deep Generation of Coq Lemma Names Using Elaborated Terms,2020,2020-04-16,10.1007/978-3-030-51054-1_6,2004.07761,International Joint Conference on Automated Reasoning,opencitations;semanticscholar,10.1007/978-3-030-51054-1_6;d41ba475eecab97f8de22c605ad2e953cde0e8e5,CS085,S205,,CS085,included,no,,0,title-screen,,,,Keyword score is prioritization only; it is not an eligibility or exclusion decision.
CG0211,doi:10.1007/978-3-030-51054-1_8,20260731T091600Z-legacy-promotions-opencitations;20260731T091700Z-legacy-promotions-semanticscholar,Validating Mathematical Structures,2020,2020-02-03,10.1007/978-3-030-51054-1_8,2002.00620,International Joint Conference on Automated Reasoning,opencitations;semanticscholar,10.1007/978-3-030-51054-1_8;bff3b7fca8038af074996c543a6bcaef292a180b,CS085,S205,,CS085,included,no,,0,title-screen,,,,Keyword score is prioritization only; it is not an eligibility or exclusion decision.
CG0212,doi:10.1007/978-3-030-52249-0_5,20260731T091700Z-legacy-promotions-semanticscholar,FERA: A Framework for Critical Assessment of Execution Monitoring Based Approaches for Finding Concurrency Bugs,2020,2020-07-16,10.1007/978-3-030-52249-0_5,,Sai,semanticscholar,366a7c69f3fb97327147e906ae716d849c660e75,CS081,S201,,CS081,included,no,,0,title-screen,,,,Keyword score is prioritization only; it is not an eligibility or exclusion decision.
CG0213,doi:10.1007/978-3-030-53288-8_14,20260731T091600Z-legacy-promotions-opencitations;20260731T091700Z-legacy-promotions-semanticscholar,Refinement for Structured Concurrent Programs,2020,2020-06-13,10.1007/978-3-030-53288-8_14,,International Conference on Computer Aided Verification,opencitations;semanticscholar,10.1007/978-3-030-53288-8_14;23da9bfd72be60dedc3c508e4d12e8fb5387d78d,CS100,S220,,CS100,included,no,,0,title-screen,,,,Keyword score is prioritization only; it is not an eligibility or exclusion decision.
CG0215,doi:10.1007/978-3-030-54997-8_22,20260731T091600Z-legacy-promotions-opencitations;20260731T091700Z-legacy-promotions-semanticscholar,Weakening Correctness and Linearizability for Concurrent Objects on Multicore Processors,2020,2019-10-07,10.1007/978-3-030-54997-8_22,,FM Workshops,opencitations;semanticscholar,10.1007/978-3-030-54997-8_22;f0b1ea3d4fd5b98b90cee3f560cb56376246fd08,CS078,S198,,CS078,included,no,,0,title-screen,,,,Keyword score is prioritization only; it is not an eligibility or exclusion decision.
CG0216,doi:10.1007/978-3-030-54997-8_3,20260731T091700Z-legacy-promotions-semanticscholar,Reasoning About Shared-Variable Concurrency: Interactions Between Research Threads,2019,2019-10-07,10.1007/978-3-030-54997-8_3,,FM Workshops,semanticscholar,5ebb58b3d2ce980e02364c233f63923f69309f6f,CS089,S209,,CS089,included,no,,0,title-screen,,,,Keyword score is prioritization only; it is not an eligibility or exclusion decision.
CG0217,doi:10.1007/978-3-030-59257-8,20260731T091700Z-legacy-promotions-semanticscholar,Understanding Programming Languages,2020,,10.1007/978-3-030-59257-8,,,semanticscholar,02576929d078211589eba218b0e2bf386a19ff5a,CS089,S209,,CS089,included,no,,0,title-screen,,,,Keyword score is prioritization only; it is not an eligibility or exclusion decision.
CG0218,doi:10.1007/978-3-030-59410-7_22,20260731T091700Z-legacy-promotions-semanticscholar,RS-store: A SkipList-Based Key-Value Store with Remote Direct Memory Access,2020,2020-09-24,10.1007/978-3-030-59410-7_22,,International Conference on Database Systems for Advanced Applications,semanticscholar,6ca26cd6ff5968316cf4c774d43367ff96f4a987,CS081,S201,,CS081,included,no,,0,title-screen,,,,Keyword score is prioritization only; it is not an eligibility or exclusion decision.
CG0219,doi:10.1007/978-3-030-59854-9,20260731T091700Z-legacy-promotions-semanticscholar,"Quantitative Evaluation of Systems: 17th International Conference, QEST 2020, Vienna, Austria, August 31 – September 3, 2020, Proceedings",2020,,10.1007/978-3-030-59854-9,,International Conference on Quantitative Evaluation of Systems,semanticscholar,57c2e3ac9e505ab317f58a561d45000a5a18b579,CS081,S201,,CS081,included,no,,0,title-screen,,,,Keyword score is prioritization only; it is not an eligibility or exclusion decision.
CG0220,doi:10.1007/978-3-030-59854-9_18,20260731T091700Z-legacy-promotions-semanticscholar,Entropy Measurement of Concurrent Disorder,2020,,10.1007/978-3-030-59854-9_18,,International Conference on Quantitative Evaluation of Systems,semanticscholar,ecaaf13a3de47248e111435e4fca2b72c50fe40a,CS081,S201,,CS081,included,no,,0,title-screen,,,,Keyword score is prioritization only; it is not an eligibility or exclusion decision.
CG0222,doi:10.1007/978-3-030-64276-1_4,20260731T091600Z-legacy-promotions-opencitations,,,,10.1007/978-3-030-64276-1_4,,,opencitations,10.1007/978-3-030-64276-1_4,CS095,S215,CS095,,unknown-date,no,,0,manual-date-check,,,,Keyword score is prioritization only; it is not an eligibility or exclusion decision.
CG0223,doi:10.1007/978-3-030-67067-2_5,20260731T091600Z-legacy-promotions-opencitations;20260731T091700Z-legacy-promotions-semanticscholar,Decomposing Data Structure Commutativity Proofs with $m\!n$-Differencing,2021,2021,10.1007/978-3-030-67067-2_5,,"International Conference on Verification, Model Checking and Abstract Interpretation",opencitations;semanticscholar,10.1007/978-3-030-67067-2_5;7dd6415a9bf83f90af485b33250ae8fd3d6a4776,CS100,S220,,CS100,included,no,,0,title-screen,,,,Keyword score is prioritization only; it is not an eligibility or exclusion decision.
CG0224,doi:10.1007/978-3-030-67067-2_8,20260731T091600Z-legacy-promotions-opencitations;20260731T091700Z-legacy-promotions-semanticscholar,Concurrent Correctness in Vector Space,2021,2021,10.1007/978-3-030-67067-2_8,,"International Conference on Verification, Model Checking and Abstract Interpretation",opencitations;semanticscholar,10.1007/978-3-030-67067-2_8;558d094f34d004f7bf6878ff4baf13a223e1a3e1,CS082;CS100,S202;S220,,CS082;CS100,included,no,,0,title-screen,,,,Keyword score is prioritization only; it is not an eligibility or exclusion decision.
CG0226,doi:10.1007/978-3-030-81685-8_14,20260731T091600Z-legacy-promotions-opencitations,,2021,2021,10.1007/978-3-030-81685-8_14,,,opencitations,10.1007/978-3-030-81685-8_14,CS106,S226,,CS106,included,no,,0,missing-title-manual-check,,,,Keyword score is prioritization only; it is not an eligibility or exclusion decision.
CG0227,doi:10.1007/978-3-030-81685-8_34,20260731T091600Z-legacy-promotions-opencitations;20260731T091700Z-legacy-promotions-semanticscholar,Product Programs in the Wild: Retrofitting Program Verifiers to Check Information Flow Security,2021,,10.1007/978-3-030-81685-8_34,,International Conference on Computer Aided Verification,opencitations;semanticscholar,10.1007/978-3-030-81685-8_34;dd1279417deb58d80b875165a07a415ef4b46c70,CS087,S207,CS087,,included,no,,0,title-screen,,,,Keyword score is prioritization only; it is not an eligibility or exclusion decision.
CG0228,doi:10.1007/978-3-030-81685-8_5,20260731T091700Z-legacy-promotions-semanticscholar,"Deductive Synthesis of Programs with Pointers: Techniques, Challenges, Opportunities - (Invited Paper)",2021,,10.1007/978-3-030-81685-8_5,,International Conference on Computer Aided Verification,semanticscholar,c680ae6a38cedf61f7404ee2c55c4453df784143,CS085,S205,,CS085,included,no,,0,title-screen,,,,Keyword score is prioritization only; it is not an eligibility or exclusion decision.
CG0229,doi:10.1007/978-3-030-85315-0_4,20260731T091600Z-legacy-promotions-opencitations;20260731T091700Z-legacy-promotions-semanticscholar,On the Correctness Problem for Serializability,2021,2021,10.1007/978-3-030-85315-0_4,,International Colloquium on Theoretical Aspects of Computing,opencitations;semanticscholar,10.1007/978-3-030-85315-0_4;acf9ad09a5ea0d4d10295761418b8d511e943577,CS082;CS100,S202;S220,,CS082;CS100,included,no,,0,title-screen,,,,Keyword score is prioritization only; it is not an eligibility or exclusion decision.
CG0231,doi:10.1007/978-3-030-88806-0_18,20260731T091600Z-legacy-promotions-opencitations;20260731T091700Z-legacy-promotions-semanticscholar,Improving Thread-Modular Abstract Interpretation,2021,2021-08-17,10.1007/978-3-030-88806-0_18,2108.07613,Sensors Applications Symposium,opencitations;semanticscholar,10.1007/978-3-030-88806-0_18;26d46ba2e66faa15ffc0a649e137de18e1b47b1e,CS085,S205,,CS085,included,no,,0,title-screen,,,,Keyword score is prioritization only; it is not an eligibility or exclusion decision.
CG0232,doi:10.1007/978-3-030-90870-6_13,20260731T091600Z-legacy-promotions-opencitations,,,,10.1007/978-3-030-90870-6_13,,,opencitations,10.1007/978-3-030-90870-6_13,CS094,S214,CS094,,unknown-date,no,,0,manual-date-check,,,,Keyword score is prioritization only; it is not an eligibility or exclusion decision.
CG0233,doi:10.1007/978-3-030-90870-6_22,20260731T091600Z-legacy-promotions-opencitations,,2021,2021,10.1007/978-3-030-90870-6_22,,,opencitations,10.1007/978-3-030-90870-6_22,CS086;CS087;CS100,S206;S207;S220,CS086;CS087,CS100,included,no,,0,missing-title-manual-check,,,,Keyword score is prioritization only; it is not an eligibility or exclusion decision.
CG0235,doi:10.1007/978-3-030-99336-8_10,20260731T091600Z-legacy-promotions-opencitations;20260731T091700Z-legacy-promotions-semanticscholar,Abstraction for Crash-Resilient Objects (Extended Version),2022,2021-11-06,10.1007/978-3-030-99336-8_10,2111.03881,European Symposium on Programming,opencitations;semanticscholar,10.1007/978-3-030-99336-8_10;5942e4d497fa85cd62870b2a87b1ef176781c849,CS079,S199,,CS079,included,no,,0,title-screen,,,,Keyword score is prioritization only; it is not an eligibility or exclusion decision.
CG0236,doi:10.1007/978-3-030-99336-8_6,20260731T091600Z-legacy-promotions-opencitations;20260731T091700Z-legacy-promotions-semanticscholar,Relaxed virtual memory in Armv8-A,2022,2022,10.1007/978-3-030-99336-8_6,,European Symposium on Programming,opencitations;semanticscholar,10.1007/978-3-030-99336-8_6;40addb24fe336acfc973f99e4e5f139e0c5573ad,CS106,S226,,CS106,included,no,,0,title-screen,,,,Keyword score is prioritization only; it is not an eligibility or exclusion decision.
CG0237,doi:10.1007/978-3-030-99336-8_9,20260731T091600Z-legacy-promotions-opencitations,,,,10.1007/978-3-030-99336-8_9,,,opencitations,10.1007/978-3-030-99336-8_9,CS094,S214,CS094,,unknown-date,no,,0,manual-date-check,,,,Keyword score is prioritization only; it is not an eligibility or exclusion decision.
CG0238,doi:10.1007/978-3-031-01719-3,20260731T091700Z-legacy-promotions-semanticscholar,Transactional Memory,2007,2007-01-12,10.1007/978-3-031-01719-3,,Synthesis Lectures on Computer Architecture,semanticscholar,a2827dfde067bbebae3532d64fa530fd591165f7,CS081,S201,,CS081,included,no,,0,title-screen,,,,Keyword score is prioritization only; it is not an eligibility or exclusion decision.
CG0239,doi:10.1007/978-3-031-01806-0,20260731T091600Z-legacy-promotions-opencitations,,,,10.1007/978-3-031-01806-0,,,opencitations,10.1007/978-3-031-01806-0,CS087,S207,CS087,,unknown-date,no,,0,manual-date-check,,,,Keyword score is prioritization only; it is not an eligibility or exclusion decision.
CG0240,doi:10.1007/978-3-031-21213-0_10,20260731T091600Z-legacy-promotions-opencitations,,2022,2022,10.1007/978-3-031-21213-0_10,,,opencitations,10.1007/978-3-031-21213-0_10,CS080,S200,,CS080,included,no,,0,missing-title-manual-check,,,,Keyword score is prioritization only; it is not an eligibility or exclusion decision.
CG0241,doi:10.1007/978-3-031-27481-7_17,20260731T091600Z-legacy-promotions-opencitations,,2023,2023,10.1007/978-3-031-27481-7_17,,,opencitations,10.1007/978-3-031-27481-7_17,CS106,S226,,CS106,included,no,,0,missing-title-manual-check,,,,Keyword score is prioritization only; it is not an eligibility or exclusion decision.
CG0242,doi:10.1007/978-3-031-27481-7_18,20260731T091600Z-legacy-promotions-opencitations,,2023,2023,10.1007/978-3-031-27481-7_18,,,opencitations,10.1007/978-3-031-27481-7_18,CS105;CS106,S225;S226,,CS105;CS106,included,no,,0,missing-title-manual-check,,,,Keyword score is prioritization only; it is not an eligibility or exclusion decision.
CG0243,doi:10.1007/978-3-031-33163-3_6,20260731T091600Z-legacy-promotions-opencitations,,2023,2023,10.1007/978-3-031-33163-3_6,,,opencitations,10.1007/978-3-031-33163-3_6,CS100,S220,,CS100,included,no,,0,missing-title-manual-check,,,,Keyword score is prioritization only; it is not an eligibility or exclusion decision.
CG0245,doi:10.1007/978-3-031-44245-2_15,20260731T091600Z-legacy-promotions-opencitations;20260731T091700Z-legacy-promotions-semanticscholar,A Product of Shape and Sequence Abstractions,2023,2023,10.1007/978-3-031-44245-2_15,,Sensors Applications Symposium,opencitations;semanticscholar,01e4e991a8fa70e98711e307716a9fb318097175;10.1007/978-3-031-44245-2_15,CS099,S219,,CS099,included,no,,0,title-screen,,,,Keyword score is prioritization only; it is not an eligibility or exclusion decision.
CG0249,doi:10.1007/978-3-031-75775-4_16,20260731T091600Z-legacy-promotions-opencitations,,2024,2024-11-13,10.1007/978-3-031-75775-4_16,,,opencitations,10.1007/978-3-031-75775-4_16,CS083,S203,,CS083,included,no,,0,missing-title-manual-check,,,,Keyword score is prioritization only; it is not an eligibility or exclusion decision.
CG0250,doi:10.1007/978-3-031-82700-6_4,20260731T091600Z-legacy-promotions-opencitations,,2025,2025,10.1007/978-3-031-82700-6_4,,,opencitations,10.1007/978-3-031-82700-6_4,CS085,S205,,CS085,included,no,,0,missing-title-manual-check,,,,Keyword score is prioritization only; it is not an eligibility or exclusion decision.
CG0251,doi:10.1007/978-3-031-92196-4_16,20260731T091600Z-legacy-promotions-opencitations,,2025,2025,10.1007/978-3-031-92196-4_16,,,opencitations,10.1007/978-3-031-92196-4_16,CS084;CS098,S204;S218,,CS084;CS098,included,no,,0,missing-title-manual-check,,,,Keyword score is prioritization only; it is not an eligibility or exclusion decision.
CG0252,doi:10.1007/978-3-031-98668-0_18,20260731T091600Z-legacy-promotions-opencitations,,2025,2025,10.1007/978-3-031-98668-0_18,,,opencitations,10.1007/978-3-031-98668-0_18,CS106,S226,,CS106,included,no,,0,missing-title-manual-check,,,,Keyword score is prioritization only; it is not an eligibility or exclusion decision.
CG0253,doi:10.1007/978-3-031-98668-0_3,20260731T091600Z-legacy-promotions-opencitations,,2025,2025,10.1007/978-3-031-98668-0_3,,,opencitations,10.1007/978-3-031-98668-0_3,CS097;CS100,S217;S220,,CS097;CS100,included,no,,0,missing-title-manual-check,,,,Keyword score is prioritization only; it is not an eligibility or exclusion decision.
CG0254,doi:10.1007/978-3-031-98668-0_4,20260731T091600Z-legacy-promotions-opencitations;20260731T091700Z-legacy-promotions-semanticscholar,Raven: An SMT-Based Concurrency Verifier,2025,2025,10.1007/978-3-031-98668-0_4,,International Conference on Computer Aided Verification,opencitations;semanticscholar,10.1007/978-3-031-98668-0_4;e83352a2e998f4bb51d7d975bc2af198a87942cb,CS086;CS087,S206;S207,,CS086;CS087,included,no,,0,title-screen,,,,Keyword score is prioritization only; it is not an eligibility or exclusion decision.
CG0255,doi:10.1007/978-3-031-98682-6_2,20260731T091600Z-legacy-promotions-opencitations,,2025,2025,10.1007/978-3-031-98682-6_2,,,opencitations,10.1007/978-3-031-98682-6_2,CS086,S206,,CS086,included,no,,0,missing-title-manual-check,,,,Keyword score is prioritization only; it is not an eligibility or exclusion decision.
CG0256,doi:10.1007/978-3-032-10794-7_7,20260731T091600Z-legacy-promotions-opencitations,,2025,2025-11-16,10.1007/978-3-032-10794-7_7,,,opencitations,10.1007/978-3-032-10794-7_7,CS082,S202,,CS082,included,no,,0,missing-title-manual-check,,,,Keyword score is prioritization only; it is not an eligibility or exclusion decision.
CG0257,doi:10.1007/978-3-0346-0145-0_16,20260731T091700Z-legacy-promotions-semanticscholar,Semantical Considerations on Modal Logic,2012,,10.1007/978-3-0346-0145-0_16,,,semanticscholar,0e9c0bde8bb08b807e212d7040cbf75eb8c052c3,CS088,S208,CS088,,included,no,,0,title-screen,,,,Keyword score is prioritization only; it is not an eligibility or exclusion decision.
CG0261,doi:10.1007/978-3-319-03850-6_15,20260731T091700Z-legacy-promotions-semanticscholar,A Skiplist-Based Concurrent Priority Queue with Minimal Memory Contention,2013,2013-12-16,10.1007/978-3-319-03850-6_15,,International Conference on Principles of Distributed Systems,semanticscholar,1b51e683c08582481b0e1a1af5714b3930f2880e,CS081,S201,,CS081,included,no,,0,title-screen,,,,Keyword score is prioritization only; it is not an eligibility or exclusion decision.
CG0262,doi:10.1007/978-3-319-06410-9_15,20260731T091600Z-legacy-promotions-opencitations;20260731T091700Z-legacy-promotions-semanticscholar,Quiescent Consistency: Defining and Verifying Relaxed Linearizability,2014,2014-05-12,10.1007/978-3-319-06410-9_15,,World Congress on Formal Methods,opencitations;semanticscholar,10.1007/978-3-319-06410-9_15;d8866f1a34388249db8d09af74c83f507993bf5a,CS084;CS105,S204;S225,,CS084;CS105,included,no,,0,title-screen,,,,Keyword score is prioritization only; it is not an eligibility or exclusion decision.
CG0267,doi:10.1007/978-3-319-08867-9_47,20260731T091600Z-legacy-promotions-opencitations;20260731T091700Z-legacy-promotions-semanticscholar,Automating Separation Logic with Trees and Data,2014,2014-07-18,10.1007/978-3-319-08867-9_47,,International Conference on Computer Aided Verification,opencitations;semanticscholar,0110129fb9402b1b76d70734dec55ff420171965;10.1007/978-3-319-08867-9_47,CS086,S206,CS086,,included,no,,0,title-screen,,,,Keyword score is prioritization only; it is not an eligibility or exclusion decision.
CG0268,doi:10.1007/978-3-319-08867-9_49,20260731T091700Z-legacy-promotions-semanticscholar,Yices 2.2,2014,2014-07-18,10.1007/978-3-319-08867-9_49,,International Conference on Computer Aided Verification,semanticscholar,c854a5fc3d13549d31006033902948902b058665,CS088,S208,CS088,,included,no,,0,title-screen,,,,Keyword score is prioritization only; it is not an eligibility or exclusion decision.
CG0269,doi:10.1007/978-3-319-08970-6_32,20260731T091600Z-legacy-promotions-opencitations,,,,10.1007/978-3-319-08970-6_32,,,opencitations,10.1007/978-3-319-08970-6_32,CS085,S205,CS085,,unknown-date,no,,0,manual-date-check,,,,Keyword score is prioritization only; it is not an eligibility or exclusion decision.
CG0270,doi:10.1007/978-3-319-10181-1_21,20260731T091600Z-legacy-promotions-opencitations;20260731T091700Z-legacy-promotions-semanticscholar,Verifying Linearizability on TSO Architectures,2014,2014-09-09,10.1007/978-3-319-10181-1_21,,International Conference on Integrated Formal Methods,opencitations;semanticscholar,10.1007/978-3-319-10181-1_21;de2046eccf6240b2c66528efc10fe8d4906f9141,CS084;CS089;CS098,S204;S209;S218,,CS084;CS089;CS098,included,no,,0,title-screen,,,,Keyword score is prioritization only; it is not an eligibility or exclusion decision.
CG0275,doi:10.1007/978-3-319-14720-8_4,20260731T091700Z-legacy-promotions-semanticscholar,Disjoint-Access Parallelism in Software Transactional Memory,2015,,10.1007/978-3-319-14720-8_4,,Transactional Memory,semanticscholar,a41f82363c7d816af12f18f15ceb76ddd7119ea1,CS081,S201,,CS081,included,no,,0,title-screen,,,,Keyword score is prioritization only; it is not an eligibility or exclusion decision.
CG0276,doi:10.1007/978-3-319-14720-8_5,20260731T091700Z-legacy-promotions-semanticscholar,Algorithmic Techniques in STM Design,2015,,10.1007/978-3-319-14720-8_5,,Transactional Memory,semanticscholar,3cee6ef0ae6dbc40d786476360a392b444d3aaae,CS081,S201,,CS081,included,no,,0,title-screen,,,,Keyword score is prioritization only; it is not an eligibility or exclusion decision.
CG0277,doi:10.1007/978-3-319-14720-8_7,20260731T091700Z-legacy-promotions-semanticscholar,Multi-versioning in Transactional Memory,2015,,10.1007/978-3-319-14720-8_7,,Transactional Memory,semanticscholar,042d24588b164e0c4c8180320250ccdb6eb06775,CS081,S201,,CS081,included,no,,0,title-screen,,,,Keyword score is prioritization only; it is not an eligibility or exclusion decision.
CG0278,doi:10.1007/978-3-319-15317-9_22,20260731T091600Z-legacy-promotions-opencitations;20260731T091700Z-legacy-promotions-semanticscholar,Admit Your Weakness: Verifying Correctness on TSO Architectures,2015,2014-09-09,10.1007/978-3-319-15317-9_22,,International Workshop on Formal Aspects of Component Software,opencitations;semanticscholar,10.1007/978-3-319-15317-9_22;18b144a97fba133cb20741748a2155a1210b9485,CS084;CS089,S204;S209,,CS084;CS089,included,no,,0,title-screen,,,,Keyword score is prioritization only; it is not an eligibility or exclusion decision.
CG0280,doi:10.1007/978-3-319-19195-9_4,20260731T091600Z-legacy-promotions-opencitations;20260731T091700Z-legacy-promotions-semanticscholar,Faster Linearizability Checking via P-Compositionality,2015,2015-04-01,10.1007/978-3-319-19195-9_4,1504.00204,Formal Techniques for (Networked and) Distributed Systems,opencitations;semanticscholar,10.1007/978-3-319-19195-9_4;d7c4af9de01293fcc37c798b3186a887074a3324,CS084;CS097;CS099;CS100;CS105,S204;S217;S219;S220;S225,,CS084;CS097;CS099;CS100;CS105,included,no,,0,title-screen,,,,Keyword score is prioritization only; it is not an eligibility or exclusion decision.
CG0281,doi:10.1007/978-3-319-19249-9_11,20260731T091700Z-legacy-promotions-semanticscholar,Verifying Opacity of a Transactional Mutex Lock,2015,2015-06-24,10.1007/978-3-319-19249-9_11,,World Congress on Formal Methods,semanticscholar,713ba83bad74f619c162d8d10bc7d4220f70804f,CS089,S209,,CS089,included,no,,0,title-screen,,,,Keyword score is prioritization only; it is not an eligibility or exclusion decision.
CG0283,doi:10.1007/978-3-319-19797-5_2,20260731T091700Z-legacy-promotions-semanticscholar,On Rely-Guarantee Reasoning,2015,2015-06-29,10.1007/978-3-319-19797-5_2,,International Conference on Mathematics of Program Construction,semanticscholar,53b612acd82e8650ba3a5e07a00e0085ee5be402,CS089,S209,,CS089,included,no,,0,title-screen,,,,Keyword score is prioritization only; it is not an eligibility or exclusion decision.
CG0285,doi:10.1007/978-3-319-21668-3_1,20260731T091600Z-legacy-promotions-opencitations;20260731T091700Z-legacy-promotions-semanticscholar,Poling: SMT Aided Linearizability Proofs,2015,2015-07-18,10.1007/978-3-319-21668-3_1,,International Conference on Computer Aided Verification,opencitations;semanticscholar,10.1007/978-3-319-21668-3_1;9e2979a681fd9ddc4b270566f7abc6c25c43dcf8,CS087;CS089;CS100;CS102,S207;S209;S220;S222,CS087,CS089;CS100;CS102,included,no,,0,title-screen,,,,Keyword score is prioritization only; it is not an eligibility or exclusion decision.
CG0286,doi:10.1007/978-3-319-21668-3_26,20260731T091600Z-legacy-promotions-opencitations;20260731T091700Z-legacy-promotions-semanticscholar,Automated and Modular Refinement Reasoning for Concurrent Programs,2015,2015-07-18,10.1007/978-3-319-21668-3_26,,International Conference on Computer Aided Verification,opencitations;semanticscholar,10.1007/978-3-319-21668-3_26;51173303167336a18a597b01c8bd929465413d28,CS087,S207,CS087,,included,no,,0,title-screen,,,,Keyword score is prioritization only; it is not an eligibility or exclusion decision.
CG0287,doi:10.1007/978-3-319-21668-3_9,20260731T091600Z-legacy-promotions-opencitations;20260731T091700Z-legacy-promotions-semanticscholar,Verifying Linearizability of Intel® Software Guard Extensions,2015,2015-07-18,10.1007/978-3-319-21668-3_9,,International Conference on Computer Aided Verification,opencitations;semanticscholar,10.1007/978-3-319-21668-3_9;ed54c8189b4c9e97410fce149db08ac08577065c,CS100,S220,,CS100,included,no,,0,title-screen,,,,Keyword score is prioritization only; it is not an eligibility or exclusion decision.
CG0288,doi:10.1007/978-3-319-21909-7_40,20260731T091700Z-legacy-promotions-semanticscholar,Progressive Transactional Memory in Time and Space,2015,2015-02-17,10.1007/978-3-319-21909-7_40,1502.04908,International Conference on Parallel Architectures and Compilation Techniques,semanticscholar,604054816c6bfe741241615d05bb4655d746383c,CS081,S201,,CS081,included,no,,0,title-screen,,,,Keyword score is prioritization only; it is not an eligibility or exclusion decision.
CG0289,doi:10.1007/978-3-319-22969-0_1,20260731T091700Z-legacy-promotions-semanticscholar,Reasoning about Separation Using Abstraction and Reification,2015,2015-09-07,10.1007/978-3-319-22969-0_1,,IEEE International Conference on Software Engineering and Formal Methods,semanticscholar,a5f656d0983f24510706bfb340e049dbb9d0cef2,CS089,S209,,CS089,included,no,,0,title-screen,,,,Keyword score is prioritization only; it is not an eligibility or exclusion decision.
CG0291,doi:10.1007/978-3-319-25942-0_10,20260731T091600Z-legacy-promotions-opencitations,,2015,2015,10.1007/978-3-319-25942-0_10,,,opencitations,10.1007/978-3-319-25942-0_10,CS090,S210,,CS090,included,no,,0,missing-title-manual-check,,,,Keyword score is prioritization only; it is not an eligibility or exclusion decision.
CG0292,doi:10.1007/978-3-319-26850-7_11,20260731T091600Z-legacy-promotions-opencitations;20260731T091700Z-legacy-promotions-semanticscholar,Verifying Concurrent Data Structures Using Data-Expansion,2015,2015-05-13,10.1007/978-3-319-26850-7_11,,International Conference on Networked Systems,opencitations;semanticscholar,10.1007/978-3-319-26850-7_11;1a9ac4124e900cd11d5d4542b97ce031dcaa819f,CS100,S220,,CS100,included,no,,0,title-screen,,,,Keyword score is prioritization only; it is not an eligibility or exclusion decision.
CG0293,doi:10.1007/978-3-319-26850-7_21,20260731T091600Z-legacy-promotions-opencitations,,2015,2015,10.1007/978-3-319-26850-7_21,,,opencitations,10.1007/978-3-319-26850-7_21,CS100,S220,,CS100,included,no,,0,missing-title-manual-check,,,,Keyword score is prioritization only; it is not an eligibility or exclusion decision.
CG0294,doi:10.1007/978-3-319-26850-7_30,20260731T091700Z-legacy-promotions-semanticscholar,A Thrifty Universal Construction,2015,2015-05-13,10.1007/978-3-319-26850-7_30,,International Conference on Networked Systems,semanticscholar,d185c6510e61017dc0edbc4eab91b575413061a1,CS081,S201,,CS081,included,no,,0,title-screen,,,,Keyword score is prioritization only; it is not an eligibility or exclusion decision.
CG0296,doi:10.1007/978-3-319-29778-1_3,20260731T091700Z-legacy-promotions-semanticscholar,Efficient Support for Range Queries and Range Updates Using Contention Adapting Search Trees,2015,2015-09-09,10.1007/978-3-319-29778-1_3,,International Workshop on Languages and Compilers for Parallel Computing,semanticscholar,5f46c94a9f05981f6bc2869bd236039790b08f46,CS081,S201,,CS081,included,no,,0,title-screen,,,,Keyword score is prioritization only; it is not an eligibility or exclusion decision.
CG0298,doi:10.1007/978-3-319-41591-8_4,20260731T091600Z-legacy-promotions-opencitations;20260731T091700Z-legacy-promotions-semanticscholar,Linearizability and Causality,2016,2016-04-22,10.1007/978-3-319-41591-8_4,1604.06734,IEEE International Conference on Software Engineering and Formal Methods,opencitations;semanticscholar,10.1007/978-3-319-41591-8_4;4a6eea6f22ae18c0065b2128a7aa41469fb92639,CS084,S204,,CS084,included,no,,0,title-screen,,,,Keyword score is prioritization only; it is not an eligibility or exclusion decision.
CG0301,doi:10.1007/978-3-319-43659-3_40,20260731T091700Z-legacy-promotions-semanticscholar,Multicore vs Manycore: The Energy Cost of Concurrency,2016,2016-08-24,10.1007/978-3-319-43659-3_40,,European Conference on Parallel Processing,semanticscholar,e8badfc75d7e80dae5977256d2758184a4e33dca,CS081,S201,,CS081,included,no,,0,title-screen,,,,Keyword score is prioritization only; it is not an eligibility or exclusion decision.
CG0302,doi:10.1007/978-3-319-46520-3_16,20260731T091600Z-legacy-promotions-opencitations;20260731T091700Z-legacy-promotions-semanticscholar,A Decision Procedure for Separation Logic in SMT,2016,2016-03-22,10.1007/978-3-319-46520-3_16,1603.06844,Automated Technology for Verification and Analysis,opencitations;semanticscholar,10.1007/978-3-319-46520-3_16;464a19ce0afb3404d277d5fd7414f4508e1df17b,CS086,S206,CS086,,included,no,,0,title-screen,,,,Keyword score is prioritization only; it is not an eligibility or exclusion decision.
CG0304,doi:10.1007/978-3-319-47958-3_17,20260731T091600Z-legacy-promotions-opencitations;20260731T091700Z-legacy-promotions-semanticscholar,Verifying Concurrent Graph Algorithms,2016,2016-11-21,10.1007/978-3-319-47958-3_17,,Asian Symposium on Programming Languages and Systems,opencitations;semanticscholar,10.1007/978-3-319-47958-3_17;5e2885f1a736cb8a5c4aa312be135be6508dbc6c,CS085,S205,,CS085,included,no,,0,title-screen,,,,Keyword score is prioritization only; it is not an eligibility or exclusion decision.
CG0306,doi:10.1007/978-3-319-48989-6_26,20260731T091600Z-legacy-promotions-opencitations;20260731T091700Z-legacy-promotions-semanticscholar,A Generic Logic for Proving Linearizability,2016,2016-11-09,10.1007/978-3-319-48989-6_26,,World Congress on Formal Methods,opencitations;semanticscholar,10.1007/978-3-319-48989-6_26;bc5825c7082077d54ac8dea2e068b3269ae83997,CS079;CS089;CS103,S199;S209;S223,,CS079;CS089;CS103,included,no,,0,title-screen,,,,Keyword score is prioritization only; it is not an eligibility or exclusion decision.
CG0308,doi:10.1007/978-3-319-52709-3_23,20260731T091700Z-legacy-promotions-semanticscholar,The Contention Avoiding Concurrent Priority Queue,2016,2016-09-28,10.1007/978-3-319-52709-3_23,,International Workshop on Languages and Compilers for Parallel Computing,semanticscholar,38e534bebcfa1232d4e990eaf5364b5ac8e2aeb8,CS081,S201,,CS081,included,no,,0,title-screen,,,,Keyword score is prioritization only; it is not an eligibility or exclusion decision.
CG0309,doi:10.1007/978-3-319-59647-1_30,20260731T091700Z-legacy-promotions-semanticscholar,Sequential Proximity - Towards Provably Scalable Concurrent Search Algorithms,2017,,10.1007/978-3-319-59647-1_30,,International Conference on Networked Systems,semanticscholar,0d685a58bc6e42b4eebd1d6b42504dfc6e874bc7,CS081,S201,,CS081,included,no,,0,title-screen,,,,Keyword score is prioritization only; it is not an eligibility or exclusion decision.
CG0310,doi:10.1007/978-3-319-60225-7_4,20260731T091700Z-legacy-promotions-semanticscholar,Proving Opacity via Linearizability: A Sound and Complete Method,2017,2017-06-19,10.1007/978-3-319-60225-7_4,,Formal Techniques for (Networked and) Distributed Systems,semanticscholar,231307703fde412b43d5783471b67721c5783b5a,CS089,S209,,CS089,included,no,,0,title-screen,,,,Keyword score is prioritization only; it is not an eligibility or exclusion decision.
CG0312,doi:10.1007/978-3-319-63046-5_29,20260731T091600Z-legacy-promotions-opencitations;20260731T091700Z-legacy-promotions-semanticscholar,Biabduction (and Related Problems) in Array Separation Logic,2016,2016-07-07,10.1007/978-3-319-63046-5_29,1607.01993,CADE,opencitations;semanticscholar,10.1007/978-3-319-63046-5_29;c057c127f8be31bca97f1b9fd18e00e304360a46,CS086,S206,CS086,,included,no,,0,title-screen,,,,Keyword score is prioritization only; it is not an eligibility or exclusion decision.
CG0314,doi:10.1007/978-3-319-63390-9_28,20260731T091600Z-legacy-promotions-opencitations;20260731T091700Z-legacy-promotions-semanticscholar,Proving Linearizability Using Forward Simulations,2017,2017-02-09,10.1007/978-3-319-63390-9_28,1702.02705,International Conference on Computer Aided Verification,opencitations;semanticscholar,10.1007/978-3-319-63390-9_28;3324a211eceac4cef21527433f57c2efe1d0c0d9,CS089;CS099;CS100;CS102,S209;S219;S220;S222,,CS089;CS099;CS100;CS102,included,no,,0,title-screen,,,,Keyword score is prioritization only; it is not an eligibility or exclusion decision.
CG0315,doi:10.1007/978-3-319-63390-9_7,20260731T091600Z-legacy-promotions-opencitations;20260731T091700Z-legacy-promotions-semanticscholar,SMTCoq: A Plug-In for Integrating SMT Solvers into Coq,2017,2017-07-24,10.1007/978-3-319-63390-9_7,,International Conference on Computer Aided Verification,opencitations;semanticscholar,0a977b239999f3c1e956dbecc933f434426c2a82;10.1007/978-3-319-63390-9_7,CS087,S207,CS087,,included,no,,0,title-screen,,,,Keyword score is prioritization only; it is not an eligibility or exclusion decision.
CG0316,doi:10.1007/978-3-319-66107-0,20260731T091700Z-legacy-promotions-semanticscholar,"Interactive Theorem Proving: 8th International Conference, ITP 2017, Brasília, Brazil, September 26–29, 2017, Proceedings",2017,,10.1007/978-3-319-66107-0,,,semanticscholar,84d719384728b0f81be72af53b6bc8e9bc3aa46d,CS085,S205,,CS085,included,no,,0,title-screen,,,,Keyword score is prioritization only; it is not an eligibility or exclusion decision.
CG0318,doi:10.1007/978-3-319-66107-0_31,20260731T091600Z-legacy-promotions-opencitations,,2017,2017,10.1007/978-3-319-66107-0_31,,,opencitations,10.1007/978-3-319-66107-0_31,CS085,S205,,CS085,included,no,,0,missing-title-manual-check,,,,Keyword score is prioritization only; it is not an eligibility or exclusion decision.
CG0319,doi:10.1007/978-3-319-66706-5,20260731T091700Z-legacy-promotions-semanticscholar,Static Analysis,2017,,10.1007/978-3-319-66706-5,,Lecture Notes in Computer Science,semanticscholar,ca444ffeed8e2c492a0eadc5b34dbd561ca4df61,CS097;CS099;CS100,S217;S219;S220,,CS097;CS099;CS100,included,no,,0,title-screen,,,,Keyword score is prioritization only; it is not an eligibility or exclusion decision.
CG0320,doi:10.1007/978-3-319-66706-5_13,20260731T091600Z-legacy-promotions-opencitations;20260731T091700Z-legacy-promotions-semanticscholar,Thread-Local Semantics and Its Efficient Sequential Abstractions for Race-Free Programs,2017,2017-08-30,10.1007/978-3-319-66706-5_13,,Sensors Applications Symposium,opencitations;semanticscholar,10.1007/978-3-319-66706-5_13;89a4d4d90b6b5475f7cbd6dcaf46e06395887a09,CS096,S216,,CS096,included,no,,0,title-screen,,,,Keyword score is prioritization only; it is not an eligibility or exclusion decision.
CG0321,doi:10.1007/978-3-319-66706-5_9,20260731T091600Z-legacy-promotions-opencitations;20260731T091700Z-legacy-promotions-semanticscholar,Effect Summaries for Thread-Modular Analysis,2017,2017-05-10,10.1007/978-3-319-66706-5_9,1705.03701,Sensors Applications Symposium,opencitations;semanticscholar,10.1007/978-3-319-66706-5_9;480e7a7b1f43fff2fc4cf66f8a79e76f80a6fdf6,CS097;CS099;CS100,S217;S219;S220,,CS097;CS099;CS100,included,no,,0,title-screen,,,,Keyword score is prioritization only; it is not an eligibility or exclusion decision.
CG0323,doi:10.1007/978-3-319-67952-5_11,20260731T091700Z-legacy-promotions-semanticscholar,A Concurrent Skip List Balanced on Search,2017,2017-08-29,10.1007/978-3-319-67952-5_11,,Advanced Parallel Programming Technologies,semanticscholar,e77f57f0c81127a74c1fbab2eb2f61cc0c19a9c0,CS081,S201,,CS081,included,no,,0,title-screen,,,,Keyword score is prioritization only; it is not an eligibility or exclusion decision.
CG0324,doi:10.1007/978-3-319-68690-5_14,20260731T091600Z-legacy-promotions-opencitations;20260731T091700Z-legacy-promotions-semanticscholar,A Certified Decision Procedure for Tree Shares,2017,2017-11-13,10.1007/978-3-319-68690-5_14,,IEEE International Conference on Formal Engineering Methods,opencitations;semanticscholar,10.1007/978-3-319-68690-5_14;76454f4e5201086b476b36a79763367e02916899,CS085,S205,,CS085,included,no,,0,title-screen,,,,Keyword score is prioritization only; it is not an eligibility or exclusion decision.
CG0325,doi:10.1007/978-3-319-68690-5_7,20260731T091600Z-legacy-promotions-opencitations;20260731T091700Z-legacy-promotions-semanticscholar,Improving the Scalability of Automatic Linearizability Checking in SPIN,2017,2017-11-13,10.1007/978-3-319-68690-5_7,,IEEE International Conference on Formal Engineering Methods,opencitations;semanticscholar,10.1007/978-3-319-68690-5_7;eb4186e1271b30243b19dc822c119af0b31f4829,CS082;CS099,S202;S219,,CS082;CS099,included,no,,0,title-screen,,,,Keyword score is prioritization only; it is not an eligibility or exclusion decision.
CG0326,doi:10.1007/978-3-319-69483-2_1,20260731T091700Z-legacy-promotions-semanticscholar,General Lessons from a Rely/Guarantee Development,2017,2017-10-23,10.1007/978-3-319-69483-2_1,,"International Symposium on Software Engineering: Theories, Tools, and Applications",semanticscholar,1754986230ef949a8843c62798508f12e24d9f6f,CS089,S209,,CS089,included,no,,0,title-screen,,,,Keyword score is prioritization only; it is not an eligibility or exclusion decision.
CG0327,doi:10.1007/978-3-319-70278-0_30,20260731T091600Z-legacy-promotions-opencitations;20260731T091700Z-legacy-promotions-semanticscholar,A Concurrent Perspective on Smart Contracts,2017,2017-02-17,10.1007/978-3-319-70278-0_30,1702.05511,Financial Cryptography Workshops,opencitations;semanticscholar,10.1007/978-3-319-70278-0_30;12d7923568bf4fa077c65fd5f93a0f42a9cc640d,CS085,S205,,CS085,included,no,,0,title-screen,,,,Keyword score is prioritization only; it is not an eligibility or exclusion decision.
CG0329,doi:10.1007/978-3-319-72308-2_12,20260731T091600Z-legacy-promotions-opencitations;20260731T091700Z-legacy-promotions-semanticscholar,An Abstraction Technique for Describing Concurrent Program Behaviour,2017,2017-07-22,10.1007/978-3-319-72308-2_12,,"Verified Software: Theories, Tools, Experiments",opencitations;semanticscholar,10.1007/978-3-319-72308-2_12;d64a9ea85b4b0d455542050f2b487fd19ff7da7c,CS085;CS086;CS103,S205;S206;S223,CS086,CS085;CS103,included,no,,0,title-screen,,,,Keyword score is prioritization only; it is not an eligibility or exclusion decision.
CG0332,doi:10.1007/978-3-319-73721-8_9,20260731T091600Z-legacy-promotions-opencitations;20260731T091700Z-legacy-promotions-semanticscholar,On abstraction and compositionality for weak-memory linearisability,2018,2018-01-07,10.1007/978-3-319-73721-8_9,,"International Conference on Verification, Model Checking and Abstract Interpretation",opencitations;semanticscholar,10.1007/978-3-319-73721-8_9;1d366a0f5938161401df732f421025ee3ae20faa,CS078;CS079;CS080,S198;S199;S200,,CS078;CS079;CS080,included,no,,0,title-screen,,,,Keyword score is prioritization only; it is not an eligibility or exclusion decision.
CG0333,doi:10.1007/978-3-319-89884-1,20260731T091700Z-legacy-promotions-semanticscholar,Programming Languages and Systems,2018,,10.1007/978-3-319-89884-1,,Lecture Notes in Computer Science,semanticscholar,e4eabbcd7ecc1ba3cf68e7ff9ecfb836c28bd22c,CS085;CS089,S205;S209,,CS085;CS089,included,no,,0,title-screen,,,,Keyword score is prioritization only; it is not an eligibility or exclusion decision.
CG0334,doi:10.1007/978-3-319-89884-1_13,20260731T091600Z-legacy-promotions-opencitations,,,,10.1007/978-3-319-89884-1_13,,,opencitations,10.1007/978-3-319-89884-1_13,CS094,S214,CS094,,unknown-date,no,,0,manual-date-check,,,,Keyword score is prioritization only; it is not an eligibility or exclusion decision.
CG0335,doi:10.1007/978-3-319-89884-1_14,20260731T091700Z-legacy-promotions-semanticscholar,Logical Reasoning for Disjoint Permissions,2018,2018-04-16,10.1007/978-3-319-89884-1_14,,European Symposium on Programming,semanticscholar,deec41593847912af9c13beec832db8a022b5435,CS085;CS089,S205;S209,,CS085;CS089,included,no,,0,title-screen,,,,Keyword score is prioritization only; it is not an eligibility or exclusion decision.
CG0336,doi:10.1007/978-3-319-89884-1_16,20260731T091600Z-legacy-promotions-opencitations;20260731T091700Z-legacy-promotions-semanticscholar,Fragment Abstraction for Concurrent Shape Analysis,2018,2018-04-16,10.1007/978-3-319-89884-1_16,,European Symposium on Programming,opencitations;semanticscholar,10.1007/978-3-319-89884-1_16;f0db09e922cc3973a2f95bd67f8adff9bea2a54a,CS089;CS097;CS100,S209;S217;S220,,CS089;CS097;CS100,included,no,,0,title-screen,,,,Keyword score is prioritization only; it is not an eligibility or exclusion decision.
CG0338,doi:10.1007/978-3-319-89884-1_32,20260731T091700Z-legacy-promotions-semanticscholar,"Paxos Consensus, Deconstructed and Abstracted (Extended Version)",2018,2018-02-16,10.1007/978-3-319-89884-1_32,1802.05969,European Symposium on Programming,semanticscholar,979d13561e8c2cd2c2f75af7edfb0131aa04af6f,CS089,S209,,CS089,included,no,,0,title-screen,,,,Keyword score is prioritization only; it is not an eligibility or exclusion decision.
CG0339,doi:10.1007/978-3-319-89960-2_11,20260731T091600Z-legacy-promotions-opencitations,,,,10.1007/978-3-319-89960-2_11,,,opencitations,10.1007/978-3-319-89960-2_11,CS086,S206,CS086,,unknown-date,no,,0,manual-date-check,,,,Keyword score is prioritization only; it is not an eligibility or exclusion decision.
CG0340,doi:10.1007/978-3-319-89960-2_3,20260731T091600Z-legacy-promotions-opencitations;20260731T091700Z-legacy-promotions-semanticscholar,Frame Inference for Inductive Entailment Proofs in Separation Logic,2018,2018-04-14,10.1007/978-3-319-89960-2_3,,International Conference on Tools and Algorithms for Construction and Analysis of Systems,opencitations;semanticscholar,10.1007/978-3-319-89960-2_3;5b3fe1dd0ae9b0a9f39e2ed209ffe68cff3ccf63,CS086,S206,CS086,,included,no,,0,title-screen,,,,Keyword score is prioritization only; it is not an eligibility or exclusion decision.
CG0341,doi:10.1007/978-3-319-90686-7_4,20260731T091700Z-legacy-promotions-semanticscholar,Program Extraction for Mutable Arrays,2018,2018-05-09,10.1007/978-3-319-90686-7_4,,Fuji International Symposium on Functional and Logic Programming,semanticscholar,b12ec7cd95fbc1e5add92839d5b36c0be7d977de,CS085,S205,,CS085,included,no,,0,title-screen,,,,Keyword score is prioritization only; it is not an eligibility or exclusion decision.
CG0343,doi:10.1007/978-3-319-94821-8_5,20260731T091600Z-legacy-promotions-opencitations,,2018,2018,10.1007/978-3-319-94821-8_5,,,opencitations,10.1007/978-3-319-94821-8_5,CS085,S205,,CS085,included,no,,0,missing-title-manual-check,,,,Keyword score is prioritization only; it is not an eligibility or exclusion decision.
CG0344,doi:10.1007/978-3-319-96145-3_26,20260731T091600Z-legacy-promotions-opencitations;20260731T091700Z-legacy-promotions-semanticscholar,Monitoring Weak Consistency,2018,2018-07-14,10.1007/978-3-319-96145-3_26,,International Conference on Computer Aided Verification,opencitations;semanticscholar,01fca059157519f0b760e630097d61f28c8a1dca;10.1007/978-3-319-96145-3_26,CS082;CS085;CS100;CS102;CS103,S202;S205;S220;S222;S223,,CS082;CS085;CS100;CS102;CS103,included,no,,0,title-screen,,,,Keyword score is prioritization only; it is not an eligibility or exclusion decision.
CG0345,doi:10.1007/978-3-319-98047-8,20260731T091700Z-legacy-promotions-semanticscholar,Principled Software Development,2018,,10.1007/978-3-319-98047-8,,Cambridge International Law Journal,semanticscholar,fb0cd5e557ddf16ec1faf0db9a5def430e6b72c2,CS100;CS103,S220;S223,,CS100;CS103,included,no,,0,title-screen,,,,Keyword score is prioritization only; it is not an eligibility or exclusion decision.
CG0346,doi:10.1007/978-3-319-98047-8_9,20260731T091700Z-legacy-promotions-semanticscholar,Towards Reliable Concurrent Software,2018,,10.1007/978-3-319-98047-8_9,,Principled Software Development,semanticscholar,655f4cf9d743deb87b6488b3afb298a2d37775e7,CS100;CS103,S220;S223,,CS100;CS103,included,no,,0,title-screen,,,,Keyword score is prioritization only; it is not an eligibility or exclusion decision.
CG0347,doi:10.1007/978-3-319-98938-9_7,20260731T091600Z-legacy-promotions-opencitations;20260731T091700Z-legacy-promotions-semanticscholar,Making Linearizability Compositional for Partially Ordered Executions,2018,2018-09-05,10.1007/978-3-319-98938-9_7,,International Conference on Integrated Formal Methods,opencitations;semanticscholar,10.1007/978-3-319-98938-9_7;5f0f20e6311d5c50b92d34b26ff46df6fb6d86fd,CS082;CS100,S202;S220,,CS082;CS100,included,no,,0,title-screen,,,,Keyword score is prioritization only; it is not an eligibility or exclusion decision.
CG0348,doi:10.1007/978-3-540-24730-2_39,20260731T091600Z-legacy-promotions-opencitations,,,,10.1007/978-3-540-24730-2_39,,,opencitations,10.1007/978-3-540-24730-2_39,CS097,S217,CS097,,unknown-date,no,,0,manual-date-check,,,,Keyword score is prioritization only; it is not an eligibility or exclusion decision.
CG0349,doi:10.1007/978-3-540-27813-9_14,20260731T091700Z-legacy-promotions-semanticscholar,DPLL( T): Fast Decision Procedures,2004,2004-07-13,10.1007/978-3-540-27813-9_14,,International Conference on Computer Aided Verification,semanticscholar,9f8d74bef142969c9c1ff2cef2e48a68459f34f1,CS088,S208,CS088,,included,no,,0,title-screen,,,,Keyword score is prioritization only; it is not an eligibility or exclusion decision.
CG0350,doi:10.1007/978-3-540-27864-1_20,20260731T091600Z-legacy-promotions-opencitations;20260731T091700Z-legacy-promotions-semanticscholar,Partially Disjunctive Heap Abstraction,2004,2004-08-26,10.1007/978-3-540-27864-1_20,,Sensors Applications Symposium,opencitations;semanticscholar,10.1007/978-3-540-27864-1_20;eef495113a46252895c47556fc0e08f603967f44,CS092;CS096,S212;S216,CS092;CS096,,included,no,,0,title-screen,,,,Keyword score is prioritization only; it is not an eligibility or exclusion decision.
CG0351,doi:10.1007/978-3-540-28644-8_2,20260731T091700Z-legacy-promotions-semanticscholar,A Semantics for Concurrent Separation Logic,2004,2004-08-31,10.1007/978-3-540-28644-8_2,,International Conference on Concurrency Theory,semanticscholar,5f3bd158e3a9e4c2b9676e30f84f13b27c136b7d,CS086;CS088;CS103,S206;S208;S223,CS086;CS088;CS103,,included,no,,0,title-screen,,,,Keyword score is prioritization only; it is not an eligibility or exclusion decision.
CG0352,doi:10.1007/978-3-540-28644-8_4,20260731T091600Z-legacy-promotions-opencitations;20260731T091700Z-legacy-promotions-semanticscholar,"Resources, Concurrency and Local Reasoning",2004,2004-08-31,10.1007/978-3-540-28644-8_4,,International Conference on Concurrency Theory,opencitations;semanticscholar,10.1007/978-3-540-28644-8_4;9651bfd271e42b77f259828dc39920042731584b,CS086;CS088;CS101;CS103,S206;S208;S221;S223,CS086;CS088;CS101;CS103,,included,no,,0,title-screen,,,,Keyword score is prioritization only; it is not an eligibility or exclusion decision.
CG0353,doi:10.1007/978-3-540-30227-8_53,20260731T091700Z-legacy-promotions-semanticscholar,Combining Decision Procedures for Sorted Theories,2004,2004-09-27,10.1007/978-3-540-30227-8_53,,European Conference on Logics in Artificial Intelligence,semanticscholar,96bc9adc44a5e352bd14401dc697a7f7bffff5e0,CS088,S208,CS088,,included,no,,0,title-screen,,,,Keyword score is prioritization only; it is not an eligibility or exclusion decision.
CG0356,doi:10.1007/978-3-540-30538-5_9,20260731T091600Z-legacy-promotions-opencitations;20260731T091700Z-legacy-promotions-semanticscholar,A Decidable Fragment of Separation Logic,2004,2004-12-16,10.1007/978-3-540-30538-5_9,,Foundations of Software Technology and Theoretical Computer Science,opencitations;semanticscholar,10.1007/978-3-540-30538-5_9;32f71e343ccb8eed522f6da084eb60e4ce982144,CS086;CS088,S206;S208,CS086;CS088,,included,no,,0,title-screen,,,,Keyword score is prioritization only; it is not an eligibility or exclusion decision.
CG0357,doi:10.1007/978-3-540-30569-9_3,20260731T091600Z-legacy-promotions-opencitations,,,,10.1007/978-3-540-30569-9_3,,,opencitations,10.1007/978-3-540-30569-9_3,CS084,S204,CS084,,unknown-date,no,,0,manual-date-check,,,,Keyword score is prioritization only; it is not an eligibility or exclusion decision.
CG0358,doi:10.1007/978-3-540-30579-8_12,20260731T091700Z-legacy-promotions-semanticscholar,Shape Analysis by Predicate Abstraction,2005,2005-01-17,10.1007/978-3-540-30579-8_12,,"International Conference on Verification, Model Checking and Abstract Interpretation",semanticscholar,9096ceea53c65be87b78360363f78341d3b9c10e,CS088,S208,CS088,,included,no,,0,title-screen,,,,Keyword score is prioritization only; it is not an eligibility or exclusion decision.
CG0359,doi:10.1007/978-3-540-39910-0_26,20260731T091600Z-legacy-promotions-opencitations,,,,10.1007/978-3-540-39910-0_26,,,opencitations,10.1007/978-3-540-39910-0_26,CS090,S210,CS090,,unknown-date,no,,0,manual-date-check,,,,Keyword score is prioritization only; it is not an eligibility or exclusion decision.
CG0360,doi:10.1007/978-3-540-39958-2_12,20260731T091600Z-legacy-promotions-opencitations,,,,10.1007/978-3-540-39958-2_12,,,opencitations,10.1007/978-3-540-39958-2_12,CS095,S215,CS095,,unknown-date,no,,0,manual-date-check,,,,Keyword score is prioritization only; it is not an eligibility or exclusion decision.
CG0361,doi:10.1007/978-3-540-45069-6_27,20260731T091600Z-legacy-promotions-opencitations;20260731T091700Z-legacy-promotions-semanticscholar,Thread-Modular Abstraction Refinement,2003,2003-07-08,10.1007/978-3-540-45069-6_27,,International Conference on Computer Aided Verification,opencitations;semanticscholar,10.1007/978-3-540-45069-6_27;d0ac8df40b130a6ee7d5e97d826a3e8dc2ed6151,CS088;CS102,S208;S222,CS088;CS102,,included,no,,0,title-screen,,,,Keyword score is prioritization only; it is not an eligibility or exclusion decision.
CG0363,doi:10.1007/978-3-540-45069-6_39,20260731T091700Z-legacy-promotions-semanticscholar,Linear Invariant Generation Using Non-linear Constraint Solving,2003,2003-07-08,10.1007/978-3-540-45069-6_39,,International Conference on Computer Aided Verification,semanticscholar,0d68b14e040c346fca41350f8d6e7b603604bf82,CS088,S208,CS088,,included,no,,0,title-screen,,,,Keyword score is prioritization only; it is not an eligibility or exclusion decision.
CG0364,doi:10.1007/978-3-540-45099-3_15,20260731T091600Z-legacy-promotions-opencitations;20260731T091700Z-legacy-promotions-semanticscholar,TVLA: A System for Implementing Static Analyses,2000,2000-06-29,10.1007/978-3-540-45099-3_15,,Sensors Applications Symposium,opencitations;semanticscholar,10.1007/978-3-540-45099-3_15;b12f8ce4f08743c663b1ed6df22dfa4366c565c3,CS092;CS096;CS097,S212;S216;S217,CS092;CS096;CS097,,included,no,,0,title-screen,,,,Keyword score is prioritization only; it is not an eligibility or exclusion decision.
CG0365,doi:10.1007/978-3-540-48654-1_28,20260731T091600Z-legacy-promotions-opencitations;20260731T091700Z-legacy-promotions-semanticscholar,Trace Refinement of Action Systems,1994,1994-08-22,10.1007/978-3-540-48654-1_28,,International Conference on Concurrency Theory,opencitations;semanticscholar,10.1007/978-3-540-48654-1_28;2bef66921079c338d519b3804c19eea24478fb8f,CS078,S198,CS078,,included,no,,0,title-screen,,,,Keyword score is prioritization only; it is not an eligibility or exclusion decision.
CG0366,doi:10.1007/978-3-540-68863-1_14,20260731T091700Z-legacy-promotions-semanticscholar,VeriCool: An Automatic Verifier for a Concurrent Object-Oriented Language,2008,2008-06-04,10.1007/978-3-540-68863-1_14,,International Conference on Formal Methods for Open Object-Based Distributed Systems,semanticscholar,3b73cda547deaedcb30b168823647d4fdcbfafef,CS088,S208,CS088,,included,no,,0,title-screen,,,,Keyword score is prioritization only; it is not an eligibility or exclusion decision.
CG0369,doi:10.1007/978-3-540-69407-6_39,20260731T091600Z-legacy-promotions-opencitations,,,,10.1007/978-3-540-69407-6_39,,,opencitations,10.1007/978-3-540-69407-6_39,CS085,S205,CS085,,unknown-date,no,,0,manual-date-check,,,,Keyword score is prioritization only; it is not an eligibility or exclusion decision.
CG0370,doi:10.1007/978-3-540-69738-1_13,20260731T091600Z-legacy-promotions-opencitations,,,,10.1007/978-3-540-69738-1_13,,,opencitations,10.1007/978-3-540-69738-1_13,CS097,S217,CS097,,unknown-date,no,,0,manual-date-check,,,,Keyword score is prioritization only; it is not an eligibility or exclusion decision.
CG0371,doi:10.1007/978-3-540-69738-1_22,20260731T091600Z-legacy-promotions-opencitations;20260731T091700Z-legacy-promotions-semanticscholar,Symmetry and Completeness in the Analysis of Parameterized Systems,2007,2007-01-14,10.1007/978-3-540-69738-1_22,,"International Conference on Verification, Model Checking and Abstract Interpretation",opencitations;semanticscholar,10.1007/978-3-540-69738-1_22;26896f600117e2233af33b4cd5f4d3d98093aabd,CS088;CS097,S208;S217,CS088;CS097,,included,no,,0,title-screen,,,,Keyword score is prioritization only; it is not an eligibility or exclusion decision.
CG0374,doi:10.1007/978-3-540-70545-1_36,20260731T091600Z-legacy-promotions-opencitations;20260731T091700Z-legacy-promotions-semanticscholar,Scalable Shape Analysis for Systems Code,2008,2008-07-07,10.1007/978-3-540-70545-1_36,,International Conference on Computer Aided Verification,opencitations;semanticscholar,091b5c947633830a9c16f5de0c1d232dcd980937;10.1007/978-3-540-70545-1_36,CS096;CS097,S216;S217,,CS096;CS097,included,no,,0,title-screen,,,,Keyword score is prioritization only; it is not an eligibility or exclusion decision.
CG0376,doi:10.1007/978-3-540-70592-5_17,20260731T091700Z-legacy-promotions-semanticscholar,Regional Logic for Local Reasoning about Global Invariants,2008,2008-07-07,10.1007/978-3-540-70592-5_17,,European Conference on Object-Oriented Programming,semanticscholar,3ee4a2b61d250569757da53a79758b882162a22f,CS088,S208,CS088,,included,no,,0,title-screen,,,,Keyword score is prioritization only; it is not an eligibility or exclusion decision.
CG0377,doi:10.1007/978-3-540-71067-7_23,20260731T091600Z-legacy-promotions-opencitations;20260731T091700Z-legacy-promotions-semanticscholar,First-Class Type Classes,2008,2008-08-18,10.1007/978-3-540-71067-7_23,,International Conference on Theorem Proving in Higher Order Logics,opencitations;semanticscholar,10.1007/978-3-540-71067-7_23;1d628f733d0e30c128a3d5aef059116ac65c3430,CS086;CS087,S206;S207,CS086;CS087,,included,no,,0,title-screen,,,,Keyword score is prioritization only; it is not an eligibility or exclusion decision.
CG0378,doi:10.1007/978-3-540-71209-1_3,20260731T091600Z-legacy-promotions-opencitations,,,,10.1007/978-3-540-71209-1_3,,,opencitations,10.1007/978-3-540-71209-1_3,CS096,S216,CS096,,unknown-date,no,,0,manual-date-check,,,,Keyword score is prioritization only; it is not an eligibility or exclusion decision.
CG0379,doi:10.1007/978-3-540-71316-6_13,20260731T091600Z-legacy-promotions-opencitations;20260731T091700Z-legacy-promotions-semanticscholar,On the Relationship Between Concurrent Separation Logic and Assume-Guarantee Reasoning,2007,2007-03-24,10.1007/978-3-540-71316-6_13,,European Symposium on Programming,opencitations;semanticscholar,10.1007/978-3-540-71316-6_13;a6bf09bbba418a4bd5a5fd8e8bcf532414ddc122,CS085;CS086;CS101;CS103,S205;S206;S221;S223,CS085;CS086;CS101;CS103,,included,no,,0,title-screen,,,,Keyword score is prioritization only; it is not an eligibility or exclusion decision.
CG0380,doi:10.1007/978-3-540-71316-6_17,20260731T091700Z-legacy-promotions-semanticscholar,Static Analysis by Policy Iteration on Relational Domains,2007,2007-03-24,10.1007/978-3-540-71316-6_17,,European Symposium on Programming,semanticscholar,a4b2a88af17237383d1928a753a2e02cf3f8d2bc,CS088,S208,CS088,,included,no,,0,title-screen,,,,Keyword score is prioritization only; it is not an eligibility or exclusion decision.
CG0381,doi:10.1007/978-3-540-71316-6_21,20260731T091700Z-legacy-promotions-semanticscholar,Precise Fixpoint Computation Through Strategy Iteration,2007,2007-03-24,10.1007/978-3-540-71316-6_21,,European Symposium on Programming,semanticscholar,160d16a316ac266ac5268caccc62f5367b44ca76,CS088,S208,CS088,,included,no,,0,title-screen,,,,Keyword score is prioritization only; it is not an eligibility or exclusion decision.
CG0382,doi:10.1007/978-3-540-71999-1,20260731T091600Z-legacy-promotions-opencitations,,,,10.1007/978-3-540-71999-1,,,opencitations,10.1007/978-3-540-71999-1,CS095,S215,CS095,,unknown-date,no,,0,manual-date-check,,,,Keyword score is prioritization only; it is not an eligibility or exclusion decision.
CG0383,doi:10.1007/978-3-540-72951-8_11,20260731T091700Z-legacy-promotions-semanticscholar,A Simple Optimistic Skiplist Algorithm,2007,2007-06-05,10.1007/978-3-540-72951-8_11,,Colloquium on Structural Information & Communication Complexity,semanticscholar,4712636189952a74bfde37a26165aaf95e950a4d,CS081,S201,,CS081,included,no,,0,title-screen,,,,Keyword score is prioritization only; it is not an eligibility or exclusion decision.
CG0385,doi:10.1007/978-3-540-73368-3_25,20260731T091700Z-legacy-promotions-semanticscholar,Revamping TVLA: Making Parametric Shape Analysis Competitive,2007,2007-07-03,10.1007/978-3-540-73368-3_25,,International Conference on Computer Aided Verification,semanticscholar,2e86e2461c9ed10bb4e310d212de26905647e958,CS092,S212,CS092,,included,no,,0,title-screen,,,,Keyword score is prioritization only; it is not an eligibility or exclusion decision.
CG0386,doi:10.1007/978-3-540-73368-3_49,20260731T091600Z-legacy-promotions-opencitations;20260731T091700Z-legacy-promotions-semanticscholar,Comparison Under Abstraction for Verifying Linearizability,2007,2007-07-03,10.1007/978-3-540-73368-3_49,,International Conference on Computer Aided Verification,opencitations;semanticscholar,10.1007/978-3-540-73368-3_49;abf5aa38af47b720895009d23a57aaf00adae497,CS079;CS082;CS088;CS090;CS091;CS092;CS096;CS097;CS099;CS100;CS102,S199;S202;S208;S210;S211;S212;S216;S217;S219;S220;S222,CS079;CS082;CS088;CS090;CS091;CS092;CS096;CS097;CS099;CS100;CS102,,included,no,,0,title-screen,,,,Keyword score is prioritization only; it is not an eligibility or exclusion decision.
CG0388,doi:10.1007/978-3-540-74061-2_15,20260731T091600Z-legacy-promotions-opencitations;20260731T091700Z-legacy-promotions-semanticscholar,Modular Safety Checking for Fine-Grained Concurrency,2007,2007-08-22,10.1007/978-3-540-74061-2_15,,Sensors Applications Symposium,opencitations;semanticscholar,10.1007/978-3-540-74061-2_15;7e0fc0dd9ff137a24bcb98a78f0eb743910c97ba,CS085;CS086;CS090;CS097;CS099,S205;S206;S210;S217;S219,CS085;CS086;CS090;CS097;CS099,,included,no,,0,title-screen,,,,Keyword score is prioritization only; it is not an eligibility or exclusion decision.
CG0389,doi:10.1007/978-3-540-74407-8_18,20260731T091600Z-legacy-promotions-opencitations;20260731T091700Z-legacy-promotions-semanticscholar,A Marriage of Rely/Guarantee and Separation Logic,2007,2007-09-03,10.1007/978-3-540-74407-8_18,,International Conference on Concurrency Theory,opencitations;semanticscholar,0d8982837268b6cbf3eeca78335520228e770022;10.1007/978-3-540-74407-8_18,CS085;CS086;CS088;CS090;CS099;CS101;CS103,S205;S206;S208;S210;S219;S221;S223,CS085;CS086;CS088;CS090;CS099;CS101;CS103,,included,no,,0,title-screen,,,,Keyword score is prioritization only; it is not an eligibility or exclusion decision.
CG0390,doi:10.1007/978-3-540-74407-8_9,20260731T091700Z-legacy-promotions-semanticscholar,Equivalence Checking for Infinite Systems Using Parameterized Boolean Equation Systems,2007,2007-09-03,10.1007/978-3-540-74407-8_9,,International Conference on Concurrency Theory,semanticscholar,6f3c6ae2bbd895ae72aae34dc2c8fc4af1afac63,CS093,S213,CS093,,included,no,,0,title-screen,,,,Keyword score is prioritization only; it is not an eligibility or exclusion decision.
CG0392,doi:10.1007/978-3-540-78739-6_27,20260731T091600Z-legacy-promotions-opencitations;20260731T091700Z-legacy-promotions-semanticscholar,Oracle Semantics for Concurrent Separation Logic,2008,2008-03-29,10.1007/978-3-540-78739-6_27,,European Symposium on Programming,opencitations;semanticscholar,10.1007/978-3-540-78739-6_27;bdbfde74e47543b9d354118972c373335522ba46,CS086;CS088,S206;S208,CS086;CS088,,included,no,,0,title-screen,,,,Keyword score is prioritization only; it is not an eligibility or exclusion decision.
CG0393,doi:10.1007/978-3-540-78800-3_24,20260731T091600Z-legacy-promotions-opencitations;20260731T091700Z-legacy-promotions-semanticscholar,Z3: An Efficient SMT Solver,2008,2008-03-29,10.1007/978-3-540-78800-3_24,,International Conference on Tools and Algorithms for Construction and Analysis of Systems,opencitations;semanticscholar,10.1007/978-3-540-78800-3_24;3960dda299e0f8615a7db675b8e6905b375ecf8a,CS086;CS088,S206;S208,CS086;CS088,,included,no,,0,title-screen,,,,Keyword score is prioritization only; it is not an eligibility or exclusion decision.
CG0395,doi:10.1007/978-3-540-79980-1_16,20260731T091700Z-legacy-promotions-semanticscholar,Separation Logic Contracts for a Java-Like Language with Fork/Join,2008,2008-07-28,10.1007/978-3-540-79980-1_16,,International Conference on Algebraic Methodology and Software Technology,semanticscholar,157bef14049e169cd45910b27e57a3aa9073f8b9,CS088,S208,CS088,,included,no,,0,title-screen,,,,Keyword score is prioritization only; it is not an eligibility or exclusion decision.
CG0396,doi:10.1007/978-3-540-87603-8_47,20260731T091700Z-legacy-promotions-semanticscholar,Splitting Atoms with Rely/Guarantee Conditions Coupled with Data Reification,2008,2008-09-16,10.1007/978-3-540-87603-8_47,,"International Conference on Abstract State Machines, Alloy, B, TLA, VDM, and Z",semanticscholar,621c99829d496dc1c6b3f05ace87b3ec36ad337d,CS089,S209,,CS089,included,no,,0,title-screen,,,,Keyword score is prioritization only; it is not an eligibility or exclusion decision.
CG0397,doi:10.1007/978-3-540-87779-0_1,20260731T091600Z-legacy-promotions-opencitations,,,,10.1007/978-3-540-87779-0_1,,,opencitations,10.1007/978-3-540-87779-0_1,CS082,S202,CS082,,unknown-date,no,,0,manual-date-check,,,,Keyword score is prioritization only; it is not an eligibility or exclusion decision.
CG0398,doi:10.1007/978-3-540-87779-0_21,20260731T091700Z-legacy-promotions-semanticscholar,Permissiveness in Transactional Memories,2008,2008-09-22,10.1007/978-3-540-87779-0_21,,International Symposium on Distributed Computing,semanticscholar,724f9d2eebce81ecf79fa295f51c4a9312bae614,CS081,S201,,CS081,included,no,,0,title-screen,,,,Keyword score is prioritization only; it is not an eligibility or exclusion decision.
CG0400,doi:10.1007/978-3-540-93900-9_6,20260731T091700Z-legacy-promotions-semanticscholar,Towards Automatic Stability Analysis for Rely-Guarantee Proofs,2008,2008-12-16,10.1007/978-3-540-93900-9_6,,"International Conference on Verification, Model Checking and Abstract Interpretation",semanticscholar,d3d435c91ae045de4570a0a2a114aeb192924507,CS089,S209,,CS089,included,no,,0,title-screen,,,,Keyword score is prioritization only; it is not an eligibility or exclusion decision.
CG0401,doi:10.1007/978-3-642-00590-9_19,20260731T091600Z-legacy-promotions-opencitations,,,,10.1007/978-3-642-00590-9_19,,,opencitations,10.1007/978-3-642-00590-9_19,CS079;CS100,S199;S220,CS079;CS100,,unknown-date,no,,0,manual-date-check,,,,Keyword score is prioritization only; it is not an eligibility or exclusion decision.
CG0402,doi:10.1007/978-3-642-00590-9_26,20260731T091600Z-legacy-promotions-opencitations;20260731T091700Z-legacy-promotions-semanticscholar,Deny-Guarantee Reasoning,2009,2009-03-28,10.1007/978-3-642-00590-9_26,,European Symposium on Programming,opencitations;semanticscholar,10.1007/978-3-642-00590-9_26;9865b646d6c9a8ba7539bcb6729f56937442e063,CS086,S206,CS086,,included,no,,0,title-screen,,,,Keyword score is prioritization only; it is not an eligibility or exclusion decision.
CG0403,doi:10.1007/978-3-642-00590-9_27,20260731T091600Z-legacy-promotions-opencitations;20260731T091700Z-legacy-promotions-semanticscholar,A Basis for Verifying Multi-threaded Programs,2009,2009-03-28,10.1007/978-3-642-00590-9_27,,European Symposium on Programming,opencitations;semanticscholar,10.1007/978-3-642-00590-9_27;6fbf834aeb3142a7425146ccb520451a64b1a311,CS085;CS088,S205;S208,CS085;CS088,,included,no,,0,title-screen,,,,Keyword score is prioritization only; it is not an eligibility or exclusion decision.
CG0404,doi:10.1007/978-3-642-00768-2_12,20260731T091700Z-legacy-promotions-semanticscholar,Semantic Reduction of Thread Interleavings in Concurrent Programs,2009,2009-03-27,10.1007/978-3-642-00768-2_12,,International Conference on Tools and Algorithms for Construction and Analysis of Systems,semanticscholar,0af5dfae6bad2bc63a915595c8b8860f80530d2b,CS088,S208,CS088,,included,no,,0,title-screen,,,,Keyword score is prioritization only; it is not an eligibility or exclusion decision.
CG0405,doi:10.1007/978-3-642-00955-6_20,20260731T091700Z-legacy-promotions-semanticscholar,Adaptive Read Validation in Time-Based Software Transactional Memory,2009,2009-04-09,10.1007/978-3-642-00955-6_20,,Euro-Par Workshops,semanticscholar,8891aa0480de8f0dcaaec23683978f8701c1affd,CS081,S201,,CS081,included,no,,0,title-screen,,,,Keyword score is prioritization only; it is not an eligibility or exclusion decision.
CG0407,doi:10.1007/978-3-642-02658-4_52,20260731T091700Z-legacy-promotions-semanticscholar,Apron: A Library of Numerical Abstract Domains for Static Analysis,2009,2009-06-23,10.1007/978-3-642-02658-4_52,,International Conference on Computer Aided Verification,semanticscholar,c65ce591b42b816279e741bb9612b832d21288e0,CS088,S208,CS088,,included,no,,0,title-screen,,,,Keyword score is prioritization only; it is not an eligibility or exclusion decision.
CG0408,doi:10.1007/978-3-642-03237-0_13,20260731T091600Z-legacy-promotions-opencitations;20260731T091700Z-legacy-promotions-semanticscholar,Region Analysis for Race Detection,2009,2009-08-12,10.1007/978-3-642-03237-0_13,,Sensors Applications Symposium,opencitations;semanticscholar,10.1007/978-3-642-03237-0_13;960b49d8ef5a57815f1999ae9493a293424d448e,CS096,S216,,CS096,included,no,,0,title-screen,,,,Keyword score is prioritization only; it is not an eligibility or exclusion decision.
CG0409,doi:10.1007/978-3-642-03359-9_2,20260731T091600Z-legacy-promotions-opencitations;20260731T091700Z-legacy-promotions-semanticscholar,VCC: A Practical System for Verifying Concurrent C,2009,2009-08-20,10.1007/978-3-642-03359-9_2,,International Conference on Theorem Proving in Higher Order Logics,opencitations;semanticscholar,10.1007/978-3-642-03359-9_2;f4395aad099d9f2510b4dae13de46fada78be722,CS085;CS088,S205;S208,CS085;CS088,,included,no,,0,title-screen,,,,Keyword score is prioritization only; it is not an eligibility or exclusion decision.
CG0410,doi:10.1007/978-3-642-03359-9_24,20260731T091600Z-legacy-promotions-opencitations;20260731T091700Z-legacy-promotions-semanticscholar,Practical Tactics for Separation Logic,2009,2009-08-20,10.1007/978-3-642-03359-9_24,,International Conference on Theorem Proving in Higher Order Logics,opencitations;semanticscholar,10.1007/978-3-642-03359-9_24;9cccf265bedaece7908c804a072b91589a93ca88,CS086,S206,CS086,,included,no,,0,title-screen,,,,Keyword score is prioritization only; it is not an eligibility or exclusion decision.
CG0411,doi:10.1007/978-3-642-03829-7_7,20260731T091600Z-legacy-promotions-opencitations,,,,10.1007/978-3-642-03829-7_7,,,opencitations,10.1007/978-3-642-03829-7_7,CS085,S205,CS085,,unknown-date,no,,0,manual-date-check,,,,Keyword score is prioritization only; it is not an eligibility or exclusion decision.
CG0412,doi:10.1007/978-3-642-04081-8_13,20260731T091700Z-legacy-promotions-semanticscholar,A Logic-Based Framework for Reasoning about Composite Data Structures,2009,2009-09-01,10.1007/978-3-642-04081-8_13,,International Conference on Concurrency Theory,semanticscholar,236bfa21fb363ffebfa3edc1794fe0022e500e43,CS088,S208,CS088,,included,no,,0,title-screen,,,,Keyword score is prioritization only; it is not an eligibility or exclusion decision.
CG0413,doi:10.1007/978-3-642-04222-5_23,20260731T091700Z-legacy-promotions-semanticscholar,Combining Theories with Shared Set Operations,2009,2009-09-16,10.1007/978-3-642-04222-5_23,,International Symposium on Frontiers of Combining Systems,semanticscholar,36bebc1c7f149e86430fae014341a3122b69b2fd,CS088,S208,CS088,,included,no,,0,title-screen,,,,Keyword score is prioritization only; it is not an eligibility or exclusion decision.
CG0414,doi:10.1007/978-3-642-04355-0_12,20260731T091700Z-legacy-promotions-semanticscholar,Elastic transactions,2009,2009-09-23,10.1007/978-3-642-04355-0_12,,J. Parallel Distributed Comput.,semanticscholar,68520f513211ffa92d9811eaec0f3e4aa2fea668,CS081,S201,,CS081,included,no,,0,title-screen,,,,Keyword score is prioritization only; it is not an eligibility or exclusion decision.
CG0416,doi:10.1007/978-3-642-10672-9_5,20260731T091600Z-legacy-promotions-opencitations;20260731T091700Z-legacy-promotions-semanticscholar,Abstract Transformers for Thread Correlation Analysis,2009,2009-12-03,10.1007/978-3-642-10672-9_5,,Asian Symposium on Programming Languages and Systems,opencitations;semanticscholar,10.1007/978-3-642-10672-9_5;60296169884a8caf87808c770512f5979d233050,CS096;CS097;CS099,S216;S217;S219,,CS096;CS097;CS099,included,no,,0,title-screen,,,,Keyword score is prioritization only; it is not an eligibility or exclusion decision.
CG0417,doi:10.1007/978-3-642-11319-2_17,20260731T091600Z-legacy-promotions-opencitations;20260731T091700Z-legacy-promotions-semanticscholar,Shape Analysis of Low-Level C with Overlapping Structures,2010,2010-01-17,10.1007/978-3-642-11319-2_17,,"International Conference on Verification, Model Checking and Abstract Interpretation",opencitations;semanticscholar,10.1007/978-3-642-11319-2_17;5b46ab4f893542fe9bc2290e10d8e962230538df,CS096;CS097,S216;S217,,CS096;CS097,included,no,,0,title-screen,,,,Keyword score is prioritization only; it is not an eligibility or exclusion decision.
CG0418,doi:10.1007/978-3-642-11319-2_2,20260731T091700Z-legacy-promotions-semanticscholar,Verifying Concurrent Programs with Chalice,2010,2010-01-17,10.1007/978-3-642-11319-2_2,,"International Conference on Verification, Model Checking and Abstract Interpretation",semanticscholar,2ecf5c787d97924afdf4aedb1d91f53b52bb1771,CS088,S208,CS088,,included,no,,0,title-screen,,,,Keyword score is prioritization only; it is not an eligibility or exclusion decision.
CG0419,doi:10.1007/978-3-642-11319-2_21,20260731T091600Z-legacy-promotions-opencitations;20260731T091700Z-legacy-promotions-semanticscholar,An Analysis of Permutations in Arrays,2010,2010-01-17,10.1007/978-3-642-11319-2_21,,"International Conference on Verification, Model Checking and Abstract Interpretation",opencitations;semanticscholar,10.1007/978-3-642-11319-2_21;be85254370217136b9dfa30cba085f66bb7c8508,CS099,S219,,CS099,included,no,,0,title-screen,,,,Keyword score is prioritization only; it is not an eligibility or exclusion decision.
CG0420,doi:10.1007/978-3-642-11319-2_25,20260731T091600Z-legacy-promotions-opencitations;20260731T091700Z-legacy-promotions-semanticscholar,RGSep Action Inference,2010,2010-01-17,10.1007/978-3-642-11319-2_25,,"International Conference on Verification, Model Checking and Abstract Interpretation",opencitations;semanticscholar,10.1007/978-3-642-11319-2_25;6558c1efcb6cceccce2143061583e3a868f41ee1,CS085;CS088;CS096;CS097;CS099;CS100,S205;S208;S216;S217;S219;S220,CS085;CS088;CS100,CS096;CS097;CS099,included,no,,0,title-screen,,,,Keyword score is prioritization only; it is not an eligibility or exclusion decision.
CG0421,doi:10.1007/978-3-642-11957-6_32,20260731T091700Z-legacy-promotions-semanticscholar,Explicit Stabilisation for Modular Rely-Guarantee Reasoning,2010,2010-03-20,10.1007/978-3-642-11957-6_32,,European Symposium on Programming,semanticscholar,e881771c63c610867b37257c80ec579c828782ab,CS089,S209,,CS089,included,no,,0,title-screen,,,,Keyword score is prioritization only; it is not an eligibility or exclusion decision.
CG0422,doi:10.1007/978-3-642-12002-2_25,20260731T091600Z-legacy-promotions-opencitations;20260731T091700Z-legacy-promotions-semanticscholar,Simplifying Linearizability Proofs with Reduction and Abstraction,2010,2010-03-20,10.1007/978-3-642-12002-2_25,,International Conference on Tools and Algorithms for Construction and Analysis of Systems,opencitations;semanticscholar,10.1007/978-3-642-12002-2_25;cc5f4aa6ee91e1c95271913b6c287ff611c16d5f,CS091;CS099;CS103,S211;S219;S223,CS091;CS103,CS099,included,no,,0,title-screen,,,,Keyword score is prioritization only; it is not an eligibility or exclusion decision.
CG0424,doi:10.1007/978-3-642-14107-2_24,20260731T091600Z-legacy-promotions-opencitations;20260731T091700Z-legacy-promotions-semanticscholar,Concurrent Abstract Predicates,2010,2010-06-21,10.1007/978-3-642-14107-2_24,,European Conference on Object-Oriented Programming,opencitations;semanticscholar,068379d1d64c59268480a53089051591b8e240bc;10.1007/978-3-642-14107-2_24,CS085;CS086;CS088;CS089;CS103,S205;S206;S208;S209;S223,CS085;CS086;CS088;CS103,CS089,included,no,,0,title-screen,,,,Keyword score is prioritization only; it is not an eligibility or exclusion decision.
CG0427,doi:10.1007/978-3-642-14295-6_8,20260731T091600Z-legacy-promotions-opencitations;20260731T091700Z-legacy-promotions-semanticscholar,Invariant Synthesis for Programs Manipulating Lists with Unbounded Data,2010,2010-07-15,10.1007/978-3-642-14295-6_8,,International Conference on Computer Aided Verification,opencitations;semanticscholar,10.1007/978-3-642-14295-6_8;5e154453f85d0e5799738198c337affa24e7df70,CS099,S219,,CS099,included,no,,0,title-screen,,,,Keyword score is prioritization only; it is not an eligibility or exclusion decision.
CG0428,doi:10.1007/978-3-642-14458-5_11,20260731T091700Z-legacy-promotions-semanticscholar,Small Specifications for Tree Update,2009,2009-09-04,10.1007/978-3-642-14458-5_11,,Web Services and Formal Methods,semanticscholar,fdba11a65a0172a260e77ac6046c65697f89a437,CS089,S209,,CS089,included,no,,0,title-screen,,,,Keyword score is prioritization only; it is not an eligibility or exclusion decision.
CG0430,doi:10.1007/978-3-642-15057-9_12,20260731T091700Z-legacy-promotions-semanticscholar,The Next 700 Separation Logics - (Invited Paper),2010,2010-08-16,10.1007/978-3-642-15057-9_12,,"Verified Software: Theories, Tools, Experiments",semanticscholar,25c6215f383b3b24a64388ec864b3fc0acd4d7b7,CS089,S209,,CS089,included,no,,0,title-screen,,,,Keyword score is prioritization only; it is not an eligibility or exclusion decision.
CG0432,doi:10.1007/978-3-642-15643-4_30,20260731T091600Z-legacy-promotions-opencitations;20260731T091700Z-legacy-promotions-semanticscholar,Developing Model Checkers Using PAT,2010,2010-09-21,10.1007/978-3-642-15643-4_30,,Automated Technology for Verification and Analysis,opencitations;semanticscholar,10.1007/978-3-642-15643-4_30;42299ad17e0587f41333aa3d1077e8dc02372400,CS082,S202,,CS082,included,no,,0,title-screen,,,,Keyword score is prioritization only; it is not an eligibility or exclusion decision.
CG0433,doi:10.1007/978-3-642-15769-1_10,20260731T091600Z-legacy-promotions-opencitations;20260731T091700Z-legacy-promotions-semanticscholar,Concurrent Separation Logic for Pipelined Parallelization,2010,2010-09-14,10.1007/978-3-642-15769-1_10,,Sensors Applications Symposium,opencitations;semanticscholar,10.1007/978-3-642-15769-1_10;2ac5a151e8192af4f035cf3ed711928eb4854788,CS103,S223,CS103,,included,no,,0,title-screen,,,,Keyword score is prioritization only; it is not an eligibility or exclusion decision.
CG0435,doi:10.1007/978-3-642-18216-7,20260731T091600Z-legacy-promotions-opencitations,,,,10.1007/978-3-642-18216-7,,,opencitations,10.1007/978-3-642-18216-7,CS090,S210,CS090,,unknown-date,no,,0,manual-date-check,,,,Keyword score is prioritization only; it is not an eligibility or exclusion decision.
CG0437,doi:10.1007/978-3-642-19718-5_21,20260731T091700Z-legacy-promotions-semanticscholar,Static Analysis of Run-Time Errors in Embedded Critical Parallel C Programs,2011,2011-03-26,10.1007/978-3-642-19718-5_21,,European Symposium on Programming,semanticscholar,89934a56c2b408d7ccd48300865ccc4613782ca6,CS088,S208,CS088,,included,no,,0,title-screen,,,,Keyword score is prioritization only; it is not an eligibility or exclusion decision.
CG0438,doi:10.1007/978-3-642-19718-5_23,20260731T091600Z-legacy-promotions-opencitations,,,,10.1007/978-3-642-19718-5_23,,,opencitations,10.1007/978-3-642-19718-5_23,CS087,S207,CS087,,unknown-date,no,,0,manual-date-check,,,,Keyword score is prioritization only; it is not an eligibility or exclusion decision.
CG0439,doi:10.1007/978-3-642-19835-9_5,20260731T091600Z-legacy-promotions-opencitations,,,,10.1007/978-3-642-19835-9_5,,,opencitations,10.1007/978-3-642-19835-9_5,CS106,S226,CS106,,unknown-date,no,,0,manual-date-check,,,,Keyword score is prioritization only; it is not an eligibility or exclusion decision.
CG0441,doi:10.1007/978-3-642-20398-5_33,20260731T091700Z-legacy-promotions-semanticscholar,Infer: An Automatic Program Verifier for Memory Safety of C Programs,2011,2011-04-18,10.1007/978-3-642-20398-5_33,,NASA Formal Methods,semanticscholar,cd6ff1c0ee505291430cb388f921261e8aaea896,CS088,S208,CS088,,included,no,,0,title-screen,,,,Keyword score is prioritization only; it is not an eligibility or exclusion decision.
CG0442,doi:10.1007/978-3-642-20398-5_4,20260731T091600Z-legacy-promotions-opencitations;20260731T091700Z-legacy-promotions-semanticscholar,"VeriFast: A Powerful, Sound, Predictable, Fast Verifier for C and Java",2011,2011-04-18,10.1007/978-3-642-20398-5_4,,NASA Formal Methods,opencitations;semanticscholar,10.1007/978-3-642-20398-5_4;acd8d3df882c7be3be2c3af1c2e42575f1fc138a,CS085;CS086,S205;S206,CS085;CS086,,included,no,,0,title-screen,,,,Keyword score is prioritization only; it is not an eligibility or exclusion decision.
CG0443,doi:10.1007/978-3-642-21437-0_25,20260731T091600Z-legacy-promotions-opencitations;20260731T091700Z-legacy-promotions-semanticscholar,Verifying Linearisability with Potential Linearisation Points,2011,2011-06-20,10.1007/978-3-642-21437-0_25,,World Congress on Formal Methods,opencitations;semanticscholar,10.1007/978-3-642-21437-0_25;f95fc64697361b2e5470892032097e5b6c4ad1b1,CS082;CS083;CS084;CS089;CS091;CS100,S202;S203;S204;S209;S211;S220,CS083;CS091,CS082;CS084;CS089;CS100,included,no,,0,title-screen,,,,Keyword score is prioritization only; it is not an eligibility or exclusion decision.
CG0445,doi:10.1007/978-3-642-22110-1_20,20260731T091700Z-legacy-promotions-semanticscholar,Quantitative Synthesis for Concurrent Programs,2011,2011-04-21,10.1007/978-3-642-22110-1_20,1104.4306,International Conference on Computer Aided Verification,semanticscholar,e88ba191fca86b0086f5c9ae292d42fdf7ea6856,CS082;CS100,S202;S220,,CS082;CS100,included,no,,0,title-screen,,,,Keyword score is prioritization only; it is not an eligibility or exclusion decision.
CG0446,doi:10.1007/978-3-642-22110-1_29,20260731T091700Z-legacy-promotions-semanticscholar,Predator: A Practical Tool for Checking Manipulation of Dynamic Data Structures Using Separation Logic,2011,2011-07-14,10.1007/978-3-642-22110-1_29,,International Conference on Computer Aided Verification,semanticscholar,68311ec6cd66d351f05add893600af1ce467de55,CS088,S208,CS088,,included,no,,0,title-screen,,,,Keyword score is prioritization only; it is not an eligibility or exclusion decision.
CG0447,doi:10.1007/978-3-642-22110-1_53,20260731T091600Z-legacy-promotions-opencitations;20260731T091700Z-legacy-promotions-semanticscholar,FixBag: A Fixpoint Calculator for Quantified Bag Constraints,2011,2011-07-14,10.1007/978-3-642-22110-1_53,,International Conference on Computer Aided Verification,opencitations;semanticscholar,10.1007/978-3-642-22110-1_53;54d734aeead794c5b16d0d5c1a96d746a7bce0a9,CS099,S219,,CS099,included,no,,0,title-screen,,,,Keyword score is prioritization only; it is not an eligibility or exclusion decision.
CG0449,doi:10.1007/978-3-642-23702-7_14,20260731T091700Z-legacy-promotions-semanticscholar,Verifying Fence Elimination Optimisations,2011,2011-09-14,10.1007/978-3-642-23702-7_14,,Sensors Applications Symposium,semanticscholar,6ca35890e62f26895676b687ca23b931905caaa9,CS081,S201,,CS081,included,no,,0,title-screen,,,,Keyword score is prioritization only; it is not an eligibility or exclusion decision.
CG0450,doi:10.1007/978-3-642-23702-7_20,20260731T091700Z-legacy-promotions-semanticscholar,Invisible Invariants and Abstract Interpretation,2011,2011-09-14,10.1007/978-3-642-23702-7_20,,Sensors Applications Symposium,semanticscholar,d9a13a7ab0aa8678fde75c3d6d14c6ea2def641a,CS088,S208,CS088,,included,no,,0,title-screen,,,,Keyword score is prioritization only; it is not an eligibility or exclusion decision.
CG0451,doi:10.1007/978-3-642-24100-0_9,20260731T091700Z-legacy-promotions-semanticscholar,SMV: Selective Multi-Versioning STM,2011,2011-09-20,10.1007/978-3-642-24100-0_9,,International Symposium on Distributed Computing,semanticscholar,98f7c8c92a5b294ab23c15bad7869ddf2afa0e36,CS081,S201,,CS081,included,no,,0,title-screen,,,,Keyword score is prioritization only; it is not an eligibility or exclusion decision.
CG0452,doi:10.1007/978-3-642-24669-2_1,20260731T091700Z-legacy-promotions-semanticscholar,Lightweight Transactional Arrays for Read-Dominated Workloads,2011,2011-10-24,10.1007/978-3-642-24669-2_1,,International Conference on Algorithms and Architectures for Parallel Processing,semanticscholar,bb9d206f79d69305a0cab7f44e620085acceff5b,CS081,S201,,CS081,included,no,,0,title-screen,,,,Keyword score is prioritization only; it is not an eligibility or exclusion decision.
CG0453,doi:10.1007/978-3-642-25318-8_15,20260731T091700Z-legacy-promotions-semanticscholar,On the Strength of Owicki-Gries for Resources,2011,2011-12-05,10.1007/978-3-642-25318-8_15,,Asian Symposium on Programming Languages and Systems,semanticscholar,a5cb707cb261828636ae224127d7bfbf19118aaf,CS089,S209,,CS089,included,no,,0,title-screen,,,,Keyword score is prioritization only; it is not an eligibility or exclusion decision.
CG0457,doi:10.1007/978-3-642-27705-4_22,20260731T091700Z-legacy-promotions-semanticscholar,Specifying and Verifying the Correctness of Dynamic Software Updates,2012,2012-01-28,10.1007/978-3-642-27705-4_22,,"Verified Software: Theories, Tools, Experiments",semanticscholar,7ebbfa795b460fdebaa4465908ff8de869b967f5,CS099,S219,,CS099,included,no,,0,title-screen,,,,Keyword score is prioritization only; it is not an eligibility or exclusion decision.
CG0458,doi:10.1007/978-3-642-27940-9_1,20260731T091600Z-legacy-promotions-opencitations;20260731T091700Z-legacy-promotions-semanticscholar,Abstract Domains for Automated Reasoning about List-Manipulating Programs with Infinite Data,2012,2012-01-22,10.1007/978-3-642-27940-9_1,,"International Conference on Verification, Model Checking and Abstract Interpretation",opencitations;semanticscholar,10.1007/978-3-642-27940-9_1;1612dfba82d7350ae901390481340bf104a7e677,CS099,S219,,CS099,included,no,,0,title-screen,,,,Keyword score is prioritization only; it is not an eligibility or exclusion decision.
CG0459,doi:10.1007/978-3-642-28756-5_15,20260731T091700Z-legacy-promotions-semanticscholar,Counter-Example Guided Fence Insertion under TSO,2012,2012-03-24,10.1007/978-3-642-28756-5_15,,International Conference on Tools and Algorithms for Construction and Analysis of Systems,semanticscholar,788773fdbea389639fd4dfcdae9de1087ff882fd,CS081,S201,,CS081,included,no,,0,title-screen,,,,Keyword score is prioritization only; it is not an eligibility or exclusion decision.
CG0460,doi:10.1007/978-3-642-28869-2_5,20260731T091600Z-legacy-promotions-opencitations;20260731T091700Z-legacy-promotions-semanticscholar,Concurrent Library Correctness on the TSO Memory Model,2012,2012-03-24,10.1007/978-3-642-28869-2_5,,European Symposium on Programming,opencitations;semanticscholar,10.1007/978-3-642-28869-2_5;917b58c3e622f3ba1655db3f767d61381d9b7ac6,CS079;CS089;CS100,S199;S209;S220,,CS079;CS089;CS100,included,no,,0,title-screen,,,,Keyword score is prioritization only; it is not an eligibility or exclusion decision.
CG0461,doi:10.1007/978-3-642-29952-0_12,20260731T091700Z-legacy-promotions-semanticscholar,A Structural Approach to Prophecy Variables,2012,2012-05-16,10.1007/978-3-642-29952-0_12,,Theory and Applications of Models of Computation,semanticscholar,fbf92e996febdb9b512eed335cb5671dde074626,CS089,S209,,CS089,included,no,,0,title-screen,,,,Keyword score is prioritization only; it is not an eligibility or exclusion decision.
CG0462,doi:10.1007/978-3-642-30729-4_4,20260731T091700Z-legacy-promotions-semanticscholar,Rely/Guarantee Reasoning for Teleo-reactive Programs over Multiple Time Bands,2012,2012-06-15,10.1007/978-3-642-30729-4_4,,International Conference on Integrated Formal Methods,semanticscholar,eb7ee609e03ce05ef98276d341b2f3b9c6fd4247,CS091,S211,CS091,,included,no,,0,title-screen,,,,Keyword score is prioritization only; it is not an eligibility or exclusion decision.
CG0463,doi:10.1007/978-3-642-31113-0_7,20260731T091700Z-legacy-promotions-semanticscholar,Deriving Real-Time Action Systems Controllers from Multiscale System Specifications,2012,2012-06-25,10.1007/978-3-642-31113-0_7,,International Conference on Mathematics of Program Construction,semanticscholar,bdfa6108d90684aa43fc7c409fede1366766e4bd,CS091,S211,CS091,,included,no,,0,title-screen,,,,Keyword score is prioritization only; it is not an eligibility or exclusion decision.
CG0465,doi:10.1007/978-3-642-31424-7_21,20260731T091600Z-legacy-promotions-opencitations;20260731T091700Z-legacy-promotions-semanticscholar,How to Prove Algorithms Linearisable,2012,2012-07-07,10.1007/978-3-642-31424-7_21,,International Conference on Computer Aided Verification,opencitations;semanticscholar,10.1007/978-3-642-31424-7_21;6883fb2eff8ec0897f74fb169c32e465d87df988,CS083;CS084;CS089;CS091;CS100;CS101;CS102,S203;S204;S209;S211;S220;S221;S222,CS083;CS091;CS102,CS084;CS089;CS100;CS101,included,no,,0,title-screen,,,,Keyword score is prioritization only; it is not an eligibility or exclusion decision.
CG0466,doi:10.1007/978-3-642-31424-7_36,20260731T091600Z-legacy-promotions-opencitations,,,,10.1007/978-3-642-31424-7_36,,,opencitations,10.1007/978-3-642-31424-7_36,CS106,S226,CS106,,unknown-date,no,,0,manual-date-check,,,,Keyword score is prioritization only; it is not an eligibility or exclusion decision.
CG0467,doi:10.1007/978-3-642-31612-8_13,20260731T091700Z-legacy-promotions-semanticscholar,Generalized Property Directed Reachability,2012,2012-06-17,10.1007/978-3-642-31612-8_13,,International Conference on Theory and Applications of Satisfiability Testing,semanticscholar,c608fece067b98f739ccbc9ce0a434d41997bed9,CS088,S208,CS088,,included,no,,0,title-screen,,,,Keyword score is prioritization only; it is not an eligibility or exclusion decision.
CG0470,doi:10.1007/978-3-642-32027-9_10,20260731T091700Z-legacy-promotions-semanticscholar,Transactional Memory,2012,,10.1007/978-3-642-32027-9_10,,Fundamentals of Multicore Software Development,semanticscholar,a27daae9012c7715aae1d7df6170ad904c5d0694,CS081,S201,,CS081,included,no,,0,title-screen,,,,Keyword score is prioritization only; it is not an eligibility or exclusion decision.
CG0471,doi:10.1007/978-3-642-32347-8_21,20260731T091600Z-legacy-promotions-opencitations,,,,10.1007/978-3-642-32347-8_21,,,opencitations,10.1007/978-3-642-32347-8_21,CS086,S206,CS086,,unknown-date,no,,0,manual-date-check,,,,Keyword score is prioritization only; it is not an eligibility or exclusion decision.
CG0472,doi:10.1007/978-3-642-32940-1_19,20260731T091600Z-legacy-promotions-opencitations,,2012,2012,10.1007/978-3-642-32940-1_19,,,opencitations,10.1007/978-3-642-32940-1_19,CS079;CS100;CS103,S199;S220;S223,CS103,CS079;CS100,included,no,,0,missing-title-manual-check,,,,Keyword score is prioritization only; it is not an eligibility or exclusion decision.
CG0474,doi:10.1007/978-3-642-33125-1_12,20260731T091600Z-legacy-promotions-opencitations;20260731T091700Z-legacy-promotions-semanticscholar,Invariant Generation for Parametrized Systems Using Self-reflection - (Extended Version),2012,2012-09-11,10.1007/978-3-642-33125-1_12,,Sensors Applications Symposium,opencitations;semanticscholar,0a6d9b418489293e6a78137e8c4a28efd3fad2f2;10.1007/978-3-642-33125-1_12,CS097,S217,,CS097,included,no,,0,title-screen,,,,Keyword score is prioritization only; it is not an eligibility or exclusion decision.
CG0475,doi:10.1007/978-3-642-33314-9_4,20260731T091700Z-legacy-promotions-semanticscholar,Towards an Algebra for Real-Time Programs,2012,2012-09-17,10.1007/978-3-642-33314-9_4,,International Conference on Relational and Algebraic Methods in Computer Science,semanticscholar,a56ed09531a3a328dd4efb27b799c540b663bcbb,CS091,S211,CS091,,included,no,,0,title-screen,,,,Keyword score is prioritization only; it is not an eligibility or exclusion decision.
CG0476,doi:10.1007/978-3-642-33386-6_14,20260731T091700Z-legacy-promotions-semanticscholar,Accurate Invariant Checking for Programs Manipulating Lists and Arrays with Infinite Data,2012,2012-10-03,10.1007/978-3-642-33386-6_14,,Automated Technology for Verification and Analysis,semanticscholar,ea0c094a022b9b89f9a40389808826ab9e98af86,CS088,S208,CS088,,included,no,,0,title-screen,,,,Keyword score is prioritization only; it is not an eligibility or exclusion decision.
CG0477,doi:10.1007/978-3-642-33651-5_3,20260731T091700Z-legacy-promotions-semanticscholar,Show No Weakness: Sequentially Consistent Specifications of TSO Libraries,2012,2012-10-16,10.1007/978-3-642-33651-5_3,,International Symposium on Distributed Computing,semanticscholar,ea29f7459f7e774795fae31b4277b11d620bd98f,CS079,S199,,CS079,included,no,,0,title-screen,,,,Keyword score is prioritization only; it is not an eligibility or exclusion decision.
CG0480,doi:10.1007/978-3-642-35843-2_1,20260731T091600Z-legacy-promotions-opencitations,,,,10.1007/978-3-642-35843-2_1,,,opencitations,10.1007/978-3-642-35843-2_1,CS085,S205,CS085,,unknown-date,no,,0,manual-date-check,,,,Keyword score is prioritization only; it is not an eligibility or exclusion decision.
CG0481,doi:10.1007/978-3-642-36071-8_20,20260731T091600Z-legacy-promotions-opencitations,,,,10.1007/978-3-642-36071-8_20,,,opencitations,10.1007/978-3-642-36071-8_20,CS104,S224,CS104,,unknown-date,no,,0,manual-date-check,,,,Keyword score is prioritization only; it is not an eligibility or exclusion decision.
CG0482,doi:10.1007/978-3-642-36249-1_4,20260731T091600Z-legacy-promotions-opencitations,,2013,2013,10.1007/978-3-642-36249-1_4,,,opencitations,10.1007/978-3-642-36249-1_4,CS090,S210,,CS090,included,no,,0,missing-title-manual-check,,,,Keyword score is prioritization only; it is not an eligibility or exclusion decision.
CG0483,doi:10.1007/978-3-642-36742-7_23,20260731T091600Z-legacy-promotions-opencitations,,2013,2013,10.1007/978-3-642-36742-7_23,,,opencitations,10.1007/978-3-642-36742-7_23,CS097;CS099;CS100,S217;S219;S220,,CS097;CS099;CS100,included,no,,0,missing-title-manual-check,,,,Keyword score is prioritization only; it is not an eligibility or exclusion decision.
CG0484,doi:10.1007/978-3-642-37036-6_11,20260731T091600Z-legacy-promotions-opencitations;20260731T091700Z-legacy-promotions-semanticscholar,Modular Reasoning about Separation of Concurrent Data Structures,2013,2013-03-16,10.1007/978-3-642-37036-6_11,,European Symposium on Programming,opencitations;semanticscholar,10.1007/978-3-642-37036-6_11;5b4b751350faf7b87158794f30402bd290d12a90,CS086;CS087;CS103,S206;S207;S223,CS086;CS087;CS103,,included,no,,0,title-screen,,,,Keyword score is prioritization only; it is not an eligibility or exclusion decision.
CG0486,doi:10.1007/978-3-642-37036-6_17,20260731T091600Z-legacy-promotions-opencitations;20260731T091700Z-legacy-promotions-semanticscholar,Verifying Concurrent Programs against Sequential Specifications,2013,2013-03-16,10.1007/978-3-642-37036-6_17,,European Symposium on Programming,opencitations;semanticscholar,10.1007/978-3-642-37036-6_17;e538fcfe97c6839aac457a9d837df418a71648b8,CS082;CS097;CS100,S202;S217;S220,,CS082;CS097;CS100,included,no,,0,title-screen,,,,Keyword score is prioritization only; it is not an eligibility or exclusion decision.
CG0487,doi:10.1007/978-3-642-37036-6_8,20260731T091700Z-legacy-promotions-semanticscholar,Why3 - Where Programs Meet Provers,2013,2013-03-16,10.1007/978-3-642-37036-6_8,,European Symposium on Programming,semanticscholar,4d011ed17687648ac4ce719e24c3bab77a4a143e,CS088,S208,CS088,,included,no,,0,title-screen,,,,Keyword score is prioritization only; it is not an eligibility or exclusion decision.
CG0488,doi:10.1007/978-3-642-37651-1_16,20260731T091700Z-legacy-promotions-semanticscholar,On Combinations of Local Theory Extensions,2008,2008-10-15,10.1007/978-3-642-37651-1_16,0810.2653,Programming Logics,semanticscholar,8b8c20566dea2471138c57d8e3eee1aa60636617,CS088,S208,CS088,,included,no,,0,title-screen,,,,Keyword score is prioritization only; it is not an eligibility or exclusion decision.
CG0489,doi:10.1007/978-3-642-38574-2_2,20260731T091700Z-legacy-promotions-semanticscholar,The Tree Width of Separation Logic with Recursive Definitions,2013,2013-01-22,10.1007/978-3-642-38574-2_2,1301.5139,CADE,semanticscholar,06543a6b9f14c23aacef35fa7de129afa8c23ad8,CS088,S208,CS088,,included,no,,0,title-screen,,,,Keyword score is prioritization only; it is not an eligibility or exclusion decision.
CG0490,doi:10.1007/978-3-642-38856-9_16,20260731T091600Z-legacy-promotions-opencitations;20260731T091700Z-legacy-promotions-semanticscholar,Automatic Synthesis of Deterministic Concurrency,2013,2013-06-20,10.1007/978-3-642-38856-9_16,,Sensors Applications Symposium,opencitations;semanticscholar,03f1f6aa9d827cb967f4e17c43a109a054344524;10.1007/978-3-642-38856-9_16,CS096,S216,,CS096,included,no,,0,title-screen,,,,Keyword score is prioritization only; it is not an eligibility or exclusion decision.
CG0491,doi:10.1007/978-3-642-39176-7_20,20260731T091600Z-legacy-promotions-opencitations,,2013,2013,10.1007/978-3-642-39176-7_20,,,opencitations,10.1007/978-3-642-39176-7_20,CS082;CS097;CS099;CS100,S202;S217;S219;S220,,CS082;CS097;CS099;CS100,included,no,,0,missing-title-manual-check,,,,Keyword score is prioritization only; it is not an eligibility or exclusion decision.
CG0492,doi:10.1007/978-3-642-39176-7_3,20260731T091600Z-legacy-promotions-opencitations,,2013,2013,10.1007/978-3-642-39176-7_3,,,opencitations,10.1007/978-3-642-39176-7_3,CS082;CS099,S202;S219,,CS082;CS099,included,no,,0,missing-title-manual-check,,,,Keyword score is prioritization only; it is not an eligibility or exclusion decision.
CG0493,doi:10.1007/978-3-642-39634-2_5,20260731T091600Z-legacy-promotions-opencitations,,,,10.1007/978-3-642-39634-2_5,,,opencitations,10.1007/978-3-642-39634-2_5,CS085,S205,CS085,,unknown-date,no,,0,manual-date-check,,,,Keyword score is prioritization only; it is not an eligibility or exclusion decision.
CG0494,doi:10.1007/978-3-642-39718-9_11,20260731T091700Z-legacy-promotions-semanticscholar,A High-Level Semantics for Program Execution under Total Store Order Memory,2013,2013-09-04,10.1007/978-3-642-39718-9_11,,International Colloquium on Theoretical Aspects of Computing,semanticscholar,27114524cd08a9231e0401a1bc7f6d77b08032fa,CS091,S211,,CS091,included,no,,0,title-screen,,,,Keyword score is prioritization only; it is not an eligibility or exclusion decision.
CG0496,doi:10.1007/978-3-642-40047-6_25,20260731T091700Z-legacy-promotions-semanticscholar,A Contention-Friendly Binary Search Tree,2013,2013-08-26,10.1007/978-3-642-40047-6_25,,European Conference on Parallel Processing,semanticscholar,663eda36657a10a2ab0d1e6482b0844efb1291cc,CS081,S201,,CS081,included,no,,0,title-screen,,,,Keyword score is prioritization only; it is not an eligibility or exclusion decision.
CG0497,doi:10.1007/978-3-642-40184-8_16,20260731T091600Z-legacy-promotions-opencitations;20260731T091700Z-legacy-promotions-semanticscholar,An Epistemic Perspective on Consistency of Concurrent Computations,2013,2013-05-10,10.1007/978-3-642-40184-8_16,1305.2295,International Conference on Concurrency Theory,opencitations;semanticscholar,10.1007/978-3-642-40184-8_16;4a5a0474ba70b206666f628736a61f5ea727b0bc,CS079;CS100,S199;S220,,CS079;CS100,included,no,,0,title-screen,,,,Keyword score is prioritization only; it is not an eligibility or exclusion decision.
CG0499,doi:10.1007/978-3-642-40184-8_18,20260731T091600Z-legacy-promotions-opencitations,,2013,2013,10.1007/978-3-642-40184-8_18,,,opencitations,10.1007/978-3-642-40184-8_18,CS082;CS087;CS099;CS100,S202;S207;S219;S220,CS087,CS082;CS099;CS100,included,no,,0,missing-title-manual-check,,,,Keyword score is prioritization only; it is not an eligibility or exclusion decision.
CG0500,doi:10.1007/978-3-642-41202-8_26,20260731T091600Z-legacy-promotions-opencitations;20260731T091700Z-legacy-promotions-semanticscholar,Automated Specification Discovery via User-Defined Predicates,2013,2013-10-29,10.1007/978-3-642-41202-8_26,,IEEE International Conference on Formal Engineering Methods,opencitations;semanticscholar,10.1007/978-3-642-41202-8_26;c8ae5632d31034221e51b24ae226a68f92dd74e6,CS099,S219,,CS099,included,no,,0,title-screen,,,,Keyword score is prioritization only; it is not an eligibility or exclusion decision.
CG0501,doi:10.1007/978-3-642-41527-2_11,20260731T091700Z-legacy-promotions-semanticscholar,Practical Parallel Nesting for Software Transactional Memory,2013,2013-10-14,10.1007/978-3-642-41527-2_11,,International Symposium on Distributed Computing,semanticscholar,d18d5ecdde9edb482237e2d48b8c66556f8a4013,CS081,S201,,CS081,included,no,,0,title-screen,,,,Keyword score is prioritization only; it is not an eligibility or exclusion decision.
CG0502,doi:10.1007/978-3-642-45249-9,20260731T091700Z-legacy-promotions-semanticscholar,Distributed Computing and Networking,2014,,10.1007/978-3-642-45249-9,,Lecture Notes in Computer Science,semanticscholar,170275e94f304909f524664f4d74e6939bac5385,CS081,S201,,CS081,included,no,,0,title-screen,,,,Keyword score is prioritization only; it is not an eligibility or exclusion decision.
CG0503,doi:10.1007/978-3-642-54833-8_16,20260731T091600Z-legacy-promotions-opencitations;20260731T091700Z-legacy-promotions-semanticscholar,Communicating State Transition Systems for Fine-Grained Concurrent Resources,2014,2014-04-05,10.1007/978-3-642-54833-8_16,,European Symposium on Programming,opencitations;semanticscholar,10.1007/978-3-642-54833-8_16;df0f6416cb99fe25b69c1e14a85c29dad43ef1af,CS085;CS086;CS088;CS103,S205;S206;S208;S223,CS085;CS086;CS088;CS103,,included,no,,0,title-screen,,,,Keyword score is prioritization only; it is not an eligibility or exclusion decision.
CG0504,doi:10.1007/978-3-642-54833-8_17,20260731T091600Z-legacy-promotions-opencitations;20260731T091700Z-legacy-promotions-semanticscholar,Checking Linearizability of Encapsulated Extended Operations,2014,2014-04-05,10.1007/978-3-642-54833-8_17,,European Symposium on Programming,opencitations;semanticscholar,10.1007/978-3-642-54833-8_17;7f43789aabc3cbee88a80c2fbf92d2e1d55360bb,CS096;CS097;CS100,S216;S217;S220,,CS096;CS097;CS100,included,no,,0,title-screen,,,,Keyword score is prioritization only; it is not an eligibility or exclusion decision.
CG0505,doi:10.1007/978-3-642-54833-8_9,20260731T091600Z-legacy-promotions-opencitations;20260731T091700Z-legacy-promotions-semanticscholar,Impredicative Concurrent Abstract Predicates,2014,2014-04-05,10.1007/978-3-642-54833-8_9,,European Symposium on Programming,opencitations;semanticscholar,10.1007/978-3-642-54833-8_9;8f89cf90580dd5442096c1db87b35f65b5e53af3,CS085;CS086;CS087;CS088;CS103,S205;S206;S207;S208;S223,CS085;CS086;CS087;CS088;CS103,,included,no,,0,title-screen,,,,Keyword score is prioritization only; it is not an eligibility or exclusion decision.
CG0506,doi:10.1007/978-3-642-54862-8_9,20260731T091600Z-legacy-promotions-opencitations,,,,10.1007/978-3-642-54862-8_9,,,opencitations,10.1007/978-3-642-54862-8_9,CS086;CS087,S206;S207,CS086;CS087,,unknown-date,no,,0,manual-date-check,,,,Keyword score is prioritization only; it is not an eligibility or exclusion decision.
CG0507,doi:10.1007/978-3-642-59851-7,20260731T091600Z-legacy-promotions-opencitations,,,,10.1007/978-3-642-59851-7,,,opencitations,10.1007/978-3-642-59851-7,CS095,S215,CS095,,unknown-date,no,,0,manual-date-check,,,,Keyword score is prioritization only; it is not an eligibility or exclusion decision.
CG0508,doi:10.1007/978-3-642-71549-5,20260731T091700Z-legacy-promotions-semanticscholar,Temporal Logic of Programs,1987,,10.1007/978-3-642-71549-5,,EATCS Monographs on Theoretical Computer Science,semanticscholar,53e5d573f977bd59416b0bf870bfd4d917c9b79a,CS088,S208,CS088,,included,no,,0,title-screen,,,,Keyword score is prioritization only; it is not an eligibility or exclusion decision.
CG0509,doi:10.1007/978-3-662-03811-6,20260731T091600Z-legacy-promotions-opencitations,,,,10.1007/978-3-662-03811-6,,,opencitations,10.1007/978-3-662-03811-6,CS096,S216,CS096,,unknown-date,no,,0,manual-date-check,,,,Keyword score is prioritization only; it is not an eligibility or exclusion decision.
CG0510,doi:10.1007/978-3-662-07964-5,20260731T091600Z-legacy-promotions-opencitations,,,,10.1007/978-3-662-07964-5,,,opencitations,10.1007/978-3-662-07964-5,CS085,S205,CS085,,unknown-date,no,,0,manual-date-check,,,,Keyword score is prioritization only; it is not an eligibility or exclusion decision.
CG0511,doi:10.1007/978-3-662-43652-3_6,20260731T091600Z-legacy-promotions-opencitations;20260731T091700Z-legacy-promotions-semanticscholar,MAZE: An Extension of Object-Z for Multi-Agent Systems,2014,2014-06-02,10.1007/978-3-662-43652-3_6,,"International Conference on Abstract State Machines, Alloy, B, TLA, VDM, and Z",opencitations;semanticscholar,10.1007/978-3-662-43652-3_6;d3ceb8b80f696826997e99f361137e8632de4904,CS084,S204,,CS084,included,no,,0,title-screen,,,,Keyword score is prioritization only; it is not an eligibility or exclusion decision.
CG0512,doi:10.1007/978-3-662-43951-7_9,20260731T091600Z-legacy-promotions-opencitations;20260731T091700Z-legacy-promotions-semanticscholar,Parameterised Linearisability,2014,2014,10.1007/978-3-662-43951-7_9,,"International Colloquium on Automata, Languages and Programming",opencitations;semanticscholar,10.1007/978-3-662-43951-7_9;364d689ec3fb6e878fc503f4c6cbb6565b682770,CS079;CS103,S199;S223,CS103,CS079,included,no,,0,title-screen,,,,Keyword score is prioritization only; it is not an eligibility or exclusion decision.
CG0513,doi:10.1007/978-3-662-44202-9,20260731T091700Z-legacy-promotions-semanticscholar,ECOOP 2014 – Object-Oriented Programming,2014,,10.1007/978-3-662-44202-9,,Lecture Notes in Computer Science,semanticscholar,d05aa2e214beca7a48927fcb55aa5bca01d2fd48,CS089,S209,,CS089,included,no,,0,title-screen,,,,Keyword score is prioritization only; it is not an eligibility or exclusion decision.
CG0514,doi:10.1007/978-3-662-44202-9_9,20260731T091600Z-legacy-promotions-opencitations;20260731T091700Z-legacy-promotions-semanticscholar,TaDA: A Logic for Time and Data Abstraction,2014,2014-08-01,10.1007/978-3-662-44202-9_9,,European Conference on Object-Oriented Programming,opencitations;semanticscholar,10.1007/978-3-662-44202-9_9;57a680b14c1c66b8641e4f65cedbd1519d8f1db1,CS085;CS086;CS087;CS089;CS103;CS104,S205;S206;S207;S209;S223;S224,CS085;CS086;CS087;CS103;CS104,CS089,included,no,,0,title-screen,,,,Keyword score is prioritization only; it is not an eligibility or exclusion decision.
CG0515,doi:10.1007/978-3-662-45174-8_26,20260731T091600Z-legacy-promotions-opencitations;20260731T091700Z-legacy-promotions-semanticscholar,Safety of Live Transactions in Transactional Memory: TMS is Necessary and Sufficient,2014,2014-10-12,10.1007/978-3-662-45174-8_26,,International Symposium on Distributed Computing,opencitations;semanticscholar,10.1007/978-3-662-45174-8_26;4b46c3acd0a8566f4b8e33fc8f2d14f8b9994c75,CS079,S199,,CS079,included,no,,0,title-screen,,,,Keyword score is prioritization only; it is not an eligibility or exclusion decision.
CG0516,doi:10.1007/978-3-662-45237-0_3,20260731T091700Z-legacy-promotions-semanticscholar,A New Contention Management Technique for Obstruction Free Transactional Memory,2014,2014-11-05,10.1007/978-3-662-45237-0_3,,International Conference on Computer Information Systems and Industrial Management Applications,semanticscholar,4ec11d0567dd3b50eb739e73b1a237d5a7d5139b,CS081,S201,,CS081,included,no,,0,title-screen,,,,Keyword score is prioritization only; it is not an eligibility or exclusion decision.
CG0518,doi:10.1007/978-3-662-46081-8_8,20260731T091600Z-legacy-promotions-opencitations;20260731T091700Z-legacy-promotions-semanticscholar,Analysis of Infinite-State Graph Transformation Systems by Cluster Abstraction,2015,2015-01-12,10.1007/978-3-662-46081-8_8,,"International Conference on Verification, Model Checking and Abstract Interpretation",opencitations;semanticscholar,10.1007/978-3-662-46081-8_8;19cef2b2979930b2bf0b3c3afa660fd839667dd5,CS096;CS097,S216;S217,,CS096;CS097,included,no,,0,title-screen,,,,Keyword score is prioritization only; it is not an eligibility or exclusion decision.
CG0519,doi:10.1007/978-3-662-46669-8_13,20260731T091700Z-legacy-promotions-semanticscholar,The Best of Both Worlds: Trading Efficiency and Optimality in Fence Insertion for TSO,2015,2015-04-11,10.1007/978-3-662-46669-8_13,,European Symposium on Programming,semanticscholar,2cff4fdd87259aacc41a652d64a9bed8dda44cfa,CS081,S201,,CS081,included,no,,0,title-screen,,,,Keyword score is prioritization only; it is not an eligibility or exclusion decision.
CG0521,doi:10.1007/978-3-662-46669-8_29,20260731T091600Z-legacy-promotions-opencitations;20260731T091700Z-legacy-promotions-semanticscholar,CoLoSL: Concurrent Local Subjective Logic,2015,2015-04-11,10.1007/978-3-662-46669-8_29,,European Symposium on Programming,opencitations;semanticscholar,10.1007/978-3-662-46669-8_29;c7b5e54bab9a1b0c5849c31d56f39fb70d817e45,CS085;CS086;CS088,S205;S206;S208,CS085;CS086;CS088,,included,no,,0,title-screen,,,,Keyword score is prioritization only; it is not an eligibility or exclusion decision.
CG0522,doi:10.1007/978-3-662-47666-6_8,20260731T091600Z-legacy-promotions-opencitations;20260731T091700Z-legacy-promotions-semanticscholar,On Reducing Linearizability to State Reachability,2015,2015-02-24,10.1007/978-3-662-47666-6_8,1502.06882,"International Colloquium on Automata, Languages and Programming",opencitations;semanticscholar,10.1007/978-3-662-47666-6_8;426f4343fe8bab6df7582742e856f9015c2acb9e,CS100,S220,,CS100,included,no,,0,title-screen,,,,Keyword score is prioritization only; it is not an eligibility or exclusion decision.
CG0523,doi:10.1007/978-3-662-48288-9_6,20260731T091600Z-legacy-promotions-opencitations;20260731T091700Z-legacy-promotions-semanticscholar,Shape Analysis for Unstructured Sharing,2015,2015-09-09,10.1007/978-3-662-48288-9_6,,Sensors Applications Symposium,opencitations;semanticscholar,10.1007/978-3-662-48288-9_6;f9a429362f80bc3272f33829cded640eaae31b97,CS099,S219,,CS099,included,no,,0,title-screen,,,,Keyword score is prioritization only; it is not an eligibility or exclusion decision.
CG0524,doi:10.1007/978-3-662-48653-5_12,20260731T091700Z-legacy-promotions-semanticscholar,Towards Automatic Lock Removal for Scalable Synchronization,2015,2015-10-07,10.1007/978-3-662-48653-5_12,,International Symposium on Distributed Computing,semanticscholar,6061ecaae106d797d54ffda8e15223d2e7ed4ac8,CS081,S201,,CS081,included,no,,0,title-screen,,,,Keyword score is prioritization only; it is not an eligibility or exclusion decision.
CG0525,doi:10.1007/978-3-662-48653-5_24,20260731T091700Z-legacy-promotions-semanticscholar,A Constructive Approach for Proving Data Structures' Linearizability,2015,2015-10-07,10.1007/978-3-662-48653-5_24,,International Symposium on Distributed Computing,semanticscholar,ff17bcf7f79c9031b3323164b6000a34d48f9ef6,CS091,S211,,CS091,included,no,,0,title-screen,,,,Keyword score is prioritization only; it is not an eligibility or exclusion decision.
CG0527,doi:10.1007/978-3-662-49122-5_19,20260731T091600Z-legacy-promotions-opencitations;20260731T091700Z-legacy-promotions-semanticscholar,Pointer Race Freedom,2015,2015-12-25,10.1007/978-3-662-49122-5_19,1511.00184,"International Conference on Verification, Model Checking and Abstract Interpretation",opencitations;semanticscholar,10.1007/978-3-662-49122-5_19;bfb8338061eb1936dfff1c19973c5d04c0511e5e,CS099,S219,,CS099,included,no,,0,title-screen,,,,Keyword score is prioritization only; it is not an eligibility or exclusion decision.
CG0528,doi:10.1007/978-3-662-49122-5_2,20260731T091600Z-legacy-promotions-opencitations,,,,10.1007/978-3-662-49122-5_2,,,opencitations,10.1007/978-3-662-49122-5_2,CS086;CS087,S206;S207,CS086;CS087,,unknown-date,no,,0,manual-date-check,,,,Keyword score is prioritization only; it is not an eligibility or exclusion decision.
CG0533,doi:10.1007/978-3-662-54434-1_17,20260731T091600Z-legacy-promotions-opencitations;20260731T091700Z-legacy-promotions-semanticscholar,Tackling Real-Life Relaxed Concurrency with FSL++,2017,2017-04-25,10.1007/978-3-662-54434-1_17,,European Symposium on Programming,opencitations;semanticscholar,10.1007/978-3-662-54434-1_17;57af923f720b261e7c88a86267997033759457d7,CS086,S206,CS086,,included,no,,0,title-screen,,,,Keyword score is prioritization only; it is not an eligibility or exclusion decision.
CG0534,doi:10.1007/978-3-662-54434-1_24,20260731T091600Z-legacy-promotions-opencitations;20260731T091700Z-legacy-promotions-semanticscholar,Proving Linearizability Using Partial Orders,2017,2017-01-19,10.1007/978-3-662-54434-1_24,1701.05463,European Symposium on Programming,opencitations;semanticscholar,10.1007/978-3-662-54434-1_24;240798283585c18f284abab3fdef5085f590b311,CS083;CS089,S203;S209,CS083,CS089,included,no,,0,title-screen,,,,Keyword score is prioritization only; it is not an eligibility or exclusion decision.
CG0535,doi:10.1007/978-3-662-54434-1_26,20260731T091600Z-legacy-promotions-opencitations;20260731T091700Z-legacy-promotions-semanticscholar,The Essence of Higher-Order Concurrent Separation Logic,2017,2017-04-22,10.1007/978-3-662-54434-1_26,,European Symposium on Programming,opencitations;semanticscholar,10.1007/978-3-662-54434-1_26;40ad5da7268bdc6468c997f5eb1b71c0f798c6ef,CS085;CS086;CS087,S205;S206;S207,CS086;CS087,CS085,included,no,,0,title-screen,,,,Keyword score is prioritization only; it is not an eligibility or exclusion decision.
CG0536,doi:10.1007/978-3-662-54434-1_36,20260731T091600Z-legacy-promotions-opencitations;20260731T091700Z-legacy-promotions-semanticscholar,Abstract Specifications for Concurrent Maps,2017,2017-04-22,10.1007/978-3-662-54434-1_36,,European Symposium on Programming,opencitations;semanticscholar,092dcce6d10ec8c0faf2a5fa7831ad3471ccef03;10.1007/978-3-662-54434-1_36,CS103,S223,,CS103,included,no,,0,title-screen,,,,Keyword score is prioritization only; it is not an eligibility or exclusion decision.
CG0537,doi:10.1007/978-81-322-1988-0_5,20260731T091700Z-legacy-promotions-semanticscholar,A Lightweight Implementation of Obstruction-Free Software Transactional Memory,2014,,10.1007/978-81-322-1988-0_5,,International Doctoral Symposium on Applied Computation and Security Systems,semanticscholar,22619b859013caed99ceb56fa55d99cf61ac6b26,CS081,S201,,CS081,included,no,,0,title-screen,,,,Keyword score is prioritization only; it is not an eligibility or exclusion decision.
CG0538,doi:10.1007/978-94-017-0435-9_1,20260731T091600Z-legacy-promotions-opencitations,,,,10.1007/978-94-017-0435-9_1,,,opencitations,10.1007/978-94-017-0435-9_1,CS090,S210,CS090,,unknown-date,no,,0,manual-date-check,,,,Keyword score is prioritization only; it is not an eligibility or exclusion decision.
CG0539,doi:10.1007/978-981-96-0602-3_13,20260731T091600Z-legacy-promotions-opencitations,,2024,2024-11-25,10.1007/978-981-96-0602-3_13,,,opencitations,10.1007/978-981-96-0602-3_13,CS080,S200,,CS080,included,no,,0,missing-title-manual-check,,,,Keyword score is prioritization only; it is not an eligibility or exclusion decision.
CG0540,doi:10.1007/978-981-97-8943-6_17,20260731T091600Z-legacy-promotions-opencitations,,2024,2024-10-28,10.1007/978-981-97-8943-6_17,,,opencitations,10.1007/978-981-97-8943-6_17,CS106,S226,,CS106,included,no,,0,missing-title-manual-check,,,,Keyword score is prioritization only; it is not an eligibility or exclusion decision.
CG0541,doi:10.1007/bf00263762,20260731T091600Z-legacy-promotions-opencitations,,,,10.1007/bf00263762,,,opencitations,10.1007/bf00263762,CS084,S204,CS084,,unknown-date,no,,0,manual-date-check,,,,Keyword score is prioritization only; it is not an eligibility or exclusion decision.
CG0542,doi:10.1007/bf00268134,20260731T091600Z-legacy-promotions-opencitations,,,,10.1007/bf00268134,,,opencitations,10.1007/bf00268134,CS084;CS090,S204;S210,CS084;CS090,,unknown-date,no,,0,manual-date-check,,,,Keyword score is prioritization only; it is not an eligibility or exclusion decision.
CG0543,doi:10.1007/bf00289237,20260731T091600Z-legacy-promotions-opencitations,,,,10.1007/bf00289237,,,opencitations,10.1007/bf00289237,CS097,S217,CS097,,unknown-date,no,,0,manual-date-check,,,,Keyword score is prioritization only; it is not an eligibility or exclusion decision.
CG0546,doi:10.1007/bf01379320,20260731T091700Z-legacy-promotions-semanticscholar,Two algorithms for barrier synchronization,1988,1988-02-01,10.1007/bf01379320,,International journal of parallel programming,semanticscholar,aae636bd99bc4bae4cd4afcfa4621ef573a55c26,CS088,S208,CS088,,included,no,,0,title-screen,,,,Keyword score is prioritization only; it is not an eligibility or exclusion decision.
CG0547,doi:10.1007/bf01407877,20260731T091700Z-legacy-promotions-semanticscholar,The butterfly barrier,1986,1986-10-01,10.1007/bf01407877,,International journal of parallel programming,semanticscholar,ae19d6bfa1ea857eb9bac0d3a12d1376b2972775,CS088,S208,CS088,,included,no,,0,title-screen,,,,Keyword score is prioritization only; it is not an eligibility or exclusion decision.
CG0548,doi:10.1007/bf01782772,20260731T091600Z-legacy-promotions-opencitations,,,,10.1007/bf01782772,,,opencitations,10.1007/bf01782772,CS090,S210,CS090,,unknown-date,no,,0,manual-date-check,,,,Keyword score is prioritization only; it is not an eligibility or exclusion decision.
CG0549,doi:10.1007/bfb0014329,20260731T091600Z-legacy-promotions-opencitations;20260731T091700Z-legacy-promotions-semanticscholar,Programming in Lygon: An Overview,1996,1996-07-01,10.1007/bfb0014329,,International Conference on Algebraic Methodology and Software Technology,opencitations;semanticscholar,10.1007/bfb0014329;42c353a5b6292804c4357d72b2c0be46fa4ae89a,CS086,S206,CS086,,included,no,,0,title-screen,,,,Keyword score is prioritization only; it is not an eligibility or exclusion decision.
CG0550,doi:10.1007/bfb0032063,20260731T091700Z-legacy-promotions-semanticscholar,An Efficient Algorithm for Branching Bisimulation and Stuttering Equivalence,1990,1990-07-16,10.1007/bfb0032063,,"International Colloquium on Automata, Languages and Programming",semanticscholar,0e54af8edfc0f1d18fb1dea7f89eea4e2013e3c6,CS093,S213,CS093,,included,no,,0,title-screen,,,,Keyword score is prioritization only; it is not an eligibility or exclusion decision.
CG0551,doi:10.1007/bfb0058037,20260731T091600Z-legacy-promotions-opencitations;20260731T091700Z-legacy-promotions-semanticscholar,A Simple Characterization of Stuttering Bisimulation,1997,1997-12-18,10.1007/bfb0058037,,Foundations of Software Technology and Theoretical Computer Science,opencitations;semanticscholar,10.1007/bfb0058037;b33dbc4c1db582bd0f2c24a48bbf05eb4c02422f,CS083;CS093,S203;S213,CS083;CS093,,included,no,,0,title-screen,,,,Keyword score is prioritization only; it is not an eligibility or exclusion decision.
CG0552,doi:10.1007/pl00003935,20260731T091600Z-legacy-promotions-opencitations;20260731T091700Z-legacy-promotions-semanticscholar,Data Refinement of Remote Procedures,2000,2000-12-01,10.1007/pl00003935,,Formal Aspects of Computing,opencitations;semanticscholar,013520338fc4415a85ca363ea6d57bc8711fd78c;10.1007/pl00003935,CS078,S198,CS078,,included,no,,0,title-screen,,,,Keyword score is prioritization only; it is not an eligibility or exclusion decision.
CG0553,doi:10.1007/s00165-008-0092-5,20260731T091600Z-legacy-promotions-opencitations,,,,10.1007/s00165-008-0092-5,,,opencitations,10.1007/s00165-008-0092-5,CS090,S210,CS090,,unknown-date,no,,0,manual-date-check,,,,Keyword score is prioritization only; it is not an eligibility or exclusion decision.
CG0555,doi:10.1007/s00165-010-0156-1,20260731T091700Z-legacy-promotions-semanticscholar,Elucidating concurrent algorithms via layers of abstraction and reification,2011,2011-05-01,10.1007/s00165-010-0156-1,,Formal Aspects of Computing,semanticscholar,340934a6b8fdc8f1c360560f679a2ee355f7126d,CS089,S209,,CS089,included,no,,0,title-screen,,,,Keyword score is prioritization only; it is not an eligibility or exclusion decision.
CG0558,doi:10.1007/s00165-012-0250-7,20260731T091700Z-legacy-promotions-semanticscholar,Using refinement calculus techniques to prove linearizability,2012,2012-07-01,10.1007/s00165-012-0250-7,,Formal Aspects of Computing,semanticscholar,0b445f47686329d186f79096db2860da2e725149,CS091,S211,CS091,,included,no,,0,title-screen,,,,Keyword score is prioritization only; it is not an eligibility or exclusion decision.
CG0560,doi:10.1007/s00165-014-0326-7,20260731T091700Z-legacy-promotions-semanticscholar,Frama-C: A software analysis perspective,2015,2015-05-01,10.1007/s00165-014-0326-7,,Formal Aspects of Computing,semanticscholar,2471f083ae362e3a40907a7b841b457024c9a644,CS088,S208,CS088,,included,no,,0,title-screen,,,,Keyword score is prioritization only; it is not an eligibility or exclusion decision.
CG0561,doi:10.1007/s00165-016-0398-7,20260731T091600Z-legacy-promotions-opencitations,,,,10.1007/s00165-016-0398-7,,,opencitations,10.1007/s00165-016-0398-7,CS095,S215,CS095,,unknown-date,no,,0,manual-date-check,,,,Keyword score is prioritization only; it is not an eligibility or exclusion decision.
CG0562,doi:10.1007/s00165-017-0417-3,20260731T091600Z-legacy-promotions-opencitations,,2017,2017-07,10.1007/s00165-017-0417-3,,,opencitations,10.1007/s00165-017-0417-3,CS090,S210,,CS090,included,no,,0,missing-title-manual-check,,,,Keyword score is prioritization only; it is not an eligibility or exclusion decision.
CG0563,doi:10.1007/s00165-017-0418-2,20260731T091600Z-legacy-promotions-opencitations;20260731T091700Z-legacy-promotions-semanticscholar,Relating trace refinement and linearizability,2017,2017-02-14,10.1007/s00165-017-0418-2,,Formal Aspects of Computing,opencitations;semanticscholar,10.1007/s00165-017-0418-2;e2a5210de4e8d3acc4e923b71960e171e6d00ad8,CS079;CS084,S199;S204,,CS079;CS084,included,no,,0,title-screen,,,,Keyword score is prioritization only; it is not an eligibility or exclusion decision.
CG0565,doi:10.1007/s00165-019-00482-3,20260731T091700Z-legacy-promotions-semanticscholar,Investigating the limits of rely/guarantee relations based on a concurrent garbage collector example,2019,2019-04-15,10.1007/s00165-019-00482-3,,Formal Aspects of Computing,semanticscholar,2b6facf52f8e675d24782cb3237a5065ee0f306c,CS089,S209,,CS089,included,no,,0,title-screen,,,,Keyword score is prioritization only; it is not an eligibility or exclusion decision.
CG0567,doi:10.1007/s00165-021-00541-8,20260731T091700Z-legacy-promotions-semanticscholar,Verifying correctness of persistent concurrent data structures: a sound and complete method,2019,2019-10-07,10.1007/s00165-021-00541-8,,Formal Aspects of Computing,semanticscholar,a3835ab9aede2784df6d6e03a4d44bc64b5d6089,CS100,S220,,CS100,included,no,,0,title-screen,,,,Keyword score is prioritization only; it is not an eligibility or exclusion decision.
CG0568,doi:10.1007/s001650050007,20260731T091600Z-legacy-promotions-opencitations,,,,10.1007/s001650050007,,,opencitations,10.1007/s001650050007,CS098,S218,CS098,,unknown-date,no,,0,manual-date-check,,,,Keyword score is prioritization only; it is not an eligibility or exclusion decision.
CG0569,doi:10.1007/s00224-015-9607-7,20260731T091700Z-legacy-promotions-semanticscholar,On Avoiding Spare Aborts in Transactional Memory,2009,2009-08-11,10.1007/s00224-015-9607-7,,ACM Symposium on Parallelism in Algorithms and Architectures,semanticscholar,2a0c7e1afb45bc21e69dc55c62b4d947e4d58f45,CS081,S201,,CS081,included,no,,0,title-screen,,,,Keyword score is prioritization only; it is not an eligibility or exclusion decision.
CG0570,doi:10.1007/s00236-006-0020-1,20260731T091600Z-legacy-promotions-opencitations,,,,10.1007/s00236-006-0020-1,,,opencitations,10.1007/s00236-006-0020-1,CS084;CS090,S204;S210,CS084;CS090,,unknown-date,no,,0,manual-date-check,,,,Keyword score is prioritization only; it is not an eligibility or exclusion decision.
CG0571,doi:10.1007/s00236-007-0044-1,20260731T091600Z-legacy-promotions-opencitations,,,,10.1007/s00236-007-0044-1,,,opencitations,10.1007/s00236-007-0044-1,CS084,S204,CS084,,unknown-date,no,,0,manual-date-check,,,,Keyword score is prioritization only; it is not an eligibility or exclusion decision.
CG0572,doi:10.1007/s00236-015-0222-5,20260731T091600Z-legacy-promotions-opencitations;20260731T091700Z-legacy-promotions-semanticscholar,Parametrized invariance for infinite state processes,2015,2015-02-25,10.1007/s00236-015-0222-5,1312.4043,Acta Informatica,opencitations;semanticscholar,10.1007/s00236-015-0222-5;13d23070745857672d627b47a11bb2d3ccd39dec,CS097;CS099;CS100,S217;S219;S220,,CS097;CS099;CS100,included,no,,0,title-screen,,,,Keyword score is prioritization only; it is not an eligibility or exclusion decision.
CG0574,doi:10.1007/s00236-016-0275-0,20260731T091600Z-legacy-promotions-opencitations,,,,10.1007/s00236-016-0275-0,,,opencitations,10.1007/s00236-016-0275-0,CS106,S226,CS106,,unknown-date,no,,0,manual-date-check,,,,Keyword score is prioritization only; it is not an eligibility or exclusion decision.
CG0575,doi:10.1007/s00236-025-00500-3,20260731T091600Z-legacy-promotions-opencitations,,2025,2025-08-06,10.1007/s00236-025-00500-3,,,opencitations,10.1007/s00236-025-00500-3,CS077,S197,,CS077,included,no,,0,missing-title-manual-check,,,,Keyword score is prioritization only; it is not an eligibility or exclusion decision.
CG0576,doi:10.1007/s002360050039,20260731T091600Z-legacy-promotions-opencitations,,,,10.1007/s002360050039,,,opencitations,10.1007/s002360050039,CS090,S210,CS090,,unknown-date,no,,0,manual-date-check,,,,Keyword score is prioritization only; it is not an eligibility or exclusion decision.
CG0577,doi:10.1007/s00354-019-00073-z,20260731T091700Z-legacy-promotions-semanticscholar,Concurrent Treaps and Impact of Locking Objects,2019,2019-09-04,10.1007/s00354-019-00073-z,,New generation computing,semanticscholar,8e1bf9ade44ab6e8f0c88da9be09a8160cdcc178,CS081,S201,,CS081,included,no,,0,title-screen,,,,Keyword score is prioritization only; it is not an eligibility or exclusion decision.
CG0578,doi:10.1007/s00446-002-0079-z,20260731T091600Z-legacy-promotions-opencitations,,,,10.1007/s00446-002-0079-z,,,opencitations,10.1007/s00446-002-0079-z,CS105,S225,CS105,,unknown-date,no,,0,manual-date-check,,,,Keyword score is prioritization only; it is not an eligibility or exclusion decision.
CG0579,doi:10.1007/s00446-004-0115-2,20260731T091600Z-legacy-promotions-opencitations,,,,10.1007/s00446-004-0115-2,,,opencitations,10.1007/s00446-004-0115-2,CS099,S219,CS099,,unknown-date,no,,0,manual-date-check,,,,Keyword score is prioritization only; it is not an eligibility or exclusion decision.
CG0580,doi:10.1007/s00446-007-0042-0,20260731T091600Z-legacy-promotions-opencitations,,,,10.1007/s00446-007-0042-0,,,opencitations,10.1007/s00446-007-0042-0,CS104,S224,CS104,,unknown-date,no,,0,manual-date-check,,,,Keyword score is prioritization only; it is not an eligibility or exclusion decision.
CG0582,doi:10.1007/s00446-017-0301-7,20260731T091600Z-legacy-promotions-opencitations,,,,10.1007/s00446-017-0301-7,,,opencitations,10.1007/s00446-017-0301-7,CS104,S224,CS104,,unknown-date,no,,0,manual-date-check,,,,Keyword score is prioritization only; it is not an eligibility or exclusion decision.
CG0584,doi:10.1007/s00446-022-00441-x,20260731T091700Z-legacy-promotions-semanticscholar,The splay-list: a distribution-adaptive concurrent skip-list,2020,2020-08-03,10.1007/s00446-022-00441-x,2008.01009,Distributed computing,semanticscholar,27a8f577189babaa30f0195abfb148a27bc00330,CS081,S201,,CS081,included,no,,0,title-screen,,,,Keyword score is prioritization only; it is not an eligibility or exclusion decision.
CG0585,doi:10.1007/s004460050028,20260731T091700Z-legacy-promotions-semanticscholar,Software transactional memory,1995,1995-08-20,10.1007/s004460050028,,ACM SIGACT-SIGOPS Symposium on Principles of Distributed Computing,semanticscholar,1ec01eff6e6f2583bdd9dc29de524b9771a2ef04,CS088,S208,CS088,,included,no,,0,title-screen,,,,Keyword score is prioritization only; it is not an eligibility or exclusion decision.
CG0586,doi:10.1007/s00607-018-0596-7,20260731T091600Z-legacy-promotions-opencitations;20260731T091700Z-legacy-promotions-semanticscholar,On the complexity of linearizability,2018,2018-03-01,10.1007/s00607-018-0596-7,1410.5000,Computing,opencitations;semanticscholar,10.1007/s00607-018-0596-7;2061868a7c4280b3fe12eb5e120d76d38cffda36,CS100,S220,,CS100,included,no,,0,title-screen,,,,Keyword score is prioritization only; it is not an eligibility or exclusion decision.
CG0587,doi:10.1007/s10009-012-0244-z,20260731T091600Z-legacy-promotions-opencitations,,,,10.1007/s10009-012-0244-z,,,opencitations,10.1007/s10009-012-0244-z,CS083,S203,CS083,,unknown-date,no,,0,manual-date-check,,,,Keyword score is prioritization only; it is not an eligibility or exclusion decision.
CG0589,doi:10.1007/s10009-015-0373-2,20260731T091600Z-legacy-promotions-opencitations;20260731T091700Z-legacy-promotions-semanticscholar,Verifying a quantitative relaxation of linearizability via refinement,2015,2015-03-18,10.1007/s10009-015-0373-2,,International Journal on Software Tools for Technology Transfer (STTT),opencitations;semanticscholar,10.1007/s10009-015-0373-2;6f3007bcf16ab82e4a4e4504b672d5e3b7851a6d,CS082;CS099,S202;S219,,CS082;CS099,included,no,,0,title-screen,,,,Keyword score is prioritization only; it is not an eligibility or exclusion decision.
CG0594,doi:10.1007/s10472-013-9356-8,20260731T091600Z-legacy-promotions-opencitations,,2013,2013-06-05,10.1007/s10472-013-9356-8,,,opencitations,10.1007/s10472-013-9356-8,CS090,S210,,CS090,included,no,,0,missing-title-manual-check,,,,Keyword score is prioritization only; it is not an eligibility or exclusion decision.
CG0595,doi:10.1007/s10472-014-9417-7,20260731T091600Z-legacy-promotions-opencitations,,2014,2014-04-10,10.1007/s10472-014-9417-7,,,opencitations,10.1007/s10472-014-9417-7,CS090,S210,,CS090,included,no,,0,missing-title-manual-check,,,,Keyword score is prioritization only; it is not an eligibility or exclusion decision.
CG0597,doi:10.1007/s10703-008-0063-8,20260731T091700Z-legacy-promotions-semanticscholar,Local proofs for global safety properties,2007,2007-07-03,10.1007/s10703-008-0063-8,,Formal Methods Syst. Des.,semanticscholar,13428ac585a8d2b5bb29f7106e489249c96d256c,CS088,S208,CS088,,included,no,,0,title-screen,,,,Keyword score is prioritization only; it is not an eligibility or exclusion decision.
CG0598,doi:10.1007/s10703-010-0096-7,20260731T091600Z-legacy-promotions-opencitations;20260731T091700Z-legacy-promotions-semanticscholar,Context-aware counter abstraction,2010,2010-09-01,10.1007/s10703-010-0096-7,,Formal Methods Syst. Des.,opencitations;semanticscholar,10.1007/s10703-010-0096-7;86b69d6cf8037c0cd93d49b8ed38c0c16bd900bf,CS096,S216,,CS096,included,no,,0,title-screen,,,,Keyword score is prioritization only; it is not an eligibility or exclusion decision.
CG0599,doi:10.1007/s10703-021-00366-4,20260731T091600Z-legacy-promotions-opencitations;20260731T091700Z-legacy-promotions-semanticscholar,A relational shape abstract domain,2021,2021-04-24,10.1007/s10703-021-00366-4,,Formal methods in system design,opencitations;semanticscholar,10.1007/s10703-021-00366-4;203a9a4f36426e0f9b76d7cc105991675465704f,CS101,S221,,CS101,included,no,,0,title-screen,,,,Keyword score is prioritization only; it is not an eligibility or exclusion decision.
CG0600,doi:10.1007/s10703-021-00370-8,20260731T091600Z-legacy-promotions-opencitations;20260731T091700Z-legacy-promotions-semanticscholar,Rely-guarantee bound analysis of parameterized concurrent shared-memory programs,2021,2021-04-06,10.1007/s10703-021-00370-8,,Formal methods in system design,opencitations;semanticscholar,10.1007/s10703-021-00370-8;10c2e6b3b17ad819a84a0575ad2964bf5cf20b2e,CS097;CS099;CS100,S217;S219;S220,,CS097;CS099;CS100,included,no,,0,title-screen,,,,Keyword score is prioritization only; it is not an eligibility or exclusion decision.
CG0601,doi:10.1007/s10703-023-00409-y,20260731T091600Z-legacy-promotions-opencitations;20260731T091700Z-legacy-promotions-semanticscholar,Isla: integrating full-scale ISA semantics and axiomatic concurrency models (extended version),2023,2023-05-12,10.1007/s10703-023-00409-y,,Formal methods in system design,opencitations;semanticscholar,10.1007/s10703-023-00409-y;88b98c5febf581087c9cbeb333a53902f7b9e32f,CS106,S226,,CS106,included,no,,0,title-screen,,,,Keyword score is prioritization only; it is not an eligibility or exclusion decision.
CG0604,doi:10.1007/s10766-021-00692-4,20260731T091600Z-legacy-promotions-opencitations;20260731T091700Z-legacy-promotions-semanticscholar,Accelerating DES and AES Algorithms for a Heterogeneous Many-core Processor,2021,2021-04-16,10.1007/s10766-021-00692-4,,International journal of parallel programming,opencitations;semanticscholar,10.1007/s10766-021-00692-4;a34ce9618d50202c56c2025f36887d3bec3e98f8,CS106,S226,,CS106,included,no,,0,title-screen,,,,Keyword score is prioritization only; it is not an eligibility or exclusion decision.
CG0605,doi:10.1007/s10817-005-5204-9,20260731T091700Z-legacy-promotions-semanticscholar,Combining Nonstably Infinite Theories,2005,2005-04-01,10.1007/s10817-005-5204-9,,Journal of automated reasoning,semanticscholar,c7dad16ff570d0bf8db36c79ab39f5417c140f3a,CS088,S208,CS088,,included,no,,0,title-screen,,,,Keyword score is prioritization only; it is not an eligibility or exclusion decision.
CG0606,doi:10.1007/s10817-016-9371-7,20260731T091700Z-legacy-promotions-semanticscholar,Complete Instantiation-Based Interpolation,2013,2013-01-23,10.1007/s10817-016-9371-7,,Journal of automated reasoning,semanticscholar,15a706aca0912593c7d6313a40272e0a3b137126,CS088,S208,CS088,,included,no,,0,title-screen,,,,Keyword score is prioritization only; it is not an eligibility or exclusion decision.
CG0608,doi:10.1007/s10817-018-9489-x,20260731T091600Z-legacy-promotions-opencitations;20260731T091700Z-legacy-promotions-semanticscholar,Verifying a Concurrent Garbage Collector with a Rely-Guarantee Methodology,2018,2018-11-01,10.1007/s10817-018-9489-x,,Journal of automated reasoning,opencitations;semanticscholar,10.1007/s10817-018-9489-x;d76b4c819fb05da15f3d935dcfe0743400701205,CS085,S205,,CS085,included,no,,0,title-screen,,,,Keyword score is prioritization only; it is not an eligibility or exclusion decision.
CG0609,doi:10.1007/s10817-021-09610-2,20260731T091600Z-legacy-promotions-opencitations,,,,10.1007/s10817-021-09610-2,,,opencitations,10.1007/s10817-021-09610-2,CS094,S214,CS094,,unknown-date,no,,0,manual-date-check,,,,Keyword score is prioritization only; it is not an eligibility or exclusion decision.
CG0612,doi:10.1007/s11227-012-0854-y,20260731T091700Z-legacy-promotions-semanticscholar,Improving performance of software transactional memory through contention locality,2013,2013-05-01,10.1007/s11227-012-0854-y,,Journal of Supercomputing,semanticscholar,34ebe2128d958eece4de9ec3bb04c5cdfc36b2d2,CS081,S201,,CS081,included,no,,0,title-screen,,,,Keyword score is prioritization only; it is not an eligibility or exclusion decision.
CG0613,doi:10.1007/s11390-020-9700-5,20260731T091700Z-legacy-promotions-semanticscholar,Optimistic Transaction Processing in Deterministic Database,2020,2020-03-01,10.1007/s11390-020-9700-5,,Journal of Computational Science and Technology,semanticscholar,34d9d0332efe7c8d48d086423c146df1ead0608a,CS081,S201,,CS081,included,no,,0,title-screen,,,,Keyword score is prioritization only; it is not an eligibility or exclusion decision.
CG0614,doi:10.1007/s11390-021-1671-7,20260731T091600Z-legacy-promotions-opencitations,,,,10.1007/s11390-021-1671-7,,,opencitations,10.1007/s11390-021-1671-7,CS104,S224,CS104,,unknown-date,no,,0,manual-date-check,,,,Keyword score is prioritization only; it is not an eligibility or exclusion decision.
CG0615,doi:10.1007/s11432-016-9062-x,20260731T091600Z-legacy-promotions-opencitations;20260731T091700Z-legacy-promotions-semanticscholar,Decidability of linearizabilities for relaxed data structures,2017,2017-09-01,10.1007/s11432-016-9062-x,,Science China Information Sciences,opencitations;semanticscholar,10.1007/s11432-016-9062-x;40b5d6a804d580d2b7becfcf30570c90026ad86c,CS097;CS100,S217;S220,,CS097;CS100,included,no,,0,title-screen,,,,Keyword score is prioritization only; it is not an eligibility or exclusion decision.
CG0617,doi:10.1007/s11704-014-3342-0,20260731T091700Z-legacy-promotions-semanticscholar,A temporal programming model with atomic blocks based on projection temporal logic,2014,2014-10-24,10.1007/s11704-014-3342-0,,Frontiers of Computer Science,semanticscholar,25162cbd32635b3f32d05d1a30ddffa9239cd1e1,CS089,S209,,CS089,included,no,,0,title-screen,,,,Keyword score is prioritization only; it is not an eligibility or exclusion decision.
CG0618,doi:10.1007/s11704-020-0126-6,20260731T091700Z-legacy-promotions-semanticscholar,RS-store: RDMA-enabled skiplist-based key-value store for efficient range query,2021,2021-09-01,10.1007/s11704-020-0126-6,,Frontiers of Computer Science,semanticscholar,cec98d339070481cf5be6a10e1dd1cd10a02784c,CS081,S201,,CS081,included,no,,0,title-screen,,,,Keyword score is prioritization only; it is not an eligibility or exclusion decision.
CG0621,doi:10.1016/0020-0190(81)90106-x,20260731T091600Z-legacy-promotions-opencitations;20260731T091700Z-legacy-promotions-semanticscholar,Myths About the Mutual Exclusion Problem,1981,1981-06-01,10.1016/0020-0190(81)90106-x,,Information Processing Letters,opencitations;semanticscholar,10.1016/0020-0190(81)90106-x;5b563eb9bd547a03fc2db90482fdc895ead52ce7,CS086,S206,CS086,,included,no,,0,title-screen,,,,Keyword score is prioritization only; it is not an eligibility or exclusion decision.
CG0622,doi:10.1016/0020-0190(85)90056-0,20260731T091600Z-legacy-promotions-opencitations,,,,10.1016/0020-0190(85)90056-0,,,opencitations,10.1016/0020-0190(85)90056-0,CS079,S199,CS079,,unknown-date,no,,0,manual-date-check,,,,Keyword score is prioritization only; it is not an eligibility or exclusion decision.
CG0624,doi:10.1016/0020-0190(88)90211-6,20260731T091700Z-legacy-promotions-semanticscholar,Proving Properties of a Ring of Finite-State Machines,1988,1988-07-29,10.1016/0020-0190(88)90211-6,,Information Processing Letters,semanticscholar,149ed1e4304eea9151a5544da28b42971774b9e4,CS088,S208,CS088,,included,no,,0,title-screen,,,,Keyword score is prioritization only; it is not an eligibility or exclusion decision.
CG0625,doi:10.1016/0168-0072(91)90066-u,20260731T091600Z-legacy-promotions-opencitations,,,,10.1016/0168-0072(91)90066-u,,,opencitations,10.1016/0168-0072(91)90066-u,CS079,S199,CS079,,unknown-date,no,,0,manual-date-check,,,,Keyword score is prioritization only; it is not an eligibility or exclusion decision.
CG0626,doi:10.1016/0304-3975(79)90058-6,20260731T091700Z-legacy-promotions-semanticscholar,Recursive Assertions are not enough - or are they?,1979,,10.1016/0304-3975(79)90058-6,,Theoretical Computer Science,semanticscholar,d50b69f7bc94050352e6a9853acbb948e101cd46,CS088,S208,CS088,,included,no,,0,title-screen,,,,Keyword score is prioritization only; it is not an eligibility or exclusion decision.
CG0627,doi:10.1016/0304-3975(88)90098-9,20260731T091700Z-legacy-promotions-semanticscholar,Characterizing Finite Kripke Structures in Propositional Temporal Logic,1988,1988-07-01,10.1016/0304-3975(88)90098-9,,Theoretical Computer Science,semanticscholar,c299a49d4913969484857bf58de4b3806eb1cb20,CS093,S213,CS093,,included,no,,0,title-screen,,,,Keyword score is prioritization only; it is not an eligibility or exclusion decision.
CG0628,doi:10.1016/0304-3975(91)90224-p,20260731T091600Z-legacy-promotions-opencitations;20260731T091700Z-legacy-promotions-semanticscholar,The existence of refinement mappings,1988,1988-07-05,10.1016/0304-3975(91)90224-p,,[1988] Proceedings. Third Annual Information Symposium on Logic in Computer Science,opencitations;semanticscholar,10.1016/0304-3975(91)90224-p;983c6d464e7e45c1320d9182a7ce39fef5575d1b,CS100;CS105,S220;S225,CS100;CS105,,included,no,,0,title-screen,,,,Keyword score is prioritization only; it is not an eligibility or exclusion decision.
CG0629,doi:10.1016/0304-3975(96)00069-2,20260731T091600Z-legacy-promotions-opencitations,,,,10.1016/0304-3975(96)00069-2,,,opencitations,10.1016/0304-3975(96)00069-2,CS090,S210,CS090,,unknown-date,no,,0,manual-date-check,,,,Keyword score is prioritization only; it is not an eligibility or exclusion decision.
CG0630,doi:10.1016/0378-4754(92)90080-z,20260731T091700Z-legacy-promotions-semanticscholar,Alpha Architecture Reference Manual,1995,1995-10-01,10.1016/0378-4754(92)90080-z,,,semanticscholar,54e1c6df0543b13622208fea546ed3ee63551c50,CS088,S208,CS088,,included,no,,0,title-screen,,,,Keyword score is prioritization only; it is not an eligibility or exclusion decision.
CG0631,doi:10.1016/0890-5401(89)90026-6,20260731T091700Z-legacy-promotions-semanticscholar,Reasoning about Networks with Many Identical Finite State Processes,1989,1989-04-01,10.1016/0890-5401(89)90026-6,,Information and Computation,semanticscholar,f97987349405f59117f6c898507f55072cab1f51,CS088,S208,CS088,,included,no,,0,title-screen,,,,Keyword score is prioritization only; it is not an eligibility or exclusion decision.
CG0632,doi:10.1016/0920-5489(95)00024-o,20260731T091600Z-legacy-promotions-opencitations,,,,10.1016/0920-5489(95)00024-o,,,opencitations,10.1016/0920-5489(95)00024-o,CS098,S218,CS098,,unknown-date,no,,0,manual-date-check,,,,Keyword score is prioritization only; it is not an eligibility or exclusion decision.
CG0633,doi:10.1016/c2011-0-06993-4,20260731T091700Z-legacy-promotions-semanticscholar,The Art of Multiprocessor Programming,2021,,10.1016/c2011-0-06993-4,,,semanticscholar,f483e4a22d2aa8252b667d628133582a87207a38,CS078;CS093;CS103,S198;S213;S223,CS078;CS093;CS103,,included,no,,0,title-screen,,,,Keyword score is prioritization only; it is not an eligibility or exclusion decision.
CG0634,doi:10.1016/j.cose.2022.102909,20260731T091600Z-legacy-promotions-opencitations,,,,10.1016/j.cose.2022.102909,,,opencitations,10.1016/j.cose.2022.102909,CS095,S215,CS095,,unknown-date,no,,0,manual-date-check,,,,Keyword score is prioritization only; it is not an eligibility or exclusion decision.
CG0636,doi:10.1016/j.entcs.2005.11.059,20260731T091700Z-legacy-promotions-semanticscholar,Variables as Resource in Separation Logic,2006,2006-05-01,10.1016/j.entcs.2005.11.059,,Mathematical Foundations of Programming Semantics,semanticscholar,a0b090cf03cde23a0d8159e6db42f922c52db4f7,CS088,S208,CS088,,included,no,,0,title-screen,,,,Keyword score is prioritization only; it is not an eligibility or exclusion decision.
CG0637,doi:10.1016/j.entcs.2006.08.044,20260731T091600Z-legacy-promotions-opencitations,,,,10.1016/j.entcs.2006.08.044,,,opencitations,10.1016/j.entcs.2006.08.044,CS084;CS090;CS098,S204;S210;S218,CS084;CS090;CS098,,unknown-date,no,,0,manual-date-check,,,,Keyword score is prioritization only; it is not an eligibility or exclusion decision.
CG0638,doi:10.1016/j.entcs.2010.01.001,20260731T091600Z-legacy-promotions-opencitations,,2009,2009-12,10.1016/j.entcs.2010.01.001,,,opencitations,10.1016/j.entcs.2010.01.001,CS105,S225,,CS105,included,no,,0,missing-title-manual-check,,,,Keyword score is prioritization only; it is not an eligibility or exclusion decision.
CG0639,doi:10.1016/j.entcs.2015.12.002,20260731T091700Z-legacy-promotions-semanticscholar,Steps in Modular Specifications for Concurrent Modules (Invited Tutorial Paper),2015,2015-12-21,10.1016/j.entcs.2015.12.002,,Mathematical Foundations of Programming Semantics,semanticscholar,fa317e799206e1ec9df3d5ae61d5fcd816765b06,CS089,S209,,CS089,included,no,,0,title-screen,,,,Keyword score is prioritization only; it is not an eligibility or exclusion decision.
CG0640,doi:10.1016/j.ic.2006.10.003,20260731T091600Z-legacy-promotions-opencitations,,,,10.1016/j.ic.2006.10.003,,,opencitations,10.1016/j.ic.2006.10.003,CS084,S204,CS084,,unknown-date,no,,0,manual-date-check,,,,Keyword score is prioritization only; it is not an eligibility or exclusion decision.
CG0641,doi:10.1016/j.ipl.2013.02.005,20260731T091600Z-legacy-promotions-opencitations,,2013,2013-05,10.1016/j.ipl.2013.02.005,,,opencitations,10.1016/j.ipl.2013.02.005,CS090,S210,,CS090,included,no,,0,missing-title-manual-check,,,,Keyword score is prioritization only; it is not an eligibility or exclusion decision.
CG0642,doi:10.1016/j.ipl.2020.105947,20260731T091700Z-legacy-promotions-semanticscholar,Raiders of the lost equivalence: Probabilistic branching bisimilarity,2020,2020-07-01,10.1016/j.ipl.2020.105947,,Information Processing Letters,semanticscholar,4d2f8c580561ad6146945c49595965d275d5c7f1,CS083,S203,,CS083,included,no,,0,title-screen,,,,Keyword score is prioritization only; it is not an eligibility or exclusion decision.
CG0643,doi:10.1016/j.jal.2007.07.005,20260731T091700Z-legacy-promotions-semanticscholar,Computing finite models by reduction to function-free clause logic,2009,2009-03-01,10.1016/j.jal.2007.07.005,,Journal of Applied Logic,semanticscholar,8483b348077aa7079785a3a0759d1f97314a22e6,CS088,S208,CS088,,included,no,,0,title-screen,,,,Keyword score is prioritization only; it is not an eligibility or exclusion decision.
CG0644,doi:10.1016/j.jlamp.2014.08.002,20260731T091700Z-legacy-promotions-semanticscholar,On the relation between Concurrent Separation Logic and Concurrent Kleene Algebra,2015,2015-05-01,10.1016/j.jlamp.2014.08.002,,J. Log. Algebraic Methods Program.,semanticscholar,d7b214437d8034d487584de73efa7399d783c5ee,CS089;CS101,S209;S221,,CS089;CS101,included,no,,0,title-screen,,,,Keyword score is prioritization only; it is not an eligibility or exclusion decision.
CG0645,doi:10.1016/j.jlamp.2018.03.003,20260731T091700Z-legacy-promotions-semanticscholar,A perspective on specifying and verifying concurrent modules,2018,2018-08-01,10.1016/j.jlamp.2018.03.003,,J. Log. Algebraic Methods Program.,semanticscholar,bf53db2da1700b0d5243760e8dfbf195308b1152,CS089;CS103,S209;S223,,CS089;CS103,included,no,,0,title-screen,,,,Keyword score is prioritization only; it is not an eligibility or exclusion decision.
CG0646,doi:10.1016/j.jlamp.2019.01.002,20260731T091600Z-legacy-promotions-opencitations,,2019,2019-04,10.1016/j.jlamp.2019.01.002,,,opencitations,10.1016/j.jlamp.2019.01.002,CS084,S204,,CS084,included,no,,0,missing-title-manual-check,,,,Keyword score is prioritization only; it is not an eligibility or exclusion decision.
CG0647,doi:10.1016/j.jlamp.2019.100497,20260731T091600Z-legacy-promotions-opencitations,,,,10.1016/j.jlamp.2019.100497,,,opencitations,10.1016/j.jlamp.2019.100497,CS095,S215,CS095,,unknown-date,no,,0,manual-date-check,,,,Keyword score is prioritization only; it is not an eligibility or exclusion decision.
CG0648,doi:10.1016/j.jlamp.2021.100677,20260731T091700Z-legacy-promotions-semanticscholar,Operational semantics with semicommutations,2021,2021-03-23,10.1016/j.jlamp.2021.100677,,J. Log. Algebraic Methods Program.,semanticscholar,1353c344aa1ab91347d4f183fa97cfe4b78a14cb,CS106,S226,,CS106,included,no,,0,title-screen,,,,Keyword score is prioritization only; it is not an eligibility or exclusion decision.
CG0651,doi:10.1016/j.jpdc.2010.06.006,20260731T091700Z-legacy-promotions-semanticscholar,Transactional memory,2010,2010-10-01,10.1016/j.jpdc.2010.06.006,,J. Parallel Distributed Comput.,semanticscholar,810e767c29575ce6e39b06b08ae2b7fde1fbba0c,CS081,S201,,CS081,included,no,,0,title-screen,,,,Keyword score is prioritization only; it is not an eligibility or exclusion decision.
CG0652,doi:10.1016/j.jpdc.2010.12.010,20260731T091700Z-legacy-promotions-semanticscholar,Parallel implementations of Brunotte's algorithm,2011,2011-04-01,10.1016/j.jpdc.2010.12.010,,J. Parallel Distributed Comput.,semanticscholar,6ab2a9506562613db5717291069688aacb3ba814,CS081,S201,,CS081,included,no,,0,title-screen,,,,Keyword score is prioritization only; it is not an eligibility or exclusion decision.
CG0653,doi:10.1016/j.jpdc.2012.02.009,20260731T091700Z-legacy-promotions-semanticscholar,On the impact of serializing contention management on STM performance,2009,2009-12-03,10.1016/j.jpdc.2012.02.009,,J. Parallel Distributed Comput.,semanticscholar,3342d200d4be695f81c07a83d1fa4f6aa81d87ab,CS081,S201,,CS081,included,no,,0,title-screen,,,,Keyword score is prioritization only; it is not an eligibility or exclusion decision.
CG0655,doi:10.1016/j.jpdc.2015.12.001,20260731T091700Z-legacy-promotions-semanticscholar,Optimizing memory transactions for large-scale programs,2016,2016-03-01,10.1016/j.jpdc.2015.12.001,,J. Parallel Distributed Comput.,semanticscholar,45b44ddee118936514c846da8e194c3026c4c1a3,CS081,S201,,CS081,included,no,,0,title-screen,,,,Keyword score is prioritization only; it is not an eligibility or exclusion decision.
CG0657,doi:10.1016/j.jpdc.2017.11.007,20260731T091700Z-legacy-promotions-semanticscholar,A contention adapting approach to concurrent ordered sets,2017,2017-12-01,10.1016/j.jpdc.2017.11.007,,J. Parallel Distributed Comput.,semanticscholar,7a7f420cfa8dc464b1315cba7ebadc548f981e99,CS081,S201,,CS081,included,no,,0,title-screen,,,,Keyword score is prioritization only; it is not an eligibility or exclusion decision.
CG0659,doi:10.1016/j.scico.2003.06.001,20260731T091600Z-legacy-promotions-opencitations,,,,10.1016/j.scico.2003.06.001,,,opencitations,10.1016/j.scico.2003.06.001,CS084,S204,CS084,,unknown-date,no,,0,manual-date-check,,,,Keyword score is prioritization only; it is not an eligibility or exclusion decision.
CG0660,doi:10.1016/j.scico.2005.03.005,20260731T091700Z-legacy-promotions-semanticscholar,Exceptions and side-effects in atomic blocks,2005,2005-12-01,10.1016/j.scico.2005.03.005,,Science of Computer Programming,semanticscholar,9310054798eb3fdf5b7edf20d57f73d16a21cb4c,CS081,S201,,CS081,included,no,,0,title-screen,,,,Keyword score is prioritization only; it is not an eligibility or exclusion decision.
CG0661,doi:10.1016/j.scico.2005.03.006,20260731T091700Z-legacy-promotions-semanticscholar,Snapshots and software transactional memory,2005,2005-12-01,10.1016/j.scico.2005.03.006,,Science of Computer Programming,semanticscholar,4f37be51f23dbd624bdc532cda998d9855473d65,CS081,S201,,CS081,included,no,,0,title-screen,,,,Keyword score is prioritization only; it is not an eligibility or exclusion decision.
CG0662,doi:10.1016/j.scico.2006.10.001,20260731T091600Z-legacy-promotions-opencitations,,,,10.1016/j.scico.2006.10.001,,,opencitations,10.1016/j.scico.2006.10.001,CS090,S210,CS090,,unknown-date,no,,0,manual-date-check,,,,Keyword score is prioritization only; it is not an eligibility or exclusion decision.
CG0664,doi:10.1016/j.scico.2012.07.008,20260731T091700Z-legacy-promotions-semanticscholar,Deriving real-time action systems in a sampling logic,2013,2013-11-01,10.1016/j.scico.2012.07.008,,Science of Computer Programming,semanticscholar,a4e26555464ad10b1a0cab7712b4310dabd58854,CS091,S211,CS091,,included,no,,0,title-screen,,,,Keyword score is prioritization only; it is not an eligibility or exclusion decision.
CG0665,doi:10.1016/j.scico.2012.11.007,20260731T091700Z-legacy-promotions-semanticscholar,ARV-ALA: Improving performance of software transactional memory through adaptive read and write policies,2013,2013-09-01,10.1016/j.scico.2012.11.007,,Science of Computer Programming,semanticscholar,11d79d589a9f84f4d2bf74e9d7a787420e916aef,CS081,S201,,CS081,included,no,,0,title-screen,,,,Keyword score is prioritization only; it is not an eligibility or exclusion decision.
CG0666,doi:10.1016/j.scico.2013.10.002,20260731T091600Z-legacy-promotions-opencitations;20260731T091700Z-legacy-promotions-semanticscholar,A fully abstract trace-based semantics for reasoning about backward compatibility of class libraries,2014,2014-10-15,10.1016/j.scico.2013.10.002,,Science of Computer Programming,opencitations;semanticscholar,10.1016/j.scico.2013.10.002;73e444576aa3234d92b19ca85c554a9b2fcede1b,CS079,S199,,CS079,included,no,,0,title-screen,,,,Keyword score is prioritization only; it is not an eligibility or exclusion decision.
CG0667,doi:10.1016/j.scico.2014.04.001,20260731T091600Z-legacy-promotions-opencitations;20260731T091700Z-legacy-promotions-semanticscholar,Two approaches for proving linearizability of multiset,2014,2014-12-15,10.1016/j.scico.2014.04.001,,Science of Computer Programming,opencitations;semanticscholar,10.1016/j.scico.2014.04.001;84b166152a19088c33dc8f3de3b996c0bd51c74f,CS084;CS090;CS100;CS105,S204;S210;S220;S225,,CS084;CS090;CS100;CS105,included,no,,0,title-screen,,,,Keyword score is prioritization only; it is not an eligibility or exclusion decision.
CG0668,doi:10.1016/j.scico.2015.05.005,20260731T091600Z-legacy-promotions-opencitations,,2015,2015-11,10.1016/j.scico.2015.05.005,,,opencitations,10.1016/j.scico.2015.05.005,CS090,S210,,CS090,included,no,,0,missing-title-manual-check,,,,Keyword score is prioritization only; it is not an eligibility or exclusion decision.
CG0670,doi:10.1016/j.scico.2017.05.007,20260731T091700Z-legacy-promotions-semanticscholar,Automated specification inference in a combined domain via user-defined predicates,2017,2017-11-15,10.1016/j.scico.2017.05.007,,Science of Computer Programming,semanticscholar,61c0ce6d9b95a908ea08cbfc841b4d41060d17f4,CS099,S219,,CS099,included,no,,0,title-screen,,,,Keyword score is prioritization only; it is not an eligibility or exclusion decision.
CG0671,doi:10.1016/j.scico.2019.102308,20260731T091600Z-legacy-promotions-opencitations;20260731T091700Z-legacy-promotions-semanticscholar,Modelling concurrent objects running on the TSO and ARMv8 memory models,2019,2019-10-01,10.1016/j.scico.2019.102308,,Science of Computer Programming,opencitations;semanticscholar,10.1016/j.scico.2019.102308;6cc5c75973f1dfe1216d818113d7ca2a2e5dc4af,CS084;CS089;CS098,S204;S209;S218,,CS084;CS089;CS098,included,no,,0,title-screen,,,,Keyword score is prioritization only; it is not an eligibility or exclusion decision.
CG0672,doi:10.1016/j.sysarc.2020.101803,20260731T091700Z-legacy-promotions-semanticscholar,A Scalable Virtual memory system based on decentralization for many-cores,2020,2020-08-01,10.1016/j.sysarc.2020.101803,,Journal of systems architecture,semanticscholar,ae568f1f50448367fe6ebfe3b09bc190fba42a46,CS081,S201,,CS081,included,no,,0,title-screen,,,,Keyword score is prioritization only; it is not an eligibility or exclusion decision.
CG0675,doi:10.1016/j.tcs.2006.12.029,20260731T091600Z-legacy-promotions-opencitations,,,,10.1016/j.tcs.2006.12.029,,,opencitations,10.1016/j.tcs.2006.12.029,CS079,S199,CS079,,unknown-date,no,,0,manual-date-check,,,,Keyword score is prioritization only; it is not an eligibility or exclusion decision.
CG0676,doi:10.1016/j.tcs.2006.12.034,20260731T091600Z-legacy-promotions-opencitations,,,,10.1016/j.tcs.2006.12.034,,,opencitations,10.1016/j.tcs.2006.12.034,CS085;CS086;CS095;CS103,S205;S206;S215;S223,CS085;CS086;CS095;CS103,,unknown-date,no,,0,manual-date-check,,,,Keyword score is prioritization only; it is not an eligibility or exclusion decision.
CG0677,doi:10.1016/j.tcs.2006.12.035,20260731T091600Z-legacy-promotions-opencitations,,,,10.1016/j.tcs.2006.12.035,,,opencitations,10.1016/j.tcs.2006.12.035,CS085;CS086;CS103,S205;S206;S223,CS085;CS086;CS103,,unknown-date,no,,0,manual-date-check,,,,Keyword score is prioritization only; it is not an eligibility or exclusion decision.
CG0678,doi:10.1016/j.tcs.2009.07.041,20260731T091600Z-legacy-promotions-opencitations;20260731T091700Z-legacy-promotions-semanticscholar,"Focusing and polarization in linear, intuitionistic, and classical logics",2009,2009-11-01,10.1016/j.tcs.2009.07.041,,Theoretical Computer Science,opencitations;semanticscholar,10.1016/j.tcs.2009.07.041;b3d00e8f99eaa9584da512c313023d4604c33eed,CS086,S206,CS086,,included,no,,0,title-screen,,,,Keyword score is prioritization only; it is not an eligibility or exclusion decision.
CG0679,doi:10.1016/j.tcs.2010.09.021,20260731T091600Z-legacy-promotions-opencitations;20260731T091700Z-legacy-promotions-semanticscholar,Abstraction for concurrent objects,2009,2009-03-28,10.1016/j.tcs.2010.09.021,,Theoretical Computer Science,opencitations;semanticscholar,10.1016/j.tcs.2010.09.021;ca497df7d7e61408e796b0d91610e73b31ec7a51,CS078;CS080;CS083;CS087;CS093;CS103;CS104,S198;S200;S203;S207;S213;S223;S224,CS078;CS080;CS083;CS087;CS093;CS103;CS104,,included,no,,0,title-screen,,,,Keyword score is prioritization only; it is not an eligibility or exclusion decision.
CG0680,doi:10.1016/j.tcs.2016.05.023,20260731T091700Z-legacy-promotions-semanticscholar,"HiperTM: High performance, fault-tolerant transactional memory",2014,2014-01-04,10.1016/j.tcs.2016.05.023,,Theoretical Computer Science,semanticscholar,e09dcca43c56fbd9cc34fd61bce05ec08f7252fa,CS081,S201,,CS081,included,no,,0,title-screen,,,,Keyword score is prioritization only; it is not an eligibility or exclusion decision.
CG0682,doi:10.1016/s0898-1221(96)90245-x,20260731T091700Z-legacy-promotions-semanticscholar,Extensions of First-Order Logic,1996,1996-03-29,10.1016/s0898-1221(96)90245-x,,,semanticscholar,fbf5f41d814e780be9c8f52f36c3fb942cb7bb7c,CS088,S208,CS088,,included,no,,0,title-screen,,,,Keyword score is prioritization only; it is not an eligibility or exclusion decision.
CG0683,doi:10.1016/s1571-0661(05)80001-5,20260731T091600Z-legacy-promotions-opencitations,,,,10.1016/s1571-0661(05)80001-5,,,opencitations,10.1016/s1571-0661(05)80001-5,CS105,S225,CS105,,unknown-date,no,,0,manual-date-check,,,,Keyword score is prioritization only; it is not an eligibility or exclusion decision.
CG0684,doi:10.1016/s1571-0661(05)80006-4,20260731T091600Z-legacy-promotions-opencitations;20260731T091700Z-legacy-promotions-semanticscholar,Automatically Verifying Concurrent Queue Algorithms,2003,2003-09-01,10.1016/s1571-0661(05)80006-4,,SoftMC@CAV,opencitations;semanticscholar,01fb99cade393a363567cec1c1921393d8d887d9;10.1016/s1571-0661(05)80006-4,CS099;CS105,S219;S225,CS099;CS105,,included,no,,0,title-screen,,,,Keyword score is prioritization only; it is not an eligibility or exclusion decision.
CG0685,doi:10.1016/s1571-0661(05)80296-8,20260731T091600Z-legacy-promotions-opencitations,,,,10.1016/s1571-0661(05)80296-8,,,opencitations,10.1016/s1571-0661(05)80296-8,CS082,S202,CS082,,unknown-date,no,,0,manual-date-check,,,,Keyword score is prioritization only; it is not an eligibility or exclusion decision.
CG0686,doi:10.1017/cbo9780511663079,20260731T091600Z-legacy-promotions-opencitations,,,,10.1017/cbo9780511663079,,,opencitations,10.1017/cbo9780511663079,CS084,S204,CS084,,unknown-date,no,,0,manual-date-check,,,,Keyword score is prioritization only; it is not an eligibility or exclusion decision.
CG0687,doi:10.1017/cbo9781107256552,20260731T091600Z-legacy-promotions-opencitations,,,,10.1017/cbo9781107256552,,,opencitations,10.1017/cbo9781107256552,CS085;CS086,S205;S206,CS085;CS086,,unknown-date,no,,0,manual-date-check,,,,Keyword score is prioritization only; it is not an eligibility or exclusion decision.
CG0688,doi:10.1017/cbo9781107256552.056,20260731T091700Z-legacy-promotions-semanticscholar,Program Logics for Certified Compilers,2014,2014-04-21,10.1017/cbo9781107256552.056,,,semanticscholar,c153f13ecfe12f2e555416e0ce79d7ac11a7b976,CS086,S206,CS086,,included,no,,0,title-screen,,,,Keyword score is prioritization only; it is not an eligibility or exclusion decision.
CG0689,doi:10.1017/s0956796818000151,20260731T091600Z-legacy-promotions-opencitations;20260731T091700Z-legacy-promotions-semanticscholar,Iris from the ground up: A modular foundation for higher-order concurrent separation logic,2018,,10.1017/s0956796818000151,,Journal of functional programming,opencitations;semanticscholar,0a40611a839d7e399a6647418984e60790e6910a;10.1017/s0956796818000151,CS085;CS086;CS087;CS095;CS101,S205;S206;S207;S215;S221,CS086;CS087;CS095,CS085;CS101,included,no,,0,title-screen,,,,Keyword score is prioritization only; it is not an eligibility or exclusion decision.
CG0690,doi:10.1017/s0960129511000119,20260731T091600Z-legacy-promotions-opencitations;20260731T091700Z-legacy-promotions-semanticscholar,Type classes for mathematics in type theory†,2011,2011-02-07,10.1017/s0960129511000119,1102.1323,Mathematical Structures in Computer Science,opencitations;semanticscholar,10.1017/s0960129511000119;5ba0c319a2e37de3af86070230d86beed6fbaa8d,CS087,S207,CS087,,included,no,,0,title-screen,,,,Keyword score is prioritization only; it is not an eligibility or exclusion decision.
CG0691,doi:10.1017/s1471068423000303,20260731T091600Z-legacy-promotions-opencitations,,2023,2023-07,10.1017/s1471068423000303,,,opencitations,10.1017/s1471068423000303,CS086,S206,,CS086,included,no,,0,missing-title-manual-check,,,,Keyword score is prioritization only; it is not an eligibility or exclusion decision.
CG0692,doi:10.1023/a:1008700623084,20260731T091600Z-legacy-promotions-opencitations;20260731T091700Z-legacy-promotions-semanticscholar,Verifying Temporal Properties of Reactive Systems: A STeP Tutorial,2000,2000-06-01,10.1023/a:1008700623084,,Formal Methods Syst. Des.,opencitations;semanticscholar,10.1023/a:1008700623084;3c80dd321dfa4341d048db3752b54f84741bfd32,CS088;CS090,S208;S210,CS088;CS090,,included,no,,0,title-screen,,,,Keyword score is prioritization only; it is not an eligibility or exclusion decision.
CG0693,doi:10.1088/0031-9120/42/2/002,20260731T091700Z-legacy-promotions-semanticscholar,Charge,2019,2019-04-19,10.1088/0031-9120/42/2/002,,Definitions,semanticscholar,96417a4714660c83c400eea383e8bbc705d9b558,CS086,S206,CS086,,included,no,,0,title-screen,,,,Keyword score is prioritization only; it is not an eligibility or exclusion decision.
CG0694,doi:10.1090/dimacs/029/12,20260731T091600Z-legacy-promotions-opencitations,,,,10.1090/dimacs/029/12,,,opencitations,10.1090/dimacs/029/12,CS082,S202,CS082,,unknown-date,no,,0,manual-date-check,,,,Keyword score is prioritization only; it is not an eligibility or exclusion decision.
CG0695,doi:10.1093/logcom/2.3.297,20260731T091600Z-legacy-promotions-opencitations;20260731T091700Z-legacy-promotions-semanticscholar,Logic Programming with Focusing Proofs in Linear Logic,1992,1992-06-01,10.1093/logcom/2.3.297,,Journal of Logic and Computation,opencitations;semanticscholar,10.1093/logcom/2.3.297;4bead141c7d869e25b4c229a160bda7e751be9b7,CS086,S206,CS086,,included,no,,0,title-screen,,,,Keyword score is prioritization only; it is not an eligibility or exclusion decision.
CG0697,doi:10.1098/rsta.2016.0331,20260731T091700Z-legacy-promotions-semanticscholar,Position paper: the science of deep specification,2017,2017-09-04,10.1098/rsta.2016.0331,,"Philosophical Transactions of the Royal Society A: Mathematical, Physical and Engineering Sciences",semanticscholar,33e07e3314dbe3bfa45c17d0ea32e148e42f4148,CS080,S200,,CS080,included,no,,0,title-screen,,,,Keyword score is prioritization only; it is not an eligibility or exclusion decision.
CG0698,doi:10.1109/2.55501,20260731T091700Z-legacy-promotions-semanticscholar,Synchronization algorithms for shared-memory multiprocessors,1990,1990-06-01,10.1109/2.55501,,Computer,semanticscholar,4bd009ce33cbea440b4f464a33416687de5f9573,CS088,S208,CS088,,included,no,,0,title-screen,,,,Keyword score is prioritization only; it is not an eligibility or exclusion decision.
CG0703,doi:10.1109/ase.2013.6693061,20260731T091600Z-legacy-promotions-opencitations;20260731T091700Z-legacy-promotions-semanticscholar,Round-up: Runtime checking quasi linearizability of concurrent data structures,2013,2013-11-11,10.1109/ase.2013.6693061,,International Conference on Automated Software Engineering,opencitations;semanticscholar,10.1109/ase.2013.6693061;79b73a4d7b4626bb85ef08b451f926dcd9b71bc4,CS082;CS099,S202;S219,,CS082;CS099,included,no,,0,title-screen,,,,Keyword score is prioritization only; it is not an eligibility or exclusion decision.
CG0705,doi:10.1109/cgo.2007.38,20260731T091700Z-legacy-promotions-semanticscholar,Understanding Tradeoffs in Software Transactional Memory,2007,2007-03-11,10.1109/cgo.2007.38,,IEEE/ACM International Symposium on Code Generation and Optimization,semanticscholar,db2680356b5baf1ff68fc5d6f9a3f2468c41f85d,CS081,S201,,CS081,included,no,,0,title-screen,,,,Keyword score is prioritization only; it is not an eligibility or exclusion decision.
CG0706,doi:10.1109/comsnets53615.2022.9668414,20260731T091700Z-legacy-promotions-semanticscholar,Latency-Redundancy Tradeoff in Distributed Read-Write Systems,2021,2021-08-31,10.1109/comsnets53615.2022.9668414,2108.13949,International Conference on Communication Systems and Networks,semanticscholar,6aac94f29c845c43050af6587819e8380ac3ab27,CS081,S201,,CS081,included,no,,0,title-screen,,,,Keyword score is prioritization only; it is not an eligibility or exclusion decision.
CG0710,doi:10.1109/dsn.2011.5958224,20260731T091700Z-legacy-promotions-semanticscholar,Deadline-aware scheduling for Software Transactional Memory,2011,2011-06-27,10.1109/dsn.2011.5958224,,Dependable Systems and Networks,semanticscholar,d980a9857f193c36fe017e5fc6ab5e31ba2b5278,CS081,S201,,CS081,included,no,,0,title-screen,,,,Keyword score is prioritization only; it is not an eligibility or exclusion decision.
CG0712,doi:10.1109/dsnw.2011.5958817,20260731T091700Z-legacy-promotions-semanticscholar,Transactional memory for dependable embedded systems,2011,2011-06-27,10.1109/dsnw.2011.5958817,,2011 IEEE/IFIP 41st International Conference on Dependable Systems and Networks Workshops (DSN-W),semanticscholar,08f075958279f784788fa014a537d0dbaa2ee2a7,CS081,S201,,CS081,included,no,,0,title-screen,,,,Keyword score is prioritization only; it is not an eligibility or exclusion decision.
CG0713,doi:10.1109/ecbs.2009.12,20260731T091700Z-legacy-promotions-semanticscholar,Semantically Enhanced Containers for Concurrent Real-Time Systems,2009,2009-04-14,10.1109/ecbs.2009.12,,European Conference on the Engineering of Computer-Based Systems,semanticscholar,4cd6b68ec9a2ffd18834b1750e64c670bc7b01da,CS081,S201,,CS081,included,no,,0,title-screen,,,,Keyword score is prioritization only; it is not an eligibility or exclusion decision.
CG0714,doi:10.1109/fareastcon.2019.8934131,20260731T091700Z-legacy-promotions-semanticscholar,Towards Efficient Implementation of Concurrent Hash Tables and Search Trees Based on Software Transactional Memory,2019,2019-10-01,10.1109/fareastcon.2019.8934131,,2019 International Multi-Conference on Industrial Engineering and Modern Technologies (FarEastCon),semanticscholar,10d17ec9ae6859ae00e0dee95fd18619d9fa5daf,CS081,S201,,CS081,included,no,,0,title-screen,,,,Keyword score is prioritization only; it is not an eligibility or exclusion decision.
CG0716,doi:10.1109/icaccs48705.2020.9074423,20260731T091700Z-legacy-promotions-semanticscholar,Transactional Memory: A Review,2020,2020-03-01,10.1109/icaccs48705.2020.9074423,,2020 6th International Conference on Advanced Computing and Communication Systems (ICACCS),semanticscholar,e984a9f83ef4f5bb5b6e21241dc2bc13edec258d,CS081,S201,,CS081,included,no,,0,title-screen,,,,Keyword score is prioritization only; it is not an eligibility or exclusion decision.
CG0717,doi:10.1109/icbc48266.2020.9169415,20260731T091700Z-legacy-promotions-semanticscholar,Parallel Hash-Mark-Set on the Ethereum Blockchain,2020,2020-05-01,10.1109/icbc48266.2020.9169415,,International Conference on Blockchain,semanticscholar,78245b31b1902c1efb76e02228c745b01f2a205b,CS081,S201,,CS081,included,no,,0,title-screen,,,,Keyword score is prioritization only; it is not an eligibility or exclusion decision.
CG0719,doi:10.1109/iccd65941.2025.00027,20260731T091700Z-legacy-promotions-semanticscholar,A Scalable and Overflow-Tolerant Mechanism for Minimum Virtual Time Tracking,2025,2025-11-10,10.1109/iccd65941.2025.00027,,ICCD,semanticscholar,6e294d535d2b70fc65c8f1935cee0a700447a9f4,CS081,S201,,CS081,included,no,,0,title-screen,,,,Keyword score is prioritization only; it is not an eligibility or exclusion decision.
CG0720,doi:10.1109/iccea.2010.53,20260731T091700Z-legacy-promotions-semanticscholar,Pageserver: High-Performance SSD-Based Checkpointing of Transactional Distributed Memory,2010,2010-03-19,10.1109/iccea.2010.53,,2010 Second International Conference on Computer Engineering and Applications,semanticscholar,abf867bf448e847397435782c6672466c1d445b2,CS081,S201,,CS081,included,no,,0,title-screen,,,,Keyword score is prioritization only; it is not an eligibility or exclusion decision.
CG0721,doi:10.1109/iccq51190.2021.9392904,20260731T091700Z-legacy-promotions-semanticscholar,An Efficient Dynamic Analysis Tool for Checking Durable Linearizability,2021,2021-03-27,10.1109/iccq51190.2021.9392904,,2021 International Conference on Code Quality (ICCQ),semanticscholar,4ba53fb3177d9b64e9e431c6ec9ce78ad1f46abe,CS100,S220,,CS100,included,no,,0,title-screen,,,,Keyword score is prioritization only; it is not an eligibility or exclusion decision.
CG0722,doi:10.1109/icdcs.2003.1203503,20260731T091600Z-legacy-promotions-opencitations;20260731T091700Z-legacy-promotions-semanticscholar,Obstruction-free synchronization: double-ended queues as an example,2003,2003-05-19,10.1109/icdcs.2003.1203503,,"23rd International Conference on Distributed Computing Systems, 2003. Proceedings.",opencitations;semanticscholar,10.1109/icdcs.2003.1203503;59a8ce16cf0547945f182010ed6bf4c2a82805b1,CS088;CS105,S208;S225,CS088;CS105,,included,no,,0,title-screen,,,,Keyword score is prioritization only; it is not an eligibility or exclusion decision.
CG0723,doi:10.1109/icdcs.2013.39,20260731T091700Z-legacy-promotions-semanticscholar,Mindicators: A Scalable Approach to Quiescence,2013,2013-07-08,10.1109/icdcs.2013.39,,IEEE International Conference on Distributed Computing Systems,semanticscholar,499a259d5095f126c42f3af321e6b99777fd5afb,CS081,S201,,CS081,included,no,,0,title-screen,,,,Keyword score is prioritization only; it is not an eligibility or exclusion decision.
CG0726,doi:10.1109/icdcs.2019.00157,20260731T091700Z-legacy-promotions-semanticscholar,Concurrent Unrolled Skiplist,2019,2019-07-01,10.1109/icdcs.2019.00157,,IEEE International Conference on Distributed Computing Systems,semanticscholar,3e488ec02bfd5a4e05b988fb0638990639ded0be,CS081,S201,,CS081,included,no,,0,title-screen,,,,Keyword score is prioritization only; it is not an eligibility or exclusion decision.
CG0727,doi:10.1109/icdcs63083.2025.00097,20260731T091700Z-legacy-promotions-semanticscholar,Skip Hash: A Fast Ordered Map Via Software Transactional Memory,2024,2024-10-09,10.1109/icdcs63083.2025.00097,2410.07466,IEEE International Conference on Distributed Computing Systems,semanticscholar,75aa0e7f44bf1ef410f047251512ef298696612a,CS081,S201,,CS081,included,no,,0,title-screen,,,,Keyword score is prioritization only; it is not an eligibility or exclusion decision.
CG0732,doi:10.1109/iciecs.2009.5364492,20260731T091700Z-legacy-promotions-semanticscholar,Software Transactional Memory in Multicore Processors,2009,2009-12-28,10.1109/iciecs.2009.5364492,,International Conference on Information Engineering and Computer Science,semanticscholar,ee9bc4507e636d7712845ec0a657536d5542ed51,CS081,S201,,CS081,included,no,,0,title-screen,,,,Keyword score is prioritization only; it is not an eligibility or exclusion decision.
CG0735,doi:10.1109/icpads.2012.72,20260731T091700Z-legacy-promotions-semanticscholar,A Non-Intrusive Read-Copy-Update for UTS,2012,2012-12-17,10.1109/icpads.2012.72,,2012 IEEE 18th International Conference on Parallel and Distributed Systems,semanticscholar,c53f7f0777369f40697fd6ebeaff246b958df2b1,CS081,S201,,CS081,included,no,,0,title-screen,,,,Keyword score is prioritization only; it is not an eligibility or exclusion decision.
CG0736,doi:10.1109/icpc.2019.00041,20260731T091600Z-legacy-promotions-opencitations;20260731T091700Z-legacy-promotions-semanticscholar,CCSpec: A Correctness Condition Specification Tool,2019,2019-05-01,10.1109/icpc.2019.00041,,IEEE International Conference on Program Comprehension,opencitations;semanticscholar,10.1109/icpc.2019.00041;1de3ab622187993ac9bc559a48d58b492a829bf9,CS085;CS090;CS103,S205;S210;S223,,CS085;CS090;CS103,included,no,,0,title-screen,,,,Keyword score is prioritization only; it is not an eligibility or exclusion decision.
CG0738,doi:10.1109/icpp.2008.55,20260731T091700Z-legacy-promotions-semanticscholar,Implementing and Exploiting Inevitability in Software Transactional Memory,2008,2008-09-09,10.1109/icpp.2008.55,,International Conference on Parallel Processing,semanticscholar,51446509cb2eb92dd6777f47c18bdffa19d63f2b,CS081,S201,,CS081,included,no,,0,title-screen,,,,Keyword score is prioritization only; it is not an eligibility or exclusion decision.
CG0740,doi:10.1109/icpp.2012.42,20260731T091700Z-legacy-promotions-semanticscholar,Mounds: Array-Based Concurrent Priority Queues,2012,2012-09-10,10.1109/icpp.2012.42,,International Conference on Parallel Processing,semanticscholar,c9f98b300afa2e8b42c4eae575d3665b957b478c,CS081,S201,,CS081,included,no,,0,title-screen,,,,Keyword score is prioritization only; it is not an eligibility or exclusion decision.
CG0741,doi:10.1109/icra.2012.6225285,20260731T091600Z-legacy-promotions-opencitations;20260731T091700Z-legacy-promotions-semanticscholar,Proving the correctness of concurrent robot software,2012,2012-05-14,10.1109/icra.2012.6225285,,IEEE International Conference on Robotics and Automation,opencitations;semanticscholar,10.1109/icra.2012.6225285;db825673eacfe4af0dee191b198030f655b938be,CS089;CS101,S209;S221,,CS089;CS101,included,no,,0,title-screen,,,,Keyword score is prioritization only; it is not an eligibility or exclusion decision.
CG0743,doi:10.1109/iemeconx.2019.8876995,20260731T091600Z-legacy-promotions-opencitations,,2019,2019-03,10.1109/iemeconx.2019.8876995,,,opencitations,10.1109/iemeconx.2019.8876995,CS083,S203,,CS083,included,no,,0,missing-title-manual-check,,,,Keyword score is prioritization only; it is not an eligibility or exclusion decision.
CG0744,doi:10.1109/iiswc.2010.5654431,20260731T091700Z-legacy-promotions-semanticscholar,Real Java applications in software transactional memory,2010,2010-12-02,10.1109/iiswc.2010.5654431,,IEEE International Symposium on Workload Characterization,semanticscholar,7c2fc074784c1194defd940345fb8f0646885328,CS081,S201,,CS081,included,no,,0,title-screen,,,,Keyword score is prioritization only; it is not an eligibility or exclusion decision.
CG0747,doi:10.1109/ipdps.2006.1639580,20260731T091700Z-legacy-promotions-semanticscholar,An overview of the Jahob analysis system: project goals and current status,2006,2006-04-25,10.1109/ipdps.2006.1639580,,Proceedings 20th IEEE International Parallel & Distributed Processing Symposium,semanticscholar,3fec7e6c01c07512018ef0b43e0ec11ed66a95f4,CS088,S208,CS088,,included,no,,0,title-screen,,,,Keyword score is prioritization only; it is not an eligibility or exclusion decision.
CG0748,doi:10.1109/ipdps.2008.4536331,20260731T091700Z-legacy-promotions-semanticscholar,A survey of concurrent priority queue algorithms,2008,2008-04-14,10.1109/ipdps.2008.4536331,,2008 IEEE International Symposium on Parallel and Distributed Processing,semanticscholar,7e1e3877c4157e68a5489549f00ed9f210ad7a25,CS081,S201,,CS081,included,no,,0,title-screen,,,,Keyword score is prioritization only; it is not an eligibility or exclusion decision.
CG0749,doi:10.1109/ipdps.2009.5161153,20260731T091700Z-legacy-promotions-semanticscholar,Optimization techniques for concurrent STM-based implementations: A concurrent binary heap as a case study,2009,2009-05-23,10.1109/ipdps.2009.5161153,,2009 IEEE International Symposium on Parallel & Distributed Processing,semanticscholar,e4bd4defccc642051f37d419c77c6bd3225d33a3,CS081,S201,,CS081,included,no,,0,title-screen,,,,Keyword score is prioritization only; it is not an eligibility or exclusion decision.
CG0750,doi:10.1109/ipdps.2011.290,20260731T091700Z-legacy-promotions-semanticscholar,Speculative Contention Avoidance in Software Transactional Memory,2011,2011-05-16,10.1109/ipdps.2011.290,,"IEEE International Symposium on Parallel & Distributed Processing, Workshops and Phd Forum",semanticscholar,38e73f52391f868a0c7d9e2a4aaf8c4e678d9126,CS081,S201,,CS081,included,no,,0,title-screen,,,,Keyword score is prioritization only; it is not an eligibility or exclusion decision.
CG0751,doi:10.1109/ipdps.2013.42,20260731T091700Z-legacy-promotions-semanticscholar,Composing Relaxed Transactions,2013,2013-05-20,10.1109/ipdps.2013.42,,2013 IEEE 27th International Symposium on Parallel and Distributed Processing,semanticscholar,e0d504143a98c8edebcbd13d3233c02ac4974310,CS081,S201,,CS081,included,no,,0,title-screen,,,,Keyword score is prioritization only; it is not an eligibility or exclusion decision.
CG0752,doi:10.1109/ipdps.2013.45,20260731T091700Z-legacy-promotions-semanticscholar,TM-dietlibc: A TM-aware Real-World System Library,2013,2013-05-20,10.1109/ipdps.2013.45,,2013 IEEE 27th International Symposium on Parallel and Distributed Processing,semanticscholar,4a4d0fde07a47ef3bc0427a97d3c0048e05725df,CS081,S201,,CS081,included,no,,0,title-screen,,,,Keyword score is prioritization only; it is not an eligibility or exclusion decision.
CG0755,doi:10.1109/ipdpsw.2010.5470942,20260731T091700Z-legacy-promotions-semanticscholar,False conflict reduction in the Swiss Transactional Memory (SwissTM) system,2010,2010-04-19,10.1109/ipdpsw.2010.5470942,,"IEEE International Symposium on Parallel & Distributed Processing, Workshops and Phd Forum",semanticscholar,3c914cfc1654f11397e4bada6b8f9af82ecab755,CS081,S201,,CS081,included,no,,0,title-screen,,,,Keyword score is prioritization only; it is not an eligibility or exclusion decision.
CG0756,doi:10.1109/ipdpsw.2018.00146,20260731T091700Z-legacy-promotions-semanticscholar,RCUArray: An RCU-Like Parallel-Safe Distributed Resizable Array,2018,2018-05-21,10.1109/ipdpsw.2018.00146,,"IEEE International Symposium on Parallel & Distributed Processing, Workshops and Phd Forum",semanticscholar,812c7f7cd43e1049394439503c2168b89cc6b74d,CS081,S201,,CS081,included,no,,0,title-screen,,,,Keyword score is prioritization only; it is not an eligibility or exclusion decision.
CG0759,doi:10.1109/ipps.1994.288305,20260731T091600Z-legacy-promotions-opencitations;20260731T091700Z-legacy-promotions-semanticscholar,Queue locks on cache coherent multiprocessors,1994,1994-04-01,10.1109/ipps.1994.288305,,Proceedings of 8th International Parallel Processing Symposium,opencitations;semanticscholar,10.1109/ipps.1994.288305;4cfef494489412daa23987168659010dd8215b1f,CS086;CS088,S206;S208,CS086;CS088,,included,no,,0,title-screen,,,,Keyword score is prioritization only; it is not an eligibility or exclusion decision.
CG0761,doi:10.1109/isca.2006.26,20260731T091600Z-legacy-promotions-opencitations,,,,10.1109/isca.2006.26,,,opencitations,10.1109/isca.2006.26,CS106,S226,CS106,,unknown-date,no,,0,manual-date-check,,,,Keyword score is prioritization only; it is not an eligibility or exclusion decision.
CG0763,doi:10.1109/isorc70347.2026.11605766,20260731T091700Z-legacy-promotions-semanticscholar,ipc_shared_ptr: A Publish/Subscribe-Aware Smart Pointer for Cross-Process Object Lifetime Management,2026,2026-05-01,10.1109/isorc70347.2026.11605766,2605.04226,IEEE International Symposium on Real-Time Distributed Computing,semanticscholar,af55436ea14f0751925dd92231a631eb15522f76,CS081,S201,,CS081,included,no,,0,title-screen,,,,Keyword score is prioritization only; it is not an eligibility or exclusion decision.
CG0764,doi:10.1109/ispass.2011.5762733,20260731T091700Z-legacy-promotions-semanticscholar,Performance evaluation of adaptivity in software transactional memory,2011,2011-04-10,10.1109/ispass.2011.5762733,,IEEE International Symposium on Performance Analysis of Systems and Software,semanticscholar,5c3f3ae40e23c10c43c59b80b55b2a410febfdfd,CS081,S201,,CS081,included,no,,0,title-screen,,,,Keyword score is prioritization only; it is not an eligibility or exclusion decision.
CG0765,doi:10.1109/ispdc.2015.32,20260731T091700Z-legacy-promotions-semanticscholar,Contention Adapting Search Trees,2015,2015-06-29,10.1109/ispdc.2015.32,,International Symposium on Parallel and Distributed Computing,semanticscholar,a09d321398220e285b624cbd1ebf126c824cc8bd,CS081,S201,,CS081,included,no,,0,title-screen,,,,Keyword score is prioritization only; it is not an eligibility or exclusion decision.
CG0766,doi:10.1109/ispdc67428.2025.00025,20260731T091700Z-legacy-promotions-semanticscholar,MTASet: A Tree-based Set for Efficient Range Queries in Update-heavy Workloads,2025,2025-07-08,10.1109/ispdc67428.2025.00025,2507.20041,International Symposium on Parallel and Distributed Computing,semanticscholar,7b1b43ca59e50ca7ba1dcb02df3492a6255bf0dc,CS081,S201,,CS081,included,no,,0,title-screen,,,,Keyword score is prioritization only; it is not an eligibility or exclusion decision.
CG0767,doi:10.1109/issre.2016.31,20260731T091700Z-legacy-promotions-semanticscholar,Proving Concurrent Data Structures Linearizable,2016,2016-10-01,10.1109/issre.2016.31,,IEEE International Symposium on Software Reliability Engineering,semanticscholar,8aefc31dd9c4275256645e28b424ae6a80a206eb,CS089,S209,,CS089,included,no,,0,title-screen,,,,Keyword score is prioritization only; it is not an eligibility or exclusion decision.
CG0769,doi:10.1109/lics.1991.151628,20260731T091600Z-legacy-promotions-opencitations;20260731T091700Z-legacy-promotions-semanticscholar,Logic programming in a fragment of intuitionistic linear logic,1991,1991-07-15,10.1109/lics.1991.151628,,[1991] Proceedings Sixth Annual IEEE Symposium on Logic in Computer Science,opencitations;semanticscholar,10.1109/lics.1991.151628;eb5bee2085b8939591a4021f8da033ec097c05eb,CS086,S206,CS086,,included,no,,0,title-screen,,,,Keyword score is prioritization only; it is not an eligibility or exclusion decision.
CG0770,doi:10.1109/lics.1996.561359,20260731T091700Z-legacy-promotions-semanticscholar,General decidability theorems for infinite-state systems,1996,1996-07-27,10.1109/lics.1996.561359,,Proceedings 11th Annual IEEE Symposium on Logic in Computer Science,semanticscholar,a515f501872957f9128039057306f72c809e7ab6,CS088,S208,CS088,,included,no,,0,title-screen,,,,Keyword score is prioritization only; it is not an eligibility or exclusion decision.
CG0771,doi:10.1109/lics.2000.855773,20260731T091700Z-legacy-promotions-semanticscholar,A complete axiomatization of interval temporal logic with infinite time,2000,2000-06-26,10.1109/lics.2000.855773,,Proceedings Fifteenth Annual IEEE Symposium on Logic in Computer Science (Cat. No.99CB36332),semanticscholar,7ab48fcf26cd27ee317d3a9d38d0e093b1f755ba,CS091,S211,CS091,,included,no,,0,title-screen,,,,Keyword score is prioritization only; it is not an eligibility or exclusion decision.
CG0772,doi:10.1109/lics.2000.855774,20260731T091600Z-legacy-promotions-opencitations;20260731T091700Z-legacy-promotions-semanticscholar,A modality for recursion,2000,2000-06-26,10.1109/lics.2000.855774,,Proceedings Fifteenth Annual IEEE Symposium on Logic in Computer Science (Cat. No.99CB36332),opencitations;semanticscholar,10.1109/lics.2000.855774;3388edce12363107a723b142e9725f23663cee75,CS086;CS087,S206;S207,CS086;CS087,,included,no,,0,title-screen,,,,Keyword score is prioritization only; it is not an eligibility or exclusion decision.
CG0773,doi:10.1109/lics.2001.932479,20260731T091700Z-legacy-promotions-semanticscholar,Deconstructing Shostak,2001,2001-06-16,10.1109/lics.2001.932479,,Proceedings 16th Annual IEEE Symposium on Logic in Computer Science,semanticscholar,da7a2415aead5e8d8545cf2456ea36d8886a5d9f,CS088,S208,CS088,,included,no,,0,title-screen,,,,Keyword score is prioritization only; it is not an eligibility or exclusion decision.
CG0775,doi:10.1109/lics.2002.1029817,20260731T091600Z-legacy-promotions-opencitations;20260731T091700Z-legacy-promotions-semanticscholar,Separation logic: a logic for shared mutable data structures,2002,2002-07-22,10.1109/lics.2002.1029817,,Proceedings 17th Annual IEEE Symposium on Logic in Computer Science,opencitations;semanticscholar,10.1109/lics.2002.1029817;38b7e9721cc3e326580465deaf0f0028b92afe6a,CS085;CS088;CS090;CS091;CS101,S205;S208;S210;S211;S221,CS085;CS088;CS090;CS091;CS101,,included,no,,0,title-screen,,,,Keyword score is prioritization only; it is not an eligibility or exclusion decision.
CG0776,doi:10.1109/lics.2004.1319598,20260731T091700Z-legacy-promotions-semanticscholar,Transition invariants,2004,2004-07-13,10.1109/lics.2004.1319598,,"Proceedings of the 19th Annual IEEE Symposium on Logic in Computer Science, 2004.",semanticscholar,39aaa1c5514cd306dfa29fd7eaee84cb11be1b9d,CS088,S208,CS088,,included,no,,0,title-screen,,,,Keyword score is prioritization only; it is not an eligibility or exclusion decision.
CG0777,doi:10.1109/lics.2006.52,20260731T091600Z-legacy-promotions-opencitations;20260731T091700Z-legacy-promotions-semanticscholar,Variables as Resource in Hoare Logics,2006,2006-08-12,10.1109/lics.2006.52,,Logic in Computer Science,opencitations;semanticscholar,10.1109/lics.2006.52;d002549e306583a6dc67be8cd364de15d7b3d1ae,CS088;CS101,S208;S221,CS088;CS101,,included,no,,0,title-screen,,,,Keyword score is prioritization only; it is not an eligibility or exclusion decision.
CG0778,doi:10.1109/lics.2007.30,20260731T091600Z-legacy-promotions-opencitations;20260731T091700Z-legacy-promotions-semanticscholar,Local Action and Abstract Separation Logic,2007,2007-07-10,10.1109/lics.2007.30,,Logic in Computer Science,opencitations;semanticscholar,10.1109/lics.2007.30;b3a0973fc9fad5770f3b10fd52a18f624b734425,CS103,S223,CS103,,included,no,,0,title-screen,,,,Keyword score is prioritization only; it is not an eligibility or exclusion decision.
CG0779,doi:10.1109/lics.2010.24,20260731T091600Z-legacy-promotions-opencitations,,,,10.1109/lics.2010.24,,,opencitations,10.1109/lics.2010.24,CS087,S207,CS087,,unknown-date,no,,0,manual-date-check,,,,Keyword score is prioritization only; it is not an eligibility or exclusion decision.
CG0781,doi:10.1109/micro.2001.991127,20260731T091700Z-legacy-promotions-semanticscholar,Speculative lock elision: enabling highly concurrent multithreaded execution,2001,2001-12-01,10.1109/micro.2001.991127,,Proceedings. 34th ACM/IEEE International Symposium on Microarchitecture. MICRO-34,semanticscholar,1d8adf1dcfb16411bc3a36f8f374ef78d964c258,CS088,S208,CS088,,included,no,,0,title-screen,,,,Keyword score is prioritization only; it is not an eligibility or exclusion decision.
CG0782,doi:10.1109/nca.2012.45,20260731T091700Z-legacy-promotions-semanticscholar,ASAP: An Aggressive SpeculAtive Protocol for Actively Replicated Transactional Systems,2012,2012-08-23,10.1109/nca.2012.45,,IEEE International Symposium on Network Computing and Applications,semanticscholar,f786769fa324e1b4373f0ac8080db40008165915,CS081,S201,,CS081,included,no,,0,title-screen,,,,Keyword score is prioritization only; it is not an eligibility or exclusion decision.
CG0783,doi:10.1109/pact.2007.42,20260731T091700Z-legacy-promotions-semanticscholar,JudoSTM: A Dynamic Binary-Rewriting Approach to Software Transactional Memory,2007,2007-09-15,10.1109/pact.2007.42,,International Conference on Parallel Architectures and Compilation Techniques,semanticscholar,70ffdf06a4b3b8fc028a75a2ede7b6876b049cbd,CS081,S201,,CS081,included,no,,0,title-screen,,,,Keyword score is prioritization only; it is not an eligibility or exclusion decision.
CG0784,doi:10.1109/pact.2017.29,20260731T091600Z-legacy-promotions-opencitations,,,,10.1109/pact.2017.29,,,opencitations,10.1109/pact.2017.29,CS106,S226,CS106,,unknown-date,no,,0,manual-date-check,,,,Keyword score is prioritization only; it is not an eligibility or exclusion decision.
CG0785,doi:10.1109/pact58117.2023.00031,20260731T091700Z-legacy-promotions-semanticscholar,Separating Mechanism from Policy in STM,2023,2023-10-21,10.1109/pact58117.2023.00031,,International Conference on Parallel Architectures and Compilation Techniques,semanticscholar,36fc3e42af23503fa6994409a01b736676f417b2,CS081,S201,,CS081,included,no,,0,title-screen,,,,Keyword score is prioritization only; it is not an eligibility or exclusion decision.
CG0786,doi:10.1109/pdcat.2008.77,20260731T091700Z-legacy-promotions-semanticscholar,Exploring the Emerging Applications for Transactional Memory,2008,2008-12-01,10.1109/pdcat.2008.77,,"2008 Ninth International Conference on Parallel and Distributed Computing, Applications and Technologies",semanticscholar,0d0b67b97a96d6d7f26193100c7a09183b91cab4,CS081,S201,,CS081,included,no,,0,title-screen,,,,Keyword score is prioritization only; it is not an eligibility or exclusion decision.
CG0787,doi:10.1109/prdc.2009.55,20260731T091700Z-legacy-promotions-semanticscholar,D2STM: Dependable Distributed Software Transactional Memory,2009,2009-11-16,10.1109/prdc.2009.55,,2009 15th IEEE Pacific Rim International Symposium on Dependable Computing,semanticscholar,fed4992655da7175ac66dd0a51c58de9f4756f5e,CS081,S201,,CS081,included,no,,0,title-screen,,,,Keyword score is prioritization only; it is not an eligibility or exclusion decision.
CG0788,doi:10.1109/rtcsa.2009.57,20260731T091700Z-legacy-promotions-semanticscholar,Real-Time Support for Software Transactional Memory,2009,2009-08-24,10.1109/rtcsa.2009.57,,IEEE International Conference on Embedded and Real-Time Computing Systems and Applications,semanticscholar,6f9848fc57848d22bdbd6e565720d3cd6fa0b918,CS081,S201,,CS081,included,no,,0,title-screen,,,,Keyword score is prioritization only; it is not an eligibility or exclusion decision.
CG0789,doi:10.1109/samos.2011.6045438,20260731T091700Z-legacy-promotions-semanticscholar,On STM concurrency control for multicore embedded real-time software,2011,2011-07-18,10.1109/samos.2011.6045438,,"2011 International Conference on Embedded Computer Systems: Architectures, Modeling and Simulation",semanticscholar,b8928666733e18435df71283cdbbc39366ad9dde,CS081,S201,,CS081,included,no,,0,title-screen,,,,Keyword score is prioritization only; it is not an eligibility or exclusion decision.
CG0792,doi:10.1109/sefm.2006.7,20260731T091700Z-legacy-promotions-semanticscholar,A Theory of Singly-Linked Lists and its Extensible Decision Procedure,2006,2006-09-11,10.1109/sefm.2006.7,,IEEE International Conference on Software Engineering and Formal Methods,semanticscholar,8fecd277d1c385bfedf2a928cb251e45249eb205,CS088,S208,CS088,,included,no,,0,title-screen,,,,Keyword score is prioritization only; it is not an eligibility or exclusion decision.
CG0794,doi:10.1109/smc-it.2009.45,20260731T091700Z-legacy-promotions-semanticscholar,Reliable and Efficient Concurrent Synchronization for Embedded Real-Time Software,2009,2009-07-19,10.1109/smc-it.2009.45,,2009 Third IEEE International Conference on Space Mission Challenges for Information Technology,semanticscholar,0b553242f822c4a7443bc3fd0d6b378276465f7c,CS081,S201,,CS081,included,no,,0,title-screen,,,,Keyword score is prioritization only; it is not an eligibility or exclusion decision.
CG0795,doi:10.1109/sp40000.2020.00098,20260731T091700Z-legacy-promotions-semanticscholar,Cornucopia: Temporal Safety for CHERI Heaps,2020,2020-05-01,10.1109/sp40000.2020.00098,,IEEE Symposium on Security and Privacy,semanticscholar,4ab15efe99624b33a4c82af2567b6086967758a8,CS081,S201,,CS081,included,no,,0,title-screen,,,,Keyword score is prioritization only; it is not an eligibility or exclusion decision.
CG0796,doi:10.1109/sp40001.2021.00003,20260731T091600Z-legacy-promotions-opencitations;20260731T091700Z-legacy-promotions-semanticscholar,Compositional Non-Interference for Fine-Grained Concurrent Programs,2019,2019-10-02,10.1109/sp40001.2021.00003,1910.00905,IEEE Symposium on Security and Privacy,opencitations;semanticscholar,10.1109/sp40001.2021.00003;f9324aaa1e7f274e19edcff6d1f795efa02a2a87,CS087,S207,CS087,,included,no,,0,title-screen,,,,Keyword score is prioritization only; it is not an eligibility or exclusion decision.
CG0797,doi:10.1109/srds.2011.16,20260731T091700Z-legacy-promotions-semanticscholar,OSARE: Opportunistic Speculation in Actively REplicated Transactional Systems,2011,2011-10-04,10.1109/srds.2011.16,,IEEE International Symposium on Reliable Distributed Systems,semanticscholar,10f947e46e927e7640375741d18e68b149a49fda,CS081,S201,,CS081,included,no,,0,title-screen,,,,Keyword score is prioritization only; it is not an eligibility or exclusion decision.
CG0802,doi:10.1109/tc.1979.1675439,20260731T091600Z-legacy-promotions-opencitations,,,,10.1109/tc.1979.1675439,,,opencitations,10.1109/tc.1979.1675439,CS083,S203,CS083,,unknown-date,no,,0,manual-date-check,,,,Keyword score is prioritization only; it is not an eligibility or exclusion decision.
CG0803,doi:10.1109/tc.1983.1676201,20260731T091700Z-legacy-promotions-semanticscholar,The NYU Ultracomputer&#8212;Designing an MIMD Shared Memory Parallel Computer,1983,1983-02-01,10.1109/tc.1983.1676201,,IEEE transactions on computers,semanticscholar,12cfebd40a360e884943a456bccec37ebee7f990,CS088,S208,CS088,,included,no,,0,title-screen,,,,Keyword score is prioritization only; it is not an eligibility or exclusion decision.
CG0804,doi:10.1109/tc.1987.1676921,20260731T091700Z-legacy-promotions-semanticscholar,Distributing Hot-Spot Addressing in Large-Scale Multiprocessors,1987,1987-04-01,10.1109/tc.1987.1676921,,IEEE transactions on computers,semanticscholar,ff5e8b9972294f600b4de1a0fbb85df3a5b1bc31,CS088,S208,CS088,,included,no,,0,title-screen,,,,Keyword score is prioritization only; it is not an eligibility or exclusion decision.
CG0805,doi:10.1109/tc.2012.248,20260731T091600Z-legacy-promotions-opencitations,,2013,2013-09,10.1109/tc.2012.248,,,opencitations,10.1109/tc.2012.248,CS099,S219,,CS099,included,no,,0,missing-title-manual-check,,,,Keyword score is prioritization only; it is not an eligibility or exclusion decision.
CG0806,doi:10.1109/tc.2015.2479604,20260731T091700Z-legacy-promotions-semanticscholar,A Systematic Methodology for Optimization of Applications Utilizing Concurrent Data Structures,2016,2016-07-01,10.1109/tc.2015.2479604,,IEEE transactions on computers,semanticscholar,8bfb83a900b064cd60b79ac860d2fb3602a198fa,CS081,S201,,CS081,included,no,,0,title-screen,,,,Keyword score is prioritization only; it is not an eligibility or exclusion decision.
CG0807,doi:10.1109/time.2011.12,20260731T091700Z-legacy-promotions-semanticscholar,Interleaved Programs and Rely-Guarantee Reasoning with ITL,2011,2011-09-12,10.1109/time.2011.12,,2011 Eighteenth International Symposium on Temporal Representation and Reasoning,semanticscholar,81e34d2a18c46260400fbcd483f6cc40cdada626,CS091,S211,CS091,,included,no,,0,title-screen,,,,Keyword score is prioritization only; it is not an eligibility or exclusion decision.
CG0808,doi:10.1109/time.2011.25,20260731T091600Z-legacy-promotions-opencitations,,2011,2011-09,10.1109/time.2011.25,,,opencitations,10.1109/time.2011.25,CS090,S210,,CS090,included,no,,0,missing-title-manual-check,,,,Keyword score is prioritization only; it is not an eligibility or exclusion decision.
CG0810,doi:10.1109/tpds.2003.1199067,20260731T091600Z-legacy-promotions-opencitations,,,,10.1109/tpds.2003.1199067,,,opencitations,10.1109/tpds.2003.1199067,CS106,S226,CS106,,unknown-date,no,,0,manual-date-check,,,,Keyword score is prioritization only; it is not an eligibility or exclusion decision.
CG0813,doi:10.1109/tpds.2011.159,20260731T091700Z-legacy-promotions-semanticscholar,User-Level Implementations of Read-Copy Update,2012,2012-02-01,10.1109/tpds.2011.159,,IEEE Transactions on Parallel and Distributed Systems,semanticscholar,925e62cf34e775713c38aebb1510e93e2a510ed4,CS081,S201,,CS081,included,no,,0,title-screen,,,,Keyword score is prioritization only; it is not an eligibility or exclusion decision.
CG0815,doi:10.1109/tpds.2016.2539953,20260731T091700Z-legacy-promotions-semanticscholar,Fast Consensus Using Bounded Staleness for Scalable Read-Mostly Synchronization,2016,2016-12-01,10.1109/tpds.2016.2539953,,IEEE Transactions on Parallel and Distributed Systems,semanticscholar,85d59731ae63e64d1a09e9975e87b93f86555225,CS081,S201,,CS081,included,no,,0,title-screen,,,,Keyword score is prioritization only; it is not an eligibility or exclusion decision.
CG0816,doi:10.1109/tpds.2017.2729551,20260731T091700Z-legacy-promotions-semanticscholar,Eunomia: Scaling Concurrent Index Structures Under Contention Using HTM,2018,2018-08-01,10.1109/tpds.2017.2729551,,IEEE Transactions on Parallel and Distributed Systems,semanticscholar,e9838ff6823ff851a8e2ec0ab25ce3b415287b9c,CS081,S201,,CS081,included,no,,0,title-screen,,,,Keyword score is prioritization only; it is not an eligibility or exclusion decision.
CG0819,doi:10.1109/tpds.2025.3556861,20260731T091600Z-legacy-promotions-opencitations;20260731T091700Z-legacy-promotions-semanticscholar,IRHunter: Universal Detection of Instruction Reordering Vulnerabilities for Enhanced Concurrency in Distributed and Parallel Systems,2025,2025-06-01,10.1109/tpds.2025.3556861,,IEEE Transactions on Parallel and Distributed Systems,opencitations;semanticscholar,10.1109/tpds.2025.3556861;e97c6d321001eb36d13e92c2f3b4ecb3b55aaa07,CS106,S226,,CS106,included,no,,0,title-screen,,,,Keyword score is prioritization only; it is not an eligibility or exclusion decision.
CG0820,doi:10.1109/tpds.2025.3587888,20260731T091700Z-legacy-promotions-semanticscholar,Elastic Relaxation of Concurrent Data Structures,2025,2025-12-01,10.1109/tpds.2025.3587888,,IEEE Transactions on Parallel and Distributed Systems,semanticscholar,1459a3567cfbc2753e5a4a4f037f6756092ed2db,CS081,S201,,CS081,included,no,,0,title-screen,,,,Keyword score is prioritization only; it is not an eligibility or exclusion decision.
CG0821,doi:10.1109/trustcom.2015.621,20260731T091700Z-legacy-promotions-semanticscholar,"Hardware Transactional Memory Optimization Guidelines, Applied to Ordered Maps",2015,2015-08-20,10.1109/trustcom.2015.621,,2015 IEEE Trustcom/BigDataSE/ISPA,semanticscholar,5e510431169f3d5070d3bf68163ada88793a0dd3,CS081,S201,,CS081,included,no,,0,title-screen,,,,Keyword score is prioritization only; it is not an eligibility or exclusion decision.
CG0822,doi:10.1109/tse.1977.229904,20260731T091600Z-legacy-promotions-opencitations,,,,10.1109/tse.1977.229904,,,opencitations,10.1109/tse.1977.229904,CS104,S224,CS104,,unknown-date,no,,0,manual-date-check,,,,Keyword score is prioritization only; it is not an eligibility or exclusion decision.
CG0823,doi:10.1109/tse.1981.230844,20260731T091600Z-legacy-promotions-opencitations,,,,10.1109/tse.1981.230844,,,opencitations,10.1109/tse.1981.230844,CS090;CS101,S210;S221,CS090;CS101,,unknown-date,no,,0,manual-date-check,,,,Keyword score is prioritization only; it is not an eligibility or exclusion decision.
CG0824,doi:10.1109/tse.2005.47,20260731T091600Z-legacy-promotions-opencitations,,,,10.1109/tse.2005.47,,,opencitations,10.1109/tse.2005.47,CS100,S220,CS100,,unknown-date,no,,0,manual-date-check,,,,Keyword score is prioritization only; it is not an eligibility or exclusion decision.
CG0825,doi:10.1109/tse.2012.82,20260731T091600Z-legacy-promotions-opencitations;20260731T091700Z-legacy-promotions-semanticscholar,Verifying Linearizability via Optimized Refinement Checking,2013,2013-07-01,10.1109/tse.2012.82,,IEEE Transactions on Software Engineering,opencitations;semanticscholar,10.1109/tse.2012.82;5de528f09dd2933a5aec6ed738398122dddfd628,CS082;CS083;CS084;CS096;CS097;CS098;CS099;CS100;CS105,S202;S203;S204;S216;S217;S218;S219;S220;S225,CS083,CS082;CS084;CS096;CS097;CS098;CS099;CS100;CS105,included,no,,0,title-screen,,,,Keyword score is prioritization only; it is not an eligibility or exclusion decision.
CG0827,doi:10.1109/tse.2023.3326056,20260731T091600Z-legacy-promotions-opencitations;20260731T091700Z-legacy-promotions-semanticscholar,Simulating Operational Memory Models Using Off-the-Shelf Program Analysis Tools,2023,2023-12-01,10.1109/tse.2023.3326056,,IEEE Transactions on Software Engineering,opencitations;semanticscholar,0f97a5d4b21933990565d58323e2a1647124c0b6;10.1109/tse.2023.3326056,CS106,S226,,CS106,included,no,,0,title-screen,,,,Keyword score is prioritization only; it is not an eligibility or exclusion decision.
CG0828,doi:10.1111/j.1467-8659.2011.02085.x,20260731T091700Z-legacy-promotions-semanticscholar,Interactive Ray Tracing of Large Models Using Voxel Hierarchies,2012,2012-02-01,10.1111/j.1467-8659.2011.02085.x,,Computer graphics forum (Print),semanticscholar,2e5a802a8fd311bc8ad8a71c3d20bc2b5c2ec8ce,CS081,S201,,CS081,included,no,,0,title-screen,,,,Keyword score is prioritization only; it is not an eligibility or exclusion decision.
CG0829,doi:10.1137/1.9781611975499.8,20260731T091700Z-legacy-promotions-semanticscholar,Batch-Parallel Euler Tour Trees,2018,2018-10-01,10.1137/1.9781611975499.8,1810.10738,Workshop on Algorithm Engineering and Experimentation,semanticscholar,e144998a9fd0abfc01d1fd8626aea3e50178aaa1,CS081,S201,,CS081,included,no,,0,title-screen,,,,Keyword score is prioritization only; it is not an eligibility or exclusion decision.
CG0831,doi:10.1142/3831,20260731T091600Z-legacy-promotions-opencitations,,,,10.1142/3831,,,opencitations,10.1142/3831,CS095,S215,CS095,,unknown-date,no,,0,manual-date-check,,,,Keyword score is prioritization only; it is not an eligibility or exclusion decision.
CG0832,doi:10.1142/s0129054121500015,20260731T091600Z-legacy-promotions-opencitations;20260731T091700Z-legacy-promotions-semanticscholar,Strict Linearizability and Abstract Atomicity,2021,2018-06-21,10.1142/s0129054121500015,1806.08128,International Journal of Foundations of Computer Science,opencitations;semanticscholar,10.1142/s0129054121500015;42be38e95405f843c05f6a4e82a8c1f811510e4e,CS084;CS089,S204;S209,,CS084;CS089,included,no,,0,title-screen,,,,Keyword score is prioritization only; it is not an eligibility or exclusion decision.
CG0833,doi:10.1142/s0129626407003125,20260731T091600Z-legacy-promotions-opencitations;20260731T091700Z-legacy-promotions-semanticscholar,A Lazy Concurrent List-Based Set Algorithm,2005,2005-12-12,10.1142/s0129626407003125,,Parallel Processing Letters,opencitations;semanticscholar,10.1142/s0129626407003125;813b7cdcf6d77ea34b4cf68378e2508db28fdf50,CS083;CS091,S203;S211,CS083;CS091,,included,no,,0,title-screen,,,,Keyword score is prioritization only; it is not an eligibility or exclusion decision.
CG0834,doi:10.1142/s0129626416500158,20260731T091700Z-legacy-promotions-semanticscholar,A Fast Contention-Friendly Binary Search Tree,2016,2016-09-20,10.1142/s0129626416500158,,Parallel Processing Letters,semanticscholar,074be4b4f98445444bd7c7476caaf96d07203261,CS081,S201,,CS081,included,no,,0,title-screen,,,,Keyword score is prioritization only; it is not an eligibility or exclusion decision.
CG0835,doi:10.1142/s0218126625300089,20260731T091600Z-legacy-promotions-opencitations,,2025,2025-06-23,10.1142/s0218126625300089,,,opencitations,10.1142/s0218126625300089,CS106,S226,,CS106,included,no,,0,missing-title-manual-check,,,,Keyword score is prioritization only; it is not an eligibility or exclusion decision.
CG0839,doi:10.1145/103727.103729,20260731T091600Z-legacy-promotions-opencitations;20260731T091700Z-legacy-promotions-semanticscholar,Algorithms for scalable synchronization on shared-memory multiprocessors,1991,1991-02-01,10.1145/103727.103729,,ACM Transactions on Computer Systems,opencitations;semanticscholar,10.1145/103727.103729;1c66c74508b150c3f4a20d9f05a605b89b30a718,CS086;CS088,S206;S208,CS086;CS088,,included,no,,0,title-screen,,,,Keyword score is prioritization only; it is not an eligibility or exclusion decision.
CG0840,doi:10.1145/1040305.1040315,20260731T091600Z-legacy-promotions-opencitations,,,,10.1145/1040305.1040315,,,opencitations,10.1145/1040305.1040315,CS106,S226,CS106,,unknown-date,no,,0,manual-date-check,,,,Keyword score is prioritization only; it is not an eligibility or exclusion decision.
CG0841,doi:10.1145/1040305.1040327,20260731T091600Z-legacy-promotions-opencitations;20260731T091700Z-legacy-promotions-semanticscholar,Permission accounting in separation logic,2005,2005-01-12,10.1145/1040305.1040327,,ACM-SIGACT Symposium on Principles of Programming Languages,opencitations;semanticscholar,10.1145/1040305.1040327;e198d4936e86dad3c3702818e903d68493f3b25b,CS085;CS086;CS088,S205;S206;S208,CS085;CS086;CS088,,included,no,,0,title-screen,,,,Keyword score is prioritization only; it is not an eligibility or exclusion decision.
CG0842,doi:10.1145/1040305.1040331,20260731T091600Z-legacy-promotions-opencitations,,,,10.1145/1040305.1040331,,,opencitations,10.1145/1040305.1040331,CS096,S216,CS096,,unknown-date,no,,0,manual-date-check,,,,Keyword score is prioritization only; it is not an eligibility or exclusion decision.
CG0843,doi:10.1145/1042038.1042044,20260731T091600Z-legacy-promotions-opencitations,,,,10.1145/1042038.1042044,,,opencitations,10.1145/1042038.1042044,CS084,S204,CS084,,unknown-date,no,,0,manual-date-check,,,,Keyword score is prioritization only; it is not an eligibility or exclusion decision.
CG0844,doi:10.1145/1047659.1040327,20260731T091600Z-legacy-promotions-opencitations,,,,10.1145/1047659.1040327,,,opencitations,10.1145/1047659.1040327,CS085,S205,CS085,,unknown-date,no,,0,manual-date-check,,,,Keyword score is prioritization only; it is not an eligibility or exclusion decision.
CG0845,doi:10.1145/1062247.1062249,20260731T091600Z-legacy-promotions-opencitations,,,,10.1145/1062247.1062249,,,opencitations,10.1145/1062247.1062249,CS094,S214,CS094,,unknown-date,no,,0,manual-date-check,,,,Keyword score is prioritization only; it is not an eligibility or exclusion decision.
CG0846,doi:10.1145/1065010.1065015,20260731T091600Z-legacy-promotions-opencitations,,,,10.1145/1065010.1065015,,,opencitations,10.1145/1065010.1065015,CS100,S220,CS100,,unknown-date,no,,0,manual-date-check,,,,Keyword score is prioritization only; it is not an eligibility or exclusion decision.
CG0847,doi:10.1145/1065944.1065952,20260731T091700Z-legacy-promotions-semanticscholar,Composable memory transactions,2005,2005-06-15,10.1145/1065944.1065952,,ACM SIGPLAN Symposium on Principles & Practice of Parallel Programming,semanticscholar,8a03fe7092f8284d999fb18bbe8bf84a37681d28,CS081,S201,,CS081,included,no,,0,title-screen,,,,Keyword score is prioritization only; it is not an eligibility or exclusion decision.
CG0848,doi:10.1145/1065944.1065953,20260731T091600Z-legacy-promotions-opencitations,,,,10.1145/1065944.1065953,,,opencitations,10.1145/1065944.1065953,CS082;CS084,S202;S204,CS082;CS084,,unknown-date,no,,0,manual-date-check,,,,Keyword score is prioritization only; it is not an eligibility or exclusion decision.
CG0850,doi:10.1145/1066100.1066102,20260731T091700Z-legacy-promotions-semanticscholar,Simplify: a theorem prover for program checking,2005,2005-05-01,10.1145/1066100.1066102,,JACM,semanticscholar,8c45e059a11b1c6398b45c92610804e1f28336d4,CS088,S208,CS088,,included,no,,0,title-screen,,,,Keyword score is prioritization only; it is not an eligibility or exclusion decision.
CG0851,doi:10.1145/1066650.1066660,20260731T091700Z-legacy-promotions-semanticscholar,Design tradeoffs in modern software transactional memory systems,2004,2004-10-22,10.1145/1066650.1066660,,"Languages, Compilers, and Run-Time Systems for Scalable Computers",semanticscholar,2cba6ba78451300d59209875f55154842f6f9b5f,CS081,S201,,CS081,included,no,,0,title-screen,,,,Keyword score is prioritization only; it is not an eligibility or exclusion decision.
CG0852,doi:10.1145/1073814.1073861,20260731T091700Z-legacy-promotions-semanticscholar,Advanced contention management for dynamic software transactional memory,2005,2005-07-17,10.1145/1073814.1073861,,ACM SIGACT-SIGOPS Symposium on Principles of Distributed Computing,semanticscholar,cb43cc0c48b2e5e6121dd3fe8bddc67d4a651830,CS081,S201,,CS081,included,no,,0,title-screen,,,,Keyword score is prioritization only; it is not an eligibility or exclusion decision.
CG0853,doi:10.1145/1073970.1074013,20260731T091600Z-legacy-promotions-opencitations,,,,10.1145/1073970.1074013,,,opencitations,10.1145/1073970.1074013,CS102,S222,CS102,,unknown-date,no,,0,manual-date-check,,,,Keyword score is prioritization only; it is not an eligibility or exclusion decision.
CG0854,doi:10.1145/1088348.1088354,20260731T091700Z-legacy-promotions-semanticscholar,Haskell on a shared-memory multiprocessor,2005,2005-09-30,10.1145/1088348.1088354,,ACM SIGPLAN Symposium/Workshop on Haskell,semanticscholar,4f09579122195d7379e0237768800f734095221f,CS081,S201,,CS081,included,no,,0,title-screen,,,,Keyword score is prioritization only; it is not an eligibility or exclusion decision.
CG0855,doi:10.1145/109625.109637,20260731T091700Z-legacy-promotions-semanticscholar,Scalable reader-writer synchronization for shared-memory multiprocessors,1991,1991-04-01,10.1145/109625.109637,,ACM SIGPLAN Symposium on Principles & Practice of Parallel Programming,semanticscholar,97c649dc68ad8818c7e2b7f75b9c164aa840f6a5,CS088,S208,CS088,,included,no,,0,title-screen,,,,Keyword score is prioritization only; it is not an eligibility or exclusion decision.
CG0856,doi:10.1145/1111037.1111042,20260731T091600Z-legacy-promotions-opencitations,,,,10.1145/1111037.1111042,,,opencitations,10.1145/1111037.1111042,CS085,S205,CS085,,unknown-date,no,,0,manual-date-check,,,,Keyword score is prioritization only; it is not an eligibility or exclusion decision.
CG0857,doi:10.1145/1111037.1111048,20260731T091700Z-legacy-promotions-semanticscholar,Verifying properties of well-founded linked lists,2006,2006-01-11,10.1145/1111037.1111048,,ACM-SIGACT Symposium on Principles of Programming Languages,semanticscholar,abf6e7a9733d41f1d70f36bbd66b7ce9440dc47e,CS088,S208,CS088,,included,no,,0,title-screen,,,,Keyword score is prioritization only; it is not an eligibility or exclusion decision.
CG0858,doi:10.1145/1111037.1111068,20260731T091700Z-legacy-promotions-semanticscholar,Autolocker: synchronization inference for atomic sections,2006,2006-01-11,10.1145/1111037.1111068,,ACM-SIGACT Symposium on Principles of Programming Languages,semanticscholar,15d2dd20273422fa049ff1620fa8e6021c532a3a,CS081,S201,,CS081,included,no,,0,title-screen,,,,Keyword score is prioritization only; it is not an eligibility or exclusion decision.
CG0859,doi:10.1145/1122971.1122992,20260731T091600Z-legacy-promotions-opencitations;20260731T091700Z-legacy-promotions-semanticscholar,Proving correctness of highly-concurrent linearisable objects,2006,2006-03-29,10.1145/1122971.1122992,,ACM SIGPLAN Symposium on Principles & Practice of Parallel Programming,opencitations;semanticscholar,10.1145/1122971.1122992;9dd2d27da13ac677a182647051797becd2912fc7,CS082;CS084;CS088;CS090;CS091;CS096;CS103,S202;S204;S208;S210;S211;S216;S223,CS082;CS084;CS088;CS090;CS091;CS096;CS103,,included,no,,0,title-screen,,,,Keyword score is prioritization only; it is not an eligibility or exclusion decision.
CG0860,doi:10.1145/1122971.1123002,20260731T091700Z-legacy-promotions-semanticscholar,Exploiting distributed version concurrency in a transactional memory cluster,2006,2006-03-29,10.1145/1122971.1123002,,ACM SIGPLAN Symposium on Principles & Practice of Parallel Programming,semanticscholar,2e86ebcbfd28619525a32375a4415faebac5c659,CS081,S201,,CS081,included,no,,0,title-screen,,,,Keyword score is prioritization only; it is not an eligibility or exclusion decision.
CG0861,doi:10.1145/1133981.1133984,20260731T091700Z-legacy-promotions-semanticscholar,Optimizing memory transactions,2006,2006-06-11,10.1145/1133981.1133984,,ACM-SIGPLAN Symposium on Programming Language Design and Implementation,semanticscholar,c516d505dcee2faa0eea6b6a456fefa9451af12e,CS081,S201,,CS081,included,no,,0,title-screen,,,,Keyword score is prioritization only; it is not an eligibility or exclusion decision.
CG0862,doi:10.1145/1133981.1133985,20260731T091700Z-legacy-promotions-semanticscholar,Compiler and runtime support for efficient software transactional memory,2006,2006-06-11,10.1145/1133981.1133985,,ACM-SIGPLAN Symposium on Programming Language Design and Implementation,semanticscholar,5dba3105fc05e6ba918106cb3f96d482c1a092f8,CS081,S201,,CS081,included,no,,0,title-screen,,,,Keyword score is prioritization only; it is not an eligibility or exclusion decision.
CG0864,doi:10.1145/1159803.1159812,20260731T091600Z-legacy-promotions-opencitations,,,,10.1145/1159803.1159812,,,opencitations,10.1145/1159803.1159812,CS085,S205,CS085,,unknown-date,no,,0,manual-date-check,,,,Keyword score is prioritization only; it is not an eligibility or exclusion decision.
CG0865,doi:10.1145/1168857.1168900,20260731T091700Z-legacy-promotions-semanticscholar,Hybrid transactional memory,2006,2006-10-23,10.1145/1168857.1168900,,ASPLOS XII,semanticscholar,ba26218c9bd9320b74290dbe46d0f870e2c725e7,CS081,S201,,CS081,included,no,,0,title-screen,,,,Keyword score is prioritization only; it is not an eligibility or exclusion decision.
CG0866,doi:10.1145/1190216.1190235,20260731T091600Z-legacy-promotions-opencitations;20260731T091700Z-legacy-promotions-semanticscholar,"A very modal model of a modern, major, general type system",2007,2007-01-17,10.1145/1190216.1190235,,ACM-SIGACT Symposium on Principles of Programming Languages,opencitations;semanticscholar,10.1145/1190216.1190235;a7751d397d2e22cb53b268d591512f73bdd0f77d,CS086;CS087,S206;S207,CS086;CS087,,included,no,,0,title-screen,,,,Keyword score is prioritization only; it is not an eligibility or exclusion decision.
CG0867,doi:10.1145/1190216.1190257,20260731T091600Z-legacy-promotions-opencitations;20260731T091700Z-legacy-promotions-semanticscholar,Proving that programs eventually do something good,2007,2007-01-17,10.1145/1190216.1190257,,ACM-SIGACT Symposium on Principles of Programming Languages,opencitations;semanticscholar,10.1145/1190216.1190257;2c981d2b9004e2e0c88506375e5147a5e7a83fe8,CS079;CS088,S199;S208,CS079;CS088,,included,no,,0,title-screen,,,,Keyword score is prioritization only; it is not an eligibility or exclusion decision.
CG0869,doi:10.1145/1217935.1217965,20260731T091700Z-legacy-promotions-semanticscholar,Predictive log-synchronization,2006,2006-04-18,10.1145/1217935.1217965,,European Conference on Computer Systems,semanticscholar,f296b7e3ae33827cf447c653c9b64bd2e7ae3224,CS081,S201,,CS081,included,no,,0,title-screen,,,,Keyword score is prioritization only; it is not an eligibility or exclusion decision.
CG0870,doi:10.1145/1233307.1233309,20260731T091600Z-legacy-promotions-opencitations;20260731T091700Z-legacy-promotions-semanticscholar,Concurrent programming without locks,2007,2007-05-01,10.1145/1233307.1233309,,TOCS,opencitations;semanticscholar,10.1145/1233307.1233309;6b6e4bc51aa3dccb46f0a4fe3b384774856aab36,CS081;CS104,S201;S224,CS104,CS081,included,no,,0,title-screen,,,,Keyword score is prioritization only; it is not an eligibility or exclusion decision.
CG0871,doi:10.1145/1250734.1250744,20260731T091700Z-legacy-promotions-semanticscholar,Enforcing isolation and ordering in STM,2007,2007-06-15,10.1145/1250734.1250744,,ACM-SIGPLAN Symposium on Programming Language Design and Implementation,semanticscholar,3afb945a9ba7a8846c97885bd381a6f1ae357a03,CS081,S201,,CS081,included,no,,0,title-screen,,,,Keyword score is prioritization only; it is not an eligibility or exclusion decision.
CG0872,doi:10.1145/1250734.1250765,20260731T091600Z-legacy-promotions-opencitations,,,,10.1145/1250734.1250765,,,opencitations,10.1145/1250734.1250765,CS096;CS097,S216;S217,CS096;CS097,,unknown-date,no,,0,manual-date-check,,,,Keyword score is prioritization only; it is not an eligibility or exclusion decision.
CG0873,doi:10.1145/1281100.1281161,20260731T091700Z-legacy-promotions-semanticscholar,Privatization techniques for software transactional memory,2007,2007-08-12,10.1145/1281100.1281161,,ACM SIGACT-SIGOPS Symposium on Principles of Distributed Computing,semanticscholar,2c56a4f0ee60efe825e1b68250fed7d162729a61,CS081,S201,,CS081,included,no,,0,title-screen,,,,Keyword score is prioritization only; it is not an eligibility or exclusion decision.
CG0874,doi:10.1145/1281100.1281163,20260731T091700Z-legacy-promotions-semanticscholar,The power of DCAS: highly-concurrent software transactional memory,2007,2007-08-12,10.1145/1281100.1281163,,ACM SIGACT-SIGOPS Symposium on Principles of Distributed Computing,semanticscholar,bb5db05add19da887e428f6fdd523b6d84d29f8b,CS081,S201,,CS081,included,no,,0,title-screen,,,,Keyword score is prioritization only; it is not an eligibility or exclusion decision.
CG0875,doi:10.1145/1297658.1297662,20260731T091600Z-legacy-promotions-opencitations,,,,10.1145/1297658.1297662,,,opencitations,10.1145/1297658.1297662,CS097,S217,CS097,,unknown-date,no,,0,manual-date-check,,,,Keyword score is prioritization only; it is not an eligibility or exclusion decision.
CG0876,doi:10.1145/1327171.1327181,20260731T091700Z-legacy-promotions-semanticscholar,Multithreaded software transactional memory and OpenMP,2007,2007-09-16,10.1145/1327171.1327181,,Medea,semanticscholar,aa9523954856075675f1a3cff40aa99a4f284d1a,CS081,S201,,CS081,included,no,,0,title-screen,,,,Keyword score is prioritization only; it is not an eligibility or exclusion decision.
CG0878,doi:10.1145/1328438.1328468,20260731T091600Z-legacy-promotions-opencitations,,,,10.1145/1328438.1328468,,,opencitations,10.1145/1328438.1328468,CS097,S217,CS097,,unknown-date,no,,0,manual-date-check,,,,Keyword score is prioritization only; it is not an eligibility or exclusion decision.
CG0879,doi:10.1145/1345206.1345236,20260731T091700Z-legacy-promotions-semanticscholar,Split hardware transactions: true nesting of transactions using best-effort hardware transactional memory,2008,2008-02-20,10.1145/1345206.1345236,,ACM SIGPLAN Symposium on Principles & Practice of Parallel Programming,semanticscholar,7769b84d4838e91ae162fb278a45aa2609197123,CS081,S201,,CS081,included,no,,0,title-screen,,,,Keyword score is prioritization only; it is not an eligibility or exclusion decision.
CG0880,doi:10.1145/1345206.1345238,20260731T091700Z-legacy-promotions-semanticscholar,Concurrent GC leveraging transactional memory,2008,2008-02-20,10.1145/1345206.1345238,,ACM SIGPLAN Symposium on Principles & Practice of Parallel Programming,semanticscholar,d5b49a032b9292151a115fd91e98fcd92e9585f0,CS081,S201,,CS081,included,no,,0,title-screen,,,,Keyword score is prioritization only; it is not an eligibility or exclusion decision.
CG0882,doi:10.1145/1345206.1345242,20260731T091700Z-legacy-promotions-semanticscholar,Software transactional memory for large scale clusters,2008,2008-02-20,10.1145/1345206.1345242,,ACM SIGPLAN Symposium on Principles & Practice of Parallel Programming,semanticscholar,59d50e8b504169d9fd04615882dc80b33eebc4bc,CS081,S201,,CS081,included,no,,0,title-screen,,,,Keyword score is prioritization only; it is not an eligibility or exclusion decision.
CG0883,doi:10.1145/1353522.1353527,20260731T091700Z-legacy-promotions-semanticscholar,The potential for variable-granularity access tracking for optimistic parallelism,2008,2008-03-02,10.1145/1353522.1353527,,Workshop on Memory System Performance and Correctness,semanticscholar,621cc5c9ad0ce76c857ad3072e1f088b66e042c9,CS081,S201,,CS081,included,no,,0,title-screen,,,,Keyword score is prioritization only; it is not an eligibility or exclusion decision.
CG0884,doi:10.1145/1353522.1353528,20260731T091600Z-legacy-promotions-opencitations,,,,10.1145/1353522.1353528,,,opencitations,10.1145/1353522.1353528,CS106,S226,CS106,,unknown-date,no,,0,manual-date-check,,,,Keyword score is prioritization only; it is not an eligibility or exclusion decision.
CG0885,doi:10.1145/1375581.1375598,20260731T091600Z-legacy-promotions-opencitations;20260731T091700Z-legacy-promotions-semanticscholar,Deriving linearizable fine-grained concurrent objects,2008,2008-06-07,10.1145/1375581.1375598,,ACM-SIGPLAN Symposium on Programming Language Design and Implementation,opencitations;semanticscholar,10.1145/1375581.1375598;c5d20e56985a7e18c385c973401a948089be39a4,CS082;CS084;CS091;CS100,S202;S204;S211;S220,CS082;CS084;CS091;CS100,,included,no,,0,title-screen,,,,Keyword score is prioritization only; it is not an eligibility or exclusion decision.
CG0886,doi:10.1145/1375581.1375626,20260731T091600Z-legacy-promotions-opencitations,,,,10.1145/1375581.1375626,,,opencitations,10.1145/1375581.1375626,CS104,S224,CS104,,unknown-date,no,,0,manual-date-check,,,,Keyword score is prioritization only; it is not an eligibility or exclusion decision.
CG0887,doi:10.1145/1378533.1378550,20260731T091700Z-legacy-promotions-semanticscholar,A transactional approach to lock scalability,2008,2008-06-01,10.1145/1378533.1378550,,ACM Symposium on Parallelism in Algorithms and Architectures,semanticscholar,3438c6f5f84c6d39dc8996c8aec4c01ffd073ecb,CS081,S201,,CS081,included,no,,0,title-screen,,,,Keyword score is prioritization only; it is not an eligibility or exclusion decision.
CG0888,doi:10.1145/1378533.1378564,20260731T091700Z-legacy-promotions-semanticscholar,Adaptive transaction scheduling for transactional memory systems,2008,2008-06-01,10.1145/1378533.1378564,,ACM Symposium on Parallelism in Algorithms and Architectures,semanticscholar,a2001eb762e238c9afa0c15718d5163973dd2b8a,CS081,S201,,CS081,included,no,,0,title-screen,,,,Keyword score is prioritization only; it is not an eligibility or exclusion decision.
CG0889,doi:10.1145/1378533.1378583,20260731T091700Z-legacy-promotions-semanticscholar,RingSTM: scalable transactions with a single atomic instruction,2008,2008-06-01,10.1145/1378533.1378583,,ACM Symposium on Parallelism in Algorithms and Architectures,semanticscholar,c5a1b09f90ef68fd697f777737688e40abe3e6bb,CS081,S201,,CS081,included,no,,0,title-screen,,,,Keyword score is prioritization only; it is not an eligibility or exclusion decision.
CG0890,doi:10.1145/1378533.1378589,20260731T091700Z-legacy-promotions-semanticscholar,Commit phase in timestamp-based stm,2008,2008-06-01,10.1145/1378533.1378589,,ACM Symposium on Parallelism in Algorithms and Architectures,semanticscholar,6c66c02fd354649c4cf90ec79dd9c811e1ec88a9,CS081,S201,,CS081,included,no,,0,title-screen,,,,Keyword score is prioritization only; it is not an eligibility or exclusion decision.
CG0891,doi:10.1145/1378704.1378725,20260731T091700Z-legacy-promotions-semanticscholar,Composable memory transactions,2008,2008-08-01,10.1145/1378704.1378725,,CACM,semanticscholar,70d7683ae0ab6203bb15246c671f940b9dabdec3,CS081,S201,,CS081,included,no,,0,title-screen,,,,Keyword score is prioritization only; it is not an eligibility or exclusion decision.
CG0892,doi:10.1145/1400751.1400769,20260731T091700Z-legacy-promotions-semanticscholar,CAR-STM: scheduling-based collision avoidance and resolution for software transactional memory,2008,2008-08-18,10.1145/1400751.1400769,,ACM SIGACT-SIGOPS Symposium on Principles of Distributed Computing,semanticscholar,88095e6082230e1c2550bccc444f6e26e59a74bc,CS081,S201,,CS081,included,no,,0,title-screen,,,,Keyword score is prioritization only; it is not an eligibility or exclusion decision.
CG0893,doi:10.1145/1400751.1400850,20260731T091700Z-legacy-promotions-semanticscholar,Transactional memory retry mechanisms,2008,2008-08-18,10.1145/1400751.1400850,,ACM SIGACT-SIGOPS Symposium on Principles of Distributed Computing,semanticscholar,029bf82018c2913a16343d3b4e8e6ab0fb0b55a4,CS081,S201,,CS081,included,no,,0,title-screen,,,,Keyword score is prioritization only; it is not an eligibility or exclusion decision.
CG0894,doi:10.1145/1411203.1411237,20260731T091600Z-legacy-promotions-opencitations,,,,10.1145/1411203.1411237,,,opencitations,10.1145/1411203.1411237,CS085,S205,CS085,,unknown-date,no,,0,manual-date-check,,,,Keyword score is prioritization only; it is not an eligibility or exclusion decision.
CG0895,doi:10.1145/1411204.1411237,20260731T091600Z-legacy-promotions-opencitations,,,,10.1145/1411204.1411237,,,opencitations,10.1145/1411204.1411237,CS085,S205,CS085,,unknown-date,no,,0,manual-date-check,,,,Keyword score is prioritization only; it is not an eligibility or exclusion decision.
CG0896,doi:10.1145/146637.146681,20260731T091600Z-legacy-promotions-opencitations;20260731T091700Z-legacy-promotions-semanticscholar,Reasoning about systems with many processes,1992,1992-07-01,10.1145/146637.146681,,JACM,opencitations;semanticscholar,10.1145/146637.146681;d4a3a32e3623d30d9375f839aceb928d214b1fb3,CS088;CS102,S208;S222,CS088;CS102,,included,no,,0,title-screen,,,,Keyword score is prioritization only; it is not an eligibility or exclusion decision.
CG0897,doi:10.1145/1479772.1479789,20260731T091700Z-legacy-promotions-semanticscholar,Towards reasoning about teleo-reactive programs for robust real-time systems,2008,2008-11-17,10.1145/1479772.1479789,,International Workshop on Software Engineering for Resilient Systems,semanticscholar,193b587439d870668974d78b1555d381da605762,CS091,S211,CS091,,included,no,,0,title-screen,,,,Keyword score is prioritization only; it is not an eligibility or exclusion decision.
CG0899,doi:10.1145/1480881.1480917,20260731T091600Z-legacy-promotions-opencitations;20260731T091700Z-legacy-promotions-semanticscholar,Compositional shape analysis by means of bi-abduction,2009,2009-01-21,10.1145/1480881.1480917,,ACM-SIGACT Symposium on Principles of Programming Languages,opencitations;semanticscholar,10.1145/1480881.1480917;17b106493d825357411dd9943f957793a0d1a0fa,CS086,S206,CS086,,included,no,,0,title-screen,,,,Keyword score is prioritization only; it is not an eligibility or exclusion decision.
CG0900,doi:10.1145/1480881.1480921,20260731T091700Z-legacy-promotions-semanticscholar,Unifying type checking and property checking for low-level code,2009,2009-01-21,10.1145/1480881.1480921,,ACM-SIGACT Symposium on Principles of Programming Languages,semanticscholar,9000383029659d833de3aaedf19f3f4e4956e19f,CS088,S208,CS088,,included,no,,0,title-screen,,,,Keyword score is prioritization only; it is not an eligibility or exclusion decision.
CG0901,doi:10.1145/1480881.1480922,20260731T091600Z-legacy-promotions-opencitations;20260731T091700Z-legacy-promotions-semanticscholar,Local rely-guarantee reasoning,2009,2009-01-21,10.1145/1480881.1480922,,ACM-SIGACT Symposium on Principles of Programming Languages,opencitations;semanticscholar,10.1145/1480881.1480922;c58820a76c325d6d12fd3ce010be9777ba0ae0c3,CS085;CS089;CS103,S205;S209;S223,CS085;CS103,CS089,included,no,,0,title-screen,,,,Keyword score is prioritization only; it is not an eligibility or exclusion decision.
CG0902,doi:10.1145/1481839.1481842,20260731T091600Z-legacy-promotions-opencitations,,,,10.1145/1481839.1481842,,,opencitations,10.1145/1481839.1481842,CS106,S226,CS106,,unknown-date,no,,0,manual-date-check,,,,Keyword score is prioritization only; it is not an eligibility or exclusion decision.
CG0903,doi:10.1145/1508244.1508263,20260731T091700Z-legacy-promotions-semanticscholar,Early experience with a commercial hardware transactional memory implementation,2009,2009-03-01,10.1145/1508244.1508263,,International Conference on Architectural Support for Programming Languages and Operating Systems,semanticscholar,f2aefbe80684044207e67a49d66d66f5abbe5cde,CS081,S201,,CS081,included,no,,0,title-screen,,,,Keyword score is prioritization only; it is not an eligibility or exclusion decision.
CG0904,doi:10.1145/1534530.1534533,20260731T091700Z-legacy-promotions-semanticscholar,Transactifying Apache's cache module,2009,2009-05-04,10.1145/1534530.1534533,,Annual Haifa Experimental Systems Conference,semanticscholar,531e6a027f48af249f38bf4f0579570ee41e0722,CS081,S201,,CS081,included,no,,0,title-screen,,,,Keyword score is prioritization only; it is not an eligibility or exclusion decision.
CG0905,doi:10.1145/1538788.1538814,20260731T091600Z-legacy-promotions-opencitations,,,,10.1145/1538788.1538814,,,opencitations,10.1145/1538788.1538814,CS095,S215,CS095,,unknown-date,no,,0,manual-date-check,,,,Keyword score is prioritization only; it is not an eligibility or exclusion decision.
CG0907,doi:10.1145/1543135.1542493,20260731T091600Z-legacy-promotions-opencitations,,,,10.1145/1543135.1542493,,,opencitations,10.1145/1543135.1542493,CS080,S200,CS080,,unknown-date,no,,0,manual-date-check,,,,Keyword score is prioritization only; it is not an eligibility or exclusion decision.
CG0909,doi:10.1145/1594834.1480886,20260731T091600Z-legacy-promotions-opencitations,,,,10.1145/1594834.1480886,,,opencitations,10.1145/1594834.1480886,CS079,S199,CS079,,unknown-date,no,,0,manual-date-check,,,,Keyword score is prioritization only; it is not an eligibility or exclusion decision.
CG0910,doi:10.1145/1594834.1480922,20260731T091600Z-legacy-promotions-opencitations,,,,10.1145/1594834.1480922,,,opencitations,10.1145/1594834.1480922,CS085,S205,CS085,,unknown-date,no,,0,manual-date-check,,,,Keyword score is prioritization only; it is not an eligibility or exclusion decision.
CG0912,doi:10.1145/1693453.1693464,20260731T091700Z-legacy-promotions-semanticscholar,NOrec: streamlining STM by abolishing ownership records,2010,2010-01-09,10.1145/1693453.1693464,,ACM SIGPLAN Symposium on Principles & Practice of Parallel Programming,semanticscholar,d09a2bfe26925d9ef0c91cbd78497d75bddd5290,CS081,S201,,CS081,included,no,,0,title-screen,,,,Keyword score is prioritization only; it is not an eligibility or exclusion decision.
CG0913,doi:10.1145/1693453.1693488,20260731T091700Z-legacy-promotions-semanticscholar,A practical concurrent binary search tree,2010,2010-01-09,10.1145/1693453.1693488,,ACM SIGPLAN Symposium on Principles & Practice of Parallel Programming,semanticscholar,b6f634ec02449565bcdfb954c45da2521e5cfc88,CS081,S201,,CS081,included,no,,0,title-screen,,,,Keyword score is prioritization only; it is not an eligibility or exclusion decision.
CG0916,doi:10.1145/1706299.1706323,20260731T091600Z-legacy-promotions-opencitations;20260731T091700Z-legacy-promotions-semanticscholar,A relational modal logic for higher-order stateful ADTs,2010,2010-01-17,10.1145/1706299.1706323,,ACM-SIGACT Symposium on Principles of Programming Languages,opencitations;semanticscholar,10.1145/1706299.1706323;e864a29a4262e608d1b0e1da1a46b4d7210dbb18,CS087,S207,CS087,,included,no,,0,title-screen,,,,Keyword score is prioritization only; it is not an eligibility or exclusion decision.
CG0917,doi:10.1145/1706299.1706331,20260731T091600Z-legacy-promotions-opencitations,,,,10.1145/1706299.1706331,,,opencitations,10.1145/1706299.1706331,CS085,S205,CS085,,unknown-date,no,,0,manual-date-check,,,,Keyword score is prioritization only; it is not an eligibility or exclusion decision.
CG0918,doi:10.1145/1707801.1706305,20260731T091600Z-legacy-promotions-opencitations,,2010,2010-01-02,10.1145/1707801.1706305,,,opencitations,10.1145/1707801.1706305,CS096;CS097;CS099,S216;S217;S219,,CS096;CS097;CS099,included,no,,0,missing-title-manual-check,,,,Keyword score is prioritization only; it is not an eligibility or exclusion decision.
CG0919,doi:10.1145/173682.165164,20260731T091600Z-legacy-promotions-opencitations,,,,10.1145/173682.165164,,,opencitations,10.1145/173682.165164,CS101,S221,CS101,,unknown-date,no,,0,manual-date-check,,,,Keyword score is prioritization only; it is not an eligibility or exclusion decision.
CG0920,doi:10.1145/1745312.1745315,20260731T091600Z-legacy-promotions-opencitations;20260731T091700Z-legacy-promotions-semanticscholar,Verifying safety properties of concurrent heap-manipulating programs,2010,2010-05-01,10.1145/1745312.1745315,,TOPL,opencitations;semanticscholar,10.1145/1745312.1745315;2c2a596d8517199573af9ae2f5d17e5488d24edb,CS089;CS092;CS096;CS097;CS099,S209;S212;S216;S217;S219,CS092,CS089;CS096;CS097;CS099,included,no,,0,title-screen,,,,Keyword score is prioritization only; it is not an eligibility or exclusion decision.
CG0921,doi:10.1145/1774088.1774536,20260731T091700Z-legacy-promotions-semanticscholar,Software transactional memory for implicitly parallel functional language,2010,2010-03-22,10.1145/1774088.1774536,,ACM Symposium on Applied Computing,semanticscholar,8cf6354073c7c873d39e46fe5ed54a7a501a11c3,CS081,S201,,CS081,included,no,,0,title-screen,,,,Keyword score is prioritization only; it is not an eligibility or exclusion decision.
CG0922,doi:10.1145/177492.177726,20260731T091600Z-legacy-promotions-opencitations,,,,10.1145/177492.177726,,,opencitations,10.1145/177492.177726,CS084;CS090,S204;S210,CS084;CS090,,unknown-date,no,,0,manual-date-check,,,,Keyword score is prioritization only; it is not an eligibility or exclusion decision.
CG0924,doi:10.1145/1787275.1787287,20260731T091700Z-legacy-promotions-semanticscholar,Collaborative scheduling of DAG structured computations on multicore processors,2010,2010-05-17,10.1145/1787275.1787287,,Conf. Computing Frontiers,semanticscholar,2665537189e95ce7a910a11defedc48858bbf38c,CS081,S201,,CS081,included,no,,0,title-screen,,,,Keyword score is prioritization only; it is not an eligibility or exclusion decision.
CG0926,doi:10.1145/1806596.1806634,20260731T091600Z-legacy-promotions-opencitations;20260731T091700Z-legacy-promotions-semanticscholar,Line-up: a complete and automatic linearizability checker,2010,2010-06-05,10.1145/1806596.1806634,,ACM-SIGPLAN Symposium on Programming Language Design and Implementation,opencitations;semanticscholar,10.1145/1806596.1806634;825c2ba62cd1c741ada07b758424f8707ad9f02b,CS079;CS081;CS087;CS091;CS093;CS099,S199;S201;S207;S211;S213;S219,CS079;CS087;CS091;CS093,CS081;CS099,included,no,,0,title-screen,,,,Keyword score is prioritization only; it is not an eligibility or exclusion decision.
CG0927,doi:10.1145/1809028.1806613,20260731T091600Z-legacy-promotions-opencitations,,2010,2010-06-12,10.1145/1809028.1806613,,,opencitations,10.1145/1809028.1806613,CS097,S217,,CS097,included,no,,0,missing-title-manual-check,,,,Keyword score is prioritization only; it is not an eligibility or exclusion decision.
CG0928,doi:10.1145/1809028.1806634,20260731T091600Z-legacy-promotions-opencitations,,2010,2010-06-12,10.1145/1809028.1806634,,,opencitations,10.1145/1809028.1806634,CS099,S219,,CS099,included,no,,0,missing-title-manual-check,,,,Keyword score is prioritization only; it is not an eligibility or exclusion decision.
CG0929,doi:10.1145/1810479.1810530,20260731T091700Z-legacy-promotions-semanticscholar,"Lightweight, robust adaptivity for software transactional memory",2010,2010-06-13,10.1145/1810479.1810530,,ACM Symposium on Parallelism in Algorithms and Architectures,semanticscholar,d25a76de44020568c27e8eaeb97094344f618d1e,CS081,S201,,CS081,included,no,,0,title-screen,,,,Keyword score is prioritization only; it is not an eligibility or exclusion decision.
CG0930,doi:10.1145/1810479.1810540,20260731T091600Z-legacy-promotions-opencitations;20260731T091700Z-legacy-promotions-semanticscholar,Flat combining and the synchronization-parallelism tradeoff,2010,2010-06-13,10.1145/1810479.1810540,1805.02200,ACM Symposium on Parallelism in Algorithms and Architectures,opencitations;semanticscholar,10.1145/1810479.1810540;4a3ffcaeaadda240da787b6bd8deaa387817f336,CS085;CS102;CS103,S205;S222;S223,CS085;CS102;CS103,,included,no,,0,title-screen,,,,Keyword score is prioritization only; it is not an eligibility or exclusion decision.
CG0931,doi:10.1145/1821748.1821852,20260731T091700Z-legacy-promotions-semanticscholar,Dynamic lock synchronisation for collaborative 3D applications,2009,2009-12-14,10.1145/1821748.1821852,,Advances in Mobile Multimedia,semanticscholar,4da834777f49e109496c9fd6e1a20f6b4bb23889,CS081,S201,,CS081,included,no,,0,title-screen,,,,Keyword score is prioritization only; it is not an eligibility or exclusion decision.
CG0932,doi:10.1145/1835698.1835704,20260731T091700Z-legacy-promotions-semanticscholar,On maintaining multiple versions in STM,2010,2010-07-25,10.1145/1835698.1835704,,ACM SIGACT-SIGOPS Symposium on Principles of Distributed Computing,semanticscholar,d944818dc5ae387eda43570ce17990beafc136b1,CS081,S201,,CS081,included,no,,0,title-screen,,,,Keyword score is prioritization only; it is not an eligibility or exclusion decision.
CG0933,doi:10.1145/1835698.1835722,20260731T091600Z-legacy-promotions-opencitations;20260731T091700Z-legacy-promotions-semanticscholar,Verifying linearizability with hindsight,2010,2010-07-25,10.1145/1835698.1835722,,ACM SIGACT-SIGOPS Symposium on Principles of Distributed Computing,opencitations;semanticscholar,10.1145/1835698.1835722;1fc3e2438ec2874adc335519d65c3959be69fb76,CS082;CS089;CS091;CS097;CS099;CS100;CS102;CS103,S202;S209;S211;S217;S219;S220;S222;S223,CS091;CS102;CS103,CS082;CS089;CS097;CS099;CS100,included,no,,0,title-screen,,,,Keyword score is prioritization only; it is not an eligibility or exclusion decision.
CG0935,doi:10.1145/1842733.1842750,20260731T091700Z-legacy-promotions-semanticscholar,Scalable concurrent hash tables via relativistic programming,2010,2010-08-17,10.1145/1842733.1842750,,OPSR,semanticscholar,ccf5cface147233f363efe22f7bd5c03dfa372dc,CS081,S201,,CS081,included,no,,0,title-screen,,,,Keyword score is prioritization only; it is not an eligibility or exclusion decision.
CG0936,doi:10.1145/185675.185815,20260731T091700Z-legacy-promotions-semanticscholar,Counting networks,1994,1994-09-01,10.1145/185675.185815,,JACM,semanticscholar,847dbcea458a3d8a16b37dbe13a7f89b6d0a4d86,CS088,S208,CS088,,included,no,,0,title-screen,,,,Keyword score is prioritization only; it is not an eligibility or exclusion decision.
CG0937,doi:10.1145/1859204.1859226,20260731T091600Z-legacy-promotions-opencitations,,,,10.1145/1859204.1859226,,,opencitations,10.1145/1859204.1859226,CS085,S205,CS085,,unknown-date,no,,0,manual-date-check,,,,Keyword score is prioritization only; it is not an eligibility or exclusion decision.
CG0939,doi:10.1145/1897852.1897873,20260731T091700Z-legacy-promotions-semanticscholar,Data structures in the multicore age,2011,2011-03-01,10.1145/1897852.1897873,,Communications of the ACM,semanticscholar,c6201f0fecb84208d36f9596685f9a200c4d95db,CS091,S211,CS091,,included,no,,0,title-screen,,,,Keyword score is prioritization only; it is not an eligibility or exclusion decision.
CG0940,doi:10.1145/1925844.1926417,20260731T091600Z-legacy-promotions-opencitations,,2011,2011-01-26,10.1145/1925844.1926417,,,opencitations,10.1145/1925844.1926417,CS100,S220,,CS100,included,no,,0,missing-title-manual-check,,,,Keyword score is prioritization only; it is not an eligibility or exclusion decision.
CG0942,doi:10.1145/1926385.1926394,20260731T091600Z-legacy-promotions-opencitations,,,,10.1145/1926385.1926394,,,opencitations,10.1145/1926385.1926394,CS106,S226,CS106,,unknown-date,no,,0,manual-date-check,,,,Keyword score is prioritization only; it is not an eligibility or exclusion decision.
CG0943,doi:10.1145/1926385.1926415,20260731T091700Z-legacy-promotions-semanticscholar,A separation logic for refining concurrent objects,2011,2011-01-26,10.1145/1926385.1926415,,ACM-SIGACT Symposium on Principles of Programming Languages,semanticscholar,a88914ffd2c07590aab71d2820619df81ce97cb3,CS089;CS091,S209;S211,CS091,CS089,included,no,,0,title-screen,,,,Keyword score is prioritization only; it is not an eligibility or exclusion decision.
CG0944,doi:10.1145/1926385.1926416,20260731T091700Z-legacy-promotions-semanticscholar,Modular reasoning for deterministic parallelism,2011,2011-01-26,10.1145/1926385.1926416,,ACM-SIGACT Symposium on Principles of Programming Languages,semanticscholar,8cca1c9d995ddea547f8a78482203d99f97a09a6,CS089,S209,,CS089,included,no,,0,title-screen,,,,Keyword score is prioritization only; it is not an eligibility or exclusion decision.
CG0945,doi:10.1145/1926385.1926417,20260731T091600Z-legacy-promotions-opencitations;20260731T091700Z-legacy-promotions-semanticscholar,Expressive modular fine-grained concurrency specification,2011,2010-07-01,10.1145/1926385.1926417,,ACM-SIGACT Symposium on Principles of Programming Languages,opencitations;semanticscholar,10.1145/1926385.1926417;ac21b31bb4d77329a917b85ece6ecfcb7c887fe3,CS085;CS087;CS089;CS100;CS103,S205;S207;S209;S220;S223,CS085;CS087;CS103,CS089;CS100,included,no,,0,title-screen,,,,Keyword score is prioritization only; it is not an eligibility or exclusion decision.
CG0946,doi:10.1145/1926385.1926455,20260731T091700Z-legacy-promotions-semanticscholar,Decidable logics combining heap structures and data,2011,2011-01-26,10.1145/1926385.1926455,,ACM-SIGACT Symposium on Principles of Programming Languages,semanticscholar,330a77ec3b0e20866846cd13feb9d039c8512d13,CS088,S208,CS088,,included,no,,0,title-screen,,,,Keyword score is prioritization only; it is not an eligibility or exclusion decision.
CG0947,doi:10.1145/1950365.1950377,20260731T091600Z-legacy-promotions-opencitations;20260731T091700Z-legacy-promotions-semanticscholar,Specifying and checking semantic atomicity for multithreaded programs,2011,2011-03-05,10.1145/1950365.1950377,,ASPLOS XVI,opencitations;semanticscholar,10.1145/1950365.1950377;361d057769a16ef45ff6717d710c2b43b3e7a69a,CS099,S219,,CS099,included,no,,0,title-screen,,,,Keyword score is prioritization only; it is not an eligibility or exclusion decision.
CG0948,doi:10.1145/1961296.1950377,20260731T091600Z-legacy-promotions-opencitations,,2011,2011-03-17,10.1145/1961296.1950377,,,opencitations,10.1145/1961296.1950377,CS099,S219,,CS099,included,no,,0,missing-title-manual-check,,,,Keyword score is prioritization only; it is not an eligibility or exclusion decision.
CG0949,doi:10.1145/1966445.1966465,20260731T091600Z-legacy-promotions-opencitations;20260731T091700Z-legacy-promotions-semanticscholar,Finding complex concurrency bugs in large multi-threaded applications,2011,2011-04-10,10.1145/1966445.1966465,,European Conference on Computer Systems,opencitations;semanticscholar,10.1145/1966445.1966465;5e09e0aa2ee9d9acce592ca281e249b05771951f,CS100,S220,,CS100,included,no,,0,title-screen,,,,Keyword score is prioritization only; it is not an eligibility or exclusion decision.
CG0950,doi:10.1145/1985793.1986037,20260731T091600Z-legacy-promotions-opencitations;20260731T091700Z-legacy-promotions-semanticscholar,Scalable automatic linearizability checking,2011,2011-05-21,10.1145/1985793.1986037,,International Conference on Software Engineering,opencitations;semanticscholar,10.1145/1985793.1986037;4b7e9f1616fbcf6bf2330008addce0d856398f31,CS082;CS096;CS097;CS099;CS100;CS105,S202;S216;S217;S219;S220;S225,,CS082;CS096;CS097;CS099;CS100;CS105,included,no,,0,title-screen,,,,Keyword score is prioritization only; it is not an eligibility or exclusion decision.
CG0951,doi:10.1145/1993316.1993526,20260731T091600Z-legacy-promotions-opencitations,,,,10.1145/1993316.1993526,,,opencitations,10.1145/1993316.1993526,CS085;CS086,S205;S206,CS085;CS086,,unknown-date,no,,0,manual-date-check,,,,Keyword score is prioritization only; it is not an eligibility or exclusion decision.
CG0952,doi:10.1145/1993316.1993545,20260731T091600Z-legacy-promotions-opencitations,,2011,2011-06-04,10.1145/1993316.1993545,,,opencitations,10.1145/1993316.1993545,CS099,S219,,CS099,included,no,,0,missing-title-manual-check,,,,Keyword score is prioritization only; it is not an eligibility or exclusion decision.
CG0953,doi:10.1145/1993316.1993566,20260731T091600Z-legacy-promotions-opencitations,,2011,2011,10.1145/1993316.1993566,,,opencitations,10.1145/1993316.1993566,CS099;CS102,S219;S222,CS102,CS099,included,no,,0,missing-title-manual-check,,,,Keyword score is prioritization only; it is not an eligibility or exclusion decision.
CG0954,doi:10.1145/1993478.1993493,20260731T091700Z-legacy-promotions-semanticscholar,Short-term memory for self-collecting mutators,2011,2011-06-04,10.1145/1993478.1993493,,International Symposium on Mathematical Morphology and Its Application to Signal and Image Processing,semanticscholar,f1a74f61132812fbdf252aab86fca6b0a4a08567,CS081,S201,,CS081,included,no,,0,title-screen,,,,Keyword score is prioritization only; it is not an eligibility or exclusion decision.
CG0955,doi:10.1145/1993498.1993520,20260731T091600Z-legacy-promotions-opencitations,,,,10.1145/1993498.1993520,,,opencitations,10.1145/1993498.1993520,CS106,S226,CS106,,unknown-date,no,,0,manual-date-check,,,,Keyword score is prioritization only; it is not an eligibility or exclusion decision.
CG0957,doi:10.1145/1993498.1993545,20260731T091600Z-legacy-promotions-opencitations;20260731T091700Z-legacy-promotions-semanticscholar,NDSeq: runtime checking for nondeterministic sequential specifications of parallel correctness,2011,2011-06-04,10.1145/1993498.1993545,,ACM-SIGPLAN Symposium on Programming Language Design and Implementation,opencitations;semanticscholar,10.1145/1993498.1993545;9fe31ecd4b4bde0b7dccba32e3930929a3ee9bb1,CS099,S219,,CS099,included,no,,0,title-screen,,,,Keyword score is prioritization only; it is not an eligibility or exclusion decision.
CG0958,doi:10.1145/1993498.1993566,20260731T091700Z-legacy-promotions-semanticscholar,On inter-procedural analysis of programs with lists and data,2011,2011-06-04,10.1145/1993498.1993566,,ACM-SIGPLAN Symposium on Programming Language Design and Implementation,semanticscholar,bb8be7b840540f27f7429e2a34416630812e4717,CS099,S219,,CS099,included,no,,0,title-screen,,,,Keyword score is prioritization only; it is not an eligibility or exclusion decision.
CG0959,doi:10.1145/1993806.1993817,20260731T091600Z-legacy-promotions-opencitations;20260731T091700Z-legacy-promotions-semanticscholar,Resilience of mutual exclusion algorithms to transient memory faults,2011,2011-06-06,10.1145/1993806.1993817,,ACM SIGACT-SIGOPS Symposium on Principles of Distributed Computing,opencitations;semanticscholar,10.1145/1993806.1993817;5a1ae36aab0dd00506f8cb9f88f67f887302b330,CS082;CS098,S202;S218,,CS082;CS098,included,no,,0,title-screen,,,,Keyword score is prioritization only; it is not an eligibility or exclusion decision.
CG0961,doi:10.1145/199448.199468,20260731T091700Z-legacy-promotions-semanticscholar,Reasoning about rings,1995,1995-01-25,10.1145/199448.199468,,ACM-SIGACT Symposium on Principles of Programming Languages,semanticscholar,f5de10b59953f5a6c5d85b05db6ecd31d0ea3789,CS088,S208,CS088,,included,no,,0,title-screen,,,,Keyword score is prioritization only; it is not an eligibility or exclusion decision.
CG0962,doi:10.1145/2020976.2021006,20260731T091700Z-legacy-promotions-semanticscholar,The art of multiprocessor programming by Maurice Herlihy and Nir Shavit,2011,2011-09-30,10.1145/2020976.2021006,,SOEN,semanticscholar,64d8c44d6f04b193d3254f6ee8b733f71bfb8d06,CS081;CS088,S201;S208,CS088,CS081,included,no,,0,title-screen,,,,Keyword score is prioritization only; it is not an eligibility or exclusion decision.
CG0963,doi:10.1145/2025113.2025151,20260731T091700Z-legacy-promotions-semanticscholar,Leveraging existing instrumentation to automatically infer invariant-constrained models,2011,2011-09-05,10.1145/2025113.2025151,,ESEC/FSE '11,semanticscholar,c605651dc1587d5064d677e290cf8ea2ac3acbd5,CS088,S208,CS088,,included,no,,0,title-screen,,,,Keyword score is prioritization only; it is not an eligibility or exclusion decision.
CG0964,doi:10.1145/203095.201069,20260731T091600Z-legacy-promotions-opencitations,,,,10.1145/203095.201069,,,opencitations,10.1145/203095.201069,CS090,S210,CS090,,unknown-date,no,,0,manual-date-check,,,,Keyword score is prioritization only; it is not an eligibility or exclusion decision.
CG0965,doi:10.1145/2034574.2034811,20260731T091600Z-legacy-promotions-opencitations,,,,10.1145/2034574.2034811,,,opencitations,10.1145/2034574.2034811,CS086,S206,CS086,,unknown-date,no,,0,manual-date-check,,,,Keyword score is prioritization only; it is not an eligibility or exclusion decision.
CG0967,doi:10.1145/2034773.2034811,20260731T091700Z-legacy-promotions-semanticscholar,Secure distributed programming with value-dependent types,2011,2011-09-19,10.1145/2034773.2034811,,Journal of functional programming,semanticscholar,2f4f6d7daaab6e3d25d529fba534f70a74d03299,CS086,S206,CS086,,included,no,,0,title-screen,,,,Keyword score is prioritization only; it is not an eligibility or exclusion decision.
CG0968,doi:10.1145/210223.210225,20260731T091700Z-legacy-promotions-semanticscholar,Scalable concurrent counting,1995,1995-11-01,10.1145/210223.210225,,ACM Transactions on Computer Systems,semanticscholar,4d60100b637e25c0bb58c46909b2200f4d20f481,CS088,S208,CS088,,included,no,,0,title-screen,,,,Keyword score is prioritization only; it is not an eligibility or exclusion decision.
CG0969,doi:10.1145/2103621.2103693,20260731T091600Z-legacy-promotions-opencitations,,2012,2012-01-18,10.1145/2103621.2103693,,,opencitations,10.1145/2103621.2103693,CS097,S217,,CS097,included,no,,0,missing-title-manual-check,,,,Keyword score is prioritization only; it is not an eligibility or exclusion decision.
CG0970,doi:10.1145/2103621.2103711,20260731T091600Z-legacy-promotions-opencitations,,,,10.1145/2103621.2103711,,,opencitations,10.1145/2103621.2103711,CS080,S200,CS080,,unknown-date,no,,0,manual-date-check,,,,Keyword score is prioritization only; it is not an eligibility or exclusion decision.
CG0972,doi:10.1145/2103656.2103711,20260731T091600Z-legacy-promotions-opencitations;20260731T091700Z-legacy-promotions-semanticscholar,A rely-guarantee-based simulation for verifying concurrent program transformations,2012,2012-01-25,10.1145/2103656.2103711,,ACM-SIGACT Symposium on Principles of Programming Languages,opencitations;semanticscholar,10.1145/2103656.2103711;d417ad1078ce9b4a2439ef79a12e13ae5fd1064e,CS089;CS093;CS103,S209;S213;S223,CS093;CS103,CS089,included,no,,0,title-screen,,,,Keyword score is prioritization only; it is not an eligibility or exclusion decision.
CG0973,doi:10.1145/2145816.2145879,20260731T091700Z-legacy-promotions-semanticscholar,NDetermin: inferring nondeterministic sequential specifications for parallelism correctness,2012,2012-02-25,10.1145/2145816.2145879,,ACM SIGPLAN Symposium on Principles & Practice of Parallel Programming,semanticscholar,8fb9e3a99a4fb3097838e2fa522600780a92af61,CS099,S219,,CS099,included,no,,0,title-screen,,,,Keyword score is prioritization only; it is not an eligibility or exclusion decision.
CG0974,doi:10.1145/2150976.2150998,20260731T091700Z-legacy-promotions-semanticscholar,Scalable address spaces using RCU balanced trees,2012,2012-03-03,10.1145/2150976.2150998,,ASPLOS XVII,semanticscholar,fd4b61fe0ab34094beb0d9a7b607b8c5eb88d600,CS081,S201,,CS081,included,no,,0,title-screen,,,,Keyword score is prioritization only; it is not an eligibility or exclusion decision.
CG0975,doi:10.1145/2168836.2168838,20260731T091700Z-legacy-promotions-semanticscholar,STM in the small: trading generality for performance in software transactional memory,2012,2012-04-10,10.1145/2168836.2168838,,European Conference on Computer Systems,semanticscholar,22d3b78476f5b6c002b71b335a65f132b2a63069,CS081,S201,,CS081,included,no,,0,title-screen,,,,Keyword score is prioritization only; it is not an eligibility or exclusion decision.
CG0976,doi:10.1145/2168836.2168855,20260731T091700Z-legacy-promotions-semanticscholar,Cache craftiness for fast multicore key-value storage,2012,2012-04-10,10.1145/2168836.2168855,,European Conference on Computer Systems,semanticscholar,02238222335347bf16048b9bdd306aab48c98002,CS081,S201,,CS081,included,no,,0,title-screen,,,,Keyword score is prioritization only; it is not an eligibility or exclusion decision.
CG0977,doi:10.1145/2254064.2254102,20260731T091600Z-legacy-promotions-opencitations,,,,10.1145/2254064.2254102,,,opencitations,10.1145/2254064.2254102,CS106,S226,CS106,,unknown-date,no,,0,manual-date-check,,,,Keyword score is prioritization only; it is not an eligibility or exclusion decision.
CG0979,doi:10.1145/2259016.2259049,20260731T091600Z-legacy-promotions-opencitations;20260731T091700Z-legacy-promotions-semanticscholar,Efficient bottom-up heap analysis for symbolic path-based data access summaries,2012,2012-03-31,10.1145/2259016.2259049,,IEEE/ACM International Symposium on Code Generation and Optimization,opencitations;semanticscholar,10.1145/2259016.2259049;db43e3847f88cf94a447db2c38fffaa315a3f2ac,CS096,S216,,CS096,included,no,,0,title-screen,,,,Keyword score is prioritization only; it is not an eligibility or exclusion decision.
CG0980,doi:10.1145/2312005.2312014,20260731T091700Z-legacy-promotions-semanticscholar,Delegation and nesting in best-effort hardware transactional memory,2012,2012-06-25,10.1145/2312005.2312014,,ACM Symposium on Parallelism in Algorithms and Architectures,semanticscholar,693b3dced9184156e1ac80f81a92e20442711306,CS081,S201,,CS081,included,no,,0,title-screen,,,,Keyword score is prioritization only; it is not an eligibility or exclusion decision.
CG0983,doi:10.1145/2318202.2318209,20260731T091700Z-legacy-promotions-semanticscholar,Verifying backwards compatibility of object-oriented libraries using Boogie,2012,2012-06-12,10.1145/2318202.2318209,,FTfJP@ECOOP,semanticscholar,f76b8cefa034f05a5dc80f644ed6025526461a6f,CS079,S199,,CS079,included,no,,0,title-screen,,,,Keyword score is prioritization only; it is not an eligibility or exclusion decision.
CG0985,doi:10.1145/233551.233556,20260731T091600Z-legacy-promotions-opencitations;20260731T091700Z-legacy-promotions-semanticscholar,Branching time and abstraction in bisimulation semantics,1996,1996-05-01,10.1145/233551.233556,,JACM,opencitations;semanticscholar,10.1145/233551.233556;cfb089b218bf4a62c9c94aa0e7fb2767b74026d5,CS083;CS093,S203;S213,CS083;CS093,,included,no,,0,title-screen,,,,Keyword score is prioritization only; it is not an eligibility or exclusion decision.
CG0986,doi:10.1145/2364527.2364536,20260731T091700Z-legacy-promotions-semanticscholar,Superficially substructural types,2012,2012-09-09,10.1145/2364527.2364536,,ACM SIGPLAN International Conference on Functional Programming,semanticscholar,2756f43073eaff311daa2c6c04fa092909c26d1b,CS089,S209,,CS089,included,no,,0,title-screen,,,,Keyword score is prioritization only; it is not an eligibility or exclusion decision.
CG0987,doi:10.1145/2370816.2370843,20260731T091700Z-legacy-promotions-semanticscholar,Sandboxing transactional memory,2012,2012-09-19,10.1145/2370816.2370843,,International Conference on Parallel Architectures and Compilation Techniques,semanticscholar,f66f6b7a558f10a99561de1a45bc1f2b126c2f78,CS081,S201,,CS081,included,no,,0,title-screen,,,,Keyword score is prioritization only; it is not an eligibility or exclusion decision.
CG0988,doi:10.1145/237721.237725,20260731T091700Z-legacy-promotions-semanticscholar,Solving shape-analysis problems in languages with destructive updating,1996,,10.1145/237721.237725,,ACM-SIGACT Symposium on Principles of Programming Languages,semanticscholar,8e5251b3a978ab2a7e99920eb91c8ebe8d71806a,CS088,S208,CS088,,included,no,,0,title-screen,,,,Keyword score is prioritization only; it is not an eligibility or exclusion decision.
CG0989,doi:10.1145/2422.322411,20260731T091700Z-legacy-promotions-semanticscholar,Deciding Combinations of Theories,1982,1982-06-07,10.1145/2422.322411,,JACM,semanticscholar,e5516e6561553d648aec4f610170b159ec587e37,CS088,S208,CS088,,included,no,,0,title-screen,,,,Keyword score is prioritization only; it is not an eligibility or exclusion decision.
CG0990,doi:10.1145/2429069.2429086,20260731T091600Z-legacy-promotions-opencitations;20260731T091700Z-legacy-promotions-semanticscholar,Inductive data flow graphs,2013,2013-01-23,10.1145/2429069.2429086,,ACM-SIGACT Symposium on Principles of Programming Languages,opencitations;semanticscholar,10.1145/2429069.2429086;7f73aa5c5ac48dd401d1e5cfcf0275a7e1d73656,CS097,S217,,CS097,included,no,,0,title-screen,,,,Keyword score is prioritization only; it is not an eligibility or exclusion decision.
CG0991,doi:10.1145/2429069.2429099,20260731T091700Z-legacy-promotions-semanticscholar,Library abstraction for C/C++ concurrency,2013,2013-01-23,10.1145/2429069.2429099,,ACM-SIGACT Symposium on Principles of Programming Languages,semanticscholar,f69107afe63ef62068a57124b7ce411f1d26ea3f,CS079,S199,,CS079,included,no,,0,title-screen,,,,Keyword score is prioritization only; it is not an eligibility or exclusion decision.
CG0992,doi:10.1145/2429069.2429104,20260731T091600Z-legacy-promotions-opencitations;20260731T091700Z-legacy-promotions-semanticscholar,Views: compositional reasoning for concurrent programs,2013,2013-01-23,10.1145/2429069.2429104,,ACM-SIGACT Symposium on Principles of Programming Languages,opencitations;semanticscholar,10.1145/2429069.2429104;6a90ff56bd823f955475939b581a975db23d3e32,CS085;CS086,S205;S206,CS085;CS086,,included,no,,0,title-screen,,,,Keyword score is prioritization only; it is not an eligibility or exclusion decision.
CG0993,doi:10.1145/2429069.2429105,20260731T091600Z-legacy-promotions-opencitations,,,,10.1145/2429069.2429105,,,opencitations,10.1145/2429069.2429105,CS085,S205,CS085,,unknown-date,no,,0,manual-date-check,,,,Keyword score is prioritization only; it is not an eligibility or exclusion decision.
CG0994,doi:10.1145/2429069.2429111,20260731T091600Z-legacy-promotions-opencitations;20260731T091700Z-legacy-promotions-semanticscholar,Logical relations for fine-grained concurrency,2013,2013-01-23,10.1145/2429069.2429111,,ACM-SIGACT Symposium on Principles of Programming Languages,opencitations;semanticscholar,10.1145/2429069.2429111;3e66976a83d56e22fbfee4885372e3d2592fe864,CS089;CS101;CS103,S209;S221;S223,CS103,CS089;CS101,included,no,,0,title-screen,,,,Keyword score is prioritization only; it is not an eligibility or exclusion decision.
CG0995,doi:10.1145/2429069.2429131,20260731T091600Z-legacy-promotions-opencitations;20260731T091700Z-legacy-promotions-semanticscholar,The ramifications of sharing in data structures,2013,2013-01-23,10.1145/2429069.2429131,,ACM-SIGACT Symposium on Principles of Programming Languages,opencitations;semanticscholar,10.1145/2429069.2429131;2c9f9ebaba679d8b8349a492deb711efd5830a2b,CS085;CS086;CS089,S205;S206;S209,CS085;CS086,CS089,included,no,,0,title-screen,,,,Keyword score is prioritization only; it is not an eligibility or exclusion decision.
CG0996,doi:10.1145/2429069.2429134,20260731T091600Z-legacy-promotions-opencitations;20260731T091700Z-legacy-promotions-semanticscholar,Subjective auxiliary state for coarse-grained concurrency,2013,2013-01-23,10.1145/2429069.2429134,,ACM-SIGACT Symposium on Principles of Programming Languages,opencitations;semanticscholar,10.1145/2429069.2429134;1c3fd3831a0cc3f8b3a64aa0e579cc6d9bc35d48,CS085;CS101;CS103,S205;S221;S223,CS085;CS103,CS101,included,no,,0,title-screen,,,,Keyword score is prioritization only; it is not an eligibility or exclusion decision.
CG0997,doi:10.1145/2442516.2442524,20260731T091600Z-legacy-promotions-opencitations,,,,10.1145/2442516.2442524,,,opencitations,10.1145/2442516.2442524,CS106,S226,CS106,,unknown-date,no,,0,manual-date-check,,,,Keyword score is prioritization only; it is not an eligibility or exclusion decision.
CG0998,doi:10.1145/2463676.2465271,20260731T091700Z-legacy-promotions-semanticscholar,A scalable lock manager for multicores,2013,2013-06-22,10.1145/2463676.2465271,,ACM SIGMOD Conference,semanticscholar,abe5253e3565d83044d76fbb83bad33f13497bd2,CS081,S201,,CS081,included,no,,0,title-screen,,,,Keyword score is prioritization only; it is not an eligibility or exclusion decision.
CG0999,doi:10.1145/2480359.2429086,20260731T091600Z-legacy-promotions-opencitations,,2013,2013-01-23,10.1145/2480359.2429086,,,opencitations,10.1145/2480359.2429086,CS097,S217,,CS097,included,no,,0,missing-title-manual-check,,,,Keyword score is prioritization only; it is not an eligibility or exclusion decision.
CG1000,doi:10.1145/2480359.2429099,20260731T091600Z-legacy-promotions-opencitations,,2013,2013-01-23,10.1145/2480359.2429099,,,opencitations,10.1145/2480359.2429099,CS079,S199,,CS079,included,no,,0,missing-title-manual-check,,,,Keyword score is prioritization only; it is not an eligibility or exclusion decision.
CG1001,doi:10.1145/2480359.2429134,20260731T091600Z-legacy-promotions-opencitations,,2013,2013-01-23,10.1145/2480359.2429134,,,opencitations,10.1145/2480359.2429134,CS085;CS101,S205;S221,CS085,CS101,included,no,,0,missing-title-manual-check,,,,Keyword score is prioritization only; it is not an eligibility or exclusion decision.
CG1004,doi:10.1145/2484239.2484254,20260731T091700Z-legacy-promotions-semanticscholar,Leaplist: lessons learned in designing tm-supported range queries,2013,2013-07-01,10.1145/2484239.2484254,,ACM SIGACT-SIGOPS Symposium on Principles of Distributed Computing,semanticscholar,c6160f2e5114709af2a6ee3639ff4ae11667807c,CS081,S201,,CS081,included,no,,0,title-screen,,,,Keyword score is prioritization only; it is not an eligibility or exclusion decision.
CG1007,doi:10.1145/2491956.2462169,20260731T091700Z-legacy-promotions-semanticscholar,"Natural proofs for structure, data, and separation",2013,2013-06-16,10.1145/2491956.2462169,,ACM-SIGPLAN Symposium on Programming Language Design and Implementation,semanticscholar,2184b060ddb8da62693bc9466ee095f96a604f71,CS088,S208,CS088,,included,no,,0,title-screen,,,,Keyword score is prioritization only; it is not an eligibility or exclusion decision.
CG1009,doi:10.1145/2499370.2462189,20260731T091600Z-legacy-promotions-opencitations,,2013,2013-06-23,10.1145/2499370.2462189,,,opencitations,10.1145/2499370.2462189,CS082;CS084;CS100,S202;S204;S220,,CS082;CS084;CS100,included,no,,0,missing-title-manual-check,,,,Keyword score is prioritization only; it is not an eligibility or exclusion decision.
CG1010,doi:10.1145/2500365.2500600,20260731T091600Z-legacy-promotions-opencitations;20260731T091700Z-legacy-promotions-semanticscholar,Unifying refinement and hoare-style reasoning in a logic for higher-order concurrency,2013,2013-09-25,10.1145/2500365.2500600,,ACM SIGPLAN International Conference on Functional Programming,opencitations;semanticscholar,10.1145/2500365.2500600;8b88a7f224baf405748c040e4dd4fced006003fb,CS085;CS086;CS087;CS088;CS089;CS103,S205;S206;S207;S208;S209;S223,CS085;CS086;CS087;CS088;CS103,CS089,included,no,,0,title-screen,,,,Keyword score is prioritization only; it is not an eligibility or exclusion decision.
CG1011,doi:10.1145/2505305.2505308,20260731T091700Z-legacy-promotions-semanticscholar,On the scalability of the Erlang term storage,2013,2013-09-28,10.1145/2505305.2505308,,Erlang Workshop,semanticscholar,e82a36db21d2c5d4254a28d1b3c3545fb12c724a,CS081,S201,,CS081,included,no,,0,title-screen,,,,Keyword score is prioritization only; it is not an eligibility or exclusion decision.
CG1014,doi:10.1145/2517349,20260731T091700Z-legacy-promotions-semanticscholar,Proceedings of the Twenty-Fourth ACM Symposium on Operating Systems Principles,2013,2013-11-03,10.1145/2517349,,Symposium on Operating Systems Principles,semanticscholar,926a2a8a78c15c9155711f78107575a671c90096,CS081,S201,,CS081,included,no,,0,title-screen,,,,Keyword score is prioritization only; it is not an eligibility or exclusion decision.
CG1015,doi:10.1145/2517349.2522713,20260731T091700Z-legacy-promotions-semanticscholar,Speedy transactions in multicore in-memory databases,2013,2013-11-03,10.1145/2517349.2522713,,Symposium on Operating Systems Principles,semanticscholar,780b40a506e7357c6857985ceec3498f6dd5051d,CS081,S201,,CS081,included,no,,0,title-screen,,,,Keyword score is prioritization only; it is not an eligibility or exclusion decision.
CG1016,doi:10.1145/2535838.2535842,20260731T091700Z-legacy-promotions-semanticscholar,Freeze after writing: quasi-deterministic parallel programming with LVars,2014,2014-01-08,10.1145/2535838.2535842,,ACM-SIGACT Symposium on Principles of Programming Languages,semanticscholar,3e416ff43395bb0555a1af5ffe79a9b0048cc23b,CS081,S201,,CS081,included,no,,0,title-screen,,,,Keyword score is prioritization only; it is not an eligibility or exclusion decision.
CG1018,doi:10.1145/2535838.2535885,20260731T091600Z-legacy-promotions-opencitations;20260731T091700Z-legacy-promotions-semanticscholar,Proofs that count,2014,2014-01-08,10.1145/2535838.2535885,,ACM-SIGACT Symposium on Principles of Programming Languages,opencitations;semanticscholar,10.1145/2535838.2535885;ce15bd3612fe32f23daaa454a10aa8d3e59ff27e,CS097,S217,,CS097,included,no,,0,title-screen,,,,Keyword score is prioritization only; it is not an eligibility or exclusion decision.
CG1019,doi:10.1145/2541228.2555297,20260731T091700Z-legacy-promotions-semanticscholar,Boosting timestamp-based transactional memory by exploiting hardware cycle counters,2013,2013-12-01,10.1145/2541228.2555297,,ACM Transactions on Architecture and Code Optimization (TACO),semanticscholar,c3a75ffb0a725fa651f1346fc41f1e702763913c,CS081,S201,,CS081,included,no,,0,title-screen,,,,Keyword score is prioritization only; it is not an eligibility or exclusion decision.
CG1020,doi:10.1145/2541940.2541960,20260731T091700Z-legacy-promotions-semanticscholar,Transactionalizing legacy code: an experience report using GCC and Memcached,2014,2014-02-24,10.1145/2541940.2541960,,International Conference on Architectural Support for Programming Languages and Operating Systems,semanticscholar,fae54fcaeb1d1873ac0d519e098cc8b6333e643b,CS081,S201,,CS081,included,no,,0,title-screen,,,,Keyword score is prioritization only; it is not an eligibility or exclusion decision.
CG1021,doi:10.1145/2542667,20260731T091700Z-legacy-promotions-semanticscholar,Undecidability of Propositional Separation Logic and Its Neighbours,2010,2010-07-11,10.1145/2542667,,2010 25th Annual IEEE Symposium on Logic in Computer Science,semanticscholar,66848336b298969361ccc6ccd0f446ac99af0f0a,CS087,S207,CS087,,included,no,,0,title-screen,,,,Keyword score is prioritization only; it is not an eligibility or exclusion decision.
CG1022,doi:10.1145/2544174.2500600,20260731T091600Z-legacy-promotions-opencitations,,,,10.1145/2544174.2500600,,,opencitations,10.1145/2544174.2500600,CS085,S205,CS085,,unknown-date,no,,0,manual-date-check,,,,Keyword score is prioritization only; it is not an eligibility or exclusion decision.
CG1024,doi:10.1145/2555243.2555269,20260731T091700Z-legacy-promotions-semanticscholar,Practical concurrent binary search trees via logical ordering,2014,2014-02-06,10.1145/2555243.2555269,,ACM SIGPLAN Symposium on Principles & Practice of Parallel Programming,semanticscholar,6075f8bfc541841270f223de64b577e17a748b75,CS081,S201,,CS081,included,no,,0,title-screen,,,,Keyword score is prioritization only; it is not an eligibility or exclusion decision.
CG1026,doi:10.1145/2578855.2535885,20260731T091600Z-legacy-promotions-opencitations,,2014,2014-01-13,10.1145/2578855.2535885,,,opencitations,10.1145/2578855.2535885,CS097,S217,,CS097,included,no,,0,missing-title-manual-check,,,,Keyword score is prioritization only; it is not an eligibility or exclusion decision.
CG1030,doi:10.1145/2594291.2594347,20260731T091600Z-legacy-promotions-opencitations,,,,10.1145/2594291.2594347,,,opencitations,10.1145/2594291.2594347,CS106,S226,CS106,,unknown-date,no,,0,manual-date-check,,,,Keyword score is prioritization only; it is not an eligibility or exclusion decision.
CG1032,doi:10.1145/2610384.2610402,20260731T091600Z-legacy-promotions-opencitations;20260731T091700Z-legacy-promotions-semanticscholar,Verifying atomicity via data independence,2014,2014-07-21,10.1145/2610384.2610402,,International Symposium on Software Testing and Analysis,opencitations;semanticscholar,10.1145/2610384.2610402;64289e17bbc844a91a8827bf9fed44b295337fed,CS096;CS097;CS100,S216;S217;S220,,CS096;CS097;CS100,included,no,,0,title-screen,,,,Keyword score is prioritization only; it is not an eligibility or exclusion decision.
CG1033,doi:10.1145/2611462.2611471,20260731T091700Z-legacy-promotions-semanticscholar,Concurrent updates with RCU: search tree as an example,2014,2014-07-15,10.1145/2611462.2611471,,ACM SIGACT-SIGOPS Symposium on Principles of Distributed Computing,semanticscholar,3aa4e652af67e4cc5c153a31e735687e77d33fc5,CS081,S201,,CS081,included,no,,0,title-screen,,,,Keyword score is prioritization only; it is not an eligibility or exclusion decision.
CG1037,doi:10.1145/2633448.2633455,20260731T091700Z-legacy-promotions-semanticscholar,More scalable ordered set for ETS using adaptation,2014,2014-09-03,10.1145/2633448.2633455,,Erlang Workshop,semanticscholar,9e4ac0ffd1dfa88020e1ade5bba1e1e07c6a1cf6,CS081,S201,,CS081,included,no,,0,title-screen,,,,Keyword score is prioritization only; it is not an eligibility or exclusion decision.
CG1038,doi:10.1145/2635631.2635849,20260731T091600Z-legacy-promotions-opencitations;20260731T091700Z-legacy-promotions-semanticscholar,Verifying Functional Behaviour of Concurrent Programs,2014,2014-07-28,10.1145/2635631.2635849,,FTfJP@ECOOP,opencitations;semanticscholar,10.1145/2635631.2635849;4be238157912e398d412635116b3e0daf88c47a0,CS089;CS100,S209;S220,,CS089;CS100,included,no,,0,title-screen,,,,Keyword score is prioritization only; it is not an eligibility or exclusion decision.
CG1040,doi:10.1145/2641638.2641654,20260731T091700Z-legacy-promotions-semanticscholar,Language support for lightweight transactions,2003,2003-11-26,10.1145/2641638.2641654,,SIGP,semanticscholar,0e8cd4c4b4bf7086d8238182716ae5997bd02986,CS088,S208,CS088,,included,no,,0,title-screen,,,,Keyword score is prioritization only; it is not an eligibility or exclusion decision.
CG1041,doi:10.1145/265943.265960,20260731T091700Z-legacy-promotions-semanticscholar,Verifying parameterized networks,1997,1997-09-01,10.1145/265943.265960,,ACM Transactions on Programming Languages and Systems,semanticscholar,ea617433078378771ebf41df7e9256718e128f85,CS088,S208,CS088,,included,no,,0,title-screen,,,,Keyword score is prioritization only; it is not an eligibility or exclusion decision.
CG1042,doi:10.1145/2660193.2660243,20260731T091600Z-legacy-promotions-opencitations,,,,10.1145/2660193.2660243,,,opencitations,10.1145/2660193.2660243,CS086;CS094,S206;S214,CS086;CS094,,unknown-date,no,,0,manual-date-check,,,,Keyword score is prioritization only; it is not an eligibility or exclusion decision.
CG1043,doi:10.1145/2663171.2663188,20260731T091700Z-legacy-promotions-semanticscholar,The rust language,2014,2014-11-26,10.1145/2663171.2663188,,HILT '14,semanticscholar,50eba68089cf51323d95631c2f59ff916848863f,CS086,S206,CS086,,included,no,,0,title-screen,,,,Keyword score is prioritization only; it is not an eligibility or exclusion decision.
CG1045,doi:10.1145/2676724.2693180,20260731T091600Z-legacy-promotions-opencitations;20260731T091700Z-legacy-promotions-semanticscholar,Clean-Slate Development of Certified OS Kernels,2015,2015-01-13,10.1145/2676724.2693180,,Certified Programs and Proofs,opencitations;semanticscholar,10.1145/2676724.2693180;e8ace9419628a68f18027e779f9add1bc9ec9ca9,CS101,S221,,CS101,included,no,,0,title-screen,,,,Keyword score is prioritization only; it is not an eligibility or exclusion decision.
CG1046,doi:10.1145/2676726.2676963,20260731T091600Z-legacy-promotions-opencitations,,,,10.1145/2676726.2676963,,,opencitations,10.1145/2676726.2676963,CS083,S203,CS083,,unknown-date,no,,0,manual-date-check,,,,Keyword score is prioritization only; it is not an eligibility or exclusion decision.
CG1047,doi:10.1145/2676726.2676975,20260731T091600Z-legacy-promotions-opencitations,,,,10.1145/2676726.2676975,,,opencitations,10.1145/2676726.2676975,CS087,S207,CS087,,unknown-date,no,,0,manual-date-check,,,,Keyword score is prioritization only; it is not an eligibility or exclusion decision.
CG1048,doi:10.1145/2676726.2676980,20260731T091600Z-legacy-promotions-opencitations,,2015,2015-01-14,10.1145/2676726.2676980,,,opencitations,10.1145/2676726.2676980,CS085;CS086;CS087;CS101,S205;S206;S207;S221,CS085;CS086;CS087,CS101,included,no,,0,missing-title-manual-check,,,,Keyword score is prioritization only; it is not an eligibility or exclusion decision.
CG1049,doi:10.1145/2676726.2677002,20260731T091600Z-legacy-promotions-opencitations,,2015,2015-01-14,10.1145/2676726.2677002,,,opencitations,10.1145/2676726.2677002,CS082;CS100,S202;S220,,CS082;CS100,included,no,,0,missing-title-manual-check,,,,Keyword score is prioritization only; it is not an eligibility or exclusion decision.
CG1050,doi:10.1145/2676726.2677003,20260731T091600Z-legacy-promotions-opencitations,,,,10.1145/2676726.2677003,,,opencitations,10.1145/2676726.2677003,CS086,S206,CS086,,unknown-date,no,,0,manual-date-check,,,,Keyword score is prioritization only; it is not an eligibility or exclusion decision.
CG1051,doi:10.1145/2676726.2677012,20260731T091600Z-legacy-promotions-opencitations,,2015,2015-01-14,10.1145/2676726.2677012,,,opencitations,10.1145/2676726.2677012,CS097,S217,,CS097,included,no,,0,missing-title-manual-check,,,,Keyword score is prioritization only; it is not an eligibility or exclusion decision.
CG1053,doi:10.1145/2688500.2688501,20260731T091700Z-legacy-promotions-semanticscholar,"More than you ever wanted to know about synchronization: synchrobench, measuring the impact of the synchronization on concurrent algorithms",2015,2015-01-24,10.1145/2688500.2688501,,ACM SIGPLAN Symposium on Principles & Practice of Parallel Programming,semanticscholar,b53645b4193ef1ac2e73448cc213c18524da53df,CS081,S201,,CS081,included,no,,0,title-screen,,,,Keyword score is prioritization only; it is not an eligibility or exclusion decision.
CG1054,doi:10.1145/2688500.2688518,20260731T091700Z-legacy-promotions-semanticscholar,Predicate RCU: an RCU for scalable concurrent updates,2015,2015-01-24,10.1145/2688500.2688518,,ACM SIGPLAN Symposium on Principles & Practice of Parallel Programming,semanticscholar,2ea25f6ba6e9758e25514e3a6b89fe968bfd6707,CS081,S201,,CS081,included,no,,0,title-screen,,,,Keyword score is prioritization only; it is not an eligibility or exclusion decision.
CG1055,doi:10.1145/2688500.2688523,20260731T091700Z-legacy-promotions-semanticscholar,The SprayList: a scalable relaxed priority queue,2015,2015-01-24,10.1145/2688500.2688523,,ACM SIGPLAN Symposium on Principles & Practice of Parallel Programming,semanticscholar,bc1296bab1e5750bd8c60241e011060be80fab23,CS081,S201,,CS081,included,no,,0,title-screen,,,,Keyword score is prioritization only; it is not an eligibility or exclusion decision.
CG1056,doi:10.1145/2694344.2694359,20260731T091700Z-legacy-promotions-semanticscholar,Asynchronized Concurrency: The Secret to Scaling Concurrent Search Data Structures,2015,2015-03-14,10.1145/2694344.2694359,,International Conference on Architectural Support for Programming Languages and Operating Systems,semanticscholar,1cb0679ae82be093268747da0f634281ea6a41df,CS081,S201,,CS081,included,no,,0,title-screen,,,,Keyword score is prioritization only; it is not an eligibility or exclusion decision.
CG1057,doi:10.1145/2694344.2694374,20260731T091700Z-legacy-promotions-semanticscholar,Temporally Bounding TSO for Fence-Free Asymmetric Synchronization,2015,2015-03-14,10.1145/2694344.2694374,,International Conference on Architectural Support for Programming Languages and Operating Systems,semanticscholar,5c59d1b8462e9a71b639062bf65572d68dabf516,CS081,S201,,CS081,included,no,,0,title-screen,,,,Keyword score is prioritization only; it is not an eligibility or exclusion decision.
CG1058,doi:10.1145/2714064.2660243,20260731T091700Z-legacy-promotions-semanticscholar,GPS,2014,2014-10-15,10.1145/2714064.2660243,,"Conference on Object-Oriented Programming Systems, Languages, and Applications",semanticscholar,b9e67d76363b40a590dbd6132ddac94843103a9a,CS086,S206,CS086,,included,no,,0,title-screen,,,,Keyword score is prioritization only; it is not an eligibility or exclusion decision.
CG1060,doi:10.1145/2737924.2737975,20260731T091600Z-legacy-promotions-opencitations,,,,10.1145/2737924.2737975,,,opencitations,10.1145/2737924.2737975,CS083,S203,CS083,,unknown-date,no,,0,manual-date-check,,,,Keyword score is prioritization only; it is not an eligibility or exclusion decision.
CG1061,doi:10.1145/2737924.2737983,20260731T091600Z-legacy-promotions-opencitations;20260731T091700Z-legacy-promotions-semanticscholar,Monitoring refinement via symbolic reasoning,2015,2015-06-03,10.1145/2737924.2737983,,ACM-SIGPLAN Symposium on Programming Language Design and Implementation,opencitations;semanticscholar,10.1145/2737924.2737983;5b4ced33ce2f8d45650be9dd78eafc73104ed2ef,CS082;CS100;CS102,S202;S220;S222,,CS082;CS100;CS102,included,no,,0,title-screen,,,,Keyword score is prioritization only; it is not an eligibility or exclusion decision.
CG1062,doi:10.1145/2737924.2737984,20260731T091600Z-legacy-promotions-opencitations;20260731T091700Z-legacy-promotions-semanticscholar,Automatic induction proofs of data-structures in imperative programs,2015,2015-06-03,10.1145/2737924.2737984,,ACM-SIGPLAN Symposium on Programming Language Design and Implementation,opencitations;semanticscholar,10.1145/2737924.2737984;8e71b8e45a5b16192eacc2f4c4f281d3aec97efa,CS086,S206,CS086,,included,no,,0,title-screen,,,,Keyword score is prioritization only; it is not an eligibility or exclusion decision.
CG1063,doi:10.1145/2755573.2755598,20260731T091700Z-legacy-promotions-semanticscholar,Transactional Acceleration of Concurrent Data Structures,2015,2015-06-13,10.1145/2755573.2755598,,ACM Symposium on Parallelism in Algorithms and Architectures,semanticscholar,ddbdcab80537ae8603c85e39d1a04bcfeca76015,CS081,S201,,CS081,included,no,,0,title-screen,,,,Keyword score is prioritization only; it is not an eligibility or exclusion decision.
CG1067,doi:10.1145/2775051.2676975,20260731T091700Z-legacy-promotions-semanticscholar,Deep Specifications and Certified Abstraction Layers,2015,2015-01-14,10.1145/2775051.2676975,,ACM-SIGACT Symposium on Principles of Programming Languages,semanticscholar,109c2e2a5d61c22b7c00c543c18a5252da130c3d,CS087,S207,CS087,,included,no,,0,title-screen,,,,Keyword score is prioritization only; it is not an eligibility or exclusion decision.
CG1068,doi:10.1145/2775051.2676980,20260731T091600Z-legacy-promotions-opencitations;20260731T091700Z-legacy-promotions-semanticscholar,Iris,2015,2015-05-11,10.1145/2775051.2676980,,ACM-SIGACT Symposium on Principles of Programming Languages,opencitations;semanticscholar,10.1145/2775051.2676980;3365119a06b86d93e2fcd1a9d105b73f52bd896b,CS085;CS086;CS087;CS089;CS101;CS104,S205;S206;S207;S209;S221;S224,CS085;CS086;CS087;CS104,CS089;CS101,included,no,,0,title-screen,,,,Keyword score is prioritization only; it is not an eligibility or exclusion decision.
CG1069,doi:10.1145/2775051.2677002,20260731T091600Z-legacy-promotions-opencitations;20260731T091700Z-legacy-promotions-semanticscholar,Tractable Refinement Checking for Concurrent Objects,2015,2015-05-11,10.1145/2775051.2677002,,ACM-SIGACT Symposium on Principles of Programming Languages,opencitations;semanticscholar,10.1145/2775051.2677002;65fe67f7de690fefd07bad6b46f312d681948e2e,CS082;CS100,S202;S220,,CS082;CS100,included,no,,0,title-screen,,,,Keyword score is prioritization only; it is not an eligibility or exclusion decision.
CG1070,doi:10.1145/2775051.2677003,20260731T091700Z-legacy-promotions-semanticscholar,From Network Interface to Multithreaded Web Applications,2015,2015-01-14,10.1145/2775051.2677003,,ACM-SIGACT Symposium on Principles of Programming Languages,semanticscholar,4459d23808bff05df0e692bae425233d56260bdc,CS086,S206,CS086,,included,no,,0,title-screen,,,,Keyword score is prioritization only; it is not an eligibility or exclusion decision.
CG1072,doi:10.1145/2779621,20260731T091700Z-legacy-promotions-semanticscholar,Supporting Time-Based QoS Requirements in Software Transactional Memory,2015,2015-07-08,10.1145/2779621,,TOPC,semanticscholar,c8160b577871640613d6d3b2468fd1f05f2c82fb,CS081,S201,,CS081,included,no,,0,title-screen,,,,Keyword score is prioritization only; it is not an eligibility or exclusion decision.
CG1074,doi:10.1145/2786979,20260731T091700Z-legacy-promotions-semanticscholar,STM-HRT,2015,2015-09-09,10.1145/2786979,,ACM Transactions on Embedded Computing Systems,semanticscholar,925f6f8e42a56008f016c66a72df6b6777dc325a,CS081,S201,,CS081,included,no,,0,title-screen,,,,Keyword score is prioritization only; it is not an eligibility or exclusion decision.
CG1075,doi:10.1145/2796550,20260731T091600Z-legacy-promotions-opencitations;20260731T091700Z-legacy-promotions-semanticscholar,Verifying Linearisability,2015,2015-11-21,10.1145/2796550,,ACM Computing Surveys,opencitations;semanticscholar,10.1145/2796550;2bdceaa9ec71ee076563a766261d72fbdcc2bbca,CS080;CS082;CS084;CS087;CS089;CS090;CS099;CS100;CS102;CS105,S200;S202;S204;S207;S209;S210;S219;S220;S222;S225,CS087,CS080;CS082;CS084;CS089;CS090;CS099;CS100;CS102;CS105,included,no,,0,title-screen,,,,Keyword score is prioritization only; it is not an eligibility or exclusion decision.
CG1076,doi:10.1145/2806886,20260731T091600Z-legacy-promotions-opencitations,,,,10.1145/2806886,,,opencitations,10.1145/2806886,CS106,S226,CS106,,unknown-date,no,,0,manual-date-check,,,,Keyword score is prioritization only; it is not an eligibility or exclusion decision.
CG1077,doi:10.1145/2813885.2737964,20260731T091600Z-legacy-promotions-opencitations,,2015,2015-08-07,10.1145/2813885.2737964,,,opencitations,10.1145/2813885.2737964,CS085;CS103,S205;S223,,CS085;CS103,included,no,,0,missing-title-manual-check,,,,Keyword score is prioritization only; it is not an eligibility or exclusion decision.
CG1078,doi:10.1145/2813885.2737983,20260731T091600Z-legacy-promotions-opencitations,,2015,2015-08-07,10.1145/2813885.2737983,,,opencitations,10.1145/2813885.2737983,CS082;CS100;CS102,S202;S220;S222,,CS082;CS100;CS102,included,no,,0,missing-title-manual-check,,,,Keyword score is prioritization only; it is not an eligibility or exclusion decision.
CG1079,doi:10.1145/2813885.2737992,20260731T091600Z-legacy-promotions-opencitations,,,,10.1145/2813885.2737992,,,opencitations,10.1145/2813885.2737992,CS094,S214,CS094,,unknown-date,no,,0,manual-date-check,,,,Keyword score is prioritization only; it is not an eligibility or exclusion decision.
CG1080,doi:10.1145/2818638,20260731T091700Z-legacy-promotions-semanticscholar,Verifying Custom Synchronization Constructs Using Higher-Order Separation Logic,2016,2016-01-04,10.1145/2818638,,ACM Transactions on Programming Languages and Systems,semanticscholar,0808e0c70e76b654a1c9c5b5ada80605073ab1b5,CS089,S209,,CS089,included,no,,0,title-screen,,,,Keyword score is prioritization only; it is not an eligibility or exclusion decision.
CG1081,doi:10.1145/2830772.2830775,20260731T091600Z-legacy-promotions-opencitations,,,,10.1145/2830772.2830775,,,opencitations,10.1145/2830772.2830775,CS106,S226,CS106,,unknown-date,no,,0,manual-date-check,,,,Keyword score is prioritization only; it is not an eligibility or exclusion decision.
CG1082,doi:10.1145/2837614.2837615,20260731T091600Z-legacy-promotions-opencitations,,,,10.1145/2837614.2837615,,,opencitations,10.1145/2837614.2837615,CS106,S226,CS106,,unknown-date,no,,0,manual-date-check,,,,Keyword score is prioritization only; it is not an eligibility or exclusion decision.
CG1083,doi:10.1145/2837614.2837616,20260731T091600Z-legacy-promotions-opencitations,,,,10.1145/2837614.2837616,,,opencitations,10.1145/2837614.2837616,CS106,S226,CS106,,unknown-date,no,,0,manual-date-check,,,,Keyword score is prioritization only; it is not an eligibility or exclusion decision.
CG1084,doi:10.1145/2837614.2837625,20260731T091600Z-legacy-promotions-opencitations;20260731T091700Z-legacy-promotions-semanticscholar,'Cause I'm strong enough: Reasoning about consistency choices in distributed systems,2016,2016-01-11,10.1145/2837614.2837625,,ACM-SIGACT Symposium on Principles of Programming Languages,opencitations;semanticscholar,10.1145/2837614.2837625;c79330722c3cf45eeb0c98a15f6358dbb0e4d385,CS101,S221,,CS101,included,no,,0,title-screen,,,,Keyword score is prioritization only; it is not an eligibility or exclusion decision.
CG1086,doi:10.1145/2837614.2837643,20260731T091600Z-legacy-promotions-opencitations,,,,10.1145/2837614.2837643,,,opencitations,10.1145/2837614.2837643,CS106,S226,CS106,,unknown-date,no,,0,manual-date-check,,,,Keyword score is prioritization only; it is not an eligibility or exclusion decision.
CG1087,doi:10.1145/2837614.2837645,20260731T091600Z-legacy-promotions-opencitations;20260731T091700Z-legacy-promotions-semanticscholar,Symbolic abstract data type inference,2016,2016-01-11,10.1145/2837614.2837645,,ACM-SIGACT Symposium on Principles of Programming Languages,opencitations;semanticscholar,10.1145/2837614.2837645;29f69e7fece514d66b10842e3db0b58a06fbcc8e,CS082;CS100;CS102,S202;S220;S222,,CS082;CS100;CS102,included,no,,0,title-screen,,,,Keyword score is prioritization only; it is not an eligibility or exclusion decision.
CG1088,doi:10.1145/2851141.2851146,20260731T091700Z-legacy-promotions-semanticscholar,Optimistic concurrency with OPTIK,2016,2016-02-27,10.1145/2851141.2851146,,ACM SIGPLAN Symposium on Principles & Practice of Parallel Programming,semanticscholar,0558c77d4a23edd97324a5470d2c891e496a5fb6,CS081,S201,,CS081,included,no,,0,title-screen,,,,Keyword score is prioritization only; it is not an eligibility or exclusion decision.
CG1089,doi:10.1145/2851141.2851155,20260731T091700Z-legacy-promotions-semanticscholar,Lease/release: architectural support for scaling contended data structures,2016,2016-02-27,10.1145/2851141.2851155,,ACM SIGPLAN Symposium on Principles & Practice of Parallel Programming,semanticscholar,d48018e989b76b9231436c0cfd16aca46d353550,CS081,S201,,CS081,included,no,,0,title-screen,,,,Keyword score is prioritization only; it is not an eligibility or exclusion decision.
CG1090,doi:10.1145/2851613.2851774,20260731T091600Z-legacy-promotions-opencitations;20260731T091700Z-legacy-promotions-semanticscholar,Checking linearizability with fine-grained traces,2016,2016-04-04,10.1145/2851613.2851774,,ACM Symposium on Applied Computing,opencitations;semanticscholar,10.1145/2851613.2851774;89c659c184b36153a268bf08553a23283f413edd,CS089;CS100,S209;S220,,CS089;CS100,included,no,,0,title-screen,,,,Keyword score is prioritization only; it is not an eligibility or exclusion decision.
CG1091,doi:10.1145/2851613.2851837,20260731T091600Z-legacy-promotions-opencitations;20260731T091700Z-legacy-promotions-semanticscholar,Invariant generation for linearizability proofs,2016,2016-04-04,10.1145/2851613.2851837,,ACM Symposium on Applied Computing,opencitations;semanticscholar,10.1145/2851613.2851837;bcc11a2f429514227ffed34355b88723cbf49788,CS084;CS098,S204;S218,,CS084;CS098,included,no,,0,title-screen,,,,Keyword score is prioritization only; it is not an eligibility or exclusion decision.
CG1093,doi:10.1145/2882903.2903734,20260731T091700Z-legacy-promotions-semanticscholar,Hybrid Garbage Collection for Multi-Version Concurrency Control in SAP HANA,2016,2016-06-14,10.1145/2882903.2903734,,SIGMOD Conference,semanticscholar,5b06535f3e7a6022a708095e12c1aea405b33822,CS081,S201,,CS081,included,no,,0,title-screen,,,,Keyword score is prioritization only; it is not an eligibility or exclusion decision.
CG1094,doi:10.1145/2901318.2901348,20260731T091700Z-legacy-promotions-semanticscholar,Type-aware transactions for faster concurrent code,2016,2016-04-18,10.1145/2901318.2901348,,European Conference on Computer Systems,semanticscholar,8665bf55084c825477cc9a6a64a0150a8d3850f7,CS081,S201,,CS081,included,no,,0,title-screen,,,,Keyword score is prioritization only; it is not an eligibility or exclusion decision.
CG1096,doi:10.1145/2908080.2908112,20260731T091700Z-legacy-promotions-semanticscholar,Transactional data structure libraries,2016,2016-06-02,10.1145/2908080.2908112,,ACM-SIGPLAN Symposium on Programming Language Design and Implementation,semanticscholar,202d6e1bc26a9ec2fe69c60ccc9b898c22425ed4,CS081,S201,,CS081,included,no,,0,title-screen,,,,Keyword score is prioritization only; it is not an eligibility or exclusion decision.
CG1097,doi:10.1145/2908080.2908129,20260731T091600Z-legacy-promotions-opencitations;20260731T091700Z-legacy-promotions-semanticscholar,Cardinalities and universal quantifiers for verifying parameterized systems,2016,2016-06-02,10.1145/2908080.2908129,,ACM-SIGPLAN Symposium on Programming Language Design and Implementation,opencitations;semanticscholar,10.1145/2908080.2908129;c2bc28dc6504751a1ecd1f332c3fbfdaa4cdcb2b,CS085,S205,,CS085,included,no,,0,title-screen,,,,Keyword score is prioritization only; it is not an eligibility or exclusion decision.
CG1098,doi:10.1145/2914770.2837625,20260731T091600Z-legacy-promotions-opencitations,,2016,2016-04-08,10.1145/2914770.2837625,,,opencitations,10.1145/2914770.2837625,CS101,S221,,CS101,included,no,,0,missing-title-manual-check,,,,Keyword score is prioritization only; it is not an eligibility or exclusion decision.
CG1099,doi:10.1145/2914770.2837635,20260731T091600Z-legacy-promotions-opencitations,,2016,2016-04-08,10.1145/2914770.2837635,,,opencitations,10.1145/2914770.2837635,CS079;CS080;CS084,S199;S200;S204,,CS079;CS080;CS084,included,no,,0,missing-title-manual-check,,,,Keyword score is prioritization only; it is not an eligibility or exclusion decision.
CG1100,doi:10.1145/2914770.2837643,20260731T091600Z-legacy-promotions-opencitations,,,,10.1145/2914770.2837643,,,opencitations,10.1145/2914770.2837643,CS094,S214,CS094,,unknown-date,no,,0,manual-date-check,,,,Keyword score is prioritization only; it is not an eligibility or exclusion decision.
CG1101,doi:10.1145/2914770.2837645,20260731T091600Z-legacy-promotions-opencitations,,2016,2016-04-08,10.1145/2914770.2837645,,,opencitations,10.1145/2914770.2837645,CS082;CS100;CS102,S202;S220;S222,,CS082;CS100;CS102,included,no,,0,missing-title-manual-check,,,,Keyword score is prioritization only; it is not an eligibility or exclusion decision.
CG1102,doi:10.1145/292540.292552,20260731T091600Z-legacy-promotions-opencitations;20260731T091700Z-legacy-promotions-semanticscholar,Parametric shape analysis via 3-valued logic,1999,,10.1145/292540.292552,,ACM-SIGACT Symposium on Principles of Programming Languages,opencitations;semanticscholar,10.1145/292540.292552;5e5b635d9d15d457dcb1f1ce51ac19c141167542,CS092;CS100,S212;S220,CS092;CS100,,included,no,,0,title-screen,,,,Keyword score is prioritization only; it is not an eligibility or exclusion decision.
CG1104,doi:10.1145/2926697.2926701,20260731T091700Z-legacy-promotions-semanticscholar,Block-free concurrent GC: stack scanning and copying,2016,2016-06-14,10.1145/2926697.2926701,,International Symposium on Mathematical Morphology and Its Application to Signal and Image Processing,semanticscholar,7308022fe8b0435ec91d2a312d9c7ff687743a45,CS081,S201,,CS081,included,no,,0,title-screen,,,,Keyword score is prioritization only; it is not an eligibility or exclusion decision.
CG1106,doi:10.1145/2933575.2934536,20260731T091600Z-legacy-promotions-opencitations,,,,10.1145/2933575.2934536,,,opencitations,10.1145/2933575.2934536,CS106,S226,CS106,,unknown-date,no,,0,manual-date-check,,,,Keyword score is prioritization only; it is not an eligibility or exclusion decision.
CG1110,doi:10.1145/2951913.2951943,20260731T091600Z-legacy-promotions-opencitations;20260731T091700Z-legacy-promotions-semanticscholar,Higher-order ghost state,2016,2016-09-04,10.1145/2951913.2951943,,ACM SIGPLAN International Conference on Functional Programming,opencitations;semanticscholar,10.1145/2951913.2951943;380aedadd989dd140991f8c11fa45752f0d9704e,CS085;CS086;CS087;CS101,S205;S206;S207;S221,CS086;CS087,CS085;CS101,included,no,,0,title-screen,,,,Keyword score is prioritization only; it is not an eligibility or exclusion decision.
CG1111,doi:10.1145/2967360.2967361,20260731T091700Z-legacy-promotions-semanticscholar,Analyzing The Tradeoff Between Throughput and Latency in Multicore Scalable In-Memory Database Systems,2016,2016-08-04,10.1145/2967360.2967361,,Asia Pacific Workshop on Systems,semanticscholar,a7cbd742f153f6b3de39e70d72d97bc449aeed66,CS081,S201,,CS081,included,no,,0,title-screen,,,,Keyword score is prioritization only; it is not an eligibility or exclusion decision.
CG1112,doi:10.1145/2970276.2970337,20260731T091600Z-legacy-promotions-opencitations;20260731T091700Z-legacy-promotions-semanticscholar,Static race detection for device drivers: The Goblint approach,2016,2016-08-25,10.1145/2970276.2970337,,International Conference on Automated Software Engineering,opencitations;semanticscholar,10.1145/2970276.2970337;5ffa46bf25f33ebf0756f8930a5165132a6347e8,CS096,S216,,CS096,included,no,,0,title-screen,,,,Keyword score is prioritization only; it is not an eligibility or exclusion decision.
CG1113,doi:10.1145/2976002.2976020,20260731T091700Z-legacy-promotions-semanticscholar,Revisiting software transactional memory in Haskell,2016,2016-09-08,10.1145/2976002.2976020,,ACM SIGPLAN Symposium/Workshop on Haskell,semanticscholar,b07028cd817356bdb6238e45108f4d5bec72d779,CS081,S201,,CS081,included,no,,0,title-screen,,,,Keyword score is prioritization only; it is not an eligibility or exclusion decision.
CG1114,doi:10.1145/2980983.2908129,20260731T091600Z-legacy-promotions-opencitations,,2016,2016-08,10.1145/2980983.2908129,,,opencitations,10.1145/2980983.2908129,CS085,S205,,CS085,included,no,,0,missing-title-manual-check,,,,Keyword score is prioritization only; it is not an eligibility or exclusion decision.
CG1115,doi:10.1145/2983990.2983999,20260731T091600Z-legacy-promotions-opencitations;20260731T091700Z-legacy-promotions-semanticscholar,Hoare-style specifications as correctness conditions for non-linearizable concurrent objects,2016,2016-10-19,10.1145/2983990.2983999,1509.06220,"Conference on Object-Oriented Programming Systems, Languages, and Applications",opencitations;semanticscholar,10.1145/2983990.2983999;dfccdf3ad33a187b26106628949ba3da9ab221bf,CS084;CS085;CS089;CS100;CS101;CS102;CS103,S204;S205;S209;S220;S221;S222;S223,,CS084;CS085;CS089;CS100;CS101;CS102;CS103,included,no,,0,title-screen,,,,Keyword score is prioritization only; it is not an eligibility or exclusion decision.
CG1116,doi:10.1145/2984450.2984457,20260731T091600Z-legacy-promotions-opencitations;20260731T091700Z-legacy-promotions-semanticscholar,Concurrent separation logic,2016,2016-08-08,10.1145/2984450.2984457,,SIGL,opencitations;semanticscholar,10.1145/2984450.2984457;bcffc23cc1455a0c2b2a9dab4794015d65794180,CS085;CS086;CS101,S205;S206;S221,CS086,CS085;CS101,included,no,,0,title-screen,,,,Keyword score is prioritization only; it is not an eligibility or exclusion decision.
CG1117,doi:10.1145/2993.357247,20260731T091600Z-legacy-promotions-opencitations,,,,10.1145/2993.357247,,,opencitations,10.1145/2993.357247,CS101,S221,CS101,,unknown-date,no,,0,manual-date-check,,,,Keyword score is prioritization only; it is not an eligibility or exclusion decision.
CG1118,doi:10.1145/3009837.3009839,20260731T091600Z-legacy-promotions-opencitations,,,,10.1145/3009837.3009839,,,opencitations,10.1145/3009837.3009839,CS106,S226,CS106,,unknown-date,no,,0,manual-date-check,,,,Keyword score is prioritization only; it is not an eligibility or exclusion decision.
CG1119,doi:10.1145/3009837.3009850,20260731T091600Z-legacy-promotions-opencitations,,,,10.1145/3009837.3009850,,,opencitations,10.1145/3009837.3009850,CS094;CS106,S214;S226,CS094;CS106,,unknown-date,no,,0,manual-date-check,,,,Keyword score is prioritization only; it is not an eligibility or exclusion decision.
CG1120,doi:10.1145/3009837.3009855,20260731T091600Z-legacy-promotions-opencitations;20260731T091700Z-legacy-promotions-semanticscholar,Interactive proofs in higher-order concurrent separation logic,2017,2017-01-01,10.1145/3009837.3009855,,ACM-SIGACT Symposium on Principles of Programming Languages,opencitations;semanticscholar,10.1145/3009837.3009855;e0ac698525226a3f54555f3e8015993458ba5348,CS085;CS086;CS087;CS101,S205;S206;S207;S221,CS086;CS087,CS085;CS101,included,no,,0,title-screen,,,,Keyword score is prioritization only; it is not an eligibility or exclusion decision.
CG1121,doi:10.1145/3009837.3009870,20260731T091600Z-legacy-promotions-opencitations;20260731T091700Z-legacy-promotions-semanticscholar,Analyzing divergence in bisimulation semantics,2017,2017-01-01,10.1145/3009837.3009870,,ACM-SIGACT Symposium on Principles of Programming Languages,opencitations;semanticscholar,10.1145/3009837.3009870;28fc4e0034f5cb46b1ead5b74fa74d9f71a0d61a,CS079;CS080,S199;S200,,CS079;CS080,included,no,,0,title-screen,,,,Keyword score is prioritization only; it is not an eligibility or exclusion decision.
CG1123,doi:10.1145/301308.301319,20260731T091700Z-legacy-promotions-semanticscholar,A simple local-spin group mutual exclusion algorithm,1999,1999-05-01,10.1145/301308.301319,,ACM SIGACT-SIGOPS Symposium on Principles of Distributed Computing,semanticscholar,0331e898c75b0b0ed9e6dabf9474f3aa1a6bf17f,CS088,S208,CS088,,included,no,,0,title-screen,,,,Keyword score is prioritization only; it is not an eligibility or exclusion decision.
CG1126,doi:10.1145/3018743.3018761,20260731T091700Z-legacy-promotions-semanticscholar,KiWi: A Key-Value Map for Scalable Real-Time Analytics,2017,2017-01-26,10.1145/3018743.3018761,,ACM SIGPLAN Symposium on Principles & Practice of Parallel Programming,semanticscholar,b3077f04399d6ea0fa111d36706acaee5b9d44ed,CS081,S201,,CS081,included,no,,0,title-screen,,,,Keyword score is prioritization only; it is not an eligibility or exclusion decision.
CG1127,doi:10.1145/3022670.2951943,20260731T091600Z-legacy-promotions-opencitations,,2016,2016-12-05,10.1145/3022670.2951943,,,opencitations,10.1145/3022670.2951943,CS085;CS101,S205;S221,,CS085;CS101,included,no,,0,missing-title-manual-check,,,,Keyword score is prioritization only; it is not an eligibility or exclusion decision.
CG1128,doi:10.1145/3022671.2983999,20260731T091600Z-legacy-promotions-opencitations,,2016,2016-12-05,10.1145/3022671.2983999,,,opencitations,10.1145/3022671.2983999,CS085;CS100;CS101;CS102;CS103,S205;S220;S221;S222;S223,,CS085;CS100;CS101;CS102;CS103,included,no,,0,missing-title-manual-check,,,,Keyword score is prioritization only; it is not an eligibility or exclusion decision.
CG1129,doi:10.1145/3035918.3064015,20260731T091700Z-legacy-promotions-semanticscholar,Cicada: Dependably Fast Multi-Core In-Memory Transactions,2017,2017-05-09,10.1145/3035918.3064015,,SIGMOD Conference,semanticscholar,9dbb1e3394f8215d3e1d2944db0f2df33575d779,CS081,S201,,CS081,included,no,,0,title-screen,,,,Keyword score is prioritization only; it is not an eligibility or exclusion decision.
CG1130,doi:10.1145/3037697.3037721,20260731T091700Z-legacy-promotions-semanticscholar,Black-box Concurrent Data Structures for NUMA Architectures,2017,2017-04-04,10.1145/3037697.3037721,,International Conference on Architectural Support for Programming Languages and Operating Systems,semanticscholar,8e2660a880090fc1afc8e2d81840bcbba09a30df,CS081,S201,,CS081,included,no,,0,title-screen,,,,Keyword score is prioritization only; it is not an eligibility or exclusion decision.
CG1131,doi:10.1145/3040223,20260731T091700Z-legacy-promotions-semanticscholar,Automatic Scalable Atomicity via Semantic Locking,2017,2017-03-23,10.1145/3040223,,ACM Transactions on Parallel Computing,semanticscholar,05070b2471a44c934e8961d03a2406b9053bccbd,CS081,S201,,CS081,included,no,,0,title-screen,,,,Keyword score is prioritization only; it is not an eligibility or exclusion decision.
CG1132,doi:10.1145/3060140,20260731T091600Z-legacy-promotions-opencitations,,,,10.1145/3060140,,,opencitations,10.1145/3060140,CS083,S203,CS083,,unknown-date,no,,0,manual-date-check,,,,Keyword score is prioritization only; it is not an eligibility or exclusion decision.
CG1133,doi:10.1145/3062341.3062352,20260731T091600Z-legacy-promotions-opencitations,,,,10.1145/3062341.3062352,,,opencitations,10.1145/3062341.3062352,CS094,S214,CS094,,unknown-date,no,,0,manual-date-check,,,,Keyword score is prioritization only; it is not an eligibility or exclusion decision.
CG1136,doi:10.1145/3087556.3087582,20260731T091700Z-legacy-promotions-semanticscholar,Concurrent Data Structures for Near-Memory Computing,2017,2017-07-24,10.1145/3087556.3087582,,ACM Symposium on Parallelism in Algorithms and Architectures,semanticscholar,4828a11ee5221ad6f7d97ae0c8ffec8c62c65fa8,CS081,S201,,CS081,included,no,,0,title-screen,,,,Keyword score is prioritization only; it is not an eligibility or exclusion decision.
CG1139,doi:10.1145/3093333.3009855,20260731T091600Z-legacy-promotions-opencitations,,2017,2017-05-11,10.1145/3093333.3009855,,,opencitations,10.1145/3093333.3009855,CS085;CS101,S205;S221,,CS085;CS101,included,no,,0,missing-title-manual-check,,,,Keyword score is prioritization only; it is not an eligibility or exclusion decision.
CG1140,doi:10.1145/3093333.3009870,20260731T091600Z-legacy-promotions-opencitations,,2017,2017-05-11,10.1145/3093333.3009870,,,opencitations,10.1145/3093333.3009870,CS079;CS080,S199;S200,,CS079;CS080,included,no,,0,missing-title-manual-check,,,,Keyword score is prioritization only; it is not an eligibility or exclusion decision.
CG1141,doi:10.1145/3093333.3009893,20260731T091600Z-legacy-promotions-opencitations,,2017,2017-05-11,10.1145/3093333.3009893,,,opencitations,10.1145/3093333.3009893,CS097,S217,,CS097,included,no,,0,missing-title-manual-check,,,,Keyword score is prioritization only; it is not an eligibility or exclusion decision.
CG1142,doi:10.1145/3122955.3122972,20260731T091700Z-legacy-promotions-semanticscholar,Improving STM performance with transactional structs,2017,2017-09-07,10.1145/3122955.3122972,,ACM SIGPLAN Symposium/Workshop on Haskell,semanticscholar,f8750426c6e7ec34a9ab5fe89271a892b5158f59,CS081,S201,,CS081,included,no,,0,title-screen,,,,Keyword score is prioritization only; it is not an eligibility or exclusion decision.
CG1144,doi:10.1145/3132168,20260731T091700Z-legacy-promotions-semanticscholar,Lease/Release,2017,2017-10-10,10.1145/3132168,,ACM Transactions on Parallel Computing,semanticscholar,b10f711c0855943f87447d98af19747dd13e6967,CS081,S201,,CS081,included,no,,0,title-screen,,,,Keyword score is prioritization only; it is not an eligibility or exclusion decision.
CG1145,doi:10.1145/3132747.3132771,20260731T091700Z-legacy-promotions-semanticscholar,ffwd: delegation is (much) faster than you think,2017,2017-10-14,10.1145/3132747.3132771,,Symposium on Operating Systems Principles,semanticscholar,5ddc7f4d279ea49e7bfc4e3a344c3e5266a9c57a,CS081,S201,,CS081,included,no,,0,title-screen,,,,Keyword score is prioritization only; it is not an eligibility or exclusion decision.
CG1147,doi:10.1145/3140568,20260731T091600Z-legacy-promotions-opencitations;20260731T091700Z-legacy-promotions-semanticscholar,Paxos made EPR: decidable reasoning about distributed protocols,2017,2017-10-12,10.1145/3140568,1710.07191,Proc. ACM Program. Lang.,opencitations;semanticscholar,10.1145/3140568;4d3287b9382b3f28d5f81b5cac1252a0b45d80b0,CS085,S205,,CS085,included,no,,0,title-screen,,,,Keyword score is prioritization only; it is not an eligibility or exclusion decision.
CG1149,doi:10.1145/3149.214121,20260731T091700Z-legacy-promotions-semanticscholar,Impossibility of distributed consensus with one faulty process,1985,1985-04-01,10.1145/3149.214121,,JACM,semanticscholar,5ba794a919108bef482deceb1825db19abd545ca,CS088,S208,CS088,,included,no,,0,title-screen,,,,Keyword score is prioritization only; it is not an eligibility or exclusion decision.
CG1150,doi:10.1145/3149485.3149511,20260731T091600Z-legacy-promotions-opencitations;20260731T091700Z-legacy-promotions-semanticscholar,How Easy it is to Write Software for Heterogeneous Systems?,2018,2018-01-11,10.1145/3149485.3149511,,SOEN,opencitations;semanticscholar,10.1145/3149485.3149511;d205b3e2d8d30dca9737e3838decf28205ea91e3,CS085,S205,,CS085,included,no,,0,title-screen,,,,Keyword score is prioritization only; it is not an eligibility or exclusion decision.
CG1151,doi:10.1145/3155284.3018749,20260731T091600Z-legacy-promotions-opencitations,,2017,2017-10-26,10.1145/3155284.3018749,,,opencitations,10.1145/3155284.3018749,CS097;CS099;CS100;CS102,S217;S219;S220;S222,,CS097;CS099;CS100;CS102,included,no,,0,missing-title-manual-check,,,,Keyword score is prioritization only; it is not an eligibility or exclusion decision.
CG1152,doi:10.1145/3158097,20260731T091600Z-legacy-promotions-opencitations;20260731T091700Z-legacy-promotions-semanticscholar,Automated lemma synthesis in symbolic-heap separation logic,2017,2017-10-26,10.1145/3158097,1710.09635,Proc. ACM Program. Lang.,opencitations;semanticscholar,10.1145/3158097;26b26c80944af4b5bd14ada2a649d0c9257f8dc6,CS086,S206,CS086,,included,no,,0,title-screen,,,,Keyword score is prioritization only; it is not an eligibility or exclusion decision.
CG1153,doi:10.1145/3158105,20260731T091600Z-legacy-promotions-opencitations,,,,10.1145/3158105,,,opencitations,10.1145/3158105,CS106,S226,CS106,,unknown-date,no,,0,manual-date-check,,,,Keyword score is prioritization only; it is not an eligibility or exclusion decision.
CG1154,doi:10.1145/3158107,20260731T091600Z-legacy-promotions-opencitations,,,,10.1145/3158107,,,opencitations,10.1145/3158107,CS106,S226,CS106,,unknown-date,no,,0,manual-date-check,,,,Keyword score is prioritization only; it is not an eligibility or exclusion decision.
CG1156,doi:10.1145/3158113,20260731T091600Z-legacy-promotions-opencitations;20260731T091700Z-legacy-promotions-semanticscholar,"Sound, complete, and tractable linearizability monitoring for concurrent collections",2018,2017-12-27,10.1145/3158113,,Proc. ACM Program. Lang.,opencitations;semanticscholar,10.1145/3158113;3018a18fc5610affb117111fa35a4305827cf8ca,CS082;CS085;CS100;CS102;CS103,S202;S205;S220;S222;S223,,CS082;CS085;CS100;CS102;CS103,included,no,,0,title-screen,,,,Keyword score is prioritization only; it is not an eligibility or exclusion decision.
CG1157,doi:10.1145/3158115,20260731T091600Z-legacy-promotions-opencitations;20260731T091700Z-legacy-promotions-semanticscholar,Alone together: compositional reasoning and inference for weak isolation,2018,2017-10-26,10.1145/3158115,1710.09844,Proc. ACM Program. Lang.,opencitations;semanticscholar,10.1145/3158115;314c587ae3d6b844caa97f16f1ad3d20d05f472e,CS100,S220,,CS100,included,no,,0,title-screen,,,,Keyword score is prioritization only; it is not an eligibility or exclusion decision.
CG1158,doi:10.1145/3158116,20260731T091600Z-legacy-promotions-opencitations;20260731T091700Z-legacy-promotions-semanticscholar,Programming and proving with distributed protocols,2018,2017-12-27,10.1145/3158116,,Proc. ACM Program. Lang.,opencitations;semanticscholar,10.1145/3158116;4b68124941fc379b6298334eb9509a2b01fcd1ce,CS085,S205,,CS085,included,no,,0,title-screen,,,,Keyword score is prioritization only; it is not an eligibility or exclusion decision.
CG1159,doi:10.1145/3158125,20260731T091600Z-legacy-promotions-opencitations;20260731T091700Z-legacy-promotions-semanticscholar,Go with the flow: compositional abstractions for concurrent data structures,2018,2017-11-09,10.1145/3158125,1711.03272,Proc. ACM Program. Lang.,opencitations;semanticscholar,10.1145/3158125;306277d111419015caa49a86233122c1dddb7252,CS089;CS099,S209;S219,,CS089;CS099,included,no,,0,title-screen,,,,Keyword score is prioritization only; it is not an eligibility or exclusion decision.
CG1160,doi:10.1145/3158136,20260731T091600Z-legacy-promotions-opencitations;20260731T091700Z-legacy-promotions-semanticscholar,Online detection of effectively callback free objects with applications to smart contracts,2018,2017-12-27,10.1145/3158136,1801.04032,Proc. ACM Program. Lang.,opencitations;semanticscholar,10.1145/3158136;2e1a81cb07a183f10380c95ee71c3cf28f29cf7e,CS079,S199,,CS079,included,no,,0,title-screen,,,,Keyword score is prioritization only; it is not an eligibility or exclusion decision.
CG1161,doi:10.1145/3158154,20260731T091600Z-legacy-promotions-opencitations;20260731T091700Z-legacy-promotions-semanticscholar,RustBelt: securing the foundations of the rust programming language,2017,2017-12-27,10.1145/3158154,,Proc. ACM Program. Lang.,opencitations;semanticscholar,10.1145/3158154;6a8ceba15f95d03617e79aaba35515776c4bc4d9,CS087,S207,CS087,,included,no,,0,title-screen,,,,Keyword score is prioritization only; it is not an eligibility or exclusion decision.
CG1163,doi:10.1145/3173162.3177156,20260731T091600Z-legacy-promotions-opencitations,,,,10.1145/3173162.3177156,,,opencitations,10.1145/3173162.3177156,CS106,S226,CS106,,unknown-date,no,,0,manual-date-check,,,,Keyword score is prioritization only; it is not an eligibility or exclusion decision.
CG1165,doi:10.1145/3183713.3196895,20260731T091700Z-legacy-promotions-semanticscholar,Building a Bw-Tree Takes More Than Just Buzz Words,2018,2018-05-27,10.1145/3183713.3196895,,SIGMOD Conference,semanticscholar,6078c6385495d960d385308ccbd55895c03f55e4,CS081,S201,,CS081,included,no,,0,title-screen,,,,Keyword score is prioritization only; it is not an eligibility or exclusion decision.
CG1166,doi:10.1145/3183713.3196898,20260731T091700Z-legacy-promotions-semanticscholar,FASTER: A Concurrent Key-Value Store with In-Place Updates,2018,2018-05-27,10.1145/3183713.3196898,,SIGMOD Conference,semanticscholar,9ea2f3af46c0a9377fdf1cf27035e81d9576c66d,CS081,S201,,CS081,included,no,,0,title-screen,,,,Keyword score is prioritization only; it is not an eligibility or exclusion decision.
CG1167,doi:10.1145/3186728.3164142,20260731T091700Z-legacy-promotions-semanticscholar,Concurrent Log-Structured Memory for Many-Core Key-Value Stores,2017,2017-12-01,10.1145/3186728.3164142,,Proceedings of the VLDB Endowment,semanticscholar,8ec17bf5cf4a4acd88455e05fc2f17bc5b29e78f,CS081,S201,,CS081,included,no,,0,title-screen,,,,Keyword score is prioritization only; it is not an eligibility or exclusion decision.
CG1168,doi:10.1145/3187009.3164147,20260731T091700Z-legacy-promotions-semanticscholar,BzTree: A High-Performance Latch-free Range Index for Non-Volatile Memory,2018,,10.1145/3187009.3164147,,Proceedings of the VLDB Endowment,semanticscholar,22b0c0afd667ce47724cfb477507a353df0ed4f4,CS081,S201,,CS081,included,no,,0,title-screen,,,,Keyword score is prioritization only; it is not an eligibility or exclusion decision.
CG1169,doi:10.1145/3192366.3192381,20260731T091600Z-legacy-promotions-opencitations;20260731T091700Z-legacy-promotions-semanticscholar,Certified concurrent abstraction layers,2018,2018-06-11,10.1145/3192366.3192381,,ACM-SIGPLAN Symposium on Programming Language Design and Implementation,opencitations;semanticscholar,10.1145/3192366.3192381;d67f507cd8332e0f38983aa3eb23e8f5f571684d,CS080;CS085;CS101;CS103,S200;S205;S221;S223,,CS080;CS085;CS101;CS103,included,no,,0,title-screen,,,,Keyword score is prioritization only; it is not an eligibility or exclusion decision.
CG1170,doi:10.1145/319566.319567,20260731T091700Z-legacy-promotions-semanticscholar,On optimistic methods for concurrency control,1979,1979-10-03,10.1145/319566.319567,,Very Large Data Bases Conference,semanticscholar,b9b2e39c26f9870491bb770e4608fcd197d34edb,CS088,S208,CS088,,included,no,,0,title-screen,,,,Keyword score is prioritization only; it is not an eligibility or exclusion decision.
CG1171,doi:10.1145/3197383,20260731T091700Z-legacy-promotions-semanticscholar,Modular Labelled Sequent Calculi for Abstract Separation Logics,2017,2017-10-30,10.1145/3197383,1710.10805,ACM Transactions on Computational Logic,semanticscholar,0c1de57b08f3c200dda131882f6583904e725a3c,CS089,S209,,CS089,included,no,,0,title-screen,,,,Keyword score is prioritization only; it is not an eligibility or exclusion decision.
CG1172,doi:10.1145/3201897,20260731T091700Z-legacy-promotions-semanticscholar,ThreadScan,2018,2018-05-01,10.1145/3201897,,ACM Transactions on Parallel Computing,semanticscholar,20bc95e5f6ba7498ca76955b095379599fb0f001,CS081,S201,,CS081,included,no,,0,title-screen,,,,Keyword score is prioritization only; it is not an eligibility or exclusion decision.
CG1173,doi:10.1145/3209108.3209174,20260731T091600Z-legacy-promotions-opencitations;20260731T091700Z-legacy-promotions-semanticscholar,ReLoC: A Mechanised Relational Logic for Fine-Grained Concurrency,2018,2018-07-09,10.1145/3209108.3209174,,Logic in Computer Science,opencitations;semanticscholar,10.1145/3209108.3209174;6a39b85c8e772a5a21a5245475eb3a9ab31a2d17,CS086;CS087,S206;S207,CS086;CS087,,included,no,,0,title-screen,,,,Keyword score is prioritization only; it is not an eligibility or exclusion decision.
CG1177,doi:10.1145/3211968,20260731T091600Z-legacy-promotions-opencitations;20260731T091700Z-legacy-promotions-semanticscholar,Separation logic,2019,2019-01-28,10.1145/3211968,,Communications of the ACM,opencitations;semanticscholar,10.1145/3211968;7a70b298da9079619d2d6d683c1b801e4b3eae0c,CS085,S205,,CS085,included,no,,0,title-screen,,,,Keyword score is prioritization only; it is not an eligibility or exclusion decision.
CG1178,doi:10.1145/322154.322158,20260731T091600Z-legacy-promotions-opencitations,,,,10.1145/322154.322158,,,opencitations,10.1145/322154.322158,CS102,S222,CS102,,unknown-date,no,,0,manual-date-check,,,,Keyword score is prioritization only; it is not an eligibility or exclusion decision.
CG1179,doi:10.1145/3236772,20260731T091600Z-legacy-promotions-opencitations;20260731T091700Z-legacy-promotions-semanticscholar,"MoSeL: a general, extensible modal framework for interactive proofs in separation logic",2018,2018-07-30,10.1145/3236772,,Proc. ACM Program. Lang.,opencitations;semanticscholar,10.1145/3236772;e60b3d6e4e8318380732a3a0779a703aecd17279,CS085;CS086;CS087;CS103,S205;S206;S207;S223,CS086;CS087,CS085;CS103,included,no,,0,title-screen,,,,Keyword score is prioritization only; it is not an eligibility or exclusion decision.
CG1180,doi:10.1145/3276514,20260731T091600Z-legacy-promotions-opencitations;20260731T091700Z-legacy-promotions-semanticscholar,RacerD: compositional static race detection,2018,2018-10-24,10.1145/3276514,,Proc. ACM Program. Lang.,opencitations;semanticscholar,10.1145/3276514;262aaaf1602c09f1831b77835ea283fb98cca0ef,CS085,S205,,CS085,included,no,,0,title-screen,,,,Keyword score is prioritization only; it is not an eligibility or exclusion decision.
CG1181,doi:10.1145/3282506,20260731T091700Z-legacy-promotions-semanticscholar,How to implement any concurrent data structure,2018,2018-11-20,10.1145/3282506,,Communications of the ACM,semanticscholar,4569ec3d1fecadcb3ca0c2ede364cd75c1629714,CS081,S201,,CS081,included,no,,0,title-screen,,,,Keyword score is prioritization only; it is not an eligibility or exclusion decision.
CG1183,doi:10.1145/3290377,20260731T091600Z-legacy-promotions-opencitations;20260731T091700Z-legacy-promotions-semanticscholar,A separation logic for concurrent randomized programs,2019,2019-01-02,10.1145/3290377,1802.02951,Proc. ACM Program. Lang.,opencitations;semanticscholar,0b8d2370790da8f42eb435be78fcd46abdbfa253;10.1145/3290377,CS081;CS089;CS101,S201;S209;S221,,CS081;CS089;CS101,included,no,,0,title-screen,,,,Keyword score is prioritization only; it is not an eligibility or exclusion decision.
CG1184,doi:10.1145/3290378,20260731T091600Z-legacy-promotions-opencitations;20260731T091700Z-legacy-promotions-semanticscholar,Iron: managing obligations in higher-order concurrent separation logic,2019,2019-01-02,10.1145/3290378,,Proc. ACM Program. Lang.,opencitations;semanticscholar,10.1145/3290378;17759f5892b846695a341e0b3092a9218bb40ecd,CS101,S221,,CS101,included,no,,0,title-screen,,,,Keyword score is prioritization only; it is not an eligibility or exclusion decision.
CG1185,doi:10.1145/3290380,20260731T091600Z-legacy-promotions-opencitations,,,,10.1145/3290380,,,opencitations,10.1145/3290380,CS094,S214,CS094,,unknown-date,no,,0,manual-date-check,,,,Keyword score is prioritization only; it is not an eligibility or exclusion decision.
CG1187,doi:10.1145/3290384,20260731T091600Z-legacy-promotions-opencitations,,,,10.1145/3290384,,,opencitations,10.1145/3290384,CS106,S226,CS106,,unknown-date,no,,0,manual-date-check,,,,Keyword score is prioritization only; it is not an eligibility or exclusion decision.
CG1189,doi:10.1145/3293882.3330560,20260731T091600Z-legacy-promotions-opencitations;20260731T091700Z-legacy-promotions-semanticscholar,Exploiting the laws of order in smart contracts,2019,2019-07-10,10.1145/3293882.3330560,1810.11605,International Symposium on Software Testing and Analysis,opencitations;semanticscholar,10.1145/3293882.3330560;bbf9fc120b2b29f25dbf4565fb8055d97d83001d,CS085,S205,,CS085,included,no,,0,title-screen,,,,Keyword score is prioritization only; it is not an eligibility or exclusion decision.
CG1190,doi:10.1145/3293883.3295711,20260731T091700Z-legacy-promotions-semanticscholar,Leveraging hardware TM in Haskell,2019,2019-02-16,10.1145/3293883.3295711,,ACM SIGPLAN Symposium on Principles & Practice of Parallel Programming,semanticscholar,d44c49a182efe2fdbde5fbb5cf66a212798921e5,CS081,S201,,CS081,included,no,,0,title-screen,,,,Keyword score is prioritization only; it is not an eligibility or exclusion decision.
CG1191,doi:10.1145/3293883.3295726,20260731T091600Z-legacy-promotions-opencitations;20260731T091700Z-legacy-promotions-semanticscholar,Checking linearizability using hitting families,2019,2019-02-16,10.1145/3293883.3295726,,ACM SIGPLAN Symposium on Principles & Practice of Parallel Programming,opencitations;semanticscholar,10.1145/3293883.3295726;f16af9a5b1c055945eb0a4ac40b71411b2cd0c77,CS100,S220,,CS100,included,no,,0,title-screen,,,,Keyword score is prioritization only; it is not an eligibility or exclusion decision.
CG1192,doi:10.1145/3295500.3356160,20260731T091700Z-legacy-promotions-semanticscholar,Understanding Priority-Based Scheduling of Graph Algorithms on a Shared-Memory Platform,2019,2019-11-17,10.1145/3295500.3356160,,"International Conference for High Performance Computing, Networking, Storage and Analysis",semanticscholar,92eb6049f82e854317402e0d50fe82d3d3a839b4,CS081,S201,,CS081,included,no,,0,title-screen,,,,Keyword score is prioritization only; it is not an eligibility or exclusion decision.
CG1193,doi:10.1145/3296979.3192381,20260731T091600Z-legacy-promotions-opencitations,,2018,2018-12-02,10.1145/3296979.3192381,,,opencitations,10.1145/3296979.3192381,CS080;CS085;CS101;CS103,S200;S205;S221;S223,,CS080;CS085;CS101;CS103,included,no,,0,missing-title-manual-check,,,,Keyword score is prioritization only; it is not an eligibility or exclusion decision.
CG1195,doi:10.1145/3310273.3323164,20260731T091700Z-legacy-promotions-semanticscholar,An adaptive concurrent priority queue for NUMA architectures,2019,2019-04-30,10.1145/3310273.3323164,,ACM International Conference on Computing Frontiers,semanticscholar,cfd565d59762a2936e335cd00f6d05f921719d40,CS081,S201,,CS081,included,no,,0,title-screen,,,,Keyword score is prioritization only; it is not an eligibility or exclusion decision.
CG1197,doi:10.1145/3323165.3323185,20260731T091700Z-legacy-promotions-semanticscholar,Multiversion Concurrency with Bounded Delay and Precise Garbage Collection,2018,2018-03-23,10.1145/3323165.3323185,1803.08617,ACM Symposium on Parallelism in Algorithms and Architectures,semanticscholar,6cc1c852b36ae6fb0ab983b5d7a3386bb0ce9c09,CS081,S201,,CS081,included,no,,0,title-screen,,,,Keyword score is prioritization only; it is not an eligibility or exclusion decision.
CG1199,doi:10.1145/3325061.3325065,20260731T091700Z-legacy-promotions-semanticscholar,Enhancing transactional memory execution via dynamic binary translation,2019,2019-04-08,10.1145/3325061.3325065,,SIAP,semanticscholar,59b37a9bba595ba812d67d5089400830878955d5,CS081,S201,,CS081,included,no,,0,title-screen,,,,Keyword score is prioritization only; it is not an eligibility or exclusion decision.
CG1200,doi:10.1145/3332466.3374511,20260731T091700Z-legacy-promotions-semanticscholar,Scaling concurrent queues by using HTM to profit from failed atomic operations,2020,2020-02-19,10.1145/3332466.3374511,,ACM SIGPLAN Symposium on Principles & Practice of Parallel Programming,semanticscholar,4814082fc63c79bb99330aa425d2d75275506a4e,CS081,S201,,CS081,included,no,,0,title-screen,,,,Keyword score is prioritization only; it is not an eligibility or exclusion decision.
CG1201,doi:10.1145/3332466.3374526,20260731T091700Z-legacy-promotions-semanticscholar,Oak: a scalable off-heap allocated key-value map,2020,2020-02-19,10.1145/3332466.3374526,,ACM SIGPLAN Symposium on Principles & Practice of Parallel Programming,semanticscholar,adee1bb6f12177e78f919b17da1b58fb565d1bb2,CS081,S201,,CS081,included,no,,0,title-screen,,,,Keyword score is prioritization only; it is not an eligibility or exclusion decision.
CG1203,doi:10.1145/3335772.3335935,20260731T091700Z-legacy-promotions-semanticscholar,How to Make a Multiprocessor Computer That Correctly Executes Multiprocess Programs,2016,2016-12-19,10.1145/3335772.3335935,,IEEE transactions on computers,semanticscholar,bdacc240ee817e6565f27f40f8658c037a457a13,CS088,S208,CS088,,included,no,,0,title-screen,,,,Keyword score is prioritization only; it is not an eligibility or exclusion decision.
CG1205,doi:10.1145/3341301.3359632,20260731T091600Z-legacy-promotions-opencitations;20260731T091700Z-legacy-promotions-semanticscholar,"Verifying concurrent, crash-safe systems with Perennial",2019,2019-10-27,10.1145/3341301.3359632,,Symposium on Operating Systems Principles,opencitations;semanticscholar,10.1145/3341301.3359632;4f323be4ac0bf7cb947be1c68b58ef632007c43b,CS085,S205,,CS085,included,no,,0,title-screen,,,,Keyword score is prioritization only; it is not an eligibility or exclusion decision.
CG1206,doi:10.1145/3341301.3359635,20260731T091700Z-legacy-promotions-semanticscholar,Recipe: converting concurrent DRAM indexes to persistent-memory indexes,2019,2019-09-23,10.1145/3341301.3359635,1909.13670,Symposium on Operating Systems Principles,semanticscholar,99ea5d197c68d6d2dea7f6071af861e889cc56ae,CS081,S201,,CS081,included,no,,0,title-screen,,,,Keyword score is prioritization only; it is not an eligibility or exclusion decision.
CG1207,doi:10.1145/3341301.3359644,20260731T091600Z-legacy-promotions-opencitations;20260731T091700Z-legacy-promotions-semanticscholar,Using concurrent relational logic with helpers for verifying the AtomFS file system,2019,2019-10-27,10.1145/3341301.3359644,,Symposium on Operating Systems Principles,opencitations;semanticscholar,10.1145/3341301.3359644;a3cc79d7af9d3ddc8364d614a4f652926b15d1d5,CS084;CS089;CS102,S204;S209;S222,,CS084;CS089;CS102,included,no,,0,title-screen,,,,Keyword score is prioritization only; it is not an eligibility or exclusion decision.
CG1209,doi:10.1145/3342195.3387515,20260731T091700Z-legacy-promotions-semanticscholar,Persistent memory and the rise of universal constructions,2020,2020-04-15,10.1145/3342195.3387515,,European Conference on Computer Systems,semanticscholar,a9acee227925e677da5192553ce4e227df1a229d,CS081,S201,,CS081,included,no,,0,title-screen,,,,Keyword score is prioritization only; it is not an eligibility or exclusion decision.
CG1210,doi:10.1145/3342195.3387533,20260731T091700Z-legacy-promotions-semanticscholar,Scalable range locks for scalable address spaces and beyond,2020,2020-04-15,10.1145/3342195.3387533,2006.12144,European Conference on Computer Systems,semanticscholar,ffef634099e6778cb59922cc0814a6941b209e37,CS081,S201,,CS081,included,no,,0,title-screen,,,,Keyword score is prioritization only; it is not an eligibility or exclusion decision.
CG1211,doi:10.1145/3350755.3400213,20260731T091700Z-legacy-promotions-semanticscholar,Memory Tagging: Minimalist Synchronization for Scalable Concurrent Data Structures,2020,2020-07-06,10.1145/3350755.3400213,,ACM Symposium on Parallelism in Algorithms and Architectures,semanticscholar,1c3bd63a0edd14a11ab75078af0d2b0fea14a773,CS081,S201,,CS081,included,no,,0,title-screen,,,,Keyword score is prioritization only; it is not an eligibility or exclusion decision.
CG1212,doi:10.1145/3356903,20260731T091600Z-legacy-promotions-opencitations;20260731T091700Z-legacy-promotions-semanticscholar,Building certified concurrent OS kernels,2019,2019-09-24,10.1145/3356903,,Communications of the ACM,opencitations;semanticscholar,10.1145/3356903;f776e3da4ab2263d6b21a45ac4fdcb886ccf76ca,CS086,S206,CS086,,included,no,,0,title-screen,,,,Keyword score is prioritization only; it is not an eligibility or exclusion decision.
CG1213,doi:10.1145/3358499.3361221,20260731T091700Z-legacy-promotions-semanticscholar,Modal assertions for actor correctness,2019,2019-10-22,10.1145/3358499.3361221,,AGERE!@SPLASH,semanticscholar,1579f2abba5625817b6687e3486fd787774c9a0c,CS089,S209,,CS089,included,no,,0,title-screen,,,,Keyword score is prioritization only; it is not an eligibility or exclusion decision.
CG1215,doi:10.1145/3360587,20260731T091600Z-legacy-promotions-opencitations;20260731T091700Z-legacy-promotions-semanticscholar,Specifying concurrent programs in separation logic: morphisms and simulations,2019,2019-10-10,10.1145/3360587,1904.07136,Proc. ACM Program. Lang.,opencitations;semanticscholar,10.1145/3360587;359eaababf64d01ed3a69a6be8a42eb14fb3bda8,CS084;CS085;CS087;CS103,S204;S205;S207;S223,CS087,CS084;CS085;CS103,included,no,,0,title-screen,,,,Keyword score is prioritization only; it is not an eligibility or exclusion decision.
CG1216,doi:10.1145/3360597,20260731T091700Z-legacy-promotions-semanticscholar,Certifying graph-manipulating C programs via localizations within data structures,2019,2019-10-10,10.1145/3360597,,Proc. ACM Program. Lang.,semanticscholar,00c265aa60cb8ee760bb6ba17c80a8802fe536b0,CS085,S205,,CS085,included,no,,0,title-screen,,,,Keyword score is prioritization only; it is not an eligibility or exclusion decision.
CG1218,doi:10.1145/3371113,20260731T091600Z-legacy-promotions-opencitations;20260731T091700Z-legacy-promotions-semanticscholar,The future is ours: prophecy variables in separation logic,2020,2019-12-20,10.1145/3371113,,Proc. ACM Program. Lang.,opencitations;semanticscholar,10.1145/3371113;42749767873c74f47a888349451d3f772fa31153,CS086;CS087;CS089;CS101;CS103,S206;S207;S209;S221;S223,CS086;CS087,CS089;CS101;CS103,included,no,,0,title-screen,,,,Keyword score is prioritization only; it is not an eligibility or exclusion decision.
CG1220,doi:10.1145/337180.337240,20260731T091700Z-legacy-promotions-semanticscholar,Quickly detecting relevant program invariants,2000,2000-06-01,10.1145/337180.337240,,Proceedings of the 2000 International Conference on Software Engineering. ICSE 2000 the New Millennium,semanticscholar,3bfd43b6189e4debb4010ded607f582b9b4dd06a,CS088,S208,CS088,,included,no,,0,title-screen,,,,Keyword score is prioritization only; it is not an eligibility or exclusion decision.
CG1222,doi:10.1145/3373376.3378511,20260731T091700Z-legacy-promotions-semanticscholar,AsymNVM: An Efficient Framework for Implementing Persistent Data Structures on Asymmetric NVM Architecture,2020,2020-03-09,10.1145/3373376.3378511,,International Conference on Architectural Support for Programming Languages and Operating Systems,semanticscholar,016b0854e8dce422d77297d1bec1ef0ba43ef0e0,CS081,S201,,CS081,included,no,,0,title-screen,,,,Keyword score is prioritization only; it is not an eligibility or exclusion decision.
CG1223,doi:10.1145/3381898.3397212,20260731T091700Z-legacy-promotions-semanticscholar,Understanding and optimizing persistent memory allocation,2020,2020-03-14,10.1145/3381898.3397212,2003.06718,International Symposium on Mathematical Morphology and Its Application to Signal and Image Processing,semanticscholar,c338425bc4aa573f092ad0dba5d8b4cf13fdfbd9,CS081,S201,,CS081,included,no,,0,title-screen,,,,Keyword score is prioritization only; it is not an eligibility or exclusion decision.
CG1224,doi:10.1145/3382734.3405746,20260731T091700Z-legacy-promotions-semanticscholar,Brief Announcement: On Implementing Software Transactional Memory in the C++ Memory Model,2020,2020-07-31,10.1145/3382734.3405746,,ACM SIGACT-SIGOPS Symposium on Principles of Distributed Computing,semanticscholar,33d66897875c1f8329ed2700c5c314c25613c0c4,CS081,S201,,CS081,included,no,,0,title-screen,,,,Keyword score is prioritization only; it is not an eligibility or exclusion decision.
CG1225,doi:10.1145/3384441.3395985,20260731T091700Z-legacy-promotions-semanticscholar,Exploiting Inter-Processor-Interrupts for Virtual-Time Coordination in Speculative Parallel Discrete Event Simulation,2020,2020-06-06,10.1145/3384441.3395985,,SIGSIM Principles of Advanced Discrete Simulation,semanticscholar,52de84e9140f8338ea4c856a44d5e46a656af6a9,CS081,S201,,CS081,included,no,,0,title-screen,,,,Keyword score is prioritization only; it is not an eligibility or exclusion decision.
CG1227,doi:10.1145/3385412.3386029,20260731T091600Z-legacy-promotions-opencitations;20260731T091700Z-legacy-promotions-semanticscholar,Verifying concurrent search structure templates,2020,2020-06-06,10.1145/3385412.3386029,,ACM-SIGPLAN Symposium on Programming Language Design and Implementation,opencitations;semanticscholar,10.1145/3385412.3386029;c894f2d04297e50b41f4921c420d48122b3b28ae,CS085;CS087;CS099;CS101;CS102,S205;S207;S219;S221;S222,CS087,CS085;CS099;CS101;CS102,included,no,,0,title-screen,,,,Keyword score is prioritization only; it is not an eligibility or exclusion decision.
CG1229,doi:10.1145/3392717.3392740,20260731T091700Z-legacy-promotions-semanticscholar,Snug: architectural support for relaxed concurrent priority queueing in chip multiprocessors,2020,2020-06-29,10.1145/3392717.3392740,,International Conference on Supercomputing,semanticscholar,8d4309b082a3cdb171efd933f249513c318abc5c,CS081,S201,,CS081,included,no,,0,title-screen,,,,Keyword score is prioritization only; it is not an eligibility or exclusion decision.
CG1230,doi:10.1145/3399718,20260731T091700Z-legacy-promotions-semanticscholar,KiWi,2020,2020-06-20,10.1145/3399718,,ACM Transactions on Parallel Computing,semanticscholar,729e97b06a083e12e6da0df0c4b71e326e96870d,CS081,S201,,CS081,included,no,,0,title-screen,,,,Keyword score is prioritization only; it is not an eligibility or exclusion decision.
CG1231,doi:10.1145/3408978,20260731T091600Z-legacy-promotions-opencitations;20260731T091700Z-legacy-promotions-semanticscholar,Cosmo: a concurrent separation logic for multicore OCaml,2020,2020-08-02,10.1145/3408978,,Proc. ACM Program. Lang.,opencitations;semanticscholar,10.1145/3408978;99fc357984e0536ece3f0de23b21b2c9d6e2a6a5,CS086,S206,CS086,,included,no,,0,title-screen,,,,Keyword score is prioritization only; it is not an eligibility or exclusion decision.
CG1232,doi:10.1145/3408998,20260731T091600Z-legacy-promotions-opencitations;20260731T091700Z-legacy-promotions-semanticscholar,Separation logic for sequential programs (functional pearl),2020,2020-08-02,10.1145/3408998,,Proc. ACM Program. Lang.,opencitations;semanticscholar,10.1145/3408998;620481f0ec686876444f76ba6d75f6b94f24a3cb,CS086,S206,CS086,,included,no,,0,title-screen,,,,Keyword score is prioritization only; it is not an eligibility or exclusion decision.
CG1233,doi:10.1145/3409003,20260731T091600Z-legacy-promotions-opencitations;20260731T091700Z-legacy-promotions-semanticscholar,SteelCore: an extensible concurrent separation logic for effectful dependently typed programs,2020,2020-08-02,10.1145/3409003,2111.15149,Proc. ACM Program. Lang.,opencitations;semanticscholar,10.1145/3409003;1aa48021e1f62dcd5f71836d936d8ffc9e1176cf,CS085;CS086,S205;S206,CS086,CS085,included,no,,0,title-screen,,,,Keyword score is prioritization only; it is not an eligibility or exclusion decision.
CG1235,doi:10.1145/3410463.3414665,20260731T091700Z-legacy-promotions-semanticscholar,Exploiting Locality in Scalable Ordered Maps,2020,2020-09-30,10.1145/3410463.3414665,,IEEE International Conference on Distributed Computing Systems,semanticscholar,60dced621ca053dc4882cb949329bfbe521b996c,CS081,S201,,CS081,included,no,,0,title-screen,,,,Keyword score is prioritization only; it is not an eligibility or exclusion decision.
CG1236,doi:10.1145/3423211.3425672,20260731T091700Z-legacy-promotions-semanticscholar,JellyFish: A Fast Skip List with MVCC,2020,2020-12-07,10.1145/3423211.3425672,,International Middleware Conference,semanticscholar,cadff5abcd047d4855493a8877dfec5e722e6607,CS081,S201,,CS081,included,no,,0,title-screen,,,,Keyword score is prioritization only; it is not an eligibility or exclusion decision.
CG1237,doi:10.1145/3428196,20260731T091600Z-legacy-promotions-opencitations;20260731T091700Z-legacy-promotions-semanticscholar,Proving highly-concurrent traversals correct,2020,2020-11-13,10.1145/3428196,2010.00911,Proc. ACM Program. Lang.,opencitations;semanticscholar,10.1145/3428196;61ddb0beb37e4848a924958c7ef1b280ee597f31,CS081;CS089;CS099;CS100;CS102;CS103,S201;S209;S219;S220;S222;S223,,CS081;CS089;CS099;CS100;CS102;CS103,included,no,,0,title-screen,,,,Keyword score is prioritization only; it is not an eligibility or exclusion decision.
CG1239,doi:10.1145/3434286,20260731T091600Z-legacy-promotions-opencitations;20260731T091700Z-legacy-promotions-semanticscholar,On algebraic abstractions for concurrent separation logics,2021,2021-01-04,10.1145/3434286,2010.12686,Proc. ACM Program. Lang.,opencitations;semanticscholar,10.1145/3434286;450252ba2926c2ce14f49c33b6f7350bb474d3ac,CS085;CS103,S205;S223,,CS085;CS103,included,no,,0,title-screen,,,,Keyword score is prioritization only; it is not an eligibility or exclusion decision.
CG1242,doi:10.1145/3437801.3441582,20260731T091700Z-legacy-promotions-semanticscholar,Efficiently reclaiming memory in concurrent search data structures while bounding wasted memory,2021,2021-02-17,10.1145/3437801.3441582,,ACM SIGPLAN Symposium on Principles & Practice of Parallel Programming,semanticscholar,2e3adec15a450ea6bf63cbfe0cb7cf7f718f07b7,CS081,S201,,CS081,included,no,,0,title-screen,,,,Keyword score is prioritization only; it is not an eligibility or exclusion decision.
CG1244,doi:10.1145/3437801.3441602,20260731T091700Z-legacy-promotions-semanticscholar,Constant-time snapshots with applications to concurrent data structures,2021,2021-02-17,10.1145/3437801.3441602,,ACM SIGPLAN Symposium on Principles & Practice of Parallel Programming,semanticscholar,df55da2009c3b74fd6e0c67d20f74ef03a63dbfd,CS081,S201,,CS081,included,no,,0,title-screen,,,,Keyword score is prioritization only; it is not an eligibility or exclusion decision.
CG1245,doi:10.1145/3437801.3441614,20260731T091700Z-legacy-promotions-semanticscholar,Bundled references: an abstraction for highly-concurrent linearizable range queries,2020,2020-12-31,10.1145/3437801.3441614,2012.15438,ACM SIGPLAN Symposium on Principles & Practice of Parallel Programming,semanticscholar,fa21388d661004f322210547b5b2a5464eca5d00,CS081,S201,,CS081,included,no,,0,title-screen,,,,Keyword score is prioritization only; it is not an eligibility or exclusion decision.
CG1249,doi:10.1145/3446391,20260731T091700Z-legacy-promotions-semanticscholar,PETRA,2021,2021-03-08,10.1145/3446391,,ACM Transactions on Architecture and Code Optimization (TACO),semanticscholar,9bb5b082d5cd34490ed4732254fc39806117c84c,CS081,S201,,CS081,included,no,,0,title-screen,,,,Keyword score is prioritization only; it is not an eligibility or exclusion decision.
CG1250,doi:10.1145/3448016.3457268,20260731T091700Z-legacy-promotions-semanticscholar,MxTasks: How to Make Efficient Synchronization and Prefetching Easy,2021,2021-06-09,10.1145/3448016.3457268,,SIGMOD Conference,semanticscholar,d385f87dc0f611559a308b3ab811cf488a075899,CS081,S201,,CS081,included,no,,0,title-screen,,,,Keyword score is prioritization only; it is not an eligibility or exclusion decision.
CG1251,doi:10.1145/3453483.3454027,20260731T091600Z-legacy-promotions-opencitations;20260731T091700Z-legacy-promotions-semanticscholar,Revamping hardware persistency models: view-based and axiomatic persistency models for Intel-x86 and Armv8,2021,2021-06-18,10.1145/3453483.3454027,,ACM-SIGPLAN Symposium on Programming Language Design and Implementation,opencitations;semanticscholar,10.1145/3453483.3454027;984c1a20b1d9400f4fda7878d6e78bc2f0f41c6d,CS106,S226,,CS106,included,no,,0,title-screen,,,,Keyword score is prioritization only; it is not an eligibility or exclusion decision.
CG1253,doi:10.1145/3453483.3454060,20260731T091700Z-legacy-promotions-semanticscholar,Concurrent deferred reference counting with constant-time overhead,2021,2021-06-18,10.1145/3453483.3454060,,ACM-SIGPLAN Symposium on Programming Language Design and Implementation,semanticscholar,f34fef900c15f70a20798a68338dc85159c2e1fc,CS081,S201,,CS081,included,no,,0,title-screen,,,,Keyword score is prioritization only; it is not an eligibility or exclusion decision.
CG1256,doi:10.1145/3458926,20260731T091600Z-legacy-promotions-opencitations;20260731T091700Z-legacy-promotions-semanticscholar,Armed Cats,2021,2021-07-01,10.1145/3458926,,ACM Transactions on Programming Languages and Systems,opencitations;semanticscholar,10.1145/3458926;16a171d9b1f25b395ebcd6deb270e5de6892fb3f,CS106,S226,,CS106,included,no,,0,title-screen,,,,Keyword score is prioritization only; it is not an eligibility or exclusion decision.
CG1257,doi:10.1145/3465480.3466927,20260731T091700Z-legacy-promotions-semanticscholar,Descriptor based consensus for blockchain transactions,2021,2021-06-28,10.1145/3465480.3466927,,Distributed Event-Based Systems,semanticscholar,1d825e32b2cf93183057afbb4d56b8ba110b19c5,CS081,S201,,CS081,included,no,,0,title-screen,,,,Keyword score is prioritization only; it is not an eligibility or exclusion decision.
CG1258,doi:10.1145/3472456.3472463,20260731T091700Z-legacy-promotions-semanticscholar,BGPQ: A Heap-Based Priority Queue Design for GPUs,2021,2021-08-09,10.1145/3472456.3472463,,International Conference on Parallel Processing,semanticscholar,c7e9194e3c5205def216f73da9b90588b8d9c8a1,CS081,S201,,CS081,included,no,,0,title-screen,,,,Keyword score is prioritization only; it is not an eligibility or exclusion decision.
CG1260,doi:10.1145/3473586,20260731T091600Z-legacy-promotions-opencitations;20260731T091700Z-legacy-promotions-semanticscholar,Theorems for free from separation logic specifications,2021,2021-08-22,10.1145/3473586,,Proc. ACM Program. Lang.,opencitations;semanticscholar,10.1145/3473586;28547e046d381e9ccf29dfdde4f9788b383c383b,CS087;CS101;CS103,S207;S221;S223,CS087,CS101;CS103,included,no,,0,title-screen,,,,Keyword score is prioritization only; it is not an eligibility or exclusion decision.
CG1263,doi:10.1145/3477132.3483549,20260731T091600Z-legacy-promotions-opencitations;20260731T091700Z-legacy-promotions-semanticscholar,Snowboard: Finding Kernel Concurrency Bugs through Systematic Inter-thread Communication Analysis,2021,2021-10-26,10.1145/3477132.3483549,,Symposium on Operating Systems Principles,opencitations;semanticscholar,10.1145/3477132.3483549;6ebfd2cf7c6c1db7f6bef39f3577baeaa2fe4b5b,CS100,S220,,CS100,included,no,,0,title-screen,,,,Keyword score is prioritization only; it is not an eligibility or exclusion decision.
CG1265,doi:10.1145/3477132.3483589,20260731T091700Z-legacy-promotions-semanticscholar,PACTree: A High Performance Persistent Range Index Using PAC Guidelines,2021,2021-10-26,10.1145/3477132.3483589,,Symposium on Operating Systems Principles,semanticscholar,4712bf145b1be8ed2e24b6685691d5edea0ad4e1,CS081,S201,,CS081,included,no,,0,title-screen,,,,Keyword score is prioritization only; it is not an eligibility or exclusion decision.
CG1268,doi:10.1145/3485490,20260731T091600Z-legacy-promotions-opencitations;20260731T091700Z-legacy-promotions-semanticscholar,Verifying concurrent multicopy search structures,2021,2021-10-20,10.1145/3485490,2109.05631,Proc. ACM Program. Lang.,opencitations;semanticscholar,10.1145/3485490;9e95eab99eb7cab77b2589966b6855b8a133d97a,CS085;CS089;CS099;CS101;CS102;CS103,S205;S209;S219;S221;S222;S223,,CS085;CS089;CS099;CS101;CS102;CS103,included,no,,0,title-screen,,,,Keyword score is prioritization only; it is not an eligibility or exclusion decision.
CG1269,doi:10.1145/3485497,20260731T091600Z-legacy-promotions-opencitations;20260731T091700Z-legacy-promotions-semanticscholar,The semantics of shared memory in Intel CPU/FPGA systems,2021,2021-10-20,10.1145/3485497,,Proc. ACM Program. Lang.,opencitations;semanticscholar,10.1145/3485497;e085e6f6b78e2184b5196c03882f79911ea6fe24,CS106,S226,,CS106,included,no,,0,title-screen,,,,Keyword score is prioritization only; it is not an eligibility or exclusion decision.
CG1270,doi:10.1145/3490148.3538591,20260731T091700Z-legacy-promotions-semanticscholar,HybriDS: Cache-Conscious Concurrent Data Structures for Near-Memory Processing Architectures,2022,2022-07-11,10.1145/3490148.3538591,,ACM Symposium on Parallelism in Algorithms and Architectures,semanticscholar,dfd70befe6cc1724386c21682d99fb9299feff1f,CS081,S201,,CS081,included,no,,0,title-screen,,,,Keyword score is prioritization only; it is not an eligibility or exclusion decision.
CG1271,doi:10.1145/3492321.3519554,20260731T091700Z-legacy-promotions-semanticscholar,Fleche: an efficient GPU embedding cache for personalized recommendations,2022,2022-03-28,10.1145/3492321.3519554,,European Conference on Computer Systems,semanticscholar,bd816a1426c05322859144b12427e5ff2022d846,CS081,S201,,CS081,included,no,,0,title-screen,,,,Keyword score is prioritization only; it is not an eligibility or exclusion decision.
CG1274,doi:10.1145/3498689,20260731T091600Z-legacy-promotions-opencitations;20260731T091700Z-legacy-promotions-semanticscholar,Simuliris: a separation logic framework for verifying concurrent program optimizations,2022,2022-01-11,10.1145/3498689,,Proc. ACM Program. Lang.,opencitations;semanticscholar,10.1145/3498689;a66b534292d939c6bcab97255130dfa1f664d481,CS087,S207,CS087,,included,no,,0,title-screen,,,,Keyword score is prioritization only; it is not an eligibility or exclusion decision.
CG1275,doi:10.1145/3498695,20260731T091600Z-legacy-promotions-opencitations;20260731T091700Z-legacy-promotions-semanticscholar,Concurrent incorrectness separation logic,2022,2022-01-16,10.1145/3498695,,Proc. ACM Program. Lang.,opencitations;semanticscholar,10.1145/3498695;861ef949f07392497a83d8a43c9b2c2b223de541,CS097,S217,,CS097,included,no,,0,title-screen,,,,Keyword score is prioritization only; it is not an eligibility or exclusion decision.
CG1276,doi:10.1145/3498719,20260731T091600Z-legacy-promotions-opencitations;20260731T091700Z-legacy-promotions-semanticscholar,A separation logic for negative dependence,2022,2022-01-16,10.1145/3498719,2111.14917,Proc. ACM Program. Lang.,opencitations;semanticscholar,10.1145/3498719;9cd481b44e7d182d025ef7127d8695ec3eb58ebe,CS085,S205,,CS085,included,no,,0,title-screen,,,,Keyword score is prioritization only; it is not an eligibility or exclusion decision.
CG1277,doi:10.1145/3498847,20260731T091600Z-legacy-promotions-opencitations;20260731T091700Z-legacy-promotions-semanticscholar,Strong-Separation Logic,2022,2022-09-30,10.1145/3498847,2001.06235,European Symposium on Programming,opencitations;semanticscholar,10.1145/3498847;afd20b7a5d7db043cdb15e1fd23661d82c40a56a,CS085,S205,,CS085,included,no,,0,title-screen,,,,Keyword score is prioritization only; it is not an eligibility or exclusion decision.
CG1278,doi:10.1145/3503221.3508412,20260731T091700Z-legacy-promotions-semanticscholar,Bundling linked data structures for linearizable range queries,2022,2022-03-28,10.1145/3503221.3508412,,ACM SIGPLAN Symposium on Principles & Practice of Parallel Programming,semanticscholar,9e7fe2df87be8e8943f4b2ead93084096d2885b8,CS081,S201,,CS081,included,no,,0,title-screen,,,,Keyword score is prioritization only; it is not an eligibility or exclusion decision.
CG1280,doi:10.1145/3503221.3508436,20260731T091700Z-legacy-promotions-semanticscholar,FliT: a library for simple and efficient persistent algorithms,2021,2021-08-09,10.1145/3503221.3508436,2108.04202,ACM SIGPLAN Symposium on Principles & Practice of Parallel Programming,semanticscholar,6747a4a8cebfb1ce82ab40c6550f8a502e76ded5,CS081,S201,,CS081,included,no,,0,title-screen,,,,Keyword score is prioritization only; it is not an eligibility or exclusion decision.
CG1282,doi:10.1145/3503222.3507779,20260731T091700Z-legacy-promotions-semanticscholar,Adelie: continuous address space layout re-randomization for Linux drivers,2022,2022-01-20,10.1145/3503222.3507779,2201.08378,International Conference on Architectural Support for Programming Languages and Operating Systems,semanticscholar,d1fa826eed5fd43a3247cf710f877a3a07403a3b,CS081,S201,,CS081,included,no,,0,title-screen,,,,Keyword score is prioritization only; it is not an eligibility or exclusion decision.
CG1283,doi:10.1145/3507922,20260731T091700Z-legacy-promotions-semanticscholar,Nap: Persistent Memory Indexes for NUMA Architectures,2022,2022-01-29,10.1145/3507922,,ACM Transactions on Storage,semanticscholar,b28ddd9da8c069f52b52033b8defeb2e448c9e23,CS081,S201,,CS081,included,no,,0,title-screen,,,,Keyword score is prioritization only; it is not an eligibility or exclusion decision.
CG1288,doi:10.1145/3527318,20260731T091600Z-legacy-promotions-opencitations;20260731T091700Z-legacy-promotions-semanticscholar,Le temps des cerises: efficient temporal stack safety on capability machines using directed capabilities,2022,2022-04-29,10.1145/3527318,,Proc. ACM Program. Lang.,opencitations;semanticscholar,10.1145/3527318;7c94747f10fbceae686b53ae92e9db32c45449d5,CS087,S207,CS087,,included,no,,0,title-screen,,,,Keyword score is prioritization only; it is not an eligibility or exclusion decision.
CG1290,doi:10.1145/3546189.3549924,20260731T091700Z-legacy-promotions-semanticscholar,Open transactional actions: interacting with non-transactional resources in STM Haskell,2022,2022-09-06,10.1145/3546189.3549924,,ACM SIGPLAN Symposium/Workshop on Haskell,semanticscholar,0a6c065b3c07bacdef16118c039e1e452095f0ad,CS081,S201,,CS081,included,no,,0,title-screen,,,,Keyword score is prioritization only; it is not an eligibility or exclusion decision.
CG1291,doi:10.1145/3546942,20260731T091600Z-legacy-promotions-opencitations;20260731T091700Z-legacy-promotions-semanticscholar,Hippodrome: Data Race Repair Using Static Analysis Summaries,2022,2022-07-07,10.1145/3546942,2108.02490,ACM Transactions on Software Engineering and Methodology,opencitations;semanticscholar,10.1145/3546942;edb996bde728dbe9a8a23dde3089d328e06cc8bf,CS085,S205,,CS085,included,no,,0,title-screen,,,,Keyword score is prioritization only; it is not an eligibility or exclusion decision.
CG1292,doi:10.1145/3547631,20260731T091600Z-legacy-promotions-opencitations;20260731T091700Z-legacy-promotions-semanticscholar,Later credits: resourceful reasoning for the later modality,2022,2022-08-29,10.1145/3547631,,Proc. ACM Program. Lang.,opencitations;semanticscholar,10.1145/3547631;fcd7ffb8f7d05187877390ad9ea4ac48ef6eb24b,CS087;CS103,S207;S223,CS087,CS103,included,no,,0,title-screen,,,,Keyword score is prioritization only; it is not an eligibility or exclusion decision.
CG1293,doi:10.1145/3555776.3577636,20260731T091600Z-legacy-promotions-opencitations;20260731T091700Z-legacy-promotions-semanticscholar,Ownership-Based Owicki-Gries Reasoning,2023,2023-03-27,10.1145/3555776.3577636,,ACM Symposium on Applied Computing,opencitations;semanticscholar,10.1145/3555776.3577636;8993cf08edba40d1acaf2dac39e009fc519b1522,CS089;CS094,S209;S214,CS094,CS089,included,no,,0,title-screen,,,,Keyword score is prioritization only; it is not an eligibility or exclusion decision.
CG1295,doi:10.1145/3558481.3591092,20260731T091700Z-legacy-promotions-semanticscholar,An Efficient Scheduler for Task-Parallel Interactive Applications,2023,2023-06-17,10.1145/3558481.3591092,,ACM Symposium on Parallelism in Algorithms and Architectures,semanticscholar,2f4171bb2aafee6444bbed03183f9c51f580fb8c,CS081,S201,,CS081,included,no,,0,title-screen,,,,Keyword score is prioritization only; it is not an eligibility or exclusion decision.
CG1296,doi:10.1145/3558481.3591102,20260731T091700Z-legacy-promotions-semanticscholar,Applying Hazard Pointers to More Concurrent Data Structures,2023,2023-06-17,10.1145/3558481.3591102,,ACM Symposium on Parallelism in Algorithms and Architectures,semanticscholar,1ccbb18d09af006983d9215c70e429aeefd1f053,CS081,S201,,CS081,included,no,,0,title-screen,,,,Keyword score is prioritization only; it is not an eligibility or exclusion decision.
CG1297,doi:10.1145/3559009.3569681,20260731T091700Z-legacy-promotions-semanticscholar,A GPU Multiversion B-Tree,2022,2022-10-08,10.1145/3559009.3569681,,International Conference on Parallel Architectures and Compilation Techniques,semanticscholar,3abd24eb583fdf38a4230225ec54ad333417c38e,CS081,S201,,CS081,included,no,,0,title-screen,,,,Keyword score is prioritization only; it is not an eligibility or exclusion decision.
CG1298,doi:10.1145/3563300,20260731T091700Z-legacy-promotions-semanticscholar,Concurrent size,2022,2022-09-15,10.1145/3563300,2209.07100,Proc. ACM Program. Lang.,semanticscholar,05412035dd4b479104c61cfabf4cd2fad8189a56,CS081,S201,,CS081,included,no,,0,title-screen,,,,Keyword score is prioritization only; it is not an eligibility or exclusion decision.
CG1300,doi:10.1145/3563337,20260731T091600Z-legacy-promotions-opencitations;20260731T091700Z-legacy-promotions-semanticscholar,A concurrent program logic with a future and history,2022,2022-10-31,10.1145/3563337,2207.02355,Proc. ACM Program. Lang.,opencitations;semanticscholar,10.1145/3563337;368a6573b7d2aa320c8b62c21c5c506d9d798bcb,CS081;CS086;CS089;CS099;CS100;CS101;CS103,S201;S206;S209;S219;S220;S221;S223,,CS081;CS086;CS089;CS099;CS100;CS101;CS103,included,no,,0,title-screen,,,,Keyword score is prioritization only; it is not an eligibility or exclusion decision.
CG1301,doi:10.1145/3563349,20260731T091600Z-legacy-promotions-opencitations;20260731T091700Z-legacy-promotions-semanticscholar,Veracity: declarative multicore programming with commutativity,2022,2022-10-31,10.1145/3563349,2203.06229,Proc. ACM Program. Lang.,opencitations;semanticscholar,10.1145/3563349;2d4e6cfd1040bfa8b83d3feeea4acdce0f09a7f2,CS100,S220,,CS100,included,no,,0,title-screen,,,,Keyword score is prioritization only; it is not an eligibility or exclusion decision.
CG1303,doi:10.1145/3563768.3563956,20260731T091600Z-legacy-promotions-opencitations;20260731T091700Z-legacy-promotions-semanticscholar,Foundationally Sound Annotation Verifier via Control Flow Splitting,2022,2022-11-29,10.1145/3563768.3563956,,SPLASH Companion,opencitations;semanticscholar,10.1145/3563768.3563956;9ded861249bb217bb28511b6c844d0ffe58e723f,CS086,S206,,CS086,included,no,,0,title-screen,,,,Keyword score is prioritization only; it is not an eligibility or exclusion decision.
CG1304,doi:10.1145/357073.357079,20260731T091700Z-legacy-promotions-semanticscholar,Simplification by Cooperating Decision Procedures,1979,1979-10-01,10.1145/357073.357079,,ACM Transactions on Programming Languages and Systems,semanticscholar,a15e8a4bb92b65568e69977c5d97d1d742390ad4,CS088,S208,CS088,,included,no,,0,title-screen,,,,Keyword score is prioritization only; it is not an eligibility or exclusion decision.
CG1305,doi:10.1145/357103.357109,20260731T091600Z-legacy-promotions-opencitations,,,,10.1145/357103.357109,,,opencitations,10.1145/357103.357109,CS097,S217,CS097,,unknown-date,no,,0,manual-date-check,,,,Keyword score is prioritization only; it is not an eligibility or exclusion decision.
CG1307,doi:10.1145/3571218,20260731T091600Z-legacy-promotions-opencitations;20260731T091700Z-legacy-promotions-semanticscholar,A High-Level Separation Logic for Heap Space under Garbage Collection,2023,2023-01-09,10.1145/3571218,,Proc. ACM Program. Lang.,opencitations;semanticscholar,10.1145/3571218;9ee860120c8cafd15de5f7d13a4d62dc50682475,CS086,S206,,CS086,included,no,,0,title-screen,,,,Keyword score is prioritization only; it is not an eligibility or exclusion decision.
CG1308,doi:10.1145/3571231,20260731T091600Z-legacy-promotions-opencitations;20260731T091700Z-legacy-promotions-semanticscholar,A Compositional Theory of Linearizability,2023,2023-01-09,10.1145/3571231,,Proc. ACM Program. Lang.,opencitations;semanticscholar,10.1145/3571231;155a78999114ae9d972a31cad35876548b42562d,CS101,S221,,CS101,included,no,,0,title-screen,,,,Keyword score is prioritization only; it is not an eligibility or exclusion decision.
CG1311,doi:10.1145/3572848.3577508,20260731T091700Z-legacy-promotions-semanticscholar,Practically and Theoretically Efficient Garbage Collection for Multiversioning,2022,2022-12-27,10.1145/3572848.3577508,2212.13557,ACM SIGPLAN Symposium on Principles & Practice of Parallel Programming,semanticscholar,4911d4e7c3f85db5887faada0653ab2a059d8c6f,CS081,S201,,CS081,included,no,,0,title-screen,,,,Keyword score is prioritization only; it is not an eligibility or exclusion decision.
CG1312,doi:10.1145/3576915.3616602,20260731T091600Z-legacy-promotions-opencitations;20260731T091700Z-legacy-promotions-semanticscholar,"Formalizing, Verifying and Applying ISA Security Guarantees as Universal Contracts",2023,2023-11-15,10.1145/3576915.3616602,2306.05128,Conference on Computer and Communications Security,opencitations;semanticscholar,10.1145/3576915.3616602;7ac915b9dc813c2d15a07e0ddd627f773841849d,CS086,S206,,CS086,included,no,,0,title-screen,,,,Keyword score is prioritization only; it is not an eligibility or exclusion decision.
CG1313,doi:10.1145/3579370.3594766,20260731T091700Z-legacy-promotions-semanticscholar,TurboHash: A Hash Table for Key-value Store on Persistent Memory,2023,2023-06-05,10.1145/3579370.3594766,,Annual Haifa Experimental Systems Conference,semanticscholar,8742ee27b6b16c760333ebe129e39be01d3d25c5,CS081,S201,,CS081,included,no,,0,title-screen,,,,Keyword score is prioritization only; it is not an eligibility or exclusion decision.
CG1314,doi:10.1145/3580285,20260731T091600Z-legacy-promotions-opencitations,,,,10.1145/3580285,,,opencitations,10.1145/3580285,CS094,S214,CS094,,unknown-date,no,,0,manual-date-check,,,,Keyword score is prioritization only; it is not an eligibility or exclusion decision.
CG1317,doi:10.1145/3588913,20260731T091700Z-legacy-promotions-semanticscholar,MorphStream: Adaptive Scheduling for Scalable Transactional Stream Processing on Multicores,2023,2023-05-30,10.1145/3588913,,Proc. ACM Manag. Data,semanticscholar,ecb6a44bc5e70b1fe740e9da3a0cfd6eb68ac7ed,CS081,S201,,CS081,included,no,,0,title-screen,,,,Keyword score is prioritization only; it is not an eligibility or exclusion decision.
CG1318,doi:10.1145/3589260,20260731T091700Z-legacy-promotions-semanticscholar,ForestTI: A Scalable Inverted-Index-Oriented Timeseries Management System with Flexible Memory Efficiency,2023,2023-06-13,10.1145/3589260,,Proc. ACM Manag. Data,semanticscholar,0c8bb7e5943ddb3fe80e4a0391243c1915837bf8,CS081,S201,,CS081,included,no,,0,title-screen,,,,Keyword score is prioritization only; it is not an eligibility or exclusion decision.
CG1322,doi:10.1145/3591275,20260731T091600Z-legacy-promotions-opencitations;20260731T091700Z-legacy-promotions-semanticscholar,Beyond Backtracking: Connections in Fine-Grained Concurrent Separation Logic,2023,2023-06-06,10.1145/3591275,,Proc. ACM Program. Lang.,opencitations;semanticscholar,10.1145/3591275;8969c1f8e0d844a707747fcd45c06e76898b8736,CS086;CS087;CS089,S206;S207;S209,CS087,CS086;CS087;CS089,included,no,,0,title-screen,,,,Keyword score is prioritization only; it is not an eligibility or exclusion decision.
CG1323,doi:10.1145/3591284,20260731T091700Z-legacy-promotions-semanticscholar,Efficient Parallel Functional Programming with Effects,2023,2023-06-06,10.1145/3591284,,Proc. ACM Program. Lang.,semanticscholar,b26982bc0d4e9f97e1db601803af225624b5038b,CS081,S201,,CS081,included,no,,0,title-screen,,,,Keyword score is prioritization only; it is not an eligibility or exclusion decision.
CG1324,doi:10.1145/3591296,20260731T091600Z-legacy-promotions-opencitations;20260731T091700Z-legacy-promotions-semanticscholar,Embedding Hindsight Reasoning in Separation Logic,2023,2023-06-06,10.1145/3591296,2209.13692,Proc. ACM Program. Lang.,opencitations;semanticscholar,10.1145/3591296;2eb3bbbb20b8d7ff475eaee97c8ec172a7e7ca0a,CS089;CS097;CS101;CS103,S209;S217;S221;S223,,CS089;CS097;CS101;CS103,included,no,,0,title-screen,,,,Keyword score is prioritization only; it is not an eligibility or exclusion decision.
CG1326,doi:10.1145/3597635.3598027,20260731T091700Z-legacy-promotions-semanticscholar,Smarter Atomic Smart Pointers: Safe and Efficient Concurrent Memory Management (Abstract),2023,2023-07-18,10.1145/3597635.3598027,,HOPC@SPAA,semanticscholar,c5c682f06188a5e82ed05f2bf41712de2f8760b3,CS081,S201,,CS081,included,no,,0,title-screen,,,,Keyword score is prioritization only; it is not an eligibility or exclusion decision.
CG1327,doi:10.1145/360051.360224,20260731T091600Z-legacy-promotions-opencitations;20260731T091700Z-legacy-promotions-semanticscholar,Verifying properties of parallel programs: an axiomatic approach,1976,1976-05-01,10.1145/360051.360224,,CACM,opencitations;semanticscholar,10.1145/360051.360224;ea0d4425d50d63e0692ad2763ea6a8ff30fbd5a8,CS085;CS091;CS097;CS103,S205;S211;S217;S223,CS085;CS091;CS097;CS103,,included,no,,0,title-screen,,,,Keyword score is prioritization only; it is not an eligibility or exclusion decision.
CG1328,doi:10.1145/360204.360206,20260731T091700Z-legacy-promotions-semanticscholar,Verifying safety properties of concurrent Java programs using 3-valued logic,2001,,10.1145/360204.360206,,ACM-SIGACT Symposium on Principles of Programming Languages,semanticscholar,b90ddfbb9574e534d9427516ed524da90142f2fb,CS088,S208,CS088,,included,no,,0,title-screen,,,,Keyword score is prioritization only; it is not an eligibility or exclusion decision.
CG1330,doi:10.1145/360933.360975,20260731T091600Z-legacy-promotions-opencitations,,,,10.1145/360933.360975,,,opencitations,10.1145/360933.360975,CS085,S205,CS085,,unknown-date,no,,0,manual-date-check,,,,Keyword score is prioritization only; it is not an eligibility or exclusion decision.
CG1331,doi:10.1145/361082.361093,20260731T091700Z-legacy-promotions-semanticscholar,A new solution of Dijkstra's concurrent programming problem,1974,1974-08-01,10.1145/361082.361093,,Communications of the ACM,semanticscholar,b3fbde60725b61a179c591762b1d04c5f8510b8a,CS088,S208,CS088,,included,no,,0,title-screen,,,,Keyword score is prioritization only; it is not an eligibility or exclusion decision.
CG1332,doi:10.1145/361227.361234,20260731T091600Z-legacy-promotions-opencitations;20260731T091700Z-legacy-promotions-semanticscholar,Reduction: a method of proving properties of parallel programs,1975,1975-12-01,10.1145/361227.361234,,CACM,opencitations;semanticscholar,10.1145/361227.361234;41639c7e08244a4bea7987fce94f736691a019fd,CS084;CS091;CS098,S204;S211;S218,CS084;CS091;CS098,,included,no,,0,title-screen,,,,Keyword score is prioritization only; it is not an eligibility or exclusion decision.
CG1335,doi:10.1145/3626183.3659962,20260731T091700Z-legacy-promotions-semanticscholar,Multi Bucket Queues: Efficient Concurrent Priority Scheduling,2024,2024-06-17,10.1145/3626183.3659962,,ACM Symposium on Parallelism in Algorithms and Architectures,semanticscholar,0f8d258b268737df8e4681f8979e4a4b68b8705b,CS081,S201,,CS081,included,no,,0,title-screen,,,,Keyword score is prioritization only; it is not an eligibility or exclusion decision.
CG1336,doi:10.1145/3627535.3638469,20260731T091700Z-legacy-promotions-semanticscholar,POSTER: RELAX: Durable Data Structures with Swift Recovery,2024,2024-02-20,10.1145/3627535.3638469,,ACM SIGPLAN Symposium on Principles & Practice of Parallel Programming,semanticscholar,d4ac4d8bc5090ab0768b6a771e9df61d0770323d,CS081,S201,,CS081,included,no,,0,title-screen,,,,Keyword score is prioritization only; it is not an eligibility or exclusion decision.
CG1337,doi:10.1145/362759.362813,20260731T091600Z-legacy-promotions-opencitations;20260731T091700Z-legacy-promotions-semanticscholar,Concurrent control with “readers” and “writers”,1971,1971-10-01,10.1145/362759.362813,,CACM,opencitations;semanticscholar,10.1145/362759.362813;43aa639d8df2285bd805531889d1d5f49563c17d,CS086,S206,CS086,,included,no,,0,title-screen,,,,Keyword score is prioritization only; it is not an eligibility or exclusion decision.
CG1338,doi:10.1145/3632848,20260731T091600Z-legacy-promotions-opencitations;20260731T091700Z-legacy-promotions-semanticscholar,An Iris Instance for Verifying CompCert C Programs,2024,2024-01-05,10.1145/3632848,,Proc. ACM Program. Lang.,opencitations;semanticscholar,10.1145/3632848;9e0647e5819d708029800c107351dfd695978c1d,CS086,S206,,CS086,included,no,,0,title-screen,,,,Keyword score is prioritization only; it is not an eligibility or exclusion decision.
CG1339,doi:10.1145/3632853,20260731T091600Z-legacy-promotions-opencitations;20260731T091700Z-legacy-promotions-semanticscholar,DisLog: A Separation Logic for Disentanglement,2024,2024-01-05,10.1145/3632853,,Proc. ACM Program. Lang.,opencitations;semanticscholar,10.1145/3632853;4200f0d5abfed67635808771fed090b64af104b5,CS086;CS101,S206;S221,,CS086;CS101,included,no,,0,title-screen,,,,Keyword score is prioritization only; it is not an eligibility or exclusion decision.
CG1340,doi:10.1145/3632863,20260731T091600Z-legacy-promotions-opencitations;20260731T091700Z-legacy-promotions-semanticscholar,An Axiomatic Basis for Computer Programming on the Relaxed Arm-A Architecture: The AxSL Logic,2024,2024-01-05,10.1145/3632863,,Proc. ACM Program. Lang.,opencitations;semanticscholar,10.1145/3632863;f3c4f68ab6aa527ec1b99c451de6d3e8448462d0,CS106,S226,,CS106,included,no,,0,title-screen,,,,Keyword score is prioritization only; it is not an eligibility or exclusion decision.
CG1341,doi:10.1145/3632911,20260731T091600Z-legacy-promotions-opencitations;20260731T091700Z-legacy-promotions-semanticscholar,VST-A: A Foundationally Sound Annotation Verifier,2024,2024-01-05,10.1145/3632911,1909.00097,Proc. ACM Program. Lang.,opencitations;semanticscholar,10.1145/3632911;5e89f0f3b020385352d6064eacb6df01433ffea9,CS086,S206,,CS086,included,no,,0,title-screen,,,,Keyword score is prioritization only; it is not an eligibility or exclusion decision.
CG1345,doi:10.1145/3636501.3636940,20260731T091600Z-legacy-promotions-opencitations,,2024,2024-01-09,10.1145/3636501.3636940,,,opencitations,10.1145/3636501.3636940,CS103,S223,,CS103,included,no,,0,missing-title-manual-check,,,,Keyword score is prioritization only; it is not an eligibility or exclusion decision.
CG1346,doi:10.1145/3636501.3636944,20260731T091600Z-legacy-promotions-opencitations;20260731T091700Z-legacy-promotions-semanticscholar,Rooting for Efficiency: Mechanised Reasoning about Array-Based Trees in Separation Logic,2024,2024-01-09,10.1145/3636501.3636944,,Certified Programs and Proofs,opencitations;semanticscholar,10.1145/3636501.3636944;c4b61572bc6d45d0baa7fb313dc5076fb828510b,CS085,S205,,CS085,included,no,,0,title-screen,,,,Keyword score is prioritization only; it is not an eligibility or exclusion decision.
CG1347,doi:10.1145/3636501.3636950,20260731T091600Z-legacy-promotions-opencitations;20260731T091700Z-legacy-promotions-semanticscholar,Unification for Subformula Linking under Quantifiers,2024,2024-01-09,10.1145/3636501.3636950,,Certified Programs and Proofs,opencitations;semanticscholar,10.1145/3636501.3636950;aae0bd16aaf3cb6236bcbe5644e542b277215030,CS086;CS087,S206;S207,,CS086;CS087,included,no,,0,title-screen,,,,Keyword score is prioritization only; it is not an eligibility or exclusion decision.
CG1349,doi:10.1145/3643668,20260731T091600Z-legacy-promotions-opencitations,,2024,2024-01-27,10.1145/3643668,,,opencitations,10.1145/3643668,CS101,S221,,CS101,included,no,,0,missing-title-manual-check,,,,Keyword score is prioritization only; it is not an eligibility or exclusion decision.
CG1350,doi:10.1145/3649857,20260731T091700Z-legacy-promotions-semanticscholar,Scenario-Based Proofs for Concurrent Objects,2023,2023-01-13,10.1145/3649857,2301.05740,Proc. ACM Program. Lang.,semanticscholar,b16d591c678a33016af028c1dfa3fe996e2a93f7,CS097;CS099;CS100;CS102;CS103,S217;S219;S220;S222;S223,,CS097;CS099;CS100;CS102;CS103,included,no,,0,title-screen,,,,Keyword score is prioritization only; it is not an eligibility or exclusion decision.
CG1351,doi:10.1145/365559.365617,20260731T091600Z-legacy-promotions-opencitations,,,,10.1145/365559.365617,,,opencitations,10.1145/365559.365617,CS090,S210,CS090,,unknown-date,no,,0,manual-date-check,,,,Keyword score is prioritization only; it is not an eligibility or exclusion decision.
CG1353,doi:10.1145/3656398,20260731T091600Z-legacy-promotions-opencitations;20260731T091700Z-legacy-promotions-semanticscholar,The Functional Essence of Imperative Binary Search Trees,2024,2024-06-20,10.1145/3656398,,Proc. ACM Program. Lang.,opencitations;semanticscholar,10.1145/3656398;e62553fa6f49b221b1764ec02a0db7462c7b733d,CS086,S206,,CS086,included,no,,0,title-screen,,,,Keyword score is prioritization only; it is not an eligibility or exclusion decision.
CG1354,doi:10.1145/3664289,20260731T091700Z-legacy-promotions-semanticscholar,A Memory-Disaggregated Radix Tree,2024,2024-05-08,10.1145/3664289,,ACM Transactions on Storage,semanticscholar,409f2398f7bd9e1c4b1a8d94e565a01c037958d0,CS081,S201,,CS081,included,no,,0,title-screen,,,,Keyword score is prioritization only; it is not an eligibility or exclusion decision.
CG1355,doi:10.1145/3670684.3673408,20260731T091700Z-legacy-promotions-semanticscholar,Concurrent Immediate Reference Counting (Abstract),2024,2024-06-17,10.1145/3670684.3673408,,HOPC@SPAA,semanticscholar,d3de46ee884c3144e00339f6fe5404f76a4cc2f7,CS081,S201,,CS081,included,no,,0,title-screen,,,,Keyword score is prioritization only; it is not an eligibility or exclusion decision.
CG1356,doi:10.1145/3676641.3715994,20260731T091700Z-legacy-promotions-semanticscholar,Enabling Efficient Mobile Tracing with BTrace,2025,2025-03-30,10.1145/3676641.3715994,,International Conference on Architectural Support for Programming Languages and Operating Systems,semanticscholar,d0382eae010e42dda67290b34b1b711792643291,CS081,S201,,CS081,included,no,,0,title-screen,,,,Keyword score is prioritization only; it is not an eligibility or exclusion decision.
CG1357,doi:10.1145/3676954,20260731T091600Z-legacy-promotions-opencitations,,2024,2024-11-11,10.1145/3676954,,,opencitations,10.1145/3676954,CS101,S221,,CS101,included,no,,0,missing-title-manual-check,,,,Keyword score is prioritization only; it is not an eligibility or exclusion decision.
CG1358,doi:10.1145/3689755,20260731T091600Z-legacy-promotions-opencitations;20260731T091700Z-legacy-promotions-semanticscholar,Realistic Realizability: Specifying ABIs You Can Count On,2024,2024-10-08,10.1145/3689755,,Proc. ACM Program. Lang.,opencitations;semanticscholar,10.1145/3689755;a8f37a5fb6529a8df81fb46e621a453a632b9d2a,CS086,S206,,CS086,included,no,,0,title-screen,,,,Keyword score is prioritization only; it is not an eligibility or exclusion decision.
CG1359,doi:10.1145/3689775,20260731T091600Z-legacy-promotions-opencitations;20260731T091700Z-legacy-promotions-semanticscholar,Concurrent Data Structures Made Easy,2024,2024-10-08,10.1145/3689775,2408.13779,Proc. ACM Program. Lang.,opencitations;semanticscholar,10.1145/3689775;fecd7ee676347855ae0f9b6f3bf08e59a0033ce5,CS085;CS086;CS089,S205;S206;S209,,CS085;CS086;CS089,included,no,,0,title-screen,,,,Keyword score is prioritization only; it is not an eligibility or exclusion decision.
CG1360,doi:10.1145/3689781,20260731T091600Z-legacy-promotions-opencitations;20260731T091700Z-legacy-promotions-semanticscholar,Semantics of Remote Direct Memory Access: Operational and Declarative Models of RDMA on TSO Architectures,2024,2024-10-08,10.1145/3689781,,Proc. ACM Program. Lang.,opencitations;semanticscholar,10.1145/3689781;913dfb1a41cf5774a9a02a3bb8155fc7de17c9bb,CS106,S226,,CS106,included,no,,0,title-screen,,,,Keyword score is prioritization only; it is not an eligibility or exclusion decision.
CG1362,doi:10.1145/3703595.3705890,20260731T091600Z-legacy-promotions-opencitations;20260731T091700Z-legacy-promotions-semanticscholar,Monadic Interpreters for Concurrent Memory Models: Executable Semantics of a Concurrent Subset of LLVM IR,2025,2025-01-10,10.1145/3703595.3705890,,Certified Programs and Proofs,opencitations;semanticscholar,10.1145/3703595.3705890;b7b00faa3c3b60e8f9f21d1883b00e22d428d64d,CS106,S226,,CS106,included,no,,0,title-screen,,,,Keyword score is prioritization only; it is not an eligibility or exclusion decision.
CG1363,doi:10.1145/3704847,20260731T091600Z-legacy-promotions-opencitations;20260731T091700Z-legacy-promotions-semanticscholar,Program Logics à la Carte,2025,2025-01-07,10.1145/3704847,,Proc. ACM Program. Lang.,opencitations;semanticscholar,10.1145/3704847;7700c799e7a7eab4ddd85ff6391e00099703331c,CS101,S221,,CS101,included,no,,0,title-screen,,,,Keyword score is prioritization only; it is not an eligibility or exclusion decision.
CG1364,doi:10.1145/3704879,20260731T091600Z-legacy-promotions-opencitations;20260731T091700Z-legacy-promotions-semanticscholar,Fulminate: Testing CN Separation-Logic Specifications in C,2025,2025-01-07,10.1145/3704879,,Proc. ACM Program. Lang.,opencitations;semanticscholar,10.1145/3704879;3716558f36bd2d72f9b7b34b3a01d4920519b921,CS085,S205,,CS085,included,no,,0,title-screen,,,,Keyword score is prioritization only; it is not an eligibility or exclusion decision.
CG1365,doi:10.1145/3704903,20260731T091600Z-legacy-promotions-opencitations;20260731T091700Z-legacy-promotions-semanticscholar,"Generically Automating Separation Logic by Functors, Homomorphisms, and Modules",2025,2025-01-07,10.1145/3704903,2411.06094,Proc. ACM Program. Lang.,opencitations;semanticscholar,10.1145/3704903;b98e04c118178ffed9ab4a610646dea133f1e603,CS086,S206,,CS086,included,no,,0,title-screen,,,,Keyword score is prioritization only; it is not an eligibility or exclusion decision.
CG1369,doi:10.1145/3715162,20260731T091600Z-legacy-promotions-opencitations;20260731T091700Z-legacy-promotions-semanticscholar,Canonical Automata for Persistent Linearizability - A Corrigendum,2025,2025-01-31,10.1145/3715162,,Formal Aspects Comput.,opencitations;semanticscholar,10.1145/3715162;bdb3322061b3378878e92148b0db4395b12faf82,CS105,S225,,CS105,included,no,,0,title-screen,,,,Keyword score is prioritization only; it is not an eligibility or exclusion decision.
CG1370,doi:10.1145/3716312,20260731T091600Z-legacy-promotions-opencitations;20260731T091700Z-legacy-promotions-semanticscholar,Will It Fit? Verifying Heap Space Bounds of Concurrent Programs under Garbage Collection,2025,2025-02-10,10.1145/3716312,,ACM Transactions on Programming Languages and Systems,opencitations;semanticscholar,10.1145/3716312;9c4ed4611c94601635cfa30736fc28f8bd35b69c,CS086;CS101,S206;S221,,CS086;CS101,included,no,,0,title-screen,,,,Keyword score is prioritization only; it is not an eligibility or exclusion decision.
CG1371,doi:10.1145/3720504,20260731T091600Z-legacy-promotions-opencitations;20260731T091700Z-legacy-promotions-semanticscholar,Checking Observational Correctness of Database Systems,2025,2025-04-09,10.1145/3720504,,Proc. ACM Program. Lang.,opencitations;semanticscholar,10.1145/3720504;8e351e69fa979c4de3f4534211b50b4052a44218,CS082,S202,,CS082,included,no,,0,title-screen,,,,Keyword score is prioritization only; it is not an eligibility or exclusion decision.
CG1375,doi:10.1145/3729284,20260731T091600Z-legacy-promotions-opencitations;20260731T091700Z-legacy-promotions-semanticscholar,Destabilizing Iris,2025,2025-06-10,10.1145/3729284,,Proc. ACM Program. Lang.,opencitations;semanticscholar,10.1145/3729284;409a4c40fa1be9817b116f33a3f5c85900475c35,CS086,S206,,CS086,included,no,,0,title-screen,,,,Keyword score is prioritization only; it is not an eligibility or exclusion decision.
CG1376,doi:10.1145/3729328,20260731T091600Z-legacy-promotions-opencitations;20260731T091700Z-legacy-promotions-semanticscholar,Efficient Linearizability Monitoring,2025,2025-06-10,10.1145/3729328,2509.17795,Proc. ACM Program. Lang.,opencitations;semanticscholar,10.1145/3729328;5d08ccd4d3e344c78a9a0f91f7eed4836a7c8f19,CS085;CS100;CS102,S205;S220;S222,,CS085;CS100;CS102,included,no,,0,title-screen,,,,Keyword score is prioritization only; it is not an eligibility or exclusion decision.
CG1377,doi:10.1145/3731569.3764794,20260731T091700Z-legacy-promotions-semanticscholar,Rearchitecting the Thread Model of In-Memory Key-Value Stores with μTPS,2025,2025-10-12,10.1145/3731569.3764794,,Symposium on Operating Systems Principles,semanticscholar,eb92b1abac78708ea5ab6bb0cd13eaf269149127,CS081,S201,,CS081,included,no,,0,title-screen,,,,Keyword score is prioritization only; it is not an eligibility or exclusion decision.
CG1378,doi:10.1145/373243.360206,20260731T091600Z-legacy-promotions-opencitations,,,,10.1145/373243.360206,,,opencitations,10.1145/373243.360206,CS096;CS097,S216;S217,CS096;CS097,,unknown-date,no,,0,manual-date-check,,,,Keyword score is prioritization only; it is not an eligibility or exclusion decision.
CG1379,doi:10.1145/3743642.3743650,20260731T091700Z-legacy-promotions-semanticscholar,Modular Baskets Queue,2022,2022-05-12,10.1145/3743642.3743650,2205.06323,ApPLIED,semanticscholar,84a2fd9b38c8dafb9d70f5ad3d2ced41d19ae14a,CS081,S201,,CS081,included,no,,0,title-screen,,,,Keyword score is prioritization only; it is not an eligibility or exclusion decision.
CG1381,doi:10.1145/3747510,20260731T091600Z-legacy-promotions-opencitations;20260731T091700Z-legacy-promotions-semanticscholar,Verifying Graph Algorithms in Separation Logic: A Case for an Algebraic Approach,2025,2025-08-05,10.1145/3747510,2501.13603,Proc. ACM Program. Lang.,opencitations;semanticscholar,10.1145/3747510;9684f0739d6863ffd8fcddf0d6335a9ad9e22275,CS085;CS103,S205;S223,,CS085;CS103,included,no,,0,title-screen,,,,Keyword score is prioritization only; it is not an eligibility or exclusion decision.
CG1382,doi:10.1145/3764862.3768179,20260731T091700Z-legacy-promotions-semanticscholar,Tidying Up the Address Space,2025,2025-10-13,10.1145/3764862.3768179,2510.19765,DIMES@SOSP,semanticscholar,32c37b572376e469d0f288133beffa5f2f0f4240,CS081,S201,,CS081,included,no,,0,title-screen,,,,Keyword score is prioritization only; it is not an eligibility or exclusion decision.
CG1384,doi:10.1145/3774934.3786437,20260731T091700Z-legacy-promotions-semanticscholar,Concurrent Balanced Augmented Trees,2026,2026-01-08,10.1145/3774934.3786437,2601.05225,ACM SIGPLAN Symposium on Principles & Practice of Parallel Programming,semanticscholar,ae53f6094b65b4a0e7c3206d32c002fd833e5655,CS081,S201,,CS081,included,no,,0,title-screen,,,,Keyword score is prioritization only; it is not an eligibility or exclusion decision.
CG1386,doi:10.1145/3776650,20260731T091600Z-legacy-promotions-opencitations;20260731T091700Z-legacy-promotions-semanticscholar,ArchSem: Reusable Rigorous Semantics of Relaxed Architectures,2026,2026-01-08,10.1145/3776650,,Proc. ACM Program. Lang.,opencitations;semanticscholar,10.1145/3776650;dc6c791a45e42232f0ef53ebfdfbbc25bb3d50ba,CS106,S226,,CS106,included,no,,0,title-screen,,,,Keyword score is prioritization only; it is not an eligibility or exclusion decision.
CG1388,doi:10.1145/3776719,20260731T091600Z-legacy-promotions-opencitations;20260731T091700Z-legacy-promotions-semanticscholar,Foundational Multi-Modal Program Verifiers,2026,2026-01-08,10.1145/3776719,,Proc. ACM Program. Lang.,opencitations;semanticscholar,10.1145/3776719;c7bec9cdc428d1b959027eba590111233b88cc29,CS085,S205,,CS085,included,no,,0,title-screen,,,,Keyword score is prioritization only; it is not an eligibility or exclusion decision.
CG1391,doi:10.1145/378580.378605,20260731T091700Z-legacy-promotions-semanticscholar,Room synchronizations,2001,2001-07-03,10.1145/378580.378605,,ACM Symposium on Parallelism in Algorithms and Architectures,semanticscholar,0ca229dc139860defcfca820bd577b3e642ff994,CS088,S208,CS088,,included,no,,0,title-screen,,,,Keyword score is prioritization only; it is not an eligibility or exclusion decision.
CG1392,doi:10.1145/3786762,20260731T091600Z-legacy-promotions-opencitations;20260731T091700Z-legacy-promotions-semanticscholar,An Axiomatic Basis for Computer Programming on Relaxed Hardware Architectures: The AxSL Logics,2026,2026-01-19,10.1145/3786762,,ACM Transactions on Programming Languages and Systems,opencitations;semanticscholar,10.1145/3786762;375a9faf0c364a8075248e5bcf68cc1294dac24d,CS106,S226,,CS106,included,no,,0,title-screen,,,,Keyword score is prioritization only; it is not an eligibility or exclusion decision.
CG1393,doi:10.1145/378795.378851,20260731T091700Z-legacy-promotions-semanticscholar,The pointer assertion logic engine,2000,2000-06-09,10.1145/378795.378851,,ACM-SIGPLAN Symposium on Programming Language Design and Implementation,semanticscholar,1442c43a70e47a004c62796e510cccecc4898562,CS088,S208,CS088,,included,no,,0,title-screen,,,,Keyword score is prioritization only; it is not an eligibility or exclusion decision.
CG1394,doi:10.1145/3788687,20260731T091700Z-legacy-promotions-semanticscholar,An Introduction to Input/Output Automata,1989,1989-09-01,10.1145/3788687,,Formal Aspects of Computing,semanticscholar,5b14af1980deededb31db635da140297a979d6d5,CS091,S211,CS091,,included,no,,0,title-screen,,,,Keyword score is prioritization only; it is not an eligibility or exclusion decision.
CG1396,doi:10.1145/3801150,20260731T091700Z-legacy-promotions-semanticscholar,Reasoning about expression evaluation under interference,2024,2024-09-12,10.1145/3801150,2409.07741,Formal Aspects of Computing,semanticscholar,6636b42d1630c0a7265044e83a541e102fbcf2c1,CS089,S209,,CS089,included,no,,0,title-screen,,,,Keyword score is prioritization only; it is not an eligibility or exclusion decision.
CG1397,doi:10.1145/3808278,20260731T091700Z-legacy-promotions-semanticscholar,Code-Specify-Test-Debug-Prove: Flexibly Integrating Separation Logic Specification into Conventional Workflows,2025,2025-06-08,10.1145/3808278,,Proceedings of the ACM on Programming Languages,semanticscholar,6541c7c53eb6cb7a6e0d1533c7a545aab933f8c4,CS085,S205,,CS085,included,no,,0,title-screen,,,,Keyword score is prioritization only; it is not an eligibility or exclusion decision.
CG1398,doi:10.1145/41625.41627,20260731T091600Z-legacy-promotions-opencitations;20260731T091700Z-legacy-promotions-semanticscholar,Axioms for concurrent objects,1987,1987-10-01,10.1145/41625.41627,,ACM-SIGACT Symposium on Principles of Programming Languages,opencitations;semanticscholar,10.1145/41625.41627;b8f530312698a4d2053815b2d5a25d6cee5933c3,CS084;CS088,S204;S208,CS084;CS088,,included,no,,0,title-screen,,,,Keyword score is prioritization only; it is not an eligibility or exclusion decision.
CG1400,doi:10.1145/503272.503291,20260731T091600Z-legacy-promotions-opencitations,,,,10.1145/503272.503291,,,opencitations,10.1145/503272.503291,CS097,S217,CS097,,unknown-date,no,,0,manual-date-check,,,,Keyword score is prioritization only; it is not an eligibility or exclusion decision.
CG1401,doi:10.1145/512950.512973,20260731T091600Z-legacy-promotions-opencitations;20260731T091700Z-legacy-promotions-semanticscholar,Abstract interpretation: a unified lattice model for static analysis of programs by construction or approximation of fixpoints,1977,1977-01-01,10.1145/512950.512973,,ACM-SIGACT Symposium on Principles of Programming Languages,opencitations;semanticscholar,10.1145/512950.512973;5fbf739032dd548c1ff189e7333f05e215906a1b,CS088;CS102,S208;S222,CS088;CS102,,included,no,,0,title-screen,,,,Keyword score is prioritization only; it is not an eligibility or exclusion decision.
CG1402,doi:10.1145/514188.514190,20260731T091600Z-legacy-promotions-opencitations,,,,10.1145/514188.514190,,,opencitations,10.1145/514188.514190,CS096;CS097,S216;S217,CS096;CS097,,unknown-date,no,,0,manual-date-check,,,,Keyword score is prioritization only; it is not an eligibility or exclusion decision.
CG1403,doi:10.1145/567067.567073,20260731T091700Z-legacy-promotions-semanticscholar,Verifying reachability invariants of linked structures,1983,1983-01-24,10.1145/567067.567073,,ACM-SIGACT Symposium on Principles of Programming Languages,semanticscholar,1814a7b5c037573b9c9ff05ffaf5798a765eb307,CS088,S208,CS088,,included,no,,0,title-screen,,,,Keyword score is prioritization only; it is not an eligibility or exclusion decision.
CG1404,doi:10.1145/568014.379566,20260731T091700Z-legacy-promotions-semanticscholar,Scalable queue-based spin locks with timeout,2001,2001-06-18,10.1145/568014.379566,,ACM SIGPLAN Symposium on Principles & Practice of Parallel Programming,semanticscholar,8616d2a0b6685470445c575570443f2ba3ed202b,CS088,S208,CS088,,included,no,,0,title-screen,,,,Keyword score is prioritization only; it is not an eligibility or exclusion decision.
CG1405,doi:10.1145/571825.571829,20260731T091600Z-legacy-promotions-opencitations,,,,10.1145/571825.571829,,,opencitations,10.1145/571825.571829,CS094,S214,CS094,,unknown-date,no,,0,manual-date-check,,,,Keyword score is prioritization only; it is not an eligibility or exclusion decision.
CG1408,doi:10.1145/69575.69577,20260731T091600Z-legacy-promotions-opencitations;20260731T091700Z-legacy-promotions-semanticscholar,Tentative steps toward a development method for interfering programs,1983,1983-10-01,10.1145/69575.69577,,ACM Transactions on Programming Languages and Systems,opencitations;semanticscholar,10.1145/69575.69577;2215579116cbca9e3a02e7490545f8f1045e6433,CS085;CS090;CS091;CS101,S205;S210;S211;S221,CS085;CS090;CS091;CS101,,included,no,,0,title-screen,,,,Keyword score is prioritization only; it is not an eligibility or exclusion decision.
CG1409,doi:10.1145/70082.68188,20260731T091700Z-legacy-promotions-semanticscholar,Efficient synchronization primitives for large-scale cache-coherent multiprocessors,1989,1989-04-01,10.1145/70082.68188,,ASPLOS III,semanticscholar,62f06de9fd7d3a51c52ed3ebbe185b194c3acc61,CS088,S208,CS088,,included,no,,0,title-screen,,,,Keyword score is prioritization only; it is not an eligibility or exclusion decision.
CG1410,doi:10.1145/74925.74970,20260731T091700Z-legacy-promotions-semanticscholar,Adaptive Backoff Synchronization Techniques,1989,1989-04-01,10.1145/74925.74970,,The 16th Annual International Symposium on Computer Architecture,semanticscholar,02c93d05b450039c87158d9e5c9ddfba836b43e0,CS088,S208,CS088,,included,no,,0,title-screen,,,,Keyword score is prioritization only; it is not an eligibility or exclusion decision.
CG1411,doi:10.1145/78969.78972,20260731T091600Z-legacy-promotions-opencitations;20260731T091700Z-legacy-promotions-semanticscholar,Linearizability: a correctness condition for concurrent objects,1990,1990-07-01,10.1145/78969.78972,,ACM Transactions on Programming Languages and Systems,opencitations;semanticscholar,10.1145/78969.78972;8acb61984986540cda5d7da2a9cff819b245751f,CS078;CS079;CS080;CS082;CS083;CS084;CS085;CS087;CS088;CS090;CS091;CS092;CS093;CS096;CS097;CS098;CS099;CS100;CS102;CS103;CS104;CS105,S198;S199;S200;S202;S203;S204;S205;S207;S208;S210;S211;S212;S213;S216;S217;S218;S219;S220;S222;S223;S224;S225,CS078;CS079;CS080;CS082;CS083;CS084;CS085;CS087;CS088;CS090;CS091;CS092;CS093;CS096;CS097;CS098;CS099;CS100;CS102;CS103;CS104;CS105,,included,no,,0,title-screen,,,,Keyword score is prioritization only; it is not an eligibility or exclusion decision.
CG1412,doi:10.1145/78973.78977,20260731T091700Z-legacy-promotions-semanticscholar,Skip lists: a probabilistic alternative to balanced trees,1989,1989-08-17,10.1145/78973.78977,,CACM,semanticscholar,24ffe3fcc8f88dc644785401669da69364918a11,CS088,S208,CS088,,included,no,,0,title-screen,,,,Keyword score is prioritization only; it is not an eligibility or exclusion decision.
CG1413,doi:10.1145/872035.872048,20260731T091700Z-legacy-promotions-semanticscholar,Software transactional memory for dynamic-sized data structures,2003,2003-07-13,10.1145/872035.872048,,ACM SIGACT-SIGOPS Symposium on Principles of Distributed Computing,semanticscholar,15bd6b8fef588739a3ebd7bd62a07e48270422bb,CS088,S208,CS088,,included,no,,0,title-screen,,,,Keyword score is prioritization only; it is not an eligibility or exclusion decision.
CG1415,doi:10.1145/97444.97701,20260731T091600Z-legacy-promotions-opencitations,,,,10.1145/97444.97701,,,opencitations,10.1145/97444.97701,CS080,S200,CS080,,unknown-date,no,,0,manual-date-check,,,,Keyword score is prioritization only; it is not an eligibility or exclusion decision.
CG1416,doi:10.1145/996841.996844,20260731T091600Z-legacy-promotions-opencitations,,,,10.1145/996841.996844,,,opencitations,10.1145/996841.996844,CS097,S217,CS097,,unknown-date,no,,0,manual-date-check,,,,Keyword score is prioritization only; it is not an eligibility or exclusion decision.
CG1417,doi:10.1145/996841.996846,20260731T091600Z-legacy-promotions-opencitations,,,,10.1145/996841.996846,,,opencitations,10.1145/996841.996846,CS096;CS097,S216;S217,CS096;CS097,,unknown-date,no,,0,manual-date-check,,,,Keyword score is prioritization only; it is not an eligibility or exclusion decision.
CG1418,doi:10.11591/ijeecs.v17.i2.pp1109-1116,20260731T091700Z-legacy-promotions-semanticscholar,Cloud computing based load balancing algorithm for erlang concurrent traffic,2020,2020-02-01,10.11591/ijeecs.v17.i2.pp1109-1116,,Indonesian Journal of Electrical Engineering and Computer Science,semanticscholar,7cfe8d8a8ce63288bfdab0243bb15bc423addc60,CS085,S205,,CS085,included,no,,0,title-screen,,,,Keyword score is prioritization only; it is not an eligibility or exclusion decision.
CG1419,doi:10.1177/1094342007078442,20260731T091700Z-legacy-promotions-semanticscholar,Parallel Programmability and the Chapel Language,2007,2007-08-01,10.1177/1094342007078442,,The international journal of high performance computing applications,semanticscholar,24f093129e03eb7e8911d9556d70d90153e81584,CS081,S201,,CS081,included,no,,0,title-screen,,,,Keyword score is prioritization only; it is not an eligibility or exclusion decision.
CG1420,doi:10.1201/9781420035179.ch47,20260731T091700Z-legacy-promotions-semanticscholar,Concurrent Data Structures,2004,,10.1201/9781420035179.ch47,,Handbook of Data Structures and Applications,semanticscholar,ad37bff7175f6af0448511580196307a3e21275c,CS081;CS088,S201;S208,CS088,CS081,included,no,,0,title-screen,,,,Keyword score is prioritization only; it is not an eligibility or exclusion decision.
CG1421,doi:10.1201/b10472-5,20260731T091700Z-legacy-promotions-semanticscholar,Stabilizing Read‚ÄìWrite Throughput of Transactional Memory for Contention Management,2010,2010-12-13,10.1201/b10472-5,,,semanticscholar,2176b89fa5e5479a888a0c2bc1ba68aef4043036,CS081,S201,,CS081,included,no,,0,title-screen,,,,Keyword score is prioritization only; it is not an eligibility or exclusion decision.
CG1422,doi:10.1201/b16812-19,20260731T091700Z-legacy-promotions-semanticscholar,Distributed Algorithms,2014,,10.1201/b16812-19,,"Computing Handbook, 3rd ed.",semanticscholar,f2b4fca846f20dea05b94da057d50fa821ecb333,CS105,S225,CS105,,included,no,,0,title-screen,,,,Keyword score is prioritization only; it is not an eligibility or exclusion decision.
CG1423,doi:10.12677/sea.2020.91003,20260731T091700Z-legacy-promotions-semanticscholar,Tactics for Proving Separation Logic Assertions in Coq,2020,,10.12677/sea.2020.91003,,Software Engineering and Applications,semanticscholar,c22e891515aa823224026c4c0281ff954baed843,CS085,S205,,CS085,included,no,,0,title-screen,,,,Keyword score is prioritization only; it is not an eligibility or exclusion decision.
CG1425,doi:10.14279/tuj.eceasst.66.889,20260731T091600Z-legacy-promotions-opencitations,,2014,2014-02-10,10.14279/tuj.eceasst.66.889,,,opencitations,10.14279/tuj.eceasst.66.889,CS100,S220,,CS100,included,no,,0,missing-title-manual-check,,,,Keyword score is prioritization only; it is not an eligibility or exclusion decision.
CG1426,doi:10.14778/3007263.3007278,20260731T091700Z-legacy-promotions-semanticscholar,"Nitro: A Fast, Scalable In-Memory Storage Engine for NoSQL Global Secondary Index",2016,2016-09-01,10.14778/3007263.3007278,,Proceedings of the VLDB Endowment,semanticscholar,bc78a9bedbce83509b7a6f49b57797b17aba80f4,CS081,S201,,CS081,included,no,,0,title-screen,,,,Keyword score is prioritization only; it is not an eligibility or exclusion decision.
CG1427,doi:10.14778/3389133.3389134,20260731T091700Z-legacy-promotions-semanticscholar,Dash,2020,2020-03-16,10.14778/3389133.3389134,2003.07302,Proceedings of the VLDB Endowment,semanticscholar,93bf057a739f4babcb867581b756dc6e3663e8e0,CS081,S201,,CS081,included,no,,0,title-screen,,,,Keyword score is prioritization only; it is not an eligibility or exclusion decision.
CG1428,doi:10.14778/3397230.3397232,20260731T091700Z-legacy-promotions-semanticscholar,HydraList,2020,2020-05-01,10.14778/3397230.3397232,,Proceedings of the VLDB Endowment,semanticscholar,e183c370a4d3b4d2bea292e59477fa1a3504307f,CS081,S201,,CS081,included,no,,0,title-screen,,,,Keyword score is prioritization only; it is not an eligibility or exclusion decision.
CG1429,doi:10.14778/3407790.3407850,20260731T091700Z-legacy-promotions-semanticscholar,uTree,2020,2020-07-01,10.14778/3407790.3407850,,Proceedings of the VLDB Endowment,semanticscholar,6814ddfb61b282462e0cc96e1d391d463aaeafb2,CS081,S201,,CS081,included,no,,0,title-screen,,,,Keyword score is prioritization only; it is not an eligibility or exclusion decision.
CG1430,doi:10.14778/3436905.3436921,20260731T091700Z-legacy-promotions-semanticscholar,Understanding the Idiosyncrasies of Real Persistent Memory,2020,2020-12-01,10.14778/3436905.3436921,,Proceedings of the VLDB Endowment,semanticscholar,9144615b40446c9cdd0949092344dd71ef540f5a,CS081,S201,,CS081,included,no,,0,title-screen,,,,Keyword score is prioritization only; it is not an eligibility or exclusion decision.
CG1431,doi:10.14778/3447689.3447710,20260731T091700Z-legacy-promotions-semanticscholar,Heracles: An Efficient Storage Model And Data Flushing For Performance Monitoring Timeseries,2021,2021-02-01,10.14778/3447689.3447710,,Proceedings of the VLDB Endowment,semanticscholar,4a70a739e565f477b06c1b5dc4adf6e7e5300ce1,CS081,S201,,CS081,included,no,,0,title-screen,,,,Keyword score is prioritization only; it is not an eligibility or exclusion decision.
CG1432,doi:10.14778/3457390.3457406,20260731T091700Z-legacy-promotions-semanticscholar,Achieving High Throughput and Elasticity in a Larger-than-Memory Store,2020,2020-06-05,10.14778/3457390.3457406,2006.03206,Proceedings of the VLDB Endowment,semanticscholar,f76fdb9f092512e2aca0628d949fce2c0ede8f22,CS081,S201,,CS081,included,no,,0,title-screen,,,,Keyword score is prioritization only; it is not an eligibility or exclusion decision.
CG1433,doi:10.14778/3467861.3467875,20260731T091700Z-legacy-promotions-semanticscholar,Revisiting the Design of LSM-tree Based OLTP Storage Engine with Persistent Memory,2021,2021-06-01,10.14778/3467861.3467875,,Proceedings of the VLDB Endowment,semanticscholar,a876929b2084b24ad60085cc54f85e378c3d9d08,CS081,S201,,CS081,included,no,,0,title-screen,,,,Keyword score is prioritization only; it is not an eligibility or exclusion decision.
CG1434,doi:10.14778/3494124.3494141,20260731T091700Z-legacy-promotions-semanticscholar,APEX: A High-Performance Learned Index on Persistent Memory,2021,2021-05-03,10.14778/3494124.3494141,2105.00683,Proceedings of the VLDB Endowment,semanticscholar,511576e097b8d532e231383ad124369d1933c251,CS081,S201,,CS081,included,no,,0,title-screen,,,,Keyword score is prioritization only; it is not an eligibility or exclusion decision.
CG1436,doi:10.14778/3551793.3551808,20260731T091700Z-legacy-promotions-semanticscholar,Evaluating Persistent Memory Range Indexes: Part Two,2022,2022-01-31,10.14778/3551793.3551808,2201.13047,Proceedings of the VLDB Endowment,semanticscholar,8e240a04998f4eef94d3bf5dc23f77c4a4e85477,CS081,S201,,CS081,included,no,,0,title-screen,,,,Keyword score is prioritization only; it is not an eligibility or exclusion decision.
CG1437,doi:10.14778/3551793.3551848,20260731T091700Z-legacy-promotions-semanticscholar,Are Updatable Learned Indexes Ready?,2022,2022-07-01,10.14778/3551793.3551848,2207.02900,Proceedings of the VLDB Endowment,semanticscholar,84eaef2c9e6263d27e25aa67096ff365e6c267b0,CS081,S201,,CS081,included,no,,0,title-screen,,,,Keyword score is prioritization only; it is not an eligibility or exclusion decision.
CG1438,doi:10.14778/3579075.3579077,20260731T091700Z-legacy-promotions-semanticscholar,PetPS: Supporting Huge Embedding Models with Persistent Memory,2023,2023-01-01,10.14778/3579075.3579077,,Proceedings of the VLDB Endowment,semanticscholar,1cbca7f7292ac4e31b3d479dbf34661866098490,CS081,S201,,CS081,included,no,,0,title-screen,,,,Keyword score is prioritization only; it is not an eligibility or exclusion decision.
CG1439,doi:10.1504/ijseta.2015.067524,20260731T091700Z-legacy-promotions-semanticscholar,Design and application of distributed containers in a CPS software control library,2015,2015-02-20,10.1504/ijseta.2015.067524,,,semanticscholar,36599003c0a86f71e804afd5053f0bafa5a5d6b6,CS081,S201,,CS081,included,no,,0,title-screen,,,,Keyword score is prioritization only; it is not an eligibility or exclusion decision.
CG1440,doi:10.15480/882.1240,20260731T091700Z-legacy-promotions-semanticscholar,Cloned Transactions: A New Execution Concept for Transactional Memory,2015,,10.15480/882.1240,,,semanticscholar,6d67e35a14fd449237dd8e515a8fe405a6d5e8aa,CS081,S201,,CS081,included,no,,0,title-screen,,,,Keyword score is prioritization only; it is not an eligibility or exclusion decision.
CG1441,doi:10.1561/2500000041,20260731T091600Z-legacy-promotions-opencitations,,,,10.1561/2500000041,,,opencitations,10.1561/2500000041,CS084;CS104,S204;S224,CS104,CS084,unknown-date,no,,0,manual-date-check,,,,Keyword score is prioritization only; it is not an eligibility or exclusion decision.
CG1443,doi:10.1561/9781680835953,20260731T091600Z-legacy-promotions-opencitations,,2019,2019,10.1561/9781680835953,,,opencitations,10.1561/9781680835953,CS085,S205,,CS085,included,no,,0,missing-title-manual-check,,,,Keyword score is prioritization only; it is not an eligibility or exclusion decision.
CG1444,doi:10.15760/etd.114,20260731T091700Z-legacy-promotions-semanticscholar,Extending relativistic programming to multiple writers,2012,,10.15760/etd.114,,,semanticscholar,d85ab3f43500f5ee839178149cbc227757f90461,CS081,S201,,CS081,included,no,,0,title-screen,,,,Keyword score is prioritization only; it is not an eligibility or exclusion decision.
CG1447,doi:10.20381/ruor-20732,20260731T091700Z-legacy-promotions-semanticscholar,"Facilitating the Representation of Composite Structure, Active objects, Code Generation, and Software Component Descriptions in the Umple Model-Oriented Programming Language",2017,,10.20381/ruor-20732,,,semanticscholar,6dc3fcd94aa7c8cf73c108f0d263ae846da10c7f,CS101,S221,,CS101,included,no,,0,title-screen,,,,Keyword score is prioritization only; it is not an eligibility or exclusion decision.
CG1449,doi:10.20868/upm.thesis.47796,20260731T091700Z-legacy-promotions-semanticscholar,Hoare-style Reasoning with Higher-order Control: Continuations and Concurrency,2017,,10.20868/upm.thesis.47796,,,semanticscholar,06bcdf5f8c44f3878e43e272bb934bf4abb3956e,CS085;CS089;CS101;CS103;CS105,S205;S209;S221;S223;S225,,CS085;CS089;CS101;CS103;CS105,included,no,,0,title-screen,,,,Keyword score is prioritization only; it is not an eligibility or exclusion decision.
CG1450,doi:10.2168/lmcs-11(1:20)2015,20260731T091600Z-legacy-promotions-opencitations;20260731T091700Z-legacy-promotions-semanticscholar,Aspect-Oriented Linearizability Proofs,2015,2015-04-01,10.2168/lmcs-11(1:20)2015,1502.07639,International Conference on Concurrency Theory,opencitations;semanticscholar,10.2168/lmcs-11(1:20)2015;f768749eaeaa287684d307f638e8a766fcaa703e,CS082;CS087;CS099;CS100;CS102;CS105,S202;S207;S219;S220;S222;S225,CS087,CS082;CS099;CS100;CS102;CS105,included,no,,0,title-screen,,,,Keyword score is prioritization only; it is not an eligibility or exclusion decision.
CG1451,doi:10.2168/lmcs-11(3:19)2015,20260731T091700Z-legacy-promotions-semanticscholar,Featherweight VeriFast,2015,2015-07-28,10.2168/lmcs-11(3:19)2015,1507.07697,Log. Methods Comput. Sci.,semanticscholar,f523e3dae03bd7de70d6df19bbeaaaa350a181e5,CS100,S220,,CS100,included,no,,0,title-screen,,,,Keyword score is prioritization only; it is not an eligibility or exclusion decision.
CG1452,doi:10.2168/lmcs-8(3:1)2012,20260731T091700Z-legacy-promotions-semanticscholar,The Relationship between Separation Logic and Implicit Dynamic Frames,2011,2011-03-26,10.2168/lmcs-8(3:1)2012,1203.6859,European Symposium on Programming,semanticscholar,9a6a2b3f203ca0dad6093caf3f1793d85915fb5a,CS087,S207,CS087,,included,no,,0,title-screen,,,,Keyword score is prioritization only; it is not an eligibility or exclusion decision.
CG1453,doi:10.2168/lmcs-8(3:10)2012,20260731T091600Z-legacy-promotions-opencitations,,2012,2012-08-13,10.2168/lmcs-8(3:10)2012,,,opencitations,10.2168/lmcs-8(3:10)2012,CS090,S210,,CS090,included,no,,0,missing-title-manual-check,,,,Keyword score is prioritization only; it is not an eligibility or exclusion decision.
CG1454,doi:10.2168/lmcs-9(3:12)2013,20260731T091700Z-legacy-promotions-semanticscholar,Linearizability with Ownership Transfer,2012,2012-09-04,10.2168/lmcs-9(3:12)2013,1308.2507,International Conference on Concurrency Theory,semanticscholar,ca8144de87dfe8e03315e49b89cf024e5bdf78f8,CS079;CS089;CS100;CS103,S199;S209;S220;S223,CS103,CS079;CS089;CS100,included,no,,0,title-screen,,,,Keyword score is prioritization only; it is not an eligibility or exclusion decision.
CG1455,doi:10.2172/1039407,20260731T091700Z-legacy-promotions-semanticscholar,Effective software design and development for the new graph architecture HPC machines.,2012,2012-03-01,10.2172/1039407,,,semanticscholar,489ad8d857c7e6a71e95222cac9eaf0fa251ddb2,CS081,S201,,CS081,included,no,,0,title-screen,,,,Keyword score is prioritization only; it is not an eligibility or exclusion decision.
CG1456,doi:10.2200/s00272ed1v01y201006cac011,20260731T091700Z-legacy-promotions-semanticscholar,"Transactional Memory, 2nd edition",2010,2010-06-02,10.2200/s00272ed1v01y201006cac011,,Transactional Memory,semanticscholar,0b1bc03bc4ffb58eabcc70a0a94c01c9df5c94ec,CS081,S201,,CS081,included,no,,0,title-screen,,,,Keyword score is prioritization only; it is not an eligibility or exclusion decision.
CG1458,doi:10.22028/d291-26605,20260731T091700Z-legacy-promotions-semanticscholar,Effective testing for concurrency bugs,2015,,10.22028/d291-26605,,,semanticscholar,10f33e1bc3299684d7c74fd06246875cb876bfd2,CS100,S220,,CS100,included,no,,0,title-screen,,,,Keyword score is prioritization only; it is not an eligibility or exclusion decision.
CG1459,doi:10.22028/d291-26631,20260731T091700Z-legacy-promotions-semanticscholar,Cluster abstraction of graph transformation systems,2015,2015-11-30,10.22028/d291-26631,,,semanticscholar,42a843466d8c333311cbecc820b223c0b88a42eb,CS096;CS097,S216;S217,,CS096;CS097,included,no,,0,title-screen,,,,Keyword score is prioritization only; it is not an eligibility or exclusion decision.
CG1461,doi:10.2478/cait-2019-0037,20260731T091600Z-legacy-promotions-opencitations,,2019,2019-11-01,10.2478/cait-2019-0037,,,opencitations,10.2478/cait-2019-0037,CS083,S203,,CS083,included,no,,0,missing-title-manual-check,,,,Keyword score is prioritization only; it is not an eligibility or exclusion decision.
CG1462,doi:10.25560/10945,20260731T091700Z-legacy-promotions-semanticscholar,Lock inference for Java,2012,2012-12-01,10.25560/10945,,,semanticscholar,2633a5354b7e76db9302491b0d8fc8876d3302a8,CS081,S201,,CS081,included,no,,0,title-screen,,,,Keyword score is prioritization only; it is not an eligibility or exclusion decision.
CG1463,doi:10.25560/17838,20260731T091700Z-legacy-promotions-semanticscholar,Structural separation logic,2013,2013-03-01,10.25560/17838,,,semanticscholar,fbded44587bbfa0e7fc745c64d706216ca4d25e8,CS089,S209,,CS089,included,no,,0,title-screen,,,,Keyword score is prioritization only; it is not an eligibility or exclusion decision.
CG1465,doi:10.25560/47923,20260731T091600Z-legacy-promotions-opencitations;20260731T091700Z-legacy-promotions-semanticscholar,Reasoning with time and data abstractions,2016,,10.25560/47923,,,opencitations;semanticscholar,0fe0e91f680a04abc96787ac37c9206de6dc3053;10.25560/47923,CS087;CS103,S207;S223,CS087,CS103,included,no,,0,title-screen,,,,Keyword score is prioritization only; it is not an eligibility or exclusion decision.
CG1466,doi:10.25560/48487,20260731T091700Z-legacy-promotions-semanticscholar,Reasoning about POSIX file systems,2016,,10.25560/48487,,,semanticscholar,a7ffdc09d7e48d096603b376925122f12cbe3d4d,CS089,S209,,CS089,included,no,,0,title-screen,,,,Keyword score is prioritization only; it is not an eligibility or exclusion decision.
CG1467,doi:10.25560/49218,20260731T091700Z-legacy-promotions-semanticscholar,"Abstraction, refinement and concurrent reasoning",2016,2016-09-01,10.25560/49218,,,semanticscholar,da8cd93baeb9d94c7898c60dedb2e84a87340505,CS085;CS100,S205;S220,,CS085;CS100,included,no,,0,title-screen,,,,Keyword score is prioritization only; it is not an eligibility or exclusion decision.
CG1468,doi:10.26226/morressier.604907f41a80aac83ca25d44,20260731T091600Z-legacy-promotions-opencitations,,2021,2021,10.26226/morressier.604907f41a80aac83ca25d44,,,opencitations,10.26226/morressier.604907f41a80aac83ca25d44,CS085,S205,,CS085,included,no,,0,missing-title-manual-check,,,,Keyword score is prioritization only; it is not an eligibility or exclusion decision.
CG1471,doi:10.29007/l2sp,20260731T091700Z-legacy-promotions-semanticscholar,Proving Simpson's Four-Slot Algorithm Using Ownership Transfer,2012,2012-05-15,10.29007/l2sp,,VERIFY@IJCAR,semanticscholar,b5ea19eec7b0b02513b0b8b56295d57f7c13ac9e,CS089,S209,,CS089,included,no,,0,title-screen,,,,Keyword score is prioritization only; it is not an eligibility or exclusion decision.
CG1473,doi:10.3217/jucs-012-11-1618,20260731T091600Z-legacy-promotions-opencitations,,,,10.3217/jucs-012-11-1618,,,opencitations,10.3217/jucs-012-11-1618,CS095,S215,CS095,,unknown-date,no,,0,manual-date-check,,,,Keyword score is prioritization only; it is not an eligibility or exclusion decision.
CG1475,doi:10.3233/978-1-58603-929-5-825,20260731T091700Z-legacy-promotions-semanticscholar,Satisfiability Modulo Theories,2009,,10.3233/978-1-58603-929-5-825,,Handbook of Satisfiability,semanticscholar,54b42858e3b02e9ad5943bbd5a97efb06eb95228,CS088,S208,CS088,,included,no,,0,title-screen,,,,Keyword score is prioritization only; it is not an eligibility or exclusion decision.
CG1477,doi:10.3390/app10113928,20260731T091600Z-legacy-promotions-opencitations;20260731T091700Z-legacy-promotions-semanticscholar,An Abstraction Technique for Verifying Shared-Memory Concurrency,2020,2020-06-05,10.3390/app10113928,,Applied Sciences,opencitations;semanticscholar,10.3390/app10113928;a9a00fc082f23770dff9e133159ccdef58dcc1a0,CS100;CS103,S220;S223,,CS100;CS103,included,no,,0,title-screen,,,,Keyword score is prioritization only; it is not an eligibility or exclusion decision.
CG1479,doi:10.3390/software4030015,20260731T091700Z-legacy-promotions-semanticscholar,Analysing Concurrent Queues Using CSP: Examining Java's ConcurrentLinkedQueue,2025,2025-07-07,10.3390/software4030015,,Softw.,semanticscholar,c3f432b58f2ffd3da2621f6cbc2d2923b090e5e2,CS082,S202,,CS082,included,no,,0,title-screen,,,,Keyword score is prioritization only; it is not an eligibility or exclusion decision.
CG1480,doi:10.3390/technologies11030076,20260731T091600Z-legacy-promotions-opencitations;20260731T091700Z-legacy-promotions-semanticscholar,"Smartphone Security and Privacy: A Survey on APTs, Sensor-Based Attacks, Side-Channel Attacks, Google Play Attacks, and Defenses",2023,2023-06-12,10.3390/technologies11030076,,Technologies,opencitations;semanticscholar,10.3390/technologies11030076;f06b5022a7e30412514adff4a8a3a9bb2a6d5da0,CS106,S226,,CS106,included,no,,0,title-screen,,,,Keyword score is prioritization only; it is not an eligibility or exclusion decision.
CG1481,doi:10.34727/2021/isbn.978-3-85448-046-4_23,20260731T091600Z-legacy-promotions-opencitations;20260731T091700Z-legacy-promotions-semanticscholar,The Civl Verifier,2021,2021-10-19,10.34727/2021/isbn.978-3-85448-046-4_23,,Formal Methods in Computer-Aided Design,opencitations;semanticscholar,0a97c3c1fcd36c9deb6615dfbc4fe20bb91ae07d;10.34727/2021/isbn.978-3-85448-046-4_23,CS087,S207,CS087,,included,no,,0,title-screen,,,,Keyword score is prioritization only; it is not an eligibility or exclusion decision.
CG1483,doi:10.3929/ethz-b-000514897,20260731T091700Z-legacy-promotions-semanticscholar,Flexible Refinement Proofs in Separation Logic,2021,2021-10-26,10.3929/ethz-b-000514897,2110.13559,arXiv.org,semanticscholar,e9c3cb673c1d11df752c389b92bc57837a63ef9f,CS085,S205,,CS085,included,no,,0,title-screen,,,,Keyword score is prioritization only; it is not an eligibility or exclusion decision.
CG1486,doi:10.4204/eptcs.115.2,20260731T091600Z-legacy-promotions-opencitations;20260731T091700Z-legacy-promotions-semanticscholar,Data refinement for true concurrency,2013,2013-05-26,10.4204/eptcs.115.2,1305.6111,Refine@IFM,opencitations;semanticscholar,10.4204/eptcs.115.2;41240d197b95f5883f5c65973d29e11f2cd3658b,CS090;CS091,S210;S211,,CS090;CS091,included,no,,0,title-screen,,,,Keyword score is prioritization only; it is not an eligibility or exclusion decision.
CG1487,doi:10.4204/eptcs.209.8,20260731T091600Z-legacy-promotions-opencitations;20260731T091700Z-legacy-promotions-semanticscholar,Towards linking correctness conditions for concurrent objects and contextual trace refinement,2016,2016-06-07,10.4204/eptcs.209.8,1606.02023,Refine@FM,opencitations;semanticscholar,10.4204/eptcs.209.8;52e5a18e219decf886cbccb51beff294f06400ef,CS078;CS079,S198;S199,CS078,CS079,included,no,,0,title-screen,,,,Keyword score is prioritization only; it is not an eligibility or exclusion decision.
CG1489,doi:10.4204/eptcs.94.4,20260731T091600Z-legacy-promotions-opencitations;20260731T091700Z-legacy-promotions-semanticscholar,A History of BlockingQueues,2012,2012-09-10,10.4204/eptcs.94.4,1209.2239,FLACOS,opencitations;semanticscholar,10.4204/eptcs.94.4;fc067dddd3727b46baf1e92e79bc1a37183efe15,CS100,S220,,CS100,included,no,,0,title-screen,,,,Keyword score is prioritization only; it is not an eligibility or exclusion decision.
CG1492,doi:10.4230/lipics.concur.2017.34,20260731T091700Z-legacy-promotions-semanticscholar,Higher-Order Linearisability,2016,2016-10-01,10.4230/lipics.concur.2017.34,1610.07965,International Conference on Concurrency Theory,semanticscholar,5eaafc83d9aeea746152340bec4bc8a196d61e51,CS079;CS084;CS103,S199;S204;S223,,CS079;CS084;CS103,included,no,,0,title-screen,,,,Keyword score is prioritization only; it is not an eligibility or exclusion decision.
CG1493,doi:10.4230/lipics.concur.2018.21,20260731T091700Z-legacy-promotions-semanticscholar,Synchronizing the Asynchronous,2018,,10.4230/lipics.concur.2018.21,,International Conference on Concurrency Theory,semanticscholar,5e0b043d2bc5960324acc448db38f1daa31592e7,CS085,S205,,CS085,included,no,,0,title-screen,,,,Keyword score is prioritization only; it is not an eligibility or exclusion decision.
CG1494,doi:10.4230/lipics.concur.2022.31,20260731T091600Z-legacy-promotions-opencitations;20260731T091700Z-legacy-promotions-semanticscholar,Weak Progressive Forward Simulation Is Necessary and Sufficient for Strong Observational Refinement,2022,2022,10.4230/lipics.concur.2022.31,,International Conference on Concurrency Theory,opencitations;semanticscholar,10.4230/lipics.concur.2022.31;cdf79b2e0e142bfcf7322c42e1231126aa38cfef,CS078;CS079;CS098,S198;S199;S218,,CS078;CS079;CS098,included,no,,0,title-screen,,,,Keyword score is prioritization only; it is not an eligibility or exclusion decision.
CG1495,doi:10.4230/lipics.disc.2018.18,20260731T091700Z-legacy-promotions-semanticscholar,NUMASK: High Performance Scalable Skip List for NUMA,2018,,10.4230/lipics.disc.2018.18,,International Symposium on Distributed Computing,semanticscholar,3df041d9c709962cfe46bb8270ef88105e599e10,CS081,S201,,CS081,included,no,,0,title-screen,,,,Keyword score is prioritization only; it is not an eligibility or exclusion decision.
CG1496,doi:10.4230/lipics.disc.2018.23,20260731T091700Z-legacy-promotions-semanticscholar,Order out of Chaos: Proving Linearizability Using Local Views,2018,2018-05-10,10.4230/lipics.disc.2018.23,1805.03992,International Symposium on Distributed Computing,semanticscholar,620ca0a8db83f41cb3f8c4418e2f51944497707f,CS081;CS089;CS099;CS100;CS102;CS103,S201;S209;S219;S220;S222;S223,,CS081;CS089;CS099;CS100;CS102;CS103,included,no,,0,title-screen,,,,Keyword score is prioritization only; it is not an eligibility or exclusion decision.
CG1497,doi:10.4230/lipics.disc.2020.4,20260731T091700Z-legacy-promotions-semanticscholar,Efficient Multi-word Compare and Swap,2020,2020-08-06,10.4230/lipics.disc.2020.4,2008.02527,International Symposium on Distributed Computing,semanticscholar,59e727a64436681137c3f5562ed3ba5bbe68d70b,CS081,S201,,CS081,included,no,,0,title-screen,,,,Keyword score is prioritization only; it is not an eligibility or exclusion decision.
CG1498,doi:10.4230/lipics.disc.2021.12,20260731T091700Z-legacy-promotions-semanticscholar,Space and Time Bounded Multiversion Garbage Collection,2021,2021-08-05,10.4230/lipics.disc.2021.12,2108.02775,International Symposium on Distributed Computing,semanticscholar,c9adafac64c5d4951ef0f0e756728dc8b70616c5,CS081,S201,,CS081,included,no,,0,title-screen,,,,Keyword score is prioritization only; it is not an eligibility or exclusion decision.
CG1500,doi:10.4230/lipics.disc.2021.29,20260731T091700Z-legacy-promotions-semanticscholar,Detectable Sequential Specifications for Recoverable Shared Objects,2021,,10.4230/lipics.disc.2021.29,,International Symposium on Distributed Computing,semanticscholar,0c23a90ec6093db3142feb217a393ad6c26055de,CS081,S201,,CS081,included,no,,0,title-screen,,,,Keyword score is prioritization only; it is not an eligibility or exclusion decision.
CG1501,doi:10.4230/lipics.disc.2021.60,20260731T091600Z-legacy-promotions-opencitations,,,,10.4230/lipics.disc.2021.60,,,opencitations,10.4230/lipics.disc.2021.60,CS095,S215,CS095,,unknown-date,no,,0,manual-date-check,,,,Keyword score is prioritization only; it is not an eligibility or exclusion decision.
CG1504,doi:10.4230/lipics.ecoop.2015.470,20260731T091700Z-legacy-promotions-semanticscholar,Defining Correctness Conditions for Concurrent Objects in Multicore Architectures,2015,,10.4230/lipics.ecoop.2015.470,,European Conference on Object-Oriented Programming,semanticscholar,eb5668d983497974e23b7338f6d3617fd8eae152,CS078;CS084,S198;S204,CS078,CS084,included,no,,0,title-screen,,,,Keyword score is prioritization only; it is not an eligibility or exclusion decision.
CG1505,doi:10.4230/lipics.ecoop.2017.17,20260731T091600Z-legacy-promotions-opencitations,,,,10.4230/lipics.ecoop.2017.17,,,opencitations,10.4230/lipics.ecoop.2017.17,CS086,S206,CS086,,unknown-date,no,,0,manual-date-check,,,,Keyword score is prioritization only; it is not an eligibility or exclusion decision.
CG1506,doi:10.4230/lipics.ecoop.2017.8,20260731T091700Z-legacy-promotions-semanticscholar,Concurrent Data Structures Linked in Time,2016,2016-04-01,10.4230/lipics.ecoop.2017.8,1604.08080,European Conference on Object-Oriented Programming,semanticscholar,3a2c98aeda700abac27a05c4c46a3922b41dda3c,CS085;CS089;CS101;CS103;CS105,S205;S209;S221;S223;S225,,CS085;CS089;CS101;CS103;CS105,included,no,,0,title-screen,,,,Keyword score is prioritization only; it is not an eligibility or exclusion decision.
CG1507,doi:10.4230/lipics.ecoop.2020.11,20260731T091600Z-legacy-promotions-opencitations,,,,10.4230/lipics.ecoop.2020.11,,,opencitations,10.4230/lipics.ecoop.2020.11,CS094,S214,CS094,,unknown-date,no,,0,manual-date-check,,,,Keyword score is prioritization only; it is not an eligibility or exclusion decision.
CG1508,doi:10.4230/lipics.ecoop.2020.5,20260731T091600Z-legacy-promotions-opencitations;20260731T091700Z-legacy-promotions-semanticscholar,Reconciling Event Structures with Modern Multiprocessors,2020,2019-11-15,10.4230/lipics.ecoop.2020.5,1911.06567,European Conference on Object-Oriented Programming,opencitations;semanticscholar,10.4230/lipics.ecoop.2020.5;22ada074aec4fd019c024f6d7340942ce432150f,CS106,S226,,CS106,included,no,,0,title-screen,,,,Keyword score is prioritization only; it is not an eligibility or exclusion decision.
CG1509,doi:10.4230/lipics.ecoop.2024.26,20260731T091700Z-legacy-promotions-semanticscholar,Matching Plans for Frame Inference in Compositional Reasoning,2024,,10.4230/lipics.ecoop.2024.26,,European Conference on Object-Oriented Programming,semanticscholar,caa1f3c74f187e7b09f9562de8e8c17e5001bd36,CS086,S206,,CS086,included,no,,0,title-screen,,,,Keyword score is prioritization only; it is not an eligibility or exclusion decision.
CG1510,doi:10.4230/lipics.ecrts.2022.10,20260731T091700Z-legacy-promotions-semanticscholar,Overrun-Resilient Multiprocessor Real-Time Locking,2022,,10.4230/lipics.ecrts.2022.10,,Euromicro Conference on Real-Time Systems,semanticscholar,3f45c568450fb192a70898da3b80c0a63f32e2d9,CS081,S201,,CS081,included,no,,0,title-screen,,,,Keyword score is prioritization only; it is not an eligibility or exclusion decision.
CG1511,doi:10.4230/lipics.fsttcs.2015.2,20260731T091700Z-legacy-promotions-semanticscholar,Checking Correctness of Concurrent Objects: Tractable Reductions to Reachability (Invited Talk),2015,,10.4230/lipics.fsttcs.2015.2,,Foundations of Software Technology and Theoretical Computer Science,semanticscholar,fa87489cfed2e1cb7dc8c7c1835ba89edb697804,CS082;CS100,S202;S220,,CS082;CS100,included,no,,0,title-screen,,,,Keyword score is prioritization only; it is not an eligibility or exclusion decision.
CG1513,doi:10.4230/lipics.itp.2021.9,20260731T091600Z-legacy-promotions-opencitations;20260731T091700Z-legacy-promotions-semanticscholar,Itauto: An Extensible Intuitionistic SAT Solver,2021,,10.4230/lipics.itp.2021.9,,International Conference on Interactive Theorem Proving,opencitations;semanticscholar,10.4230/lipics.itp.2021.9;1b2403aa864720058e3f78d312aff371438f73be,CS087,S207,CS087,,included,no,,0,title-screen,,,,Keyword score is prioritization only; it is not an eligibility or exclusion decision.
CG1515,doi:10.4230/lipics.itp.2024.23,20260731T091700Z-legacy-promotions-semanticscholar,A Generalised Union of Rely-Guarantee and Separation Logic Using Permission Algebras,2024,,10.4230/lipics.itp.2024.23,,International Conference on Interactive Theorem Proving,semanticscholar,fd4c6b92c961ed76e3da2f7f55db7d3fb6a644e3,CS089,S209,,CS089,included,no,,0,title-screen,,,,Keyword score is prioritization only; it is not an eligibility or exclusion decision.
CG1516,doi:10.4230/lipics.opodis.2017.10,20260731T091700Z-legacy-promotions-semanticscholar,The Teleportation Design Pattern for Hardware Transactional Memory,2017,,10.4230/lipics.opodis.2017.10,,International Conference on Principles of Distributed Systems,semanticscholar,48d711bb3f4b7dfa8cb2a606ae2ce89d426ea938,CS081,S201,,CS081,included,no,,0,title-screen,,,,Keyword score is prioritization only; it is not an eligibility or exclusion decision.
CG1517,doi:10.4230/lipics.opodis.2018.10,20260731T091700Z-legacy-promotions-semanticscholar,Concurrent Robin Hood Hashing,2018,2018-09-01,10.4230/lipics.opodis.2018.10,1809.04339,International Conference on Principles of Distributed Systems,semanticscholar,211274451244f5c91e556b20af7b37b0e2dae25e,CS081,S201,,CS081,included,no,,0,title-screen,,,,Keyword score is prioritization only; it is not an eligibility or exclusion decision.
CG1518,doi:10.4230/lipics.opodis.2019.19,20260731T091700Z-legacy-promotions-semanticscholar,Toward Linearizability Testing for Multi-Word Persistent Synchronization Primitives,2019,,10.4230/lipics.opodis.2019.19,,International Conference on Principles of Distributed Systems,semanticscholar,f61e6289eb20b7b71b0d5e2272d7c1e4200f77bf,CS100,S220,,CS100,included,no,,0,title-screen,,,,Keyword score is prioritization only; it is not an eligibility or exclusion decision.
CG1520,doi:10.4230/oasics.iccsw.2017.7,20260731T091700Z-legacy-promotions-semanticscholar,Faster Concurrent Range Queries with Contention Adapting Search Trees Using Immutable Data,2017,2017-09-03,10.4230/oasics.iccsw.2017.7,1709.00722,Imperial College Computing Student Workshop,semanticscholar,a7cdac5f92ebfa5c42399cb131e97c35cbd934c0,CS081,S201,,CS081,included,no,,0,title-screen,,,,Keyword score is prioritization only; it is not an eligibility or exclusion decision.
CG1522,doi:10.5070/m4121046641,20260731T091700Z-legacy-promotions-semanticscholar,Analysis on the Possibility of RISC-V Adoption,2020,,10.5070/m4121046641,,UC Merced Undergraduate Research Journal,semanticscholar,a508d7ef869c7b5a89b8400c83e897189b0f91bc,CS106,S226,,CS106,included,no,,0,title-screen,,,,Keyword score is prioritization only; it is not an eligibility or exclusion decision.
CG1523,doi:10.5075/epfl-thesis-5386,20260731T091700Z-legacy-promotions-semanticscholar,On the Performance of Software Transactional Memory,2012,,10.5075/epfl-thesis-5386,,,semanticscholar,2482a05ee5bff55dc0347c9b3c7a2a46aec29bcf,CS081,S201,,CS081,included,no,,0,title-screen,,,,Keyword score is prioritization only; it is not an eligibility or exclusion decision.
CG1524,doi:10.5075/epfl-thesis-7141,20260731T091700Z-legacy-promotions-semanticscholar,Distributed Computing with Modern Shared Memory,2020,,10.5075/epfl-thesis-7141,,,semanticscholar,fb77578625173f6ef4006e57079c1670dddc6795,CS081,S201,,CS081,included,no,,0,title-screen,,,,Keyword score is prioritization only; it is not an eligibility or exclusion decision.
CG1525,doi:10.5075/epfl-thesis-7246,20260731T091700Z-legacy-promotions-semanticscholar,Towards Scalable Synchronization on Multi-Cores,2016,,10.5075/epfl-thesis-7246,,,semanticscholar,327f9b86baee3c6a813a4bf38256a2bf2d0111ce,CS081,S201,,CS081,included,no,,0,title-screen,,,,Keyword score is prioritization only; it is not an eligibility or exclusion decision.
CG1526,doi:10.5075/epfl-thesis-7993,20260731T091700Z-legacy-promotions-semanticscholar,Universally Scalable Concurrent Data Structures,2017,,10.5075/epfl-thesis-7993,,,semanticscholar,dedc85b3db4583c5234d303b56098caa8a9e6fee,CS081,S201,,CS081,included,no,,0,title-screen,,,,Keyword score is prioritization only; it is not an eligibility or exclusion decision.
CG1527,doi:10.5075/epfl-thesis-8843,20260731T091700Z-legacy-promotions-semanticscholar,"Scalable Synchronization in Shared-Memory Systems: Extrapolating, Adapting, Tuning",2018,,10.5075/epfl-thesis-8843,,,semanticscholar,bede89a68e1b09cc1b9e85706cbdc957f9ae6c39,CS081,S201,,CS081,included,no,,0,title-screen,,,,Keyword score is prioritization only; it is not an eligibility or exclusion decision.
CG1528,doi:10.5281/zenodo.6330596,20260731T091600Z-legacy-promotions-opencitations,,,,10.5281/zenodo.6330596,,,opencitations,10.5281/zenodo.6330596,CS086,S206,CS086,,unknown-date,no,,0,manual-date-check,,,,Keyword score is prioritization only; it is not an eligibility or exclusion decision.
CG1529,doi:10.5281/zenodo.7712620,20260731T091600Z-legacy-promotions-opencitations,,,,10.5281/zenodo.7712620,,,opencitations,10.5281/zenodo.7712620,CS087,S207,CS087,,unknown-date,no,,0,manual-date-check,,,,Keyword score is prioritization only; it is not an eligibility or exclusion decision.
CG1530,doi:10.5441/002/edbt.2017.07,20260731T091700Z-legacy-promotions-semanticscholar,Self-managed collections: Off-heap memory management for scalable query-dominated collections,2017,,10.5441/002/edbt.2017.07,,International Conference on Extending Database Technology,semanticscholar,bf1231c368eae27ab44fd97f2690abe111ddd83a,CS081,S201,,CS081,included,no,,0,title-screen,,,,Keyword score is prioritization only; it is not an eligibility or exclusion decision.
CG1531,doi:10.5821/dissertation-2117-95388,20260731T091700Z-legacy-promotions-semanticscholar,Techniques for improving the performance of software transactional memory,2014,2014-07-21,10.5821/dissertation-2117-95388,,,semanticscholar,bb862beb846422ec7ffec453d1731f262c30dc58,CS081,S201,,CS081,included,no,,0,title-screen,,,,Keyword score is prioritization only; it is not an eligibility or exclusion decision.
CG1532,doi:10.5821/dissertation-2117-96209,20260731T091700Z-legacy-promotions-semanticscholar,Extending the applicability of deterministic multithreading,2016,2016-01-12,10.5821/dissertation-2117-96209,,,semanticscholar,2c5bb68ff63cb4695041df5e516955b95dffc7e3,CS081,S201,,CS081,included,no,,0,title-screen,,,,Keyword score is prioritization only; it is not an eligibility or exclusion decision.
CG1533,doi:10.70675/46def008z19fbz47b4za8c2z3ab47a439c05,20260731T091700Z-legacy-promotions-semanticscholar,On improving the ease of use of the software transactional memory abstraction. (Faciliter l'utilisation des mémoires transactionnelles logicielles),2013,2013-03-06,10.70675/46def008z19fbz47b4za8c2z3ab47a439c05,,,semanticscholar,1228571e2b2b9cc59f4ad72ce5c6b76359287faa,CS081,S201,,CS081,included,no,,0,title-screen,,,,Keyword score is prioritization only; it is not an eligibility or exclusion decision.
CG1534,doi:10.70675/ae26191ezd727z484fz8f2fz15bab042da62,20260731T091700Z-legacy-promotions-semanticscholar,Shape Abstractions with Support for Sharing and Disjunctions. (Abstractions de la Forme des Structures de Données Supportant Partage et Disjonctions),2018,2018-03-08,10.70675/ae26191ezd727z484fz8f2fz15bab042da62,,,semanticscholar,d08e45c90a3ea64f72fcc1da166c91c51ce2d7be,CS099,S219,,CS099,included,no,,0,title-screen,,,,Keyword score is prioritization only; it is not an eligibility or exclusion decision.
CG1535,doi:10.7551/mitpress/8696.003.0005,20260731T091700Z-legacy-promotions-semanticscholar,A Contention-Friendly Methodology for Search Structures,2012,2012-02-01,10.7551/mitpress/8696.003.0005,,,semanticscholar,38e072ff02fa765fc851598eb9733931f772a036,CS081,S201,,CS081,included,no,,0,title-screen,,,,Keyword score is prioritization only; it is not an eligibility or exclusion decision.
CG1536,doi:10.7551/mitpress/9153.001.0001,20260731T091600Z-legacy-promotions-opencitations,,,,10.7551/mitpress/9153.001.0001,,,opencitations,10.7551/mitpress/9153.001.0001,CS085,S205,CS085,,unknown-date,no,,0,manual-date-check,,,,Keyword score is prioritization only; it is not an eligibility or exclusion decision.
CG1537,doi:10.7873/date.2013.167,20260731T091600Z-legacy-promotions-opencitations,,,,10.7873/date.2013.167,,,opencitations,10.7873/date.2013.167,CS104,S224,CS104,,unknown-date,no,,0,manual-date-check,,,,Keyword score is prioritization only; it is not an eligibility or exclusion decision.
CG1538,s2:00070ed239767f55e121c4eabbe43ba40dc53827,20260731T091700Z-legacy-promotions-semanticscholar,The 2006 Federated Logic Conference,2006,,,,,semanticscholar,00070ed239767f55e121c4eabbe43ba40dc53827,CS081,S201,,CS081,included,no,,0,title-screen,,,,Keyword score is prioritization only; it is not an eligibility or exclusion decision.
CG1539,s2:0048f1e7d9773f29007c224345b2458c023cd47e,20260731T091700Z-legacy-promotions-semanticscholar,Concurrent Datastructure Design for Software Transactional Memory,,,,,,semanticscholar,0048f1e7d9773f29007c224345b2458c023cd47e,CS081,S201,,CS081,unknown-date,no,,0,manual-date-check,,,,Keyword score is prioritization only; it is not an eligibility or exclusion decision.
CG1540,s2:0136ab44c0e25d870dedab6c205417b7d06ad954,20260731T091700Z-legacy-promotions-semanticscholar,To appear in: CAV 2007. Shape Analysis for Composite Data Structures,,,,,,semanticscholar,0136ab44c0e25d870dedab6c205417b7d06ad954,CS088,S208,CS088,,unknown-date,no,,0,manual-date-check,,,,Keyword score is prioritization only; it is not an eligibility or exclusion decision.
CG1541,s2:013fe9bdb7ce5c09e7add1b25a28778ce41414d9,20260731T091700Z-legacy-promotions-semanticscholar,Laws and Semantics for Rely-Guarantee Refinement,2014,,,,,semanticscholar,013fe9bdb7ce5c09e7add1b25a28778ce41414d9,CS084,S204,,CS084,included,no,,0,title-screen,,,,Keyword score is prioritization only; it is not an eligibility or exclusion decision.
CG1542,s2:01fd2087dad486d194bc21592b9a39c5cd91f7e7,20260731T091700Z-legacy-promotions-semanticscholar,Declarative Synchronization,2011,,,,,semanticscholar,01fd2087dad486d194bc21592b9a39c5cd91f7e7,CS081,S201,,CS081,included,no,,0,title-screen,,,,Keyword score is prioritization only; it is not an eligibility or exclusion decision.
CG1543,s2:02003045e61f3d7c38f4307ed1c2f2487d066ac7,20260731T091700Z-legacy-promotions-semanticscholar,Barrier logic: a program logic for concurrency on PowerPC,2012,,,,,semanticscholar,02003045e61f3d7c38f4307ed1c2f2487d066ac7,CS089,S209,,CS089,included,no,,0,title-screen,,,,Keyword score is prioritization only; it is not an eligibility or exclusion decision.
CG1544,s2:0245712d4cea0482c54a322092ac614cea40fe96,20260731T091700Z-legacy-promotions-semanticscholar,Towards an abstraction for data structures that implement cooperation mechanisms,2019,,,,,semanticscholar,0245712d4cea0482c54a322092ac614cea40fe96,CS097;CS099;CS100;CS102,S217;S219;S220;S222,,CS097;CS099;CS100;CS102,included,no,,0,title-screen,,,,Keyword score is prioritization only; it is not an eligibility or exclusion decision.
CG1545,s2:02dd10630e329ba8169e5a4e1fe18a93d2498af9,20260731T091700Z-legacy-promotions-semanticscholar,An Optimization of the Buddy Model for Securing Mobile Agents,2005,,,,,semanticscholar,02dd10630e329ba8169e5a4e1fe18a93d2498af9,CS081,S201,,CS081,included,no,,0,title-screen,,,,Keyword score is prioritization only; it is not an eligibility or exclusion decision.
CG1546,s2:05ffc1d7ee700d69466e16fcf2958d6b298e08cb,20260731T091700Z-legacy-promotions-semanticscholar,지원 스킵 리스트의 범위 탐색 향상 기법 An Enhancing Technique for Scan Performance of a Skip List with MVCC,2020,,,,,semanticscholar,05ffc1d7ee700d69466e16fcf2958d6b298e08cb,CS081,S201,,CS081,included,no,,0,title-screen,,,,Keyword score is prioritization only; it is not an eligibility or exclusion decision.
CG1547,s2:07793cf041ec89ae097d9910cad1e979acd44c15,20260731T091700Z-legacy-promotions-semanticscholar,PhD Thesis: View-Oriented Parallel Programming and its Performance Evaluation on Multicore Architectures,2013,,,,,semanticscholar,07793cf041ec89ae097d9910cad1e979acd44c15,CS081,S201,,CS081,included,no,,0,title-screen,,,,Keyword score is prioritization only; it is not an eligibility or exclusion decision.
CG1548,s2:08144068a2e80f92a7028fe00257e0414f8e5d86,20260731T091700Z-legacy-promotions-semanticscholar,Performance Tradeoffs in Software Transactional Memory,2019,2019-08-07,,,,semanticscholar,08144068a2e80f92a7028fe00257e0414f8e5d86,CS081,S201,,CS081,included,no,,0,title-screen,,,,Keyword score is prioritization only; it is not an eligibility or exclusion decision.
CG1549,s2:0817a1d2b6bacdb108e496a0b8cf3e33cbf4db91,20260731T091700Z-legacy-promotions-semanticscholar,"Skip List : Implementation , Optimization and Web Search",2015,,,,,semanticscholar,0817a1d2b6bacdb108e496a0b8cf3e33cbf4db91,CS081,S201,,CS081,included,no,,0,title-screen,,,,Keyword score is prioritization only; it is not an eligibility or exclusion decision.
CG1552,s2:0adf290994e420cb532591dfb8809e05ceaf7ce4,20260731T091700Z-legacy-promotions-semanticscholar,Advanced Development of Certified OS Kernels,2015,2015-06-01,,,,semanticscholar,0adf290994e420cb532591dfb8809e05ceaf7ce4,CS089;CS101,S209;S221,,CS089;CS101,included,no,,0,title-screen,,,,Keyword score is prioritization only; it is not an eligibility or exclusion decision.
CG1553,s2:0b31802845aaece8d41fbbdbbfebc136d4d514f3,20260731T091700Z-legacy-promotions-semanticscholar,User Assisted Data Structure Debugging and Verication,2016,,,,,semanticscholar,0b31802845aaece8d41fbbdbbfebc136d4d514f3,CS089;CS100;CS102,S209;S220;S222,,CS089;CS100;CS102,included,no,,0,title-screen,,,,Keyword score is prioritization only; it is not an eligibility or exclusion decision.
CG1554,s2:0dd102f2f7e1b48b683ed506f11fe04d32f2d344,20260731T091700Z-legacy-promotions-semanticscholar,Rainbow OS: A distributed STM for in-memory data clusters,2011,2011-05-23,,,2011 Proceedings of the 34th International Convention MIPRO,semanticscholar,0dd102f2f7e1b48b683ed506f11fe04d32f2d344,CS081,S201,,CS081,included,no,,0,title-screen,,,,Keyword score is prioritization only; it is not an eligibility or exclusion decision.
CG1555,s2:0e080b0a84c0a5ee3ba147409bf3bf2c5ab71e42,20260731T091700Z-legacy-promotions-semanticscholar,Abstract Heap Relations for a Compositional Shape Analysis. (Abstractions Relationnelles de la Mémoire pour une Analyse Compositionnelle de Structures de Données),2019,2019-04-16,,,,semanticscholar,0e080b0a84c0a5ee3ba147409bf3bf2c5ab71e42,CS101,S221,,CS101,included,no,,0,title-screen,,,,Keyword score is prioritization only; it is not an eligibility or exclusion decision.
CG1556,s2:0e1155f7faa9b44e90c702015aa5c0f21d5dc688,20260731T091700Z-legacy-promotions-semanticscholar,on shared memory resources . At the heart of these logics lies separation,2017,,,,,semanticscholar,0e1155f7faa9b44e90c702015aa5c0f21d5dc688,CS089;CS099,S209;S219,,CS089;CS099,included,no,,0,title-screen,,,,Keyword score is prioritization only; it is not an eligibility or exclusion decision.
CG1560,s2:1074ca82f80a4d97e76ab06d7f7e00fc1bd61afa,20260731T091700Z-legacy-promotions-semanticscholar,Theory and Applications of Parallelism with Futures,2017,,,,,semanticscholar,1074ca82f80a4d97e76ab06d7f7e00fc1bd61afa,CS081,S201,,CS081,included,no,,0,title-screen,,,,Keyword score is prioritization only; it is not an eligibility or exclusion decision.
CG1561,s2:10c054a909e1885a293a4bd2a411f2d7f1ab3c7e,20260731T091700Z-legacy-promotions-semanticscholar,Design and implementation of static analyses for higher-order languages,2015,,,,,semanticscholar,10c054a909e1885a293a4bd2a411f2d7f1ab3c7e,CS085;CS103,S205;S223,,CS085;CS103,included,no,,0,title-screen,,,,Keyword score is prioritization only; it is not an eligibility or exclusion decision.
CG1562,s2:10eb7e695e5673f53c3fed882087ae8bacb3b2c3,20260731T091700Z-legacy-promotions-semanticscholar,"Programming, debugging, profiling and optimizing transactional memory programs",2011,2011-07-19,,,,semanticscholar,10eb7e695e5673f53c3fed882087ae8bacb3b2c3,CS081,S201,,CS081,included,no,,0,title-screen,,,,Keyword score is prioritization only; it is not an eligibility or exclusion decision.
CG1563,s2:11db20e34c62414014f5387a2adbefbbb1e51e61,20260731T091700Z-legacy-promotions-semanticscholar,Derek Dreyer Research Statement MPI,2017,,,,,semanticscholar,11db20e34c62414014f5387a2adbefbbb1e51e61,CS085,S205,,CS085,included,no,,0,title-screen,,,,Keyword score is prioritization only; it is not an eligibility or exclusion decision.
CG1564,s2:1359031f84ae96b4e3a5bc1cc3faf3a3ed5dc8bc,20260731T091700Z-legacy-promotions-semanticscholar,Static Analysis of Concurrency Constructs in Higher-Order Programs,2014,,,,,semanticscholar,1359031f84ae96b4e3a5bc1cc3faf3a3ed5dc8bc,CS081,S201,,CS081,included,no,,0,title-screen,,,,Keyword score is prioritization only; it is not an eligibility or exclusion decision.
CG1565,s2:136c3bb91cb7984fa7add24d197f1056465e0975,20260731T091700Z-legacy-promotions-semanticscholar,Snapshot Isolation Does Not Scale Either,2013,,,,,semanticscholar,136c3bb91cb7984fa7add24d197f1056465e0975,CS081,S201,,CS081,included,no,,0,title-screen,,,,Keyword score is prioritization only; it is not an eligibility or exclusion decision.
CG1566,s2:13a1dd8fd04e33550e243bf3aeab8362cb86a165,20260731T091700Z-legacy-promotions-semanticscholar,Branching time and abstraction in bisimulation semantics,1990,,,,"Forschungsberichte, TU Munich",semanticscholar,13a1dd8fd04e33550e243bf3aeab8362cb86a165,CS093,S213,CS093,,included,no,,0,title-screen,,,,Keyword score is prioritization only; it is not an eligibility or exclusion decision.
CG1569,s2:15a5c5f3cce1f3b453b0676309d78a8c53e47ffa,20260731T091700Z-legacy-promotions-semanticscholar,T HE U BIQUITOUS S KIPLIST : A S URVEY OF W HAT C ANNOT BE S KIPPED A BOUT THE S KIPLIST AND ITS A PPLICATIONS IN B IG D ATA S YSTEMS,,,,,,semanticscholar,15a5c5f3cce1f3b453b0676309d78a8c53e47ffa,CS081,S201,,CS081,unknown-date,no,,0,manual-date-check,,,,Keyword score is prioritization only; it is not an eligibility or exclusion decision.
CG1571,s2:17fc53acba6bdb599b07a364fd2222c8eb39c0a6,20260731T091700Z-legacy-promotions-semanticscholar,Transactifying a Computer Game,2009,,,,,semanticscholar,17fc53acba6bdb599b07a364fd2222c8eb39c0a6,CS081,S201,,CS081,included,no,,0,title-screen,,,,Keyword score is prioritization only; it is not an eligibility or exclusion decision.
CG1572,s2:1905b90b502eb4545382e21dbd6fd3f73f363cc6,20260731T091700Z-legacy-promotions-semanticscholar,Practical Concerns for Scalable Synchronization,2005,,,,,semanticscholar,1905b90b502eb4545382e21dbd6fd3f73f363cc6,CS081,S201,,CS081,included,no,,0,title-screen,,,,Keyword score is prioritization only; it is not an eligibility or exclusion decision.
CG1573,s2:194cffe15e1b398a769820e2e77d6318a34193ba,20260731T091700Z-legacy-promotions-semanticscholar,Practical Concerns for Scalable Synchronization ( author information elided ),,,,,,semanticscholar,194cffe15e1b398a769820e2e77d6318a34193ba,CS081,S201,,CS081,unknown-date,no,,0,manual-date-check,,,,Keyword score is prioritization only; it is not an eligibility or exclusion decision.
CG1574,s2:19bec1a2d94dd097620b44e921e53efb835125b2,20260731T091700Z-legacy-promotions-semanticscholar,Memory-Mapped Transactions,2005,,,,,semanticscholar,19bec1a2d94dd097620b44e921e53efb835125b2,CS081,S201,,CS081,included,no,,0,title-screen,,,,Keyword score is prioritization only; it is not an eligibility or exclusion decision.
CG1575,s2:1a16975d1630756772b7d16e220236fe9a2830d3,20260731T091700Z-legacy-promotions-semanticscholar,Software Transactional Memory Should Not Be Obstruction-Free,2005,,,,,semanticscholar,1a16975d1630756772b7d16e220236fe9a2830d3,CS081,S201,,CS081,included,no,,0,title-screen,,,,Keyword score is prioritization only; it is not an eligibility or exclusion decision.
CG1576,s2:1c1cb866aa69424fd6d752d68f5426a0581abaef,20260731T091700Z-legacy-promotions-semanticscholar,Memory Abstractions for Data Transactions,2015,2015-04-08,,,,semanticscholar,1c1cb866aa69424fd6d752d68f5426a0581abaef,CS081,S201,,CS081,included,no,,0,title-screen,,,,Keyword score is prioritization only; it is not an eligibility or exclusion decision.
CG1577,s2:1c60b84ccee6117f8a7507ffb0d28d0ba634315d,20260731T091700Z-legacy-promotions-semanticscholar,Fast Software Transactions,2009,,,,,semanticscholar,1c60b84ccee6117f8a7507ffb0d28d0ba634315d,CS081,S201,,CS081,included,no,,0,title-screen,,,,Keyword score is prioritization only; it is not an eligibility or exclusion decision.
CG1579,s2:1e083e2dee298f0608f47f7b98e412c1ddd8c0a3,20260731T091700Z-legacy-promotions-semanticscholar,"Project DEPLOY Grant Agreement 214158 ""Industrial deployment of advanced system engineering methods for high productivity and dependability""",2011,,,,,semanticscholar,1e083e2dee298f0608f47f7b98e412c1ddd8c0a3,CS105,S225,,CS105,included,no,,0,title-screen,,,,Keyword score is prioritization only; it is not an eligibility or exclusion decision.
CG1580,s2:1e11e87420f455c5f1eac07ee2cb0892de5f66ce,20260731T091700Z-legacy-promotions-semanticscholar,Theoretical and Experimental Methods for Concurrent Search Trees,2018,,,,,semanticscholar,1e11e87420f455c5f1eac07ee2cb0892de5f66ce,CS081,S201,,CS081,included,no,,0,title-screen,,,,Keyword score is prioritization only; it is not an eligibility or exclusion decision.
CG1583,s2:202037519897c08ddb7ea54860628c6eb201c102,20260731T091700Z-legacy-promotions-semanticscholar,Some Techniques for Proving Correctness of Programs which Alter Data Structures,2013,,,,,semanticscholar,202037519897c08ddb7ea54860628c6eb201c102,CS088,S208,CS088,,included,no,,0,title-screen,,,,Keyword score is prioritization only; it is not an eligibility or exclusion decision.
CG1584,s2:20c1969d52bd39482752744e3e9276a5d3327bf4,20260731T091700Z-legacy-promotions-semanticscholar,Proofs That Count Azadeh Farzan,2013,,,,,semanticscholar,20c1969d52bd39482752744e3e9276a5d3327bf4,CS097,S217,,CS097,included,no,,0,title-screen,,,,Keyword score is prioritization only; it is not an eligibility or exclusion decision.
CG1586,s2:220e92adeb06a3bacec9fdd2a1f1c023dcbf3187,20260731T091700Z-legacy-promotions-semanticscholar,A Hybrid TM for Haskell ∗,2014,,,,,semanticscholar,220e92adeb06a3bacec9fdd2a1f1c023dcbf3187,CS081,S201,,CS081,included,no,,0,title-screen,,,,Keyword score is prioritization only; it is not an eligibility or exclusion decision.
CG1587,s2:22252ea1ca93785ef15cf2a65ed68e85050d629b,20260731T091700Z-legacy-promotions-semanticscholar,A Survey of Reasoning Methods for Concurrent Systems,2017,,,,,semanticscholar,22252ea1ca93785ef15cf2a65ed68e85050d629b,CS085,S205,,CS085,included,no,,0,title-screen,,,,Keyword score is prioritization only; it is not an eligibility or exclusion decision.
CG1588,s2:2230c5a6d7e55e2d8d07bc41a580cab3323d32fd,20260731T091700Z-legacy-promotions-semanticscholar,"2nd Summit on Advances in Programming Languages, SNAPL 2017, Asilomar, CA, USA, May 7-10, 2017",2017,,,,Summit on Advances in Programming Languages,semanticscholar,2230c5a6d7e55e2d8d07bc41a580cab3323d32fd,CS103,S223,,CS103,included,no,,0,title-screen,,,,Keyword score is prioritization only; it is not an eligibility or exclusion decision.
CG1591,s2:23ddaf4c6194af2bc6b53ba217bfedb0a2927381,20260731T091700Z-legacy-promotions-semanticscholar,Approximated Provenance for Complex Applications,2014,,,,Workshop on the Theory and Practice of Provenance,semanticscholar,23ddaf4c6194af2bc6b53ba217bfedb0a2927381,CS079,S199,,CS079,included,no,,0,title-screen,,,,Keyword score is prioritization only; it is not an eligibility or exclusion decision.
CG1595,s2:25ee028e6d34c4a45da007d847e59639f6cad700,20260731T091700Z-legacy-promotions-semanticscholar,An Update on Haskell H / STM ∗,2015,,,,,semanticscholar,25ee028e6d34c4a45da007d847e59639f6cad700,CS081,S201,,CS081,included,no,,0,title-screen,,,,Keyword score is prioritization only; it is not an eligibility or exclusion decision.
CG1596,s2:26162ff7d4d3c7a56f95b3e9948db4c18f00562f,20260731T091700Z-legacy-promotions-semanticscholar,Verifying Concurrent Programs by Controlling Alias Interference,2014,2014-10-13,,,,semanticscholar,26162ff7d4d3c7a56f95b3e9948db4c18f00562f,CS089;CS101,S209;S221,,CS089;CS101,included,no,,0,title-screen,,,,Keyword score is prioritization only; it is not an eligibility or exclusion decision.
CG1599,s2:27c1174835bdd93fadcb0bc2ddbd51c80d1ce615,20260731T091700Z-legacy-promotions-semanticscholar,Composability for Application-Specific Transactional Optimizations,2010,2010-01-21,,,,semanticscholar,27c1174835bdd93fadcb0bc2ddbd51c80d1ce615,CS081,S201,,CS081,included,no,,0,title-screen,,,,Keyword score is prioritization only; it is not an eligibility or exclusion decision.
CG1601,s2:299c5765544779833b617315744b1a97f4124f7f,20260731T091700Z-legacy-promotions-semanticscholar,Trustworthy Computing at APL,2018,,,,,semanticscholar,299c5765544779833b617315744b1a97f4124f7f,CS101,S221,,CS101,included,no,,0,title-screen,,,,Keyword score is prioritization only; it is not an eligibility or exclusion decision.
CG1602,s2:29bb7512e2b6373c773ea11ca8e899d38f07f73d,20260731T091700Z-legacy-promotions-semanticscholar,NUMASK : High Performance Scalable Skip List,2018,,,,,semanticscholar,29bb7512e2b6373c773ea11ca8e899d38f07f73d,CS081,S201,,CS081,included,no,,0,title-screen,,,,Keyword score is prioritization only; it is not an eligibility or exclusion decision.
CG1604,s2:2ab64f9f231b6944cca5bc3d5cc8f08058deb7bd,20260731T091700Z-legacy-promotions-semanticscholar,Runtime Enforcement of Memory Safety for the C Programming Language,2011,,,,,semanticscholar,2ab64f9f231b6944cca5bc3d5cc8f08058deb7bd,CS081,S201,,CS081,included,no,,0,title-screen,,,,Keyword score is prioritization only; it is not an eligibility or exclusion decision.
CG1605,s2:2bc4c700aa734fdbc047c690070a55afecf01ba2,20260731T091700Z-legacy-promotions-semanticscholar,How Live Can a Transactional Memory Be,2009,,,,,semanticscholar,2bc4c700aa734fdbc047c690070a55afecf01ba2,CS081,S201,,CS081,included,no,,0,title-screen,,,,Keyword score is prioritization only; it is not an eligibility or exclusion decision.
CG1606,s2:2c394b2ff13e3c353c32c718fb33d0ccc77c340a,20260731T091700Z-legacy-promotions-semanticscholar,ByteSTM: Java Software Transactional Memory at the Virtual Machine Level,2012,2012-02-08,,,,semanticscholar,2c394b2ff13e3c353c32c718fb33d0ccc77c340a,CS081,S201,,CS081,included,no,,0,title-screen,,,,Keyword score is prioritization only; it is not an eligibility or exclusion decision.
CG1607,s2:2d7694ed12875d39f58979906e84d66c1bb680af,20260731T091700Z-legacy-promotions-semanticscholar,Performance Optimizations for Software Transactional Memory,2010,,,,,semanticscholar,2d7694ed12875d39f58979906e84d66c1bb680af,CS081,S201,,CS081,included,no,,0,title-screen,,,,Keyword score is prioritization only; it is not an eligibility or exclusion decision.
CG1608,s2:2d86cb89b59abf6be8ea9e3e295f6f2aae829a77,20260731T091700Z-legacy-promotions-semanticscholar,Analysis of Amortized Time Complexity of Concurrent Binary Search Tree,2012,,,,,semanticscholar,2d86cb89b59abf6be8ea9e3e295f6f2aae829a77,CS081,S201,,CS081,included,no,,0,title-screen,,,,Keyword score is prioritization only; it is not an eligibility or exclusion decision.
CG1609,s2:2e89a8e14f97f998e8621ee6848ee013201bf107,20260731T091700Z-legacy-promotions-semanticscholar,Speculative protocols for actively replicated transactional systems,2012,,,,,semanticscholar,2e89a8e14f97f998e8621ee6848ee013201bf107,CS081,S201,,CS081,included,no,,0,title-screen,,,,Keyword score is prioritization only; it is not an eligibility or exclusion decision.
CG1610,s2:2e8e032e6c9d066e6b30dc43c643db42a163b547,20260731T091700Z-legacy-promotions-semanticscholar,Enhancing the usability of rely-guarantee conditions for atomicity refinement,2009,,,,,semanticscholar,2e8e032e6c9d066e6b30dc43c643db42a163b547,CS089;CS099,S209;S219,,CS089;CS099,included,no,,0,title-screen,,,,Keyword score is prioritization only; it is not an eligibility or exclusion decision.
CG1611,s2:2f08c47196cf52b14e954897d4e63c444cd6177a,20260731T091700Z-legacy-promotions-semanticscholar,Verifying the DaisyNFS concurrent and crash-safe file system with sequential reasoning,2022,,,,USENIX Symposium on Operating Systems Design and Implementation,semanticscholar,2f08c47196cf52b14e954897d4e63c444cd6177a,CS085,S205,,CS085,included,no,,0,title-screen,,,,Keyword score is prioritization only; it is not an eligibility or exclusion decision.
CG1613,s2:2fe3fbf3ca0c8fdaca70436eec3377f3850bf4ab,20260731T091700Z-legacy-promotions-semanticscholar,Fast transactions for multicore in-memory databases,2013,,,,,semanticscholar,2fe3fbf3ca0c8fdaca70436eec3377f3850bf4ab,CS081,S201,,CS081,included,no,,0,title-screen,,,,Keyword score is prioritization only; it is not an eligibility or exclusion decision.
CG1615,s2:303cd874f35c174cce7ad30f792f9865c71ec5b5,20260731T091700Z-legacy-promotions-semanticscholar,Atomicity for Concurrent Programs Outsourcing Report,2007,,,,,semanticscholar,303cd874f35c174cce7ad30f792f9865c71ec5b5,CS081,S201,,CS081,included,no,,0,title-screen,,,,Keyword score is prioritization only; it is not an eligibility or exclusion decision.
CG1617,s2:3126c36fd02cbaa281106ca3514032acc62972b3,20260731T091700Z-legacy-promotions-semanticscholar,Computer-Assisted Construction of Efficient Concurrent Algorithms,2008,,,,,semanticscholar,3126c36fd02cbaa281106ca3514032acc62972b3,CS081,S201,,CS081,included,no,,0,title-screen,,,,Keyword score is prioritization only; it is not an eligibility or exclusion decision.
CG1618,s2:346b8d9917625c7becb1e5d43ca97538eff20731,20260731T091700Z-legacy-promotions-semanticscholar,Dividing Transactional Memories by Zero,2008,,,,,semanticscholar,346b8d9917625c7becb1e5d43ca97538eff20731,CS081,S201,,CS081,included,no,,0,title-screen,,,,Keyword score is prioritization only; it is not an eligibility or exclusion decision.
CG1619,s2:3668112a6ee2420072cff37fd657e42769f5140a,20260731T091700Z-legacy-promotions-semanticscholar,A Tutorial Introduction to PVS,1998,,,,,semanticscholar,3668112a6ee2420072cff37fd657e42769f5140a,CS105,S225,CS105,,included,no,,0,title-screen,,,,Keyword score is prioritization only; it is not an eligibility or exclusion decision.
CG1620,s2:36a466d0f7b06f24cf32510a2a91d59f62f6f9f5,20260731T091700Z-legacy-promotions-semanticscholar,Debugging with Transactional Memory,2006,,,,,semanticscholar,36a466d0f7b06f24cf32510a2a91d59f62f6f9f5,CS081,S201,,CS081,included,no,,0,title-screen,,,,Keyword score is prioritization only; it is not an eligibility or exclusion decision.
CG1621,s2:36dece5ad604b77b27f25489d0a03fa4c6d591a2,20260731T091700Z-legacy-promotions-semanticscholar,Abstraction Reﬁnement for Separation Logic Program Analyses,2012,,,,,semanticscholar,36dece5ad604b77b27f25489d0a03fa4c6d591a2,CS099,S219,,CS099,included,no,,0,title-screen,,,,Keyword score is prioritization only; it is not an eligibility or exclusion decision.
CG1622,s2:37185ffd1da4f0f78506a1828ac011dd2c3e8327,20260731T091700Z-legacy-promotions-semanticscholar,MSpec: A Design Pattern for Concurrent Data Structures,2012,,,,,semanticscholar,37185ffd1da4f0f78506a1828ac011dd2c3e8327,CS081,S201,,CS081,included,no,,0,title-screen,,,,Keyword score is prioritization only; it is not an eligibility or exclusion decision.
CG1623,s2:37e82166eea6e55e79ca532dcc67c48ef05826ce,20260731T091700Z-legacy-promotions-semanticscholar,A Case for Asymmetric Non-Volatile Memory Architecture,2018,2018-09-25,,,,semanticscholar,37e82166eea6e55e79ca532dcc67c48ef05826ce,CS081,S201,,CS081,included,no,,0,title-screen,,,,Keyword score is prioritization only; it is not an eligibility or exclusion decision.
CG1624,s2:3907f64d1902eed75eb7b2d137e28cebc14c907c,20260731T091700Z-legacy-promotions-semanticscholar,Dynamic Determinism Checking for Structured Parallelism,2014,,,,,semanticscholar,3907f64d1902eed75eb7b2d137e28cebc14c907c,CS099,S219,,CS099,included,no,,0,title-screen,,,,Keyword score is prioritization only; it is not an eligibility or exclusion decision.
CG1625,s2:39719c97d068c9bca7adc737b8df764ab8da0fdf,20260731T091700Z-legacy-promotions-semanticscholar,Transactional Memory Should Not Be Obstruction-Free,2005,,,,,semanticscholar,39719c97d068c9bca7adc737b8df764ab8da0fdf,CS081,S201,,CS081,included,no,,0,title-screen,,,,Keyword score is prioritization only; it is not an eligibility or exclusion decision.
CG1626,s2:39ac2cf93e9764287b3a1f266c87b7616d77fa3a,20260731T091700Z-legacy-promotions-semanticscholar,Randomization in STM Contention Management ∗,2005,,,,,semanticscholar,39ac2cf93e9764287b3a1f266c87b7616d77fa3a,CS081,S201,,CS081,included,no,,0,title-screen,,,,Keyword score is prioritization only; it is not an eligibility or exclusion decision.
CG1628,s2:3a96b980e8436660ebc488b438849d712f29a606,20260731T091700Z-legacy-promotions-semanticscholar,Controlling multibody dynamics via browsing and time reversal,2008,,,,,semanticscholar,3a96b980e8436660ebc488b438849d712f29a606,CS081,S201,,CS081,included,no,,0,title-screen,,,,Keyword score is prioritization only; it is not an eligibility or exclusion decision.
CG1629,s2:3c753cfede05ae48ce9ac3ab0968b29b2ce2d3ca,20260731T091700Z-legacy-promotions-semanticscholar,1 Programming and Proving with Distributed Protocols,2017,,,,,semanticscholar,3c753cfede05ae48ce9ac3ab0968b29b2ce2d3ca,CS085,S205,,CS085,included,no,,0,title-screen,,,,Keyword score is prioritization only; it is not an eligibility or exclusion decision.
CG1630,s2:3c874433b330676b693ffe45fedd9d2d10b0b767,20260731T091700Z-legacy-promotions-semanticscholar,Building Correct Programs Research Statement,2017,,,,,semanticscholar,3c874433b330676b693ffe45fedd9d2d10b0b767,CS103,S223,,CS103,included,no,,0,title-screen,,,,Keyword score is prioritization only; it is not an eligibility or exclusion decision.
CG1631,s2:3ed50fae72ff4b289c51480f11ab02eda9a6dfbb,20260731T091700Z-legacy-promotions-semanticscholar,Deadlock avoidance for distributed real-time and embedded systems,2007,,,,,semanticscholar,3ed50fae72ff4b289c51480f11ab02eda9a6dfbb,CS088,S208,CS088,,included,no,,0,title-screen,,,,Keyword score is prioritization only; it is not an eligibility or exclusion decision.
CG1632,s2:3ef62502eb0016f8d001edd88fe85b4fce695a11,20260731T091700Z-legacy-promotions-semanticscholar,Review of Nesting in Transactional Memory,2012,,,,,semanticscholar,3ef62502eb0016f8d001edd88fe85b4fce695a11,CS081,S201,,CS081,included,no,,0,title-screen,,,,Keyword score is prioritization only; it is not an eligibility or exclusion decision.
CG1633,s2:425f174fa3f7bc6a55aeddbafbebdca681b84cc4,20260731T091700Z-legacy-promotions-semanticscholar,"Transactional Memory Technique Principles , Design , and Implementation Trade-offs",2009,,,,,semanticscholar,425f174fa3f7bc6a55aeddbafbebdca681b84cc4,CS081,S201,,CS081,included,no,,0,title-screen,,,,Keyword score is prioritization only; it is not an eligibility or exclusion decision.
CG1635,s2:44f35b6fe0c24c9f00c1b5a563de19a78277cf3f,20260731T091700Z-legacy-promotions-semanticscholar,Verifying distributed system implementations ( Description ) 1,2015,,,,,semanticscholar,44f35b6fe0c24c9f00c1b5a563de19a78277cf3f,CS103,S223,,CS103,included,no,,0,title-screen,,,,Keyword score is prioritization only; it is not an eligibility or exclusion decision.
CG1637,s2:46a42592aa2699672ba0e1a4e604407b5c1f34b6,20260731T091700Z-legacy-promotions-semanticscholar,Dynamic Adaptations of Synchronization Granularity in Concurrent Data Structures,2018,,,,,semanticscholar,46a42592aa2699672ba0e1a4e604407b5c1f34b6,CS081,S201,,CS081,included,no,,0,title-screen,,,,Keyword score is prioritization only; it is not an eligibility or exclusion decision.
CG1638,s2:46d1d85b1c31904ac07edfaa4730cec40a228e2b,20260731T091700Z-legacy-promotions-semanticscholar,"Verifying concurrent programs: Refinement, synchronization, sequentialization",2020,,,,,semanticscholar,46d1d85b1c31904ac07edfaa4730cec40a228e2b,CS100,S220,,CS100,included,no,,0,title-screen,,,,Keyword score is prioritization only; it is not an eligibility or exclusion decision.
CG1639,s2:472f354dcaa6f122cde50874188618ac2f6ec8b8,20260731T091700Z-legacy-promotions-semanticscholar,Techniques for building highly concurrent data structures,2007,,,,,semanticscholar,472f354dcaa6f122cde50874188618ac2f6ec8b8,CS081,S201,,CS081,included,no,,0,title-screen,,,,Keyword score is prioritization only; it is not an eligibility or exclusion decision.
CG1641,s2:4aa113dd4d5cb0c1a8bf8557cd6c9c35fac3d934,20260731T091700Z-legacy-promotions-semanticscholar,Cache Coherence in Distributed and Replicated Transactional Memory Systems,2009,,,,,semanticscholar,4aa113dd4d5cb0c1a8bf8557cd6c9c35fac3d934,CS081,S201,,CS081,included,no,,0,title-screen,,,,Keyword score is prioritization only; it is not an eligibility or exclusion decision.
CG1643,s2:4e8dd370cf9b6d6f6179cfb8cf2e529814e193c9,20260731T091700Z-legacy-promotions-semanticscholar,1 Concurrent Data Structures,2005,,,,,semanticscholar,4e8dd370cf9b6d6f6179cfb8cf2e529814e193c9,CS081,S201,,CS081,included,no,,0,title-screen,,,,Keyword score is prioritization only; it is not an eligibility or exclusion decision.
CG1644,s2:4f5f69298d1791671d5bb56c4331b1f59d6fd019,20260731T091700Z-legacy-promotions-semanticscholar,Occualizer: Optimistic Concurrent Search Trees From Sequential Code,2022,,,,USENIX Symposium on Operating Systems Design and Implementation,semanticscholar,4f5f69298d1791671d5bb56c4331b1f59d6fd019,CS081;CS089,S201;S209,,CS081;CS089,included,no,,0,title-screen,,,,Keyword score is prioritization only; it is not an eligibility or exclusion decision.
CG1645,s2:4ff2398bd0c823022124165feeb2cc42e8187643,20260731T091700Z-legacy-promotions-semanticscholar,Local Reasoning on Recursive Data Structures,2017,,,,,semanticscholar,4ff2398bd0c823022124165feeb2cc42e8187643,CS085,S205,,CS085,included,no,,0,title-screen,,,,Keyword score is prioritization only; it is not an eligibility or exclusion decision.
CG1646,s2:5007eac51256b80481edc4342ccb4b0673b3e8bb,20260731T091700Z-legacy-promotions-semanticscholar,Large-Scale Distributed Runtime System for DAG-Based Computational Framework,2014,,,,,semanticscholar,5007eac51256b80481edc4342ccb4b0673b3e8bb,CS081,S201,,CS081,included,no,,0,title-screen,,,,Keyword score is prioritization only; it is not an eligibility or exclusion decision.
CG1647,s2:50629004ea1107d508bc42be0400f45bddae7fe7,20260731T091700Z-legacy-promotions-semanticscholar,2 Specifying and Implementing Systems via DPC,2018,,,,,semanticscholar,50629004ea1107d508bc42be0400f45bddae7fe7,CS085,S205,,CS085,included,no,,0,title-screen,,,,Keyword score is prioritization only; it is not an eligibility or exclusion decision.
CG1648,s2:50b7c1ecade8f1b0c7295cd9fed64e1db3f57b66,20260731T091700Z-legacy-promotions-semanticscholar,High-Performance Composable Transactional Data Structures,2016,,,,,semanticscholar,50b7c1ecade8f1b0c7295cd9fed64e1db3f57b66,CS081,S201,,CS081,included,no,,0,title-screen,,,,Keyword score is prioritization only; it is not an eligibility or exclusion decision.
CG1650,s2:5223c9dfd3440c510d246647e166a5b30427956d,20260731T091700Z-legacy-promotions-semanticscholar,Linearizability Monitoring,,,,,,semanticscholar,5223c9dfd3440c510d246647e166a5b30427956d,CS085;CS100;CS102,S205;S220;S222,,CS085;CS100;CS102,unknown-date,no,,0,manual-date-check,,,,Keyword score is prioritization only; it is not an eligibility or exclusion decision.
CG1651,s2:52c58d1ea24204cf20f51fe13fbcbd8e94f57a44,20260731T091700Z-legacy-promotions-semanticscholar,Abstract data and local reasoning,2011,,,,,semanticscholar,52c58d1ea24204cf20f51fe13fbcbd8e94f57a44,CS089,S209,,CS089,included,no,,0,title-screen,,,,Keyword score is prioritization only; it is not an eligibility or exclusion decision.
CG1652,s2:52d53bdfa523f981494ef9c76cdbab87cd73c512,20260731T091700Z-legacy-promotions-semanticscholar,The Performance Implications of Spin-Waiting Alternatives for Shared-Memory Multiprocessors,1989,,,,International Conference on Parallel Processing,semanticscholar,52d53bdfa523f981494ef9c76cdbab87cd73c512,CS088,S208,CS088,,included,no,,0,title-screen,,,,Keyword score is prioritization only; it is not an eligibility or exclusion decision.
CG1653,s2:53bb6563143ce35cab027ae732e540538b9473dc,20260731T091700Z-legacy-promotions-semanticscholar,Transaction Synchronizers,2005,,,,,semanticscholar,53bb6563143ce35cab027ae732e540538b9473dc,CS081,S201,,CS081,included,no,,0,title-screen,,,,Keyword score is prioritization only; it is not an eligibility or exclusion decision.
CG1654,s2:53fa0d47aecdca611e6e2b07e617a604dc122ff4,20260731T091700Z-legacy-promotions-semanticscholar,Open Questions Surrounding RCU,2009,,,,,semanticscholar,53fa0d47aecdca611e6e2b07e617a604dc122ff4,CS081,S201,,CS081,included,no,,0,title-screen,,,,Keyword score is prioritization only; it is not an eligibility or exclusion decision.
CG1655,s2:5504cfba3baba433174af34b86a8537b5a6042ae,20260731T091700Z-legacy-promotions-semanticscholar,Memory model sensitive analysis of concurrent data types,2007,,,,,semanticscholar,5504cfba3baba433174af34b86a8537b5a6042ae,CS081,S201,,CS081,included,no,,0,title-screen,,,,Keyword score is prioritization only; it is not an eligibility or exclusion decision.
CG1656,s2:552a471926ac4bc6c6c4861c06debc9bfa34f200,20260731T091700Z-legacy-promotions-semanticscholar,Pointer Race Freedom FIT BUT Technical Report Series,2015,,,,,semanticscholar,552a471926ac4bc6c6c4861c06debc9bfa34f200,CS099,S219,,CS099,included,no,,0,title-screen,,,,Keyword score is prioritization only; it is not an eligibility or exclusion decision.
CG1657,s2:552bf92d151f1aa4e9be3cb189533a9126e6151d,20260731T091700Z-legacy-promotions-semanticscholar,Using Variable Conflict Granularity to Improve the Performance of Transactional Memory Support for Games,2015,2015-11-01,,,,semanticscholar,552bf92d151f1aa4e9be3cb189533a9126e6151d,CS081,S201,,CS081,included,no,,0,title-screen,,,,Keyword score is prioritization only; it is not an eligibility or exclusion decision.
CG1659,s2:55ca2a4d9bc19ffeddd7f3f6b1afcb093c9474ae,20260731T091700Z-legacy-promotions-semanticscholar,"Resizable, Scalable, Concurrent Hash Tables via Relativistic Programming",2011,2011-06-15,,,USENIX Annual Technical Conference,semanticscholar,55ca2a4d9bc19ffeddd7f3f6b1afcb093c9474ae,CS081,S201,,CS081,included,no,,0,title-screen,,,,Keyword score is prioritization only; it is not an eligibility or exclusion decision.
CG1660,s2:56aae03070f36fbcdc99b6b42c2645afcd677cd1,20260731T091700Z-legacy-promotions-semanticscholar,This paper is included in the Proceedings of the 17th USENIX Symposium on Operating Systems Design and Implementation,,,,,,semanticscholar,56aae03070f36fbcdc99b6b42c2645afcd677cd1,CS086,S206,,CS086,unknown-date,no,,0,manual-date-check,,,,Keyword score is prioritization only; it is not an eligibility or exclusion decision.
CG1661,s2:57cc53fa916d1bdb24a68f7f0ce9d441523c9f4c,20260731T091700Z-legacy-promotions-semanticscholar,Accelerating Transactional Memory by Exploiting Platform Specificity,2015,,,,,semanticscholar,57cc53fa916d1bdb24a68f7f0ce9d441523c9f4c,CS081,S201,,CS081,included,no,,0,title-screen,,,,Keyword score is prioritization only; it is not an eligibility or exclusion decision.
CG1663,s2:580ce4cee1d9f9ca1b187305187a75bafb94b7b2,20260731T091700Z-legacy-promotions-semanticscholar,Symbolic shape analysis,2009,,,,,semanticscholar,580ce4cee1d9f9ca1b187305187a75bafb94b7b2,CS097,S217,,CS097,included,no,,0,title-screen,,,,Keyword score is prioritization only; it is not an eligibility or exclusion decision.
CG1664,s2:5a27e5b70b60f6354f922ff6698aba33c9d74619,20260731T091700Z-legacy-promotions-semanticscholar,Mapping OCL as a Query and Constraint Language,2017,2017-06-30,,,,semanticscholar,5a27e5b70b60f6354f922ff6698aba33c9d74619,CS088,S208,,CS088,included,no,,0,title-screen,,,,Keyword score is prioritization only; it is not an eligibility or exclusion decision.
CG1665,s2:5a3192a1e924a48244a8597c26af4205a198fb33,20260731T091700Z-legacy-promotions-semanticscholar,Logics and analyses for concurrent heap-manipulating programs,2011,2011-02-14,,,,semanticscholar,5a3192a1e924a48244a8597c26af4205a198fb33,CS089;CS096;CS097,S209;S216;S217,,CS089;CS096;CS097,included,no,,0,title-screen,,,,Keyword score is prioritization only; it is not an eligibility or exclusion decision.
CG1666,s2:5a931e768a9e18c77c27dd0a4c01c7702c105c2c,20260731T091700Z-legacy-promotions-semanticscholar,Component Lifecycle and Concurrency Model in Usage Control (UCON) System,2014,2014-10-02,,,,semanticscholar,5a931e768a9e18c77c27dd0a4c01c7702c105c2c,CS079,S199,,CS079,included,no,,0,title-screen,,,,Keyword score is prioritization only; it is not an eligibility or exclusion decision.
CG1667,s2:5ab540b4b5238211c2d1957c126c332297d299a2,20260731T091700Z-legacy-promotions-semanticscholar,Algebraic principles for program correctness tools in Isabelle/HOL,2015,2015-11-01,,,,semanticscholar,5ab540b4b5238211c2d1957c126c332297d299a2,CS089,S209,,CS089,included,no,,0,title-screen,,,,Keyword score is prioritization only; it is not an eligibility or exclusion decision.
CG1668,s2:5af6c627ca56be963e9f1896c9f248923cb0963b,20260731T091700Z-legacy-promotions-semanticscholar,Parallel Proofs for Parallel Programs,2016,2016-11-01,,,,semanticscholar,5af6c627ca56be963e9f1896c9f248923cb0963b,CS097,S217,,CS097,included,no,,0,title-screen,,,,Keyword score is prioritization only; it is not an eligibility or exclusion decision.
CG1670,s2:5b445197453399b5d3dde46011d33f66d62921f7,20260731T091700Z-legacy-promotions-semanticscholar,Closer to Reliable Software: Verifying Functional Behaviour of Concurrent Programs,2015,2015-10-01,,,,semanticscholar,5b445197453399b5d3dde46011d33f66d62921f7,CS089;CS100,S209;S220,,CS089;CS100,included,no,,0,title-screen,,,,Keyword score is prioritization only; it is not an eligibility or exclusion decision.
CG1671,s2:5bbabefeb2c751d4f8f61acb3891b68c50ddd8d5,20260731T091700Z-legacy-promotions-semanticscholar,Proposal : System Design for Chip Multiprocessor,2004,,,,,semanticscholar,5bbabefeb2c751d4f8f61acb3891b68c50ddd8d5,CS081,S201,,CS081,included,no,,0,title-screen,,,,Keyword score is prioritization only; it is not an eligibility or exclusion decision.
CG1672,s2:5ca050378c9e45bb0215a558ebd18d9fad7cc8bc,20260731T091700Z-legacy-promotions-semanticscholar,Ronneby Sweden Performance Tradeoffs in Software Transactional Memory,2010,,,,,semanticscholar,5ca050378c9e45bb0215a558ebd18d9fad7cc8bc,CS081,S201,,CS081,included,no,,0,title-screen,,,,Keyword score is prioritization only; it is not an eligibility or exclusion decision.
CG1673,s2:5ca5e0afaa78e380b6ae1b3ccd96e4313db9d5a0,20260731T091700Z-legacy-promotions-semanticscholar,Proposal for ACDC2011 Doctoral Symposium,2010,,,,,semanticscholar,5ca5e0afaa78e380b6ae1b3ccd96e4313db9d5a0,CS089,S209,,CS089,included,no,,0,title-screen,,,,Keyword score is prioritization only; it is not an eligibility or exclusion decision.
CG1674,s2:5d1f488d5a81ba390c70eda75c1b63feea192119,20260731T091700Z-legacy-promotions-semanticscholar,A concurrency model based on monadic interpreters: executable semantics for a concurrent subset of LLVM IR,,,,,,semanticscholar,5d1f488d5a81ba390c70eda75c1b63feea192119,CS106,S226,,CS106,unknown-date,no,,0,manual-date-check,,,,Keyword score is prioritization only; it is not an eligibility or exclusion decision.
CG1675,s2:5d24eee276c2dc32f0d426edbe078a045bc93639,20260731T091700Z-legacy-promotions-semanticscholar,1 Concurrent Data Structures,2004,,,,,semanticscholar,5d24eee276c2dc32f0d426edbe078a045bc93639,CS081,S201,,CS081,included,no,,0,title-screen,,,,Keyword score is prioritization only; it is not an eligibility or exclusion decision.
CG1676,s2:5d3c7e0458e17d270162fb74cd853c2f1616ec69,20260731T091700Z-legacy-promotions-semanticscholar,Software lock elision for x86 machine code,2011,2011-08-26,,,,semanticscholar,5d3c7e0458e17d270162fb74cd853c2f1616ec69,CS081,S201,,CS081,included,no,,0,title-screen,,,,Keyword score is prioritization only; it is not an eligibility or exclusion decision.
CG1678,s2:5d84a5d1d91df9f6b91d180994b3097227d4bb4a,20260731T091700Z-legacy-promotions-semanticscholar,What Really Makes Transactions Faster,2006,,,,,semanticscholar,5d84a5d1d91df9f6b91d180994b3097227d4bb4a,CS081,S201,,CS081,included,no,,0,title-screen,,,,Keyword score is prioritization only; it is not an eligibility or exclusion decision.
CG1679,s2:5da19243969b116ff51aa7ea3b2d7bdd5eb79822,20260731T091700Z-legacy-promotions-semanticscholar,IRWIN AND JOAN JACOBS CENTER FOR COMMUNICATION AND INFORMATION TECHNOLOGIES,2009,,,,,semanticscholar,5da19243969b116ff51aa7ea3b2d7bdd5eb79822,CS081,S201,,CS081,included,no,,0,title-screen,,,,Keyword score is prioritization only; it is not an eligibility or exclusion decision.
CG1680,s2:5f1004c455821375dcf1acc944ba51a98c464a15,20260731T091700Z-legacy-promotions-semanticscholar,Reactive Concurrent Data Structures and Algorithms for Synchronization,2006,,,,,semanticscholar,5f1004c455821375dcf1acc944ba51a98c464a15,CS081,S201,,CS081,included,no,,0,title-screen,,,,Keyword score is prioritization only; it is not an eligibility or exclusion decision.
CG1681,s2:5fa3496ccc490cf1b1f73926d52c34db028068b8,20260731T091700Z-legacy-promotions-semanticscholar,Commit Phase Variations in Timestamp-based Software Transactional Memory,2008,,,,,semanticscholar,5fa3496ccc490cf1b1f73926d52c34db028068b8,CS081,S201,,CS081,included,no,,0,title-screen,,,,Keyword score is prioritization only; it is not an eligibility or exclusion decision.
CG1683,s2:60ea999e458503f3870a6171e5663768576170ab,20260731T091700Z-legacy-promotions-semanticscholar,Abstracting Interference in Postconditions,2014,,,,,semanticscholar,60ea999e458503f3870a6171e5663768576170ab,CS089,S209,,CS089,included,no,,0,title-screen,,,,Keyword score is prioritization only; it is not an eligibility or exclusion decision.
CG1684,s2:6201167a795cf45de9332089cf2dc0d3e56bbede,20260731T091700Z-legacy-promotions-semanticscholar,Intégration de systèmes hétérogènes en termes de niveaux de sécurité. (Integration of systems with heterogeneous security levels),2009,,,,,semanticscholar,6201167a795cf45de9332089cf2dc0d3e56bbede,CS081,S201,,CS081,included,no,,0,title-screen,,,,Keyword score is prioritization only; it is not an eligibility or exclusion decision.
CG1685,s2:622e8671f55689373556696aa41304569e81a0bf,20260731T091700Z-legacy-promotions-semanticscholar,Library Abstraction for C / C + + Concurrency — extended version —,2012,,,,,semanticscholar,622e8671f55689373556696aa41304569e81a0bf,CS079,S199,,CS079,included,no,,0,title-screen,,,,Keyword score is prioritization only; it is not an eligibility or exclusion decision.
CG1686,s2:62d37506aa287216712fa36e11a47e054f069d03,20260731T091700Z-legacy-promotions-semanticscholar,Compiler Assisted Speculation for Multithreaded Systems,2015,,,,,semanticscholar,62d37506aa287216712fa36e11a47e054f069d03,CS081,S201,,CS081,included,no,,0,title-screen,,,,Keyword score is prioritization only; it is not an eligibility or exclusion decision.
CG1687,s2:62d6a8421e1a84a76639cc526ec96b48db24fa47,20260731T091700Z-legacy-promotions-semanticscholar,1 Local Reasoning for Global Graph Properties,2019,,,,,semanticscholar,62d6a8421e1a84a76639cc526ec96b48db24fa47,CS085,S205,,CS085,included,no,,0,title-screen,,,,Keyword score is prioritization only; it is not an eligibility or exclusion decision.
CG1688,s2:6354eda7cd55f513e9d37ac2ef84875db101f04f,20260731T091700Z-legacy-promotions-semanticscholar,1 Verifying Concurrent Search Structure Templates,2019,,,,,semanticscholar,6354eda7cd55f513e9d37ac2ef84875db101f04f,CS085;CS099;CS102,S205;S219;S222,,CS085;CS099;CS102,included,no,,0,title-screen,,,,Keyword score is prioritization only; it is not an eligibility or exclusion decision.
CG1689,s2:636255e0424860661cdd67bd1cd4c5c561ddc20a,20260731T091700Z-legacy-promotions-semanticscholar,Small Speciﬁcations for Tree Update (Full Version),2011,,,,,semanticscholar,636255e0424860661cdd67bd1cd4c5c561ddc20a,CS089,S209,,CS089,included,no,,0,title-screen,,,,Keyword score is prioritization only; it is not an eligibility or exclusion decision.
CG1690,s2:63eb80720b4f53ab63f045c28e0f32f8ac8aba3e,20260731T091700Z-legacy-promotions-semanticscholar,Lightweight Specifications for Parallel Correctness,2012,,,,,semanticscholar,63eb80720b4f53ab63f045c28e0f32f8ac8aba3e,CS099,S219,,CS099,included,no,,0,title-screen,,,,Keyword score is prioritization only; it is not an eligibility or exclusion decision.
CG1692,s2:69006441b760aa15e95e6454b9da5717a1e93196,20260731T091700Z-legacy-promotions-semanticscholar,Performance Comparison of Software Transactional Memory Implementations,2007,,,,,semanticscholar,69006441b760aa15e95e6454b9da5717a1e93196,CS081,S201,,CS081,included,no,,0,title-screen,,,,Keyword score is prioritization only; it is not an eligibility or exclusion decision.
CG1694,s2:6a6a5e5856d7e03e1639708c7e815a1b138bee37,20260731T091700Z-legacy-promotions-semanticscholar,Message Passing with Communication Structures,2006,2006-04-01,,,,semanticscholar,6a6a5e5856d7e03e1639708c7e815a1b138bee37,CS081,S201,,CS081,included,no,,0,title-screen,,,,Keyword score is prioritization only; it is not an eligibility or exclusion decision.
CG1697,s2:6b75fb2471bfff668fa72f236e4f48c1ce44d153,20260731T091700Z-legacy-promotions-semanticscholar,2 Specifying and Implementing Systems with DPC,2018,,,,,semanticscholar,6b75fb2471bfff668fa72f236e4f48c1ce44d153,CS085,S205,,CS085,included,no,,0,title-screen,,,,Keyword score is prioritization only; it is not an eligibility or exclusion decision.
CG1698,s2:6d77a003bd1d1d65dd5c393d1e72ea23f5cc0346,20260731T091700Z-legacy-promotions-semanticscholar,Seven Aspects of Software Transactional Memory APPROVED BY SUPERVISING COMMITTEE:,2009,,,,,semanticscholar,6d77a003bd1d1d65dd5c393d1e72ea23f5cc0346,CS081,S201,,CS081,included,no,,0,title-screen,,,,Keyword score is prioritization only; it is not an eligibility or exclusion decision.
CG1700,s2:6de9aeb40d896bec7b30c0a6e7a8f73f7b659c23,20260731T091700Z-legacy-promotions-semanticscholar,unreadTVar: Extending Haskell Software Transactional Memory for Performance,2007,,,,Symposium on Trends in Functional Programming,semanticscholar,6de9aeb40d896bec7b30c0a6e7a8f73f7b659c23,CS081,S201,,CS081,included,no,,0,title-screen,,,,Keyword score is prioritization only; it is not an eligibility or exclusion decision.
CG1701,s2:6e98020f06ac97e05a4edcaa8fe6a72a0aabd3b6,20260731T091700Z-legacy-promotions-semanticscholar,Proposal Verifying Concurrent Randomized Algorithms,2017,,,,,semanticscholar,6e98020f06ac97e05a4edcaa8fe6a72a0aabd3b6,CS101,S221,,CS101,included,no,,0,title-screen,,,,Keyword score is prioritization only; it is not an eligibility or exclusion decision.
CG1703,s2:6f1fd71efa5590847ddde1de19e2c9d004df132c,20260731T091700Z-legacy-promotions-semanticscholar,Integrating Transactional Memory into C,2007,,,,,semanticscholar,6f1fd71efa5590847ddde1de19e2c9d004df132c,CS081,S201,,CS081,included,no,,0,title-screen,,,,Keyword score is prioritization only; it is not an eligibility or exclusion decision.
CG1704,s2:6f2f931f9227ac6cf5a3630773e97d6663ff32dc,20260731T091700Z-legacy-promotions-semanticscholar,Analytical Comparison of Reﬁnement Checkers,2011,,,,,semanticscholar,6f2f931f9227ac6cf5a3630773e97d6663ff32dc,CS082,S202,,CS082,included,no,,0,title-screen,,,,Keyword score is prioritization only; it is not an eligibility or exclusion decision.
CG1705,s2:6f56e475209603fa2ab9fc48e6e89adee7435ffa,20260731T091700Z-legacy-promotions-semanticscholar,Embedding rely-guarantee reasoning in temporal logic,2010,,,,,semanticscholar,6f56e475209603fa2ab9fc48e6e89adee7435ffa,CS089;CS098,S209;S218,,CS089;CS098,included,no,,0,title-screen,,,,Keyword score is prioritization only; it is not an eligibility or exclusion decision.
CG1706,s2:6fa97019eab691d67075011ac607a60c8018f037,20260731T091700Z-legacy-promotions-semanticscholar,Domain Pattern Abstraction + Ptolemaic Abstract Domains = Environment Abstraction for Concurrent Systems,2008,,,,,semanticscholar,6fa97019eab691d67075011ac607a60c8018f037,CS097,S217,,CS097,included,no,,0,title-screen,,,,Keyword score is prioritization only; it is not an eligibility or exclusion decision.
CG1709,s2:71b051fc0497f5ebebfc874fc306904f3f013330,20260731T091700Z-legacy-promotions-semanticscholar,Heaps and Hops,2011,,,,,semanticscholar,71b051fc0497f5ebebfc874fc306904f3f013330,CS089,S209,,CS089,included,no,,0,title-screen,,,,Keyword score is prioritization only; it is not an eligibility or exclusion decision.
CG1710,s2:71e528f9de2737fdf2bd2c74814d9aea438468fb,20260731T091700Z-legacy-promotions-semanticscholar,Creating a Concurrent In-Memory B-Tree Optimized for NUMA Systems,2015,2015-09-11,,,,semanticscholar,71e528f9de2737fdf2bd2c74814d9aea438468fb,CS081,S201,,CS081,included,no,,0,title-screen,,,,Keyword score is prioritization only; it is not an eligibility or exclusion decision.
CG1712,s2:74c2b129f8cf23bf4b5f034b40f9d41ae2b42c5b,20260731T091700Z-legacy-promotions-semanticscholar,Fully Automated Shape Analysis Based on Forest Automata,2014,2014-06-10,,,,semanticscholar,74c2b129f8cf23bf4b5f034b40f9d41ae2b42c5b,CS088,S208,CS088,,included,no,,0,title-screen,,,,Keyword score is prioritization only; it is not an eligibility or exclusion decision.
CG1713,s2:74d3ec189b7e399fd8e6ef5848da6e96d48714c5,20260731T091700Z-legacy-promotions-semanticscholar,Distributed Universal Constructions: a Guided Tour,2017,2017-02-15,,,Bull. EATCS,semanticscholar,74d3ec189b7e399fd8e6ef5848da6e96d48714c5,CS081,S201,,CS081,included,no,,0,title-screen,,,,Keyword score is prioritization only; it is not an eligibility or exclusion decision.
CG1718,s2:7812b5501d3138e80987834b2b9dbeb9ba4e308b,20260731T091700Z-legacy-promotions-semanticscholar,TIPS: Making Volatile Index Structures Persistent with DRAM-NVMM Tiering,2021,,,,USENIX Annual Technical Conference,semanticscholar,7812b5501d3138e80987834b2b9dbeb9ba4e308b,CS081,S201,,CS081,included,no,,0,title-screen,,,,Keyword score is prioritization only; it is not an eligibility or exclusion decision.
CG1720,s2:78d23872357154036df472d47eb225a0d5191169,20260731T091700Z-legacy-promotions-semanticscholar,A Theory of Vertically Composable Transactional Objects,2016,,,,,semanticscholar,78d23872357154036df472d47eb225a0d5191169,CS080;CS089,S200;S209,,CS080;CS089,included,no,,0,title-screen,,,,Keyword score is prioritization only; it is not an eligibility or exclusion decision.
CG1722,s2:797e2f544c9bc26da865cc5b7098965b2f9b1533,20260731T091700Z-legacy-promotions-semanticscholar,adaptSTM - An Online Fine-grained Adaptive STM System,2010,,,,,semanticscholar,797e2f544c9bc26da865cc5b7098965b2f9b1533,CS081,S201,,CS081,included,no,,0,title-screen,,,,Keyword score is prioritization only; it is not an eligibility or exclusion decision.
CG1723,s2:7a488b6c26a9fd8d3486c28745cfe804e9b29ae6,20260731T091700Z-legacy-promotions-semanticscholar,Mechanising an algebraic rely-guarantee refinement calculus,2017,,,,,semanticscholar,7a488b6c26a9fd8d3486c28745cfe804e9b29ae6,CS089,S209,,CS089,included,no,,0,title-screen,,,,Keyword score is prioritization only; it is not an eligibility or exclusion decision.
CG1724,s2:7ab0aa058ef5980b98dea4ace24fc6ecea1157ea,20260731T091700Z-legacy-promotions-semanticscholar,Technical Report : Contention Adapting Search Trees,2015,,,,,semanticscholar,7ab0aa058ef5980b98dea4ace24fc6ecea1157ea,CS081,S201,,CS081,included,no,,0,title-screen,,,,Keyword score is prioritization only; it is not an eligibility or exclusion decision.
CG1725,s2:7be6d751f8527b94a32761844453c1a7632969bc,20260731T091700Z-legacy-promotions-semanticscholar,Memory Management for Concurrent Data Structures on Hardware Transactional Memory,2017,,,,,semanticscholar,7be6d751f8527b94a32761844453c1a7632969bc,CS081,S201,,CS081,included,no,,0,title-screen,,,,Keyword score is prioritization only; it is not an eligibility or exclusion decision.
CG1726,s2:7d6efb2af7b72b373ef03124ec9c635d1536a8a3,20260731T091700Z-legacy-promotions-semanticscholar,Algorithm for Edge Antimagic Labeling for Specific Classes of Graphs,2016,,,,,semanticscholar,7d6efb2af7b72b373ef03124ec9c635d1536a8a3,CS081,S201,,CS081,included,no,,0,title-screen,,,,Keyword score is prioritization only; it is not an eligibility or exclusion decision.
CG1727,s2:7d7adb58bca1d6993bb97bf4d3b7ffa31d476b6c,20260731T091700Z-legacy-promotions-semanticscholar,Verifying Fine-Grained Concurrent Data Structures,2018,,,,,semanticscholar,7d7adb58bca1d6993bb97bf4d3b7ffa31d476b6c,CS103,S223,,CS103,included,no,,0,title-screen,,,,Keyword score is prioritization only; it is not an eligibility or exclusion decision.
CG1728,s2:7e0ede2c4123b8b9689968067ae51bb9a15a5674,20260731T091700Z-legacy-promotions-semanticscholar,Sound and Complete Reachability Analysis under PSO,2013,,,,,semanticscholar,7e0ede2c4123b8b9689968067ae51bb9a15a5674,CS081,S201,,CS081,included,no,,0,title-screen,,,,Keyword score is prioritization only; it is not an eligibility or exclusion decision.
CG1729,s2:7e746c37f5eb477d2564bfae6364e292b69b5362,20260731T091700Z-legacy-promotions-semanticscholar,This paper is included in the Proceedings of the 17th USENIX Symposium on Operating Systems Design and Implementation,,,,,,semanticscholar,7e746c37f5eb477d2564bfae6364e292b69b5362,CS081,S201,,CS081,unknown-date,no,,0,manual-date-check,,,,Keyword score is prioritization only; it is not an eligibility or exclusion decision.
CG1731,s2:7f022c596f8b8eb913b5d09b9db60eaaacf8a16d,20260731T091700Z-legacy-promotions-semanticscholar,The SprayList : a scalable relaxed priority queue Citation,2014,,,,,semanticscholar,7f022c596f8b8eb913b5d09b9db60eaaacf8a16d,CS081,S201,,CS081,included,no,,0,title-screen,,,,Keyword score is prioritization only; it is not an eligibility or exclusion decision.
CG1732,s2:800db8fcef6c039d7bda383782b88f6f4110309c,20260731T091700Z-legacy-promotions-semanticscholar,"Distributive and parallel problem solving - methods, data structures and algorithms",2012,,,,,semanticscholar,800db8fcef6c039d7bda383782b88f6f4110309c,CS081,S201,,CS081,included,no,,0,title-screen,,,,Keyword score is prioritization only; it is not an eligibility or exclusion decision.
CG1733,s2:83e80751a27d9db409f103d0ec168b925a160ac5,20260731T091700Z-legacy-promotions-semanticscholar,Verifying an I/O-concurrent file system,2017,,,,,semanticscholar,83e80751a27d9db409f103d0ec168b925a160ac5,CS085,S205,,CS085,included,no,,0,title-screen,,,,Keyword score is prioritization only; it is not an eligibility or exclusion decision.
CG1734,s2:845c3f881817ad776bcd963d74d4b25f20450efd,20260731T091700Z-legacy-promotions-semanticscholar,Constraint-Based Thread-Modular Abstract Interpretation,2018,2018-07-25,,,,semanticscholar,845c3f881817ad776bcd963d74d4b25f20450efd,CS097,S217,,CS097,included,no,,0,title-screen,,,,Keyword score is prioritization only; it is not an eligibility or exclusion decision.
CG1735,s2:8485db7d024a410d48e777b53a53307ef53fd898,20260731T091700Z-legacy-promotions-semanticscholar,Reasoning about Backward Compatibility of Class Libraries,2013,,,,,semanticscholar,8485db7d024a410d48e777b53a53307ef53fd898,CS079,S199,,CS079,included,no,,0,title-screen,,,,Keyword score is prioritization only; it is not an eligibility or exclusion decision.
CG1736,s2:85144b096b49a636f97a1607521da38cc87cc1b9,20260731T091700Z-legacy-promotions-semanticscholar,Verifying Optimistic Algorithms Should be Easy ( Position Paper ),2009,,,,,semanticscholar,85144b096b49a636f97a1607521da38cc87cc1b9,CS096;CS097;CS099,S216;S217;S219,,CS096;CS097;CS099,included,no,,0,title-screen,,,,Keyword score is prioritization only; it is not an eligibility or exclusion decision.
CG1738,s2:87da43f98f900a4b821bcc3d0905990932d1783b,20260731T091700Z-legacy-promotions-semanticscholar,First order proofs for concurrent programs,2016,2016-06-01,,,,semanticscholar,87da43f98f900a4b821bcc3d0905990932d1783b,CS088,S208,,CS088,included,no,,0,title-screen,,,,Keyword score is prioritization only; it is not an eligibility or exclusion decision.
CG1740,s2:88965863983fa449252853f64e9b62e2815f6981,20260731T091700Z-legacy-promotions-semanticscholar,"First ACM SIGPLAN Workshop on Languages, compilers and Hardware Support for Transactional Computing",2006,,,,,semanticscholar,88965863983fa449252853f64e9b62e2815f6981,CS081,S201,,CS081,included,no,,0,title-screen,,,,Keyword score is prioritization only; it is not an eligibility or exclusion decision.
CG1741,s2:89ceb9be4c195a3116359f110b420b9072f20f8f,20260731T091700Z-legacy-promotions-semanticscholar,Synchronisation de données inter-processus dans les applications audio temps réel: qu'est-ce qui débloque?,2018,2018-05-01,,,,semanticscholar,89ceb9be4c195a3116359f110b420b9072f20f8f,CS081,S201,,CS081,included,no,,0,title-screen,,,,Keyword score is prioritization only; it is not an eligibility or exclusion decision.
CG1743,s2:8b0e2f5d994a2f089e9064253b17fec65c87d218,20260731T091700Z-legacy-promotions-semanticscholar,Improving the performance of Atomic Sections Transfer Report,2009,,,,,semanticscholar,8b0e2f5d994a2f089e9064253b17fec65c87d218,CS081,S201,,CS081,included,no,,0,title-screen,,,,Keyword score is prioritization only; it is not an eligibility or exclusion decision.
CG1747,s2:8e8821b6cded51a54f13da56b55a0fc861209ca0,20260731T091700Z-legacy-promotions-semanticscholar,Removing Double-Logging with Passive Data Persistence in LSM-tree based Relational Databases,2022,,,,USENIX Conference on File and Storage Technologies,semanticscholar,8e8821b6cded51a54f13da56b55a0fc861209ca0,CS081,S201,,CS081,included,no,,0,title-screen,,,,Keyword score is prioritization only; it is not an eligibility or exclusion decision.
CG1748,s2:8ecb601968457196f4f454284e1c1547481747bb,20260731T091700Z-legacy-promotions-semanticscholar,A Qualitative Survey of Modern Software Transactional Memory Systems,2004,,,,,semanticscholar,8ecb601968457196f4f454284e1c1547481747bb,CS081,S201,,CS081,included,no,,0,title-screen,,,,Keyword score is prioritization only; it is not an eligibility or exclusion decision.
CG1749,s2:8f309e319cb574e2366124f1e7563801c9bb9ec0,20260731T091700Z-legacy-promotions-semanticscholar,Design and Implementation of Transactions in a Column-Oriented In-Memory Database System,2010,,,,,semanticscholar,8f309e319cb574e2366124f1e7563801c9bb9ec0,CS081,S201,,CS081,included,no,,0,title-screen,,,,Keyword score is prioritization only; it is not an eligibility or exclusion decision.
CG1750,s2:8fc3eb6999fa9002f5d079406ec8944aae290172,20260731T091700Z-legacy-promotions-semanticscholar,Using hardware transactions in the GHC runtime system,2015,,,,,semanticscholar,8fc3eb6999fa9002f5d079406ec8944aae290172,CS081,S201,,CS081,included,no,,0,title-screen,,,,Keyword score is prioritization only; it is not an eligibility or exclusion decision.
CG1751,s2:8fd3a6d0c67f0dc7a6632bca047c8460c37b64da,20260731T091700Z-legacy-promotions-semanticscholar,Thread Safety for Hybrid Programming in Thread-as-Rank Model,2013,,,,,semanticscholar,8fd3a6d0c67f0dc7a6632bca047c8460c37b64da,CS081,S201,,CS081,included,no,,0,title-screen,,,,Keyword score is prioritization only; it is not an eligibility or exclusion decision.
CG1752,s2:904e532bb886ea55613e925db5fa4dc59ff7d12c,20260731T091700Z-legacy-promotions-semanticscholar,Design of a Distributed Transactional Memory for Many-core systems,2011,,,,,semanticscholar,904e532bb886ea55613e925db5fa4dc59ff7d12c,CS081,S201,,CS081,included,no,,0,title-screen,,,,Keyword score is prioritization only; it is not an eligibility or exclusion decision.
CG1754,s2:9274664c3f9844298b4f3997f32b5e27ee563ab7,20260731T091700Z-legacy-promotions-semanticscholar,Vertical Composition of Reversible Atomic Objects Timos Antonopoulos,2016,,,,,semanticscholar,9274664c3f9844298b4f3997f32b5e27ee563ab7,CS089,S209,,CS089,included,no,,0,title-screen,,,,Keyword score is prioritization only; it is not an eligibility or exclusion decision.
CG1755,s2:931f9f1b07322530d191b21d4935a4c99300d48d,20260731T091700Z-legacy-promotions-semanticscholar,Specification and Design of (Parallel) Programs,1983,,,,IFIP Congress,semanticscholar,931f9f1b07322530d191b21d4935a4c99300d48d,CS103,S223,CS103,,included,no,,0,title-screen,,,,Keyword score is prioritization only; it is not an eligibility or exclusion decision.
CG1756,s2:93aab5906edd581af81db898ed8ef7ae77d58ad0,20260731T091700Z-legacy-promotions-semanticscholar,Types for Precise Thread Interference,2011,,,,,semanticscholar,93aab5906edd581af81db898ed8ef7ae77d58ad0,CS100,S220,,CS100,included,no,,0,title-screen,,,,Keyword score is prioritization only; it is not an eligibility or exclusion decision.
CG1757,s2:942a97e25245e432a842fff81a80417dccd266b5,20260731T091700Z-legacy-promotions-semanticscholar,Inductive Data Flow Graphs Azadeh,2015,,,,,semanticscholar,942a97e25245e432a842fff81a80417dccd266b5,CS097,S217,,CS097,included,no,,0,title-screen,,,,Keyword score is prioritization only; it is not an eligibility or exclusion decision.
CG1759,s2:94ac2850e04d82d9743aae948f2de7b093eecc43,20260731T091700Z-legacy-promotions-semanticscholar,Low-Impact Operating System Tracing,2009,2009-12-01,,,,semanticscholar,94ac2850e04d82d9743aae948f2de7b093eecc43,CS081,S201,,CS081,included,no,,0,title-screen,,,,Keyword score is prioritization only; it is not an eligibility or exclusion decision.
CG1760,s2:94f90542227632de01546951ca6c410194aa4454,20260731T091700Z-legacy-promotions-semanticscholar,CONCURRENCY AND COMPUTATION : PRACTICE AND EXPERIENCE Concurrency Computat,2016,,,,,semanticscholar,94f90542227632de01546951ca6c410194aa4454,CS084;CS100;CS105,S204;S220;S225,,CS084;CS100;CS105,included,no,,0,title-screen,,,,Keyword score is prioritization only; it is not an eligibility or exclusion decision.
CG1761,s2:9566cbeefe61853ef9daa1d8d0fe95c8329bee02,20260731T091700Z-legacy-promotions-semanticscholar,Lattice-based data structures for deterministic parallel and distributed programming,2015,,,,,semanticscholar,9566cbeefe61853ef9daa1d8d0fe95c8329bee02,CS081,S201,,CS081,included,no,,0,title-screen,,,,Keyword score is prioritization only; it is not an eligibility or exclusion decision.
CG1763,s2:95b8908a478bc3b7e60575b830d9b771e3fb62ab,20260731T091700Z-legacy-promotions-semanticscholar,on Operating Systems,,,,,,semanticscholar,95b8908a478bc3b7e60575b830d9b771e3fb62ab,CS081,S201,,CS081,unknown-date,no,,0,manual-date-check,,,,Keyword score is prioritization only; it is not an eligibility or exclusion decision.
CG1764,s2:96d8bd6d59bc71214e00357cfc99d4aebe62e513,20260731T091700Z-legacy-promotions-semanticscholar,Efficient programming of massive-memory machines,2017,2017-08-24,,,,semanticscholar,96d8bd6d59bc71214e00357cfc99d4aebe62e513,CS081,S201,,CS081,included,no,,0,title-screen,,,,Keyword score is prioritization only; it is not an eligibility or exclusion decision.
CG1765,s2:97fe06106eeaf9761b3f80c998a80911d8a266fa,20260731T091700Z-legacy-promotions-semanticscholar,Real-Time Software Transactional Memory,2018,2018-04-29,,,,semanticscholar,97fe06106eeaf9761b3f80c998a80911d8a266fa,CS081,S201,,CS081,included,no,,0,title-screen,,,,Keyword score is prioritization only; it is not an eligibility or exclusion decision.
CG1766,s2:9970789837c38921925f52b4ed4f064fed67b7ca,20260731T091700Z-legacy-promotions-semanticscholar,Transactional memory with data invariants,2006,2006-06-11,,,,semanticscholar,9970789837c38921925f52b4ed4f064fed67b7ca,CS081,S201,,CS081,included,no,,0,title-screen,,,,Keyword score is prioritization only; it is not an eligibility or exclusion decision.
CG1767,s2:9a969287186ce68592b13087385b9669110b49bd,20260731T091700Z-legacy-promotions-semanticscholar,Practical solutions for multicore programming : from crafting a high performance ready-to-go STM to non-linearizable data structures,2011,,,,,semanticscholar,9a969287186ce68592b13087385b9669110b49bd,CS081,S201,,CS081,included,no,,0,title-screen,,,,Keyword score is prioritization only; it is not an eligibility or exclusion decision.
CG1768,s2:9aff4d57fa8e2a0b5fd131c45e5aac407ef98880,20260731T091700Z-legacy-promotions-semanticscholar,A Functional Correspondence between Top-down and Bottom-up Tree Algorithms,,,,,,semanticscholar,9aff4d57fa8e2a0b5fd131c45e5aac407ef98880,CS086,S206,,CS086,unknown-date,no,,0,manual-date-check,,,,Keyword score is prioritization only; it is not an eligibility or exclusion decision.
CG1770,s2:9c71ac634d31e10ff92534654d0f530a722099a4,20260731T091700Z-legacy-promotions-semanticscholar,Subjective Concurrent Separation Logic,2012,,,,,semanticscholar,9c71ac634d31e10ff92534654d0f530a722099a4,CS101,S221,,CS101,included,no,,0,title-screen,,,,Keyword score is prioritization only; it is not an eligibility or exclusion decision.
CG1775,s2:9f5de3ccc1c8ab9d59210a12449e54c8d0a61314,20260731T091700Z-legacy-promotions-semanticscholar,The Contention-Friendly Tree,2013,,,,,semanticscholar,9f5de3ccc1c8ab9d59210a12449e54c8d0a61314,CS081,S201,,CS081,included,no,,0,title-screen,,,,Keyword score is prioritization only; it is not an eligibility or exclusion decision.
CG1776,s2:a005c5dd6b0471cbfb2df898e55fb62684b6dfa1,20260731T091700Z-legacy-promotions-semanticscholar,16 : 2 Checking Linearizability of Concurrent Priority Queues,2017,,,,,semanticscholar,a005c5dd6b0471cbfb2df898e55fb62684b6dfa1,CS100,S220,,CS100,included,no,,0,title-screen,,,,Keyword score is prioritization only; it is not an eligibility or exclusion decision.
CG1778,s2:a2335fd5778835e307f3c411fa2a67aa653cce30,20260731T091700Z-legacy-promotions-semanticscholar,Modular Shape Analysis for View-Serializable Libraries,2008,,,,,semanticscholar,a2335fd5778835e307f3c411fa2a67aa653cce30,CS096,S216,,CS096,included,no,,0,title-screen,,,,Keyword score is prioritization only; it is not an eligibility or exclusion decision.
CG1779,s2:a2363b445692233883135afd53c7331966f04e17,20260731T091700Z-legacy-promotions-semanticscholar,How free is your linearizable concurrent data structure,2013,,,,,semanticscholar,a2363b445692233883135afd53c7331966f04e17,CS082;CS100,S202;S220,,CS082;CS100,included,no,,0,title-screen,,,,Keyword score is prioritization only; it is not an eligibility or exclusion decision.
CG1780,s2:a45a6fa0dfc7ded2fb4bc391fa3e8d4389f46427,20260731T091700Z-legacy-promotions-semanticscholar,Partially disjunctive shape analysis,2009,,,,,semanticscholar,a45a6fa0dfc7ded2fb4bc391fa3e8d4389f46427,CS096;CS097;CS099;CS105,S216;S217;S219;S225,,CS096;CS097;CS099;CS105,included,no,,0,title-screen,,,,Keyword score is prioritization only; it is not an eligibility or exclusion decision.
CG1782,s2:a5b8108c49092c156ce843a9d93ba28e15517622,20260731T091700Z-legacy-promotions-semanticscholar,Practical Dynamic Transactional Data Structures,2018,,,,,semanticscholar,a5b8108c49092c156ce843a9d93ba28e15517622,CS081,S201,,CS081,included,no,,0,title-screen,,,,Keyword score is prioritization only; it is not an eligibility or exclusion decision.
CG1783,s2:a75b587e0bb824cb9b991204d2c010d515aa19ea,20260731T091700Z-legacy-promotions-semanticscholar,2 Principles for Productive Parallel Language Design 2 . 1 Programmer Responsibilities,2010,,,,,semanticscholar,a75b587e0bb824cb9b991204d2c010d515aa19ea,CS081,S201,,CS081,included,no,,0,title-screen,,,,Keyword score is prioritization only; it is not an eligibility or exclusion decision.
CG1786,s2:a94cbd71844920b094b1668da7afa91e363f0576,20260731T091700Z-legacy-promotions-semanticscholar,On Avoiding Spare Aborts in Transactional Memory,2009,,,,,semanticscholar,a94cbd71844920b094b1668da7afa91e363f0576,CS081,S201,,CS081,included,no,,0,title-screen,,,,Keyword score is prioritization only; it is not an eligibility or exclusion decision.
CG1787,s2:a9549b1424647615873c243ff41e1e443e2ef7db,20260731T091700Z-legacy-promotions-semanticscholar,A Framework for Automatic Verifying Privacy Properties of Security Protocols,2011,,,,,semanticscholar,a9549b1424647615873c243ff41e1e443e2ef7db,CS082,S202,,CS082,included,no,,0,title-screen,,,,Keyword score is prioritization only; it is not an eligibility or exclusion decision.
CG1788,s2:a9701b6b4b74499c8eef0644fb61e4ed6de6509b,20260731T091700Z-legacy-promotions-semanticscholar,This paper is included in the Proceedings of the 19th USENIX Conference on File and Storage Technologies.,,,,,,semanticscholar,a9701b6b4b74499c8eef0644fb61e4ed6de6509b,CS081,S201,,CS081,unknown-date,no,,0,manual-date-check,,,,Keyword score is prioritization only; it is not an eligibility or exclusion decision.
CG1789,s2:a977126defdae6708bced9f63cd3879c239dd6c7,20260731T091700Z-legacy-promotions-semanticscholar,Abducing memory barriers,2012,,,,,semanticscholar,a977126defdae6708bced9f63cd3879c239dd6c7,CS089,S209,,CS089,included,no,,0,title-screen,,,,Keyword score is prioritization only; it is not an eligibility or exclusion decision.
CG1790,s2:a986c0283d417af1b69cd451f751581691584da5,20260731T091700Z-legacy-promotions-semanticscholar,Evaluation of High Performance Key-Value Stores,2014,,,,,semanticscholar,a986c0283d417af1b69cd451f751581691584da5,CS081,S201,,CS081,included,no,,0,title-screen,,,,Keyword score is prioritization only; it is not an eligibility or exclusion decision.
CG1791,s2:aa2e9bbe21320fbb29e50c31496b0d935cb7fc4f,20260731T091700Z-legacy-promotions-semanticscholar,Managing contention of software transactional memory in real-time systems,2010,2010-11-30,,,IEEE Real-Time Systems Symposium,semanticscholar,aa2e9bbe21320fbb29e50c31496b0d935cb7fc4f,CS081,S201,,CS081,included,no,,0,title-screen,,,,Keyword score is prioritization only; it is not an eligibility or exclusion decision.
CG1793,s2:ab2bdfc3ca2e74eea7989f38276d54cc3a3b17d1,20260731T091700Z-legacy-promotions-semanticscholar,This Paper Is Included in the Proceedings of the 11th Usenix Symposium on Networked Systems Design and Implementation (nsdi '14). Farm: Fast Remote Memory Farm: Fast Remote Memory,,,,,,semanticscholar,ab2bdfc3ca2e74eea7989f38276d54cc3a3b17d1,CS081,S201,,CS081,unknown-date,no,,0,manual-date-check,,,,Keyword score is prioritization only; it is not an eligibility or exclusion decision.
CG1794,s2:ac74ad460fecb10152e6e7b4c0254ee666d74091,20260731T091700Z-legacy-promotions-semanticscholar,2 The Single-Decree Paxos Algorithm,2018,,,,,semanticscholar,ac74ad460fecb10152e6e7b4c0254ee666d74091,CS089,S209,,CS089,included,no,,0,title-screen,,,,Keyword score is prioritization only; it is not an eligibility or exclusion decision.
CG1795,s2:ac8fcd994f60f6436c3dee3890b70846311998b3,20260731T091700Z-legacy-promotions-semanticscholar,Cache-conscious concurrent data structures,2011,,,,,semanticscholar,ac8fcd994f60f6436c3dee3890b70846311998b3,CS081,S201,,CS081,included,no,,0,title-screen,,,,Keyword score is prioritization only; it is not an eligibility or exclusion decision.
CG1796,s2:ad34063810bfeba6516f50e738342f6681b1e2ea,20260731T091700Z-legacy-promotions-semanticscholar,Two Interfaces to the RSTM Transactional Memory System ∗,2006,,,,,semanticscholar,ad34063810bfeba6516f50e738342f6681b1e2ea,CS081,S201,,CS081,included,no,,0,title-screen,,,,Keyword score is prioritization only; it is not an eligibility or exclusion decision.
CG1798,s2:af46e67ba5548ddf587239e8f72732d5d04ecc30,20260731T091700Z-legacy-promotions-semanticscholar,Doctor of Engineering Science of the Faculties of Natural Science and Technology I of Saarland University,2015,,,,,semanticscholar,af46e67ba5548ddf587239e8f72732d5d04ecc30,CS100,S220,,CS100,included,no,,0,title-screen,,,,Keyword score is prioritization only; it is not an eligibility or exclusion decision.
CG1799,s2:af60d9adbecadc8f83e1230b9cfe7cae49c1ee70,20260731T091700Z-legacy-promotions-semanticscholar,"Is Parallel Programming Hard, And, If So, What Can You Do About It? (v2017.01.02a)",2017,2017-01-03,,,arXiv.org,semanticscholar,af60d9adbecadc8f83e1230b9cfe7cae49c1ee70,CS081,S201,,CS081,included,no,,0,title-screen,,,,Keyword score is prioritization only; it is not an eligibility or exclusion decision.
CG1800,s2:b02a41cbe5cf00086d4570e5737dfd72a59449f7,20260731T091700Z-legacy-promotions-semanticscholar,This Paper Is Included in the Proceedings of the 12th Usenix Symposium on Operating Systems Design and Implementation (osdi '16). Certikos: an Extensible Architecture for Building Certified Concurrent Os Kernels Certikos: an Extensible Architecture for Building Certified Concurrent Os Kernels,,,,,,semanticscholar,b02a41cbe5cf00086d4570e5737dfd72a59449f7,CS080,S200,,CS080,unknown-date,no,,0,manual-date-check,,,,Keyword score is prioritization only; it is not an eligibility or exclusion decision.
CG1803,s2:b1e59845ecaa17350a211db5bfaa0f4078939208,20260731T091700Z-legacy-promotions-semanticscholar,D 2 STM : Dependable Distributed Software Transactional Memory ∗,2009,,,,,semanticscholar,b1e59845ecaa17350a211db5bfaa0f4078939208,CS081,S201,,CS081,included,no,,0,title-screen,,,,Keyword score is prioritization only; it is not an eligibility or exclusion decision.
CG1808,s2:b4501163b36f7ef7106fb5e446b83e5bcd10febc,20260731T091700Z-legacy-promotions-semanticscholar,THÈSE / UNIVERSITÉ DE RENNES 1 sous le sceau de l'Université Européenne de Bretagne pour le grade de DOCTEUR DE L'UNIVERSITÉ DE RENNES 1 Mention : Informátique Ecole doctorale Matisse présentée par,2013,,,,,semanticscholar,b4501163b36f7ef7106fb5e446b83e5bcd10febc,CS081,S201,,CS081,included,no,,0,title-screen,,,,Keyword score is prioritization only; it is not an eligibility or exclusion decision.
CG1809,s2:b472a515812c58d7f56aa46ef87bb13c09311ef0,20260731T091700Z-legacy-promotions-semanticscholar,MIPS RISC Architecture,1987,,,,,semanticscholar,b472a515812c58d7f56aa46ef87bb13c09311ef0,CS088,S208,CS088,,included,no,,0,title-screen,,,,Keyword score is prioritization only; it is not an eligibility or exclusion decision.
CG1812,s2:b49c498abad6216e2a68081f66bef5bdb5a438de,20260731T091700Z-legacy-promotions-semanticscholar,Abstract Specifications for Concurrent Maps ( Extended Version ),2017,,,,,semanticscholar,b49c498abad6216e2a68081f66bef5bdb5a438de,CS103,S223,,CS103,included,no,,0,title-screen,,,,Keyword score is prioritization only; it is not an eligibility or exclusion decision.
CG1813,s2:b5b1a9db5c7d5feaf818d67bf5192af48e2cdfba,20260731T091700Z-legacy-promotions-semanticscholar,Log-Free Concurrent Data Structures,2018,,,,USENIX Annual Technical Conference,semanticscholar,b5b1a9db5c7d5feaf818d67bf5192af48e2cdfba,CS081,S201,,CS081,included,no,,0,title-screen,,,,Keyword score is prioritization only; it is not an eligibility or exclusion decision.
CG1814,s2:b629f7dbe4cb3fae101fb4a878177f23479bb7e3,20260731T091700Z-legacy-promotions-semanticscholar,Programming language evolution and source code rejuvenation,2010,,,,,semanticscholar,b629f7dbe4cb3fae101fb4a878177f23479bb7e3,CS081,S201,,CS081,included,no,,0,title-screen,,,,Keyword score is prioritization only; it is not an eligibility or exclusion decision.
CG1815,s2:b664d5725a2bd568abc288a8b33e9cc0c20ba758,20260731T091700Z-legacy-promotions-semanticscholar,Capabilities and Limitations of Library-Based Software Transactional Memory in C++,2007,,,,,semanticscholar,b664d5725a2bd568abc288a8b33e9cc0c20ba758,CS081,S201,,CS081,included,no,,0,title-screen,,,,Keyword score is prioritization only; it is not an eligibility or exclusion decision.
CG1816,s2:b693dc078cd6ae02560bffd0cd940d9ada8dcb4e,20260731T091700Z-legacy-promotions-semanticscholar,Robust multithreaded applications,2008,,,,,semanticscholar,b693dc078cd6ae02560bffd0cd940d9ada8dcb4e,CS081,S201,,CS081,included,no,,0,title-screen,,,,Keyword score is prioritization only; it is not an eligibility or exclusion decision.
CG1817,s2:b6d5391113479566d734588f53ca61bef8ffa8e3,20260731T091700Z-legacy-promotions-semanticscholar,Exploring the limits of disjoint access parallelism,2009,2009-03-30,,,,semanticscholar,b6d5391113479566d734588f53ca61bef8ffa8e3,CS081,S201,,CS081,included,no,,0,title-screen,,,,Keyword score is prioritization only; it is not an eligibility or exclusion decision.
CG1818,s2:b6f51f2f9c6249d1dd76543fb6371a79d9928ee9,20260731T091700Z-legacy-promotions-semanticscholar,XTasks: How to Make Efficient Synchronization and Prefetching Easy,2020,,,,,semanticscholar,b6f51f2f9c6249d1dd76543fb6371a79d9928ee9,CS081,S201,,CS081,included,no,,0,title-screen,,,,Keyword score is prioritization only; it is not an eligibility or exclusion decision.
CG1819,s2:b886e7310511d6607871c650a156f05c2f2390b0,20260731T091700Z-legacy-promotions-semanticscholar,Relaxing concurrency control in transactional memory,2011,,,,,semanticscholar,b886e7310511d6607871c650a156f05c2f2390b0,CS081,S201,,CS081,included,no,,0,title-screen,,,,Keyword score is prioritization only; it is not an eligibility or exclusion decision.
CG1820,s2:b8c8b1aaad80753339b7ae1d40520b642f69759f,20260731T091700Z-legacy-promotions-semanticscholar,"2017 Imperial College Computing Student Workshop, ICCSW 2017, London, United Kingdom, September 26-27, 2017",2018,,,,Imperial College Computing Student Workshop,semanticscholar,b8c8b1aaad80753339b7ae1d40520b642f69759f,CS081,S201,,CS081,included,no,,0,title-screen,,,,Keyword score is prioritization only; it is not an eligibility or exclusion decision.
CG1821,s2:b9a7cbff86f2e1371bdce3029de081de08f3925e,20260731T091700Z-legacy-promotions-semanticscholar,Chip Multiprocessor Architecture: Techniques to Improve Throughput and Latency,2007,2007-12-03,,,,semanticscholar,b9a7cbff86f2e1371bdce3029de081de08f3925e,CS081,S201,,CS081,included,no,,0,title-screen,,,,Keyword score is prioritization only; it is not an eligibility or exclusion decision.
CG1823,s2:ba7145461581aa02e4f54755cfb132e2bbcf0154,20260731T091700Z-legacy-promotions-semanticscholar,Consistent state software transactional memory,2007,,,,,semanticscholar,ba7145461581aa02e4f54755cfb132e2bbcf0154,CS081,S201,,CS081,included,no,,0,title-screen,,,,Keyword score is prioritization only; it is not an eligibility or exclusion decision.
CG1824,s2:bd4250cee8140ee6547e4ccbc8633866edd6c00f,20260731T091700Z-legacy-promotions-semanticscholar,RustBelt : Logical Foundations for the Future of Safe Systems Programming,2018,,,,,semanticscholar,bd4250cee8140ee6547e4ccbc8633866edd6c00f,CS085,S205,,CS085,included,no,,0,title-screen,,,,Keyword score is prioritization only; it is not an eligibility or exclusion decision.
CG1825,s2:bdeef2803ed7343f0214fb054243c12621abab6d,20260731T091700Z-legacy-promotions-semanticscholar,An analysis of permutations in arrays ⋆,2018,,,,,semanticscholar,bdeef2803ed7343f0214fb054243c12621abab6d,CS099,S219,,CS099,included,no,,0,title-screen,,,,Keyword score is prioritization only; it is not an eligibility or exclusion decision.
CG1826,s2:be88921d9560424c3bb71aee4e11ec667bf5eaa4,20260731T091700Z-legacy-promotions-semanticscholar,Comparing Models of Nondeterministic Expression Evaluation,2011,2011-09-01,,,,semanticscholar,be88921d9560424c3bb71aee4e11ec667bf5eaa4,CS091,S211,CS091,,included,no,,0,title-screen,,,,Keyword score is prioritization only; it is not an eligibility or exclusion decision.
CG1827,s2:bef5e8f361f82f5cde7b55c01d694a765e40f7c8,20260731T091700Z-legacy-promotions-semanticscholar,Proving linearisability without linearisation points An interval-based approach,2012,,,,,semanticscholar,bef5e8f361f82f5cde7b55c01d694a765e40f7c8,CS084;CS089;CS098;CS105,S204;S209;S218;S225,,CS084;CS089;CS098;CS105,included,no,,0,title-screen,,,,Keyword score is prioritization only; it is not an eligibility or exclusion decision.
CG1828,s2:bf6ed0a0bf3e435a9fcde3a1006aeb2aa0820fa7,20260731T091700Z-legacy-promotions-semanticscholar,Serializability of Transactions in Software Transactional Memory,2008,,,,,semanticscholar,bf6ed0a0bf3e435a9fcde3a1006aeb2aa0820fa7,CS081,S201,,CS081,included,no,,0,title-screen,,,,Keyword score is prioritization only; it is not an eligibility or exclusion decision.
CG1830,s2:c0f5f6d60e2a06674e0d9c70f79c0edf2cf967a0,20260731T091700Z-legacy-promotions-semanticscholar,An Evaluation of Intel's Restricted Transactional Memory for CPAs,2013,2013-11-01,,,Communicating Process Architectures Conference,semanticscholar,c0f5f6d60e2a06674e0d9c70f79c0edf2cf967a0,CS081,S201,,CS081,included,no,,0,title-screen,,,,Keyword score is prioritization only; it is not an eligibility or exclusion decision.
CG1831,s2:c17da89b4a6bce60505fb71048f8ca56b552109e,20260731T091700Z-legacy-promotions-semanticscholar,Reasoning about Concurrent Indexes,2010,,,,,semanticscholar,c17da89b4a6bce60505fb71048f8ca56b552109e,CS089,S209,,CS089,included,no,,0,title-screen,,,,Keyword score is prioritization only; it is not an eligibility or exclusion decision.
CG1832,s2:c262bb35bdfe7bc4d2346db2cc5a6645a315ddf1,20260731T091700Z-legacy-promotions-semanticscholar,Dividing Transactional Memories by Zero,2008,,,,,semanticscholar,c262bb35bdfe7bc4d2346db2cc5a6645a315ddf1,CS081,S201,,CS081,included,no,,0,title-screen,,,,Keyword score is prioritization only; it is not an eligibility or exclusion decision.
CG1833,s2:c33347c47736fd840b79c31cc09c80cd94e07668,20260731T091700Z-legacy-promotions-semanticscholar,Concurrent High-performance Persistent Hash Table In Java,2015,2015-11-24,,,,semanticscholar,c33347c47736fd840b79c31cc09c80cd94e07668,CS081,S201,,CS081,included,no,,0,title-screen,,,,Keyword score is prioritization only; it is not an eligibility or exclusion decision.
CG1834,s2:c3ce6edc2db88d6438d3e06648c6be8864f5a5a5,20260731T091700Z-legacy-promotions-semanticscholar,"Fast, Contention-Free Combining Tree Barriers",1992,,,,,semanticscholar,c3ce6edc2db88d6438d3e06648c6be8864f5a5a5,CS088,S208,CS088,,included,no,,0,title-screen,,,,Keyword score is prioritization only; it is not an eligibility or exclusion decision.
CG1835,s2:c41046f4e851d3cabb4fa43e0640278552130b78,20260731T091700Z-legacy-promotions-semanticscholar,Cache Coherence in Distributed and Replicated Transactional Memory Systems,2009,,,,,semanticscholar,c41046f4e851d3cabb4fa43e0640278552130b78,CS081,S201,,CS081,included,no,,0,title-screen,,,,Keyword score is prioritization only; it is not an eligibility or exclusion decision.
CG1836,s2:c52ad1c6407c12467e69661bfee5585987a80f92,20260731T091700Z-legacy-promotions-semanticscholar,Exploiting deferred destruction: an analysis of read-copy-update techniques in operating system kernels,2004,,,,,semanticscholar,c52ad1c6407c12467e69661bfee5585987a80f92,CS081,S201,,CS081,included,no,,0,title-screen,,,,Keyword score is prioritization only; it is not an eligibility or exclusion decision.
CG1837,s2:c5703e10c3cad2faa7fd4868297df000ea7f1d82,20260731T091700Z-legacy-promotions-semanticscholar,Crafting Concurrent Data Structures,2015,,,,,semanticscholar,c5703e10c3cad2faa7fd4868297df000ea7f1d82,CS081,S201,,CS081,included,no,,0,title-screen,,,,Keyword score is prioritization only; it is not an eligibility or exclusion decision.
CG1838,s2:c64457d1b1bca7a78040f1f6698fcc92231adec3,20260731T091700Z-legacy-promotions-semanticscholar,Framework for Analyzing Highly Concurrent Algorithms in SPIN,2011,,,,,semanticscholar,c64457d1b1bca7a78040f1f6698fcc92231adec3,CS099,S219,,CS099,included,no,,0,title-screen,,,,Keyword score is prioritization only; it is not an eligibility or exclusion decision.
CG1839,s2:c84fb9f37a75e9b0848b6ddf580151860d40f765,20260731T091700Z-legacy-promotions-semanticscholar,Design and implementation of a resource-secure system,2009,,,,,semanticscholar,c84fb9f37a75e9b0848b6ddf580151860d40f765,CS081,S201,,CS081,included,no,,0,title-screen,,,,Keyword score is prioritization only; it is not an eligibility or exclusion decision.
CG1841,s2:ca78c3df55b33bf3a17488a20267975a0ef872a9,20260731T091700Z-legacy-promotions-semanticscholar,Strongly Consistent Transactions for Enterprise Applications Using Software Transactional Memory to Improve Consistency and Performance of Read-Dominated Workloads,2014,,,,,semanticscholar,ca78c3df55b33bf3a17488a20267975a0ef872a9,CS081,S201,,CS081,included,no,,0,title-screen,,,,Keyword score is prioritization only; it is not an eligibility or exclusion decision.
CG1844,s2:ccc62505913b4e471c9e7cc33d2aa03aeaab43d5,20260731T091700Z-legacy-promotions-semanticscholar,Efficient Implementation of Concurrent Data Structures on Multi-core and Many-core Architectures,2015,,,,,semanticscholar,ccc62505913b4e471c9e7cc33d2aa03aeaab43d5,CS081,S201,,CS081,included,no,,0,title-screen,,,,Keyword score is prioritization only; it is not an eligibility or exclusion decision.
CG1845,s2:cd2421a29f74a69c14016091ea269343c91dda26,20260731T091700Z-legacy-promotions-semanticscholar,Java-pohjaiset ohjelmalliset transaktiomuistit,2015,,,,,semanticscholar,cd2421a29f74a69c14016091ea269343c91dda26,CS081,S201,,CS081,included,no,,0,title-screen,,,,Keyword score is prioritization only; it is not an eligibility or exclusion decision.
CG1846,s2:cd298bf97e0ada6676b2359641c52fc0879905a4,20260731T091700Z-legacy-promotions-semanticscholar,Enhancing the performance and usability of software transactional memory,2008,,,,,semanticscholar,cd298bf97e0ada6676b2359641c52fc0879905a4,CS081,S201,,CS081,included,no,,0,title-screen,,,,Keyword score is prioritization only; it is not an eligibility or exclusion decision.
CG1847,s2:cd399e1d65b6b409209f2dd36b85bf153a466e94,20260731T091700Z-legacy-promotions-semanticscholar,Verifying a stack with hazard pointers in temporal logic,2011,,,,,semanticscholar,cd399e1d65b6b409209f2dd36b85bf153a466e94,CS089;CS097;CS101,S209;S217;S221,,CS089;CS097;CS101,included,no,,0,title-screen,,,,Keyword score is prioritization only; it is not an eligibility or exclusion decision.
CG1848,s2:cd3f79bcecb0f45d2bd8b66b384a0146a0f08815,20260731T091700Z-legacy-promotions-semanticscholar,Techniques for Building Highly Concurrent Data Structures,2007,,,,,semanticscholar,cd3f79bcecb0f45d2bd8b66b384a0146a0f08815,CS081,S201,,CS081,included,no,,0,title-screen,,,,Keyword score is prioritization only; it is not an eligibility or exclusion decision.
CG1849,s2:cd71ef6d1bc675f41d320797095e3eddc47d51b5,20260731T091700Z-legacy-promotions-semanticscholar,Linearizability is EXPSPACE-complete,2014,2014-10-18,,,arXiv.org,semanticscholar,cd71ef6d1bc675f41d320797095e3eddc47d51b5,CS100,S220,,CS100,included,no,,0,title-screen,,,,Keyword score is prioritization only; it is not an eligibility or exclusion decision.
CG1850,s2:ce4f877cad2a2d1d920e26ec714ed0134d69245a,20260731T091700Z-legacy-promotions-semanticscholar,O2-tree: a shared memory resident index in multicore architectures,2013,2013-02-06,,,,semanticscholar,ce4f877cad2a2d1d920e26ec714ed0134d69245a,CS081,S201,,CS081,included,no,,0,title-screen,,,,Keyword score is prioritization only; it is not an eligibility or exclusion decision.
CG1852,s2:cf1f95596c4ee837c641ffc20777fac51c9052f7,20260731T091700Z-legacy-promotions-semanticscholar,Architecture for programmable network infrastructure,2018,2018-07-03,,,,semanticscholar,cf1f95596c4ee837c641ffc20777fac51c9052f7,CS081,S201,,CS081,included,no,,0,title-screen,,,,Keyword score is prioritization only; it is not an eligibility or exclusion decision.
CG1853,s2:d055de611de9e6072cab92646b0baff91c5a6fe1,20260731T091700Z-legacy-promotions-semanticscholar,Inside Time-based Software Transactional Memory,2007,2007-07-06,,,,semanticscholar,d055de611de9e6072cab92646b0baff91c5a6fe1,CS081,S201,,CS081,included,no,,0,title-screen,,,,Keyword score is prioritization only; it is not an eligibility or exclusion decision.
CG1855,s2:d138fc9c78197526e3554438c62f02bae99204ec,20260731T091700Z-legacy-promotions-semanticscholar,A concurrency model based on monadic 1 interpreters 2 Executable semantics for a concurrent subset of LLVM IR,,,,,,semanticscholar,d138fc9c78197526e3554438c62f02bae99204ec,CS106,S226,,CS106,unknown-date,no,,0,manual-date-check,,,,Keyword score is prioritization only; it is not an eligibility or exclusion decision.
CG1856,s2:d1fbf6bf4ccee32c15259a2b4e31e591461911c0,20260731T091700Z-legacy-promotions-semanticscholar,Hai-xiang Zhao Sujet : Artificial Intelligence Models for Building Energy Consumption Analysis,2010,,,,,semanticscholar,d1fbf6bf4ccee32c15259a2b4e31e591461911c0,CS089,S209,,CS089,included,no,,0,title-screen,,,,Keyword score is prioritization only; it is not an eligibility or exclusion decision.
CG1857,s2:d22721a54fabb87c098555b39ab56ed1966d6468,20260731T091700Z-legacy-promotions-semanticscholar,Checking validity of quantifier-free formulas in combinations of first-order theories,2002,,,,,semanticscholar,d22721a54fabb87c098555b39ab56ed1966d6468,CS088,S208,CS088,,included,no,,0,title-screen,,,,Keyword score is prioritization only; it is not an eligibility or exclusion decision.
CG1858,s2:d27d10665eaf51d1817c0276833b3df3f61e8ca8,20260731T091700Z-legacy-promotions-semanticscholar,Automated Verifying Anonymity and Privacy Properties of Security Protocols,2011,,,,,semanticscholar,d27d10665eaf51d1817c0276833b3df3f61e8ca8,CS082,S202,,CS082,included,no,,0,title-screen,,,,Keyword score is prioritization only; it is not an eligibility or exclusion decision.
CG1861,s2:d3409d2456bdf285898ad357960c7954ffdad70e,20260731T091700Z-legacy-promotions-semanticscholar,Vers une mémoire transactionnelle Temps réel,2012,2012-10-16,,,,semanticscholar,d3409d2456bdf285898ad357960c7954ffdad70e,CS081,S201,,CS081,included,no,,0,title-screen,,,,Keyword score is prioritization only; it is not an eligibility or exclusion decision.
CG1863,s2:d4f95f220dbdd04b3ab757f69741765c25eafbc7,20260731T091700Z-legacy-promotions-semanticscholar,Oak – A Key-Value Map for Big Data Analytics,2018,2018-05-11,,,,semanticscholar,d4f95f220dbdd04b3ab757f69741765c25eafbc7,CS081,S201,,CS081,included,no,,0,title-screen,,,,Keyword score is prioritization only; it is not an eligibility or exclusion decision.
CG1864,s2:d7f30e08ff21b9fc02dd122547dbbae4355d899a,20260731T091700Z-legacy-promotions-semanticscholar,TTIC-TR-2008-1 October 2008 Local Rely-Guarantee Reasoning,2008,,,,,semanticscholar,d7f30e08ff21b9fc02dd122547dbbae4355d899a,CS089,S209,,CS089,included,no,,0,title-screen,,,,Keyword score is prioritization only; it is not an eligibility or exclusion decision.
CG1866,s2:da7024b7634955ad74c950b6566140127b287a54,20260731T091700Z-legacy-promotions-semanticscholar,A compositional analysis of broadcasting embedded systems,2010,2010-11-18,,,,semanticscholar,da7024b7634955ad74c950b6566140127b287a54,CS089,S209,,CS089,included,no,,0,title-screen,,,,Keyword score is prioritization only; it is not an eligibility or exclusion decision.
CG1867,s2:da80131d7e6d25d7bb93d01af50211dce89564a1,20260731T091700Z-legacy-promotions-semanticscholar,Abstract Nested Transactions,2007,2007-09-03,,,,semanticscholar,da80131d7e6d25d7bb93d01af50211dce89564a1,CS081,S201,,CS081,included,no,,0,title-screen,,,,Keyword score is prioritization only; it is not an eligibility or exclusion decision.
CG1868,s2:dad5b2e5fb2cdefde7a8bf733f4c6f9a31473c4d,20260731T091700Z-legacy-promotions-semanticscholar,Steps in modular specifications for concurrent modules,2015,2015-06-22,,,,semanticscholar,dad5b2e5fb2cdefde7a8bf733f4c6f9a31473c4d,CS089,S209,,CS089,included,no,,0,title-screen,,,,Keyword score is prioritization only; it is not an eligibility or exclusion decision.
CG1869,s2:dc69ae153fa67031ce01de16521855d40177ebbf,20260731T091700Z-legacy-promotions-semanticscholar,Using OpenMP: Portable Shared Memory Parallel Programming (Scientific and Engineering Computation),2007,2007-10-31,,,,semanticscholar,dc69ae153fa67031ce01de16521855d40177ebbf,CS081,S201,,CS081,included,no,,0,title-screen,,,,Keyword score is prioritization only; it is not an eligibility or exclusion decision.
CG1870,s2:dcf7c27e04989581df89c2110458f47712a640a6,20260731T091700Z-legacy-promotions-semanticscholar,A concurrency and time centered framework for certification of autonomous space systems,2010,2010-07-14,,,,semanticscholar,dcf7c27e04989581df89c2110458f47712a640a6,CS081,S201,,CS081,included,no,,0,title-screen,,,,Keyword score is prioritization only; it is not an eligibility or exclusion decision.
CG1871,s2:de182b76f9c6c0f3c24715c8acbb31dbf27d285b,20260731T091700Z-legacy-promotions-semanticscholar,Inevitability Mechanisms for Software Transactional Memory,2008,,,,,semanticscholar,de182b76f9c6c0f3c24715c8acbb31dbf27d285b,CS081,S201,,CS081,included,no,,0,title-screen,,,,Keyword score is prioritization only; it is not an eligibility or exclusion decision.
CG1872,s2:de1a0e08c884389da8f73d0f65130fab01c447d2,20260731T091700Z-legacy-promotions-semanticscholar,Master's Thesis Nr. 140 Efficient Scan in Log-structured Memory Data Stores,2015,,,,,semanticscholar,de1a0e08c884389da8f73d0f65130fab01c447d2,CS081,S201,,CS081,included,no,,0,title-screen,,,,Keyword score is prioritization only; it is not an eligibility or exclusion decision.
CG1874,s2:df58bfda44927dc6a96e9f0d1518a38db099063e,20260731T091700Z-legacy-promotions-semanticscholar,Logic for Computer Science: Foundations of Automatic Theorem Proving,1985,1985-09-01,,,,semanticscholar,df58bfda44927dc6a96e9f0d1518a38db099063e,CS088,S208,CS088,,included,no,,0,title-screen,,,,Keyword score is prioritization only; it is not an eligibility or exclusion decision.
CG1875,s2:e0ad59aa7b313ec192070faa5a933e1364884dc6,20260731T091700Z-legacy-promotions-semanticscholar,of the 16th USENIX Symposium on Operating Systems Design and Implementation,2022,,,,,semanticscholar,e0ad59aa7b313ec192070faa5a933e1364884dc6,CS081;CS089,S201;S209,,CS081;CS089,included,no,,0,title-screen,,,,Keyword score is prioritization only; it is not an eligibility or exclusion decision.
CG1876,s2:e103df8c6e77c7d7d00f72693ce4e4a753750093,20260731T091700Z-legacy-promotions-semanticscholar,Compilation of Linearizable Data Structures,2017,2017-06-13,,,,semanticscholar,e103df8c6e77c7d7d00f72693ce4e4a753750093,CS084;CS085;CS089,S204;S205;S209,,CS084;CS085;CS089,included,no,,0,title-screen,,,,Keyword score is prioritization only; it is not an eligibility or exclusion decision.
CG1877,s2:e18a403c255ce009810f044e00d3935bb4628f5c,20260731T091700Z-legacy-promotions-semanticscholar,Towards Methods to Exploit Concurrent Data Structures on Heterogeneous CPU/iGPU Processors,2019,,,,,semanticscholar,e18a403c255ce009810f044e00d3935bb4628f5c,CS081,S201,,CS081,included,no,,0,title-screen,,,,Keyword score is prioritization only; it is not an eligibility or exclusion decision.
CG1879,s2:e1994ebea76decd07bf7ae8bc06436bc62727064,20260731T091700Z-legacy-promotions-semanticscholar,Software Transactional Memory Techniques,2013,2013-05-08,,,,semanticscholar,e1994ebea76decd07bf7ae8bc06436bc62727064,CS081,S201,,CS081,included,no,,0,title-screen,,,,Keyword score is prioritization only; it is not an eligibility or exclusion decision.
CG1880,s2:e4366c58c290241827587ba6d49f8b3a6be6bc43,20260731T091700Z-legacy-promotions-semanticscholar,Design Patterns of Parallel Control Systems.,2011,,,,,semanticscholar,e4366c58c290241827587ba6d49f8b3a6be6bc43,CS081,S201,,CS081,included,no,,0,title-screen,,,,Keyword score is prioritization only; it is not an eligibility or exclusion decision.
CG1881,s2:e4b22952c40a44d27a30a95a938fef9acbd9eefe,20260731T091700Z-legacy-promotions-semanticscholar,Studying and analysing transactional memory using interval temporal logic and AnaTempura,2012,,,,,semanticscholar,e4b22952c40a44d27a30a95a938fef9acbd9eefe,CS081,S201,,CS081,included,no,,0,title-screen,,,,Keyword score is prioritization only; it is not an eligibility or exclusion decision.
CG1882,s2:e4bad30fa3e3dc4c8b984fc57aec0b54d18aff69,20260731T091700Z-legacy-promotions-semanticscholar,Weak-memory local reasoning,2012,2012-12-01,,,,semanticscholar,e4bad30fa3e3dc4c8b984fc57aec0b54d18aff69,CS089,S209,,CS089,included,no,,0,title-screen,,,,Keyword score is prioritization only; it is not an eligibility or exclusion decision.
CG1883,s2:e5c2dc54a14d8cdd516a943fe10776509b80ab5b,20260731T091700Z-legacy-promotions-semanticscholar,Efficiently Inferring Thread Correlations Technical Report TR-09-59203,2009,,,,,semanticscholar,e5c2dc54a14d8cdd516a943fe10776509b80ab5b,CS096;CS097,S216;S217,,CS096;CS097,included,no,,0,title-screen,,,,Keyword score is prioritization only; it is not an eligibility or exclusion decision.
CG1887,s2:e6c1e7c8b8e77df20ae1e72f9679f99275074729,20260731T091700Z-legacy-promotions-semanticscholar,RefinedC: A Foundational Refinement Type System for C Based on Separation Logic Programming,2020,,,,,semanticscholar,e6c1e7c8b8e77df20ae1e72f9679f99275074729,CS085,S205,,CS085,included,no,,0,title-screen,,,,Keyword score is prioritization only; it is not an eligibility or exclusion decision.
CG1891,s2:ea8353d9ade51d82e1718cd4f072f2d06621e5f0,20260731T091700Z-legacy-promotions-semanticscholar,Alone Together : Compositional Reasoning and Inference for Weak Isolation • 1 : 3,2017,,,,,semanticscholar,ea8353d9ade51d82e1718cd4f072f2d06621e5f0,CS100,S220,,CS100,included,no,,0,title-screen,,,,Keyword score is prioritization only; it is not an eligibility or exclusion decision.
CG1892,s2:ecb2b4c04c8fbd9b6b1ec38083fb7d11dc662723,20260731T091700Z-legacy-promotions-semanticscholar,An Adaptive Middleware for Improved Computational Performance,2016,,,,,semanticscholar,ecb2b4c04c8fbd9b6b1ec38083fb7d11dc662723,CS081,S201,,CS081,included,no,,0,title-screen,,,,Keyword score is prioritization only; it is not an eligibility or exclusion decision.
CG1895,s2:edb212487a2ac2287cd93c60f872fbfe2a215bff,20260731T091700Z-legacy-promotions-semanticscholar,Practical transactional memory: The hybrid approach,2007,,,,,semanticscholar,edb212487a2ac2287cd93c60f872fbfe2a215bff,CS081,S201,,CS081,included,no,,0,title-screen,,,,Keyword score is prioritization only; it is not an eligibility or exclusion decision.
CG1896,s2:edbc2ebcd4847e611808e6a67ed50fa2f351a2ec,20260731T091700Z-legacy-promotions-semanticscholar,ROART: Range-query Optimized Persistent ART,2021,,,,USENIX Conference on File and Storage Technologies,semanticscholar,edbc2ebcd4847e611808e6a67ed50fa2f351a2ec,CS081,S201,,CS081,included,no,,0,title-screen,,,,Keyword score is prioritization only; it is not an eligibility or exclusion decision.
CG1897,s2:ef8c7ab5ade33f7fdd719f7dba8b8825f1e25054,20260731T091700Z-legacy-promotions-semanticscholar,"Real-Time Software Transactional Memory: Contention Managers, Time Bounds, and Implementations",2013,,,,,semanticscholar,ef8c7ab5ade33f7fdd719f7dba8b8825f1e25054,CS081,S201,,CS081,included,no,,0,title-screen,,,,Keyword score is prioritization only; it is not an eligibility or exclusion decision.
CG1899,s2:f17450ec18e82229929d2f788f0bade3767854d1,20260731T091700Z-legacy-promotions-semanticscholar,Practical Control-Flow Integrity,2016,,,,,semanticscholar,f17450ec18e82229929d2f788f0bade3767854d1,CS081,S201,,CS081,included,no,,0,title-screen,,,,Keyword score is prioritization only; it is not an eligibility or exclusion decision.
CG1902,s2:f5543f55cc2ba15c378d50f38499d45c122c4d9a,20260731T091700Z-legacy-promotions-semanticscholar,Challenges in Real-Time Synchronization,2011,,,,,semanticscholar,f5543f55cc2ba15c378d50f38499d45c122c4d9a,CS081,S201,,CS081,included,no,,0,title-screen,,,,Keyword score is prioritization only; it is not an eligibility or exclusion decision.
CG1903,s2:f5a6b9cd1658dfba203eb96a5db1556900069159,20260731T091700Z-legacy-promotions-semanticscholar,Rooting for Efficiency Mechanised Reasoning about Array-Based Trees in Separation Logic,,,,,,semanticscholar,f5a6b9cd1658dfba203eb96a5db1556900069159,CS085,S205,,CS085,unknown-date,no,,0,manual-date-check,,,,Keyword score is prioritization only; it is not an eligibility or exclusion decision.
CG1904,s2:f619bda8881ac68773f3a62a45260cdb47ae41fa,20260731T091700Z-legacy-promotions-semanticscholar,A Dynamic Instrumentation Approach to Software Transactional Memory,2007,,,,,semanticscholar,f619bda8881ac68773f3a62a45260cdb47ae41fa,CS081,S201,,CS081,included,no,,0,title-screen,,,,Keyword score is prioritization only; it is not an eligibility or exclusion decision.
CG1905,s2:f6a67213a190731b4c78071ab26d147212b2c0c4,20260731T091700Z-legacy-promotions-semanticscholar,Thread-Modular Reasoning for Heap-Manipulating Programs: Exploiting Pointer Race Freedom,2015,,,,,semanticscholar,f6a67213a190731b4c78071ab26d147212b2c0c4,CS082;CS089;CS097;CS099;CS100,S202;S209;S217;S219;S220,,CS082;CS089;CS097;CS099;CS100,included,no,,0,title-screen,,,,Keyword score is prioritization only; it is not an eligibility or exclusion decision.
CG1906,s2:f808a588b9a9b60877edc39b457ffd55db10dd7d,20260731T091700Z-legacy-promotions-semanticscholar,Building FIFO and Priority-Queuing Spin Locks from Atomic Swap,1993,,,,,semanticscholar,f808a588b9a9b60877edc39b457ffd55db10dd7d,CS088,S208,CS088,,included,no,,0,title-screen,,,,Keyword score is prioritization only; it is not an eligibility or exclusion decision.
CG1907,s2:f9e0ffa0d34a5dedeaceeaee1bb1d0ccaa1a31c4,20260731T091700Z-legacy-promotions-semanticscholar,Compositional Abstractions for Verifying Concurrent Data Structures,2019,,,,,semanticscholar,f9e0ffa0d34a5dedeaceeaee1bb1d0ccaa1a31c4,CS085;CS099;CS101;CS102,S205;S219;S221;S222,,CS085;CS099;CS101;CS102,included,no,,0,title-screen,,,,Keyword score is prioritization only; it is not an eligibility or exclusion decision.
CG1910,s2:fa939c321414e11a2ea7a8886c8ddfbe7a7366c3,20260731T091700Z-legacy-promotions-semanticscholar,Certifying the Concurrent State Table Implementation in a Surgical Robotic System ( Extended Version ),2011,,,,,semanticscholar,fa939c321414e11a2ea7a8886c8ddfbe7a7366c3,CS101,S221,,CS101,included,no,,0,title-screen,,,,Keyword score is prioritization only; it is not an eligibility or exclusion decision.
CG1913,s2:fe651a5744b781ca6543f226575957fb0fe30f30,20260731T091700Z-legacy-promotions-semanticscholar,Synchronization and concurrency in user-level software systems,2006,,,,,semanticscholar,fe651a5744b781ca6543f226575957fb0fe30f30,CS081,S201,,CS081,included,no,,0,title-screen,,,,Keyword score is prioritization only; it is not an eligibility or exclusion decision.
CG1917,unknown:semanticscholar:cs078:references:0:18,20260731T091700Z-legacy-promotions-semanticscholar,Systems programming: Coping with parallelism,1986,,,,"Technical Report RJ 5118, IBM Almaden Res. Ctr.,",semanticscholar,,CS078,S198,CS078,,included,no,,0,title-screen,,,,Keyword score is prioritization only; it is not an eligibility or exclusion decision.
CG1918,unknown:semanticscholar:cs081:citations:0:528,20260731T091700Z-legacy-promotions-semanticscholar,Compiler Assisted Speculation for Multithreaded Programming,2013,,,,,semanticscholar,,CS081,S201,,CS081,included,no,,0,title-screen,,,,Keyword score is prioritization only; it is not an eligibility or exclusion decision.
CG1919,unknown:semanticscholar:cs081:citations:0:588,20260731T091700Z-legacy-promotions-semanticscholar,Applications of the Adaptive Transactional Memory Test Platform ∗,2008,,,,,semanticscholar,,CS081,S201,,CS081,included,no,,0,title-screen,,,,Keyword score is prioritization only; it is not an eligibility or exclusion decision.
CG1920,unknown:semanticscholar:cs082:citations:0:58,20260731T091700Z-legacy-promotions-semanticscholar,Institutional Knowledge at Singapore Management University Institutional Knowledge at Singapore Management University,,,,,,semanticscholar,,CS082,S202,,CS082,unknown-date,no,,0,manual-date-check,,,,Keyword score is prioritization only; it is not an eligibility or exclusion decision.
CG1921,unknown:semanticscholar:cs084:citations:0:55,20260731T091700Z-legacy-promotions-semanticscholar,Institutional Knowledge at Singapore Management University Institutional Knowledge at Singapore Management University,,,,,,semanticscholar,,CS084,S204,,CS084,unknown-date,no,,0,manual-date-check,,,,Keyword score is prioritization only; it is not an eligibility or exclusion decision.
CG1923,unknown:semanticscholar:cs086:references:0:87,20260731T091700Z-legacy-promotions-semanticscholar,GRASShop-per,2014,,,,TACAS (LNCS),semanticscholar,,CS086,S206,CS086,,included,no,,0,title-screen,,,,Keyword score is prioritization only; it is not an eligibility or exclusion decision.
CG1924,unknown:semanticscholar:cs086:references:0:89,20260731T091700Z-legacy-promotions-semanticscholar,Armelín andDavid J . Pym,2001,,,,,semanticscholar,,CS086,S206,CS086,,included,no,,0,title-screen,,,,Keyword score is prioritization only; it is not an eligibility or exclusion decision.
CG1925,unknown:semanticscholar:cs086:references:0:90,20260731T091700Z-legacy-promotions-semanticscholar,Systems Programming: Coping with Parallelism. International Business Machines Incorporated,1986,,,,,semanticscholar,,CS086,S206,CS086,,included,no,,0,title-screen,,,,Keyword score is prioritization only; it is not an eligibility or exclusion decision.
CG1926,unknown:semanticscholar:cs086:references:0:91,20260731T091700Z-legacy-promotions-semanticscholar,"If the goal is Δ ⊢ wp 𝐾 [ 𝑒 ] { Φ } , use our new symbolic execution rule sym-ex-fupd-exist . Our new goal has the shape Δ ⊢ | ⇛ E 1 E 2 ∃® 𝑥",,,,,𝐿 ∗ 𝐺,semanticscholar,,CS086,S206,CS086,,unknown-date,no,,0,manual-date-check,,,,Keyword score is prioritization only; it is not an eligibility or exclusion decision.
CG1927,unknown:semanticscholar:cs086:references:0:92,20260731T091700Z-legacy-promotions-semanticscholar,"If the goal is Δ ⊢ wp 𝑣 { Φ } , with 𝑣 a value, continue with Δ ⊢ | ⇛ ⊤ ⊤ Φ 𝑣",,,,,,semanticscholar,,CS086,S206,CS086,,unknown-date,no,,0,manual-date-check,,,,Keyword score is prioritization only; it is not an eligibility or exclusion decision.
CG1928,unknown:semanticscholar:cs086:references:0:93,20260731T091700Z-legacy-promotions-semanticscholar,"PLDI ’22, June 13ś17, 2022, San Diego, CA, USA",,,,,,semanticscholar,,CS086,S206,CS086,,unknown-date,no,,0,manual-date-check,,,,Keyword score is prioritization only; it is not an eligibility or exclusion decision.
CG1929,unknown:semanticscholar:cs086:references:0:94,20260731T091700Z-legacy-promotions-semanticscholar,Arc in Std::Sync -Rust,,,,,,semanticscholar,,CS086,S206,CS086,,unknown-date,no,,0,manual-date-check,,,,Keyword score is prioritization only; it is not an eligibility or exclusion decision.
CG1930,unknown:semanticscholar:cs087:references:0:64,20260731T091700Z-legacy-promotions-semanticscholar,"Logical Atomicity in Iris: The Good, the Bad, and the Ugly",2019,,,,https://people.mpi-sws.org/~jung/iris/logatomtalk-2019.pdf Slides of talk given at Iris Workshop 2019.,semanticscholar,,CS087,S207,CS087,,included,no,,0,title-screen,,,,Keyword score is prioritization only; it is not an eligibility or exclusion decision.
CG1932,unknown:semanticscholar:cs087:references:0:70,20260731T091700Z-legacy-promotions-semanticscholar,Typed Operational Reasoning,2005,,,,Advanced Topics in Types and Programming Languages,semanticscholar,,CS087,S207,CS087,,included,no,,0,title-screen,,,,Keyword score is prioritization only; it is not an eligibility or exclusion decision.
CG1933,unknown:semanticscholar:cs087:references:0:71,20260731T091700Z-legacy-promotions-semanticscholar,Systems Programming: Coping with Parallelism,1986,,,,"International Business Machines Incorporated,",semanticscholar,,CS087,S207,CS087,,included,no,,0,title-screen,,,,Keyword score is prioritization only; it is not an eligibility or exclusion decision.
CG1934,unknown:semanticscholar:cs087:references:0:73,20260731T091700Z-legacy-promotions-semanticscholar,"Rules of the form ( Δ ⊢ 𝐺 ′ ) = ⇒ ( Δ ⊢ 𝐺 ) , where 𝐺 ′ mentions the entire context Δ",,,,,,semanticscholar,,CS087,S207,CS087,,unknown-date,no,,0,manual-date-check,,,,Keyword score is prioritization only; it is not an eligibility or exclusion decision.
CG1935,unknown:semanticscholar:cs087:references:0:74,20260731T091700Z-legacy-promotions-semanticscholar,| ⇛ E 1 E 2 ∃® 𝑥,,,,,,semanticscholar,,CS087,S207,CS087,,unknown-date,no,,0,manual-date-check,,,,Keyword score is prioritization only; it is not an eligibility or exclusion decision.
CG1936,unknown:semanticscholar:cs087:references:0:75,20260731T091700Z-legacy-promotions-semanticscholar,"Find 𝐻 ∈ Δ and T ′ such that 𝐻, T → ∼ hyp [T ′ ]",,,,,"Unlike abduction hints, 𝐻 is also removed if it is persistent, and 𝜀 0 and 𝜀 1 are not",semanticscholar,,CS087,S207,CS087,,unknown-date,no,,0,manual-date-check,,,,Keyword score is prioritization only; it is not an eligibility or exclusion decision.
CG1937,unknown:semanticscholar:cs087:references:0:76,20260731T091700Z-legacy-promotions-semanticscholar,Article 91. Publication date,,,,,Proc. ACM Program. Lang,semanticscholar,,CS087,S207,CS087,,unknown-date,no,,0,manual-date-check,,,,Keyword score is prioritization only; it is not an eligibility or exclusion decision.
CG1938,unknown:semanticscholar:cs087:references:0:77,20260731T091700Z-legacy-promotions-semanticscholar,There is no actual recursion,,,,,,semanticscholar,,CS087,S207,CS087,,unknown-date,no,,0,manual-date-check,,,,Keyword score is prioritization only; it is not an eligibility or exclusion decision.
CG1939,unknown:semanticscholar:cs087:references:0:78,20260731T091700Z-legacy-promotions-semanticscholar,Symbolically execute both outer closures. This will create shared mutable state used by the inner closures,,,,,,semanticscholar,,CS087,S207,CS087,,unknown-date,no,,0,manual-date-check,,,,Keyword score is prioritization only; it is not an eligibility or exclusion decision.
CG1940,unknown:semanticscholar:cs087:references:0:79,20260731T091700Z-legacy-promotions-semanticscholar,(c) Otherwise,,,,,,semanticscholar,,CS087,S207,CS087,,unknown-date,no,,0,manual-date-check,,,,Keyword score is prioritization only; it is not an eligibility or exclusion decision.
CG1941,unknown:semanticscholar:cs087:references:0:80,20260731T091700Z-legacy-promotions-semanticscholar,Look for an abduction hint from some 𝐻 ∈ Δ to 𝐴,,,,,,semanticscholar,,CS087,S207,CS087,,unknown-date,no,,0,manual-date-check,,,,Keyword score is prioritization only; it is not an eligibility or exclusion decision.
CG1943,unknown:semanticscholar:cs087:references:0:82,20260731T091700Z-legacy-promotions-semanticscholar,28 Ike Mulder and Robbert Krebbers,,,,,,semanticscholar,,CS087,S207,CS087,,unknown-date,no,,0,manual-date-check,,,,Keyword score is prioritization only; it is not an eligibility or exclusion decision.
CG1944,unknown:semanticscholar:cs088:references:0:178,20260731T091700Z-legacy-promotions-semanticscholar,Design and Implementation of a Special- Purpose Static Program Analyzer for Safety-Critical Real-Time Embedded Software (invited chapter).,2005,,,,"Essays Dedicated to Neil D. Jones,",semanticscholar,,CS088,S208,CS088,,included,no,,0,title-screen,,,,Keyword score is prioritization only; it is not an eligibility or exclusion decision.
CG1945,unknown:semanticscholar:cs088:references:0:181,20260731T091700Z-legacy-promotions-semanticscholar,Reasoners’ Cooperation and Quantifier Elimination,2003,,,,"Technical report. Dipartimento di Scienze dell’Informazione, Università degli Studi di Milano,",semanticscholar,,CS088,S208,CS088,,included,no,,0,title-screen,,,,Keyword score is prioritization only; it is not an eligibility or exclusion decision.
CG1946,unknown:semanticscholar:cs088:references:0:191,20260731T091700Z-legacy-promotions-semanticscholar,Concurrency Control and Recovery in Database Systems,1987,,,,,semanticscholar,,CS088,S208,CS088,,included,no,,0,title-screen,,,,Keyword score is prioritization only; it is not an eligibility or exclusion decision.
CG1947,unknown:semanticscholar:cs088:references:0:193,20260731T091700Z-legacy-promotions-semanticscholar,Memory Requirements for Agreement Among Unreliable Asynchronous Processes,1987,,,,"Advances in Computing Research,",semanticscholar,,CS088,S208,CS088,,included,no,,0,title-screen,,,,Keyword score is prioritization only; it is not an eligibility or exclusion decision.
CG1948,unknown:semanticscholar:cs088:references:0:196,20260731T091700Z-legacy-promotions-semanticscholar,Two Constructive Realizations of the Block Concept and Their Equivalence,1968,,,,"In Technical report. IBM Laboratory,",semanticscholar,,CS088,S208,CS088,,included,no,,0,title-screen,,,,Keyword score is prioritization only; it is not an eligibility or exclusion decision.
CG1949,unknown:semanticscholar:cs091:references:0:48,20260731T091700Z-legacy-promotions-semanticscholar,Systems programming: Coping with parallelism,1986,,,,"Technical Report RJ 5118, IBM Almaden Res. Ctr.",semanticscholar,,CS091,S211,CS091,,included,no,,0,title-screen,,,,Keyword score is prioritization only; it is not an eligibility or exclusion decision.
CG1952,unknown:semanticscholar:cs092:references:0:16,20260731T091700Z-legacy-promotions-semanticscholar,Proceed - ings of the 15 th International Symposium on Static Analysis ( SAS ),2008,,,,Lecture Notes in Computer Science,semanticscholar,,CS092,S212,CS092,,included,no,,0,title-screen,,,,Keyword score is prioritization only; it is not an eligibility or exclusion decision.
CG1953,unknown:semanticscholar:cs092:references:0:17,20260731T091700Z-legacy-promotions-semanticscholar,Proceedings of the 7 th International Symposium on Static Analysis ( SAS ),2000,,,,Lecture Notes in Computer Science,semanticscholar,,CS092,S212,CS092,,included,no,,0,title-screen,,,,Keyword score is prioritization only; it is not an eligibility or exclusion decision.
CG1956,unknown:semanticscholar:cs092:references:0:20,20260731T091700Z-legacy-promotions-semanticscholar,Proceedings of the Refinement Workshop,2005,,,,Electronic Notes in Theoretical Computer Science,semanticscholar,,CS092,S212,CS092,,included,no,,0,title-screen,,,,Keyword score is prioritization only; it is not an eligibility or exclusion decision.
CG1957,unknown:semanticscholar:cs092:references:0:21,20260731T091700Z-legacy-promotions-semanticscholar,Proceedings of the 11 th International Symposium on Static Analysis ( SAS ),2004,,,,Lecture Notes in Computer Science,semanticscholar,,CS092,S212,CS092,,included,no,,0,title-screen,,,,Keyword score is prioritization only; it is not an eligibility or exclusion decision.
CG1958,unknown:semanticscholar:cs092:references:0:22,20260731T091700Z-legacy-promotions-semanticscholar,Systems programming: Coping with parallelism,1986,,,,"Tech. Rep. RJ 5118, IBM Almaden Research Centre",semanticscholar,,CS092,S212,CS092,,included,no,,0,title-screen,,,,Keyword score is prioritization only; it is not an eligibility or exclusion decision.
CG1959,unknown:semanticscholar:cs093:references:0:24,20260731T091700Z-legacy-promotions-semanticscholar,Verifying Linearizabiity via Optmized Reﬁnement Checking,2013,,,,IEEE Trans. on Soft. Eng.,semanticscholar,,CS093,S213,CS093,,included,no,,0,title-screen,,,,Keyword score is prioritization only; it is not an eligibility or exclusion decision.
CG1960,unknown:semanticscholar:cs093:references:0:25,20260731T091700Z-legacy-promotions-semanticscholar,Wendelin,2013,,,,Science of Computer Programming,semanticscholar,,CS093,S213,CS093,,included,no,,0,title-screen,,,,Keyword score is prioritization only; it is not an eligibility or exclusion decision.
CG1962,unknown:semanticscholar:cs093:references:0:29,20260731T091700Z-legacy-promotions-semanticscholar,Systems Programming: Coping with Parallelism,1986,,,,"Technical Report RJ 5118,",semanticscholar,,CS093,S213,CS093,,included,no,,0,title-screen,,,,Keyword score is prioritization only; it is not an eligibility or exclusion decision.
CG1963,unknown:semanticscholar:cs096:citations:0:33,20260731T091700Z-legacy-promotions-semanticscholar,Institutional Knowledge at Singapore Management University Institutional Knowledge at Singapore Management University,,,,,,semanticscholar,,CS096,S216,,CS096,unknown-date,no,,0,manual-date-check,,,,Keyword score is prioritization only; it is not an eligibility or exclusion decision.
CG1964,unknown:semanticscholar:cs097:citations:0:82,20260731T091700Z-legacy-promotions-semanticscholar,Institutional Knowledge at Singapore Management University Institutional Knowledge at Singapore Management University,,,,,,semanticscholar,,CS097,S217,,CS097,unknown-date,no,,0,manual-date-check,,,,Keyword score is prioritization only; it is not an eligibility or exclusion decision.
CG1965,unknown:semanticscholar:cs097:citations:0:83,20260731T091700Z-legacy-promotions-semanticscholar,Universität Augsburg Proving Linearizability with Temporal Logic,,,,,,semanticscholar,,CS097,S217,,CS097,unknown-date,no,,0,manual-date-check,,,,Keyword score is prioritization only; it is not an eligibility or exclusion decision.
CG1966,unknown:semanticscholar:cs098:citations:0:30,20260731T091700Z-legacy-promotions-semanticscholar,Institutional Knowledge at Singapore Management University Institutional Knowledge at Singapore Management University,,,,,,semanticscholar,,CS098,S218,,CS098,unknown-date,no,,0,manual-date-check,,,,Keyword score is prioritization only; it is not an eligibility or exclusion decision.
CG1967,unknown:semanticscholar:cs098:citations:0:31,20260731T091700Z-legacy-promotions-semanticscholar,Universität Augsburg Proving Linearizability with Temporal Logic,,,,,,semanticscholar,,CS098,S218,,CS098,unknown-date,no,,0,manual-date-check,,,,Keyword score is prioritization only; it is not an eligibility or exclusion decision.
CG1968,unknown:semanticscholar:cs099:citations:0:98,20260731T091700Z-legacy-promotions-semanticscholar,Institutional Knowledge at Singapore Management University Institutional Knowledge at Singapore Management University,,,,,,semanticscholar,,CS099,S219,,CS099,unknown-date,no,,0,manual-date-check,,,,Keyword score is prioritization only; it is not an eligibility or exclusion decision.
CG1969,unknown:semanticscholar:cs100:citations:0:129,20260731T091700Z-legacy-promotions-semanticscholar,Institutional Knowledge at Singapore Management University Institutional Knowledge at Singapore Management University,,,,,,semanticscholar,,CS100,S220,,CS100,unknown-date,no,,0,manual-date-check,,,,Keyword score is prioritization only; it is not an eligibility or exclusion decision.
CG1970,unknown:semanticscholar:cs103:references:0:32,20260731T091700Z-legacy-promotions-semanticscholar,ICALP,2014,,,,ICALP,semanticscholar,,CS103,S223,CS103,,included,no,,0,title-screen,,,,Keyword score is prioritization only; it is not an eligibility or exclusion decision.
CG1971,unknown:semanticscholar:cs103:references:0:34,20260731T091700Z-legacy-promotions-semanticscholar,Systems programming: coping with parallelism,1986,,,,Technical Report RJ,semanticscholar,,CS103,S223,CS103,,included,no,,0,title-screen,,,,Keyword score is prioritization only; it is not an eligibility or exclusion decision.
CG1972,unknown:semanticscholar:cs103:references:0:36,20260731T091700Z-legacy-promotions-semanticscholar,"i ) Whenever a thread modiﬁes x or y ( e.g. , by calling writeX or writeY ), its history gets augmented by an entry such as (4), where the timestamp t is chosen afresh",,,,,"Thus, histories only grow, and only by adding valid snapshots",semanticscholar,,CS103,S223,CS103,,unknown-date,no,,0,manual-date-check,,,,Keyword score is prioritization only; it is not an eligibility or exclusion decision.
CG1973,unknown:semanticscholar:cs103:references:0:37,20260731T091700Z-legacy-promotions-semanticscholar,"ii ) Whenever the contents of x is changed in a history, its version number changes too",,,,,"contrapositive form, if τ [ t 1 ] = (cid:104) c 1 , − , v (cid:105) and τ [ t 2 ] = c 2 , , v , then c 1 = c 2",semanticscholar,,CS103,S223,CS103,,unknown-date,no,,0,manual-date-check,,,,Keyword score is prioritization only; it is not an eligibility or exclusion decision.
CG1974,unknown:semanticscholar:cs103:references:0:38,20260731T091700Z-legacy-promotions-semanticscholar,"i ) the components s , j and o contain the same labels",,,,,,semanticscholar,,CS103,S223,CS103,,unknown-date,no,,0,manual-date-check,,,,Keyword score is prioritization only; it is not an eligibility or exclusion decision.
CG1975,unknown:semanticscholar:cs103:references:0:39,20260731T091700Z-legacy-promotions-semanticscholar,equals labels in s and o contain equal PCMs,,,,,"that the labels in j are independent, and may contain elements of other types",semanticscholar,,CS103,S223,CS103,,unknown-date,no,,0,manual-date-check,,,,Keyword score is prioritization only; it is not an eligibility or exclusion decision.
CG1976,unknown:semanticscholar:cs103:references:0:40,20260731T091700Z-legacy-promotions-semanticscholar,Specifying and verifying concurrent algorithms with histories and subjectivity. Extended Version and Supporting Material. Available from http://ilyasergey,,,,,Specifying and verifying concurrent algorithms with histories and subjectivity. Extended Version and Supporting Material. Available from http://ilyasergey,semanticscholar,,CS103,S223,CS103,,unknown-date,no,,0,manual-date-check,,,,Keyword score is prioritization only; it is not an eligibility or exclusion decision.
CG1977,unknown:semanticscholar:cs105:citations:0:48,20260731T091700Z-legacy-promotions-semanticscholar,Institutional Knowledge at Singapore Management University Institutional Knowledge at Singapore Management University,,,,,,semanticscholar,,CS105,S225,,CS105,unknown-date,no,,0,manual-date-check,,,,Keyword score is prioritization only; it is not an eligibility or exclusion decision.
CG1978,unknown:semanticscholar:cs105:citations:0:49,20260731T091700Z-legacy-promotions-semanticscholar,Universität Augsburg Proving Linearizability with Temporal Logic,,,,,,semanticscholar,,CS105,S225,,CS105,unknown-date,no,,0,manual-date-check,,,,Keyword score is prioritization only; it is not an eligibility or exclusion decision.
CG0246,doi:10.1007/978-3-031-47115-5_17,20260731T091600Z-legacy-promotions-opencitations;20260731T091700Z-legacy-promotions-semanticscholar,Verifying Read-Copy Update Under RC11,2023,,10.1007/978-3-031-47115-5_17,,,opencitations;seed-catalog,10.1007/978-3-031-47115-5_17;DOI:10.1007/978-3-031-47115-5_17,CS094,S214,,,included,yes,weak_or_relaxed_memory,4,existing-seed,,,,Keyword score is prioritization only; it is not an eligibility or exclusion decision.
CG1503,doi:10.4230/lipics.disc.2024.11,20260731T091600Z-legacy-promotions-opencitations;20260731T091700Z-legacy-promotions-semanticscholar,What Cannot Be Implemented on Weak Memory?,2024,,10.4230/lipics.disc.2024.11,2405.16611,,opencitations;seed-catalog,10.4230/lipics.disc.2024.11;DOI:10.4230/LIPIcs.DISC.2024.11,CS077,S197,,,included,yes,weak_or_relaxed_memory,4,existing-seed,,,,Keyword score is prioritization only; it is not an eligibility or exclusion decision.
CG0303,doi:10.1007/978-3-319-47846-3_17,20260731T091600Z-legacy-promotions-opencitations;20260731T091700Z-legacy-promotions-semanticscholar,Contextual Trace Refinement for Concurrent Objects: Safety and Progress,2016,2016-03-04,10.1007/978-3-319-47846-3_17,1603.01412,IEEE International Conference on Formal Engineering Methods,opencitations;seed-catalog;semanticscholar,10.1007/978-3-319-47846-3_17;DOI:10.1007/978-3-319-47846-3_17;c9274a6a064e31b9fa0d0999baf35f97a9d22304,CS078;CS079;CS080;CS084;CS105,S198;S199;S200;S204;S225,,CS078;CS079;CS080;CS084;CS105,included,yes,progress,3,existing-seed,,,,Keyword score is prioritization only; it is not an eligibility or exclusion decision.
CG0444,doi:10.1007/978-3-642-22012-8_36,20260731T091600Z-legacy-promotions-opencitations;20260731T091700Z-legacy-promotions-semanticscholar,Liveness-Preserving Atomicity Abstraction,2011,2011-07-04,10.1007/978-3-642-22012-8_36,,"International Colloquium on Automata, Languages and Programming",opencitations;seed-catalog;semanticscholar,10.1007/978-3-642-22012-8_36;510c058a089b8fec75cdc9d3a45fa4137f88f760;DOI:10.1007/978-3-642-22012-8_36,CS078;CS079;CS080;CS083;CS089;CS100,S198;S199;S200;S203;S209;S220,CS078;CS079;CS080;CS083,CS079;CS089;CS100,included,yes,progress,3,existing-seed,,,,Keyword score is prioritization only; it is not an eligibility or exclusion decision.
CG0498,doi:10.1007/978-3-642-40184-8_17,20260731T091600Z-legacy-promotions-opencitations;20260731T091700Z-legacy-promotions-semanticscholar,Characterizing Progress Properties of Concurrent Objects via Contextual Refinements,2013,2013-08-27,10.1007/978-3-642-40184-8_17,,International Conference on Concurrency Theory,opencitations;seed-catalog;semanticscholar,10.1007/978-3-642-40184-8_17;DOI:10.1007/978-3-642-40184-8_17;ef93463898beb55379fbb3be37d98ca8c80d600c,CS078;CS079;CS080;CS083;CS093;CS104,S198;S199;S200;S203;S213;S224,CS078;CS080;CS083;CS093;CS104,CS079;CS080,included,yes,progress,3,existing-seed,,,,Keyword score is prioritization only; it is not an eligibility or exclusion decision.
CG1915,seed:s201,20260731T091600Z-legacy-promotions-opencitations;20260731T091700Z-legacy-promotions-semanticscholar,Practical Lock-Freedom,2004,,,,,seed-catalog,URL:https://www.semanticscholar.org/paper/88085676d6f9c1903d25eac49d4eb2a9e324d71f,CS081,S201,,,included,yes,progress,3,existing-seed,,,,Keyword score is prioritization only; it is not an eligibility or exclusion decision.
CG0415,doi:10.1007/978-3-642-05089-3_21,20260731T091600Z-legacy-promotions-opencitations;20260731T091700Z-legacy-promotions-semanticscholar,Model Checking Linearizability via Refinement,2009,2009-11-04,10.1007/978-3-642-05089-3_21,,World Congress on Formal Methods,opencitations;seed-catalog;semanticscholar,10.1007/978-3-642-05089-3_21;DOI:10.1007/978-3-642-05089-3_21;d7be6573747ce1d718e059842d361c9f9a492a1c,CS082;CS084;CS096;CS097;CS098;CS099;CS100;CS105,S202;S204;S216;S217;S218;S219;S220;S225,CS082;CS084;CS100,CS082;CS096;CS097;CS098;CS099;CS105,included,yes,formal_verification,2,existing-seed,,,,Keyword score is prioritization only; it is not an eligibility or exclusion decision.
CG0711,doi:10.1109/dsn.2018.00037,20260731T091600Z-legacy-promotions-opencitations;20260731T091700Z-legacy-promotions-semanticscholar,Branching Bisimulation and Concurrent Object Verification,2018,2018-06-01,10.1109/dsn.2018.00037,,Dependable Systems and Networks,opencitations;seed-catalog;semanticscholar,10.1109/dsn.2018.00037;87668b3f121f2b70878304f773bce0fac91ba44b;DOI:10.1109/DSN.2018.00037,CS079;CS080;CS083;CS089;CS093;CS100;CS101,S199;S200;S203;S209;S213;S220;S221,,CS079;CS080;CS083;CS089;CS093;CS100;CS101,included,yes,formal_verification,2,existing-seed,,,,Keyword score is prioritization only; it is not an eligibility or exclusion decision.
CG0938,doi:10.1145/1889997.1890001,20260731T091600Z-legacy-promotions-opencitations;20260731T091700Z-legacy-promotions-semanticscholar,Mechanically Verified Proof Obligations for Linearizability,2011,2011-01,10.1145/1889997.1890001,,TOPL,opencitations;seed-catalog;semanticscholar,10.1145/1889997.1890001;DOI:10.1145/1889997.1890001;a9e49bb7151c36dff50005ed9e5c95e6802b645c,CS078;CS082;CS084;CS089;CS090;CS091;CS098;CS105,S198;S202;S204;S209;S210;S211;S218;S225,CS078;CS084;CS091,CS082;CS084;CS089;CS090;CS098;CS105,included,yes,formal_verification,2,existing-seed,,,,Keyword score is prioritization only; it is not an eligibility or exclusion decision.
CG1059,doi:10.1145/2737924.2737964,20260731T091600Z-legacy-promotions-opencitations;20260731T091700Z-legacy-promotions-semanticscholar,Mechanized Verification of Fine-Grained Concurrent Programs,2015,2015-06-03,10.1145/2737924.2737964,,ACM-SIGPLAN Symposium on Programming Language Design and Implementation,opencitations;seed-catalog;semanticscholar,03535b4725ded0b0748523ef5249fbf16c9e0026;10.1145/2737924.2737964;DOI:10.1145/2737924.2737964,CS085;CS086;CS087;CS103,S205;S206;S207;S223,CS085;CS086;CS087,CS085;CS103,included,yes,formal_verification,2,existing-seed,,,,Keyword score is prioritization only; it is not an eligibility or exclusion decision.
CG1284,doi:10.1145/3519939.3523432,20260731T091600Z-legacy-promotions-opencitations;20260731T091700Z-legacy-promotions-semanticscholar,Diaframe: Automated Verification of Fine-Grained Concurrent Programs in Iris,2022,2022-06-09,10.1145/3519939.3523432,,ACM-SIGPLAN Symposium on Programming Language Design and Implementation,opencitations;seed-catalog;semanticscholar,10.1145/3519939.3523432;DOI:10.1145/3519939.3523432;f04a4b557cbecd1b62737cadaea7db03b23eafc1,CS085;CS086;CS087;CS089,S205;S206;S207;S209,CS086;CS087,CS085;CS086;CS089,included,yes,formal_verification,2,existing-seed,,,,Keyword score is prioritization only; it is not an eligibility or exclusion decision.
CG1316,doi:10.1145/3586043,20260731T091600Z-legacy-promotions-opencitations;20260731T091700Z-legacy-promotions-semanticscholar,Proof Automation for Linearizability in Separation Logic,2023,2023-04-06,10.1145/3586043,,Proc. ACM Program. Lang.,opencitations;seed-catalog;semanticscholar,10.1145/3586043;57149f05c538a5b61c661200abe0dceb8ccc1f27;DOI:10.1145/3586043,CS085;CS086;CS087;CS100,S205;S206;S207;S220,,CS085;CS086;CS087;CS100,included,yes,formal_verification,2,existing-seed,,,,Keyword score is prioritization only; it is not an eligibility or exclusion decision.
CG1448,doi:10.20868/upm.thesis.37874,20260731T091600Z-legacy-promotions-opencitations;20260731T091700Z-legacy-promotions-semanticscholar,Formal Verification of Temporal Properties for Parametrized Concurrent Programs and Concurrent Data Structures,2015,2015-09-25,10.20868/upm.thesis.37874,,,seed-catalog;semanticscholar,9d5cfcc5fc01c23b33dfe6a134a18a9255b3e7cd;DOI:10.20868/UPM.thesis.37874,CS088;CS089;CS097;CS099;CS100,S208;S209;S217;S219;S220,,CS088;CS089;CS097;CS099;CS100,included,yes,formal_verification,2,existing-seed,,,,Keyword score is prioritization only; it is not an eligibility or exclusion decision.
CG1916,seed:s209,20260731T091600Z-legacy-promotions-opencitations;20260731T091700Z-legacy-promotions-semanticscholar,Modular Fine-Grained Concurrency Verification,2008,,,,,seed-catalog;semanticscholar,25830ed2e57ad2e5e41aa0aa440d4bebd7aec79c;URL:https://www.semanticscholar.org/paper/25830ed2e57ad2e5e41aa0aa440d4bebd7aec79c,CS089,S209,,,included,yes,formal_verification,2,existing-seed,,,,Keyword score is prioritization only; it is not an eligibility or exclusion decision.
CG0248,doi:10.1007/978-3-031-65941-6_3,20260731T091600Z-legacy-promotions-opencitations;20260731T091700Z-legacy-promotions-semanticscholar,Verifying Safe Memory Reclamation in Concurrent Programs with CafeOBJ,2024,2024,10.1007/978-3-031-65941-6_3,,,opencitations;seed-catalog,10.1007/978-3-031-65941-6_3;DOI:10.1007/978-3-031-65941-6_3,CS095;CS101,S215;S221,,CS095;CS101,included,yes,reclamation_or_aba,1,existing-seed,,,,Keyword score is prioritization only; it is not an eligibility or exclusion decision.
CG0003,arxiv:1212.5116,20260731T091600Z-legacy-promotions-opencitations;20260731T091700Z-legacy-promotions-semanticscholar,Proving Linearisability via Coarse-Grained Abstraction,2012,2012-12-20,,1212.5116,arXiv.org,seed-catalog;semanticscholar,73679fa4c326ccd7b608c3eab1f82cf90bb56d02;ARXIV:1212.5116,CS084;CS089;CS091;CS098;CS100;CS105,S204;S209;S211;S218;S220;S225,,CS084;CS089;CS091;CS098;CS100;CS105,included,yes,,0,existing-seed,,,,Keyword score is prioritization only; it is not an eligibility or exclusion decision.
CG0016,arxiv:1512.09186,20260731T091600Z-legacy-promotions-opencitations;20260731T091700Z-legacy-promotions-semanticscholar,Collapsing Threads Safely with Soft Invariants,2015,2015-12-31,,1512.09186,arXiv.org,seed-catalog;semanticscholar,04167934e335cf8190773967c28fa4b422f44531;ARXIV:1512.09186,CS092;CS096;CS097;CS105,S212;S216;S217;S225,,CS092;CS096;CS097;CS105,included,yes,,0,existing-seed,,,,Keyword score is prioritization only; it is not an eligibility or exclusion decision.
CG0023,arxiv:1701.06104,20260731T091600Z-legacy-promotions-opencitations;20260731T091700Z-legacy-promotions-semanticscholar,Verifying Concurrent Stacks by Divergence-Sensitive Bisimulation,2017,2017-01-21,,1701.06104,arXiv.org,seed-catalog;semanticscholar,83a97adeab3665d291cb4319f13dbc6795e9289c;ARXIV:1701.06104,CS080;CS089;CS093;CS101,S200;S209;S213;S221,,CS080;CS089;CS093;CS101,included,yes,,0,existing-seed,,,,Keyword score is prioritization only; it is not an eligibility or exclusion decision.
CG0368,doi:10.1007/978-3-540-69166-2_24,20260731T091600Z-legacy-promotions-opencitations;20260731T091700Z-legacy-promotions-semanticscholar,Heap Decomposition for Concurrent Shape Analysis,2008,2008-07-16,10.1007/978-3-540-69166-2_24,,Sensors Applications Symposium,opencitations;seed-catalog;semanticscholar,10.1007/978-3-540-69166-2_24;35335fd131021f5e2cbac5dc2cd7e78111d1b82d;DOI:10.1007/978-3-540-69166-2_24,CS082;CS092;CS096;CS097;CS099;CS105,S202;S212;S216;S217;S219;S225,CS082;CS092;CS096;CS097;CS099,CS096;CS099;CS105,included,yes,,0,existing-seed,,,,Keyword score is prioritization only; it is not an eligibility or exclusion decision.
CG0375,doi:10.1007/978-3-540-70545-1_37,20260731T091600Z-legacy-promotions-opencitations;20260731T091700Z-legacy-promotions-semanticscholar,Thread Quantification for Concurrent Shape Analysis,2008,2008-07-07,10.1007/978-3-540-70545-1_37,,International Conference on Computer Aided Verification,opencitations;seed-catalog;semanticscholar,10.1007/978-3-540-70545-1_37;894cf2a82386dca97e6d6c7b1d4230836ee4cec6;DOI:10.1007/978-3-540-70545-1_37,CS082;CS088;CS090;CS092;CS096;CS097;CS099;CS100;CS102,S202;S208;S210;S212;S216;S217;S219;S220;S222,CS082;CS088;CS090;CS092;CS097;CS099;CS100;CS102,CS096;CS097,included,yes,,0,existing-seed,,,,Keyword score is prioritization only; it is not an eligibility or exclusion decision.
CG0384,doi:10.1007/978-3-540-73210-5_11,20260731T091600Z-legacy-promotions-opencitations;20260731T091700Z-legacy-promotions-semanticscholar,Proving Linearizability Via Non-atomic Refinement,2007,2007-07-02,10.1007/978-3-540-73210-5_11,,International Conference on Integrated Formal Methods,opencitations;seed-catalog;semanticscholar,10.1007/978-3-540-73210-5_11;DOI:10.1007/978-3-540-73210-5_11;d8b395451171b2a8b8f9f92a8da2421e9ec34939,CS082;CS084;CS090;CS091;CS098;CS105,S202;S204;S210;S211;S218;S225,CS082;CS084;CS090;CS091;CS098,CS105,included,yes,,0,existing-seed,,,,Keyword score is prioritization only; it is not an eligibility or exclusion decision.
CG0399,doi:10.1007/978-3-540-93900-9_27,20260731T091600Z-legacy-promotions-opencitations;20260731T091700Z-legacy-promotions-semanticscholar,Shape-Value Abstraction for Verifying Linearizability,2009,2008-12-16,10.1007/978-3-540-93900-9_27,,"International Conference on Verification, Model Checking and Abstract Interpretation",opencitations;seed-catalog;semanticscholar,10.1007/978-3-540-93900-9_27;71ed275e0e1f90a17763bf25f79ddcdf0fddaa02;DOI:10.1007/978-3-540-93900-9_27,CS082;CS088;CS096;CS097;CS099;CS100,S202;S208;S216;S217;S219;S220,CS082;CS088;CS096;CS099;CS100,CS096;CS097;CS099,included,yes,,0,existing-seed,,,,Keyword score is prioritization only; it is not an eligibility or exclusion decision.
CG0425,doi:10.1007/978-3-642-14295-6_40,20260731T091600Z-legacy-promotions-opencitations;20260731T091700Z-legacy-promotions-semanticscholar,Automatically Proving Linearizability,2010,2010-07-15,10.1007/978-3-642-14295-6_40,,International Conference on Computer Aided Verification,opencitations;seed-catalog;semanticscholar,10.1007/978-3-642-14295-6_40;DOI:10.1007/978-3-642-14295-6_40;b1508a30391045403cb423af853767d15a2e73bd,CS079;CS082;CS083;CS087;CS088;CS089;CS091;CS097;CS099;CS100;CS102,S199;S202;S203;S207;S208;S209;S211;S217;S219;S220;S222,CS079;CS083;CS087;CS088;CS091;CS100;CS102,CS082;CS089;CS097;CS099;CS100,included,yes,,0,existing-seed,,,,Keyword score is prioritization only; it is not an eligibility or exclusion decision.
CG0431,doi:10.1007/978-3-642-15375-4_27,20260731T091600Z-legacy-promotions-opencitations;20260731T091700Z-legacy-promotions-semanticscholar,Reasoning about Optimistic Concurrency Using a Program Logic for History,2010,2010-08-31,10.1007/978-3-642-15375-4_27,,International Conference on Concurrency Theory,opencitations;seed-catalog;semanticscholar,10.1007/978-3-642-15375-4_27;5f0ecbae18acd3355e21b779cc1e78928536a474;DOI:10.1007/978-3-642-15375-4_27,CS083;CS089;CS093;CS095;CS101;CS103,S203;S209;S213;S215;S221;S223,CS083;CS093;CS095;CS101;CS103,CS089;CS101,included,yes,,0,existing-seed,,,,Keyword score is prioritization only; it is not an eligibility or exclusion decision.
CG0495,doi:10.1007/978-3-642-39799-8_11,20260731T091600Z-legacy-promotions-opencitations;20260731T091700Z-legacy-promotions-semanticscholar,Automatic Linearizability Proofs of Concurrent Objects with Cooperating Updates,2013,2013-07-13,10.1007/978-3-642-39799-8_11,,International Conference on Computer Aided Verification,opencitations;seed-catalog;semanticscholar,10.1007/978-3-642-39799-8_11;8d082dc4f8b37ccdba60420fa4e76d036715b55e;DOI:10.1007/978-3-642-39799-8_11,CS097;CS100;CS102,S217;S220;S222,,CS097;CS100;CS102,included,yes,,0,existing-seed,,,,Keyword score is prioritization only; it is not an eligibility or exclusion decision.
CG0520,doi:10.1007/978-3-662-46669-8_14,20260731T091600Z-legacy-promotions-opencitations;20260731T091700Z-legacy-promotions-semanticscholar,Specifying and Verifying Concurrent Algorithms with Histories and Subjectivity,2015,2014-10-01,10.1007/978-3-662-46669-8_14,1410.0306,European Symposium on Programming,opencitations;seed-catalog;semanticscholar,10.1007/978-3-662-46669-8_14;966d30ee6754adc647f8f83fdf7e178e7e61ac7e;DOI:10.1007/978-3-662-46669-8_14,CS085;CS089;CS101;CS103,S205;S209;S221;S223,CS085;CS103,CS089;CS101;CS103,included,yes,,0,existing-seed,,,,Keyword score is prioritization only; it is not an eligibility or exclusion decision.
CG0554,doi:10.1007/s00165-009-0130-y,20260731T091600Z-legacy-promotions-opencitations;20260731T091700Z-legacy-promotions-semanticscholar,Proving Linearizability with Temporal Logic,2011,2011-01,10.1007/s00165-009-0130-y,,,opencitations;seed-catalog,10.1007/s00165-009-0130-y;DOI:10.1007/s00165-009-0130-y,CS084;CS090;CS097;CS098;CS105,S204;S210;S217;S218;S225,CS084;CS090,CS090;CS097;CS098;CS105,included,yes,,0,existing-seed,,,,Keyword score is prioritization only; it is not an eligibility or exclusion decision.
CG0619,doi:10.1007/s11704-023-2774-9,20260731T091600Z-legacy-promotions-opencitations;20260731T091700Z-legacy-promotions-semanticscholar,A Program Logic for Obstruction-Freedom,2024,2023-12-28,10.1007/s11704-023-2774-9,,Frontiers of Computer Science,opencitations;seed-catalog;semanticscholar,10.1007/s11704-023-2774-9;DOI:10.1007/s11704-023-2774-9;e31ee6e15e8ea48dbbc809f213c177971aea65dd,CS080;CS081;CS104,S200;S201;S224,,CS080;CS081;CS104,included,yes,,0,existing-seed,,,,Keyword score is prioritization only; it is not an eligibility or exclusion decision.
CG0635,doi:10.1016/j.entcs.2005.04.026,20260731T091600Z-legacy-promotions-opencitations;20260731T091700Z-legacy-promotions-semanticscholar,Verifying Concurrent Data Structures by Simulation,2005,2005-07-01,10.1016/j.entcs.2005.04.026,,Refinement Workshop,opencitations;seed-catalog;semanticscholar,10.1016/j.entcs.2005.04.026;DOI:10.1016/j.entcs.2005.04.026;f9cf9a10c47610b6c41c8a19a137630ae8b5b697,CS078;CS082;CS084;CS090;CS091;CS092;CS096;CS105,S198;S202;S204;S210;S211;S212;S216;S225,CS078;CS082;CS084;CS090;CS091;CS092;CS096;CS105,,included,yes,,0,existing-seed,,,,Keyword score is prioritization only; it is not an eligibility or exclusion decision.
CG1196,doi:10.1145/3314221.3314624,20260731T091600Z-legacy-promotions-opencitations;20260731T091700Z-legacy-promotions-semanticscholar,Promising-ARM/RISC-V: A Simpler and Faster Operational Concurrency Model,2019,2019-06-08,10.1145/3314221.3314624,,ACM-SIGPLAN Symposium on Programming Language Design and Implementation,opencitations;seed-catalog;semanticscholar,10.1145/3314221.3314624;DOI:10.1145/3314221.3314624;a8c102ee5c60ce919d9c31b081672682c4db1a40,CS106,S226,,,included,yes,,0,existing-seed,,,,Keyword score is prioritization only; it is not an eligibility or exclusion decision.
