candidate_id,work_key,retrieval_run_ids,title,year,publication_date,doi,arxiv_id,venue,providers,provider_work_ids,retrieval_seed_ids,retrieval_screening_record_ids,reference_seed_ids,citation_seed_ids,cutoff_status,is_existing_seed,matched_categories,priority_score,triage_state,screening_decision,reviewer,review_date,notes
CG1163,unknown:semanticscholar:cs031:references:0:28,20260731T020306Z;20260731T020357Z;20260731T021519Z;20260731T022348Z,Overcoming Memory Weakness with Uniﬁed Fairness - Systematic Veriﬁcation of Liveness in Weak Memory Models,2023,,,,"Computer Aided Veriﬁcation - 35th International Conference, CAV 2023, Paris, France, July 17-22, 2023, Proceedings, Part I (Lecture Notes in Computer Science, Vol. 13964)",semanticscholar,,CS031,S45,CS031,,included,no,fairness_or_justice;weak_or_relaxed_memory;progress;formal_verification,14,priority-title-screen,,,,Keyword score is prioritization only; it is not an eligibility or exclusion decision.
CG1097,unknown:semanticscholar:cs004:references:0:48,20260731T010300Z;20260731T022348Z,2025. Recurrence Sets for Proving Fair Non-termination under Axiomatic Memory Consistency Models (Artifact),,,,,,semanticscholar,,CS004,S05,CS004,,unknown-date,no,fairness_or_justice;weak_or_relaxed_memory;progress,12,manual-date-check,,,,Keyword score is prioritization only; it is not an eligibility or exclusion decision.
CG0014,arxiv:2305.17605,20260731T010300Z;20260731T022348Z,Unified Fairness for Weak Memory Verification,2023,2023-05-28,,2305.17605,,semanticscholar,827fd3198b5066736c160b4cdce992b47cd34ecb,CS001,S01,,CS001,included,no,fairness_or_justice;weak_or_relaxed_memory;formal_verification,11,priority-title-screen,,,,Keyword score is prioritization only; it is not an eligibility or exclusion decision.
CG1077,unknown:semanticscholar:cs001:references:0:49,20260731T010300Z;20260731T022348Z,"Anton Podkopaev, and Viktor Vafeiadis. 2021a. Making Weak Memory Models Fair",,,,,,semanticscholar,,CS001,S01,CS001,,unknown-date,no,fairness_or_justice;weak_or_relaxed_memory,9,manual-date-check,,,,Keyword score is prioritization only; it is not an eligibility or exclusion decision.
CG0064,doi:10.1007/3-540-10843-2_22,20260731T010300Z;20260731T022106Z;20260731T022348Z,"Impartiality, Justice and Fairness: The Ethics of Concurrent Termination",1981,1981-07-13,10.1007/3-540-10843-2_22,,"International Colloquium on Automata, Languages and Programming",opencitations;semanticscholar,10.1007/3-540-10843-2_22;dc83fb9e6983fe0ac1a92741605b621650bc7bf5,CS001;CS002,S01;S02,CS001;CS002,,included,no,fairness_or_justice;progress,8,priority-title-screen,,,,Keyword score is prioritization only; it is not an eligibility or exclusion decision.
CG0263,doi:10.1007/978-3-642-31424-7_19,20260731T010300Z;20260731T022106Z;20260731T022348Z,Detecting Fair Non-termination in Multithreaded Programs,2012,2012-07-07,10.1007/978-3-642-31424-7_19,,International Conference on Computer Aided Verification,opencitations;semanticscholar,10.1007/978-3-642-31424-7_19;fc3b5ae9ae6580663c7a76d99e2441417b4ab121,CS004,S05,CS004,,included,no,fairness_or_justice;progress,8,priority-title-screen,,,,Keyword score is prioritization only; it is not an eligibility or exclusion decision.
CG0456,doi:10.1109/sefm.2007.2,20260731T020306Z;20260731T022348Z,A Scalable Lock-Free Stack Algorithm and its Verification,2007,2007-09-10,10.1109/sefm.2007.2,,IEEE International Conference on Software Engineering and Formal Methods,semanticscholar,8adf88cdc343ce19c24560946e0ceb9902760543,CS030,S44,CS030,,included,no,progress;concurrent_stack;formal_verification,8,priority-title-screen,,,,Keyword score is prioritization only; it is not an eligibility or exclusion decision.
CG0496,doi:10.1145/1190216.1190261,20260731T010300Z;20260731T022106Z;20260731T022348Z,Modular verification of a non-blocking stack,2007,2007-01-17,10.1145/1190216.1190261,,ACM-SIGACT Symposium on Principles of Programming Languages,opencitations;semanticscholar,10.1145/1190216.1190261;90e95ec376698d5048a962dd86e0583f3f83f361,CS016;CS019,A27;S29,CS016;CS019,,included,no,progress;concurrent_stack;formal_verification,8,priority-title-screen,,,,Keyword score is prioritization only; it is not an eligibility or exclusion decision.
CG1028,s2:97bcd54af61479b44fbb94661545ebf87ef283cb,20260731T010300Z;20260731T022348Z,Electronic Communications of the EASST Volume 66 ( 2013 ) Proceedings of the Automated Verification of Critical Systems ( AVoCS 2013 ) Compositional Verification of a Lock-Free Stack with RGITL,2014,,,,,semanticscholar,97bcd54af61479b44fbb94661545ebf87ef283cb,CS018,S28,,CS018,included,no,progress;concurrent_stack;formal_verification,8,priority-title-screen,,,,Keyword score is prioritization only; it is not an eligibility or exclusion decision.
CG1031,s2:a35ac7d78910d40b8df2ebae8c2ac0bd3a131164,20260731T010300Z;20260731T022348Z,Justice and fairness: The ethics of concurrent termination,1981,,,,,semanticscholar,a35ac7d78910d40b8df2ebae8c2ac0bd3a131164,CS001,S01,CS001,,included,no,fairness_or_justice;progress,8,priority-title-screen,,,,Keyword score is prioritization only; it is not an eligibility or exclusion decision.
CG0026,arxiv:2602.19609,20260731T010300Z;20260731T022348Z,Towards Proving Liveness on Weak Memory (Extended Version),2026,2026-02-23,10.48550/arxiv.2602.19609,2602.19609,arXiv.org,semanticscholar,01926b39f8bcc97c98a3b31949316e02ee096189,CS001;CS004,S01;S05,,CS001;CS004,included,no,weak_or_relaxed_memory;progress,7,priority-title-screen,,,,Keyword score is prioritization only; it is not an eligibility or exclusion decision.
CG0075,doi:10.1007/3-540-44829-2_6,20260731T020306Z;20260731T022348Z,A Light-Weight Algorithm for Model Checking with Symmetry Reduction and Weak Fairness,2003,2003-05-09,10.1007/3-540-44829-2_6,,SPIN,semanticscholar,4069222c9c7a64dd4a1c902619ee755acfe48c23,CS030,S44,CS030,,included,no,fairness_or_justice;formal_verification,7,priority-title-screen,,,,Keyword score is prioritization only; it is not an eligibility or exclusion decision.
CG0228,doi:10.1007/978-3-642-02658-4_59,20260731T020306Z;20260731T022348Z,PAT: Towards Flexible Verification under Fairness,2009,2009-06-23,10.1007/978-3-642-02658-4_59,,International Conference on Computer Aided Verification,semanticscholar,7262fe7f6fb4ca26c0999c6a786f1f555238d7ec,CS030,S44,CS030,,included,no,fairness_or_justice;formal_verification,7,priority-title-screen,,,,Keyword score is prioritization only; it is not an eligibility or exclusion decision.
CG0773,doi:10.1145/3591230,20260731T010300Z;20260731T022106Z;20260731T022348Z,CQS: A Formally-Verified Framework for Fair and Abortable Synchronization,2023,2023-06-06,10.1145/3591230,2111.12682,Proc. ACM Program. Lang.,opencitations;semanticscholar,10.1145/3591230;c203e337608e70b77058ea1f5f198b6bfa34a9a5,CS017,A28,,CS017,included,no,fairness_or_justice;formal_verification,7,priority-title-screen,,,,Keyword score is prioritization only; it is not an eligibility or exclusion decision.
CG0826,doi:10.1145/3729248,20260731T010300Z;20260731T022106Z;20260731T022348Z,Verifying Lock-Free Traversals in Relaxed Memory Separation Logic,2025,2025-06-10,10.1145/3729248,,Proc. ACM Program. Lang.,opencitations;semanticscholar,10.1145/3729248;d0b4ec1ed425e650bc27197e0cb4ed98dfd93594,CS006;CS007;CS008,S07;S08;S09,,CS006;CS007;CS008,included,no,weak_or_relaxed_memory;progress,7,priority-title-screen,,,,Keyword score is prioritization only; it is not an eligibility or exclusion decision.
CG1023,s2:8eb71d6d82a3d334eb95bd04747d54d95d1fcfd6,20260731T010300Z;20260731T022348Z,A Formally-Verified Framework for Fair Synchronization in Kotlin Coroutines,2021,,,,arXiv.org,semanticscholar,8eb71d6d82a3d334eb95bd04747d54d95d1fcfd6,CS017,A28,,CS017,included,no,fairness_or_justice;formal_verification,7,priority-title-screen,,,,Keyword score is prioritization only; it is not an eligibility or exclusion decision.
CG0057,doi:10.1007/11817963_45,20260731T010300Z;20260731T020306Z;20260731T022106Z;20260731T022348Z,Bounded Model Checking of Concurrent Data Types on Relaxed Memory Models: A Case Study,2006,2006-08-17,10.1007/11817963_45,,International Conference on Computer Aided Verification,opencitations;semanticscholar,10.1007/11817963_45;1b86771eaf16b45e9745be81e56518d83a985b4a,CS022;CS030,S33;S44,CS022;CS030,,included,no,weak_or_relaxed_memory;formal_verification,6,priority-title-screen,,,,Keyword score is prioritization only; it is not an eligibility or exclusion decision.
CG0119,doi:10.1007/978-3-030-45237-7_24,20260731T010300Z;20260731T022106Z;20260731T022348Z,Dartagnan: Bounded Model Checking for Weak Memory Models (Competition Contribution),2020,2020-03-13,10.1007/978-3-030-45237-7_24,,International Conference on Tools and Algorithms for Construction and Analysis of Systems,opencitations;semanticscholar,10.1007/978-3-030-45237-7_24;f16ec66f5833e0508057b9320f103832419dd18f,CS004,S05,CS004,,included,no,weak_or_relaxed_memory;formal_verification,6,priority-title-screen,,,,Keyword score is prioritization only; it is not an eligibility or exclusion decision.
CG0125,doi:10.1007/978-3-030-81685-8_20,20260731T010300Z;20260731T022106Z;20260731T022348Z,GenMC: A Model Checker for Weak Memory Models,2021,,10.1007/978-3-030-81685-8_20,,International Conference on Computer Aided Verification,opencitations;semanticscholar,10.1007/978-3-030-81685-8_20;81cb80c19bf5760d585c92cf46d928526c9bb27e,CS001;CS004;CS022,S01;S05;S33,CS001;CS004;CS022,,included,no,weak_or_relaxed_memory;formal_verification,6,priority-title-screen,,,,Keyword score is prioritization only; it is not an eligibility or exclusion decision.
CG0208,doi:10.1007/978-3-540-70545-1_12,20260731T010300Z;20260731T022106Z;20260731T022348Z,Effective Program Verification for Relaxed Memory Models,2008,2008-07-07,10.1007/978-3-540-70545-1_12,,International Conference on Computer Aided Verification,opencitations;semanticscholar,10.1007/978-3-540-70545-1_12;b1d9a0cfb5b6f5ed8f16e6b9d7be4171c01d2332,CS022,S33,CS022,,included,no,weak_or_relaxed_memory;formal_verification,6,priority-title-screen,,,,Keyword score is prioritization only; it is not an eligibility or exclusion decision.
CG0473,doi:10.1145/1007912.1007944,20260731T010300Z;20260731T020306Z;20260731T022106Z;20260731T022348Z,A scalable lock-free stack algorithm,2004,2004-06-27,10.1145/1007912.1007944,,ACM Symposium on Parallelism in Algorithms and Architectures,opencitations;semanticscholar,10.1145/1007912.1007944;a8b5e903503be0d4acc024003ac2c908eb4a48b3,CS006;CS007;CS008;CS009;CS010;CS022;CS027;CS028;CS030,S07;S08;S09;S10;S14;S33;S38;S40;S44,CS006;CS007;CS008;CS009;CS010;CS022;CS027;CS028;CS030,,included,no,progress;concurrent_stack,6,priority-title-screen,,,,Keyword score is prioritization only; it is not an eligibility or exclusion decision.
CG0537,doi:10.1145/1706299.1706303,20260731T010300Z;20260731T020306Z;20260731T020357Z;20260731T021519Z;20260731T022106Z;20260731T022348Z,On the verification problem for weak memory models,2010,2010-01-17,10.1145/1706299.1706303,,ACM-SIGACT Symposium on Principles of Programming Languages,opencitations;semanticscholar,10.1145/1706299.1706303;599353a751739b5461d2730ecde78dcb9e97f68e,CS003;CS031,S03;S45,CS003;CS031,,included,no,weak_or_relaxed_memory;formal_verification,6,priority-title-screen,,,,Keyword score is prioritization only; it is not an eligibility or exclusion decision.
CG0687,doi:10.1145/3297858.3304043,20260731T010300Z;20260731T022106Z;20260731T022348Z,A Formal Analysis of the NVIDIA PTX Memory Consistency Model,2019,2019-04-04,10.1145/3297858.3304043,,International Conference on Architectural Support for Programming Languages and Operating Systems,opencitations;semanticscholar,10.1145/3297858.3304043;fdeef01187b2a2454ee9ec73fc65a9ab02e3be02,CS004,S05,CS004,,included,no,weak_or_relaxed_memory;formal_verification,6,priority-title-screen,,,,Keyword score is prioritization only; it is not an eligibility or exclusion decision.
CG0729,doi:10.1145/3445814.3446748,20260731T010300Z;20260731T022106Z;20260731T022348Z,VSync: push-button verification and optimization for synchronization primitives on weak memory models,2021,2021-04-19,10.1145/3445814.3446748,,International Conference on Architectural Support for Programming Languages and Operating Systems,opencitations;semanticscholar,10.1145/3445814.3446748;ddf4db6d66a77237d0e6b4f6942d7be4a4b3bc09,CS001;CS004;CS022,S01;S05;S33,CS001;CS004;CS022,,included,no,weak_or_relaxed_memory;formal_verification,6,priority-title-screen,,,,Keyword score is prioritization only; it is not an eligibility or exclusion decision.
CG0736,doi:10.1145/3473571,20260731T010300Z;20260731T022106Z;20260731T022348Z,Formal verification of a concurrent bounded queue in a weak memory model,2021,2021-08-18,10.1145/3473571,,Proc. ACM Program. Lang.,opencitations;semanticscholar,10.1145/3473571;57ac041a03a6c88ba46a359595b7c1c94686103f,CS006;CS007;CS026,S07;S08;S27,CS006;CS007;CS026,,included,no,weak_or_relaxed_memory;formal_verification,6,priority-title-screen,,,,Keyword score is prioritization only; it is not an eligibility or exclusion decision.
CG0815,doi:10.1145/3689802,20260731T010300Z;20260731T022106Z;20260731T022348Z,Automated Robustness Verification of Concurrent Data Structure Libraries against Relaxed Memory Models,2024,2024-10-08,10.1145/3689802,,Proc. ACM Program. Lang.,opencitations;semanticscholar,10.1145/3689802;b11d375f98ea3af542e8d8f24171157d8ce9f02e,CS006,S07,,CS006,included,no,weak_or_relaxed_memory;formal_verification,6,priority-title-screen,,,,Keyword score is prioritization only; it is not an eligibility or exclusion decision.
CG0021,arxiv:2406.18939,20260731T010300Z;20260731T022348Z,Evaluating AI Group Fairness: a Fuzzy Logic Perspective,2024,2024-06-27,10.48550/arxiv.2406.18939,2406.18939,arXiv.org,semanticscholar,10c17afcd6f77c29250b8f0a7ebddd403eb6814e,CS002,S02,,CS002,included,no,fairness_or_justice,5,priority-title-screen,,,,Keyword score is prioritization only; it is not an eligibility or exclusion decision.
CG0028,arxiv:2605.23633,20260731T010300Z;20260731T022348Z,Formally Verified Liveness with Multiparty Session Types in Rocq,2026,2026-05-22,10.48550/arxiv.2605.23633,2605.23633,arXiv.org,semanticscholar,ac5e1733e67d2022ab23b856f21f157fde579557,CS002;CS010,S02;S14,,CS002;CS010,included,no,progress;formal_verification,5,priority-title-screen,,,,Keyword score is prioritization only; it is not an eligibility or exclusion decision.
CG0062,doi:10.1007/3-540-10007-5_47,20260731T010300Z;20260731T022106Z;20260731T022348Z,On the Semantics of Fair Parallelism,1979,1979-01-22,10.1007/3-540-10007-5_47,,Abstract Software Specifications,opencitations;semanticscholar,10.1007/3-540-10007-5_47;60e379bfb70841b9a025dc4350f2b67b2526a2a1,CS001,S01,CS001,,included,no,fairness_or_justice,5,priority-title-screen,,,,Keyword score is prioritization only; it is not an eligibility or exclusion decision.
CG0104,doi:10.1007/978-1-4612-4886-6,20260731T010300Z;20260731T022106Z;20260731T022348Z,Fairness,1986,,10.1007/978-1-4612-4886-6,,Texts and Monographs in Computer Science,opencitations;semanticscholar,10.1007/978-1-4612-4886-6;14e65efd7a957b5bcbc899087169ffd2b0aa9e62,CS001;CS004,S01;S05,CS001;CS004,,included,no,fairness_or_justice,5,priority-title-screen,,,,Keyword score is prioritization only; it is not an eligibility or exclusion decision.
CG0160,doi:10.1007/978-3-319-10181-1_22,20260731T010300Z;20260731T022106Z;20260731T022348Z,A Compositional Proof Method for Linearizability Applied to a Wait-Free Multiset,2014,2014-09-09,10.1007/978-3-319-10181-1_22,,International Conference on Integrated Formal Methods,opencitations;semanticscholar,10.1007/978-3-319-10181-1_22;e0015e2012abf38425e1fe63d6262701c4f6cca8,CS018,S28,,CS018,included,no,progress;formal_verification,5,priority-title-screen,,,,Keyword score is prioritization only; it is not an eligibility or exclusion decision.
CG0195,doi:10.1007/978-3-540-27813-9_4,20260731T020306Z;20260731T022348Z,A Formal Reduction for Lock-Free Parallel Algorithms,2004,2004-07-13,10.1007/978-3-540-27813-9_4,,International Conference on Computer Aided Verification,semanticscholar,d383564dd75f7e8aec54c992a2867e90d906c634,CS030,S44,CS030,,included,no,progress;formal_verification,5,priority-title-screen,,,,Keyword score is prioritization only; it is not an eligibility or exclusion decision.
CG0199,doi:10.1007/978-3-540-30232-2_7,20260731T010300Z;20260731T020306Z;20260731T022106Z;20260731T022348Z,Formal Verification of a Practical Lock-Free Queue Algorithm,2004,2004-09-27,10.1007/978-3-540-30232-2_7,,Formal Techniques for (Networked and) Distributed Systems,opencitations;semanticscholar,10.1007/978-3-540-30232-2_7;fe45719732b4b2cfc845e0906567f5bf2f2903be,CS009;CS017;CS018;CS021;CS024;CS027;CS028;CS030,A28;A29;S10;S28;S31;S38;S40;S44,CS009;CS017;CS018;CS021;CS024;CS027;CS028;CS030,,included,no,progress;formal_verification,5,priority-title-screen,,,,Keyword score is prioritization only; it is not an eligibility or exclusion decision.
CG0238,doi:10.1007/978-3-642-13321-3_21,20260731T010300Z;20260731T022106Z;20260731T022348Z,Temporal Logic Verification of Lock-Freedom,2010,2010-06-21,10.1007/978-3-642-13321-3_21,,International Conference on Mathematics of Program Construction,opencitations;semanticscholar,10.1007/978-3-642-13321-3_21;869ae96da6326045f6dcfd0c7dbf4574a19aabcf,CS009;CS016;CS018;CS024;CS025,A27;A29;A30;S10;S28,CS016;CS018,CS009;CS024;CS025,included,no,progress;formal_verification,5,priority-title-screen,,,,Keyword score is prioritization only; it is not an eligibility or exclusion decision.
CG0291,doi:10.1007/978-3-662-46681-0_30,20260731T010300Z;20260731T022348Z,Fairness for Infinite-State Systems,2015,2015-04-11,10.1007/978-3-662-46681-0_30,,International Conference on Tools and Algorithms for Construction and Analysis of Systems,semanticscholar,10a5da421310030f551edf87fdf3b831c485a9e0,CS009,S10,,CS009,included,no,fairness_or_justice,5,priority-title-screen,,,,Keyword score is prioritization only; it is not an eligibility or exclusion decision.
CG0353,doi:10.1007/s10703-023-00439-6,20260731T010300Z;20260731T022106Z;20260731T022348Z,Thread-modular counter abstraction: automated safety and termination proofs of parameterized software by reduction to sequential program verification,2023,2023-10-06,10.1007/s10703-023-00439-6,,Formal methods in system design,opencitations;semanticscholar,10.1007/s10703-023-00439-6;432adb96f5481dd91df93b68b07e1cf7a708dcca,CS029,S42,,CS029,included,no,progress;formal_verification,5,priority-title-screen,,,,Keyword score is prioritization only; it is not an eligibility or exclusion decision.
CG0427,doi:10.1109/acsd.2009.10,20260731T010300Z;20260731T022106Z;20260731T022348Z,Formal Verification of Lock-Free Algorithms,2009,2009-07-01,10.1109/acsd.2009.10,,2009 Ninth International Conference on Application of Concurrency to System Design,opencitations;semanticscholar,10.1109/acsd.2009.10;ad675fb6a522e5761918bde052c03f3ba1360f15,CS009;CS025;CS027,A30;S10;S38,,CS009;CS025;CS027,included,no,progress;formal_verification,5,priority-title-screen,,,,Keyword score is prioritization only; it is not an eligibility or exclusion decision.
CG0434,doi:10.1109/iceccs.2005.49,20260731T010300Z;20260731T020306Z;20260731T022106Z;20260731T022348Z,Formal verification of an array-based nonblocking queue,2005,2005-06-16,10.1109/iceccs.2005.49,,IEEE International Conference on Engineering of Complex Computer Systems,opencitations;semanticscholar,10.1109/iceccs.2005.49;2f58671554cc431f10cdc6cafa5549b0d48ab090,CS024;CS030,A29;S44,CS024;CS030,,included,no,progress;formal_verification,5,priority-title-screen,,,,Keyword score is prioritization only; it is not an eligibility or exclusion decision.
CG0451,doi:10.1109/mascots.2019.00019,20260731T010300Z;20260731T022106Z;20260731T022348Z,Practical Progress Verification of Descriptor-Based Non-Blocking Data Structures,2019,2019-10-01,10.1109/mascots.2019.00019,,"IEEE/ACM International Symposium on Modeling, Analysis, and Simulation On Computer and Telecommunication Systems",opencitations;semanticscholar,10.1109/mascots.2019.00019;aae41fe48eebe979598c5ebf2161296087b6e815,CS009;CS013;CS016;CS017,A27;A28;S10;S17,,CS009;CS013;CS016;CS017,included,no,progress;formal_verification,5,priority-title-screen,,,,Keyword score is prioritization only; it is not an eligibility or exclusion decision.
CG0593,doi:10.1145/2603088.2603123,20260731T010300Z;20260731T022106Z;20260731T022348Z,Compositional verification of termination-preserving refinement of concurrent programs,2014,2014-07-14,10.1145/2603088.2603123,,CSL-LICS,opencitations;semanticscholar,10.1145/2603088.2603123;997c2c6b5b168e4647fbc4bcabccddf1faef8cc1,CS009;CS013;CS014;CS016;CS017,A27;A28;S10;S17;S19,CS013;CS014;CS017,CS009;CS016,included,no,progress;formal_verification,5,priority-title-screen,,,,Keyword score is prioritization only; it is not an eligibility or exclusion decision.
CG0672,doi:10.1145/3210258,20260731T010300Z;20260731T022106Z;20260731T022348Z,Modular Termination Verification of Single-Threaded and Multithreaded Programs,2018,2018-09-30,10.1145/3210258,,ACM Transactions on Programming Languages and Systems,opencitations;semanticscholar,10.1145/3210258;2704c413960264632a7f0b4117a9cddc7cfc490f,CS011;CS012;CS013;CS016,A27;S15;S16;S17,CS011;CS012,CS013;CS016,included,no,progress;formal_verification,5,priority-title-screen,,,,Keyword score is prioritization only; it is not an eligibility or exclusion decision.
CG0715,doi:10.1145/3427761.3428345,20260731T010300Z;20260731T022106Z;20260731T022348Z,A separation logic to verify termination of busy-waiting for abrupt program exit,2020,2020-07-23,10.1145/3427761.3428345,2010.07800,FTfJP@ECOOP,opencitations;semanticscholar,10.1145/3427761.3428345;ee6c7f61cf1f99bf3288e6e20ba6154df75c5422,CS010;CS014,S14;S19,CS010,CS014,included,no,progress;formal_verification,5,priority-title-screen,,,,Keyword score is prioritization only; it is not an eligibility or exclusion decision.
CG0812,doi:10.1145/3689732,20260731T010300Z;20260731T022106Z;20260731T022348Z,Verified Lock-Free Session Channels with Linking,2024,2024-10-08,10.1145/3689732,,Proc. ACM Program. Lang.,opencitations;semanticscholar,10.1145/3689732;81da15e805b556a11bf20c3f3ea6492cc59b3668,CS006;CS007,S07;S08,,CS006;CS007,included,no,progress;formal_verification,5,priority-title-screen,,,,Keyword score is prioritization only; it is not an eligibility or exclusion decision.
CG0825,doi:10.1145/3729246,20260731T010300Z;20260731T022106Z;20260731T022348Z,Verifying General-Purpose RCU for Reclamation in Relaxed Memory Separation Logic,2025,2025-06-10,10.1145/3729246,,Proc. ACM Program. Lang.,opencitations;semanticscholar,10.1145/3729246;c4f35adde3c9f7ca7ea4adc948e4bab526280f26,CS006;CS007;CS018,S07;S08;S28,,CS006;CS007;CS018,included,no,weak_or_relaxed_memory;reclamation_or_aba,5,priority-title-screen,,,,Keyword score is prioritization only; it is not an eligibility or exclusion decision.
CG0828,doi:10.1145/3747512,20260731T010300Z;20260731T022106Z;20260731T022348Z,Almost Fair Simulations,2025,2025-08-05,10.1145/3747512,2605.26698,Proc. ACM Program. Lang.,opencitations;semanticscholar,10.1145/3747512;f935a22a6c01e7383a43b2d06d34c62682e8f9ca,CS002,S02,,CS002,included,no,fairness_or_justice,5,priority-title-screen,,,,Keyword score is prioritization only; it is not an eligibility or exclusion decision.
CG0910,doi:10.26686/wgtn.16969549.v1,20260731T020306Z;20260731T022348Z,The Design and Verification of Dynamic-sized Nonblocking Data Structures,2010,,10.26686/wgtn.16969549.v1,,,semanticscholar,57b24c4e80dd675d4a29634b34974fee37c70306,CS030,S44,CS030,,included,no,progress;formal_verification,5,priority-title-screen,,,,Keyword score is prioritization only; it is not an eligibility or exclusion decision.
CG0912,doi:10.29007/n3nk,20260731T010300Z;20260731T022348Z,A simple proof system for lock-free concurrency,2010,,10.29007/n3nk,,PSPL@LICS,semanticscholar,73fe887ed6ab92ef71a9284e7b1357b1c2a63e84,CS009,S10,,CS009,included,no,progress;formal_verification,5,priority-title-screen,,,,Keyword score is prioritization only; it is not an eligibility or exclusion decision.
CG0915,doi:10.3217/jucs-011-05-0744,20260731T020306Z;20260731T022348Z,Formal Construction of a Non-blocking Concurrent Queue Algorithm (a Case Study in Atomicity),2005,,10.3217/jucs-011-05-0744,,Journal of universal computer science (Online),semanticscholar,c30ddeb525bceeb632284ace32a2ca9a86066f1b,CS030,S44,CS030,,included,no,progress;formal_verification,5,priority-title-screen,,,,Keyword score is prioritization only; it is not an eligibility or exclusion decision.
CG0921,doi:10.4135/9781473915077.n19,20260731T010300Z;20260731T022348Z,Fairness,1988,,10.4135/9781473915077.n19,,Bull. EATCS,semanticscholar,5f0b03f6a6c655eecc818d5c3f425b6003fe1dae,CS001,S01,CS001,,included,no,fairness_or_justice,5,priority-title-screen,,,,Keyword score is prioritization only; it is not an eligibility or exclusion decision.
CG0927,doi:10.4230/lipics.concur.2018.23,20260731T010300Z;20260731T022106Z;20260731T022348Z,GPU Schedulers: How Fair Is Fair Enough?,2018,2018-08-13,10.4230/lipics.concur.2018.23,,International Conference on Concurrency Theory,opencitations;semanticscholar,10.4230/lipics.concur.2018.23;da62b4d6a01b6c855a64498c5f5d5ebbad5b02dd,CS004,S05,CS004,,included,no,fairness_or_justice,5,priority-title-screen,,,,Keyword score is prioritization only; it is not an eligibility or exclusion decision.
CG0958,s2:0a4552dfaf8a5aec789d6f982c32ea3c0a25b221,20260731T020306Z;20260731T022348Z,Under consideration for publication in Formal Aspects of Computing Streamlining progress-based derivations of concurrent programs,2006,,,,,semanticscholar,0a4552dfaf8a5aec789d6f982c32ea3c0a25b221,CS030,S44,CS030,,included,no,progress;formal_verification,5,priority-title-screen,,,,Keyword score is prioritization only; it is not an eligibility or exclusion decision.
CG0974,s2:26bcc72aaa4b556da051c15e9d4f2936fcf3c224,20260731T010300Z;20260731T022348Z,Verification of Lock-free Scalable Synchronous Queue ( Technical Report ),2011,,,,,semanticscholar,26bcc72aaa4b556da051c15e9d4f2936fcf3c224,CS009,S10,,CS009,included,no,progress;formal_verification,5,priority-title-screen,,,,Keyword score is prioritization only; it is not an eligibility or exclusion decision.
CG0985,s2:4511a87c0fdb840a40ee9dd241e366e822f69976,20260731T010300Z;20260731T020306Z;20260731T022348Z,Progress-based verification and derivation of concurrent programs,2009,2009-03-01,,,,semanticscholar,4511a87c0fdb840a40ee9dd241e366e822f69976,CS024;CS025;CS030,A29;A30;S44,CS030,CS024;CS025,included,no,progress;formal_verification,5,priority-title-screen,,,,Keyword score is prioritization only; it is not an eligibility or exclusion decision.
CG0986,s2:4922ddb355c190c7de1ae15383fa4455b8dae491,20260731T010300Z;20260731T022348Z,A proof system for lock-free concurrency,2013,,,,,semanticscholar,4922ddb355c190c7de1ae15383fa4455b8dae491,CS009,S10,,CS009,included,no,progress;formal_verification,5,priority-title-screen,,,,Keyword score is prioritization only; it is not an eligibility or exclusion decision.
CG1004,s2:6ebbaf8efc7a52890ea144a9a744ee69492c7c1a,20260731T010300Z;20260731T022348Z,A Program Logic for Contextual Refinement of Concurrent Objects under Fair Scheduling,2015,,,,,semanticscholar,6ebbaf8efc7a52890ea144a9a744ee69492c7c1a,CS009;CS016,A27;S10,,CS009;CS016,included,no,fairness_or_justice,5,priority-title-screen,,,,Keyword score is prioritization only; it is not an eligibility or exclusion decision.
CG1010,s2:77bf635b620a5c914de22261a822cc65c1a87052,20260731T010300Z;20260731T022348Z,Correctness and Progress Verification of Non-Blocking Programs,2019,,,,,semanticscholar,77bf635b620a5c914de22261a822cc65c1a87052,CS009;CS013;CS016;CS017,A27;A28;S10;S17,,CS009;CS013;CS016;CS017,included,no,progress;formal_verification,5,priority-title-screen,,,,Keyword score is prioritization only; it is not an eligibility or exclusion decision.
CG1051,s2:d07e6fdd617e0ff8f130bf6749857d725f8b85eb,20260731T010300Z;20260731T022348Z,Formal Verification of Lock-Free Algorithms (Invited Paper),2009,,,,,semanticscholar,d07e6fdd617e0ff8f130bf6749857d725f8b85eb,CS009;CS025,A30;S10,,CS009;CS025,included,no,progress;formal_verification,5,priority-title-screen,,,,Keyword score is prioritization only; it is not an eligibility or exclusion decision.
CG1055,s2:dae6eece9582c503b1646f839ae4c1327325b88b,20260731T010300Z;20260731T022348Z,Completing Almost Fair Simulations,,,,,,semanticscholar,dae6eece9582c503b1646f839ae4c1327325b88b,CS002;CS010,S02;S14,,CS002;CS010,unknown-date,no,fairness_or_justice,5,manual-date-check,,,,Keyword score is prioritization only; it is not an eligibility or exclusion decision.
CG1056,s2:df52db4bcdb3a86f210a1a34500014736e27a563,20260731T010300Z;20260731T022348Z,Modular full functional specification and verification of lock-free data structures,2009,2009-06-01,,,,semanticscholar,df52db4bcdb3a86f210a1a34500014736e27a563,CS009,S10,,CS009,included,no,progress;formal_verification,5,priority-title-screen,,,,Keyword score is prioritization only; it is not an eligibility or exclusion decision.
CG1058,s2:e061d30508d2cfac3a75b520119bdebfb2304c09,20260731T010300Z;20260731T022348Z,Modular Termination Verification for Non-blocking Concurrency (Extended Version),2016,2016-03-16,,,,semanticscholar,e061d30508d2cfac3a75b520119bdebfb2304c09,CS009;CS016,A27;S10,,CS009;CS016,included,no,progress;formal_verification,5,priority-title-screen,,,,Keyword score is prioritization only; it is not an eligibility or exclusion decision.
CG1081,unknown:semanticscholar:cs002:references:0:33,20260731T010300Z;20260731T022348Z,2023. PLDI23 artifact for Fair Operational Semantics,,,,,,semanticscholar,,CS002,S02,CS002,,unknown-date,no,fairness_or_justice,5,manual-date-check,,,,Keyword score is prioritization only; it is not an eligibility or exclusion decision.
CG0005,arxiv:1606.05416,20260731T010300Z;20260731T022348Z,Taming Weak Memory Models,2016,2016-06-17,,1606.05416,arXiv.org,semanticscholar,6e0a256e89b567fb9ae56b5445807ece02578c5f,CS001,S01,CS001,,included,no,weak_or_relaxed_memory,4,title-screen,,,,Keyword score is prioritization only; it is not an eligibility or exclusion decision.
CG0009,arxiv:2004.02983,20260731T010300Z;20260731T022348Z,Integrating Owicki-Gries for C11-Style Memory Models into Isabelle/HOL,2020,2020-04-06,,2004.02983,arXiv.org,semanticscholar,86824c771a33b49d554fba47e5d384ad0a70df64,CS008,S09,CS008,,included,no,weak_or_relaxed_memory,4,title-screen,,,,Keyword score is prioritization only; it is not an eligibility or exclusion decision.
CG0020,arxiv:2405.16611,20260731T010300Z;20260731T022348Z,What Cannot Be Implemented on Weak Memory?,2024,2024-05-26,10.48550/arxiv.2405.16611,2405.16611,International Symposium on Distributed Computing,semanticscholar,d4f0e916d1ef43beb46459016896c127e812c513,CS001,S01,,CS001,included,no,weak_or_relaxed_memory,4,title-screen,,,,Keyword score is prioritization only; it is not an eligibility or exclusion decision.
CG0033,doi:10.1002/cpe.70484,20260731T010300Z;20260731T022106Z;20260731T022348Z,Weak Memory Model Formalisms: Introduction and Survey,2026,2025-08-06,10.1002/cpe.70484,2508.04115,Concurrency and Computation,opencitations;semanticscholar,10.1002/cpe.70484;51e769bec6764d1b6637973728b96a8c194b00f3,CS001;CS003;CS006;CS008,S01;S03;S07;S09,,CS001;CS003;CS006;CS008,included,no,weak_or_relaxed_memory,4,title-screen,,,,Keyword score is prioritization only; it is not an eligibility or exclusion decision.
CG0112,doi:10.1007/978-3-030-25540-4_19,20260731T010300Z;20260731T022106Z;20260731T022348Z,BMC for Weak Memory Models: Relation Analysis for Compact SMT Encodings,2019,2019-07-15,10.1007/978-3-030-25540-4_19,,International Conference on Computer Aided Verification,opencitations;semanticscholar,10.1007/978-3-030-25540-4_19;e3a0886cc77e1560e764e124986ab5ec1e927097,CS022,S33,CS022,,included,no,weak_or_relaxed_memory,4,title-screen,,,,Keyword score is prioritization only; it is not an eligibility or exclusion decision.
CG0118,doi:10.1007/978-3-030-44914-8_22,20260731T010300Z;20260731T022348Z,Modular Relaxed Dependencies in Weak Memory Concurrency,2020,2020-04-18,10.1007/978-3-030-44914-8_22,,European Symposium on Programming,semanticscholar,69230484dc66e892746ed6f66d73601ff8e2959c,CS008,S09,CS008,,included,no,weak_or_relaxed_memory,4,title-screen,,,,Keyword score is prioritization only; it is not an eligibility or exclusion decision.
CG0174,doi:10.1007/978-3-319-66706-5_15,20260731T010300Z;20260731T022106Z;20260731T022348Z,Portability Analysis for Weak Memory Models. PORTHOS: One Tool for all Models,2017,2017-08-30,10.1007/978-3-319-66706-5_15,,Sensors Applications Symposium,opencitations;semanticscholar,10.1007/978-3-319-66706-5_15;482fab13a2d74d99f1e364c64dcda4269d686e43,CS004,S05,CS004,,included,no,weak_or_relaxed_memory,4,title-screen,,,,Keyword score is prioritization only; it is not an eligibility or exclusion decision.
CG0276,doi:10.1007/978-3-642-37036-6_27,20260731T010300Z;20260731T022106Z;20260731T022348Z,Quarantining Weakness - Compositional Reasoning under Relaxed Memory Models (Extended Abstract),2013,2013-03-16,10.1007/978-3-642-37036-6_27,,European Symposium on Programming,opencitations;semanticscholar,036ca64ac4821461ca970779830d92c2984513d6;10.1007/978-3-642-37036-6_27,CS006,S07,CS006,,included,no,weak_or_relaxed_memory,4,title-screen,,,,Keyword score is prioritization only; it is not an eligibility or exclusion decision.
CG0292,doi:10.1007/978-3-662-47666-6_25,20260731T010300Z;20260731T022348Z,Owicki-Gries Reasoning for Weak Memory Models,2015,2015-07-06,10.1007/978-3-662-47666-6_25,,"International Colloquium on Automata, Languages and Programming",semanticscholar,af8139aaee50f27b818b3c00373b664b27599e26,CS008,S09,CS008,,included,no,weak_or_relaxed_memory,4,title-screen,,,,Keyword score is prioritization only; it is not an eligibility or exclusion decision.
CG0295,doi:10.1007/978-3-662-49122-5_20,20260731T010300Z;20260731T022106Z;20260731T022348Z,A Program Logic for C11 Memory Fences,2016,2016-01-17,10.1007/978-3-662-49122-5_20,,"International Conference on Verification, Model Checking and Abstract Interpretation",opencitations;semanticscholar,10.1007/978-3-662-49122-5_20;5b91aa1411d11fdac8914b455b84b9d41f22dd73,CS006;CS007;CS008;CS026,S07;S08;S09;S27,CS006;CS007;CS008;CS026,,included,no,weak_or_relaxed_memory,4,title-screen,,,,Keyword score is prioritization only; it is not an eligibility or exclusion decision.
CG0326,doi:10.1007/s00165-019-00499-8,20260731T010300Z;20260731T022106Z;20260731T022348Z,Linearizability on hardware weak memory models,2019,2019-11-15,10.1007/s00165-019-00499-8,,Formal Aspects of Computing,opencitations;semanticscholar,10.1007/s00165-019-00499-8;48c3d0e0c9907427e45d06ce3b1fb761fe46e39f,CS007,S08,CS007,,included,no,weak_or_relaxed_memory,4,title-screen,,,,Keyword score is prioritization only; it is not an eligibility or exclusion decision.
CG0424,doi:10.1109/2.546611,20260731T010300Z;20260731T020306Z;20260731T022106Z;20260731T022348Z,Shared Memory Consistency Models: A Tutorial,1996,1996-12-01,10.1109/2.546611,,Computer,opencitations;semanticscholar,10.1109/2.546611;e0bc77d18ab2e097395ce77b8c050f53f420542d,CS003;CS030,S03;S44,CS003;CS030,,included,no,weak_or_relaxed_memory,4,title-screen,,,,Keyword score is prioritization only; it is not an eligibility or exclusion decision.
CG0465,doi:10.1109/tpds.2004.8,20260731T010300Z;20260731T020306Z;20260731T022106Z;20260731T022348Z,Hazard pointers: safe memory reclamation for lock-free objects,2004,2004-06-01,10.1109/tpds.2004.8,,IEEE Transactions on Parallel and Distributed Systems,opencitations;semanticscholar,10.1109/tpds.2004.8;e7a2f4f2b5d6f8d160cc381f2b6b0a36f2e8081c,CS006;CS016;CS018;CS019;CS022;CS024;CS030,A27;A29;S07;S28;S29;S33;S44,CS006;CS016;CS018;CS019;CS022;CS024;CS030,,included,no,progress;reclamation_or_aba,4,title-screen,,,,Keyword score is prioritization only; it is not an eligibility or exclusion decision.
CG0477,doi:10.1145/1017460.1017464,20260731T010300Z;20260731T022106Z;20260731T022348Z,A unified theory of shared memory consistency,2002,2002-08-19,10.1145/1017460.1017464,cs/0208027,JACM,opencitations;semanticscholar,10.1145/1017460.1017464;ab4f6fdb0fa565d91201ff4870385427d20e55ef,CS006,S07,CS006,,included,no,weak_or_relaxed_memory,4,title-screen,,,,Keyword score is prioritization only; it is not an eligibility or exclusion decision.
CG0498,doi:10.1145/1250734.1250737,20260731T010300Z;20260731T020306Z;20260731T022106Z;20260731T022348Z,CheckFence: checking consistency of concurrent data types on relaxed memory models,2007,2007-06-15,10.1145/1250734.1250737,,ACM-SIGPLAN Symposium on Programming Language Design and Implementation,opencitations;semanticscholar,10.1145/1250734.1250737;21161c8efa04cd2ec2e4f121fc720d7e2ffc4e38,CS022;CS030,S33;S44,CS022;CS030,,included,no,weak_or_relaxed_memory,4,title-screen,,,,Keyword score is prioritization only; it is not an eligibility or exclusion decision.
CG0562,doi:10.1145/2103656.2103717,20260731T010300Z;20260731T022106Z;20260731T022348Z,Clarifying and compiling C/C++ concurrency: from C++11 to POWER,2012,2012-01-25,10.1145/2103656.2103717,,ACM-SIGACT Symposium on Principles of Programming Languages,opencitations;semanticscholar,10.1145/2103656.2103717;57c7137043f02fc734642c7aca79e3b95788eb99,CS001,S01,CS001,,included,no,weak_or_relaxed_memory,4,title-screen,,,,Keyword score is prioritization only; it is not an eligibility or exclusion decision.
CG0575,doi:10.1145/2442516.2442524,20260731T010300Z;20260731T022106Z;20260731T022348Z,Correct and efficient work-stealing for weak memory models,2013,2013-02-23,10.1145/2442516.2442524,,ACM SIGPLAN Symposium on Principles & Practice of Parallel Programming,opencitations;semanticscholar,10.1145/2442516.2442524;c2c01c69d19bcc9350c174bbf91ae31d18149f97,CS006,S07,CS006,,included,no,weak_or_relaxed_memory,4,title-screen,,,,Keyword score is prioritization only; it is not an eligibility or exclusion decision.
CG0585,doi:10.1145/2509136.2509532,20260731T010300Z;20260731T022106Z;20260731T022348Z,Relaxed separation logic: a program logic for C11 concurrency,2013,2013-10-29,10.1145/2509136.2509532,,"Conference on Object-Oriented Programming Systems, Languages, and Applications",opencitations;semanticscholar,10.1145/2509136.2509532;987adbbb4b5baff729cf3907d7f05a86e8651849,CS006;CS007;CS026,S07;S08;S27,CS006;CS007;CS026,,included,no,weak_or_relaxed_memory,4,title-screen,,,,Keyword score is prioritization only; it is not an eligibility or exclusion decision.
CG0611,doi:10.1145/2737924.2737992,20260731T010300Z;20260731T022106Z;20260731T022348Z,Verifying read-copy-update in a logic for weak memory,2015,2015-06-03,10.1145/2737924.2737992,,ACM-SIGPLAN Symposium on Programming Language Design and Implementation,opencitations;semanticscholar,10.1145/2737924.2737992;f193fd19ceaf8137e874319e51f4d5a1d3dc49b2,CS006;CS008,S07;S09,CS006;CS008,,included,no,weak_or_relaxed_memory,4,title-screen,,,,Keyword score is prioritization only; it is not an eligibility or exclusion decision.
CG0617,doi:10.1145/2775051.2676995,20260731T010300Z;20260731T022106Z;20260731T022348Z,Common Compiler Optimisations are Invalid in the C11 Memory Model and what we can do about it,2015,2015-01-14,10.1145/2775051.2676995,,ACM-SIGACT Symposium on Principles of Programming Languages,opencitations;semanticscholar,10.1145/2775051.2676995;bde0e8ce845d704b11d43d9df4913a7f9cedfb3b,CS001,S01,CS001,,included,no,weak_or_relaxed_memory,4,title-screen,,,,Keyword score is prioritization only; it is not an eligibility or exclusion decision.
CG0623,doi:10.1145/2837614.2837637,20260731T010300Z;20260731T022106Z;20260731T022348Z,Overhauling SC atomics in C11 and OpenCL,2015,2015-03-24,10.1145/2837614.2837637,1503.07073,ACM-SIGACT Symposium on Principles of Programming Languages,opencitations;semanticscholar,10.1145/2837614.2837637;6651ca0bad269e4390cdf26e85c9db75e91383b4,CS004,S05,CS004,,included,no,weak_or_relaxed_memory,4,title-screen,,,,Keyword score is prioritization only; it is not an eligibility or exclusion decision.
CG0645,doi:10.1145/3018743.3018749,20260731T010300Z;20260731T022106Z;20260731T022348Z,Checking Concurrent Data Structures Under the C/C++11 Memory Model,2017,2017-01-26,10.1145/3018743.3018749,,ACM SIGPLAN Symposium on Principles & Practice of Parallel Programming,opencitations;semanticscholar,10.1145/3018743.3018749;3456741c745b0de504a49d85e59a3f180b8370db,CS022,S33,CS022,,included,no,weak_or_relaxed_memory,4,title-screen,,,,Keyword score is prioritization only; it is not an eligibility or exclusion decision.
CG0647,doi:10.1145/3062341.3062352,20260731T010300Z;20260731T022106Z;20260731T022348Z,Repairing sequential consistency in C/C++11,2017,2017-06-14,10.1145/3062341.3062352,,ACM-SIGPLAN Symposium on Programming Language Design and Implementation,opencitations;semanticscholar,10.1145/3062341.3062352;5f336a86f0b4c91c729d3adf471fe27eaf67f5e8,CS001;CS002;CS003;CS006;CS007;CS008;CS022,S01;S02;S03;S07;S08;S09;S33,CS001;CS002;CS003;CS006;CS007;CS008;CS022,,included,no,weak_or_relaxed_memory,4,title-screen,,,,Keyword score is prioritization only; it is not an eligibility or exclusion decision.
CG0678,doi:10.1145/3290371,20260731T010300Z;20260731T022106Z;20260731T022348Z,Decoupling lock-free data structures from memory reclamation for static analysis,2019,2019-01-02,10.1145/3290371,1810.10807,Proc. ACM Program. Lang.,opencitations;semanticscholar,08b891505944ac88d32824c27559097b240a59b8;10.1145/3290371,CS018;CS019,S28;S29,CS019,CS018,included,no,progress;reclamation_or_aba,4,title-screen,,,,Keyword score is prioritization only; it is not an eligibility or exclusion decision.
CG0681,doi:10.1145/3290381,20260731T010300Z;20260731T022106Z;20260731T022348Z,On library correctness under weak memory consistency: specifying and verifying concurrent libraries under declarative consistency models,2019,2019-01-02,10.1145/3290381,,Proc. ACM Program. Lang.,opencitations;semanticscholar,10.1145/3290381;87302a001b7651772e3cdd14bfdd77b1ae049a70,CS006;CS007;CS008;CS022,S07;S08;S09;S33,CS006;CS007;CS008;CS022,,included,no,weak_or_relaxed_memory,4,title-screen,,,,Keyword score is prioritization only; it is not an eligibility or exclusion decision.
CG0682,doi:10.1145/3290382,20260731T010300Z;20260731T022106Z;20260731T022348Z,Bridging the gap between programming languages and hardware weak memory models,2018,2018-07-20,10.1145/3290382,1807.07892,Proc. ACM Program. Lang.,opencitations;semanticscholar,10.1145/3290382;a5b2764b49ea567332936b45afacb52e4145dc5d,CS001;CS004,S01;S05,CS001;CS004,,included,no,weak_or_relaxed_memory,4,title-screen,,,,Keyword score is prioritization only; it is not an eligibility or exclusion decision.
CG0685,doi:10.1145/3293883.3295702,20260731T010300Z;20260731T022106Z;20260731T022348Z,Verifying C11 programs operationally,2018,2018-11-22,10.1145/3293883.3295702,1811.09143,ACM SIGPLAN Symposium on Principles & Practice of Parallel Programming,opencitations;semanticscholar,10.1145/3293883.3295702;b0af7dd38c0053992b6acfdc67507f44511c7018,CS003;CS008,S03;S09,CS003;CS008,,included,no,weak_or_relaxed_memory,4,title-screen,,,,Keyword score is prioritization only; it is not an eligibility or exclusion decision.
CG0703,doi:10.1145/3371102,20260731T010300Z;20260731T022106Z;20260731T022348Z,RustBelt meets relaxed memory,2019,2019-12-20,10.1145/3371102,,Proc. ACM Program. Lang.,opencitations;semanticscholar,10.1145/3371102;c88de80b3c06b222abe2326774db1ac056806e75,CS006;CS007;CS026,S07;S08;S27,CS006;CS007;CS026,,included,no,weak_or_relaxed_memory,4,title-screen,,,,Keyword score is prioritization only; it is not an eligibility or exclusion decision.
CG0706,doi:10.1145/3371136,20260731T010300Z;20260731T022348Z,Pointer life cycle types for lock-free data structures with memory reclamation,2019,2019-10-25,10.1145/3371136,1910.11714,Proc. ACM Program. Lang.,semanticscholar,5c8dc74913606fccdd143519764d8c17ce3dd4ea,CS018,S28,,CS018,included,no,progress;reclamation_or_aba,4,title-screen,,,,Keyword score is prioritization only; it is not an eligibility or exclusion decision.
CG0710,doi:10.1145/3385412.3385973,20260731T010300Z;20260731T022106Z;20260731T022348Z,Repairing and mechanising the JavaScript relaxed memory model,2020,2020-05-21,10.1145/3385412.3385973,2005.10554,ACM-SIGPLAN Symposium on Programming Language Design and Implementation,opencitations;semanticscholar,10.1145/3385412.3385973;b1dc77b677b9b3e340d8daa88e33e15567c609ba,CS001;CS006,S01;S07,CS001;CS006,,included,no,weak_or_relaxed_memory,4,title-screen,,,,Keyword score is prioritization only; it is not an eligibility or exclusion decision.
CG0711,doi:10.1145/3385412.3386010,20260731T010300Z;20260731T022106Z;20260731T022348Z,Promising 2.0: global optimizations in relaxed memory concurrency,2020,2020-06-06,10.1145/3385412.3386010,,ACM-SIGPLAN Symposium on Programming Language Design and Implementation,opencitations;semanticscholar,10.1145/3385412.3386010;e5f11b53d7cde73883a463ab98b90095103ec792,CS002;CS006;CS008,S02;S07;S09,CS002;CS006;CS008,,included,no,weak_or_relaxed_memory,4,title-screen,,,,Keyword score is prioritization only; it is not an eligibility or exclusion decision.
CG0719,doi:10.1145/3428262,20260731T010300Z;20260731T022106Z;20260731T022348Z,Pomsets with preconditions: a simple model of relaxed memory,2020,2020-11-13,10.1145/3428262,,Proc. ACM Program. Lang.,opencitations;semanticscholar,10.1145/3428262;94a1f98f22dfa89ec20e4aa5b9c79a784a6bcf9e,CS001;CS008,S01;S09,CS001;CS008,,included,no,weak_or_relaxed_memory,4,title-screen,,,,Keyword score is prioritization only; it is not an eligibility or exclusion decision.
CG0721,doi:10.1145/3428294,20260731T010300Z;20260731T022106Z;20260731T022348Z,Foundations of empirical memory consistency testing,2020,2020-11-13,10.1145/3428294,,Proc. ACM Program. Lang.,opencitations;semanticscholar,10.1145/3428294;aee1861088e6be3837545ecc8d3c98456bf87385,CS004,S05,CS004,,included,no,weak_or_relaxed_memory,4,title-screen,,,,Keyword score is prioritization only; it is not an eligibility or exclusion decision.
CG0722,doi:10.1145/3434285,20260731T010300Z;20260731T022106Z;20260731T022348Z,Verifying observational robustness against a c11-style memory model,2021,2021-01-04,10.1145/3434285,,Proc. ACM Program. Lang.,opencitations;semanticscholar,10.1145/3434285;3790e22a2f2779326e18403777884ddb923afabc,CS001;CS008,S01;S09,CS001;CS008,,included,no,weak_or_relaxed_memory,4,title-screen,,,,Keyword score is prioritization only; it is not an eligibility or exclusion decision.
CG0754,doi:10.1145/3519939.3523718,20260731T010300Z;20260731T022106Z;20260731T022348Z,Sequential reasoning for optimizing compilers under weak memory concurrency,2022,2022-06-09,10.1145/3519939.3523718,,ACM-SIGPLAN Symposium on Programming Language Design and Implementation,opencitations;semanticscholar,10.1145/3519939.3523718;737319e68b96a2d94e082c5e71e38c12b745cfcf,CS001;CS002,S01;S02,CS002,CS001,included,no,weak_or_relaxed_memory,4,title-screen,,,,Keyword score is prioritization only; it is not an eligibility or exclusion decision.
CG0762,doi:10.1145/3563352,20260731T010300Z;20260731T022106Z;20260731T022348Z,Implementing and verifying release-acquire transactional memory in C11,2022,2022-10-31,10.1145/3563352,,Proc. ACM Program. Lang.,opencitations;semanticscholar,10.1145/3563352;e6888c07183e665dd7b496f958d6397398ef9706,CS001;CS006;CS008,S01;S07;S09,,CS001;CS006;CS008,included,no,weak_or_relaxed_memory,4,title-screen,,,,Keyword score is prioritization only; it is not an eligibility or exclusion decision.
CG0767,doi:10.1145/3571246,20260731T010300Z;20260731T022106Z;20260731T022348Z,An Operational Approach to Library Abstraction under Relaxed Memory Concurrency,2023,2023-01-09,10.1145/3571246,,Proc. ACM Program. Lang.,opencitations;semanticscholar,10.1145/3571246;488eb7fd3dc83634669b98702b3b88e7aa462eca,CS006;CS007;CS008;CS022,S07;S08;S09;S33,CS007;CS022,CS006;CS008,included,no,weak_or_relaxed_memory,4,title-screen,,,,Keyword score is prioritization only; it is not an eligibility or exclusion decision.
CG0769,doi:10.1145/3575693.3575750,20260731T010300Z;20260731T022106Z;20260731T022348Z,MC Mutants: Evaluating and Improving Testing for Memory Consistency Specifications,2023,2023-01-27,10.1145/3575693.3575750,,International Conference on Architectural Support for Programming Languages and Operating Systems,opencitations;semanticscholar,10.1145/3575693.3575750;2fd9d24a2498832bdc33a9436c74efcdaec149e7,CS004,S05,CS004,,included,no,weak_or_relaxed_memory,4,title-screen,,,,Keyword score is prioritization only; it is not an eligibility or exclusion decision.
CG0778,doi:10.1145/3591297,20260731T010300Z;20260731T022106Z;20260731T022348Z,Putting Weak Memory in Order via a Promising Intermediate Representation,2023,2023-06-06,10.1145/3591297,,Proc. ACM Program. Lang.,opencitations;semanticscholar,10.1145/3591297;7f87c4faf744a4fc255d34cc434abfdb824e163b,CS006,S07,,CS006,included,no,weak_or_relaxed_memory,4,title-screen,,,,Keyword score is prioritization only; it is not an eligibility or exclusion decision.
CG0780,doi:10.1145/3597926.3598095,20260731T010300Z;20260731T022106Z;20260731T022348Z,GPUHarbor: Testing GPU Memory Consistency at Large (Experience Paper),2023,2023-07-12,10.1145/3597926.3598095,,International Symposium on Software Testing and Analysis,opencitations;semanticscholar,10.1145/3597926.3598095;cf21dd3b47d6a5a81490a706db5d1bf3ceca8e8f,CS004,S05,CS004,,included,no,weak_or_relaxed_memory,4,title-screen,,,,Keyword score is prioritization only; it is not an eligibility or exclusion decision.
CG0805,doi:10.1145/3641399.3641443,20260731T010300Z;20260731T022106Z;20260731T022348Z,Parameterized Static Analysis for Weak Memory Models,2024,2024-02-22,10.1145/3641399.3641443,,International Symposium on Electronic Commerce,opencitations;semanticscholar,03430320239d58d1715c61177dad8d367858669b;10.1145/3641399.3641443,CS006,S07,,CS006,included,no,weak_or_relaxed_memory,4,title-screen,,,,Keyword score is prioritization only; it is not an eligibility or exclusion decision.
CG0819,doi:10.1145/3704908,20260731T010300Z;20260731T022106Z;20260731T022348Z,Relaxed Memory Concurrency Re-executed,2025,2025-01-07,10.1145/3704908,,Proc. ACM Program. Lang.,opencitations;semanticscholar,10.1145/3704908;8f276e62845a150f8001ed955007208be9f2c3c3,CS001,S01,,CS001,included,no,weak_or_relaxed_memory,4,title-screen,,,,Keyword score is prioritization only; it is not an eligibility or exclusion decision.
CG0864,doi:10.1145/571825.571829,20260731T010300Z;20260731T020306Z;20260731T022106Z;20260731T022348Z,Safe memory reclamation for dynamic lock-free objects using atomic reads and writes,2002,2002-07-21,10.1145/571825.571829,,ACM SIGACT-SIGOPS Symposium on Principles of Distributed Computing,opencitations;semanticscholar,0ced2ecad932ec86aaa043f9b3ec0d9c6e88fbb5;10.1145/571825.571829,CS029;CS030,S42;S44,CS029;CS030,,included,no,progress;reclamation_or_aba,4,title-screen,,,,Keyword score is prioritization only; it is not an eligibility or exclusion decision.
CG0923,doi:10.4230/darts.3.2.15,20260731T010300Z;20260731T022348Z,Strong Logic for Weak Memory: Reasoning About Release-Acquire Consistency in Iris (Artifact),2017,,10.4230/darts.3.2.15,,Dagstuhl Artifacts Ser.,semanticscholar,e40c313a79290db2ec842a52b9d1684db1b6cd67,CS001;CS006;CS008;CS026,S01;S07;S09;S27,CS001;CS006;CS008;CS026,,included,no,weak_or_relaxed_memory,4,title-screen,,,,Keyword score is prioritization only; it is not an eligibility or exclusion decision.
CG0924,doi:10.4230/darts.6.2.15,20260731T010300Z;20260731T022348Z,Owicki-Gries Reasoning for C11 RAR (Artifact),2020,,10.4230/darts.6.2.15,,Dagstuhl Artifacts Ser.,semanticscholar,5e7b03f596d1a9fb990c939c49d93008721d1b49,CS008,S09,CS008,,included,no,weak_or_relaxed_memory,4,title-screen,,,,Keyword score is prioritization only; it is not an eligibility or exclusion decision.
CG0937,doi:10.4230/lipics.ecoop.2020.11,20260731T010300Z;20260731T022106Z;20260731T022348Z,Owicki-Gries Reasoning for C11 RAR,2020,,10.4230/lipics.ecoop.2020.11,,European Conference on Object-Oriented Programming,opencitations;semanticscholar,10.4230/lipics.ecoop.2020.11;cc742005045aec62115020013c9928d671bbe87e,CS006;CS008,S07;S09,CS006;CS008,,included,no,weak_or_relaxed_memory,4,title-screen,,,,Keyword score is prioritization only; it is not an eligibility or exclusion decision.
CG1032,s2:a4a26e1d3231ab823ff13eda49cc01cc4aedc16c,20260731T020306Z;20260731T022348Z,Ieee Transactions on Parallel and Distributed Systems 1 Efficient and Reliable Lock-free Memory Reclamation Based on Reference Counting,,,,,,semanticscholar,a4a26e1d3231ab823ff13eda49cc01cc4aedc16c,CS030,S44,CS030,,unknown-date,no,progress;reclamation_or_aba,4,manual-date-check,,,,Keyword score is prioritization only; it is not an eligibility or exclusion decision.
CG1100,unknown:semanticscholar:cs006:references:0:71,20260731T010300Z;20260731T022348Z,Correct and efficient work-stealing for weak memory 807 Compass: Strong and Compositional Library Specifications in Relaxed Memory Separation Logic PLDI ’22,2013,,,,"June 13ś17,",semanticscholar,,CS006,S07,CS006,,included,no,weak_or_relaxed_memory,4,title-screen,,,,Keyword score is prioritization only; it is not an eligibility or exclusion decision.
CG1102,unknown:semanticscholar:cs006:references:0:74,20260731T010300Z;20260731T022348Z,Compass: Strong and Compositional Library Specifications in Relaxed Memory models,,,,,"ACM SIGPLAN Symposium on Principles and Practice of Parallel Programming, PPoPP ’13, Shenzhen, China, February 23-27, 2013",semanticscholar,,CS006,S07,CS006,,unknown-date,no,weak_or_relaxed_memory,4,manual-date-check,,,,Keyword score is prioritization only; it is not an eligibility or exclusion decision.
CG1111,unknown:semanticscholar:cs008:references:0:40,20260731T010300Z;20260731T022348Z,"GPS: navigating weak memory with ghosts, protocols, and separation",2014,,,,"A. P. Black and T. D. Millstein, editors, OOPSLA, pages 691–707. ACM,",semanticscholar,,CS008,S09,CS008,,included,no,weak_or_relaxed_memory,4,title-screen,,,,Keyword score is prioritization only; it is not an eligibility or exclusion decision.
CG1113,unknown:semanticscholar:cs008:references:0:43,20260731T010300Z;20260731T022348Z,"Isabelle files for ""Operationally Verifying C11-style Weak Memory Libraries",,,,,,semanticscholar,,CS008,S09,CS008,,unknown-date,no,weak_or_relaxed_memory,4,manual-date-check,,,,Keyword score is prioritization only; it is not an eligibility or exclusion decision.
CG1130,unknown:semanticscholar:cs022:references:0:50,20260731T010300Z;20260731T022348Z,RELINCHE: Automatically Checking Linearizability under Relaxed Memory Consistency (Replication Package),2024,,,,,semanticscholar,,CS022,S33,CS022,,included,no,weak_or_relaxed_memory,4,title-screen,,,,Keyword score is prioritization only; it is not an eligibility or exclusion decision.
CG0010,arxiv:2010.11762,20260731T010300Z;20260731T022348Z,Ghost Signals: Verifying Termination of Busy-Waiting (Extended Version),2020,2020-10-22,,2010.11762,,semanticscholar,d1b8cf16a5287ad6d110797bf9cb986876d21fdd,CS013;CS014,S17;S19,,CS013;CS014,included,no,progress,3,title-screen,,,,Keyword score is prioritization only; it is not an eligibility or exclusion decision.
CG0059,doi:10.1007/11901433_16,20260731T010300Z;20260731T020306Z;20260731T022106Z;20260731T022348Z,Formalising Progress Properties of Non-blocking Programs,2006,2006-11-01,10.1007/11901433_16,,IEEE International Conference on Formal Engineering Methods,opencitations;semanticscholar,10.1007/11901433_16;9303d7e701ef1859039e617a68a7d5941e8b9184,CS009;CS024;CS029;CS030,A29;S10;S42;S44,CS009;CS024;CS029;CS030,,included,no,progress,3,title-screen,,,,Keyword score is prioritization only; it is not an eligibility or exclusion decision.
CG0070,doi:10.1007/3-540-36108-1_23,20260731T010300Z;20260731T020306Z;20260731T022106Z;20260731T022348Z,"The Repeat Offender Problem: A Mechanism for Supporting Dynamic-Sized, Lock-Free Data Structures",2002,2002-10-28,10.1007/3-540-36108-1_23,,International Symposium on Distributed Computing,opencitations;semanticscholar,10.1007/3-540-36108-1_23;6d62297c2ca436707e59664178fe3e58b33d867e,CS024;CS030,A29;S44,CS024;CS030,,included,no,progress,3,title-screen,,,,Keyword score is prioritization only; it is not an eligibility or exclusion decision.
CG0079,doi:10.1007/3-540-45414-4_21,20260731T010300Z;20260731T020306Z;20260731T020357Z;20260731T021519Z;20260731T022106Z;20260731T022348Z,A Pragmatic Implementation of Non-blocking Linked-Lists,2001,2001-10-03,10.1007/3-540-45414-4_21,,International Symposium on Distributed Computing,opencitations;semanticscholar,10.1007/3-540-45414-4_21;3701276417cd3d53f16886bb889e3f4a626460d5,CS016;CS019;CS022;CS030;CS031,A27;S29;S33;S44;S45,CS016;CS019;CS022;CS030;CS031,,included,no,progress,3,title-screen,,,,Keyword score is prioritization only; it is not an eligibility or exclusion decision.
CG0085,doi:10.1007/3-540-48153-2_30,20260731T010300Z;20260731T022106Z;20260731T022348Z,Circular Compositional Reasoning about Liveness,1999,1999-09-27,10.1007/3-540-48153-2_30,,Conference on Correct Hardware Design and Verification Methods,opencitations;semanticscholar,10.1007/3-540-48153-2_30;a48d53812ce6314810518e1d115c721dcbf136c8,CS028,S40,CS028,,included,no,progress,3,title-screen,,,,Keyword score is prioritization only; it is not an eligibility or exclusion decision.
CG0126,doi:10.1007/978-3-030-81688-9_2,20260731T010300Z;20260731T022106Z;20260731T022348Z,Ghost Signals: Verifying Termination of Busy Waiting - Verifying Termination of Busy Waiting,2021,2021,10.1007/978-3-030-81688-9_2,,International Conference on Computer Aided Verification,opencitations;semanticscholar,10.1007/978-3-030-81688-9_2;742043b919ff277615dd8e7d26a8ce5179236d60,CS012;CS013;CS014,S16;S17;S19,CS012,CS013;CS014,included,no,progress,3,title-screen,,,,Keyword score is prioritization only; it is not an eligibility or exclusion decision.
CG0133,doi:10.1007/978-3-031-21213-0_10,20260731T020306Z;20260731T020357Z;20260731T021519Z;20260731T022106Z;20260731T022348Z,Decidability of Liveness for Concurrent Objects on the TSO Memory Model,2022,,10.1007/978-3-031-21213-0_10,,"International Symposium on Software Engineering: Theories, Tools, and Applications",opencitations;semanticscholar,10.1007/978-3-031-21213-0_10;539eed363652038f40f12499791bac014bf0f18f,CS031,S45,CS031,,included,no,progress,3,title-screen,,,,Keyword score is prioritization only; it is not an eligibility or exclusion decision.
CG0136,doi:10.1007/978-3-031-37706-8_6,20260731T010300Z;20260731T022106Z;20260731T022348Z,Commutativity for Concurrent Program Termination Proofs,2023,2023,10.1007/978-3-031-37706-8_6,,International Conference on Computer Aided Verification,opencitations;semanticscholar,10.1007/978-3-031-37706-8_6;bb58996ccfec3ba1c48d71698546a557dd3dcda4,CS028,S40,,CS028,included,no,progress,3,title-screen,,,,Keyword score is prioritization only; it is not an eligibility or exclusion decision.
CG0142,doi:10.1007/978-3-031-57256-2_27,20260731T010300Z;20260731T022106Z;20260731T022348Z,PROTON: PRObes for Termination Or Not (Competition Contribution),2024,,10.1007/978-3-031-57256-2_27,,International Conference on Tools and Algorithms for Construction and Analysis of Systems,opencitations;semanticscholar,10.1007/978-3-031-57256-2_27;a5107629200df9e94b8f08c3aaf7dc5dee8c65a5,CS004,S05,CS004,,included,no,progress,3,title-screen,,,,Keyword score is prioritization only; it is not an eligibility or exclusion decision.
CG0169,doi:10.1007/978-3-319-47846-3_17,20260731T010300Z;20260731T022348Z,Contextual Trace Refinement for Concurrent Objects: Safety and Progress,2016,2016-03-04,10.1007/978-3-319-47846-3_17,1603.01412,IEEE International Conference on Formal Engineering Methods,semanticscholar,c9274a6a064e31b9fa0d0999baf35f97a9d22304,CS008,S09,CS008,,included,no,progress,3,title-screen,,,,Keyword score is prioritization only; it is not an eligibility or exclusion decision.
CG0177,doi:10.1007/978-3-319-71237-6_14,20260731T010300Z;20260731T022106Z;20260731T022348Z,Safety and Liveness of MCS Lock - Layer by Layer,2017,2017-11-27,10.1007/978-3-319-71237-6_14,,Asian Symposium on Programming Languages and Systems,opencitations;semanticscholar,10.1007/978-3-319-71237-6_14;e90e8ecfb727abf7fe1347d16410a8b21eae74f3,CS011;CS013;CS014,S15;S17;S19,CS011,CS013;CS014,included,no,progress,3,title-screen,,,,Keyword score is prioritization only; it is not an eligibility or exclusion decision.
CG0211,doi:10.1007/978-3-540-73368-3_1,20260731T010300Z;20260731T022348Z,Automatically Proving Program Termination,2007,,10.1007/978-3-540-73368-3_1,,International Conference on Computer Aided Verification,semanticscholar,97a5b66b0bb3c6607006d1579335eb58d54ea63a,CS009,S10,,CS009,included,no,progress,3,title-screen,,,,Keyword score is prioritization only; it is not an eligibility or exclusion decision.
CG0231,doi:10.1007/978-3-642-04355-0_28,20260731T020306Z;20260731T022348Z,Nonblocking Algorithms and Backward Simulation,2009,2009-09-23,10.1007/978-3-642-04355-0_28,,International Symposium on Distributed Computing,semanticscholar,e109a4c3c56ef21975ec950892f0a224e7d20749,CS030,S44,CS030,,included,no,progress,3,title-screen,,,,Keyword score is prioritization only; it is not an eligibility or exclusion decision.
CG0242,doi:10.1007/978-3-642-15769-1_19,20260731T010300Z;20260731T022348Z,Alternation for Termination,2010,2010-09-14,10.1007/978-3-642-15769-1_19,,Sensors Applications Symposium,semanticscholar,d8638d0636c2530afd71e7868357f21cf20c5ac2,CS009,S10,,CS009,included,no,progress,3,title-screen,,,,Keyword score is prioritization only; it is not an eligibility or exclusion decision.
CG0243,doi:10.1007/978-3-642-15769-1_4,20260731T010300Z;20260731T022348Z,Size-Change Termination and Transition Invariants,2010,2010-09-14,10.1007/978-3-642-15769-1_4,,Sensors Applications Symposium,semanticscholar,eedcfccd2414d7d97c94f0a94abad6cd0b96ca9b,CS009,S10,,CS009,included,no,progress,3,title-screen,,,,Keyword score is prioritization only; it is not an eligibility or exclusion decision.
CG0244,doi:10.1007/978-3-642-15769-1_8,20260731T010300Z;20260731T022106Z;20260731T022348Z,"Multi-dimensional Rankings, Program Termination, and Complexity Bounds of Flowchart Programs",2010,2010-09-14,10.1007/978-3-642-15769-1_8,,Sensors Applications Symposium,opencitations;semanticscholar,0d1c7ca9afa328fef4d6fd42c3d19f79022232dd;10.1007/978-3-642-15769-1_8,CS028,S40,CS028,,included,no,progress,3,title-screen,,,,Keyword score is prioritization only; it is not an eligibility or exclusion decision.
CG0251,doi:10.1007/978-3-642-22012-8_36,20260731T010300Z;20260731T022106Z;20260731T022348Z,Liveness-Preserving Atomicity Abstraction,2011,2011-07-04,10.1007/978-3-642-22012-8_36,,"International Colloquium on Automata, Languages and Programming",opencitations;semanticscholar,10.1007/978-3-642-22012-8_36;510c058a089b8fec75cdc9d3a45fa4137f88f760,CS002;CS008;CS009;CS014;CS029,S02;S09;S10;S19;S42,CS002;CS008;CS014,CS009;CS029,included,no,progress,3,title-screen,,,,Keyword score is prioritization only; it is not an eligibility or exclusion decision.
CG0255,doi:10.1007/978-3-642-23397-5_15,20260731T010300Z;20260731T022106Z;20260731T022348Z,Progress Guarantees When Composing Lock-Free Objects,2011,2011-08-29,10.1007/978-3-642-23397-5_15,,European Conference on Parallel Processing,opencitations;semanticscholar,10.1007/978-3-642-23397-5_15;1f2e22a8e469651851a27dffa422058bc73a89a7,CS029,S42,,CS029,included,no,progress,3,title-screen,,,,Keyword score is prioritization only; it is not an eligibility or exclusion decision.
CG0258,doi:10.1007/978-3-642-25873-2_22,20260731T010300Z;20260731T022106Z;20260731T022348Z,On the Nature of Progress,2011,2011-12-01,10.1007/978-3-642-25873-2_22,,International Conference on Principles of Distributed Systems,opencitations;semanticscholar,10.1007/978-3-642-25873-2_22;2971f8be9d651defda905fae34fdab51d6cbd5d6,CS002;CS014,S02;S19,CS002;CS014,,included,no,progress,3,title-screen,,,,Keyword score is prioritization only; it is not an eligibility or exclusion decision.
CG0260,doi:10.1007/978-3-642-28756-5_17,20260731T010300Z;20260731T022348Z,Compositional Termination Proofs for Multi-threaded Programs,2012,2012-03-24,10.1007/978-3-642-28756-5_17,,International Conference on Tools and Algorithms for Construction and Analysis of Systems,semanticscholar,379d1c1ec7dd29930e6b04b3c9a59937a77fb860,CS009,S10,,CS009,included,no,progress,3,title-screen,,,,Keyword score is prioritization only; it is not an eligibility or exclusion decision.
CG0269,doi:10.1007/978-3-642-32940-1_21,20260731T010300Z;20260731T022348Z,Intensional and Extensional Characterisation of Global Progress in the π-Calculus,2012,2012-09-04,10.1007/978-3-642-32940-1_21,,International Conference on Concurrency Theory,semanticscholar,206648d6de6808e3deaa04782c9ec64670e5280a,CS009;CS029,S10;S42,,CS009;CS029,included,no,progress,3,title-screen,,,,Keyword score is prioritization only; it is not an eligibility or exclusion decision.
CG0280,doi:10.1007/978-3-642-40184-8_17,20260731T010300Z;20260731T020306Z;20260731T020357Z;20260731T021519Z;20260731T022106Z;20260731T022348Z,Characterizing Progress Properties of Concurrent Objects via Contextual Refinements,2013,2013-08-27,10.1007/978-3-642-40184-8_17,,International Conference on Concurrency Theory,opencitations;semanticscholar,10.1007/978-3-642-40184-8_17;ef93463898beb55379fbb3be37d98ca8c80d600c,CS002;CS014;CS029;CS031,S02;S19;S42;S45,CS002;CS014;CS031,CS029,included,no,progress,3,title-screen,,,,Keyword score is prioritization only; it is not an eligibility or exclusion decision.
CG0302,doi:10.1007/978-3-662-54434-1_34,20260731T010300Z;20260731T022106Z;20260731T022348Z,A Higher-Order Logic for Concurrent Termination-Preserving Refinement,2017,2017-01-20,10.1007/978-3-662-54434-1_34,1701.05888,European Symposium on Programming,opencitations;semanticscholar,10.1007/978-3-662-54434-1_34;afe8ae3915bc12c5a76f35cd866242d438369c9f,CS002;CS010;CS011;CS012;CS013;CS014;CS016,A27;S02;S14;S15;S16;S17;S19,CS002;CS010;CS011;CS012,CS013;CS014;CS016,included,no,progress,3,title-screen,,,,Keyword score is prioritization only; it is not an eligibility or exclusion decision.
CG0334,doi:10.1007/s00446-004-0115-2,20260731T020306Z;20260731T022348Z,Lock-free dynamic hash tables with open addressing,2003,2003-03-18,10.1007/s00446-004-0115-2,cs/0303011,Distributed computing,semanticscholar,3955501a1411cd20510890498e45c56b718917fe,CS030,S44,CS030,,included,no,progress,3,title-screen,,,,Keyword score is prioritization only; it is not an eligibility or exclusion decision.
CG0335,doi:10.1007/s00446-007-0050-0,20260731T020306Z;20260731T022348Z,An optimistic approach to lock-free FIFO queues,2004,2004-10-04,10.1007/s00446-007-0050-0,,Distributed computing,semanticscholar,b28b03f6f88ceb5c7ca7272dff1c4abd6548f7ab,CS030,S44,CS030,,included,no,progress,3,title-screen,,,,Keyword score is prioritization only; it is not an eligibility or exclusion decision.
CG0357,doi:10.1007/s10817-016-9389-x,20260731T010300Z;20260731T022106Z;20260731T022348Z,Automatically Proving Termination and Memory Safety for Programs with Pointer Arithmetic,2014,2014-07-19,10.1007/s10817-016-9389-x,,Journal of automated reasoning,opencitations;semanticscholar,10.1007/s10817-016-9389-x;99035056952fdeaae49390aad9d120866efb34ec,CS028,S40,CS028,,included,no,progress,3,title-screen,,,,Keyword score is prioritization only; it is not an eligibility or exclusion decision.
CG0358,doi:10.1007/s10817-016-9400-6,20260731T010300Z;20260731T022106Z;20260731T022348Z,Rely-Guarantee Termination and Cost Analyses of Loops with Concurrent Interleavings,2016,2016-12-17,10.1007/s10817-016-9400-6,,Journal of automated reasoning,opencitations;semanticscholar,10.1007/s10817-016-9400-6;1ef840ba28b5fbfff655e90c29fd65c604b3d035,CS009;CS028,S10;S40,CS028,CS009,included,no,progress,3,title-screen,,,,Keyword score is prioritization only; it is not an eligibility or exclusion decision.
CG0367,doi:10.1016/0020-0190(85)90056-0,20260731T010300Z;20260731T022106Z;20260731T022348Z,Defining Liveness,1984,1984-10-01,10.1016/0020-0190(85)90056-0,,Information Processing Letters,opencitations;semanticscholar,10.1016/0020-0190(85)90056-0;8865f54fcb89d8646ec390208d9ef310aec25b25,CS009;CS012,S10;S16,CS009;CS012,,included,no,progress,3,title-screen,,,,Keyword score is prioritization only; it is not an eligibility or exclusion decision.
CG0384,doi:10.1016/j.entcs.2008.02.016,20260731T020306Z;20260731T022348Z,Trace-based Derivation of a Lock-Free Queue Algorithm,2008,2008-03-01,10.1016/j.entcs.2008.02.016,,REFINE@IFM,semanticscholar,252cac3c2756e1ca801b8742f9b723ebb55fb697,CS030,S44,CS030,,included,no,progress,3,title-screen,,,,Keyword score is prioritization only; it is not an eligibility or exclusion decision.
CG0387,doi:10.1016/j.ic.2006.10.003,20260731T010300Z;20260731T020306Z;20260731T022106Z;20260731T022348Z,A general lock-free algorithm using compare-and-swap,2007,2007-02-01,10.1016/j.ic.2006.10.003,,Information and Computation,opencitations;semanticscholar,10.1016/j.ic.2006.10.003;abc1688eaf65aaf19cb0887ef9655eefdfcffb3c,CS024;CS025;CS030,A29;A30;S44,CS024;CS025;CS030,,included,no,progress,3,title-screen,,,,Keyword score is prioritization only; it is not an eligibility or exclusion decision.
CG0429,doi:10.1109/aswec.2009.12,20260731T020306Z;20260731T022348Z,Enforcing Safety and Progress Properties: An Approach to Concurrent Program Derivation,2009,2009-04-14,10.1109/aswec.2009.12,,Australian Software Engineering Conference,semanticscholar,f93e38b482453636d4bff0e6f7b3259fc7e3701f,CS030,S44,CS030,,included,no,progress,3,title-screen,,,,Keyword score is prioritization only; it is not an eligibility or exclusion decision.
CG0435,doi:10.1109/icpads.2000.857731,20260731T020306Z;20260731T022348Z,A practical nonblocking queue algorithm using compare-and-swap,2000,2000-07-04,10.1109/icpads.2000.857731,,Proceedings Seventh International Conference on Parallel and Distributed Systems (Cat. No.PR00568),semanticscholar,189e36f3cd69152662e69f4c4e14d9979c994e6f,CS030,S44,CS030,,included,no,progress,3,title-screen,,,,Keyword score is prioritization only; it is not an eligibility or exclusion decision.
CG0474,doi:10.1145/1007912.1007945,20260731T020306Z;20260731T022348Z,DCAS is not a silver bullet for nonblocking algorithm design,2004,2004-06-27,10.1145/1007912.1007945,,ACM Symposium on Parallelism in Algorithms and Architectures,semanticscholar,caa7ef7c1b039ffb352448449136a16791936d6a,CS030,S44,CS030,,included,no,progress,3,title-screen,,,,Keyword score is prioritization only; it is not an eligibility or exclusion decision.
CG0476,doi:10.1145/1011767.1011773,20260731T020306Z;20260731T022348Z,Bringing practical lock-free synchronization to 64-bit applications,2004,2004-07-25,10.1145/1011767.1011773,,ACM SIGACT-SIGOPS Symposium on Principles of Distributed Computing,semanticscholar,52cdb9a174b1bf122d024f171e3b763947d383de,CS030,S44,CS030,,included,no,progress,3,title-screen,,,,Keyword score is prioritization only; it is not an eligibility or exclusion decision.
CG0485,doi:10.1145/1062247.1062249,20260731T010300Z;20260731T020306Z;20260731T022106Z;20260731T022348Z,Nonblocking memory management support for dynamic-sized data structures,2005,2005-05-01,10.1145/1062247.1062249,,TOCS,opencitations;semanticscholar,10.1145/1062247.1062249;cbe1e69cab8e56f8b93e6ff2dfbe86adea693c13,CS029;CS030,S42;S44,CS029;CS030,,included,no,progress,3,title-screen,,,,Keyword score is prioritization only; it is not an eligibility or exclusion decision.
CG0491,doi:10.1145/113379.113400,20260731T020306Z;20260731T022348Z,Lock-free garbage collection for multiprocessors,1991,1991-06-01,10.1145/113379.113400,,ACM Symposium on Parallelism in Algorithms and Architectures,semanticscholar,8e19682c1fee831a5063e9d01932db1aa1e7fd64,CS030,S44,CS030,,included,no,progress,3,title-screen,,,,Keyword score is prioritization only; it is not an eligibility or exclusion decision.
CG0492,doi:10.1145/114005.102808,20260731T010300Z;20260731T020306Z;20260731T020357Z;20260731T021519Z;20260731T022106Z;20260731T022348Z,Wait-free synchronization,1991,1991-01-01,10.1145/114005.102808,,ACM Transactions on Programming Languages and Systems,opencitations;semanticscholar,10.1145/114005.102808;d907dfd33609905981a34e217f29a48fee3f7145,CS009;CS013;CS016;CS017;CS029;CS030;CS031,A27;A28;S10;S17;S42;S44;S45,CS009;CS013;CS016;CS017;CS029;CS030;CS031,,included,no,progress,3,title-screen,,,,Keyword score is prioritization only; it is not an eligibility or exclusion decision.
CG0500,doi:10.1145/1250734.1250771,20260731T010300Z;20260731T022348Z,Proving thread termination,2007,2007-06-15,10.1145/1250734.1250771,,ACM-SIGPLAN Symposium on Programming Language Design and Implementation,semanticscholar,b066c20c5d2d32231464b96c0dc1dd33bd89eb5c,CS028,S40,CS028,,included,no,progress,3,title-screen,,,,Keyword score is prioritization only; it is not an eligibility or exclusion decision.
CG0504,doi:10.1145/1328438.1328459,20260731T010300Z;20260731T022348Z,Proving non-termination,2008,2008-01-07,10.1145/1328438.1328459,,ACM-SIGACT Symposium on Principles of Programming Languages,semanticscholar,f648b6e14c59a69c7d7cba0c1e3047158953dd33,CS004,S05,CS004,,included,no,progress,3,title-screen,,,,Keyword score is prioritization only; it is not an eligibility or exclusion decision.
CG0506,doi:10.1145/135419.135446,20260731T020306Z;20260731T022348Z,Performance issues in non-blocking synchronization on shared-memory multiprocessors,1992,1992-10-01,10.1145/135419.135446,,ACM SIGACT-SIGOPS Symposium on Principles of Distributed Computing,semanticscholar,fda929734d5b0c383001d9fccae6f2219c104458,CS030,S44,CS030,,included,no,progress,3,title-screen,,,,Keyword score is prioritization only; it is not an eligibility or exclusion decision.
CG0508,doi:10.1145/137097.137873,20260731T020306Z;20260731T022348Z,Locking without blocking: making lock based concurrent data structure algorithms nonblocking,1992,1992-07-01,10.1145/137097.137873,,ACM SIGACT-SIGMOD-SIGART Symposium on Principles of Database Systems,semanticscholar,2125f8284610b8bea3cff44a60f8a34a2cd766c2,CS030,S44,CS030,,included,no,progress,3,title-screen,,,,Keyword score is prioritization only; it is not an eligibility or exclusion decision.
CG0516,doi:10.1145/142111.964561,20260731T010300Z;20260731T020306Z;20260731T022106Z;20260731T022348Z,A Lock-Free Multiprocessor OS Kernel,1992,1992-04-01,10.1145/142111.964561,,OPSR,opencitations;semanticscholar,10.1145/142111.964561;17c27359d611be9c979c5dcecab6fb497e12b6fb,CS009;CS013;CS017;CS030,A28;S10;S17;S44,CS009;CS013;CS017;CS030,,included,no,progress,3,title-screen,,,,Keyword score is prioritization only; it is not an eligibility or exclusion decision.
CG0535,doi:10.1145/165231.165265,20260731T020306Z;20260731T022348Z,A method for implementing lock-free shared-data structures,1993,1993-08-01,10.1145/165231.165265,,ACM Symposium on Parallelism in Algorithms and Architectures,semanticscholar,dbce50bfe8ffe2b37765eca3cde7f17e96fd9541,CS030,S44,CS030,,included,no,progress,3,title-screen,,,,Keyword score is prioritization only; it is not an eligibility or exclusion decision.
CG0553,doi:10.1145/1941487.1941509,20260731T010300Z;20260731T022106Z;20260731T022348Z,Proving program termination,2011,2011-05-01,10.1145/1941487.1941509,,Communications of the ACM,opencitations;semanticscholar,10.1145/1941487.1941509;f8d81fc2c76d87475acc1943a2d98740eec26e5f,CS009,S10,,CS009,included,no,progress,3,title-screen,,,,Keyword score is prioritization only; it is not an eligibility or exclusion decision.
CG0555,doi:10.1145/197917.197975,20260731T020306Z;20260731T022348Z,A performance evaluation of lock-free synchronization protocols,1994,1994-08-14,10.1145/197917.197975,,ACM SIGACT-SIGOPS Symposium on Principles of Distributed Computing,semanticscholar,ac8e8ba2f7f734423ac1988990d82bf7e0dddd49,CS030,S44,CS030,,included,no,progress,3,title-screen,,,,Keyword score is prioritization only; it is not an eligibility or exclusion decision.
CG0566,doi:10.1145/224964.224988,20260731T010300Z;20260731T020306Z;20260731T022106Z;20260731T022348Z,Lock-free linked lists using compare-and-swap,1995,1995-08-20,10.1145/224964.224988,,ACM SIGACT-SIGOPS Symposium on Principles of Distributed Computing,opencitations;semanticscholar,10.1145/224964.224988;c3c80b53e71dd65b66e712b99e19b21434cd43d3,CS029;CS030,S42;S44,CS029;CS030,,included,no,progress,3,title-screen,,,,Keyword score is prioritization only; it is not an eligibility or exclusion decision.
CG0568,doi:10.1145/2312005.2312016,20260731T010300Z;20260731T022106Z;20260731T022348Z,A lock-free B+tree,2012,2012-06-25,10.1145/2312005.2312016,,ACM Symposium on Parallelism in Algorithms and Architectures,opencitations;semanticscholar,10.1145/2312005.2312016;c3af058cdbe022723eff90f0f0add071fd5c0870,CS029,S42,,CS029,included,no,progress,3,title-screen,,,,Keyword score is prioritization only; it is not an eligibility or exclusion decision.
CG0579,doi:10.1145/248052.248106,20260731T010300Z;20260731T020306Z;20260731T020357Z;20260731T021519Z;20260731T022106Z;20260731T022348Z,"Simple, fast, and practical non-blocking and blocking concurrent queue algorithms",1996,1996-05-01,10.1145/248052.248106,,ACM SIGACT-SIGOPS Symposium on Principles of Distributed Computing,opencitations;semanticscholar,10.1145/248052.248106;37a1e8411669e29cf8fbf48ec920c97c0066ac7e,CS006;CS007;CS009;CS014;CS016;CS017;CS021;CS028;CS030;CS031,A27;A28;S07;S08;S10;S19;S31;S40;S44;S45,CS006;CS007;CS009;CS014;CS016;CS017;CS021;CS028;CS030;CS031,,included,no,progress,3,title-screen,,,,Keyword score is prioritization only; it is not an eligibility or exclusion decision.
CG0580,doi:10.1145/2483852.2483868,20260731T010300Z;20260731T022106Z;20260731T022348Z,Proving the correctness of nonblocking data structures,2013,2013-05-01,10.1145/2483852.2483868,,CACM,opencitations;semanticscholar,10.1145/2483852.2483868;dd6c3edce39fd3f74a78e870b01de658255ad9fa,CS009,S10,,CS009,included,no,progress,3,title-screen,,,,Keyword score is prioritization only; it is not an eligibility or exclusion decision.
CG0590,doi:10.1145/259380.259442,20260731T010300Z;20260731T020306Z;20260731T022106Z;20260731T022348Z,Practical implementations of non-blocking synchronization primitives,1997,1997-08-01,10.1145/259380.259442,,ACM SIGACT-SIGOPS Symposium on Principles of Distributed Computing,opencitations;semanticscholar,10.1145/259380.259442;788559d2b9604b6a79cd59c69f356b7fefa49a60,CS024;CS025;CS030,A29;A30;S44,CS024;CS025;CS030,,included,no,progress,3,title-screen,,,,Keyword score is prioritization only; it is not an eligibility or exclusion decision.
CG0631,doi:10.1145/2928275.2928285,20260731T010300Z;20260731T022106Z;20260731T022348Z,"Versioned Programming: A Simple Technique for Implementing Efficient, Lock-Free, and Composable Data Structures",2016,2016-06-06,10.1145/2928275.2928285,,Annual Haifa Experimental Systems Conference,opencitations;semanticscholar,10.1145/2928275.2928285;8ce872eb6d5d20b13595b165dde1711033f94f45,CS029,S42,,CS029,included,no,progress,3,title-screen,,,,Keyword score is prioritization only; it is not an eligibility or exclusion decision.
CG0644,doi:10.1145/3018610.3018623,20260731T010300Z;20260731T022106Z;20260731T022348Z,Automatic cyclic termination proofs for recursive procedures in separation logic,2017,2017-01-16,10.1145/3018610.3018623,,Certified Programs and Proofs,opencitations;semanticscholar,10.1145/3018610.3018623;31baad73e207769795b8c3e22682dec8f453fe81,CS013,S17,,CS013,included,no,progress,3,title-screen,,,,Keyword score is prioritization only; it is not an eligibility or exclusion decision.
CG0653,doi:10.1145/3141879,20260731T010300Z;20260731T022106Z;20260731T022348Z,Project snowflake: non-blocking safe manual memory management in .NET,2017,2017-10-12,10.1145/3141879,,Proc. ACM Program. Lang.,opencitations;semanticscholar,10.1145/3141879;28d6479752d5c985d15de223ced34a01d6cb8371,CS019,S29,CS019,,included,no,progress,3,title-screen,,,,Keyword score is prioritization only; it is not an eligibility or exclusion decision.
CG0656,doi:10.1145/3158108,20260731T010300Z;20260731T022106Z;20260731T022348Z,Progress of concurrent objects with partial methods,2018,2017-12-27,10.1145/3158108,,Proc. ACM Program. Lang.,opencitations;semanticscholar,10.1145/3158108;8db69a9e7d84dc6a47d7802e757247cb039d71cd,CS002;CS009;CS010;CS013;CS014;CS016,A27;S02;S10;S14;S17;S19,CS002;CS010,CS009;CS013;CS014;CS016,included,no,progress,3,title-screen,,,,Keyword score is prioritization only; it is not an eligibility or exclusion decision.
CG0657,doi:10.1145/3158114,20260731T010300Z;20260731T022348Z,Reducing liveness to safety in first-order logic,2017,2017-12-27,10.1145/3158114,,Proc. ACM Program. Lang.,semanticscholar,aa95c8c49016bf9d64dd770a73c6bb1780c59670,CS009,S10,,CS009,included,no,progress,3,title-screen,,,,Keyword score is prioritization only; it is not an eligibility or exclusion decision.
CG0663,doi:10.1145/3178487.3178490,20260731T010300Z;20260731T022106Z;20260731T022348Z,A persistent lock-free queue for non-volatile memory,2018,2018-02-10,10.1145/3178487.3178490,,ACM SIGPLAN Symposium on Principles & Practice of Parallel Programming,opencitations;semanticscholar,10.1145/3178487.3178490;f59c4d9b21c2dedf67a9fc83a4af92f38f7991dc,CS026,S27,CS026,,included,no,progress,3,title-screen,,,,Keyword score is prioritization only; it is not an eligibility or exclusion decision.
CG0666,doi:10.1145/3192366.3192405,20260731T010300Z;20260731T022106Z;20260731T022348Z,Advanced automata-based algorithms for program termination checking,2018,2018-06-11,10.1145/3192366.3192405,,ACM-SIGPLAN Symposium on Programming Language Design and Implementation,opencitations;semanticscholar,10.1145/3192366.3192405;8fcc476131fded5bc14ff8ef82f5268f5f87b5bb,CS004,S05,CS004,,included,no,progress,3,title-screen,,,,Keyword score is prioritization only; it is not an eligibility or exclusion decision.
CG0718,doi:10.1145/3428224,20260731T010300Z;20260731T022106Z;20260731T022348Z,The anchor verifier for blocking and non-blocking concurrent software,2020,2020-11-13,10.1145/3428224,,Proc. ACM Program. Lang.,opencitations;semanticscholar,10.1145/3428224;356271a558df59a96088f5c1eaaff95c85c462b2,CS010,S14,CS010,,included,no,progress,3,title-screen,,,,Keyword score is prioritization only; it is not an eligibility or exclusion decision.
CG0723,doi:10.1145/3434294,20260731T010300Z;20260731T022106Z;20260731T022348Z,Transfinite step-indexing for termination,2021,2021-01-04,10.1145/3434294,,Proc. ACM Program. Lang.,opencitations;semanticscholar,10.1145/3434294;e79fc0b59436364553ebb695035c206acea97620,CS013,S17,,CS013,included,no,progress,3,title-screen,,,,Keyword score is prioritization only; it is not an eligibility or exclusion decision.
CG0739,doi:10.1145/3477082,20260731T010300Z;20260731T022106Z;20260731T022348Z,TaDA Live: Compositional Reasoning for Termination of Fine-grained Concurrent Programs,2021,2021-12-31,10.1145/3477082,1901.05750,ACM Transactions on Programming Languages and Systems,opencitations;semanticscholar,10.1145/3477082;d15652f8e0f873ca8645825f9718476d7b7f2fe8,CS002;CS010;CS011;CS012;CS013;CS014;CS016,A27;S02;S14;S15;S16;S17;S19,CS002;CS010;CS011;CS012,CS013;CS014;CS016,included,no,progress,3,title-screen,,,,Keyword score is prioritization only; it is not an eligibility or exclusion decision.
CG0741,doi:10.1145/3485508,20260731T010300Z;20260731T022106Z;20260731T022348Z,Specifying and testing GPU workgroup progress models,2021,2021-10-20,10.1145/3485508,2109.06132,Proc. ACM Program. Lang.,opencitations;semanticscholar,10.1145/3485508;141d953ca804655cd6634b417e073342ba039461,CS001;CS004,S01;S05,CS004,CS001,included,no,progress,3,title-screen,,,,Keyword score is prioritization only; it is not an eligibility or exclusion decision.
CG0755,doi:10.1145/3533724,20260731T010300Z;20260731T022106Z;20260731T022348Z,wfspan: Wait-free Dynamic Memory Management,2022,2022-07-31,10.1145/3533724,,ACM Transactions on Embedded Computing Systems,opencitations;semanticscholar,10.1145/3533724;18b7bcd3277381feb724dc54b1a99bad7ead12cc,CS029,S42,,CS029,included,no,progress,3,title-screen,,,,Keyword score is prioritization only; it is not an eligibility or exclusion decision.
CG0768,doi:10.1145/357172.357178,20260731T010300Z;20260731T022106Z;20260731T022348Z,Proving Liveness Properties of Concurrent Programs,1982,1982-07-01,10.1145/357172.357178,,ACM Transactions on Programming Languages and Systems,opencitations;semanticscholar,10.1145/357172.357178;bba8a9a829d0f4c10af20df980a7b1ea7f6a61bd,CS002,S02,CS002,,included,no,progress,3,title-screen,,,,Keyword score is prioritization only; it is not an eligibility or exclusion decision.
CG0779,doi:10.1145/359138.359142,20260731T010300Z;20260731T022348Z,Proving termination with multiset orderings,1979,1979-07-16,10.1145/359138.359142,,CACM,semanticscholar,b025fbd8a0c44d421bb379a93c8dad935856def2,CS011;CS012,S15;S16,CS011;CS012,,included,no,progress,3,title-screen,,,,Keyword score is prioritization only; it is not an eligibility or exclusion decision.
CG0791,doi:10.1145/3622827,20260731T010300Z;20260731T022106Z;20260731T022348Z,Modular Verification of Safe Memory Reclamation in Concurrent Separation Logic,2023,2023-10-16,10.1145/3622827,,Proc. ACM Program. Lang.,opencitations;semanticscholar,10.1145/3622827;ce8cf398ad4e1b8b8f693c5c70274098892aed98,CS006;CS018;CS019,S07;S28;S29,CS019,CS006;CS018,included,no,formal_verification;reclamation_or_aba,3,title-screen,,,,Keyword score is prioritization only; it is not an eligibility or exclusion decision.
CG0801,doi:10.1145/3632889,20260731T010300Z;20260731T022106Z;20260731T022348Z,Deadlock-Free Separation Logic: Linearity Yields Progress for Dependent Higher-Order Message Passing,2024,2024-01-05,10.1145/3632889,,Proc. ACM Program. Lang.,opencitations;semanticscholar,0a491b82ccfbf3c9a020474cbe59963df98f2e7a;10.1145/3632889,CS014,S19,,CS014,included,no,progress,3,title-screen,,,,Keyword score is prioritization only; it is not an eligibility or exclusion decision.
CG0811,doi:10.1145/3689720,20260731T010300Z;20260731T022106Z;20260731T022348Z,Non-termination Proving at Scale,2024,2024-10-08,10.1145/3689720,,Proc. ACM Program. Lang.,opencitations;semanticscholar,10.1145/3689720;10ec4134c6a3b9675df8074bb9ca3cb61fb6ef39,CS013;CS014,S17;S19,,CS013;CS014,included,no,progress,3,title-screen,,,,Keyword score is prioritization only; it is not an eligibility or exclusion decision.
CG0827,doi:10.1145/3729250,20260731T010300Z;20260731T022106Z;20260731T022348Z,Nola: Later-Free Ghost State for Verifying Termination in Iris,2025,2025-06-10,10.1145/3729250,,Proc. ACM Program. Lang.,opencitations;semanticscholar,10.1145/3729250;be0f8c19a8f5d29b98ddbdddb3a01f2c450ac460,CS002;CS010;CS011,S02;S14;S15,CS011,CS002;CS010,included,no,progress,3,title-screen,,,,Keyword score is prioritization only; it is not an eligibility or exclusion decision.
CG0843,doi:10.1145/378580.378611,20260731T020306Z;20260731T022348Z,"A simple, fast and scalable non-blocking concurrent FIFO queue for shared memory multiprocessor systems",2001,2001-07-03,10.1145/378580.378611,,ACM Symposium on Parallelism in Algorithms and Architectures,semanticscholar,60eca1aa7e27e9b67da27c7ff41014ab07f3dad5,CS030,S44,CS030,,included,no,progress,3,title-screen,,,,Keyword score is prioritization only; it is not an eligibility or exclusion decision.
CG0850,doi:10.1145/383962.384054,20260731T020306Z;20260731T022348Z,Correction: practical implementations of non-blocking synchronization primitives,2001,2001-08-01,10.1145/383962.384054,,ACM SIGACT-SIGOPS Symposium on Principles of Distributed Computing,semanticscholar,e53f2231a37a26eb9bb2055717f6ad253dd6d103,CS030,S44,CS030,,included,no,progress,3,title-screen,,,,Keyword score is prioritization only; it is not an eligibility or exclusion decision.
CG0862,doi:10.1145/564870.564881,20260731T010300Z;20260731T022106Z;20260731T022348Z,High performance dynamic lock-free hash tables and list-based sets,2002,2002-08-10,10.1145/564870.564881,,ACM Symposium on Parallelism in Algorithms and Architectures,opencitations;semanticscholar,10.1145/564870.564881;fb47306b9007a2a901f7214e2a9b2005f20ed4b7,CS009;CS019;CS022,S10;S29;S33,CS009;CS019;CS022,,included,no,progress,3,title-screen,,,,Keyword score is prioritization only; it is not an eligibility or exclusion decision.
CG0865,doi:10.1145/571825.571847,20260731T020306Z;20260731T022348Z,Dynamic-sized lock-free data structures,2002,2002-07-21,10.1145/571825.571847,,ACM SIGACT-SIGOPS Symposium on Principles of Distributed Computing,semanticscholar,6916ed8fbf8c6b10ea09bba0f29d9f45cc9ad90a,CS030,S44,CS030,,included,no,progress,3,title-screen,,,,Keyword score is prioritization only; it is not an eligibility or exclusion decision.
CG0897,doi:10.2168/lmcs-2(1:6)2006,20260731T020306Z;20260731T022348Z,Extending the theory of Owicki and Gries with a logic of progress,2005,2005-12-02,10.2168/lmcs-2(1:6)2006,cs/0512012,Log. Methods Comput. Sci.,semanticscholar,4aabc6e4e94abce87a3a8669a71c52c32f1ba357,CS030,S44,CS030,,included,no,progress,3,title-screen,,,,Keyword score is prioritization only; it is not an eligibility or exclusion decision.
CG0907,doi:10.23919/fmcad.2018.8603020,20260731T010300Z;20260731T022106Z;20260731T022348Z,Rely-Guarantee Reasoning for Automated Bound Analysis of Lock-Free Algorithms,2018,2018-10-01,10.23919/fmcad.2018.8603020,,Formal Methods in Computer-Aided Design,opencitations;semanticscholar,10.23919/fmcad.2018.8603020;c715015578bdf4cd4a18ee4f7fa77dbf5b476fb1,CS009;CS017;CS028;CS029,A28;S10;S40;S42,CS028,CS009;CS017;CS029,included,no,progress,3,title-screen,,,,Keyword score is prioritization only; it is not an eligibility or exclusion decision.
CG0916,doi:10.3217/jucs-015-01-0072,20260731T010300Z;20260731T022348Z,Reasoning about Nonblocking Concurrency,2009,,10.3217/jucs-015-01-0072,,Journal of universal computer science (Online),semanticscholar,18d3bf269679f44c5202106753d13eebdc11af72,CS027,S38,,CS027,included,no,progress,3,title-screen,,,,Keyword score is prioritization only; it is not an eligibility or exclusion decision.
CG0931,doi:10.4230/lipics.disc.2021.14,20260731T010300Z;20260731T022106Z;20260731T022348Z,Fast Nonblocking Persistence for Concurrent Data Structures,2021,2021-05-20,10.4230/lipics.disc.2021.14,2105.09508,International Symposium on Distributed Computing,opencitations;semanticscholar,10.4230/lipics.disc.2021.14;f6d36e69e5e2fff3e581b3d8046d21ea21ac3d7c,CS026,S27,CS026,,included,no,progress,3,title-screen,,,,Keyword score is prioritization only; it is not an eligibility or exclusion decision.
CG0934,doi:10.4230/lipics.ecoop.2017.6,20260731T010300Z;20260731T022348Z,Relaxed Linear References for Lock-free Data Structures,2017,,10.4230/lipics.ecoop.2017.6,,European Conference on Object-Oriented Programming,semanticscholar,c40b12bec98b1f70d596e4b1ef9c1efa9ecc532a,CS009,S10,,CS009,included,no,progress,3,title-screen,,,,Keyword score is prioritization only; it is not an eligibility or exclusion decision.
CG0957,s2:091093f013e41ca47c276cae1c368f0519285948,20260731T010300Z;20260731T022348Z,Verifying Wait-Freedom for Concurrent 1 Higher-Order Programs 2,,,,,,semanticscholar,091093f013e41ca47c276cae1c368f0519285948,CS009;CS011;CS014,S10;S15;S19,,CS009;CS011;CS014,unknown-date,no,progress,3,manual-date-check,,,,Keyword score is prioritization only; it is not an eligibility or exclusion decision.
CG0961,s2:0fff604667f24050e85f13f97d93197f729dcccc,20260731T010300Z;20260731T022348Z,Verifying Wait-Freedom for Concurrent Higher-Order Programs,,,,,,semanticscholar,0fff604667f24050e85f13f97d93197f729dcccc,CS009;CS011;CS014,S10;S15;S19,,CS009;CS011;CS014,unknown-date,no,progress,3,manual-date-check,,,,Keyword score is prioritization only; it is not an eligibility or exclusion decision.
CG0973,s2:25b6d1934482b62ba0dc795a31f96a6f09ef4107,20260731T010300Z;20260731T022348Z,14th International Workshop on Termination (WST 2014),2014,,,,,semanticscholar,25b6d1934482b62ba0dc795a31f96a6f09ef4107,CS009,S10,,CS009,included,no,progress,3,title-screen,,,,Keyword score is prioritization only; it is not an eligibility or exclusion decision.
CG0975,s2:288f1ca075c70a3b8bfaffe58830797fbeb4523e,20260731T010300Z;20260731T022348Z,LOLCAT : Relaxed Linear References for Lock-free Programming,2016,,,,,semanticscholar,288f1ca075c70a3b8bfaffe58830797fbeb4523e,CS009,S10,,CS009,included,no,progress,3,title-screen,,,,Keyword score is prioritization only; it is not an eligibility or exclusion decision.
CG0976,s2:2a376862a924258aae2be84db30772e6e96baf12,20260731T010300Z;20260731T022348Z,"Preprint – March 28 , 2013 Quantitative Reasoning for Proving Lock-Freedom",2013,,,,,semanticscholar,2a376862a924258aae2be84db30772e6e96baf12,CS009;CS024;CS025;CS029,A29;A30;S10;S42,,CS009;CS024;CS025;CS029,included,no,progress,3,title-screen,,,,Keyword score is prioritization only; it is not an eligibility or exclusion decision.
CG0982,s2:3a4fbfa585c99a71a1412206a4a2be67a1f3af8a,20260731T010300Z;20260731T022348Z,Local rely-guarantee conditions for linearizability and lock-freedom,2011,,,,,semanticscholar,3a4fbfa585c99a71a1412206a4a2be67a1f3af8a,CS009;CS018,S10;S28,,CS009;CS018,included,no,progress,3,title-screen,,,,Keyword score is prioritization only; it is not an eligibility or exclusion decision.
CG0989,s2:4f704b7a56b4fe543c8a4ebf88422428361db736,20260731T010300Z;20260731T022348Z,Progress guarantee for parallel programs via bounded lock-freedom,2009,2009-06-15,,,,semanticscholar,4f704b7a56b4fe543c8a4ebf88422428361db736,CS028,S40,CS028,,included,no,progress,3,title-screen,,,,Keyword score is prioritization only; it is not an eligibility or exclusion decision.
CG0990,s2:51307ff8ca592d2bfe54fa76e99b3858f599eb5a,20260731T010300Z;20260731T022348Z,Multiprocessor-safe wait-free queue in RTSJ,2014,2014-09-01,,,,semanticscholar,51307ff8ca592d2bfe54fa76e99b3858f599eb5a,CS009,S10,,CS009,included,no,progress,3,title-screen,,,,Keyword score is prioritization only; it is not an eligibility or exclusion decision.
CG0991,s2:514dc31dcf0bfee7e737f14338af6b2938abaedf,20260731T010300Z;20260731T022348Z,Verifying Liveness Properties of Distributed Systems via Trace Refinement in Higher-Order Concurrent Separation Logic,,,,,,semanticscholar,514dc31dcf0bfee7e737f14338af6b2938abaedf,CS011,S15,CS011,,unknown-date,no,progress,3,manual-date-check,,,,Keyword score is prioritization only; it is not an eligibility or exclusion decision.
CG0995,s2:5b02e9f1e29c7e61645274421b140870d794be80,20260731T020306Z;20260731T022348Z,Modelling and Verifying Non-blocking Algorithms that Use Dynamically Allocated Memory,2004,,,,,semanticscholar,5b02e9f1e29c7e61645274421b140870d794be80,CS030,S44,CS030,,included,no,progress,3,title-screen,,,,Keyword score is prioritization only; it is not an eligibility or exclusion decision.
CG0997,s2:5f1a07a7df5b5051e442e6962e653cdb35b6b330,20260731T010300Z;20260731T022348Z,A Purely Logical Approach to Program Termination,2010,,,,,semanticscholar,5f1a07a7df5b5051e442e6962e653cdb35b6b330,CS009,S10,,CS009,included,no,progress,3,title-screen,,,,Keyword score is prioritization only; it is not an eligibility or exclusion decision.
CG0998,s2:646d374339d26ce7202c509e4351bf951bf80ae3,20260731T010300Z;20260731T022348Z,Verifying linearizability and lock-freedom with temporal logic,2009,,,,,semanticscholar,646d374339d26ce7202c509e4351bf951bf80ae3,CS009;CS024;CS025,A29;A30;S10,,CS009;CS024;CS025,included,no,progress,3,title-screen,,,,Keyword score is prioritization only; it is not an eligibility or exclusion decision.
CG0999,s2:6503d01beaaac8044d377313a7b43126697d7922,20260731T010300Z;20260731T022348Z,"Th E pro Gr Am Te R M in Atio N Problem, Also Known Proving Program Termination Key Insights",2014,,,,,semanticscholar,6503d01beaaac8044d377313a7b43126697d7922,CS009,S10,,CS009,included,no,progress,3,title-screen,,,,Keyword score is prioritization only; it is not an eligibility or exclusion decision.
CG1003,s2:6c9198c8341241e65cdc47203e9e287e0c2d6f4a,20260731T020306Z;20260731T022348Z,"Liveness with (0, 1, ∞)-counter abstraction",2002,,,,,semanticscholar,6c9198c8341241e65cdc47203e9e287e0c2d6f4a,CS030,S44,CS030,,included,no,progress,3,title-screen,,,,Keyword score is prioritization only; it is not an eligibility or exclusion decision.
CG1006,s2:70e12a010c8b2d96079e3b55724958fa1fe75f9d,20260731T010300Z;20260731T022348Z,Anvil: Verifying Liveness of Cluster Management Controllers,2024,,,,USENIX Symposium on Operating Systems Design and Implementation,semanticscholar,70e12a010c8b2d96079e3b55724958fa1fe75f9d,CS009,S10,,CS009,included,no,progress,3,title-screen,,,,Keyword score is prioritization only; it is not an eligibility or exclusion decision.
CG1011,s2:78e47b768c784fcb15004bab48e24f80fdad579e,20260731T010300Z;20260731T022348Z,A Lock-Free,2012,,,,,semanticscholar,78e47b768c784fcb15004bab48e24f80fdad579e,CS029,S42,,CS029,included,no,progress,3,title-screen,,,,Keyword score is prioritization only; it is not an eligibility or exclusion decision.
CG1018,s2:88085676d6f9c1903d25eac49d4eb2a9e324d71f,20260731T010300Z;20260731T020306Z;20260731T022348Z,Practical lock-freedom,2003,,,,,semanticscholar,88085676d6f9c1903d25eac49d4eb2a9e324d71f,CS006;CS030,S07;S44,CS006;CS030,,included,no,progress,3,title-screen,,,,Keyword score is prioritization only; it is not an eligibility or exclusion decision.
CG1021,s2:8bb6cc5b39fce72a241465e03b9c90aad83d1087,20260731T020306Z;20260731T022348Z,Verifying Michael and Scott ’ s Lock-Free Queue Algorithm using Trace Reduction,2007,,,,,semanticscholar,8bb6cc5b39fce72a241465e03b9c90aad83d1087,CS030,S44,CS030,,included,no,progress,3,title-screen,,,,Keyword score is prioritization only; it is not an eligibility or exclusion decision.
CG1030,s2:9d8caec3d6b4afc02588fcf5233d2d7615dbd072,20260731T010300Z;20260731T022348Z,Verifying Termination of Busy-Waiting,2020,,,,,semanticscholar,9d8caec3d6b4afc02588fcf5233d2d7615dbd072,CS014,S19,,CS014,included,no,progress,3,title-screen,,,,Keyword score is prioritization only; it is not an eligibility or exclusion decision.
CG1033,s2:a4a3acda86449bcaff66439a6ecd7e5e25852798,20260731T020306Z;20260731T022348Z,Non-Blocking Algorithms and Preemption-Safe Locking on Multiprogrammed Shared Memory Multiprocessors,1998,,,,,semanticscholar,a4a3acda86449bcaff66439a6ecd7e5e25852798,CS030,S44,CS030,,included,no,progress,3,title-screen,,,,Keyword score is prioritization only; it is not an eligibility or exclusion decision.
CG1035,s2:a9091ef790788c5d252cad94dd6862adf457e073,20260731T020306Z;20260731T022348Z,Implementing Lock-Free Queues,1994,,,,,semanticscholar,a9091ef790788c5d252cad94dd6862adf457e073,CS030,S44,CS030,,included,no,progress,3,title-screen,,,,Keyword score is prioritization only; it is not an eligibility or exclusion decision.
CG1036,s2:a92a1f0bfbfa8adbddea36cfc51e172b444a5b04,20260731T010300Z;20260731T022348Z,Evaluation of Task Scheduling Algorithms and Wait-Free Data Structures for Embedded Multi-Core Systems,2014,,,,,semanticscholar,a92a1f0bfbfa8adbddea36cfc51e172b444a5b04,CS029,S42,,CS029,included,no,progress,3,title-screen,,,,Keyword score is prioritization only; it is not an eligibility or exclusion decision.
CG1043,s2:b4745ad88028a7b904380704b17a13181c15af4a,20260731T010300Z;20260731T022348Z,A Lock-free B,2012,,,,,semanticscholar,b4745ad88028a7b904380704b17a13181c15af4a,CS029,S42,,CS029,included,no,progress,3,title-screen,,,,Keyword score is prioritization only; it is not an eligibility or exclusion decision.
CG1045,s2:b787e4cf1da494969dd21a57e7b5e2c1132a4fff,20260731T010300Z;20260731T022348Z,Ghost Signals: Verifying Termination of Busy-Waiting,2020,2020-10-22,,,arXiv.org,semanticscholar,b787e4cf1da494969dd21a57e7b5e2c1132a4fff,CS014,S19,,CS014,included,no,progress,3,title-screen,,,,Keyword score is prioritization only; it is not an eligibility or exclusion decision.
CG1063,s2:ea7fc6f5b0d77f207285cda139fff36de4d06ab5,20260731T010300Z;20260731T022348Z,Ghost Signals: Verifying Termination of Busy Waiting (Technical Report),2021,,,,,semanticscholar,ea7fc6f5b0d77f207285cda139fff36de4d06ab5,CS011,S15,CS011,,included,no,progress,3,title-screen,,,,Keyword score is prioritization only; it is not an eligibility or exclusion decision.
CG1069,s2:fb197d49a0fa49b82b1f6947bc876ccdea68f76f,20260731T010300Z;20260731T022348Z,Commutativity For Concurrent Program Termination Proofs (Extended Version),2023,,,,,semanticscholar,fb197d49a0fa49b82b1f6947bc876ccdea68f76f,CS028,S40,,CS028,included,no,progress,3,title-screen,,,,Keyword score is prioritization only; it is not an eligibility or exclusion decision.
CG1093,unknown:semanticscholar:cs004:references:0:44,20260731T010300Z;20260731T022348Z,2022. New subcategory: Termination concurrent,,,,,:/,semanticscholar,,CS004,S05,CS004,,unknown-date,no,progress,3,manual-date-check,,,,Keyword score is prioritization only; it is not an eligibility or exclusion decision.
CG1114,unknown:semanticscholar:cs010:references:0:38,20260731T010300Z;20260731T022348Z,"A Higher-Order, Relational Concurrent Separation Logic for Liveness 125:27 Languages (Philadelphia, PA, USA) (",,,,,POPL,semanticscholar,,CS010,S14,CS010,,unknown-date,no,progress,3,manual-date-check,,,,Keyword score is prioritization only; it is not an eligibility or exclusion decision.
CG1115,unknown:semanticscholar:cs010:references:0:39,20260731T010300Z;20260731T022348Z,"Lilo facilitates inter-/intra-thread modular liveness reasoning through abstractions called progress credits , obligation list , and promises (addresses (P5)",,,,,,semanticscholar,,CS010,S14,CS010,,unknown-date,no,progress,3,manual-date-check,,,,Keyword score is prioritization only; it is not an eligibility or exclusion decision.
CG1117,unknown:semanticscholar:cs010:references:0:41,20260731T010300Z;20260731T022348Z,"Lilo extends beyond termination to prove general liveness properties, including those involving non-termination, through refinement proofs between concurrent programs (addresses (P2))",,,,,,semanticscholar,,CS010,S14,CS010,,unknown-date,no,progress,3,manual-date-check,,,,Keyword score is prioritization only; it is not an eligibility or exclusion decision.
CG1120,unknown:semanticscholar:cs011:references:0:36,20260731T010300Z;20260731T022348Z,"2026a. Artifact for the ""Lawyer: Modular Obligations-Based Liveness Reasoning in Higher-Order Impredicative Concurrent Separation Logic""",,,,,paper of OOPSLA’26,semanticscholar,,CS011,S15,CS011,,unknown-date,no,progress,3,manual-date-check,,,,Keyword score is prioritization only; it is not an eligibility or exclusion decision.
CG1154,unknown:semanticscholar:cs028:references:0:48,20260731T010300Z;20260731T022348Z,"We reduce rely-guarantee bound analysis of concurrent pointer programs to bound analysis of sequential integer programs, and obtain an algorithm for bound analysis of lock-free algorithms",,,,,(Sect. 4),semanticscholar,,CS028,S40,CS028,,unknown-date,no,progress,3,manual-date-check,,,,Keyword score is prioritization only; it is not an eligibility or exclusion decision.
CG1158,unknown:semanticscholar:cs030:references:0:187,20260731T020306Z;20260731T022348Z,Almost wait-free resizable hashtable,2004,,,,"In Proceedings of the 18th International Parallel and Distributed Processing Symposium (IPDPS),",semanticscholar,,CS030,S44,CS030,,included,no,progress,3,title-screen,,,,Keyword score is prioritization only; it is not an eligibility or exclusion decision.
CG1160,unknown:semanticscholar:cs030:references:0:208,20260731T020306Z;20260731T022348Z,A nonblocking Compare-and-Swap algorithm for a shared circular queue,1991,,,,"Proceedings of the IMACS/IFAC International Symposium on Parallel and Distributed Computing in Engineering Systems,",semanticscholar,,CS030,S44,CS030,,included,no,progress,3,title-screen,,,,Keyword score is prioritization only; it is not an eligibility or exclusion decision.
CG0008,arxiv:2001.10022,20260731T010300Z;20260731T022348Z,Actor-Based Model Checking for SDN Networks,2020,2020-01-27,,2001.10022,arXiv.org,semanticscholar,cc15f1a8811af00eef78074f78db1e1bdd6c72f9,CS014,S19,,CS014,included,no,formal_verification,2,title-screen,,,,Keyword score is prioritization only; it is not an eligibility or exclusion decision.
CG0016,arxiv:2309.03642,20260731T010300Z;20260731T022348Z,Formal Verification of Chase-Lev Deque in Concurrent Separation Logic,2023,2023-05-20,10.48550/arxiv.2309.03642,2309.03642,arXiv.org,semanticscholar,d5dfe4838416cfd5b8564e09c64b3cccbb88a014,CS006,S07,,CS006,included,no,formal_verification,2,title-screen,,,,Keyword score is prioritization only; it is not an eligibility or exclusion decision.
CG0022,arxiv:2407.20559,20260731T010300Z;20260731T022348Z,Practical Rely/Guarantee Verification of an Efficient Lock for seL4 on Multicore Architectures,2024,2024-07-30,10.48550/arxiv.2407.20559,2407.20559,The Practice of Formal Methods,semanticscholar,aaf472caf6b4714d01876cd5a40e4654d22d1187,CS014,S19,,CS014,included,no,formal_verification,2,title-screen,,,,Keyword score is prioritization only; it is not an eligibility or exclusion decision.
CG0027,arxiv:2605.01124,20260731T010300Z;20260731T022348Z,Practical Formal Verification for MLIR Programs,2026,2026-05-01,10.48550/arxiv.2605.01124,2605.01124,arXiv.org,semanticscholar,7ac4fdcc53690ebf8ff65c79255ee58110565b8c,CS022,S33,,CS022,included,no,formal_verification,2,title-screen,,,,Keyword score is prioritization only; it is not an eligibility or exclusion decision.
CG0031,arxiv:2607.18727,20260731T010300Z;20260731T022348Z,Formal Verification of an Out-of-Order Multiprocessor against an In-Order Weak-Memory ISA,2026,2026-07-21,,2607.18727,,semanticscholar,f2ec98fb6353db95dba00106ff5fc93ef169bd9c,CS006;CS007,S07;S08,,CS006;CS007,included,no,formal_verification,2,title-screen,,,,Keyword score is prioritization only; it is not an eligibility or exclusion decision.
CG0042,doi:10.1007/10703.1572-8102,20260731T010300Z;20260731T022348Z,Formal methods in system design,1999,,10.1007/10703.1572-8102,,Logic in Computer Science,semanticscholar,f023b20953b33d7bf2b0eda1538a58090894e28b,CS028,S40,CS028,,included,no,formal_verification,2,title-screen,,,,Keyword score is prioritization only; it is not an eligibility or exclusion decision.
CG0043,doi:10.1007/10722468_2,20260731T020306Z;20260731T022348Z,Using Garbage Collection in Model Checking,2000,2000-08-30,10.1007/10722468_2,,SPIN,semanticscholar,d52f9e6212f8a40f41bf4356855f14d262b99c6b,CS030,S44,CS030,,included,no,formal_verification,2,title-screen,,,,Keyword score is prioritization only; it is not an eligibility or exclusion decision.
CG0045,doi:10.1007/11526841_32,20260731T020306Z;20260731T022348Z,Automatic Symmetry Detection for Model Checking Using Computational Group Theory,2005,2005-07-18,10.1007/11526841_32,,World Congress on Formal Methods,semanticscholar,fddd9e198318557ed21cbd6ce9ff81f155c18823,CS030,S44,CS030,,included,no,formal_verification,2,title-screen,,,,Keyword score is prioritization only; it is not an eligibility or exclusion decision.
CG0052,doi:10.1007/11784180_29,20260731T020306Z;20260731T022348Z,A Computational Group Theoretic Symmetry Reduction Package for the Spin Model Checker,2006,2006-07-05,10.1007/11784180_29,,International Conference on Algebraic Methodology and Software Technology,semanticscholar,f58127a32a1ec6bcbf875e68b2d4861e41ccae5a,CS030,S44,CS030,,included,no,formal_verification,2,title-screen,,,,Keyword score is prioritization only; it is not an eligibility or exclusion decision.
CG0060,doi:10.1007/11921240_13,20260731T010300Z;20260731T022106Z;20260731T022348Z,Thread-Modular Verification Is Cartesian Abstract Interpretation,2006,2006-11-20,10.1007/11921240_13,,International Colloquium on Theoretical Aspects of Computing,opencitations;semanticscholar,10.1007/11921240_13;9d4df974670c9723f44702a7e6a9b7eaa1921ba4,CS028,S40,CS028,,included,no,formal_verification,2,title-screen,,,,Keyword score is prioritization only; it is not an eligibility or exclusion decision.
CG0065,doi:10.1007/3-540-11494-7_22,20260731T020306Z;20260731T022348Z,Specification and verification of concurrent systems in CESAR,1982,1982-04-06,10.1007/3-540-11494-7_22,,Symposium on Programming,semanticscholar,553a70e15134ab9abe40ad7650618874298f9171,CS030,S44,CS030,,included,no,formal_verification,2,title-screen,,,,Keyword score is prioritization only; it is not an eligibility or exclusion decision.
CG0074,doi:10.1007/3-540-44829-2_14,20260731T010300Z;20260731T022106Z;20260731T022348Z,Thread-Modular Model Checking,2003,2003-05-09,10.1007/3-540-44829-2_14,,SPIN,opencitations;semanticscholar,10.1007/3-540-44829-2_14;4da43fc88f80d6b1ff858288565915e5cddf6455,CS028,S40,CS028,,included,no,formal_verification,2,title-screen,,,,Keyword score is prioritization only; it is not an eligibility or exclusion decision.
CG0080,doi:10.1007/3-540-45620-1_35,20260731T020306Z;20260731T022348Z,Lazy Theorem Proving for Bounded Model Checking over Infinite Domains,2002,2002-07-27,10.1007/3-540-45620-1_35,,CADE,semanticscholar,f7889408dd2e5eaac277de81a738c003745e473e,CS030,S44,CS030,,included,no,formal_verification,2,title-screen,,,,Keyword score is prioritization only; it is not an eligibility or exclusion decision.
CG0081,doi:10.1007/3-540-45841-7_51,20260731T020306Z;20260731T022348Z,A Parametric Analysis of the State Explosion Problem in Model Checking,2002,2002-03-14,10.1007/3-540-45841-7_51,,Symposium on Theoretical Aspects of Computer Science,semanticscholar,2b5054850ecf421758cdac4501cba2cf88dec255,CS030,S44,CS030,,included,no,formal_verification,2,title-screen,,,,Keyword score is prioritization only; it is not an eligibility or exclusion decision.
CG0082,doi:10.1007/3-540-45927-8_19,20260731T010300Z;20260731T022106Z;20260731T022348Z,Thread-Modular Verification for Shared-Memory Programs,2002,2002-04-08,10.1007/3-540-45927-8_19,,European Symposium on Programming,opencitations;semanticscholar,0dd0a96441a6c16fd577525d5f8656a7c8791826;10.1007/3-540-45927-8_19,CS028,S40,CS028,,included,no,formal_verification,2,title-screen,,,,Keyword score is prioritization only; it is not an eligibility or exclusion decision.
CG0084,doi:10.1007/3-540-46017-9_5,20260731T020306Z;20260731T022348Z,Symmetry Reduction Criteria for Software Model Checking,2002,2002-04-11,10.1007/3-540-46017-9_5,,SPIN,semanticscholar,70075cdd682e28afc3ac0319a5cfcd6c5f3db4e6,CS030,S44,CS030,,included,no,formal_verification,2,title-screen,,,,Keyword score is prioritization only; it is not an eligibility or exclusion decision.
CG0088,doi:10.1007/3-540-49059-0_14,20260731T020306Z;20260731T022348Z,Symbolic Model Checking without BDDs,1999,1999-03-22,10.1007/3-540-49059-0_14,,International Conference on Tools and Algorithms for Construction and Analysis of Systems,semanticscholar,45f8a8e8add0fae6bcc72dd388024e653c2c70c2,CS030,S44,CS030,,included,no,formal_verification,2,title-screen,,,,Keyword score is prioritization only; it is not an eligibility or exclusion decision.
CG0092,doi:10.1007/3-540-58201-0_78,20260731T020306Z;20260731T020357Z;20260731T021519Z;20260731T022348Z,Undecidable Verification Problems for Programs with Unreliable Channels,1994,1994-07-11,10.1007/3-540-58201-0_78,,Information and Computation,semanticscholar,739191274bf3cdf07351072e415d24196bd49d1a,CS031,S45,CS031,,included,no,formal_verification,2,title-screen,,,,Keyword score is prioritization only; it is not an eligibility or exclusion decision.
CG0093,doi:10.1007/3-540-60761-7,20260731T020306Z;20260731T022348Z,Partial-Order Methods for the Verification of Concurrent Systems,1996,1996-06-01,10.1007/3-540-60761-7,,Lecture Notes in Computer Science,semanticscholar,381d9f99c388e3b96fc480e1ea9786c49e06fed4,CS030,S44,CS030,,included,no,formal_verification,2,title-screen,,,,Keyword score is prioritization only; it is not an eligibility or exclusion decision.
CG0097,doi:10.1007/978-0-387-34878-0_13,20260731T020306Z;20260731T022348Z,An improvement in formal verification,1994,,10.1007/978-0-387-34878-0_13,,Formal Techniques for (Networked and) Distributed Systems,semanticscholar,7bdd0cc15b36a3aeac35d0dcc495239925525a09,CS030,S44,CS030,,included,no,formal_verification,2,title-screen,,,,Keyword score is prioritization only; it is not an eligibility or exclusion decision.
CG0098,doi:10.1007/978-0-387-34892-6_1,20260731T020306Z;20260731T022348Z,Simple on-the-fly automatic verification of linear temporal logic,1995,1995-06-01,10.1007/978-0-387-34892-6_1,,"Protocol Specification, Testing and Verification",semanticscholar,2bf237f0a02dcf67bbea1fc3c26aea615aa3673a,CS030,S44,CS030,,included,no,formal_verification,2,title-screen,,,,Keyword score is prioritization only; it is not an eligibility or exclusion decision.
CG0106,doi:10.1007/978-1-4615-3190-6,20260731T020306Z;20260731T022348Z,Symbolic model checking,1992,,10.1007/978-1-4615-3190-6,,,semanticscholar,5a61ff9bb722b914b325a69dd4d989cdf7591d54,CS030,S44,CS030,,included,no,formal_verification,2,title-screen,,,,Keyword score is prioritization only; it is not an eligibility or exclusion decision.
CG0130,doi:10.1007/978-3-030-99336-8_8,20260731T010300Z;20260731T022348Z,The Trusted Computing Base of the CompCert Verified Compiler,2022,2022-01-25,10.1007/978-3-030-99336-8_8,2201.10280,European Symposium on Programming,semanticscholar,718716137be126ada349b59ac3925c40f93254ea,CS012,S16,CS012,,included,no,formal_verification,2,title-screen,,,,Keyword score is prioritization only; it is not an eligibility or exclusion decision.
CG0132,doi:10.1007/978-3-031-08166-8_20,20260731T010300Z;20260731T022106Z;20260731T022348Z,Software & System Verification with KIV,2022,2022,10.1007/978-3-031-08166-8_20,,The Logic of Software. A Tasting Menu of Formal Methods,opencitations;semanticscholar,10.1007/978-3-031-08166-8_20;a4a63604222711fff96f06decade23481818d1d1,CS018,S28,,CS018,included,no,formal_verification,2,title-screen,,,,Keyword score is prioritization only; it is not an eligibility or exclusion decision.
CG0150,doi:10.1007/978-3-031-90660-2_9,20260731T010300Z;20260731T022106Z;20260731T022348Z,Improvements in Software Verification and Witness Validation: SV-COMP 2025,2025,,10.1007/978-3-031-90660-2_9,,International Conference on Tools and Algorithms for Construction and Analysis of Systems,opencitations;semanticscholar,10.1007/978-3-031-90660-2_9;115626037012099a743a7af698ade890e47d706d,CS004,S05,CS004,,included,no,formal_verification,2,title-screen,,,,Keyword score is prioritization only; it is not an eligibility or exclusion decision.
CG0161,doi:10.1007/978-3-319-10575-8,20260731T020306Z;20260731T020357Z;20260731T021519Z;20260731T022348Z,Handbook of Model Checking,2018,,10.1007/978-3-319-10575-8,,Cambridge International Law Journal,semanticscholar,9d3cfc952584ae5a45947084efb2e140ca8178aa,CS031,S45,CS031,,included,no,formal_verification,2,title-screen,,,,Keyword score is prioritization only; it is not an eligibility or exclusion decision.
CG0163,doi:10.1007/978-3-319-13338-6_1,20260731T010300Z;20260731T022106Z;20260731T022348Z,Using Coarse-Grained Abstractions to Verify Linearizability on TSO Architectures,2014,2014-11-18,10.1007/978-3-319-13338-6_1,,Haifa Verification Conference,opencitations;semanticscholar,10.1007/978-3-319-13338-6_1;618978051b80b5427d285d8af48c85285b7011f4,CS027,S38,,CS027,included,no,formal_verification,2,title-screen,,,,Keyword score is prioritization only; it is not an eligibility or exclusion decision.
CG0165,doi:10.1007/978-3-319-22102-1_9,20260731T010300Z;20260731T022348Z,Machine-Checked Verification of the Correctness and Amortized Complexity of an Efficient Union-Find Implementation,2015,2015-08-24,10.1007/978-3-319-22102-1_9,,International Conference on Interactive Theorem Proving,semanticscholar,936b6f5d935ddf5d37166591920eaa71272e8e29,CS023,S35,CS023,,included,no,formal_verification,2,title-screen,,,,Keyword score is prioritization only; it is not an eligibility or exclusion decision.
CG0167,doi:10.1007/978-3-319-33693-0_13,20260731T010300Z;20260731T022106Z;20260731T022348Z,Towards a Thread-Local Proof Technique for Starvation Freedom,2016,2016-06-01,10.1007/978-3-319-33693-0_13,,International Conference on Integrated Formal Methods,opencitations;semanticscholar,10.1007/978-3-319-33693-0_13;9387d16dbfd1cf86071a0b4b2f96fb156b71bba9,CS009;CS014,S10;S19,,CS009;CS014,included,no,formal_verification,2,title-screen,,,,Keyword score is prioritization only; it is not an eligibility or exclusion decision.
CG0173,doi:10.1007/978-3-319-63390-9_4,20260731T010300Z;20260731T022106Z;20260731T022348Z,Automated Resource Analysis with Coq Proof Objects,2017,2017-07-24,10.1007/978-3-319-63390-9_4,,International Conference on Computer Aided Verification,opencitations;semanticscholar,10.1007/978-3-319-63390-9_4;758720470fcea62254f5f4374b3a51c3e8a1ccf8,CS028,S40,CS028,,included,no,formal_verification,2,title-screen,,,,Keyword score is prioritization only; it is not an eligibility or exclusion decision.
CG0182,doi:10.1007/978-3-319-89884-1_19,20260731T010300Z;20260731T022348Z,A Fistful of Dollars: Formalizing Asymptotic Complexity Claims via Deductive Program Verification,2018,2018-04-16,10.1007/978-3-319-89884-1_19,,European Symposium on Programming,semanticscholar,f6d85636a2800f292bf34aa145e100d887d4570f,CS023,S35,CS023,,included,no,formal_verification,2,title-screen,,,,Keyword score is prioritization only; it is not an eligibility or exclusion decision.
CG0188,doi:10.1007/978-3-319-95582-7_33,20260731T010300Z;20260731T022348Z,SDN-Actors: Modeling and Verification of SDN Programs,2018,2018-07-15,10.1007/978-3-319-95582-7_33,,World Congress on Formal Methods,semanticscholar,310d32449998921d400b46bdcf66b5455c6a24d5,CS014,S19,,CS014,included,no,formal_verification,2,title-screen,,,,Keyword score is prioritization only; it is not an eligibility or exclusion decision.
CG0202,doi:10.1007/978-3-540-39724-3_20,20260731T020306Z;20260731T022348Z,On Combining Symmetry Reduction and Symbolic Representation for Efficient Model Checking,2003,2003-10-21,10.1007/978-3-540-39724-3_20,,Conference on Correct Hardware Design and Verification Methods,semanticscholar,c71c425747c90b6fb5489cb7e54cfcee2be6b572,CS030,S44,CS030,,included,no,formal_verification,2,title-screen,,,,Keyword score is prioritization only; it is not an eligibility or exclusion decision.
CG0221,doi:10.1007/978-3-540-85114-1_11,20260731T020306Z;20260731T022348Z,Tackling Large Verification Problems with the Swarm Tool,2008,2008-08-10,10.1007/978-3-540-85114-1_11,,SPIN,semanticscholar,ab0738026e8c7f76b619687c744b3fded365e13d,CS030,S44,CS030,,included,no,formal_verification,2,title-screen,,,,Keyword score is prioritization only; it is not an eligibility or exclusion decision.
CG0227,doi:10.1007/978-3-642-02652-2_21,20260731T020306Z;20260731T022348Z,Experience with Model Checking Linearizability,2009,2009-06-26,10.1007/978-3-642-02652-2_21,,SPIN,semanticscholar,719a7fd97d662e55e3cf8b2c6b99219b908eebea,CS030,S44,CS030,,included,no,formal_verification,2,title-screen,,,,Keyword score is prioritization only; it is not an eligibility or exclusion decision.
CG0233,doi:10.1007/978-3-642-05089-3_21,20260731T020306Z;20260731T022348Z,Model Checking Linearizability via Refinement,2009,2009-11-04,10.1007/978-3-642-05089-3_21,,World Congress on Formal Methods,semanticscholar,d7be6573747ce1d718e059842d361c9f9a492a1c,CS030,S44,CS030,,included,no,formal_verification,2,title-screen,,,,Keyword score is prioritization only; it is not an eligibility or exclusion decision.
CG0257,doi:10.1007/978-3-642-25379-9_19,20260731T010300Z;20260731T022348Z,Verification of Scalable Synchronous Queue,2011,2011-12-07,10.1007/978-3-642-25379-9_19,,Certified Programs and Proofs,semanticscholar,4b74c432963ecc45c6a328082bdc384819592112,CS009,S10,,CS009,included,no,formal_verification,2,title-screen,,,,Keyword score is prioritization only; it is not an eligibility or exclusion decision.
CG0262,doi:10.1007/978-3-642-28891-3_2,20260731T010300Z;20260731T022348Z,Verified Software Toolchain,2012,2012-04-03,10.1007/978-3-642-28891-3_2,,NASA Formal Methods,semanticscholar,b0b23f22ccc172a8cf72440d905dfe1c2c299ac5,CS011,S15,CS011,,included,no,formal_verification,2,title-screen,,,,Keyword score is prioritization only; it is not an eligibility or exclusion decision.
CG0267,doi:10.1007/978-3-642-31762-0,20260731T010300Z;20260731T022348Z,Formal Verification of Object-Oriented Software,2011,,10.1007/978-3-642-31762-0,,Lecture Notes in Computer Science,semanticscholar,5730842d26233ee4cdbfd98e282480cc6036bab7,CS009;CS018,S10;S28,,CS009;CS018,included,no,formal_verification,2,title-screen,,,,Keyword score is prioritization only; it is not an eligibility or exclusion decision.
CG0293,doi:10.1007/978-3-662-48653-5_25,20260731T010300Z;20260731T022106Z;20260731T022348Z,Modular Verification of Concurrency-Aware Linearizability,2015,2015-10-07,10.1007/978-3-662-48653-5_25,,International Symposium on Distributed Computing,opencitations;semanticscholar,10.1007/978-3-662-48653-5_25;d0605134435c3ffbf2253d9f296754141ad4462e,CS006,S07,CS006,,included,no,formal_verification,2,title-screen,,,,Keyword score is prioritization only; it is not an eligibility or exclusion decision.
CG0304,doi:10.1007/978-94-010-0413-8_9,20260731T020306Z;20260731T022348Z,Abstractions and Reductions in Model Checking,2002,,10.1007/978-94-010-0413-8_9,,,semanticscholar,8aac9ae2df4df2a05cca57e94e0af2066ea01bdc,CS030,S44,CS030,,included,no,formal_verification,2,title-screen,,,,Keyword score is prioritization only; it is not an eligibility or exclusion decision.
CG0308,doi:10.1007/bf00268134,20260731T010300Z;20260731T022106Z;20260731T022348Z,An axiomatic proof technique for parallel programs I,1976,1976-12-01,10.1007/bf00268134,,Acta Informatica,opencitations;semanticscholar,10.1007/bf00268134;559b4b532ee8dd9fffc6c24f3f578cbd3c867b2c,CS008,S09,CS008,,included,no,formal_verification,2,title-screen,,,,Keyword score is prioritization only; it is not an eligibility or exclusion decision.
CG0310,doi:10.1007/bf00625968,20260731T020306Z;20260731T022348Z,Better verification through symmetry,1996,1996-08-01,10.1007/bf00625968,,Formal Methods Syst. Des.,semanticscholar,31e6d605a8572fee1b87a9974e2d305812c7ec08,CS030,S44,CS030,,included,no,formal_verification,2,title-screen,,,,Keyword score is prioritization only; it is not an eligibility or exclusion decision.
CG0311,doi:10.1007/bf00625969,20260731T010300Z;20260731T020306Z;20260731T022106Z;20260731T022348Z,Exploiting symmetry in temporal logic model checking,1993,1993-06-28,10.1007/bf00625969,,Formal Methods Syst. Des.,opencitations;semanticscholar,10.1007/bf00625969;20e4aa2d31b87dff0eaceff14f59ebf9ce08ca76,CS022;CS030,S33;S44,CS022;CS030,,included,no,formal_verification,2,title-screen,,,,Keyword score is prioritization only; it is not an eligibility or exclusion decision.
CG0312,doi:10.1007/bf00625970,20260731T020306Z;20260731T022348Z,Symmetry and model checking,1993,1993-06-28,10.1007/bf00625970,,Formal Methods Syst. Des.,semanticscholar,81f87848e16f7d95d9f306385844d3476e09edba,CS030,S44,CS030,,included,no,formal_verification,2,title-screen,,,,Keyword score is prioritization only; it is not an eligibility or exclusion decision.
CG0315,doi:10.1007/bf01384313,20260731T020306Z;20260731T022348Z,Property preserving abstractions for the verification of concurrent systems,1995,,10.1007/bf01384313,,Formal Methods Syst. Des.,semanticscholar,2d4bf6993cc62291ae67ff86ea5d7aeb337e644b,CS030,S44,CS030,,included,no,formal_verification,2,title-screen,,,,Keyword score is prioritization only; it is not an eligibility or exclusion decision.
CG0320,doi:10.1007/bfb0055036,20260731T010300Z;20260731T022348Z,Algorithmic Verification of Linear Temporal Logic Specifications,1998,1998-07-13,10.1007/bfb0055036,,"International Colloquium on Automata, Languages and Programming",semanticscholar,2893ec09ce2654d666e215251659b28160b90ae2,CS002,S02,CS002,,included,no,formal_verification,2,title-screen,,,,Keyword score is prioritization only; it is not an eligibility or exclusion decision.
CG0322,doi:10.1007/s00165-006-0002-7,20260731T020306Z;20260731T022348Z,Verifying data refinements using a model checker,2006,2006-08-25,10.1007/s00165-006-0002-7,,Formal Aspects of Computing,semanticscholar,8b577483eca37828459874183c7964d547e61ac1,CS030,S44,CS030,,included,no,formal_verification,2,title-screen,,,,Keyword score is prioritization only; it is not an eligibility or exclusion decision.
CG0325,doi:10.1007/s00165-014-0310-2,20260731T010300Z;20260731T022106Z;20260731T022348Z,Balancing expressiveness in formal approaches to concurrency,2015,2014-08-29,10.1007/s00165-014-0310-2,,Formal Aspects of Computing,opencitations;semanticscholar,10.1007/s00165-014-0310-2;868e3e9af28c23ba673631ab77b2211d3fa8185a,CS009,S10,,CS009,included,no,formal_verification,2,title-screen,,,,Keyword score is prioritization only; it is not an eligibility or exclusion decision.
CG0331,doi:10.1007/s00236-016-0275-0,20260731T010300Z;20260731T022348Z,Stateless model checking for TSO and PSO,2015,2015-01-09,10.1007/s00236-016-0275-0,1501.02069,Acta Informatica,semanticscholar,2d99959110d081d2612c74126da384ef93df6699,CS022,S33,CS022,,included,no,formal_verification,2,title-screen,,,,Keyword score is prioritization only; it is not an eligibility or exclusion decision.
CG0337,doi:10.1007/s10009-004-0154-9,20260731T020306Z;20260731T022348Z,Symmetry reductions for model checking of concurrent dynamic software,2004,2004-08-01,10.1007/s10009-004-0154-9,,International Journal on Software Tools for Technology Transfer (STTT),semanticscholar,5439083720c742d7d158712f76c15718ef57db68,CS030,S44,CS030,,included,no,formal_verification,2,title-screen,,,,Keyword score is prioritization only; it is not an eligibility or exclusion decision.
CG0339,doi:10.1007/s10009-011-0211-0,20260731T010300Z;20260731T022106Z;20260731T022348Z,Deductive software verification,2011,2011-10-01,10.1007/s10009-011-0211-0,,International Journal on Software Tools for Technology Transfer (STTT),opencitations;semanticscholar,10.1007/s10009-011-0211-0;3027b57e6a51e26d1a2706db0725f28e0eb4e00f,CS019,S29,CS019,,included,no,formal_verification,2,title-screen,,,,Keyword score is prioritization only; it is not an eligibility or exclusion decision.
CG0341,doi:10.1007/s10009-016-0415-4,20260731T010300Z;20260731T022348Z,An integrated specification and verification technique for highly concurrent data structures,2013,2013-03-16,10.1007/s10009-016-0415-4,,International Journal on Software Tools for Technology Transfer (STTT),semanticscholar,dcf9388933925e2fbdcefd3db9628d0eadd8f33d,CS022;CS028,S33;S40,CS022;CS028,,included,no,formal_verification,2,title-screen,,,,Keyword score is prioritization only; it is not an eligibility or exclusion decision.
CG0342,doi:10.1007/s10009-020-00559-y,20260731T010300Z;20260731T022348Z,Automating deductive verification for weak-memory programs (extended version),2017,2017-03-18,10.1007/s10009-020-00559-y,1703.06368,International Journal on Software Tools for Technology Transfer (STTT),semanticscholar,d18b4a62a28c5c00df50ae04ce541f0c9c69f6f4,CS007;CS008,S08;S09,CS007;CS008,,included,no,formal_verification,2,title-screen,,,,Keyword score is prioritization only; it is not an eligibility or exclusion decision.
CG0343,doi:10.1007/s100090050041,20260731T020306Z;20260731T022348Z,"Issues in slicing PROMELA and its applications to model checking, protocol understanding, and simulation",2000,2000-03-01,10.1007/s100090050041,,International Journal on Software Tools for Technology Transfer (STTT),semanticscholar,e2930e021af8f4fe3a8be4a17db31919e73ecdf3,CS030,S44,CS030,,included,no,formal_verification,2,title-screen,,,,Keyword score is prioritization only; it is not an eligibility or exclusion decision.
CG0346,doi:10.1007/s10472-016-9531-9,20260731T010300Z;20260731T022348Z,Parametrized verification diagrams: temporal verification of symmetric parametrized concurrent systems,2017,2017-08-01,10.1007/s10472-016-9531-9,,Annals of Mathematics and Artificial Intelligence,semanticscholar,7f016388e185652d60fce1b511341b4c64dcdfda,CS009,S10,,CS009,included,no,formal_verification,2,title-screen,,,,Keyword score is prioritization only; it is not an eligibility or exclusion decision.
CG0347,doi:10.1007/s10703-005-2246-x,20260731T020306Z;20260731T022348Z,Combining Symmetry Reduction and Under-Approximation for Symbolic Model Checking,2002,2002-07-27,10.1007/s10703-005-2246-x,,Formal Methods Syst. Des.,semanticscholar,fbd51bc30a0cdbfa378d044e5363893c895339fa,CS030,S44,CS030,,included,no,formal_verification,2,title-screen,,,,Keyword score is prioritization only; it is not an eligibility or exclusion decision.
CG0352,doi:10.1007/s10703-023-00427-w,20260731T010300Z;20260731T022106Z;20260731T022348Z,Concise outlines for a complex logic: a proof outline checker for TaDA,2023,2023-07-31,10.1007/s10703-023-00427-w,2010.07080,Formal methods in system design,opencitations;semanticscholar,10.1007/s10703-023-00427-w;78114f4050bf12212d1d32e104885e1c936cb133,CS007;CS012;CS013,S08;S16;S17,CS007;CS012,CS013,included,no,formal_verification,2,title-screen,,,,Keyword score is prioritization only; it is not an eligibility or exclusion decision.
CG0354,doi:10.1007/s10703-024-00462-1,20260731T010300Z;20260731T022106Z;20260731T022348Z,A verified durable transactional mutex lock for persistent x86-TSO,2024,2024-07-31,10.1007/s10703-024-00462-1,,Formal methods in system design,opencitations;semanticscholar,10.1007/s10703-024-00462-1;26481f34e1785d1665a1cb9199324eabe5188894,CS026,S27,,CS026,included,no,formal_verification,2,title-screen,,,,Keyword score is prioritization only; it is not an eligibility or exclusion decision.
CG0361,doi:10.1007/s10817-018-9496-y,20260731T010300Z;20260731T022106Z;20260731T022348Z,CompCertS: A Memory-Aware Verified C Compiler Using a Pointer as Integer Semantics,2017,2017-09-26,10.1007/s10817-018-9496-y,,Journal of automated reasoning,opencitations;semanticscholar,10.1007/s10817-018-9496-y;a8f6cb1254733019d054edaa9fe11c03324dafda,CS019,S29,CS019,,included,no,formal_verification,2,title-screen,,,,Keyword score is prioritization only; it is not an eligibility or exclusion decision.
CG0364,doi:10.1007/s12652-021-03454-9,20260731T010300Z;20260731T022106Z;20260731T022348Z,Formal design and verification of system task in intelligent transportation systems based on micro-kernel architecture,2021,2021-08-29,10.1007/s12652-021-03454-9,,Journal of Ambient Intelligence and Humanized Computing,opencitations;semanticscholar,10.1007/s12652-021-03454-9;cb59ee97125edff7dee80e80007823f0f79cde8c,CS014,S19,,CS014,included,no,formal_verification,2,title-screen,,,,Keyword score is prioritization only; it is not an eligibility or exclusion decision.
CG0368,doi:10.1016/0020-0190(86)90071-2,20260731T020306Z;20260731T022348Z,Limits for Automatic Verification of Finite-State Concurrent Systems,1986,1986-05-30,10.1016/0020-0190(86)90071-2,,Information Processing Letters,semanticscholar,54f66361e7a71812522e5536a84cf2c8b6471b54,CS030,S44,CS030,,included,no,formal_verification,2,title-screen,,,,Keyword score is prioritization only; it is not an eligibility or exclusion decision.
CG0369,doi:10.1016/0167-6423(87)90029-3,20260731T010300Z;20260731T022348Z,A Hoare-Like Proof System for Analysing the Computation Time of Programs,1987,1987-10-01,10.1016/0167-6423(87)90029-3,,Science of Computer Programming,semanticscholar,4f85e60b5f1a5aa6296afacb971b412c7a8426ba,CS023,S35,CS023,,included,no,formal_verification,2,title-screen,,,,Keyword score is prioritization only; it is not an eligibility or exclusion decision.
CG0370,doi:10.1016/0167-6423(87)90036-0,20260731T020306Z;20260731T022348Z,Modalities for Model Checking: Branching Time Logic Strikes Back,1987,1987-06-01,10.1016/0167-6423(87)90036-0,,Science of Computer Programming,semanticscholar,145f6d996944a31c3438d8bca3c1cd2e6f777253,CS030,S44,CS030,,included,no,formal_verification,2,title-screen,,,,Keyword score is prioritization only; it is not an eligibility or exclusion decision.
CG0379,doi:10.1016/j.cl.2004.02.002,20260731T020306Z;20260731T022348Z,Employing symmetry reductions in model checking,2004,2004-10-01,10.1016/j.cl.2004.02.002,,"Computer languages, systems & structures",semanticscholar,e95e472095fecc327e0155567b6bcb1fb4e82730,CS030,S44,CS030,,included,no,formal_verification,2,title-screen,,,,Keyword score is prioritization only; it is not an eligibility or exclusion decision.
CG0390,doi:10.1016/j.jlamp.2020.100617,20260731T010300Z;20260731T022348Z,Actor-based model checking for Software-Defined Networks,2021,2021-01-01,10.1016/j.jlamp.2020.100617,,J. Log. Algebraic Methods Program.,semanticscholar,d5842c01b1d3a36727d9216c53ee1b896b744766,CS014,S19,,CS014,included,no,formal_verification,2,title-screen,,,,Keyword score is prioritization only; it is not an eligibility or exclusion decision.
CG0396,doi:10.1016/j.scico.2024.103227,20260731T010300Z;20260731T022106Z;20260731T022348Z,"Verification of forward simulations with thread-local, step-local proof obligations",2025,2025-04-01,10.1016/j.scico.2024.103227,,Science of Computer Programming,opencitations;semanticscholar,10.1016/j.scico.2024.103227;a73c88e82331650a97b50514358b71cdc0469d29,CS009;CS018;CS021,S10;S28;S31,CS021,CS009;CS018,included,no,formal_verification,2,title-screen,,,,Keyword score is prioritization only; it is not an eligibility or exclusion decision.
CG0397,doi:10.1016/j.sysarc.2023.103046,20260731T010300Z;20260731T022106Z;20260731T022348Z,"<mml:math xmlns:mml=""http://www.w3.org/1998/Math/MathML"" display=""inline"" id=""d1e861"" altimg=""si142.svg""><mml:mi mathvariant=""sans-serif"">ThreadAbs</mml:mi></mml:math>: A template to build verified thread-local interfaces with software scheduler abstractions",2024,2023-12-01,10.1016/j.sysarc.2023.103046,,Journal of systems architecture,opencitations;semanticscholar,0128303bcbfcc4ea0f7968cc876c05fa3906c6de;10.1016/j.sysarc.2023.103046,CS002;CS013;CS014,S02;S17;S19,,CS002;CS013;CS014,included,no,formal_verification,2,title-screen,,,,Keyword score is prioritization only; it is not an eligibility or exclusion decision.
CG0398,doi:10.1016/j.sysarc.2023.103049,20260731T010300Z;20260731T022106Z;20260731T022348Z,SimplMM: A simplified and abstract multicore hardware model for large scale system software formal verification,2024,2023-12-01,10.1016/j.sysarc.2023.103049,,Journal of systems architecture,opencitations;semanticscholar,10.1016/j.sysarc.2023.103049;dacf4b21e64942ccc9f10c05ec21deaa3e3b0b0a,CS013;CS014,S17;S19,,CS013;CS014,included,no,formal_verification,2,title-screen,,,,Keyword score is prioritization only; it is not an eligibility or exclusion decision.
CG0409,doi:10.1016/s1571-0661(05)80387-1,20260731T020306Z;20260731T022348Z,Different directions in parallel and distributed model checking (invited talk),2002,2002-10-01,10.1016/s1571-0661(05)80387-1,,PDMC@CONCUR,semanticscholar,c10f19bdecbfa3e31ff347cb3f540d4ab018f8f7,CS030,S44,CS030,,included,no,formal_verification,2,title-screen,,,,Keyword score is prioritization only; it is not an eligibility or exclusion decision.
CG0425,doi:10.1109/32.588521,20260731T020306Z;20260731T022348Z,The Model Checker SPIN,1997,1997-05-01,10.1109/32.588521,,IEEE Trans. Software Eng.,semanticscholar,8c106bdb98dc7c00f355f2e498347100a8e5c49d,CS030,S44,CS030,,included,no,formal_verification,2,title-screen,,,,Keyword score is prioritization only; it is not an eligibility or exclusion decision.
CG0428,doi:10.1109/ase.2001.989811,20260731T020306Z;20260731T022348Z,Exploiting heap symmetries in explicit-state model checking of software,2001,2001-11-26,10.1109/ase.2001.989811,,International Conference on Automated Software Engineering,semanticscholar,9dc039e86c861b330f96646cb79698dd1bf84e34,CS030,S44,CS030,,included,no,formal_verification,2,title-screen,,,,Keyword score is prioritization only; it is not an eligibility or exclusion decision.
CG0430,doi:10.1109/dsn.2018.00037,20260731T010300Z;20260731T022106Z;20260731T022348Z,Branching Bisimulation and Concurrent Object Verification,2018,2018-06-01,10.1109/dsn.2018.00037,,Dependable Systems and Networks,opencitations;semanticscholar,10.1109/dsn.2018.00037;87668b3f121f2b70878304f773bce0fac91ba44b,CS029,S42,,CS029,included,no,formal_verification,2,title-screen,,,,Keyword score is prioritization only; it is not an eligibility or exclusion decision.
CG0450,doi:10.1109/mahc.1984.10017,20260731T010300Z;20260731T022348Z,An Early Program Proof by Alan Turing,1984,1984-04-01,10.1109/mahc.1984.10017,,Annals of the History of Computing,semanticscholar,dfd734b2de2cbcce6ac07e909011b0ed6ba32b01,CS012,S16,CS012,,included,no,formal_verification,2,title-screen,,,,Keyword score is prioritization only; it is not an eligibility or exclusion decision.
CG0459,doi:10.1109/ssiri.2010.37,20260731T020306Z;20260731T022348Z,Model Checking a Lazy Concurrent List-Based Set Algorithm,2010,2010-06-09,10.1109/ssiri.2010.37,,2010 Fourth International Conference on Secure Software Integration and Reliability Improvement,semanticscholar,3d8e5e07c738f3ded55d3b0f66e1b633b4c1f905,CS030,S44,CS030,,included,no,formal_verification,2,title-screen,,,,Keyword score is prioritization only; it is not an eligibility or exclusion decision.
CG0464,doi:10.1109/tits.2022.3224385,20260731T010300Z;20260731T022106Z;20260731T022348Z,A Formal Approach to Design and Security Verification of Operating Systems for Intelligent Transportation Systems Based on Object Model,2023,2023-12-01,10.1109/tits.2022.3224385,,IEEE transactions on intelligent transportation systems (Print),opencitations;semanticscholar,10.1109/tits.2022.3224385;cea3263b7dc5d40a0591c49151beb1c57d0415c2,CS014,S19,,CS014,included,no,formal_verification,2,title-screen,,,,Keyword score is prioritization only; it is not an eligibility or exclusion decision.
CG0468,doi:10.1109/tse.2007.70724,20260731T020306Z;20260731T022348Z,The Design of a Multicore Extension of the SPIN Model Checker,2007,2007-10-01,10.1109/tse.2007.70724,,IEEE Transactions on Software Engineering,semanticscholar,7f1f4731678ae41aaa296a2f3b60cfc75400edaa,CS030,S44,CS030,,included,no,formal_verification,2,title-screen,,,,Keyword score is prioritization only; it is not an eligibility or exclusion decision.
CG0475,doi:10.1145/1011508.1011511,20260731T020306Z;20260731T022348Z,Symmetry and reduced symmetry in model checking,2001,2001-07-18,10.1145/1011508.1011511,,TOPL,semanticscholar,addbec38ccf9baf003cf7c586a9127455e0b3d21,CS030,S44,CS030,,included,no,formal_verification,2,title-screen,,,,Keyword score is prioritization only; it is not an eligibility or exclusion decision.
CG0488,doi:10.1145/1111037.1111042,20260731T010300Z;20260731T022106Z;20260731T022348Z,Formal certification of a compiler back-end or: programming a compiler with a proof assistant,2006,2006-01-11,10.1145/1111037.1111042,,ACM-SIGACT Symposium on Principles of Programming Languages,opencitations;semanticscholar,10.1145/1111037.1111042;3369e43abcb499eea4d208f2239df00551b8d2dd,CS002,S02,CS002,,included,no,formal_verification,2,title-screen,,,,Keyword score is prioritization only; it is not an eligibility or exclusion decision.
CG0514,doi:10.1145/1411203.1411226,20260731T010300Z;20260731T022348Z,Parametric higher-order abstract syntax for mechanized semantics,2008,2008-09-20,10.1145/1411203.1411226,,ACM SIGPLAN International Conference on Functional Programming,semanticscholar,cf1f92af377a772e7447c10c7d9fdadd72584644,CS010,S14,CS010,,included,no,formal_verification,2,title-screen,,,,Keyword score is prioritization only; it is not an eligibility or exclusion decision.
CG0517,doi:10.1145/143165.143235,20260731T020306Z;20260731T022348Z,Model checking and abstraction,1992,1992-02-01,10.1145/143165.143235,,ACM-SIGACT Symposium on Principles of Programming Languages,semanticscholar,724000c0c9ce41e78393f08b6daec48e33627212,CS030,S44,CS030,,included,no,formal_verification,2,title-screen,,,,Keyword score is prioritization only; it is not an eligibility or exclusion decision.
CG0547,doi:10.1145/1889997.1890001,20260731T010300Z;20260731T020306Z;20260731T022106Z;20260731T022348Z,Mechanically verified proof obligations for linearizability,2011,2011-01,10.1145/1889997.1890001,,TOPL,opencitations;semanticscholar,10.1145/1889997.1890001;a9e49bb7151c36dff50005ed9e5c95e6802b645c,CS014;CS021;CS027;CS030,S19;S31;S38;S44,CS014;CS021;CS030,CS027,included,no,formal_verification,2,title-screen,,,,Keyword score is prioritization only; it is not an eligibility or exclusion decision.
CG0582,doi:10.1145/2491956.2462189,20260731T010300Z;20260731T022106Z;20260731T022348Z,Modular verification of linearizability with non-fixed linearization points,2013,2013-06-16,10.1145/2491956.2462189,,ACM-SIGPLAN Symposium on Programming Language Design and Implementation,opencitations;semanticscholar,10.1145/2491956.2462189;fd9b16a662601a348d26918ec622c0d29365d62f,CS006;CS014;CS022,S07;S19;S33,CS006;CS014;CS022,,included,no,formal_verification,2,title-screen,,,,Keyword score is prioritization only; it is not an eligibility or exclusion decision.
CG0586,doi:10.1145/2535838.2535848,20260731T010300Z;20260731T022106Z;20260731T022348Z,"Replicated data types: specification, verification, optimality",2014,2014-01-08,10.1145/2535838.2535848,,ACM-SIGACT Symposium on Principles of Programming Languages,opencitations;semanticscholar,10.1145/2535838.2535848;c99ed5b3d138e5e437364d8e4c2d8aeca3cc79f3,CS006,S07,CS006,,included,no,formal_verification,2,title-screen,,,,Keyword score is prioritization only; it is not an eligibility or exclusion decision.
CG0591,doi:10.1145/2594291.2594301,20260731T010300Z;20260731T022106Z;20260731T022348Z,End-to-end verification of stack-space bounds for C programs,2014,2014-06-09,10.1145/2594291.2594301,,ACM-SIGPLAN Symposium on Programming Language Design and Implementation,opencitations;semanticscholar,046af23d437d93cc7d03b0df2b773d6fb6f046c3;10.1145/2594291.2594301,CS016;CS023,A27;S35,CS023,CS016,included,no,formal_verification,2,title-screen,,,,Keyword score is prioritization only; it is not an eligibility or exclusion decision.
CG0596,doi:10.1145/2629496,20260731T010300Z;20260731T022106Z;20260731T022348Z,A Sound and Complete Proof Technique for Linearizability of Concurrent Data Structures,2014,2014-08-01,10.1145/2629496,,TOCL,opencitations;semanticscholar,10.1145/2629496;79e1d0ab9a29a51664b494d0b44503952f458d50,CS018;CS021;CS027,S28;S31;S38,CS021,CS018;CS027,included,no,formal_verification,2,title-screen,,,,Keyword score is prioritization only; it is not an eligibility or exclusion decision.
CG0610,doi:10.1145/2737924.2737964,20260731T010300Z;20260731T022348Z,Mechanized verification of fine-grained concurrent programs,2015,2015-06-03,10.1145/2737924.2737964,,ACM-SIGPLAN Symposium on Programming Language Design and Implementation,semanticscholar,03535b4725ded0b0748523ef5249fbf16c9e0026,CS011,S15,CS011,,included,no,formal_verification,2,title-screen,,,,Keyword score is prioritization only; it is not an eligibility or exclusion decision.
CG0619,doi:10.1145/2814270.2814297,20260731T010300Z;20260731T022106Z;20260731T022348Z,SATCheck: SAT-directed stateless model checking for SC and TSO,2015,2015-10-23,10.1145/2814270.2814297,,"Conference on Object-Oriented Programming Systems, Languages, and Applications",opencitations;semanticscholar,10.1145/2814270.2814297;ef777bbb4631ee0b1d4ece36ae452074c2aa2ee4,CS022,S33,CS022,,included,no,formal_verification,2,title-screen,,,,Keyword score is prioritization only; it is not an eligibility or exclusion decision.
CG0643,doi:10.1145/3009837.3009883,20260731T010300Z;20260731T022348Z,Ogre and Pythia: an invariance proof method for weak consistency models,2017,2017-01-01,10.1145/3009837.3009883,,ACM-SIGACT Symposium on Principles of Programming Languages,semanticscholar,f34fc79cc0ec3a3480cecef9eb64dba58bce257c,CS008,S09,CS008,,included,no,formal_verification,2,title-screen,,,,Keyword score is prioritization only; it is not an eligibility or exclusion decision.
CG0651,doi:10.1145/309847.309942,20260731T020306Z;20260731T022348Z,Symbolic model checking using SAT procedures instead of BDDs,1999,1999-06-01,10.1145/309847.309942,,Proceedings - Design Automation Conference,semanticscholar,5765188a3b2100630777bf7069d92e79872f3bb9,CS030,S44,CS030,,included,no,formal_verification,2,title-screen,,,,Keyword score is prioritization only; it is not an eligibility or exclusion decision.
CG0654,doi:10.1145/3158105,20260731T010300Z;20260731T022106Z;20260731T022348Z,Effective stateless model checking for C/C++ concurrency,2017,2017-12-27,10.1145/3158105,,Proc. ACM Program. Lang.,opencitations;semanticscholar,0f26a8a75800c42cc473f467e0590728be3e5d91;10.1145/3158105,CS001;CS003;CS022,S01;S03;S33,CS001;CS003;CS022,,included,no,formal_verification,2,title-screen,,,,Keyword score is prioritization only; it is not an eligibility or exclusion decision.
CG0689,doi:10.1145/3314221.3314609,20260731T010300Z;20260731T022106Z;20260731T022348Z,Model checking for weakly consistent libraries,2019,2019-06-08,10.1145/3314221.3314609,,ACM-SIGPLAN Symposium on Programming Language Design and Implementation,opencitations;semanticscholar,10.1145/3314221.3314609;518652adbfab1c50284a5c3d6ac463ebfefbadb0,CS001;CS007;CS008;CS022,S01;S08;S09;S33,CS001;CS007;CS008;CS022,,included,no,formal_verification,2,title-screen,,,,Keyword score is prioritization only; it is not an eligibility or exclusion decision.
CG0691,doi:10.1145/3314221.3314649,20260731T010300Z;20260731T022348Z,Verification of programs under the release-acquire semantics,2019,2019-06-08,10.1145/3314221.3314649,,ACM-SIGPLAN Symposium on Programming Language Design and Implementation,semanticscholar,db4211e7580d8153ba528fae9f563b54dedb08e2,CS008,S09,CS008,,included,no,formal_verification,2,title-screen,,,,Keyword score is prioritization only; it is not an eligibility or exclusion decision.
CG0694,doi:10.1145/333979.333987,20260731T020306Z;20260731T022348Z,An automata-theoretic approach to branching-time model checking,2000,2000-03-01,10.1145/333979.333987,,JACM,semanticscholar,3ee76e372d54a2b54a2306b1c6bffea720b753c5,CS030,S44,CS030,,included,no,formal_verification,2,title-screen,,,,Keyword score is prioritization only; it is not an eligibility or exclusion decision.
CG0720,doi:10.1145/3428272,20260731T010300Z;20260731T022106Z;20260731T022348Z,Do you have space for dessert? a verified space cost semantics for CakeML programs,2020,2020-11-13,10.1145/3428272,,Proc. ACM Program. Lang.,opencitations;semanticscholar,10.1145/3428272;364c4561bab6a557071e4af2f8e6c3cd09cafaf2,CS019,S29,CS019,,included,no,formal_verification,2,title-screen,,,,Keyword score is prioritization only; it is not an eligibility or exclusion decision.
CG0727,doi:10.1145/3437992.3439930,20260731T010300Z;20260731T022106Z;20260731T022348Z,Contextual refinement of the Michael-Scott queue (proof pearl),2021,2021-01-17,10.1145/3437992.3439930,,Certified Programs and Proofs,opencitations;semanticscholar,10.1145/3437992.3439930;82a64eceb5835bc854a5987a4cdfae135e103e92,CS007;CS019,S08;S29,CS007;CS019,,included,no,formal_verification,2,title-screen,,,,Keyword score is prioritization only; it is not an eligibility or exclusion decision.
CG0735,doi:10.1145/347324.348031,20260731T020306Z;20260731T022348Z,Putting static analysis to work for verification: A case study,2000,2000-08-01,10.1145/347324.348031,,International Symposium on Software Testing and Analysis,semanticscholar,5c5cd59f320d486fda89c4dfd366d12a0507e222,CS030,S44,CS030,,included,no,formal_verification,2,title-screen,,,,Keyword score is prioritization only; it is not an eligibility or exclusion decision.
CG0744,doi:10.1145/3497775.3503677,20260731T010300Z;20260731T022348Z,Specification and verification of a transient stack,2022,2022-01-17,10.1145/3497775.3503677,,Certified Programs and Proofs,semanticscholar,e99bba7a77419ee25b0f5020b01899f4580324ff,CS023,S35,CS023,,included,no,formal_verification,2,title-screen,,,,Keyword score is prioritization only; it is not an eligibility or exclusion decision.
CG0752,doi:10.1145/3519939.3523432,20260731T010300Z;20260731T022106Z;20260731T022348Z,Diaframe: automated verification of fine-grained concurrent programs in Iris,2022,2022-06-09,10.1145/3519939.3523432,,ACM-SIGPLAN Symposium on Programming Language Design and Implementation,opencitations;semanticscholar,10.1145/3519939.3523432;f04a4b557cbecd1b62737cadaea7db03b23eafc1,CS007;CS019,S08;S29,CS007;CS019,,included,no,formal_verification,2,title-screen,,,,Keyword score is prioritization only; it is not an eligibility or exclusion decision.
CG0757,doi:10.1145/3547628,20260731T010300Z;20260731T022348Z,Verified symbolic execution with Kripke specification monads (and no meta-programming),2022,2022-08-29,10.1145/3547628,,Proc. ACM Program. Lang.,semanticscholar,c4801d91aeec1bc7c960bdb55a17ed0eae092c44,CS009,S10,,CS009,included,no,formal_verification,2,title-screen,,,,Keyword score is prioritization only; it is not an eligibility or exclusion decision.
CG0771,doi:10.1145/3586043,20260731T010300Z;20260731T022106Z;20260731T022348Z,Proof Automation for Linearizability in Separation Logic,2023,2023-04-06,10.1145/3586043,,Proc. ACM Program. Lang.,opencitations;semanticscholar,10.1145/3586043;57149f05c538a5b61c661200abe0dceb8ccc1f27,CS006;CS007,S07;S08,CS007,CS006,included,no,formal_verification,2,title-screen,,,,Keyword score is prioritization only; it is not an eligibility or exclusion decision.
CG0804,doi:10.1145/3636501.3636940,20260731T010300Z;20260731T022106Z;20260731T022348Z,Compositional Verification of Concurrent C Programs with Search Structure Templates,2024,2024-01-09,10.1145/3636501.3636940,,Certified Programs and Proofs,opencitations;semanticscholar,10.1145/3636501.3636940;a194bcf17a2b385cbb6f4ba04fa69926ec13c217,CS006,S07,,CS006,included,no,formal_verification,2,title-screen,,,,Keyword score is prioritization only; it is not an eligibility or exclusion decision.
CG0813,doi:10.1145/3689739,20260731T010300Z;20260731T022106Z;20260731T022348Z,Fully Verified Instruction Scheduling,2024,2024-10-08,10.1145/3689739,,Proc. ACM Program. Lang.,opencitations;semanticscholar,10.1145/3689739;8cd361a616cd68102dfc412b732d496ed68ba393,CS014,S19,,CS014,included,no,formal_verification,2,title-screen,,,,Keyword score is prioritization only; it is not an eligibility or exclusion decision.
CG0831,doi:10.1145/3763091,20260731T010300Z;20260731T022106Z;20260731T022348Z,Structural Temporal Logic for Mechanized Program Verification,2025,2025-10-09,10.1145/3763091,2410.14906,Proc. ACM Program. Lang.,opencitations;semanticscholar,10.1145/3763091;72835ba3387fb309a23007363f406e8f57399b80,CS002;CS014,S02;S19,,CS002;CS014,included,no,formal_verification,2,title-screen,,,,Keyword score is prioritization only; it is not an eligibility or exclusion decision.
CG0835,doi:10.1145/3764860.3768337,20260731T010300Z;20260731T022106Z;20260731T022348Z,Modal Verification Patterns for Systems Software,2025,2025-10-13,10.1145/3764860.3768337,2506.01719,PLOS@SOSP,opencitations;semanticscholar,10.1145/3764860.3768337;31900aeed81875da206c399605286fa577269252,CS006,S07,,CS006,included,no,formal_verification,2,title-screen,,,,Keyword score is prioritization only; it is not an eligibility or exclusion decision.
CG0838,doi:10.1145/3776680,20260731T010300Z;20260731T022106Z;20260731T022348Z,Parametrised Verification of Intel-x86 Programs,2026,2026-01-08,10.1145/3776680,,Proc. ACM Program. Lang.,opencitations;semanticscholar,10.1145/3776680;318cc6d61495572ccfbf2c6024a20283485a434c,CS001;CS003,S01;S03,,CS001;CS003,included,no,formal_verification,2,title-screen,,,,Keyword score is prioritization only; it is not an eligibility or exclusion decision.
CG0840,doi:10.1145/3776713,20260731T010300Z;20260731T022106Z;20260731T022348Z,A Verified High-Performance Composable Object Library for Remote Direct Memory Access,2026,2026-01-08,10.1145/3776713,,Proc. ACM Program. Lang.,opencitations;semanticscholar,10.1145/3776713;8da70097f4a2bb001521296cccd34e9664b79b5f,CS022,S33,,CS022,included,no,formal_verification,2,title-screen,,,,Keyword score is prioritization only; it is not an eligibility or exclusion decision.
CG0842,doi:10.1145/3783996,20260731T010300Z;20260731T022106Z;20260731T022348Z,A Brief History of Formal Methods in China,2025,2025-12-18,10.1145/3783996,,Formal Aspects of Computing,opencitations;semanticscholar,10.1145/3783996;d282f0bc3187a47dcfcadfafc177396279702b20,CS014,S19,,CS014,included,no,formal_verification,2,title-screen,,,,Keyword score is prioritization only; it is not an eligibility or exclusion decision.
CG0848,doi:10.1145/3808337,20260731T010300Z;20260731T022348Z,A Verified Parallel Scheduler for OCaml 5,2026,2026-06-08,10.1145/3808337,,Proceedings of the ACM on Programming Languages,semanticscholar,171d81eeb33489490b89d427f516ab7d7e61496f,CS016,A27,,CS016,included,no,formal_verification,2,title-screen,,,,Keyword score is prioritization only; it is not an eligibility or exclusion decision.
CG0853,doi:10.1145/41840.41865,20260731T020306Z;20260731T022348Z,Avoiding the state explosion problem in temporal logic model checking,1987,1987-12-01,10.1145/41840.41865,,ACM SIGACT-SIGOPS Symposium on Principles of Distributed Computing,semanticscholar,3d7a805d4b69ee74fe2214510bebe6982a1af4a2,CS030,S44,CS030,,included,no,formal_verification,2,title-screen,,,,Keyword score is prioritization only; it is not an eligibility or exclusion decision.
CG0856,doi:10.1145/504709.504712,20260731T010300Z;20260731T022348Z,An indexed model of recursive types for foundational proof-carrying code,2001,2001-09-01,10.1145/504709.504712,,TOPL,semanticscholar,eadb9b310be2f99ca6fc1e21f187f2681c0d4868,CS011;CS012,S15;S16,CS011;CS012,,included,no,formal_verification,2,title-screen,,,,Keyword score is prioritization only; it is not an eligibility or exclusion decision.
CG0859,doi:10.1145/5397.5399,20260731T020306Z;20260731T022348Z,Automatic verification of finite-state concurrent systems using temporal logic specifications,1986,1986-04-01,10.1145/5397.5399,,ACM Transactions on Programming Languages and Systems,semanticscholar,8b007f9bb907620e2dabda17ae09d8d239e7ff44,CS030,S44,CS030,,included,no,formal_verification,2,title-screen,,,,Keyword score is prioritization only; it is not an eligibility or exclusion decision.
CG0877,doi:10.1145/876638.876643,20260731T020306Z;20260731T022348Z,Counterexample-guided abstraction refinement for symbolic model checking,2003,2003-09-01,10.1145/876638.876643,,JACM,semanticscholar,d859b6698969b788bd25bc2abd96e6e57e341bea,CS030,S44,CS030,,included,no,formal_verification,2,title-screen,,,,Keyword score is prioritization only; it is not an eligibility or exclusion decision.
CG0887,doi:10.14279/tuj.eceasst.53.795,20260731T010300Z;20260731T022348Z,Proving Linearizability of Multiset with Local Proof Obligations,2013,2013-01-28,10.14279/tuj.eceasst.53.795,,Electronic Communication of The European Association of Software Science and Technology,semanticscholar,9520840c765396c4b92cb7af0b4d539719bd0656,CS018;CS027,S28;S38,,CS018;CS027,included,no,formal_verification,2,title-screen,,,,Keyword score is prioritization only; it is not an eligibility or exclusion decision.
CG0891,doi:10.17863/cam.11791,20260731T010300Z;20260731T022348Z,Concurrent verification for sequential programs,2013,2013-07-09,10.17863/cam.11791,,,semanticscholar,da862cbd5d3c7a91add858bc2b59d282e8c37701,CS009,S10,,CS009,included,no,formal_verification,2,title-screen,,,,Keyword score is prioritization only; it is not an eligibility or exclusion decision.
CG0892,doi:10.18154/rwth-2017-08297,20260731T010300Z;20260731T022348Z,Industrial Applications of Probabilistic Model Checking- A Model-based Approach for Embedded Networked Systems and Concurrent Data Structures -,2017,,10.18154/rwth-2017-08297,,,semanticscholar,8b6e8a760a74f3e8c7d4bf2f47938c328aec3243,CS018,S28,,CS018,included,no,formal_verification,2,title-screen,,,,Keyword score is prioritization only; it is not an eligibility or exclusion decision.
CG0894,doi:10.20868/upm.thesis.37874,20260731T010300Z;20260731T022348Z,Formal Verification of Temporal Properties for Parametrized Concurrent Programs and Concurrent Data Structures,2015,2015-09-25,10.20868/upm.thesis.37874,,,semanticscholar,9d5cfcc5fc01c23b33dfe6a134a18a9255b3e7cd,CS009,S10,,CS009,included,no,formal_verification,2,title-screen,,,,Keyword score is prioritization only; it is not an eligibility or exclusion decision.
CG0899,doi:10.2168/lmcs-5(2:12)2009,20260731T020306Z;20260731T022348Z,Simulating Reachability Using First-Order Logic with Applications to Verification of Linked Data Structures,2005,2005-07-22,10.2168/lmcs-5(2:12)2009,0904.4902,CADE,semanticscholar,7e4084f8986b195b370524811a019577719bf8b5,CS030,S44,CS030,,included,no,formal_verification,2,title-screen,,,,Keyword score is prioritization only; it is not an eligibility or exclusion decision.
CG0914,doi:10.31274/etd-180810-4603,20260731T010300Z;20260731T022348Z,Formal foundations for hybrid effect analysis,2016,,10.31274/etd-180810-4603,,,semanticscholar,6adf7d93d09fa28824bb5d65c95f17b6252e1b06,CS009,S10,,CS009,included,no,formal_verification,2,title-screen,,,,Keyword score is prioritization only; it is not an eligibility or exclusion decision.
CG0932,doi:10.4230/lipics.ecoop.2015.639,20260731T010300Z;20260731T022348Z,Modular Verification of Finite Blocking in Non-terminating Programs,2015,,10.4230/lipics.ecoop.2015.639,,European Conference on Object-Oriented Programming,semanticscholar,15fef642b8e86244f94eda8a284554ea6b7c3eba,CS009;CS011,S10;S15,CS011,CS009,included,no,formal_verification,2,title-screen,,,,Keyword score is prioritization only; it is not an eligibility or exclusion decision.
CG0939,doi:10.4230/lipics.ecoop.2023.19,20260731T010300Z;20260731T022348Z,Exact Separation Logic: Towards Bridging the Gap Between Verification and Bug-Finding,2022,2022-08-15,10.4230/lipics.ecoop.2023.19,2208.07200,European Conference on Object-Oriented Programming,semanticscholar,0e66ad9d80836240f15b10aef748fa4c872a044e,CS013,S17,,CS013,included,no,formal_verification,2,title-screen,,,,Keyword score is prioritization only; it is not an eligibility or exclusion decision.
CG0940,doi:10.4230/lipics.ecoop.2023.22,20260731T010300Z;20260731T022348Z,Modular Verification of State-Based CRDTs in Separation Logic,2023,,10.4230/lipics.ecoop.2023.22,,European Conference on Object-Oriented Programming,semanticscholar,ad559be53cc3c48a0151aa01a220deea090c73c8,CS006,S07,,CS006,included,no,formal_verification,2,title-screen,,,,Keyword score is prioritization only; it is not an eligibility or exclusion decision.
CG0951,doi:10.5381/jot.2026.25.1.a4,20260731T010300Z;20260731T022348Z,VeriFast's separation logic: a logic without laters for modular verification of fine-grained concurrent programs,2025,2025-05-07,10.5381/jot.2026.25.1.a4,2505.04500,Journal of Object Technology,semanticscholar,6d79593c78f89cd93ec04c6fc5366650297d7cfb,CS010,S14,,CS010,included,no,formal_verification,2,title-screen,,,,Keyword score is prioritization only; it is not an eligibility or exclusion decision.
CG0962,s2:14277adc06727b66b59f208c2f481b5fb62caf39,20260731T010300Z;20260731T022348Z,Armed Cats: formal concurrency modelling at Arm,2023,,,,,semanticscholar,14277adc06727b66b59f208c2f481b5fb62caf39,CS004,S05,CS004,,included,no,formal_verification,2,title-screen,,,,Keyword score is prioritization only; it is not an eligibility or exclusion decision.
CG0965,s2:1b6de0dbdbcc79501da0a0c16dd2005a04861368,20260731T020306Z;20260731T022348Z,Software Tools for Technology Transfer manuscript No. (will be inserted by the editor) Parallel and Distributed Model Checking in Eddy ⋆,,,,,,semanticscholar,1b6de0dbdbcc79501da0a0c16dd2005a04861368,CS030,S44,CS030,,unknown-date,no,formal_verification,2,manual-date-check,,,,Keyword score is prioritization only; it is not an eligibility or exclusion decision.
CG0970,s2:1fa4f25ac3bfbe672ae9310c02ed0deaf93a6ed6,20260731T010300Z;20260731T022348Z,Decision procedures for the temporal verification of concurrent data structures,2011,,,,,semanticscholar,1fa4f25ac3bfbe672ae9310c02ed0deaf93a6ed6,CS009,S10,,CS009,included,no,formal_verification,2,title-screen,,,,Keyword score is prioritization only; it is not an eligibility or exclusion decision.
CG0972,s2:25830ed2e57ad2e5e41aa0aa440d4bebd7aec79c,20260731T020306Z;20260731T022348Z,Modular fine-grained concurrency verification,2008,,,,,semanticscholar,25830ed2e57ad2e5e41aa0aa440d4bebd7aec79c,CS030,S44,CS030,,included,no,formal_verification,2,title-screen,,,,Keyword score is prioritization only; it is not an eligibility or exclusion decision.
CG0978,s2:2d464a9ba66e16392da8922328a511f3b129558a,20260731T020306Z;20260731T022348Z,Symbolic model checking: 1020 states and beyond,1989,,,,Logic in Computer Science,semanticscholar,2d464a9ba66e16392da8922328a511f3b129558a,CS030,S44,CS030,,included,no,formal_verification,2,title-screen,,,,Keyword score is prioritization only; it is not an eligibility or exclusion decision.
CG0979,s2:2fff5a0da495638b70dbecfb13f10030b6a57f48,20260731T010300Z;20260731T022348Z,Data Refinement: Model-oriented Proof Theories and their Comparison,1998,,,,Cambridge Tracts in Theoretical Computer Science,semanticscholar,2fff5a0da495638b70dbecfb13f10030b6a57f48,CS008,S09,CS008,,included,no,formal_verification,2,title-screen,,,,Keyword score is prioritization only; it is not an eligibility or exclusion decision.
CG0981,s2:38f75aafbcd2aa854b1c3df3007fa89ea1090854,20260731T020306Z;20260731T022348Z,"Systems and Software Verification, Model-Checking Techniques and Tools",2001,2001-06-20,,,,semanticscholar,38f75aafbcd2aa854b1c3df3007fa89ea1090854,CS030,S44,CS030,,included,no,formal_verification,2,title-screen,,,,Keyword score is prioritization only; it is not an eligibility or exclusion decision.
CG0984,s2:3df0ab740c674dfd92e57376e9c0c5ab58f84e0e,20260731T020306Z;20260731T022348Z,The SPIN Model Checker : Primer and Reference Manual,2004,2004-03-25,,,,semanticscholar,3df0ab740c674dfd92e57376e9c0c5ab58f84e0e,CS030,S44,CS030,,included,no,formal_verification,2,title-screen,,,,Keyword score is prioritization only; it is not an eligibility or exclusion decision.
CG0993,s2:5808d216164a216bb1c94f184920ace13017abc6,20260731T010300Z;20260731T022348Z,Viper A Verification Infrastructure for Permission-Based Reasoning,2014,,,,,semanticscholar,5808d216164a216bb1c94f184920ace13017abc6,CS007,S08,CS007,,included,no,formal_verification,2,title-screen,,,,Keyword score is prioritization only; it is not an eligibility or exclusion decision.
CG1002,s2:6a93fb1bc6b192555da3768f1a98aeab83f2ac9b,20260731T010300Z;20260731T022348Z,5th International Verification Workshop - VERIFY'08,2008,2008-08-10,,,,semanticscholar,6a93fb1bc6b192555da3768f1a98aeab83f2ac9b,CS009,S10,,CS009,included,no,formal_verification,2,title-screen,,,,Keyword score is prioritization only; it is not an eligibility or exclusion decision.
CG1007,s2:74c216da772e8c43d23db7891d96460125605a39,20260731T020306Z;20260731T022348Z,Property-guided verification of concurrent heap-manipulating programs,2004,,,,,semanticscholar,74c216da772e8c43d23db7891d96460125605a39,CS030,S44,CS030,,included,no,formal_verification,2,title-screen,,,,Keyword score is prioritization only; it is not an eligibility or exclusion decision.
CG1013,s2:7abdd30f3bf47606d64352121b0fcd2686054ca3,20260731T020306Z;20260731T022348Z,LTL Model Checking for Systems with Unbounded Number of Dynamically Created Threads and Objects,2001,,,,,semanticscholar,7abdd30f3bf47606d64352121b0fcd2686054ca3,CS030,S44,CS030,,included,no,formal_verification,2,title-screen,,,,Keyword score is prioritization only; it is not an eligibility or exclusion decision.
CG1022,s2:8de3adb2d4548b3bf59808c18c2da8884cffdb6d,20260731T010300Z;20260731T022348Z,Mechanized Verification of the Correctness and Asymptotic Complexity of Programs. (Vérification mécanisée de la correction et complexité asymptotique de programmes),2019,2019-12-16,,,,semanticscholar,8de3adb2d4548b3bf59808c18c2da8884cffdb6d,CS016,A27,,CS016,included,no,formal_verification,2,title-screen,,,,Keyword score is prioritization only; it is not an eligibility or exclusion decision.
CG1025,s2:926c7e86ff6995c0697b51f172bc37f6bb3c3b46,20260731T020306Z;20260731T022348Z,An Automata-Theoretic Approach to Automatic Program Verification (Preliminary Report),1986,,,,Logic in Computer Science,semanticscholar,926c7e86ff6995c0697b51f172bc37f6bb3c3b46,CS030,S44,CS030,,included,no,formal_verification,2,title-screen,,,,Keyword score is prioritization only; it is not an eligibility or exclusion decision.
CG1027,s2:95a7ba7e7d8c50b466b22116a544b8bf632ffcfb,20260731T010300Z;20260731T022348Z,Model Checking for Stability Analysis in Rely-Guarantee Proofs,2008,,,,VERIFY,semanticscholar,95a7ba7e7d8c50b466b22116a544b8bf632ffcfb,CS009,S10,,CS009,included,no,formal_verification,2,title-screen,,,,Keyword score is prioritization only; it is not an eligibility or exclusion decision.
CG1029,s2:9b406452109d22e745b0958b11e5ef228561d4f3,20260731T010300Z;20260731T022348Z,"GoJournal: a verified, concurrent, crash-safe journaling system",2021,,,,USENIX Symposium on Operating Systems Design and Implementation,semanticscholar,9b406452109d22e745b0958b11e5ef228561d4f3,CS026,S27,CS026,,included,no,formal_verification,2,title-screen,,,,Keyword score is prioritization only; it is not an eligibility or exclusion decision.
CG1041,s2:b0b5236f0b62c368bcde6cb588a02567afeebbf7,20260731T020306Z;20260731T022348Z,Shape Predicates Allow Unbounded Verification of Linearizability Using Canonical Abstraction,2014,2014-01-20,,,Australasian Computer Science Conference,semanticscholar,b0b5236f0b62c368bcde6cb588a02567afeebbf7,CS030,S44,,CS030,included,no,formal_verification,2,title-screen,,,,Keyword score is prioritization only; it is not an eligibility or exclusion decision.
CG1042,s2:b0bddb28b66026be533ddb63b3e1574c97378355,20260731T010300Z;20260731T022348Z,Foundational and Compositional Verification of Layered Concurrent Objects,,,,,,semanticscholar,b0bddb28b66026be533ddb63b3e1574c97378355,CS007;CS027,S08;S38,,CS007;CS027,unknown-date,no,formal_verification,2,manual-date-check,,,,Keyword score is prioritization only; it is not an eligibility or exclusion decision.
CG1046,s2:b824c38819f67f9a9d2e2e77e2767be340221173,20260731T020306Z;20260731T022348Z,The Complexity of Temporal Logic Model Checking,2002,,,,Advances in Modal Logic,semanticscholar,b824c38819f67f9a9d2e2e77e2767be340221173,CS030,S44,CS030,,included,no,formal_verification,2,title-screen,,,,Keyword score is prioritization only; it is not an eligibility or exclusion decision.
CG1053,s2:d2ac69c4626d5081ca399770b4eaa7759dcf5416,20260731T020306Z;20260731T022348Z,Formal Verification of Scalable NonZero Indicators,2009,2009-07-30,,,International Conference on Software Engineering and Knowledge Engineering,semanticscholar,d2ac69c4626d5081ca399770b4eaa7759dcf5416,CS030,S44,CS030,,included,no,formal_verification,2,title-screen,,,,Keyword score is prioritization only; it is not an eligibility or exclusion decision.
CG1059,s2:e18daa1c33702ab0f59da63729c0067992474319,20260731T010300Z;20260731T022348Z,Refinement Verification of Concurrent Programs and Its Applications,2014,,,,,semanticscholar,e18daa1c33702ab0f59da63729c0067992474319,CS029,S42,,CS029,included,no,formal_verification,2,title-screen,,,,Keyword score is prioritization only; it is not an eligibility or exclusion decision.
CG1062,s2:e9fe69ab0651b66673bbd8c844b4b886b9a10c6e,20260731T010300Z;20260731T022348Z,Under Consideration for Publication in Formal Aspects of Computing Proving Linearizability with Temporal Logic,,,,,,semanticscholar,e9fe69ab0651b66673bbd8c844b4b886b9a10c6e,CS027,S38,,CS027,unknown-date,no,formal_verification,2,manual-date-check,,,,Keyword score is prioritization only; it is not an eligibility or exclusion decision.
CG1066,s2:f1269591359fddc20f95da10c7bd4c054080b447,20260731T010300Z;20260731T020306Z;20260731T020357Z;20260731T021519Z;20260731T022348Z,Principles of model checking,2008,2008-04-25,,,,semanticscholar,f1269591359fddc20f95da10c7bd4c054080b447,CS002;CS030;CS031,S02;S44;S45,CS002;CS030;CS031,,included,no,formal_verification,2,title-screen,,,,Keyword score is prioritization only; it is not an eligibility or exclusion decision.
CG1075,unknown:semanticscholar:cs001:references:0:47,20260731T010300Z;20260731T022348Z,Coq proof scripts and supplementary material for this paper (enclosed with submission),,,,,Supp 2020,semanticscholar,,CS001,S01,CS001,,unknown-date,no,formal_verification,2,manual-date-check,,,,Keyword score is prioritization only; it is not an eligibility or exclusion decision.
CG1128,unknown:semanticscholar:cs012:references:0:43,20260731T010300Z;20260731T022348Z,Vardi . “ Program verification : vision and reality ”,,,,,,semanticscholar,,CS012,S16,CS012,,unknown-date,no,formal_verification,2,manual-date-check,,,,Keyword score is prioritization only; it is not an eligibility or exclusion decision.
CG1141,unknown:semanticscholar:cs023:references:0:57,20260731T010300Z;20260731T022348Z,2025. Formally Verified Cost of the Parallel Prefix Sum Algorithm,,,,,cs.cmu.edu/ ~runmingl/student/zhou-scan.pdf,semanticscholar,,CS023,S35,CS023,,unknown-date,no,formal_verification,2,manual-date-check,,,,Keyword score is prioritization only; it is not an eligibility or exclusion decision.
CG1142,unknown:semanticscholar:cs026:references:0:24,20260731T010300Z;20260731T022348Z,2023b. Spirea: A Mechanized Concurrent Separation Logic for Weak Persistent Memory (Extended With Appendix),2023,,,,iris-project,semanticscholar,,CS026,S27,CS026,,included,no,formal_verification,2,title-screen,,,,Keyword score is prioritization only; it is not an eligibility or exclusion decision.
CG1155,unknown:semanticscholar:cs028:references:0:49,20260731T010300Z;20260731T022348Z,We instantiate our proof rules to derive a novel proof rule for parameterized systems,,,,,automates reasoning about the unboundedly many threads of parameterized systems (Sect. 3.5),semanticscholar,,CS028,S40,CS028,,unknown-date,no,formal_verification,2,manual-date-check,,,,Keyword score is prioritization only; it is not an eligibility or exclusion decision.
CG1156,unknown:semanticscholar:cs030:references:0:176,20260731T020306Z;20260731T022348Z,"Years of Model Checking: History, Achievements, Perspectives, volume 5000 of Lecture",2008,,,,"Notes in Computer Science,",semanticscholar,,CS030,S44,CS030,,included,no,formal_verification,2,title-screen,,,,Keyword score is prioritization only; it is not an eligibility or exclusion decision.
CG0017,arxiv:2311.15250,20260731T010300Z;20260731T022348Z,"Rely/Guarantee, Refinement and the ABA Problem: Part 1",2023,2023-11-26,10.48550/arxiv.2311.15250,2311.15250,arXiv.org,semanticscholar,3cd995eb653ab66872279de1402883d37b6280ae,CS027,S38,,CS027,included,no,reclamation_or_aba,1,title-screen,,,,Keyword score is prioritization only; it is not an eligibility or exclusion decision.
CG0275,doi:10.1007/978-3-642-37036-6_15,20260731T010300Z;20260731T022106Z;20260731T022348Z,Verifying Concurrent Memory Reclamation Algorithms with Grace,2013,2013-03-16,10.1007/978-3-642-37036-6_15,,European Symposium on Programming,opencitations;semanticscholar,10.1007/978-3-642-37036-6_15;eee2a770af3ca6a88124b0a618114c258a92b9a0,CS018;CS019,S28;S29,CS019,CS018,included,no,reclamation_or_aba,1,title-screen,,,,Keyword score is prioritization only; it is not an eligibility or exclusion decision.
CG0876,doi:10.1145/872035.872078,20260731T020306Z;20260731T022348Z,Efficient and practical constructions of LL/SC variables,2003,2003-07-13,10.1145/872035.872078,,ACM SIGACT-SIGOPS Symposium on Principles of Distributed Computing,semanticscholar,b51264373e2719628e263ef545966d47cdb2ce19,CS030,S44,CS030,,included,no,compare_exchange_or_cas,1,title-screen,,,,Keyword score is prioritization only; it is not an eligibility or exclusion decision.
CG0001,arxiv:1212.5116,20260731T010300Z;20260731T022348Z,Proving linearisability via coarse-grained abstraction,2012,2012-12-20,,1212.5116,arXiv.org,semanticscholar,73679fa4c326ccd7b608c3eab1f82cf90bb56d02,CS024;CS025,A29;A30,,CS024;CS025,included,no,,0,title-screen,,,,Keyword score is prioritization only; it is not an eligibility or exclusion decision.
CG0002,arxiv:1410.6268,20260731T010300Z;20260731T020306Z;20260731T022348Z,Verifying linearizability: A comparative survey,2014,2014-10-23,,1410.6268,arXiv.org,semanticscholar,3869c2c796062898073d47163ab33804040d32a7,CS009;CS018;CS030,S10;S28;S44,,CS009;CS018;CS030,included,no,,0,title-screen,,,,Keyword score is prioritization only; it is not an eligibility or exclusion decision.
CG0003,arxiv:1512.09186,20260731T020306Z;20260731T022348Z,Collapsing Threads Safely with Soft Invariants,2015,2015-12-31,,1512.09186,arXiv.org,semanticscholar,04167934e335cf8190773967c28fa4b422f44531,CS030,S44,,CS030,included,no,,0,title-screen,,,,Keyword score is prioritization only; it is not an eligibility or exclusion decision.
CG0004,arxiv:1606.01400,20260731T010300Z;20260731T022348Z,Operational Aspects of C/C++ Concurrency,2016,2016-06-04,,1606.01400,arXiv.org,semanticscholar,e6126481b828526ab8d1b010d1491fbe46025365,CS006;CS008,S07;S09,CS006;CS008,,included,no,,0,title-screen,,,,Keyword score is prioritization only; it is not an eligibility or exclusion decision.
CG0006,arxiv:1609.07546,20260731T010300Z;20260731T022348Z,Proving Linearizability via Branching Bisimulation,2016,2016-09-24,,1609.07546,arXiv.org,semanticscholar,997fc9f3a91e565e2a884e0d5374e954d96bb6df,CS029,S42,,CS029,included,no,,0,title-screen,,,,Keyword score is prioritization only; it is not an eligibility or exclusion decision.
CG0007,arxiv:1701.06104,20260731T010300Z;20260731T022348Z,Verifying Concurrent Stacks by Divergence-Sensitive Bisimulation,2017,2017-01-21,,1701.06104,arXiv.org,semanticscholar,83a97adeab3665d291cb4319f13dbc6795e9289c,CS029,S42,,CS029,included,no,,0,title-screen,,,,Keyword score is prioritization only; it is not an eligibility or exclusion decision.
CG0011,arxiv:2206.01784,20260731T010300Z;20260731T022348Z,Onesweep: A Faster Least Significant Digit Radix Sort for GPUs,2022,2022-06-03,10.48550/arxiv.2206.01784,2206.01784,arXiv.org,semanticscholar,753123ced1252730f4c0dbd86c9727655783ca3f,CS004,S05,CS004,,included,no,,0,title-screen,,,,Keyword score is prioritization only; it is not an eligibility or exclusion decision.
CG0012,arxiv:2208.00315,20260731T010300Z;20260731T022348Z,Implementing and Verifying Release-Acquire Transactional Memory (Extended Version),2022,2022-07-30,10.48550/arxiv.2208.00315,2208.00315,arXiv.org,semanticscholar,36ab7f598b92ffcfd79dfab7b2c8eeef7fa76730,CS001;CS006;CS008,S01;S07;S09,,CS001;CS006;CS008,included,no,,0,title-screen,,,,Keyword score is prioritization only; it is not an eligibility or exclusion decision.
CG0015,arxiv:2306.01614,20260731T010300Z;20260731T022348Z,Specifying and Verifying Persistent Libraries,2023,2023-06-02,10.48550/arxiv.2306.01614,2306.01614,European Symposium on Programming,semanticscholar,a96846b9fa36a90563ab6187d912d0ea9a0a42d3,CS006,S07,,CS006,included,no,,0,title-screen,,,,Keyword score is prioritization only; it is not an eligibility or exclusion decision.
CG0018,arxiv:2311.17037,20260731T010300Z;20260731T022348Z,Concurrent Stochastic Lossy Channel Games,2023,2023-11-28,10.48550/arxiv.2311.17037,2311.17037,Annual Conference for Computer Science Logic,semanticscholar,803f06c34e661a728a0596ec42b0931585de2631,CS001,S01,,CS001,included,no,,0,title-screen,,,,Keyword score is prioritization only; it is not an eligibility or exclusion decision.
CG0019,arxiv:2312.15379,20260731T010300Z;20260731T022348Z,A flexible specification approach for verifying total correctness of fine-grained concurrent modules,2023,2023-12-24,,2312.15379,,semanticscholar,9fffe361d3f9fa72b4823331e95408c6bbc48f90,CS011,S15,CS011,,included,no,,0,title-screen,,,,Keyword score is prioritization only; it is not an eligibility or exclusion decision.
CG0023,arxiv:2502.03320,20260731T010300Z;20260731T022348Z,Complementing an imperative process algebra with a rely/guarantee logic,2025,2025-02-05,10.48550/arxiv.2502.03320,2502.03320,arXiv.org,semanticscholar,15af0e5b233614646e9b61f9fcd452b0b395438d,CS009,S10,,CS009,included,no,,0,title-screen,,,,Keyword score is prioritization only; it is not an eligibility or exclusion decision.
CG0024,arxiv:2507.04298,20260731T010300Z;20260731T022348Z,CCR 2.0: High-level Reasoning for Conditional Refinements,2025,2025-07-06,10.48550/arxiv.2507.04298,2507.04298,arXiv.org,semanticscholar,399513a004a9ce8ecb8ea7bbbee2d2a92bb98931,CS014,S19,,CS014,included,no,,0,title-screen,,,,Keyword score is prioritization only; it is not an eligibility or exclusion decision.
CG0025,arxiv:2601.11836,20260731T010300Z;20260731T022348Z,Trace Validation of Unmodified Concurrent Systems with OmniLink,2026,2026-01-16,10.48550/arxiv.2601.11836,2601.11836,arXiv.org,semanticscholar,887c1d68265585c05fb4b58c062580e5c6335aad,CS022,S33,,CS022,included,no,,0,title-screen,,,,Keyword score is prioritization only; it is not an eligibility or exclusion decision.
CG0030,arxiv:2607.12642,20260731T010300Z;20260731T022348Z,Building Extensible Program Logics through Effect Handlers,2026,2026-07-14,,2607.12642,,semanticscholar,e1725312b1edc33d6ebe9b5a38c3491cfce76c3e,CS006,S07,,CS006,included,no,,0,title-screen,,,,Keyword score is prioritization only; it is not an eligibility or exclusion decision.
CG0032,doi:10.1002/cpe.3928,20260731T010300Z;20260731T022106Z;20260731T022348Z,Testing for linearizability,2017,2017-02-25,10.1002/cpe.3928,,Concurrency and Computation,opencitations;semanticscholar,10.1002/cpe.3928;5fbff85af05714be32d463afcfc61850d6118276,CS022,S33,CS022,,included,no,,0,title-screen,,,,Keyword score is prioritization only; it is not an eligibility or exclusion decision.
CG0034,doi:10.1002/malq.19630090502,20260731T020306Z;20260731T022348Z,Semantical Analysis of Modal Logic I Normal Modal Propositional Calculi,1963,,10.1002/malq.19630090502,,,semanticscholar,aff9260de8b81381e9dab39c13f8946bb27ac9c3,CS030,S44,CS030,,included,no,,0,title-screen,,,,Keyword score is prioritization only; it is not an eligibility or exclusion decision.
CG0035,doi:10.1006/inco.1995.1134,20260731T010300Z;20260731T020306Z;20260731T022106Z;20260731T022348Z,Forward and Backward Simulations: I. Untimed Systems,1995,1995-09-01,10.1006/inco.1995.1134,,Information and Computation,opencitations;semanticscholar,10.1006/inco.1995.1134;1ccb3109b4ec5e18db55aa397cb052b5463becfa,CS021;CS030,S31;S44,CS021;CS030,,included,no,,0,title-screen,,,,Keyword score is prioritization only; it is not an eligibility or exclusion decision.
CG0036,doi:10.1006/inco.1996.0056,20260731T010300Z;20260731T022106Z,,,,10.1006/inco.1996.0056,,,opencitations,10.1006/inco.1996.0056,CS009,S10,CS009,,unknown-date,no,,0,manual-date-check,,,,Keyword score is prioritization only; it is not an eligibility or exclusion decision.
CG0037,doi:10.1006/inco.1996.0083,20260731T020306Z;20260731T022106Z,,,,10.1006/inco.1996.0083,,,opencitations,10.1006/inco.1996.0083,CS031,S45,CS031,,unknown-date,no,,0,manual-date-check,,,,Keyword score is prioritization only; it is not an eligibility or exclusion decision.
CG0038,doi:10.1006/inco.2001.3085,20260731T010300Z;20260731T022106Z,,,,10.1006/inco.2001.3085,,,opencitations,10.1006/inco.2001.3085,CS014,S19,CS014,,unknown-date,no,,0,manual-date-check,,,,Keyword score is prioritization only; it is not an eligibility or exclusion decision.
CG0039,doi:10.1006/jpdc.1996.0107,20260731T010300Z;20260731T022106Z,,,,10.1006/jpdc.1996.0107,,,opencitations,10.1006/jpdc.1996.0107,CS019,S29,CS019,,unknown-date,no,,0,manual-date-check,,,,Keyword score is prioritization only; it is not an eligibility or exclusion decision.
CG0040,doi:10.1006/jpdc.1998.1446,20260731T010300Z;20260731T022106Z,,,,10.1006/jpdc.1998.1446,,,opencitations,10.1006/jpdc.1998.1446,CS024;CS025;CS027,A29;A30;S38,CS024;CS025;CS027,,unknown-date,no,,0,manual-date-check,,,,Keyword score is prioritization only; it is not an eligibility or exclusion decision.
CG0041,doi:10.1007/1-4020-3532-2_8,20260731T020306Z;20260731T022348Z,On the Utility of Canonical Abstraction,2005,,10.1007/1-4020-3532-2_8,,,semanticscholar,db45224854347d98fefbdc1299fe031278f014fa,CS030,S44,CS030,,included,no,,0,title-screen,,,,Keyword score is prioritization only; it is not an eligibility or exclusion decision.
CG0044,doi:10.1007/11513988_50,20260731T020306Z;20260731T022348Z,Abstraction Refinement via Inductive Learning,2005,2005-07-06,10.1007/11513988_50,,International Conference on Computer Aided Verification,semanticscholar,a189feee3dee8cbe1443effdb04205c4dd7945a0,CS030,S44,CS030,,included,no,,0,title-screen,,,,Keyword score is prioritization only; it is not an eligibility or exclusion decision.
CG0046,doi:10.1007/11531142_26,20260731T010300Z;20260731T022106Z,,,,10.1007/11531142_26,,,opencitations,10.1007/11531142_26,CS014,S19,CS014,,unknown-date,no,,0,manual-date-check,,,,Keyword score is prioritization only; it is not an eligibility or exclusion decision.
CG0047,doi:10.1007/11547662_7,20260731T010300Z;20260731T022106Z,,,,10.1007/11547662_7,,,opencitations,10.1007/11547662_7,CS019,S29,CS019,,unknown-date,no,,0,manual-date-check,,,,Keyword score is prioritization only; it is not an eligibility or exclusion decision.
CG0048,doi:10.1007/11561071_31,20260731T010300Z;20260731T022106Z,,,,10.1007/11561071_31,,,opencitations,10.1007/11561071_31,CS029,S42,CS029,,unknown-date,no,,0,manual-date-check,,,,Keyword score is prioritization only; it is not an eligibility or exclusion decision.
CG0049,doi:10.1007/11561927_8,20260731T010300Z;20260731T022106Z,,,,10.1007/11561927_8,,,opencitations,10.1007/11561927_8,CS029,S42,CS029,,unknown-date,no,,0,manual-date-check,,,,Keyword score is prioritization only; it is not an eligibility or exclusion decision.
CG0050,doi:10.1007/11693024_3,20260731T010300Z;20260731T022106Z,,,,10.1007/11693024_3,,,opencitations,10.1007/11693024_3,CS019,S29,CS019,,unknown-date,no,,0,manual-date-check,,,,Keyword score is prioritization only; it is not an eligibility or exclusion decision.
CG0051,doi:10.1007/11783596_11,20260731T010300Z;20260731T022106Z,,,,10.1007/11783596_11,,,opencitations,10.1007/11783596_11,CS024,A29,CS024,,unknown-date,no,,0,manual-date-check,,,,Keyword score is prioritization only; it is not an eligibility or exclusion decision.
CG0053,doi:10.1007/11795490_3,20260731T010300Z;20260731T022106Z,,,,10.1007/11795490_3,,,opencitations,10.1007/11795490_3,CS014,S19,CS014,,unknown-date,no,,0,manual-date-check,,,,Keyword score is prioritization only; it is not an eligibility or exclusion decision.
CG0054,doi:10.1007/11817949_16,20260731T010300Z;20260731T022348Z,A New Type System for Deadlock-Free Processes,2006,2006-08-27,10.1007/11817949_16,,International Conference on Concurrency Theory,semanticscholar,7137ad38b8a652ace4a07c5fe51b8c151a28f950,CS011,S15,CS011,,included,no,,0,title-screen,,,,Keyword score is prioritization only; it is not an eligibility or exclusion decision.
CG0055,doi:10.1007/11817963_35,20260731T010300Z;20260731T022106Z,,,,10.1007/11817963_35,,,opencitations,10.1007/11817963_35,CS009,S10,CS009,,unknown-date,no,,0,manual-date-check,,,,Keyword score is prioritization only; it is not an eligibility or exclusion decision.
CG0056,doi:10.1007/11817963_44,20260731T010300Z;20260731T022106Z,,,,10.1007/11817963_44,,,opencitations,10.1007/11817963_44,CS024,A29,CS024,,unknown-date,no,,0,manual-date-check,,,,Keyword score is prioritization only; it is not an eligibility or exclusion decision.
CG0058,doi:10.1007/11864219_11,20260731T020306Z;20260731T022348Z,Checking a Multithreaded Algorithm with +CAL,2006,2006-09-18,10.1007/11864219_11,,International Symposium on Distributed Computing,semanticscholar,1abb5e02460016cd1791b142ae5eec4461f85449,CS030,S44,CS030,,included,no,,0,title-screen,,,,Keyword score is prioritization only; it is not an eligibility or exclusion decision.
CG0061,doi:10.1007/3-540-10003-2_69,20260731T020306Z;20260731T022348Z,Characterizing Correctness Properties of Parallel Programs Using Fixpoints,1980,1980-07-14,10.1007/3-540-10003-2_69,,"International Colloquium on Automata, Languages and Programming",semanticscholar,875ca36da0c1408500bc3004c03699efd809ad7c,CS030,S44,CS030,,included,no,,0,title-screen,,,,Keyword score is prioritization only; it is not an eligibility or exclusion decision.
CG0063,doi:10.1007/3-540-10828-9_61,20260731T010300Z;20260731T022106Z,,,,10.1007/3-540-10828-9_61,,,opencitations,10.1007/3-540-10828-9_61,CS003,S03,CS003,,unknown-date,no,,0,manual-date-check,,,,Keyword score is prioritization only; it is not an eligibility or exclusion decision.
CG0066,doi:10.1007/3-540-16042-6_21,20260731T010300Z;20260731T022106Z,,,,10.1007/3-540-16042-6_21,,,opencitations,10.1007/3-540-16042-6_21,CS014,S19,CS014,,unknown-date,no,,0,manual-date-check,,,,Keyword score is prioritization only; it is not an eligibility or exclusion decision.
CG0067,doi:10.1007/3-540-16442-1_14,20260731T020306Z;20260731T022348Z,Data Refinement Refined,1986,1986-03-17,10.1007/3-540-16442-1_14,,European Symposium on Programming,semanticscholar,af22fa2b2f95f75be231a958f545026b5f621b92,CS030,S44,CS030,,included,no,,0,title-screen,,,,Keyword score is prioritization only; it is not an eligibility or exclusion decision.
CG0068,doi:10.1007/3-540-16780-3_99,20260731T010300Z;20260731T022106Z,,,,10.1007/3-540-16780-3_99,,,opencitations,10.1007/3-540-16780-3_99,CS021,S31,CS021,,unknown-date,no,,0,manual-date-check,,,,Keyword score is prioritization only; it is not an eligibility or exclusion decision.
CG0069,doi:10.1007/3-540-36108-1_18,20260731T010300Z;20260731T020306Z;20260731T022106Z;20260731T022348Z,A Practical Multi-word Compare-and-Swap Operation,2002,2002-10-28,10.1007/3-540-36108-1_18,,International Symposium on Distributed Computing,opencitations;semanticscholar,10.1007/3-540-36108-1_18;b64f4ff88cdb7c5739dbfacbfe9ff590c8fe61ef,CS012;CS019;CS030,S16;S29;S44,CS012;CS019;CS030,,included,no,,0,title-screen,,,,Keyword score is prioritization only; it is not an eligibility or exclusion decision.
CG0071,doi:10.1007/3-540-36135-9_20,20260731T020306Z;20260731T022348Z,From States to Transitions: Improving Translation of LTL Formulae to Büchi Automata,2002,2002-11-11,10.1007/3-540-36135-9_20,,Formal Techniques for (Networked and) Distributed Systems,semanticscholar,c4fd81c42b750bb4d569e233774a77b7a308f88f,CS030,S44,CS030,,included,no,,0,title-screen,,,,Keyword score is prioritization only; it is not an eligibility or exclusion decision.
CG0072,doi:10.1007/3-540-40026-5_4,20260731T020306Z;20260731T022348Z,Even Better DCAS-Based Concurrent Deques,2000,2000-10-04,10.1007/3-540-40026-5_4,,International Symposium on Distributed Computing,semanticscholar,088f5f37f4f13c24003d2e000ea3cb62a530f353,CS030,S44,CS030,,included,no,,0,title-screen,,,,Keyword score is prioritization only; it is not an eligibility or exclusion decision.
CG0073,doi:10.1007/3-540-44585-4_6,20260731T020306Z;20260731T022348Z,Fast LTL to Büchi Automata Translation,2001,2001-07-18,10.1007/3-540-44585-4_6,,International Conference on Computer Aided Verification,semanticscholar,c3f46d41b02642eccd4daa15b4d70b03e6539940,CS030,S44,CS030,,included,no,,0,title-screen,,,,Keyword score is prioritization only; it is not an eligibility or exclusion decision.
CG0076,doi:10.1007/3-540-44880-2_10,20260731T010300Z;20260731T022106Z,,,,10.1007/3-540-44880-2_10,,,opencitations,10.1007/3-540-44880-2_10,CS027,S38,CS027,,unknown-date,no,,0,manual-date-check,,,,Keyword score is prioritization only; it is not an eligibility or exclusion decision.
CG0077,doi:10.1007/3-540-44898-5_4,20260731T010300Z;20260731T022106Z;20260731T022348Z,Checking Interference with Fractional Permissions,2003,2003-06-11,10.1007/3-540-44898-5_4,,Sensors Applications Symposium,opencitations;semanticscholar,10.1007/3-540-44898-5_4;f744e6fe7b8d9f92205d3a407e0446369c5f02bd,CS013;CS019;CS023,S17;S29;S35,CS013;CS019;CS023,,included,no,,0,title-screen,,,,Keyword score is prioritization only; it is not an eligibility or exclusion decision.
CG0078,doi:10.1007/3-540-45319-9_1,20260731T020306Z;20260731T022348Z,Branching vs. Linear Time: Final Showdown,2001,2001-04-02,10.1007/3-540-45319-9_1,,International Conference on Tools and Algorithms for Construction and Analysis of Systems,semanticscholar,a59fc8afda29d921f243f335685fcd2c79ec9de2,CS030,S44,CS030,,included,no,,0,title-screen,,,,Keyword score is prioritization only; it is not an eligibility or exclusion decision.
CG0083,doi:10.1007/3-540-45927-8_4,20260731T010300Z;20260731T022106Z,,,,10.1007/3-540-45927-8_4,,,opencitations,10.1007/3-540-45927-8_4,CS019,S29,CS019,,unknown-date,no,,0,manual-date-check,,,,Keyword score is prioritization only; it is not an eligibility or exclusion decision.
CG0086,doi:10.1007/3-540-48234-2_20,20260731T020306Z;20260731T022348Z,dSPIN: A Dynamic Extension of SPIN,1999,1999-09-21,10.1007/3-540-48234-2_20,,SPIN,semanticscholar,b1b746ee2f43ebb1e1ca253eec113a40fb9335bd,CS030,S44,CS030,,included,no,,0,title-screen,,,,Keyword score is prioritization only; it is not an eligibility or exclusion decision.
CG0087,doi:10.1007/3-540-48257-1_24,20260731T020306Z;20260731T022348Z,PVS: An Experience Report,1998,1998-10-07,10.1007/3-540-48257-1_24,,FM-Trends,semanticscholar,172e13fa5ea46a182098839482968117138bc7d8,CS030,S44,CS030,,included,no,,0,title-screen,,,,Keyword score is prioritization only; it is not an eligibility or exclusion decision.
CG0089,doi:10.1007/3-540-53479-2_17,20260731T020306Z;20260731T022348Z,Action versus State based Logics for Transition Systems,1990,1990-11-01,10.1007/3-540-53479-2_17,,Semantics of Systems of Concurrent Processes,semanticscholar,5be84ed7c6a493dea0bf5934015d3dc626444507,CS030,S44,CS030,,included,no,,0,title-screen,,,,Keyword score is prioritization only; it is not an eligibility or exclusion decision.
CG0090,doi:10.1007/3-540-56188-9,20260731T020306Z;20260731T022348Z,Distributed Algorithms,1992,,10.1007/3-540-56188-9,,Lecture Notes in Computer Science,semanticscholar,79fa5e51a519d30a19b3fd3accfa580cbd556b33,CS030,S44,CS030,,included,no,,0,title-screen,,,,Keyword score is prioritization only; it is not an eligibility or exclusion decision.
CG0091,doi:10.1007/3-540-57659-2_3,20260731T020306Z;20260731T022348Z,Analysis of Dynamic Structures for Efficient Parallel Execution,1993,1993-08-12,10.1007/3-540-57659-2_3,,International Workshop on Languages and Compilers for Parallel Computing,semanticscholar,8155ea352617f54321725598b1ffa69062663f82,CS030,S44,CS030,,included,no,,0,title-screen,,,,Keyword score is prioritization only; it is not an eligibility or exclusion decision.
CG0094,doi:10.1007/3-540-61474-5_91,20260731T010300Z;20260731T022106Z,,,,10.1007/3-540-61474-5_91,,,opencitations,10.1007/3-540-61474-5_91,CS024,A29,CS024,,unknown-date,no,,0,manual-date-check,,,,Keyword score is prioritization only; it is not an eligibility or exclusion decision.
CG0095,doi:10.1007/3-540-61769-8_9,20260731T010300Z;20260731T022106Z,,,,10.1007/3-540-61769-8_9,,,opencitations,10.1007/3-540-61769-8_9,CS021,S31,CS021,,unknown-date,no,,0,manual-date-check,,,,Keyword score is prioritization only; it is not an eligibility or exclusion decision.
CG0096,doi:10.1007/3-540-63166-6_10,20260731T020306Z;20260731T022348Z,Construction of Abstract State Graphs with PVS,1997,1997-06-22,10.1007/3-540-63166-6_10,,International Conference on Computer Aided Verification,semanticscholar,bc0a6f177d0b6bd983290889f4e26df9df9582fb,CS030,S44,CS030,,included,no,,0,title-screen,,,,Keyword score is prioritization only; it is not an eligibility or exclusion decision.
CG0099,doi:10.1007/978-1-4020-8157-6_28,20260731T020306Z;20260731T022348Z,TVLA: A system for generating abstract interpreters,2004,,10.1007/978-1-4020-8157-6_28,,IFIP Congress Topical Sessions,semanticscholar,d388302a91a36bfd3fa0b76bd9041d687b92e891,CS030,S44,CS030,,included,no,,0,title-screen,,,,Keyword score is prioritization only; it is not an eligibility or exclusion decision.
CG0100,doi:10.1007/978-1-4020-8354-9,20260731T020306Z;20260731T022348Z,Time and Modality,2008,,10.1007/978-1-4020-8354-9,,,semanticscholar,c0d4784dc4a9d843c7ef76fd4057368ef2f39a21,CS030,S44,CS030,,included,no,,0,title-screen,,,,Keyword score is prioritization only; it is not an eligibility or exclusion decision.
CG0101,doi:10.1007/978-1-4419-8528-6,20260731T010300Z;20260731T022106Z,,,,10.1007/978-1-4419-8528-6,,,opencitations,10.1007/978-1-4419-8528-6,CS024,A29,CS024,,unknown-date,no,,0,manual-date-check,,,,Keyword score is prioritization only; it is not an eligibility or exclusion decision.
CG0102,doi:10.1007/978-1-4471-0257-1,20260731T010300Z;20260731T022106Z,,,,10.1007/978-1-4471-0257-1,,,opencitations,10.1007/978-1-4471-0257-1,CS027,S38,CS027,,unknown-date,no,,0,manual-date-check,,,,Keyword score is prioritization only; it is not an eligibility or exclusion decision.
CG0103,doi:10.1007/978-1-4612-0931-7,20260731T010300Z;20260731T020306Z;20260731T022106Z;20260731T022348Z,The Temporal Logic of Reactive and Concurrent Systems,1991,1991-12-18,10.1007/978-1-4612-0931-7,,Springer: New York,opencitations;semanticscholar,10.1007/978-1-4612-0931-7;b570e945deb4ca308830be2810c45100854ec16a,CS003;CS004;CS024;CS030,A29;S03;S05;S44,CS003;CS004;CS024;CS030,,included,no,,0,title-screen,,,,Keyword score is prioritization only; it is not an eligibility or exclusion decision.
CG0105,doi:10.1007/978-1-4613-8928-6_23,20260731T020306Z;20260731T022348Z,On a decision method in restricted second-order arithmetic,1960,,10.1007/978-1-4613-8928-6_23,,,semanticscholar,1b45e54c5d3af9c7e704a8b9926c395bc58fe212,CS030,S44,CS030,,included,no,,0,title-screen,,,,Keyword score is prioritization only; it is not an eligibility or exclusion decision.
CG0107,doi:10.1007/978-1-4757-3472-0_2,20260731T020306Z;20260731T022348Z,Cooperating sequential processes,2002,,10.1007/978-1-4757-3472-0_2,,,semanticscholar,cd46e66972b056719a988e5c25440ab796c3f2f2,CS030,S44,CS030,,included,no,,0,title-screen,,,,Keyword score is prioritization only; it is not an eligibility or exclusion decision.
CG0108,doi:10.1007/978-1-4757-3837-7,20260731T010300Z;20260731T022106Z,,,,10.1007/978-1-4757-3837-7,,,opencitations,10.1007/978-1-4757-3837-7,CS024,A29,CS024,,unknown-date,no,,0,manual-date-check,,,,Keyword score is prioritization only; it is not an eligibility or exclusion decision.
CG0109,doi:10.1007/978-1-4842-4932-1,20260731T010300Z;20260731T022106Z,,,,10.1007/978-1-4842-4932-1,,,opencitations,10.1007/978-1-4842-4932-1,CS021,S31,CS021,,unknown-date,no,,0,manual-date-check,,,,Keyword score is prioritization only; it is not an eligibility or exclusion decision.
CG0110,doi:10.1007/978-3-030-03592-1_19,20260731T010300Z;20260731T022106Z;20260731T022348Z,Store Buffer Reduction in the Presence of Mixed-Size Accesses and Misalignment,2018,2018-07-18,10.1007/978-3-030-03592-1_19,,"Verified Software: Theories, Tools, Experiments",opencitations;semanticscholar,10.1007/978-3-030-03592-1_19;6921b29eb5d5ddf309b3b4fe1f98a8e00abba0a0,CS001,S01,CS001,,included,no,,0,title-screen,,,,Keyword score is prioritization only; it is not an eligibility or exclusion decision.
CG0111,doi:10.1007/978-3-030-17184-1_1,20260731T010300Z;20260731T022106Z;20260731T022348Z,Time Credits and Time Receipts in Iris,2019,2019-04-08,10.1007/978-3-030-17184-1_1,,European Symposium on Programming,opencitations;semanticscholar,07fbab2e25a58030bbf0e175e44e5849fb384ff9;10.1007/978-3-030-17184-1_1,CS010;CS012;CS016;CS019;CS023,A27;S14;S16;S29;S35,CS010;CS012;CS019;CS023,CS016,included,no,,0,title-screen,,,,Keyword score is prioritization only; it is not an eligibility or exclusion decision.
CG0113,doi:10.1007/978-3-030-25543-5_30,20260731T010300Z;20260731T022106Z;20260731T022348Z,Violat: Generating Tests of Observational Refinement for Concurrent Objects,2019,2019-07-15,10.1007/978-3-030-25543-5_30,,International Conference on Computer Aided Verification,opencitations;semanticscholar,10.1007/978-3-030-25543-5_30;aeb04a842013aab07b1e3a3a482777d5d98729ad,CS022,S33,CS022,,included,no,,0,title-screen,,,,Keyword score is prioritization only; it is not an eligibility or exclusion decision.
CG0114,doi:10.1007/978-3-030-31784-3_27,20260731T010300Z;20260731T022106Z,,,,10.1007/978-3-030-31784-3_27,,,opencitations,10.1007/978-3-030-31784-3_27,CS003,S03,CS003,,unknown-date,no,,0,manual-date-check,,,,Keyword score is prioritization only; it is not an eligibility or exclusion decision.
CG0115,doi:10.1007/978-3-030-32505-3_11,20260731T010300Z;20260731T022106Z;20260731T022348Z,Starvation-Free Monitors,2019,2019-10-31,10.1007/978-3-030-32505-3_11,,International Colloquium on Theoretical Aspects of Computing,opencitations;semanticscholar,092d3b57ed7cdb674b9efd0a34cf079ad63d8c9f;10.1007/978-3-030-32505-3_11,CS013;CS016,A27;S17,,CS013;CS016,included,no,,0,title-screen,,,,Keyword score is prioritization only; it is not an eligibility or exclusion decision.
CG0116,doi:10.1007/978-3-030-44914-8_11,20260731T010300Z;20260731T022106Z;20260731T022348Z,Verifying Visibility-Based Weak Consistency,2019,2019-11-04,10.1007/978-3-030-44914-8_11,1911.01508,European Symposium on Programming,opencitations;semanticscholar,10.1007/978-3-030-44914-8_11;66f8168db46b938b5c59e6045b7efb19580f7987,CS006;CS008,S07;S09,CS006;CS008,,included,no,,0,title-screen,,,,Keyword score is prioritization only; it is not an eligibility or exclusion decision.
CG0117,doi:10.1007/978-3-030-44914-8_13,20260731T010300Z;20260731T022348Z,Aneris: A Mechanised Logic for Modular Reasoning about Distributed Systems,2020,2020-04-18,10.1007/978-3-030-44914-8_13,,European Symposium on Programming,semanticscholar,585c6c25e1b765e8426d9e3269175f82c6c85ec6,CS010,S14,CS010,,included,no,,0,title-screen,,,,Keyword score is prioritization only; it is not an eligibility or exclusion decision.
CG0120,doi:10.1007/978-3-030-48077-6_2,20260731T010300Z;20260731T022106Z;20260731T022348Z,Adding Concurrency to a Sequential Refinement Tower,2020,2020-04-22,10.1007/978-3-030-48077-6_2,,"International Conference on Abstract State Machines, Alloy, B, TLA, VDM, and Z",opencitations;semanticscholar,10.1007/978-3-030-48077-6_2;cc3a657f120f3a0da4e75eb5d2aa8d470351c96c,CS018,S28,,CS018,included,no,,0,title-screen,,,,Keyword score is prioritization only; it is not an eligibility or exclusion decision.
CG0121,doi:10.1007/978-3-030-50086-3_3,20260731T010300Z;20260731T022106Z,,,,10.1007/978-3-030-50086-3_3,,,opencitations,10.1007/978-3-030-50086-3_3,CS021,S31,CS021,,unknown-date,no,,0,manual-date-check,,,,Keyword score is prioritization only; it is not an eligibility or exclusion decision.
CG0122,doi:10.1007/978-3-030-67087-0_4,20260731T020306Z;20260731T020357Z;20260731T021519Z;20260731T022106Z;20260731T022348Z,On the State Reachability Problem for Concurrent Programs Under Power,2020,,10.1007/978-3-030-67087-0_4,,International Conference on Networked Systems,opencitations;semanticscholar,10.1007/978-3-030-67087-0_4;55a2d1142f4a6994300ef76ea1873ea4470082bd,CS031,S45,CS031,,included,no,,0,title-screen,,,,Keyword score is prioritization only; it is not an eligibility or exclusion decision.
CG0123,doi:10.1007/978-3-030-72019-3_1,20260731T010300Z;20260731T022106Z,,,,10.1007/978-3-030-72019-3_1,,,opencitations,10.1007/978-3-030-72019-3_1,CS003,S03,CS003,,unknown-date,no,,0,manual-date-check,,,,Keyword score is prioritization only; it is not an eligibility or exclusion decision.
CG0124,doi:10.1007/978-3-030-72019-3_20,20260731T010300Z;20260731T022348Z,Temporal Refinements for Guarded Recursive Types,2020,2020-07-16,10.1007/978-3-030-72019-3_20,,European Symposium on Programming,semanticscholar,61ecd7f8cd1da082b7bf948eef2cc36bcde19ff4,CS012,S16,CS012,,included,no,,0,title-screen,,,,Keyword score is prioritization only; it is not an eligibility or exclusion decision.
CG0127,doi:10.1007/978-3-030-90870-6_22,20260731T010300Z;20260731T022106Z,,2021,2021,10.1007/978-3-030-90870-6_22,,,opencitations,10.1007/978-3-030-90870-6_22,CS007;CS013,S08;S17,CS007,CS013,included,no,,0,missing-title-manual-check,,,,Keyword score is prioritization only; it is not an eligibility or exclusion decision.
CG0128,doi:10.1007/978-3-030-91014-3_17,20260731T010300Z;20260731T022348Z,Verifying and Optimizing the HMCS Lock for Arm Servers,2021,,10.1007/978-3-030-91014-3_17,,International Conference on Networked Systems,semanticscholar,26658b8560b1e8d2999bce6e683f5cb513d04714,CS001,S01,CS001,,included,no,,0,title-screen,,,,Keyword score is prioritization only; it is not an eligibility or exclusion decision.
CG0129,doi:10.1007/978-3-030-99336-8_12,20260731T010300Z;20260731T020306Z;20260731T020357Z;20260731T021519Z;20260731T022106Z;20260731T022348Z,Probabilistic Total Store Ordering,2022,2022-01-25,10.1007/978-3-030-99336-8_12,2201.10213,European Symposium on Programming,opencitations;semanticscholar,10.1007/978-3-030-99336-8_12;7c5dbb14f4ce6b24001cf4b16af50505dbd7b44b,CS001;CS003;CS031,S01;S03;S45,CS003,CS001;CS031,included,no,,0,title-screen,,,,Keyword score is prioritization only; it is not an eligibility or exclusion decision.
CG0131,doi:10.1007/978-3-030-99336-8_9,20260731T010300Z;20260731T022106Z;20260731T022348Z,View-Based Owicki-Gries Reasoning for Persistent x86-TSO (Extended Version),2022,2022-01-15,10.1007/978-3-030-99336-8_9,2201.05860,European Symposium on Programming,opencitations;semanticscholar,10.1007/978-3-030-99336-8_9;8bfb030ded6c3005f84e2855c3388871fb7ddf66,CS026,S27,CS026,,included,no,,0,title-screen,,,,Keyword score is prioritization only; it is not an eligibility or exclusion decision.
CG0135,doi:10.1007/978-3-031-37706-8_12,20260731T010300Z;20260731T022106Z;20260731T022348Z,Unblocking Dynamic Partial Order Reduction,2023,2023,10.1007/978-3-031-37706-8_12,,International Conference on Computer Aided Verification,opencitations;semanticscholar,10.1007/978-3-031-37706-8_12;19ca1d0f9f9b0546914a9be4766f57388cc80f07,CS001;CS022,S01;S33,CS022,CS001,included,no,,0,title-screen,,,,Keyword score is prioritization only; it is not an eligibility or exclusion decision.
CG0137,doi:10.1007/978-3-031-37706-8_8,20260731T010300Z;20260731T022106Z;20260731T022348Z,Lincheck: A Practical Framework for Testing Concurrent Data Structures on JVM,2023,,10.1007/978-3-031-37706-8_8,,International Conference on Computer Aided Verification,opencitations;semanticscholar,10.1007/978-3-031-37706-8_8;eeb6fa5edb9ed3c031ec3f11dfa04d22415da1df,CS022,S33,CS022,,included,no,,0,title-screen,,,,Keyword score is prioritization only; it is not an eligibility or exclusion decision.
CG0138,doi:10.1007/978-3-031-40436-8_5,20260731T010300Z;20260731T022106Z,,2023,2023,10.1007/978-3-031-40436-8_5,,,opencitations,10.1007/978-3-031-40436-8_5,CS014,S19,,CS014,included,no,,0,missing-title-manual-check,,,,Keyword score is prioritization only; it is not an eligibility or exclusion decision.
CG0139,doi:10.1007/978-3-031-47115-5_17,20260731T010300Z;20260731T022106Z,,,,10.1007/978-3-031-47115-5_17,,,opencitations,10.1007/978-3-031-47115-5_17,CS018,S28,,CS018,unknown-date,no,,0,manual-date-check,,,,Keyword score is prioritization only; it is not an eligibility or exclusion decision.
CG0140,doi:10.1007/978-3-031-50521-8_2,20260731T010300Z;20260731T022106Z,,,,10.1007/978-3-031-50521-8_2,,,opencitations,10.1007/978-3-031-50521-8_2,CS021,S31,CS021,,unknown-date,no,,0,manual-date-check,,,,Keyword score is prioritization only; it is not an eligibility or exclusion decision.
CG0141,doi:10.1007/978-3-031-56222-8_1,20260731T010300Z;20260731T022106Z,,2024,2024,10.1007/978-3-031-56222-8_1,,,opencitations,10.1007/978-3-031-56222-8_1,CS003,S03,,CS003,included,no,,0,missing-title-manual-check,,,,Keyword score is prioritization only; it is not an eligibility or exclusion decision.
CG0143,doi:10.1007/978-3-031-57267-8_6,20260731T010300Z;20260731T022106Z,,,,10.1007/978-3-031-57267-8_6,,,opencitations,10.1007/978-3-031-57267-8_6,CS021,S31,CS021,,unknown-date,no,,0,manual-date-check,,,,Keyword score is prioritization only; it is not an eligibility or exclusion decision.
CG0144,doi:10.1007/978-3-031-57267-8_8,20260731T010300Z;20260731T022106Z,,2024,2024,10.1007/978-3-031-57267-8_8,,,opencitations,10.1007/978-3-031-57267-8_8,CS006;CS021,S07;S31,CS021,CS006,included,no,,0,missing-title-manual-check,,,,Keyword score is prioritization only; it is not an eligibility or exclusion decision.
CG0145,doi:10.1007/978-3-031-65941-6_3,20260731T010300Z;20260731T022106Z,,2024,2024,10.1007/978-3-031-65941-6_3,,,opencitations,10.1007/978-3-031-65941-6_3,CS018,S28,,CS018,included,no,,0,missing-title-manual-check,,,,Keyword score is prioritization only; it is not an eligibility or exclusion decision.
CG0146,doi:10.1007/978-3-031-66673-5_13,20260731T010300Z;20260731T022106Z,,2024,2024,10.1007/978-3-031-66673-5_13,,,opencitations,10.1007/978-3-031-66673-5_13,CS027,S38,,CS027,included,no,,0,missing-title-manual-check,,,,Keyword score is prioritization only; it is not an eligibility or exclusion decision.
CG0147,doi:10.1007/978-3-031-66676-6_4,20260731T010300Z;20260731T022106Z,,2024,2024,10.1007/978-3-031-66676-6_4,,,opencitations,10.1007/978-3-031-66676-6_4,CS014,S19,,CS014,included,no,,0,missing-title-manual-check,,,,Keyword score is prioritization only; it is not an eligibility or exclusion decision.
CG0148,doi:10.1007/978-3-031-66676-6_5,20260731T010300Z;20260731T022106Z,,2024,2024,10.1007/978-3-031-66676-6_5,,,opencitations,10.1007/978-3-031-66676-6_5,CS001;CS003,S01;S03,,CS001;CS003,included,no,,0,missing-title-manual-check,,,,Keyword score is prioritization only; it is not an eligibility or exclusion decision.
CG0149,doi:10.1007/978-3-031-71162-6_27,20260731T010300Z;20260731T022106Z,,2024,2024-09-11,10.1007/978-3-031-71162-6_27,,,opencitations,10.1007/978-3-031-71162-6_27,CS026,S27,,CS026,included,no,,0,missing-title-manual-check,,,,Keyword score is prioritization only; it is not an eligibility or exclusion decision.
CG0151,doi:10.1007/978-3-031-91118-7_3,20260731T010300Z;20260731T022106Z;20260731T022348Z,Sufficient Conditions for Robustness of RDMA Programs,2025,2025,10.1007/978-3-031-91118-7_3,,European Symposium on Programming,opencitations;semanticscholar,10.1007/978-3-031-91118-7_3;9800e9946d48192749b1c7149fa6de2771e580e2,CS026,S27,,CS026,included,no,,0,title-screen,,,,Keyword score is prioritization only; it is not an eligibility or exclusion decision.
CG0152,doi:10.1007/978-3-031-92196-4_1,20260731T010300Z;20260731T022106Z,,2025,2025,10.1007/978-3-031-92196-4_1,,,opencitations,10.1007/978-3-031-92196-4_1,CS018,S28,,CS018,included,no,,0,missing-title-manual-check,,,,Keyword score is prioritization only; it is not an eligibility or exclusion decision.
CG0154,doi:10.1007/978-3-031-98208-8_8,20260731T010300Z;20260731T022106Z;20260731T022348Z,Portability of Optimizations from SC to TSO,2025,2025-07-09,10.1007/978-3-031-98208-8_8,2504.17646,Theoretical Aspects of Software Engineering,opencitations;semanticscholar,10.1007/978-3-031-98208-8_8;47482cb770e6c3455a914d7687939e7aad54367b,CS001,S01,,CS001,included,no,,0,title-screen,,,,Keyword score is prioritization only; it is not an eligibility or exclusion decision.
CG0155,doi:10.1007/978-3-032-11176-0_7,20260731T010300Z;20260731T022106Z,,2025,2025-11-23,10.1007/978-3-032-11176-0_7,,,opencitations,10.1007/978-3-032-11176-0_7,CS014,S19,,CS014,included,no,,0,missing-title-manual-check,,,,Keyword score is prioritization only; it is not an eligibility or exclusion decision.
CG0157,doi:10.1007/978-3-319-06251-8_1,20260731T010300Z;20260731T022348Z,Developments in concurrent Kleene algebra,2014,2014-04-28,10.1007/978-3-319-06251-8_1,,J. Log. Algebraic Methods Program.,semanticscholar,14d8300149edbf9bece5e1e968790db019ac7452,CS009,S10,,CS009,included,no,,0,title-screen,,,,Keyword score is prioritization only; it is not an eligibility or exclusion decision.
CG0158,doi:10.1007/978-3-319-06410-9_15,20260731T010300Z;20260731T022106Z;20260731T022348Z,Quiescent Consistency: Defining and Verifying Relaxed Linearizability,2014,2014-05-12,10.1007/978-3-319-06410-9_15,,World Congress on Formal Methods,opencitations;semanticscholar,10.1007/978-3-319-06410-9_15;d8866f1a34388249db8d09af74c83f507993bf5a,CS006;CS018;CS027,S07;S28;S38,CS006,CS018;CS027,included,no,,0,title-screen,,,,Keyword score is prioritization only; it is not an eligibility or exclusion decision.
CG0159,doi:10.1007/978-3-319-10181-1_21,20260731T020306Z;20260731T020357Z;20260731T021519Z;20260731T022106Z;20260731T022348Z,Verifying Linearizability on TSO Architectures,2014,2014-09-09,10.1007/978-3-319-10181-1_21,,International Conference on Integrated Formal Methods,opencitations;semanticscholar,10.1007/978-3-319-10181-1_21;de2046eccf6240b2c66528efc10fe8d4906f9141,CS031,S45,CS031,,included,no,,0,title-screen,,,,Keyword score is prioritization only; it is not an eligibility or exclusion decision.
CG0162,doi:10.1007/978-3-319-12736-1_15,20260731T010300Z;20260731T022106Z;20260731T022348Z,Resource Analysis of Complex Programs with Cost Equations,2014,2014-11-17,10.1007/978-3-319-12736-1_15,,Asian Symposium on Programming Languages and Systems,opencitations;semanticscholar,10.1007/978-3-319-12736-1_15;6293ef89a70025102d4a73c1994c3043924b5a9b,CS028,S40,CS028,,included,no,,0,title-screen,,,,Keyword score is prioritization only; it is not an eligibility or exclusion decision.
CG0164,doi:10.1007/978-3-319-21668-3_1,20260731T010300Z;20260731T022106Z;20260731T022348Z,Poling: SMT Aided Linearizability Proofs,2015,2015-07-18,10.1007/978-3-319-21668-3_1,,International Conference on Computer Aided Verification,opencitations;semanticscholar,10.1007/978-3-319-21668-3_1;9e2979a681fd9ddc4b270566f7abc6c25c43dcf8,CS007,S08,CS007,,included,no,,0,title-screen,,,,Keyword score is prioritization only; it is not an eligibility or exclusion decision.
CG0166,doi:10.1007/978-3-319-24953-7_24,20260731T020306Z;20260731T022106Z,,,,10.1007/978-3-319-24953-7_24,,,opencitations,10.1007/978-3-319-24953-7_24,CS031,S45,CS031,,unknown-date,no,,0,manual-date-check,,,,Keyword score is prioritization only; it is not an eligibility or exclusion decision.
CG0168,doi:10.1007/978-3-319-47677-3_3,20260731T010300Z;20260731T022106Z;20260731T022348Z,Performance Evaluation of Concurrent Data Structures,2016,2016-11-09,10.1007/978-3-319-47677-3_3,,"International Symposium on Software Engineering: Theories, Tools, and Applications",opencitations;semanticscholar,10.1007/978-3-319-47677-3_3;bf77c82a51cd7011bdb72690fb81e970fb017a04,CS018,S28,,CS018,included,no,,0,title-screen,,,,Keyword score is prioritization only; it is not an eligibility or exclusion decision.
CG0170,doi:10.1007/978-3-319-48989-6_26,20260731T010300Z;20260731T022106Z;20260731T022348Z,A Generic Logic for Proving Linearizability,2016,2016-11-09,10.1007/978-3-319-48989-6_26,,World Congress on Formal Methods,opencitations;semanticscholar,10.1007/978-3-319-48989-6_26;bc5825c7082077d54ac8dea2e068b3269ae83997,CS022,S33,CS022,,included,no,,0,title-screen,,,,Keyword score is prioritization only; it is not an eligibility or exclusion decision.
CG0171,doi:10.1007/978-3-319-48989-6_29,20260731T010300Z;20260731T022106Z,,,,10.1007/978-3-319-48989-6_29,,,opencitations,10.1007/978-3-319-48989-6_29,CS003,S03,CS003,,unknown-date,no,,0,manual-date-check,,,,Keyword score is prioritization only; it is not an eligibility or exclusion decision.
CG0172,doi:10.1007/978-3-319-51517-5_2,20260731T020306Z;20260731T020357Z;20260731T021519Z;20260731T022106Z;20260731T022348Z,ARM Architecture and Programming,2017,,10.1007/978-3-319-51517-5_2,,,opencitations;semanticscholar,10.1007/978-3-319-51517-5_2;7434b03029812332fd916443e2a135abcd47053c,CS031,S45,CS031,,included,no,,0,title-screen,,,,Keyword score is prioritization only; it is not an eligibility or exclusion decision.
CG0175,doi:10.1007/978-3-319-66706-5_9,20260731T010300Z;20260731T022106Z;20260731T022348Z,Effect Summaries for Thread-Modular Analysis,2017,2017-05-10,10.1007/978-3-319-66706-5_9,1705.03701,Sensors Applications Symposium,opencitations;semanticscholar,10.1007/978-3-319-66706-5_9;480e7a7b1f43fff2fc4cf66f8a79e76f80a6fdf6,CS028,S40,CS028,,included,no,,0,title-screen,,,,Keyword score is prioritization only; it is not an eligibility or exclusion decision.
CG0176,doi:10.1007/978-3-319-70278-0_30,20260731T010300Z;20260731T022106Z;20260731T022348Z,A Concurrent Perspective on Smart Contracts,2017,2017-02-17,10.1007/978-3-319-70278-0_30,1702.05511,Financial Cryptography Workshops,opencitations;semanticscholar,10.1007/978-3-319-70278-0_30;12d7923568bf4fa077c65fd5f93a0f42a9cc640d,CS009;CS014,S10;S19,,CS009;CS014,included,no,,0,title-screen,,,,Keyword score is prioritization only; it is not an eligibility or exclusion decision.
CG0178,doi:10.1007/978-3-319-73721-8_10,20260731T010300Z;20260731T022106Z;20260731T022348Z,From Shapes to Amortized Complexity,2018,2018-01-07,10.1007/978-3-319-73721-8_10,,"International Conference on Verification, Model Checking and Abstract Interpretation",opencitations;semanticscholar,10.1007/978-3-319-73721-8_10;1ab6f2601705fd55167b0a3c0d5b316a8f3481fc,CS028,S40,CS028,,included,no,,0,title-screen,,,,Keyword score is prioritization only; it is not an eligibility or exclusion decision.
CG0179,doi:10.1007/978-3-319-73721-8_9,20260731T010300Z;20260731T022106Z;20260731T022348Z,On abstraction and compositionality for weak-memory linearisability,2018,2018-01-07,10.1007/978-3-319-73721-8_9,,"International Conference on Verification, Model Checking and Abstract Interpretation",opencitations;semanticscholar,10.1007/978-3-319-73721-8_9;1d366a0f5938161401df732f421025ee3ae20faa,CS006;CS007;CS008;CS022,S07;S08;S09;S33,CS006;CS007;CS008;CS022,,included,no,,0,title-screen,,,,Keyword score is prioritization only; it is not an eligibility or exclusion decision.
CG0180,doi:10.1007/978-3-319-89884-1_13,20260731T010300Z;20260731T022106Z;20260731T022348Z,A Separation Logic for a Promising Semantics,2018,2018-04-16,10.1007/978-3-319-89884-1_13,,European Symposium on Programming,opencitations;semanticscholar,10.1007/978-3-319-89884-1_13;95d7db1b0aa608ac9e9b59b83949073322c67d63,CS006;CS008,S07;S09,CS006;CS008,,included,no,,0,title-screen,,,,Keyword score is prioritization only; it is not an eligibility or exclusion decision.
CG0181,doi:10.1007/978-3-319-89884-1_15,20260731T010300Z;20260731T022106Z;20260731T022348Z,Deadlock-Free Monitors,2018,2018-04-16,10.1007/978-3-319-89884-1_15,,European Symposium on Programming,opencitations;semanticscholar,10.1007/978-3-319-89884-1_15;de65e9959fd9ff8602debd0694920146b9083920,CS013;CS016,A27;S17,,CS013;CS016,included,no,,0,title-screen,,,,Keyword score is prioritization only; it is not an eligibility or exclusion decision.
CG0183,doi:10.1007/978-3-319-89884-1_32,20260731T010300Z;20260731T022348Z,"Paxos Consensus, Deconstructed and Abstracted (Extended Version)",2018,2018-02-16,10.1007/978-3-319-89884-1_32,1802.05969,European Symposium on Programming,semanticscholar,979d13561e8c2cd2c2f75af7edfb0131aa04af6f,CS014,S19,,CS014,included,no,,0,title-screen,,,,Keyword score is prioritization only; it is not an eligibility or exclusion decision.
CG0184,doi:10.1007/978-3-319-89960-2_11,20260731T010300Z;20260731T022106Z,,,,10.1007/978-3-319-89960-2_11,,,opencitations,10.1007/978-3-319-89960-2_11,CS007,S08,CS007,,unknown-date,no,,0,manual-date-check,,,,Keyword score is prioritization only; it is not an eligibility or exclusion decision.
CG0185,doi:10.1007/978-3-319-89960-2_9,20260731T010300Z;20260731T022106Z;20260731T022348Z,Hoare Logics for Time Bounds - A Study in Meta Theory,2018,2018-04-14,10.1007/978-3-319-89960-2_9,,International Conference on Tools and Algorithms for Construction and Analysis of Systems,opencitations;semanticscholar,09b9f37011f03cb344aa8eb16d13560ec2aa177d;10.1007/978-3-319-89960-2_9,CS016;CS023,A27;S35,CS023,CS016,included,no,,0,title-screen,,,,Keyword score is prioritization only; it is not an eligibility or exclusion decision.
CG0186,doi:10.1007/978-3-319-89963-3_16,20260731T010300Z;20260731T022106Z;20260731T022348Z,Geometric Nontermination Arguments,2016,2016-09-16,10.1007/978-3-319-89963-3_16,1609.05207,International Conference on Tools and Algorithms for Construction and Analysis of Systems,opencitations;semanticscholar,10.1007/978-3-319-89963-3_16;68265492d23540cb71afed1d8a8a4be4c8eec456,CS004,S05,CS004,,included,no,,0,title-screen,,,,Keyword score is prioritization only; it is not an eligibility or exclusion decision.
CG0187,doi:10.1007/978-3-319-91280-6_1757,20260731T010300Z;20260731T022348Z,Curriculum,1932,1932-12-01,10.1007/978-3-319-91280-6_1757,,Encyclopedia of Autism Spectrum Disorders,semanticscholar,00d55b3002620ebeaf4c455bcf9ccce10cc3cc0d,CS006,S07,,CS006,included,no,,0,title-screen,,,,Keyword score is prioritization only; it is not an eligibility or exclusion decision.
CG0189,doi:10.1007/978-3-319-96142-2_21,20260731T010300Z;20260731T022106Z;20260731T022348Z,Reasoning About TSO Programs Using Reduction and Abstraction,2018,2018-04-14,10.1007/978-3-319-96142-2_21,1804.05196,International Conference on Computer Aided Verification,opencitations;semanticscholar,10.1007/978-3-319-96142-2_21;107ae77e9b6b528dbf87035134626001ff0e0733,CS001,S01,CS001,,included,no,,0,title-screen,,,,Keyword score is prioritization only; it is not an eligibility or exclusion decision.
CG0190,doi:10.1007/978-3-319-98938-9_7,20260731T010300Z;20260731T022106Z;20260731T022348Z,Making Linearizability Compositional for Partially Ordered Executions,2018,2018-09-05,10.1007/978-3-319-98938-9_7,,International Conference on Integrated Formal Methods,opencitations;semanticscholar,10.1007/978-3-319-98938-9_7;5f0f20e6311d5c50b92d34b26ff46df6fb6d86fd,CS006;CS008,S07;S09,CS006;CS008,,included,no,,0,title-screen,,,,Keyword score is prioritization only; it is not an eligibility or exclusion decision.
CG0191,doi:10.1007/978-3-540-24622-0_21,20260731T020306Z;20260731T022348Z,Symbolic Implementation of the Best Transformer,2004,2004-01-11,10.1007/978-3-540-24622-0_21,,"International Conference on Verification, Model Checking and Abstract Interpretation",semanticscholar,1f75110858d4743e02a5c770a599d2ebc9f65383,CS030,S44,CS030,,included,no,,0,title-screen,,,,Keyword score is prioritization only; it is not an eligibility or exclusion decision.
CG0192,doi:10.1007/978-3-540-24730-2_15,20260731T010300Z;20260731T022106Z;20260731T022348Z,A Tool for Checking ANSI-C Programs,2004,2004-03-29,10.1007/978-3-540-24730-2_15,,International Conference on Tools and Algorithms for Construction and Analysis of Systems,opencitations;semanticscholar,10.1007/978-3-540-24730-2_15;5f5335a25d2b4ef0fb099ae917ff98d8afea97e3,CS022,S33,CS022,,included,no,,0,title-screen,,,,Keyword score is prioritization only; it is not an eligibility or exclusion decision.
CG0193,doi:10.1007/978-3-540-24730-2_39,20260731T020306Z;20260731T022348Z,Symbolically Computing Most-Precise Abstract Operations for Shape Analysis,2004,2004-03-29,10.1007/978-3-540-24730-2_39,,International Conference on Tools and Algorithms for Construction and Analysis of Systems,semanticscholar,a2d86746f105221a4d46131fdd7d1862fc6da0a0,CS030,S44,CS030,,included,no,,0,title-screen,,,,Keyword score is prioritization only; it is not an eligibility or exclusion decision.
CG0194,doi:10.1007/978-3-540-27813-9_2,20260731T020306Z;20260731T022348Z,Static Program Analysis via 3-Valued Logic,2004,2004-07-13,10.1007/978-3-540-27813-9_2,,International Conference on Computer Aided Verification,semanticscholar,d6a6bd8652c745842eee309c8ac8d5bc4916dc33,CS030,S44,CS030,,included,no,,0,title-screen,,,,Keyword score is prioritization only; it is not an eligibility or exclusion decision.
CG0196,doi:10.1007/978-3-540-27864-1_20,20260731T020306Z;20260731T022348Z,Partially Disjunctive Heap Abstraction,2004,2004-08-26,10.1007/978-3-540-27864-1_20,,Sensors Applications Symposium,semanticscholar,eef495113a46252895c47556fc0e08f603967f44,CS030,S44,CS030,,included,no,,0,title-screen,,,,Keyword score is prioritization only; it is not an eligibility or exclusion decision.
CG0197,doi:10.1007/978-3-540-28644-8_2,20260731T010300Z;20260731T022106Z;20260731T022348Z,A Semantics for Concurrent Separation Logic,2004,2004-08-31,10.1007/978-3-540-28644-8_2,,International Conference on Concurrency Theory,opencitations;semanticscholar,10.1007/978-3-540-28644-8_2;5f3bd158e3a9e4c2b9676e30f84f13b27c136b7d,CS002;CS007;CS010,S02;S08;S14,CS002;CS007;CS010,,included,no,,0,title-screen,,,,Keyword score is prioritization only; it is not an eligibility or exclusion decision.
CG0198,doi:10.1007/978-3-540-28644-8_4,20260731T010300Z;20260731T022106Z;20260731T022348Z,"Resources, Concurrency and Local Reasoning",2004,2004-08-31,10.1007/978-3-540-28644-8_4,,International Conference on Concurrency Theory,opencitations;semanticscholar,10.1007/978-3-540-28644-8_4;9651bfd271e42b77f259828dc39920042731584b,CS002;CS007;CS010;CS012,S02;S08;S14;S16,CS002;CS007;CS010;CS012,,included,no,,0,title-screen,,,,Keyword score is prioritization only; it is not an eligibility or exclusion decision.
CG0200,doi:10.1007/978-3-540-31980-1_7,20260731T010300Z;20260731T022106Z,,,,10.1007/978-3-540-31980-1_7,,,opencitations,10.1007/978-3-540-31980-1_7,CS003,S03,CS003,,unknown-date,no,,0,manual-date-check,,,,Keyword score is prioritization only; it is not an eligibility or exclusion decision.
CG0201,doi:10.1007/978-3-540-32275-7_14,20260731T010300Z;20260731T022106Z,,,,10.1007/978-3-540-32275-7_14,,,opencitations,10.1007/978-3-540-32275-7_14,CS003,S03,CS003,,unknown-date,no,,0,manual-date-check,,,,Keyword score is prioritization only; it is not an eligibility or exclusion decision.
CG0203,doi:10.1007/978-3-540-45099-3_15,20260731T020306Z;20260731T022348Z,TVLA: A System for Implementing Static Analyses,2000,2000-06-29,10.1007/978-3-540-45099-3_15,,Sensors Applications Symposium,semanticscholar,b12f8ce4f08743c663b1ed6df22dfa4366c565c3,CS030,S44,CS030,,included,no,,0,title-screen,,,,Keyword score is prioritization only; it is not an eligibility or exclusion decision.
CG0205,doi:10.1007/978-3-540-69166-2_24,20260731T020306Z;20260731T022348Z,Heap Decomposition for Concurrent Shape Analysis,2008,2008-07-16,10.1007/978-3-540-69166-2_24,,Sensors Applications Symposium,semanticscholar,35335fd131021f5e2cbac5dc2cd7e78111d1b82d,CS030,S44,CS030,,included,no,,0,title-screen,,,,Keyword score is prioritization only; it is not an eligibility or exclusion decision.
CG0206,doi:10.1007/978-3-540-69850-0_12,20260731T020306Z;20260731T022348Z,Design and Synthesis of Synchronization Skeletons Using Branching Time Temporal Logic,2008,,10.1007/978-3-540-69850-0_12,,25 Years of Model Checking,semanticscholar,843abecc52872013d64960bfae7533fa83a20372,CS030,S44,CS030,,included,no,,0,title-screen,,,,Keyword score is prioritization only; it is not an eligibility or exclusion decision.
CG0207,doi:10.1007/978-3-540-70545-1_10,20260731T010300Z;20260731T022106Z,,,,10.1007/978-3-540-70545-1_10,,,opencitations,10.1007/978-3-540-70545-1_10,CS009,S10,CS009,,unknown-date,no,,0,manual-date-check,,,,Keyword score is prioritization only; it is not an eligibility or exclusion decision.
CG0209,doi:10.1007/978-3-540-70545-1_37,20260731T010300Z;20260731T020306Z;20260731T022106Z;20260731T022348Z,Thread Quantification for Concurrent Shape Analysis,2008,2008-07-07,10.1007/978-3-540-70545-1_37,,International Conference on Computer Aided Verification,opencitations;semanticscholar,10.1007/978-3-540-70545-1_37;894cf2a82386dca97e6d6c7b1d4230836ee4cec6,CS028;CS030,S40;S44,CS028;CS030,,included,no,,0,title-screen,,,,Keyword score is prioritization only; it is not an eligibility or exclusion decision.
CG0210,doi:10.1007/978-3-540-73210-5_11,20260731T010300Z;20260731T020306Z;20260731T022106Z;20260731T022348Z,Proving Linearizability Via Non-atomic Refinement,2007,2007-07-02,10.1007/978-3-540-73210-5_11,,International Conference on Integrated Formal Methods,opencitations;semanticscholar,10.1007/978-3-540-73210-5_11;d8b395451171b2a8b8f9f92a8da2421e9ec34939,CS021;CS027;CS030,S31;S38;S44,CS021;CS027;CS030,,included,no,,0,title-screen,,,,Keyword score is prioritization only; it is not an eligibility or exclusion decision.
CG0212,doi:10.1007/978-3-540-73368-3_25,20260731T020306Z;20260731T022348Z,Revamping TVLA: Making Parametric Shape Analysis Competitive,2007,2007-07-03,10.1007/978-3-540-73368-3_25,,International Conference on Computer Aided Verification,semanticscholar,2e86e2461c9ed10bb4e310d212de26905647e958,CS030,S44,CS030,,included,no,,0,title-screen,,,,Keyword score is prioritization only; it is not an eligibility or exclusion decision.
CG0213,doi:10.1007/978-3-540-73368-3_49,20260731T010300Z;20260731T020306Z;20260731T022106Z;20260731T022348Z,Comparison Under Abstraction for Verifying Linearizability,2007,2007-07-03,10.1007/978-3-540-73368-3_49,,International Conference on Computer Aided Verification,opencitations;semanticscholar,10.1007/978-3-540-73368-3_49;abf5aa38af47b720895009d23a57aaf00adae497,CS022;CS030,S33;S44,CS022;CS030,,included,no,,0,title-screen,,,,Keyword score is prioritization only; it is not an eligibility or exclusion decision.
CG0214,doi:10.1007/978-3-540-73368-3_5,20260731T020306Z;20260731T022348Z,A Tutorial on Satisfiability Modulo Theories,2007,2007-07-03,10.1007/978-3-540-73368-3_5,,International Conference on Computer Aided Verification,semanticscholar,4afdc928559feb8bb67a0671f9d36e8e76681d6a,CS030,S44,CS030,,included,no,,0,title-screen,,,,Keyword score is prioritization only; it is not an eligibility or exclusion decision.
CG0215,doi:10.1007/978-3-540-74061-2_15,20260731T010300Z;20260731T022106Z;20260731T022348Z,Modular Safety Checking for Fine-Grained Concurrency,2007,2007-08-22,10.1007/978-3-540-74061-2_15,,Sensors Applications Symposium,opencitations;semanticscholar,10.1007/978-3-540-74061-2_15;7e0fc0dd9ff137a24bcb98a78f0eb743910c97ba,CS028,S40,CS028,,included,no,,0,title-screen,,,,Keyword score is prioritization only; it is not an eligibility or exclusion decision.
CG0216,doi:10.1007/978-3-540-74407-8_18,20260731T010300Z;20260731T022106Z,,,,10.1007/978-3-540-74407-8_18,,,opencitations,10.1007/978-3-540-74407-8_18,CS016;CS017,A27;A28,CS016;CS017,,unknown-date,no,,0,manual-date-check,,,,Keyword score is prioritization only; it is not an eligibility or exclusion decision.
CG0218,doi:10.1007/978-3-540-75596-8_4,20260731T020306Z;20260731T022348Z,Branching vs. Linear Time: Semantical Perspective,2007,2007-10-22,10.1007/978-3-540-75596-8_4,,Automated Technology for Verification and Analysis,semanticscholar,8aad5eaa1429d315922d9bd6ff1dd39d2398c210,CS030,S44,CS030,,included,no,,0,title-screen,,,,Keyword score is prioritization only; it is not an eligibility or exclusion decision.
CG0219,doi:10.1007/978-3-540-77096-1_29,20260731T010300Z;20260731T022106Z;20260731T022348Z,The Baskets Queue,2007,2007-12-17,10.1007/978-3-540-77096-1_29,,International Conference on Principles of Distributed Systems,opencitations;semanticscholar,10.1007/978-3-540-77096-1_29;b656eca91e07867e89d0139c3f9e39f477a8552f,CS022,S33,CS022,,included,no,,0,title-screen,,,,Keyword score is prioritization only; it is not an eligibility or exclusion decision.
CG0220,doi:10.1007/978-3-540-78127-1_36,20260731T020306Z;20260731T022348Z,From Monadic Logic to PSL,2008,,10.1007/978-3-540-78127-1_36,,Pillars of Computer Science,semanticscholar,0fd598b851c349a102c98ebac63b95520ead0439,CS030,S44,CS030,,included,no,,0,title-screen,,,,Keyword score is prioritization only; it is not an eligibility or exclusion decision.
CG0222,doi:10.1007/978-3-540-87603-8_4,20260731T010300Z;20260731T022106Z;20260731T022348Z,Refinement of State-Based Systems: ASMs and Big Commuting Diagrams (Abstract),2008,2008-09-16,10.1007/978-3-540-87603-8_4,,"International Conference on Abstract State Machines, Alloy, B, TLA, VDM, and Z",opencitations;semanticscholar,10.1007/978-3-540-87603-8_4;9bcdc7a8f44ebbe3dab25f08734c702b9d1043a0,CS027,S38,,CS027,included,no,,0,title-screen,,,,Keyword score is prioritization only; it is not an eligibility or exclusion decision.
CG0223,doi:10.1007/978-3-540-93900-9_27,20260731T010300Z;20260731T020306Z;20260731T022106Z;20260731T022348Z,Shape-Value Abstraction for Verifying Linearizability,2008,2008-12-16,10.1007/978-3-540-93900-9_27,,"International Conference on Verification, Model Checking and Abstract Interpretation",opencitations;semanticscholar,10.1007/978-3-540-93900-9_27;71ed275e0e1f90a17763bf25f79ddcdf0fddaa02,CS022;CS028;CS030,S33;S40;S44,CS022;CS028;CS030,,included,no,,0,title-screen,,,,Keyword score is prioritization only; it is not an eligibility or exclusion decision.
CG0224,doi:10.1007/978-3-540-93900-9_6,20260731T010300Z;20260731T022348Z,Towards Automatic Stability Analysis for Rely-Guarantee Proofs,2008,2008-12-16,10.1007/978-3-540-93900-9_6,,"International Conference on Verification, Model Checking and Abstract Interpretation",semanticscholar,d3d435c91ae045de4570a0a2a114aeb192924507,CS009,S10,,CS009,included,no,,0,title-screen,,,,Keyword score is prioritization only; it is not an eligibility or exclusion decision.
CG0225,doi:10.1007/978-3-642-00590-9_14,20260731T010300Z;20260731T022348Z,Amortised Memory Analysis Using the Depth of Data Structures,2009,2009-03-28,10.1007/978-3-642-00590-9_14,,European Symposium on Programming,semanticscholar,845dd4ba03b74576ea8b6de080029f0ee09f9b24,CS023,S35,CS023,,included,no,,0,title-screen,,,,Keyword score is prioritization only; it is not an eligibility or exclusion decision.
CG0226,doi:10.1007/978-3-642-00590-9_27,20260731T010300Z;20260731T022106Z,,,,10.1007/978-3-642-00590-9_27,,,opencitations,10.1007/978-3-642-00590-9_27,CS014,S19,CS014,,unknown-date,no,,0,manual-date-check,,,,Keyword score is prioritization only; it is not an eligibility or exclusion decision.
CG0229,doi:10.1007/978-3-642-03359-9_27,20260731T010300Z;20260731T020306Z;20260731T020357Z;20260731T021519Z;20260731T022106Z;20260731T022348Z,A Better x86 Memory Model: x86-TSO,2009,2009-08-20,10.1007/978-3-642-03359-9_27,,International Conference on Theorem Proving in Higher Order Logics,opencitations;semanticscholar,10.1007/978-3-642-03359-9_27;e949f00933afc88cfc8982c2becb5971635085d9,CS001;CS022;CS031,S01;S33;S45,CS001;CS022;CS031,,included,no,,0,title-screen,,,,Keyword score is prioritization only; it is not an eligibility or exclusion decision.
CG0230,doi:10.1007/978-3-642-04027-6_24,20260731T010300Z;20260731T022106Z,,,,10.1007/978-3-642-04027-6_24,,,opencitations,10.1007/978-3-642-04027-6_24,CS019,S29,CS019,,unknown-date,no,,0,manual-date-check,,,,Keyword score is prioritization only; it is not an eligibility or exclusion decision.
CG0232,doi:10.1007/978-3-642-04761-9_14,20260731T010300Z;20260731T022106Z,,,,10.1007/978-3-642-04761-9_14,,,opencitations,10.1007/978-3-642-04761-9_14,CS019,S29,CS019,,unknown-date,no,,0,manual-date-check,,,,Keyword score is prioritization only; it is not an eligibility or exclusion decision.
CG0234,doi:10.1007/978-3-642-11319-2_25,20260731T010300Z;20260731T022106Z;20260731T022348Z,RGSep Action Inference,2010,2010-01-17,10.1007/978-3-642-11319-2_25,,"International Conference on Verification, Model Checking and Abstract Interpretation",opencitations;semanticscholar,10.1007/978-3-642-11319-2_25;6558c1efcb6cceccce2143061583e3a868f41ee1,CS009;CS017;CS028,A28;S10;S40,CS017;CS028,CS009,included,no,,0,title-screen,,,,Keyword score is prioritization only; it is not an eligibility or exclusion decision.
CG0235,doi:10.1007/978-3-642-11957-6_22,20260731T010300Z;20260731T022106Z;20260731T022348Z,Deadlock-Free Channels and Locks,2010,2010-03-20,10.1007/978-3-642-11957-6_22,,European Symposium on Programming,opencitations;semanticscholar,10.1007/978-3-642-11957-6_22;f213e709a1d4a3574ea0242635fd0eb5fe15401e,CS011;CS014,S15;S19,CS011;CS014,,included,no,,0,title-screen,,,,Keyword score is prioritization only; it is not an eligibility or exclusion decision.
CG0236,doi:10.1007/978-3-642-11957-6_32,20260731T010300Z;20260731T022348Z,Explicit Stabilisation for Modular Rely-Guarantee Reasoning,2010,2010-03-20,10.1007/978-3-642-11957-6_32,,European Symposium on Programming,semanticscholar,e881771c63c610867b37257c80ec579c828782ab,CS009,S10,,CS009,included,no,,0,title-screen,,,,Keyword score is prioritization only; it is not an eligibility or exclusion decision.
CG0237,doi:10.1007/978-3-642-11957-6_6,20260731T010300Z;20260731T022106Z,,,,10.1007/978-3-642-11957-6_6,,,opencitations,10.1007/978-3-642-11957-6_6,CS016,A27,CS016,,unknown-date,no,,0,manual-date-check,,,,Keyword score is prioritization only; it is not an eligibility or exclusion decision.
CG0239,doi:10.1007/978-3-642-14107-2_24,20260731T010300Z;20260731T022106Z,,,,10.1007/978-3-642-14107-2_24,,,opencitations,10.1007/978-3-642-14107-2_24,CS013;CS016,A27;S17,CS013;CS016,,unknown-date,no,,0,manual-date-check,,,,Keyword score is prioritization only; it is not an eligibility or exclusion decision.
CG0240,doi:10.1007/978-3-642-14295-6_40,20260731T010300Z;20260731T022106Z;20260731T022348Z,Automatically Proving Linearizability,2010,2010-07-15,10.1007/978-3-642-14295-6_40,,International Conference on Computer Aided Verification,opencitations;semanticscholar,10.1007/978-3-642-14295-6_40;b1508a30391045403cb423af853767d15a2e73bd,CS007;CS017;CS022;CS028,A28;S08;S33;S40,CS007;CS017;CS022;CS028,,included,no,,0,title-screen,,,,Keyword score is prioritization only; it is not an eligibility or exclusion decision.
CG0241,doi:10.1007/978-3-642-15375-4_27,20260731T010300Z;20260731T022106Z;20260731T022348Z,Reasoning about Optimistic Concurrency Using a Program Logic for History,2010,2010-08-31,10.1007/978-3-642-15375-4_27,,International Conference on Concurrency Theory,opencitations;semanticscholar,10.1007/978-3-642-15375-4_27;5f0ecbae18acd3355e21b779cc1e78928536a474,CS009;CS016;CS018;CS019,A27;S10;S28;S29,CS016;CS018;CS019,CS009,included,no,,0,title-screen,,,,Keyword score is prioritization only; it is not an eligibility or exclusion decision.
CG0245,doi:10.1007/978-3-642-17653-1_29,20260731T010300Z;20260731T022106Z;20260731T022348Z,Quasi-Linearizability: Relaxed Consistency for Improved Concurrency,2010,2010-12-14,10.1007/978-3-642-17653-1_29,,International Conference on Principles of Distributed Systems,opencitations;semanticscholar,10.1007/978-3-642-17653-1_29;8d0c3adf556965c3e59d83cbd454ee58236188e6,CS006,S07,CS006,,included,no,,0,title-screen,,,,Keyword score is prioritization only; it is not an eligibility or exclusion decision.
CG0246,doi:10.1007/978-3-642-18275-4_16,20260731T010300Z;20260731T022348Z,Verifying Deadlock-Freedom of Communication Fabrics,2011,2011-01-23,10.1007/978-3-642-18275-4_16,,"International Conference on Verification, Model Checking and Abstract Interpretation",semanticscholar,7d88bea736a8fcd4b1b02cfed92e1b8b576fb8ed,CS009,S10,,CS009,included,no,,0,title-screen,,,,Keyword score is prioritization only; it is not an eligibility or exclusion decision.
CG0247,doi:10.1007/978-3-642-19718-5_21,20260731T010300Z;20260731T022106Z;20260731T022348Z,Static Analysis of Run-Time Errors in Embedded Critical Parallel C Programs,2011,2011-03-26,10.1007/978-3-642-19718-5_21,,European Symposium on Programming,opencitations;semanticscholar,10.1007/978-3-642-19718-5_21;89934a56c2b408d7ccd48300865ccc4613782ca6,CS028,S40,CS028,,included,no,,0,title-screen,,,,Keyword score is prioritization only; it is not an eligibility or exclusion decision.
CG0248,doi:10.1007/978-3-642-20398-5_4,20260731T010300Z;20260731T022348Z,"VeriFast: A Powerful, Sound, Predictable, Fast Verifier for C and Java",2011,2011-04-18,10.1007/978-3-642-20398-5_4,,NASA Formal Methods,semanticscholar,acd8d3df882c7be3be2c3af1c2e42575f1fc138a,CS011,S15,CS011,,included,no,,0,title-screen,,,,Keyword score is prioritization only; it is not an eligibility or exclusion decision.
CG0249,doi:10.1007/978-3-642-21437-0_25,20260731T010300Z;20260731T020306Z;20260731T022106Z;20260731T022348Z,Verifying Linearisability with Potential Linearisation Points,2011,2011-06-20,10.1007/978-3-642-21437-0_25,,World Congress on Formal Methods,opencitations;semanticscholar,10.1007/978-3-642-21437-0_25;f95fc64697361b2e5470892032097e5b6c4ad1b1,CS021;CS027;CS030,S31;S38;S44,CS021;CS030,CS027,included,no,,0,title-screen,,,,Keyword score is prioritization only; it is not an eligibility or exclusion decision.
CG0250,doi:10.1007/978-3-642-22012-8_34,20260731T010300Z;20260731T022106Z;20260731T022348Z,Deciding Robustness against Total Store Ordering,2011,2011-07-04,10.1007/978-3-642-22012-8_34,,"International Colloquium on Automata, Languages and Programming",opencitations;semanticscholar,10.1007/978-3-642-22012-8_34;dc993a5819e0c847f12c4fb1eb9f7ad5b82fc78a,CS001,S01,CS001,,included,no,,0,title-screen,,,,Keyword score is prioritization only; it is not an eligibility or exclusion decision.
CG0252,doi:10.1007/978-3-642-22110-1_47,20260731T010300Z;20260731T022106Z,,,,10.1007/978-3-642-22110-1_47,,,opencitations,10.1007/978-3-642-22110-1_47,CS003,S03,CS003,,unknown-date,no,,0,manual-date-check,,,,Keyword score is prioritization only; it is not an eligibility or exclusion decision.
CG0253,doi:10.1007/978-3-642-22110-1_9,20260731T010300Z;20260731T022106Z,,,,10.1007/978-3-642-22110-1_9,,,opencitations,10.1007/978-3-642-22110-1_9,CS003,S03,CS003,,unknown-date,no,,0,manual-date-check,,,,Keyword score is prioritization only; it is not an eligibility or exclusion decision.
CG0256,doi:10.1007/978-3-642-24690-6_10,20260731T010300Z;20260731T022348Z,A Machine-Checked Framework for Relational Separation Logic,2011,2011-11-14,10.1007/978-3-642-24690-6_10,,IEEE International Conference on Software Engineering and Formal Methods,semanticscholar,5203ba008b8c8c4c689ddbbbc66a82d78ef42e2d,CS009,S10,,CS009,included,no,,0,title-screen,,,,Keyword score is prioritization only; it is not an eligibility or exclusion decision.
CG0259,doi:10.1007/978-3-642-28717-6_1,20260731T010300Z;20260731T022106Z;20260731T022348Z,Automatic Inference of Resource Consumption Bounds,2012,2012-03-11,10.1007/978-3-642-28717-6_1,,Logic Programming and Automated Reasoning,opencitations;semanticscholar,10.1007/978-3-642-28717-6_1;c736bd814753890f93016dc132169e18cf2f0c16,CS028,S40,CS028,,included,no,,0,title-screen,,,,Keyword score is prioritization only; it is not an eligibility or exclusion decision.
CG0261,doi:10.1007/978-3-642-28869-2_5,20260731T010300Z;20260731T020306Z;20260731T020357Z;20260731T021519Z;20260731T022106Z;20260731T022348Z,Concurrent Library Correctness on the TSO Memory Model,2012,2012-03-24,10.1007/978-3-642-28869-2_5,,European Symposium on Programming,opencitations;semanticscholar,10.1007/978-3-642-28869-2_5;917b58c3e622f3ba1655db3f767d61381d9b7ac6,CS006;CS022;CS031,S07;S33;S45,CS006;CS022;CS031,,included,no,,0,title-screen,,,,Keyword score is prioritization only; it is not an eligibility or exclusion decision.
CG0264,doi:10.1007/978-3-642-31424-7_21,20260731T010300Z;20260731T022106Z;20260731T022348Z,How to Prove Algorithms Linearisable,2012,2012-07-07,10.1007/978-3-642-31424-7_21,,International Conference on Computer Aided Verification,opencitations;semanticscholar,10.1007/978-3-642-31424-7_21;6883fb2eff8ec0897f74fb169c32e465d87df988,CS018;CS021,S28;S31,CS021,CS018,included,no,,0,title-screen,,,,Keyword score is prioritization only; it is not an eligibility or exclusion decision.
CG0265,doi:10.1007/978-3-642-31424-7_36,20260731T010300Z;20260731T022106Z,,,,10.1007/978-3-642-31424-7_36,,,opencitations,10.1007/978-3-642-31424-7_36,CS003,S03,CS003,,unknown-date,no,,0,manual-date-check,,,,Keyword score is prioritization only; it is not an eligibility or exclusion decision.
CG0266,doi:10.1007/978-3-642-31424-7_64,20260731T010300Z;20260731T022106Z;20260731T022348Z,Resource Aware ML,2012,2012-07-07,10.1007/978-3-642-31424-7_64,,International Conference on Computer Aided Verification,opencitations;semanticscholar,10.1007/978-3-642-31424-7_64;901ad3ea56ae97530cb15c7f761f9e1e026131cd,CS019;CS023,S29;S35,CS019;CS023,,included,no,,0,title-screen,,,,Keyword score is prioritization only; it is not an eligibility or exclusion decision.
CG0268,doi:10.1007/978-3-642-32027-9_10,20260731T010300Z;20260731T022348Z,Transactional Memory,2012,,10.1007/978-3-642-32027-9_10,,Fundamentals of Multicore Software Development,semanticscholar,a27daae9012c7715aae1d7df6170ad904c5d0694,CS025;CS029,A30;S42,,CS025;CS029,included,no,,0,title-screen,,,,Keyword score is prioritization only; it is not an eligibility or exclusion decision.
CG0270,doi:10.1007/978-3-642-33651-5_3,20260731T020306Z;20260731T020357Z;20260731T021519Z;20260731T022106Z;20260731T022348Z,Show No Weakness: Sequentially Consistent Specifications of TSO Libraries,2012,2012-10-16,10.1007/978-3-642-33651-5_3,,International Symposium on Distributed Computing,opencitations;semanticscholar,10.1007/978-3-642-33651-5_3;ea29f7459f7e774795fae31b4277b11d620bd98f,CS031,S45,CS031,,included,no,,0,title-screen,,,,Keyword score is prioritization only; it is not an eligibility or exclusion decision.
CG0271,doi:10.1007/978-3-642-36742-7_23,20260731T010300Z;20260731T022106Z,,,,10.1007/978-3-642-36742-7_23,,,opencitations,10.1007/978-3-642-36742-7_23,CS022;CS028,S33;S40,CS022;CS028,,unknown-date,no,,0,manual-date-check,,,,Keyword score is prioritization only; it is not an eligibility or exclusion decision.
CG0272,doi:10.1007/978-3-642-36742-7_5,20260731T010300Z;20260731T022106Z;20260731T022348Z,Structural Counter Abstraction,2013,2013-03-16,10.1007/978-3-642-36742-7_5,,International Conference on Tools and Algorithms for Construction and Analysis of Systems,opencitations;semanticscholar,10.1007/978-3-642-36742-7_5;258b7d05e2fe6eba66db6d8f2572efdbae9bb707,CS009,S10,,CS009,included,no,,0,title-screen,,,,Keyword score is prioritization only; it is not an eligibility or exclusion decision.
CG0273,doi:10.1007/978-3-642-37036-6_10,20260731T010300Z;20260731T022106Z,,,,10.1007/978-3-642-37036-6_10,,,opencitations,10.1007/978-3-642-37036-6_10,CS019,S29,CS019,,unknown-date,no,,0,manual-date-check,,,,Keyword score is prioritization only; it is not an eligibility or exclusion decision.
CG0274,doi:10.1007/978-3-642-37036-6_11,20260731T010300Z;20260731T022348Z,Modular Reasoning about Separation of Concurrent Data Structures,2013,2013-03-16,10.1007/978-3-642-37036-6_11,,European Symposium on Programming,semanticscholar,5b4b751350faf7b87158794f30402bd290d12a90,CS010;CS012,S14;S16,CS010;CS012,,included,no,,0,title-screen,,,,Keyword score is prioritization only; it is not an eligibility or exclusion decision.
CG0277,doi:10.1007/978-3-642-37036-6_29,20260731T010300Z;20260731T020306Z;20260731T020357Z;20260731T021519Z;20260731T022106Z;20260731T022348Z,Checking and Enforcing Robustness against TSO,2013,2013-03-16,10.1007/978-3-642-37036-6_29,,European Symposium on Programming,opencitations;semanticscholar,10.1007/978-3-642-37036-6_29;91ea231972fa6bea899f351c1270c625fc71a3a2,CS001;CS031,S01;S45,CS001;CS031,,included,no,,0,title-screen,,,,Keyword score is prioritization only; it is not an eligibility or exclusion decision.
CG0278,doi:10.1007/978-3-642-37036-6_32,20260731T010300Z;20260731T022106Z,,,,10.1007/978-3-642-37036-6_32,,,opencitations,10.1007/978-3-642-37036-6_32,CS019,S29,CS019,,unknown-date,no,,0,manual-date-check,,,,Keyword score is prioritization only; it is not an eligibility or exclusion decision.
CG0279,doi:10.1007/978-3-642-39799-8_11,20260731T010300Z;20260731T022348Z,Automatic Linearizability Proofs of Concurrent Objects with Cooperating Updates,2013,2013-07-13,10.1007/978-3-642-39799-8_11,,International Conference on Computer Aided Verification,semanticscholar,8d082dc4f8b37ccdba60420fa4e76d036715b55e,CS022,S33,CS022,,included,no,,0,title-screen,,,,Keyword score is prioritization only; it is not an eligibility or exclusion decision.
CG0281,doi:10.1007/978-3-642-40184-8_18,20260731T010300Z;20260731T022106Z,,,,10.1007/978-3-642-40184-8_18,,,opencitations,10.1007/978-3-642-40184-8_18,CS022,S33,CS022,,unknown-date,no,,0,manual-date-check,,,,Keyword score is prioritization only; it is not an eligibility or exclusion decision.
CG0282,doi:10.1007/978-3-642-54833-8_9,20260731T010300Z;20260731T022106Z;20260731T022348Z,Impredicative Concurrent Abstract Predicates,2014,2014-04-05,10.1007/978-3-642-54833-8_9,,European Symposium on Programming,opencitations;semanticscholar,10.1007/978-3-642-54833-8_9;8f89cf90580dd5442096c1db87b35f65b5e53af3,CS006;CS010;CS011;CS013,S07;S14;S15;S17,CS006;CS010;CS011;CS013,,included,no,,0,title-screen,,,,Keyword score is prioritization only; it is not an eligibility or exclusion decision.
CG0283,doi:10.1007/978-3-642-54862-8_11,20260731T010300Z;20260731T022106Z;20260731T022348Z,Proving Nontermination via Safety,2014,2014-04-05,10.1007/978-3-642-54862-8_11,,International Conference on Tools and Algorithms for Construction and Analysis of Systems,opencitations;semanticscholar,10.1007/978-3-642-54862-8_11;be9b4e48708ea07835038065b5acfcc802a09bbd,CS004,S05,CS004,,included,no,,0,title-screen,,,,Keyword score is prioritization only; it is not an eligibility or exclusion decision.
CG0284,doi:10.1007/978-3-642-71549-5,20260731T010300Z;20260731T020306Z;20260731T022348Z,Temporal Logic of Programs,1987,,10.1007/978-3-642-71549-5,,EATCS Monographs on Theoretical Computer Science,semanticscholar,53e5d573f977bd59416b0bf870bfd4d917c9b79a,CS012;CS030,S16;S44,CS012;CS030,,included,no,,0,title-screen,,,,Keyword score is prioritization only; it is not an eligibility or exclusion decision.
CG0285,doi:10.1007/978-3-662-43951-7_14,20260731T010300Z;20260731T022106Z;20260731T022348Z,Robustness against Power is PSpace-complete,2014,2014-04-28,10.1007/978-3-662-43951-7_14,1404.7092,"International Colloquium on Automata, Languages and Programming",opencitations;semanticscholar,10.1007/978-3-662-43951-7_14;9a7c2b299d7a19c4f2aaf9f073f63f10e8c4f397,CS001,S01,CS001,,included,no,,0,title-screen,,,,Keyword score is prioritization only; it is not an eligibility or exclusion decision.
CG0286,doi:10.1007/978-3-662-43951-7_19,20260731T010300Z;20260731T022106Z;20260731T022348Z,Between Linearizability and Quiescent Consistency - Quantitative Quiescent Consistency,2014,2014-02-17,10.1007/978-3-662-43951-7_19,1402.4043,"International Colloquium on Automata, Languages and Programming",opencitations;semanticscholar,10.1007/978-3-662-43951-7_19;aa3a3bb377f170002483cf1b9849d19594b0bbf5,CS006,S07,CS006,,included,no,,0,title-screen,,,,Keyword score is prioritization only; it is not an eligibility or exclusion decision.
CG0287,doi:10.1007/978-3-662-44202-9_9,20260731T010300Z;20260731T022106Z;20260731T022348Z,TaDA: A Logic for Time and Data Abstraction,2014,2014-08-01,10.1007/978-3-662-44202-9_9,,European Conference on Object-Oriented Programming,opencitations;semanticscholar,10.1007/978-3-662-44202-9_9;57a680b14c1c66b8641e4f65cedbd1519d8f1db1,CS006;CS007;CS010;CS011;CS012;CS013;CS019;CS023,S07;S08;S14;S15;S16;S17;S29;S35,CS006;CS007;CS010;CS011;CS012;CS013;CS019;CS023,,included,no,,0,title-screen,,,,Keyword score is prioritization only; it is not an eligibility or exclusion decision.
CG0288,doi:10.1007/978-3-662-46669-8_14,20260731T010300Z;20260731T022106Z;20260731T022348Z,Specifying and Verifying Concurrent Algorithms with Histories and Subjectivity,2014,2014-10-01,10.1007/978-3-662-46669-8_14,1410.0306,European Symposium on Programming,opencitations;semanticscholar,10.1007/978-3-662-46669-8_14;966d30ee6754adc647f8f83fdf7e178e7e61ac7e,CS006,S07,CS006,,included,no,,0,title-screen,,,,Keyword score is prioritization only; it is not an eligibility or exclusion decision.
CG0289,doi:10.1007/978-3-662-46669-8_6,20260731T010300Z;20260731T022348Z,Automatic Static Cost Analysis for Parallel Programs,2015,2015-04-11,10.1007/978-3-662-46669-8_6,,European Symposium on Programming,semanticscholar,fa5752c3588feb28d06f983258e291d191598a64,CS023,S35,CS023,,included,no,,0,title-screen,,,,Keyword score is prioritization only; it is not an eligibility or exclusion decision.
CG0290,doi:10.1007/978-3-662-46681-0_28,20260731T010300Z;20260731T022106Z,,,,10.1007/978-3-662-46681-0_28,,,opencitations,10.1007/978-3-662-46681-0_28,CS022,S33,CS022,,unknown-date,no,,0,manual-date-check,,,,Keyword score is prioritization only; it is not an eligibility or exclusion decision.
CG0294,doi:10.1007/978-3-662-48653-5_28,20260731T010300Z;20260731T022106Z;20260731T022348Z,Specifying Concurrent Problems: Beyond Linearizability and up to Tasks - (Extended Abstract),2015,2015-07-01,10.1007/978-3-662-48653-5_28,1507.00073,International Symposium on Distributed Computing,opencitations;semanticscholar,10.1007/978-3-662-48653-5_28;94c3d173e6ae8bed0573a380b89e409b3da71024,CS006,S07,CS006,,included,no,,0,title-screen,,,,Keyword score is prioritization only; it is not an eligibility or exclusion decision.
CG0296,doi:10.1007/978-3-662-49192-8_33,20260731T020306Z;20260731T020357Z;20260731T021519Z;20260731T022348Z,Bounded TSO-to-SC Linearizability Is Decidable,2016,2016-01-23,10.1007/978-3-662-49192-8_33,,Conference on Current Trends in Theory and Practice of Informatics,semanticscholar,63a48cb4a6cbb895b2290a973d4a483a4dbd9a71,CS031,S45,CS031,,included,no,,0,title-screen,,,,Keyword score is prioritization only; it is not an eligibility or exclusion decision.
CG0298,doi:10.1007/978-3-662-53426-7_23,20260731T010300Z;20260731T022106Z;20260731T022348Z,Linearizability of Persistent Memory Objects Under a Full-System-Crash Failure Model,2016,2016-09-27,10.1007/978-3-662-53426-7_23,,International Symposium on Distributed Computing,opencitations;semanticscholar,10.1007/978-3-662-53426-7_23;703cbf8936b998ebf18b24c649bf94268b675a71,CS021;CS026,S27;S31,CS021;CS026,,included,no,,0,title-screen,,,,Keyword score is prioritization only; it is not an eligibility or exclusion decision.
CG0299,doi:10.1007/978-3-662-54434-1_17,20260731T010300Z;20260731T022106Z;20260731T022348Z,Tackling Real-Life Relaxed Concurrency with FSL++,2017,2017-04-25,10.1007/978-3-662-54434-1_17,,European Symposium on Programming,opencitations;semanticscholar,10.1007/978-3-662-54434-1_17;57af923f720b261e7c88a86267997033759457d7,CS006;CS007;CS008,S07;S08;S09,CS006;CS007;CS008,,included,no,,0,title-screen,,,,Keyword score is prioritization only; it is not an eligibility or exclusion decision.
CG0300,doi:10.1007/978-3-662-54434-1_24,20260731T010300Z;20260731T022106Z;20260731T022348Z,Proving Linearizability Using Partial Orders,2017,2017-01-19,10.1007/978-3-662-54434-1_24,1701.05463,European Symposium on Programming,opencitations;semanticscholar,10.1007/978-3-662-54434-1_24;240798283585c18f284abab3fdef5085f590b311,CS006,S07,CS006,,included,no,,0,title-screen,,,,Keyword score is prioritization only; it is not an eligibility or exclusion decision.
CG0301,doi:10.1007/978-3-662-54434-1_26,20260731T010300Z;20260731T022106Z;20260731T022348Z,The Essence of Higher-Order Concurrent Separation Logic,2017,2017-04-22,10.1007/978-3-662-54434-1_26,,European Symposium on Programming,opencitations;semanticscholar,10.1007/978-3-662-54434-1_26;40ad5da7268bdc6468c997f5eb1b71c0f798c6ef,CS006;CS007;CS012,S07;S08;S16,CS006;CS007;CS012,,included,no,,0,title-screen,,,,Keyword score is prioritization only; it is not an eligibility or exclusion decision.
CG0303,doi:10.1007/978-3-662-54434-1_36,20260731T010300Z;20260731T022106Z;20260731T022348Z,Abstract Specifications for Concurrent Maps,2017,2017-04-22,10.1007/978-3-662-54434-1_36,,European Symposium on Programming,opencitations;semanticscholar,092dcce6d10ec8c0faf2a5fa7831ad3471ccef03;10.1007/978-3-662-54434-1_36,CS013,S17,,CS013,included,no,,0,title-screen,,,,Keyword score is prioritization only; it is not an eligibility or exclusion decision.
CG0305,doi:10.1007/978-94-011-1793-7_4,20260731T010300Z;20260731T022348Z,Assigning Meanings to Programs,1993,,10.1007/978-94-011-1793-7_4,,Program Verification,semanticscholar,b9e1ba50e31282590558010272e58ab821a9df1e,CS012,S16,CS012,,included,no,,0,title-screen,,,,Keyword score is prioritization only; it is not an eligibility or exclusion decision.
CG0306,doi:10.1007/978-94-017-0435-9_1,20260731T010300Z;20260731T022106Z,,,,10.1007/978-94-017-0435-9_1,,,opencitations,10.1007/978-94-017-0435-9_1,CS018;CS027,S28;S38,CS018;CS027,,unknown-date,no,,0,manual-date-check,,,,Keyword score is prioritization only; it is not an eligibility or exclusion decision.
CG0307,doi:10.1007/bf00121262,20260731T020306Z;20260731T022348Z,Combining partial order reductions with on-the-fly model-checking,1994,1994-06-21,10.1007/bf00121262,,Formal Methods Syst. Des.,semanticscholar,4734a8494497d39ee25eb248417403cc98b76931,CS030,S44,CS030,,included,no,,0,title-screen,,,,Keyword score is prioritization only; it is not an eligibility or exclusion decision.
CG0309,doi:10.1007/bf00290732,20260731T020306Z;20260731T020357Z;20260731T021519Z;20260731T022106Z;20260731T022348Z,On some variants of Post's Correspondence Problem,1983,1983-09-01,10.1007/bf00290732,,Acta Informatica,opencitations;semanticscholar,10.1007/bf00290732;607b898910d2974e1e1cf5dd5a2c2d11671eba16,CS031,S45,CS031,,included,no,,0,title-screen,,,,Keyword score is prioritization only; it is not an eligibility or exclusion decision.
CG0313,doi:10.1007/bf01211617,20260731T010300Z;20260731T022106Z;20260731T022348Z,The rely-guarantee method for verifying shared variable concurrent programs,1997,1997-03-01,10.1007/bf01211617,,Formal Aspects of Computing,opencitations;semanticscholar,10.1007/bf01211617;cd352cd38a8323c2ac4569f1b643b7a455e6fa48,CS014;CS028,S19;S40,CS014;CS028,,included,no,,0,title-screen,,,,Keyword score is prioritization only; it is not an eligibility or exclusion decision.
CG0314,doi:10.1007/bf01257083,20260731T020306Z;20260731T022348Z,The temporal logic of branching time,1981,1981-01-26,10.1007/bf01257083,,ACM-SIGACT Symposium on Principles of Programming Languages,semanticscholar,b71885bb82053e53bff32e15aee6ab84489d5bf2,CS030,S44,CS030,,included,no,,0,title-screen,,,,Keyword score is prioritization only; it is not an eligibility or exclusion decision.
CG0316,doi:10.1007/bf01444205,20260731T010300Z;20260731T022106Z,,,,10.1007/bf01444205,,,opencitations,10.1007/bf01444205,CS013,S17,CS013,,unknown-date,no,,0,manual-date-check,,,,Keyword score is prioritization only; it is not an eligibility or exclusion decision.
CG0317,doi:10.1007/bfb0013029,20260731T020306Z;20260731T022348Z,Expressibility results for linear-time and branching-time logics,1988,1988-05-30,10.1007/bfb0013029,,REX Workshop,semanticscholar,6882584a354b86b6a97072ef284ecbd56a43c72f,CS030,S44,CS030,,included,no,,0,title-screen,,,,Keyword score is prioritization only; it is not an eligibility or exclusion decision.
CG0318,doi:10.1007/bfb0015727,20260731T020306Z;20260731T022348Z,Linear and Branching Structures in the Semantics and Logics of Reactive Systems,1985,1985-07-15,10.1007/bfb0015727,,"International Colloquium on Automata, Languages and Programming",semanticscholar,e802aa8a2bf2fe400bf5cc0e12cd55411287bb19,CS030,S44,CS030,,included,no,,0,title-screen,,,,Keyword score is prioritization only; it is not an eligibility or exclusion decision.
CG0319,doi:10.1007/bfb0036900,20260731T010300Z;20260731T022106Z;20260731T022348Z,Behavioural Equivalence Relations Induced by Programming Logics,1983,1983-07-18,10.1007/bfb0036900,,"International Colloquium on Automata, Languages and Programming",opencitations;semanticscholar,10.1007/bfb0036900;56ad2bda2cb9bd6ede153945ab60ec9e1da83800,CS007,S08,CS007,,included,no,,0,title-screen,,,,Keyword score is prioritization only; it is not an eligibility or exclusion decision.
CG0321,doi:10.1007/bfb0055612,20260731T020306Z;20260731T022348Z,Sometimes and Not Never Re-revisited: On Branching Versus Linear Time,1998,1998-09-08,10.1007/bfb0055612,,International Conference on Concurrency Theory,semanticscholar,b6a8d530e7be6936b219b1592a3fb462c222687c,CS030,S44,CS030,,included,no,,0,title-screen,,,,Keyword score is prioritization only; it is not an eligibility or exclusion decision.
CG0323,doi:10.1007/s00165-007-0037-4,20260731T010300Z;20260731T022106Z,,,,10.1007/s00165-007-0037-4,,,opencitations,10.1007/s00165-007-0037-4,CS024,A29,CS024,,unknown-date,no,,0,manual-date-check,,,,Keyword score is prioritization only; it is not an eligibility or exclusion decision.
CG0324,doi:10.1007/s00165-009-0130-y,20260731T010300Z;20260731T022106Z,,2011,2011-01,10.1007/s00165-009-0130-y,,,opencitations,10.1007/s00165-009-0130-y,CS027,S38,,CS027,included,no,,0,missing-title-manual-check,,,,Keyword score is prioritization only; it is not an eligibility or exclusion decision.
CG0327,doi:10.1007/s00165-021-00541-8,20260731T010300Z;20260731T022106Z,,,,10.1007/s00165-021-00541-8,,,opencitations,10.1007/s00165-021-00541-8,CS021,S31,CS021,,unknown-date,no,,0,manual-date-check,,,,Keyword score is prioritization only; it is not an eligibility or exclusion decision.
CG0328,doi:10.1007/s00234-004-1233-z,20260731T010300Z;20260731T022106Z,,,,10.1007/s00234-004-1233-z,,,opencitations,10.1007/s00234-004-1233-z,CS029,S42,CS029,,unknown-date,no,,0,manual-date-check,,,,Keyword score is prioritization only; it is not an eligibility or exclusion decision.
CG0329,doi:10.1007/s00236-006-0020-1,20260731T010300Z;20260731T022106Z,,,,10.1007/s00236-006-0020-1,,,opencitations,10.1007/s00236-006-0020-1,CS027,S38,CS027,,unknown-date,no,,0,manual-date-check,,,,Keyword score is prioritization only; it is not an eligibility or exclusion decision.
CG0330,doi:10.1007/s00236-007-0044-1,20260731T010300Z;20260731T020306Z;20260731T022106Z;20260731T022348Z,A criterion for atomicity revisited,2007,2007-04-26,10.1007/s00236-007-0044-1,,Acta Informatica,opencitations;semanticscholar,085e99fd66765b03bf420f6f729d7deb2109a4fa;10.1007/s00236-007-0044-1,CS027;CS030,S38;S44,CS027;CS030,,included,no,,0,title-screen,,,,Keyword score is prioritization only; it is not an eligibility or exclusion decision.
CG0332,doi:10.1007/s00236-017-0305-6,20260731T020306Z;20260731T020357Z;20260731T021519Z;20260731T022348Z,TSO-to-TSO linearizability is undecidable,2015,2015-10-12,10.1007/s00236-017-0305-6,,Acta Informatica,semanticscholar,6c300bffe3c016670a22efe59930b296915065ef,CS031,S45,CS031,,included,no,,0,title-screen,,,,Keyword score is prioritization only; it is not an eligibility or exclusion decision.
CG0333,doi:10.1007/s002360050116,20260731T010300Z;20260731T022106Z,,,,10.1007/s002360050116,,,opencitations,10.1007/s002360050116,CS014,S19,CS014,,unknown-date,no,,0,manual-date-check,,,,Keyword score is prioritization only; it is not an eligibility or exclusion decision.
CG0336,doi:10.1007/s004460050028,20260731T010300Z;20260731T022106Z,,,,10.1007/s004460050028,,,opencitations,10.1007/s004460050028,CS021,S31,CS021,,unknown-date,no,,0,manual-date-check,,,,Keyword score is prioritization only; it is not an eligibility or exclusion decision.
CG0338,doi:10.1007/s10009-010-0135-0,20260731T020306Z;20260731T022348Z,Data decision diagrams for Promela systems analysis,2010,2010-09-01,10.1007/s10009-010-0135-0,,International Journal on Software Tools for Technology Transfer (STTT),semanticscholar,510e2f0ddad0397c680e684e5563d298ad7fd763,CS030,S44,CS030,,included,no,,0,title-screen,,,,Keyword score is prioritization only; it is not an eligibility or exclusion decision.
CG0340,doi:10.1007/s10009-014-0308-3,20260731T010300Z;20260731T022106Z;20260731T022348Z,KIV: overview and VerifyThis competition,2014,2014-04-16,10.1007/s10009-014-0308-3,,International Journal on Software Tools for Technology Transfer (STTT),opencitations;semanticscholar,10.1007/s10009-014-0308-3;d0c4faccf2df85de913544eae8d653610f402eae,CS018;CS027,S28;S38,,CS018;CS027,included,no,,0,title-screen,,,,Keyword score is prioritization only; it is not an eligibility or exclusion decision.
CG0344,doi:10.1007/s100090200074,20260731T020306Z;20260731T022348Z,Symmetric Spin,2000,2000-08-30,10.1007/s100090200074,,International Journal on Software Tools for Technology Transfer (STTT),semanticscholar,b1648019fe417d082d59b65ef6ce887e6f730309,CS030,S44,CS030,,included,no,,0,title-screen,,,,Keyword score is prioritization only; it is not an eligibility or exclusion decision.
CG0345,doi:10.1007/s10472-013-9389-z,20260731T010300Z;20260731T022106Z;20260731T022348Z,RGITL: A temporal logic framework for compositional reasoning about interleaved programs,2014,2014-01-29,10.1007/s10472-013-9389-z,,Annals of Mathematics and Artificial Intelligence,opencitations;semanticscholar,10.1007/s10472-013-9389-z;9ca8a75f6461dbf33d507fcc427982062ba60f95,CS009;CS018,S10;S28,,CS009;CS018,included,no,,0,title-screen,,,,Keyword score is prioritization only; it is not an eligibility or exclusion decision.
CG0348,doi:10.1007/s10703-006-4342-y,20260731T010300Z;20260731T022106Z,,,,10.1007/s10703-006-4342-y,,,opencitations,10.1007/s10703-006-4342-y,CS003,S03,CS003,,unknown-date,no,,0,manual-date-check,,,,Keyword score is prioritization only; it is not an eligibility or exclusion decision.
CG0349,doi:10.1007/s10703-011-0111-7,20260731T010300Z;20260731T022106Z;20260731T022348Z,Programs with lists are counter automata,2006,2006-08-17,10.1007/s10703-011-0111-7,,Formal Methods Syst. Des.,opencitations;semanticscholar,10.1007/s10703-011-0111-7;b1579afce14b3b0a9281fabdf451448ca643ec5b,CS028,S40,CS028,,included,no,,0,title-screen,,,,Keyword score is prioritization only; it is not an eligibility or exclusion decision.
CG0350,doi:10.1007/s10703-012-0161-5,20260731T010300Z;20260731T022106Z,,,,10.1007/s10703-012-0161-5,,,opencitations,10.1007/s10703-012-0161-5,CS003,S03,CS003,,unknown-date,no,,0,manual-date-check,,,,Keyword score is prioritization only; it is not an eligibility or exclusion decision.
CG0355,doi:10.1007/s10766-017-0518-x,20260731T010300Z;20260731T022106Z;20260731T022348Z,GPS+\documentclass[12pt]{minimal} \usepackage{amsmath} \usepackage{wasysym} \usepackage{amsfonts} \usepackage{amssymb} \usepackage{amsbsy} \usepackage{mathrsfs} \usepackage{upgreek} \setlength{\oddsidemargin}{-69pt} \begin{document}$$+$$\end{document}: Reasoning About Fences and Relaxed Atomics,2017,2017-09-26,10.1007/s10766-017-0518-x,,International journal of parallel programming,opencitations;semanticscholar,10.1007/s10766-017-0518-x;feac41cb8a904326f93ac648ee70fd277f10c304,CS006,S07,CS006,,included,no,,0,title-screen,,,,Keyword score is prioritization only; it is not an eligibility or exclusion decision.
CG0356,doi:10.1007/s10817-010-9174-1,20260731T010300Z;20260731T022106Z;20260731T022348Z,Closed-Form Upper Bounds in Static Cost Analysis,2011,2011-02-01,10.1007/s10817-010-9174-1,,Journal of automated reasoning,opencitations;semanticscholar,10.1007/s10817-010-9174-1;d142a97ce42b77cde05f69c0a24089cf9da17067,CS028,S40,CS028,,included,no,,0,title-screen,,,,Keyword score is prioritization only; it is not an eligibility or exclusion decision.
CG0359,doi:10.1007/s10817-016-9402-4,20260731T010300Z;20260731T022106Z;20260731T022348Z,Complexity and Resource Bound Analysis of Imperative Programs Using Difference Constraints,2017,2017-01-11,10.1007/s10817-016-9402-4,,Journal of automated reasoning,opencitations;semanticscholar,10.1007/s10817-016-9402-4;84474caa2d7b1e0436efb61dccc51aed3b820ac5,CS028,S40,CS028,,included,no,,0,title-screen,,,,Keyword score is prioritization only; it is not an eligibility or exclusion decision.
CG0360,doi:10.1007/s10817-017-9431-7,20260731T010300Z;20260731T022106Z;20260731T022348Z,Verifying the Correctness and Amortized Complexity of a Union-Find Implementation in Separation Logic with Time Credits,2017,2017-09-22,10.1007/s10817-017-9431-7,,Journal of automated reasoning,opencitations;semanticscholar,10.1007/s10817-017-9431-7;987ac16efc215aeb54ed3334940fbe2aba9634f9,CS016;CS019;CS023,A27;S29;S35,CS019;CS023,CS016,included,no,,0,title-screen,,,,Keyword score is prioritization only; it is not an eligibility or exclusion decision.
CG0362,doi:10.1007/s11390-021-1671-7,20260731T010300Z;20260731T022106Z;20260731T022348Z,Verifying Contextual Refinement with Ownership Transfer,2021,2021-11-30,10.1007/s11390-021-1671-7,,Journal of Computational Science and Technology,opencitations;semanticscholar,10.1007/s11390-021-1671-7;591853787cb1302f226fc3322ff5ac4fec3f749d,CS014,S19,,CS014,included,no,,0,title-screen,,,,Keyword score is prioritization only; it is not an eligibility or exclusion decision.
CG0363,doi:10.1007/s11704-023-2774-9,20260731T010300Z;20260731T022106Z;20260731T022348Z,A program logic for obstruction-freedom,2023,2023-12-28,10.1007/s11704-023-2774-9,,Frontiers of Computer Science,opencitations;semanticscholar,10.1007/s11704-023-2774-9;e31ee6e15e8ea48dbbc809f213c177971aea65dd,CS009;CS013;CS014;CS016,A27;S10;S17;S19,,CS009;CS013;CS014;CS016,included,no,,0,title-screen,,,,Keyword score is prioritization only; it is not an eligibility or exclusion decision.
CG0365,doi:10.1016/0001-8708(92)90011-9,20260731T010300Z;20260731T022106Z;20260731T022348Z,Sets with a negative number of elements,1992,,10.1016/0001-8708(92)90011-9,,,opencitations;semanticscholar,10.1016/0001-8708(92)90011-9;1e63a4c0528a848720a13ec0430d75559c2f90c4,CS019,S29,CS019,,included,no,,0,title-screen,,,,Keyword score is prioritization only; it is not an eligibility or exclusion decision.
CG0366,doi:10.1016/0020-0190(81)90106-x,20260731T020306Z;20260731T020357Z;20260731T021519Z;20260731T022106Z;20260731T022348Z,Myths About the Mutual Exclusion Problem,1981,1981-06-01,10.1016/0020-0190(81)90106-x,,Information Processing Letters,opencitations;semanticscholar,10.1016/0020-0190(81)90106-x;5b563eb9bd547a03fc2db90482fdc895ead52ce7,CS031,S45,CS031,,included,no,,0,title-screen,,,,Keyword score is prioritization only; it is not an eligibility or exclusion decision.
CG0371,doi:10.1016/0168-0072(91)90066-u,20260731T010300Z;20260731T022106Z,,,,10.1016/0168-0072(91)90066-u,,,opencitations,10.1016/0168-0072(91)90066-u,CS009,S10,CS009,,unknown-date,no,,0,manual-date-check,,,,Keyword score is prioritization only; it is not an eligibility or exclusion decision.
CG0372,doi:10.1016/0304-3975(81)90110-9,20260731T020306Z;20260731T022348Z,The Temporal Semantics of Concurrent Programs,1979,1979-07-02,10.1016/0304-3975(81)90110-9,,Theoretical Computer Science,semanticscholar,6c966f0bba6d8ff114d78aa72f2dc50d00a32a5b,CS030,S44,CS030,,included,no,,0,title-screen,,,,Keyword score is prioritization only; it is not an eligibility or exclusion decision.
CG0373,doi:10.1016/0304-3975(91)90224-p,20260731T010300Z;20260731T020306Z;20260731T022106Z;20260731T022348Z,The existence of refinement mappings,1988,1988-07-05,10.1016/0304-3975(91)90224-p,,[1988] Proceedings. Third Annual Information Symposium on Logic in Computer Science,opencitations;semanticscholar,10.1016/0304-3975(91)90224-p;983c6d464e7e45c1320d9182a7ce39fef5575d1b,CS006;CS030,S07;S44,CS006;CS030,,included,no,,0,title-screen,,,,Keyword score is prioritization only; it is not an eligibility or exclusion decision.
CG0374,doi:10.1016/0304-3975(92)90014-7,20260731T010300Z;20260731T022106Z;20260731T022348Z,The Revised Report on the Syntactic Theories of Sequential Control and State,1992,1992-09-14,10.1016/0304-3975(92)90014-7,,Theoretical Computer Science,opencitations;semanticscholar,10.1016/0304-3975(92)90014-7;2de3e6d85b2e7cb41a6e87b3188b9101d147dd82,CS019,S29,CS019,,included,no,,0,title-screen,,,,Keyword score is prioritization only; it is not an eligibility or exclusion decision.
CG0375,doi:10.1016/0890-5401(92)90076-r,20260731T020306Z;20260731T022348Z,A Lattice for Abstract Interpretation of Dynamic (LISP-Like) Structures,1992,1992-11-01,10.1016/0890-5401(92)90076-r,,Information and Computation,semanticscholar,0b686bb7953f767ed066fae50242c29e69cff632,CS030,S44,CS030,,included,no,,0,title-screen,,,,Keyword score is prioritization only; it is not an eligibility or exclusion decision.
CG0376,doi:10.1016/b978-0-444-88074-1.50021-4,20260731T020306Z;20260731T022348Z,Temporal and Modal Logic,1991,1991-01-02,10.1016/b978-0-444-88074-1.50021-4,,"Handbook of Theoretical Computer Science, Volume B: Formal Models and Sematics",semanticscholar,5c8cc309444a2d7d49e7ee2e40eeb6d5dc1f7412,CS030,S44,CS030,,included,no,,0,title-screen,,,,Keyword score is prioritization only; it is not an eligibility or exclusion decision.
CG0377,doi:10.1016/c2011-0-06993-4,20260731T020306Z;20260731T020357Z;20260731T021519Z;20260731T022348Z,The Art of Multiprocessor Programming,2021,,10.1016/c2011-0-06993-4,,,semanticscholar,f483e4a22d2aa8252b667d628133582a87207a38,CS031,S45,CS031,,included,no,,0,title-screen,,,,Keyword score is prioritization only; it is not an eligibility or exclusion decision.
CG0378,doi:10.1016/j.camwa.2011.09.024,20260731T010300Z;20260731T022348Z,Task Optimization Based on CPU Pipeline Technique in Multicore System,2011,2011-06-30,10.1016/j.camwa.2011.09.024,,2011 Fifth International Conference on Innovative Mobile and Internet Services in Ubiquitous Computing,semanticscholar,9ded374a5e39c53779f42632e4c1cc3eb5bf0c59,CS009,S10,,CS009,included,no,,0,title-screen,,,,Keyword score is prioritization only; it is not an eligibility or exclusion decision.
CG0380,doi:10.1016/j.entcs.2005.04.010,20260731T020306Z;20260731T022348Z,Finding Symmetry in Models of Concurrent Systems by Static Channel Diagram Analysis,2005,2005-05-01,10.1016/j.entcs.2005.04.010,,International Workshop Automated Verification Critical Systems,semanticscholar,ed8bd95ddffb3b8fd4418c8dd0fdf252fef10913,CS030,S44,CS030,,included,no,,0,title-screen,,,,Keyword score is prioritization only; it is not an eligibility or exclusion decision.
CG0381,doi:10.1016/j.entcs.2005.04.026,20260731T010300Z;20260731T020306Z;20260731T022106Z;20260731T022348Z,Verifying Concurrent Data Structures by Simulation,2005,2005-07-01,10.1016/j.entcs.2005.04.026,,Refinement Workshop,opencitations;semanticscholar,10.1016/j.entcs.2005.04.026;f9cf9a10c47610b6c41c8a19a137630ae8b5b697,CS024;CS030,A29;S44,CS024;CS030,,included,no,,0,title-screen,,,,Keyword score is prioritization only; it is not an eligibility or exclusion decision.
CG0382,doi:10.1016/j.entcs.2005.09.007,20260731T020306Z;20260731T022348Z,Spin-to-Grape: A Tool for Analysing Symmetry in Promela Models,2005,2005-11-01,10.1016/j.entcs.2005.09.007,,Arts,semanticscholar,568c944f58df41be77924a2b57c06a6963adfee4,CS030,S44,CS030,,included,no,,0,title-screen,,,,Keyword score is prioritization only; it is not an eligibility or exclusion decision.
CG0383,doi:10.1016/j.entcs.2006.08.044,20260731T010300Z;20260731T022106Z,,,,10.1016/j.entcs.2006.08.044,,,opencitations,10.1016/j.entcs.2006.08.044,CS027,S38,CS027,,unknown-date,no,,0,manual-date-check,,,,Keyword score is prioritization only; it is not an eligibility or exclusion decision.
CG0385,doi:10.1016/j.entcs.2011.09.029,20260731T010300Z;20260731T022106Z,,,,10.1016/j.entcs.2011.09.029,,,opencitations,10.1016/j.entcs.2011.09.029,CS016,A27,CS016,,unknown-date,no,,0,manual-date-check,,,,Keyword score is prioritization only; it is not an eligibility or exclusion decision.
CG0386,doi:10.1016/j.entcs.2015.12.002,20260731T010300Z;20260731T022106Z,,,,10.1016/j.entcs.2015.12.002,,,opencitations,10.1016/j.entcs.2015.12.002,CS013,S17,CS013,,unknown-date,no,,0,manual-date-check,,,,Keyword score is prioritization only; it is not an eligibility or exclusion decision.
CG0388,doi:10.1016/j.jcss.2014.06.005,20260731T010300Z;20260731T022106Z,,,,10.1016/j.jcss.2014.06.005,,,opencitations,10.1016/j.jcss.2014.06.005,CS003,S03,CS003,,unknown-date,no,,0,manual-date-check,,,,Keyword score is prioritization only; it is not an eligibility or exclusion decision.
CG0389,doi:10.1016/j.jlamp.2018.03.003,20260731T010300Z;20260731T022348Z,A perspective on specifying and verifying concurrent modules,2018,2018-08-01,10.1016/j.jlamp.2018.03.003,,J. Log. Algebraic Methods Program.,semanticscholar,bf53db2da1700b0d5243760e8dfbf195308b1152,CS013,S17,,CS013,included,no,,0,title-screen,,,,Keyword score is prioritization only; it is not an eligibility or exclusion decision.
CG0391,doi:10.1016/j.jpdc.2009.08.011,20260731T010300Z;20260731T022106Z,,,,10.1016/j.jpdc.2009.08.011,,,opencitations,10.1016/j.jpdc.2009.08.011,CS017,A28,CS017,,unknown-date,no,,0,manual-date-check,,,,Keyword score is prioritization only; it is not an eligibility or exclusion decision.
CG0392,doi:10.1016/j.jpdc.2010.06.006,20260731T010300Z;20260731T022106Z;20260731T022348Z,Transactional memory,2010,2010-10-01,10.1016/j.jpdc.2010.06.006,,J. Parallel Distributed Comput.,opencitations;semanticscholar,10.1016/j.jpdc.2010.06.006;810e767c29575ce6e39b06b08ae2b7fde1fbba0c,CS025;CS029,A30;S42,,CS025;CS029,included,no,,0,title-screen,,,,Keyword score is prioritization only; it is not an eligibility or exclusion decision.
CG0393,doi:10.1016/j.scico.2005.03.007,20260731T010300Z;20260731T022106Z;20260731T022348Z,The java.util.concurrent synchronizer framework,2005,2005-12-01,10.1016/j.scico.2005.03.007,,Science of Computer Programming,opencitations;semanticscholar,10.1016/j.scico.2005.03.007;31fa7623b9a26114d676fcd0f293f98691aabc32,CS022,S33,CS022,,included,no,,0,title-screen,,,,Keyword score is prioritization only; it is not an eligibility or exclusion decision.
CG0395,doi:10.1016/j.scico.2014.04.001,20260731T010300Z;20260731T022106Z;20260731T022348Z,Two approaches for proving linearizability of multiset,2014,2014-12-15,10.1016/j.scico.2014.04.001,,Science of Computer Programming,opencitations;semanticscholar,10.1016/j.scico.2014.04.001;84b166152a19088c33dc8f3de3b996c0bd51c74f,CS018;CS021;CS027,S28;S31;S38,CS021,CS018;CS027,included,no,,0,title-screen,,,,Keyword score is prioritization only; it is not an eligibility or exclusion decision.
CG0399,doi:10.1016/j.tcs.2006.12.034,20260731T010300Z;20260731T022106Z,,,,10.1016/j.tcs.2006.12.034,,,opencitations,10.1016/j.tcs.2006.12.034,CS002;CS010,S02;S14,CS002;CS010,,unknown-date,no,,0,manual-date-check,,,,Keyword score is prioritization only; it is not an eligibility or exclusion decision.
CG0400,doi:10.1016/j.tcs.2006.12.035,20260731T010300Z;20260731T022106Z,,,,10.1016/j.tcs.2006.12.035,,,opencitations,10.1016/j.tcs.2006.12.035,CS002;CS009;CS010;CS016,A27;S02;S10;S14,CS002;CS009;CS010;CS016,,unknown-date,no,,0,manual-date-check,,,,Keyword score is prioritization only; it is not an eligibility or exclusion decision.
CG0401,doi:10.1016/j.tcs.2007.09.003,20260731T010300Z;20260731T022106Z;20260731T022348Z,A program logic for resources,2007,2007-12-20,10.1016/j.tcs.2007.09.003,,Theoretical Computer Science,opencitations;semanticscholar,10.1016/j.tcs.2007.09.003;7c5f3925b09498c0dd4936a9b01547310783ca37,CS019,S29,CS019,,included,no,,0,title-screen,,,,Keyword score is prioritization only; it is not an eligibility or exclusion decision.
CG0402,doi:10.1016/j.tcs.2010.09.021,20260731T010300Z;20260731T022106Z;20260731T022348Z,Abstraction for concurrent objects,2009,2009-03-28,10.1016/j.tcs.2010.09.021,,Theoretical Computer Science,opencitations;semanticscholar,10.1016/j.tcs.2010.09.021;ca497df7d7e61408e796b0d91610e73b31ec7a51,CS007;CS008;CS014,S08;S09;S19,CS007;CS008;CS014,,included,no,,0,title-screen,,,,Keyword score is prioritization only; it is not an eligibility or exclusion decision.
CG0403,doi:10.1016/s0020-0190(01)00337-4,20260731T020306Z;20260731T020357Z;20260731T021519Z;20260731T022106Z;20260731T022348Z,Verifying lossy channel systems has nonprimitive recursive complexity,2002,2002-09-15,10.1016/s0020-0190(01)00337-4,,Information Processing Letters,opencitations;semanticscholar,10.1016/s0020-0190(01)00337-4;bcb5860570681f8fe2f472dafc09107c75f10198,CS031,S45,CS031,,included,no,,0,title-screen,,,,Keyword score is prioritization only; it is not an eligibility or exclusion decision.
CG0404,doi:10.1016/s0049-237x(08)70247-7,20260731T010300Z;20260731T022106Z,,,,10.1016/s0049-237x(08)70247-7,,,opencitations,10.1016/s0049-237x(08)70247-7,CS019,S29,CS019,,unknown-date,no,,0,manual-date-check,,,,Keyword score is prioritization only; it is not an eligibility or exclusion decision.
CG0405,doi:10.1016/s0304-3975(00)00102-x,20260731T010300Z;20260731T022106Z,,,,10.1016/s0304-3975(00)00102-x,,,opencitations,10.1016/s0304-3975(00)00102-x,CS003,S03,CS003,,unknown-date,no,,0,manual-date-check,,,,Keyword score is prioritization only; it is not an eligibility or exclusion decision.
CG0406,doi:10.1016/s0890-5401(03)00009-9,20260731T010300Z;20260731T022106Z,,,,10.1016/s0890-5401(03)00009-9,,,opencitations,10.1016/s0890-5401(03)00009-9,CS019,S29,CS019,,unknown-date,no,,0,manual-date-check,,,,Keyword score is prioritization only; it is not an eligibility or exclusion decision.
CG0407,doi:10.1016/s1570-8683(03)00008-9,20260731T020306Z;20260731T022348Z,Mathematical modal logic: A view of its evolution,2003,2003-10-01,10.1016/s1570-8683(03)00008-9,,Journal of Applied Logic,semanticscholar,e83a278930472ba30ad01e492d08fb6b2047a513,CS030,S44,CS030,,included,no,,0,title-screen,,,,Keyword score is prioritization only; it is not an eligibility or exclusion decision.
CG0408,doi:10.1016/s1571-0661(05)80006-4,20260731T020306Z;20260731T022348Z,Automatically Verifying Concurrent Queue Algorithms,2003,2003-09-01,10.1016/s1571-0661(05)80006-4,,SoftMC@CAV,semanticscholar,01fb99cade393a363567cec1c1921393d8d887d9,CS030,S44,CS030,,included,no,,0,title-screen,,,,Keyword score is prioritization only; it is not an eligibility or exclusion decision.
CG0410,doi:10.1017/9781009129220,20260731T010300Z;20260731T022106Z,,,,10.1017/9781009129220,,,opencitations,10.1017/9781009129220,CS019,S29,CS019,,unknown-date,no,,0,manual-date-check,,,,Keyword score is prioritization only; it is not an eligibility or exclusion decision.
CG0411,doi:10.1017/cbo9780511609619,20260731T010300Z;20260731T022106Z,,,,10.1017/cbo9780511609619,,,opencitations,10.1017/cbo9780511609619,CS019,S29,CS019,,unknown-date,no,,0,manual-date-check,,,,Keyword score is prioritization only; it is not an eligibility or exclusion decision.
CG0412,doi:10.1017/cbo9780511663079,20260731T010300Z;20260731T022106Z,,,,10.1017/cbo9780511663079,,,opencitations,10.1017/cbo9780511663079,CS027,S38,CS027,,unknown-date,no,,0,manual-date-check,,,,Keyword score is prioritization only; it is not an eligibility or exclusion decision.
CG0413,doi:10.1017/s0956796818000151,20260731T010300Z;20260731T022106Z;20260731T022348Z,Iris from the ground up: A modular foundation for higher-order concurrent separation logic,2018,,10.1017/s0956796818000151,,Journal of functional programming,opencitations;semanticscholar,0a40611a839d7e399a6647418984e60790e6910a;10.1017/s0956796818000151,CS002;CS006;CS007;CS010;CS011;CS019;CS023;CS026,S02;S07;S08;S14;S15;S27;S29;S35,CS002;CS006;CS007;CS010;CS011;CS019;CS023;CS026,,included,no,,0,title-screen,,,,Keyword score is prioritization only; it is not an eligibility or exclusion decision.
CG0414,doi:10.1017/s0960129521000487,20260731T010300Z;20260731T022106Z;20260731T022348Z,Two decades of automatic amortized resource analysis,2022,2022-03-16,10.1017/s0960129521000487,,Mathematical Structures in Computer Science,opencitations;semanticscholar,10.1017/s0960129521000487;4dc3d33fd6aa6e85848f1e89f1dd26b8c98c05e4,CS016;CS019,A27;S29,CS019,CS016,included,no,,0,title-screen,,,,Keyword score is prioritization only; it is not an eligibility or exclusion decision.
CG0415,doi:10.1023/a:1008624904634,20260731T010300Z;20260731T022106Z,,,,10.1023/a:1008624904634,,,opencitations,10.1023/a:1008624904634,CS009,S10,CS009,,unknown-date,no,,0,manual-date-check,,,,Keyword score is prioritization only; it is not an eligibility or exclusion decision.
CG0416,doi:10.1023/a:1008696026254,20260731T020306Z;20260731T022348Z,An Analysis of Bitstate Hashing,1995,1995-06-01,10.1023/a:1008696026254,,Formal Methods Syst. Des.,semanticscholar,3a3f46788f1178e351e21216d09e6632e8156880,CS030,S44,CS030,,included,no,,0,title-screen,,,,Keyword score is prioritization only; it is not an eligibility or exclusion decision.
CG0417,doi:10.1080/04597220801912986,20260731T020306Z;20260731T020357Z;20260731T021519Z;20260731T022348Z,Reference,2008,2008-02-01,10.1080/04597220801912986,,,semanticscholar,72b2000f6cd8dec7d0a04a1c646a15c100e6b0de,CS031,S45,CS031,,included,no,,0,title-screen,,,,Keyword score is prioritization only; it is not an eligibility or exclusion decision.
CG0418,doi:10.1090/psapm/019/0235771,20260731T010300Z;20260731T022106Z,,,,10.1090/psapm/019/0235771,,,opencitations,10.1090/psapm/019/0235771,CS013,S17,CS013,,unknown-date,no,,0,manual-date-check,,,,Keyword score is prioritization only; it is not an eligibility or exclusion decision.
CG0419,doi:10.1090/s0002-9904-1946-08555-9,20260731T020306Z;20260731T020357Z;20260731T021519Z;20260731T022106Z;20260731T022348Z,A variant of a recursively unsolvable problem,1946,1946-04-01,10.1090/s0002-9904-1946-08555-9,,,opencitations;semanticscholar,10.1090/s0002-9904-1946-08555-9;5c406be5ae6f2935b6653f101f02332186cb50d9,CS031,S45,CS031,,included,no,,0,title-screen,,,,Keyword score is prioritization only; it is not an eligibility or exclusion decision.
CG0420,doi:10.1093/comjnl/38.3.260,20260731T020306Z;20260731T022348Z,"Temporal Logic: Mathematical Foundations and Computational Aspects, Volume 1",1995,,10.1093/comjnl/38.3.260,,,semanticscholar,9140e299ba8792fafc753d3cd66b619f68ac3119,CS030,S44,CS030,,included,no,,0,title-screen,,,,Keyword score is prioritization only; it is not an eligibility or exclusion decision.
CG0421,doi:10.1093/comjnl/6.4.308,20260731T010300Z;20260731T022106Z;20260731T022348Z,The Mechanical Evaluation of Expressions,1964,,10.1093/comjnl/6.4.308,,Computer/law journal,opencitations;semanticscholar,10.1093/comjnl/6.4.308;2769c203102a875c10bc11affc161891472176d1,CS019,S29,CS019,,included,no,,0,title-screen,,,,Keyword score is prioritization only; it is not an eligibility or exclusion decision.
CG0422,doi:10.1093/jigpal/jzl009,20260731T020306Z;20260731T022348Z,Verifying Temporal Heap Properties Specified via Evolution Logic,2003,2003-04-07,10.1093/jigpal/jzl009,,Logic Journal of the IGPL,semanticscholar,c66fd1c59224772f1cab141658db25e199aebeee,CS030,S44,CS030,,included,no,,0,title-screen,,,,Keyword score is prioritization only; it is not an eligibility or exclusion decision.
CG0423,doi:10.1093/logcom/6.3.343,20260731T010300Z;20260731T022106Z,,,,10.1093/logcom/6.3.343,,,opencitations,10.1093/logcom/6.3.343,CS024;CS025,A29;A30,CS024;CS025,,unknown-date,no,,0,manual-date-check,,,,Keyword score is prioritization only; it is not an eligibility or exclusion decision.
CG0426,doi:10.1109/71.819952,20260731T020306Z;20260731T022348Z,Universal Constructions for Large Objects,1995,1995-09-13,10.1109/71.819952,,IEEE Trans. Parallel Distributed Syst.,semanticscholar,e4b5858435bb0363843a24a89aa67c0bc0d3e8d1,CS030,S44,CS030,,included,no,,0,title-screen,,,,Keyword score is prioritization only; it is not an eligibility or exclusion decision.
CG0431,doi:10.1109/fmcad.2014.6987598,20260731T010300Z;20260731T022106Z;20260731T022348Z,Faster temporal reasoning for infinite-state programs,2014,2014-10-21,10.1109/fmcad.2014.6987598,,Formal Methods in Computer-Aided Design,opencitations;semanticscholar,10.1109/fmcad.2014.6987598;cb9ee99866549a297c8ac1e2a90d531b3e6c1011,CS009,S10,,CS009,included,no,,0,title-screen,,,,Keyword score is prioritization only; it is not an eligibility or exclusion decision.
CG0432,doi:10.1109/hpca.2014.6835927,20260731T010300Z;20260731T022106Z,,,,10.1109/hpca.2014.6835927,,,opencitations,10.1109/hpca.2014.6835927,CS003,S03,CS003,,unknown-date,no,,0,manual-date-check,,,,Keyword score is prioritization only; it is not an eligibility or exclusion decision.
CG0433,doi:10.1109/icdcs.2003.1203503,20260731T010300Z;20260731T020306Z;20260731T022106Z;20260731T022348Z,Obstruction-free synchronization: double-ended queues as an example,2003,2003-05-19,10.1109/icdcs.2003.1203503,,"23rd International Conference on Distributed Computing Systems, 2003. Proceedings.",opencitations;semanticscholar,10.1109/icdcs.2003.1203503;59a8ce16cf0547945f182010ed6bf4c2a82805b1,CS012;CS016;CS017;CS024;CS030,A27;A28;A29;S16;S44,CS012;CS016;CS017;CS024;CS030,,included,no,,0,title-screen,,,,Keyword score is prioritization only; it is not an eligibility or exclusion decision.
CG0436,doi:10.1109/imis.2011.55,20260731T010300Z;20260731T022106Z,,2011,2011-06,10.1109/imis.2011.55,,,opencitations,10.1109/imis.2011.55,CS009,S10,,CS009,included,no,,0,missing-title-manual-check,,,,Keyword score is prioritization only; it is not an eligibility or exclusion decision.
CG0437,doi:10.1109/isca.2014.6853222,20260731T010300Z;20260731T022106Z,,,,10.1109/isca.2014.6853222,,,opencitations,10.1109/isca.2014.6853222,CS026,S27,CS026,,unknown-date,no,,0,manual-date-check,,,,Keyword score is prioritization only; it is not an eligibility or exclusion decision.
CG0438,doi:10.1109/ispa.2010.13,20260731T010300Z;20260731T022348Z,Parallel Task Developing Based on Software Pipeline in Multicore System,2010,2010-09-06,10.1109/ispa.2010.13,,International Symposium on Image and Signal Processing and Analysis,semanticscholar,450fae7f747b0cc98c50e690de1508c4fcce43f0,CS009,S10,,CS009,included,no,,0,title-screen,,,,Keyword score is prioritization only; it is not an eligibility or exclusion decision.
CG0439,doi:10.1109/lics.1988.5115,20260731T010300Z;20260731T022106Z,,,,10.1109/lics.1988.5115,,,opencitations,10.1109/lics.1988.5115,CS006,S07,CS006,,unknown-date,no,,0,manual-date-check,,,,Keyword score is prioritization only; it is not an eligibility or exclusion decision.
CG0440,doi:10.1109/lics.1996.561322,20260731T020306Z;20260731T022348Z,Model-checking of correctness conditions for concurrent objects,1996,1996-07-27,10.1109/lics.1996.561322,,Proceedings 11th Annual IEEE Symposium on Logic in Computer Science,semanticscholar,8841e78ef0a0a09206596a5302f89dab0dc77327,CS030,S44,CS030,,included,no,,0,title-screen,,,,Keyword score is prioritization only; it is not an eligibility or exclusion decision.
CG0441,doi:10.1109/lics.1998.705674,20260731T020306Z;20260731T022348Z,Linear vs. branching time: a complexity-theoretic perspective,1998,1998-06-21,10.1109/lics.1998.705674,,Proceedings. Thirteenth Annual IEEE Symposium on Logic in Computer Science (Cat. No.98CB36226),semanticscholar,87b14fcec9148453bf2d06a7ae33785147a8a92a,CS030,S44,CS030,,included,no,,0,title-screen,,,,Keyword score is prioritization only; it is not an eligibility or exclusion decision.
CG0442,doi:10.1109/lics.1999.782641,20260731T010300Z;20260731T022106Z;20260731T022348Z,Linear types and non-size-increasing polynomial time computation,1999,1999-07-02,10.1109/lics.1999.782641,,Proceedings. 14th Symposium on Logic in Computer Science (Cat. No. PR00158),opencitations;semanticscholar,10.1109/lics.1999.782641;8ea303d12e881f47edc042a44168f1d39fe1dcd2,CS019;CS023,S29;S35,CS019;CS023,,included,no,,0,title-screen,,,,Keyword score is prioritization only; it is not an eligibility or exclusion decision.
CG0443,doi:10.1109/lics.2002.1029817,20260731T010300Z;20260731T020306Z;20260731T022106Z;20260731T022348Z,Separation logic: a logic for shared mutable data structures,2002,2002-07-22,10.1109/lics.2002.1029817,,Proceedings 17th Annual IEEE Symposium on Logic in Computer Science,opencitations;semanticscholar,10.1109/lics.2002.1029817;38b7e9721cc3e326580465deaf0f0028b92afe6a,CS012;CS013;CS016;CS019;CS028;CS030,A27;S16;S17;S29;S40;S44,CS012;CS013;CS016;CS019;CS028;CS030,,included,no,,0,title-screen,,,,Keyword score is prioritization only; it is not an eligibility or exclusion decision.
CG0444,doi:10.1109/lics.2004.1319596,20260731T010300Z;20260731T022106Z,,,,10.1109/lics.2004.1319596,,,opencitations,10.1109/lics.2004.1319596,CS003,S03,CS003,,unknown-date,no,,0,manual-date-check,,,,Keyword score is prioritization only; it is not an eligibility or exclusion decision.
CG0445,doi:10.1109/lics.2006.52,20260731T010300Z;20260731T022106Z,,,,10.1109/lics.2006.52,,,opencitations,10.1109/lics.2006.52,CS014,S19,CS014,,unknown-date,no,,0,manual-date-check,,,,Keyword score is prioritization only; it is not an eligibility or exclusion decision.
CG0446,doi:10.1109/lics.2007.30,20260731T010300Z;20260731T022106Z,,,,10.1109/lics.2007.30,,,opencitations,10.1109/lics.2007.30,CS009,S10,CS009,,unknown-date,no,,0,manual-date-check,,,,Keyword score is prioritization only; it is not an eligibility or exclusion decision.
CG0447,doi:10.1109/lics.2010.24,20260731T010300Z;20260731T022106Z,,2010,2010-07,10.1109/lics.2010.24,,,opencitations,10.1109/lics.2010.24,CS009,S10,,CS009,included,no,,0,missing-title-manual-check,,,,Keyword score is prioritization only; it is not an eligibility or exclusion decision.
CG0448,doi:10.1109/lics.2011.46,20260731T010300Z;20260731T022106Z,,,,10.1109/lics.2011.46,,,opencitations,10.1109/lics.2011.46,CS019,S29,CS019,,unknown-date,no,,0,manual-date-check,,,,Keyword score is prioritization only; it is not an eligibility or exclusion decision.
CG0452,doi:10.1109/mm.2015.46,20260731T010300Z;20260731T022348Z,Memory persistency,2014,2014-10-16,10.1109/mm.2015.46,,International Symposium on Computer Architecture,semanticscholar,885c666fbcfd1a10c613496d7a041d01b99c7a39,CS026,S27,CS026,,included,no,,0,title-screen,,,,Keyword score is prioritization only; it is not an eligibility or exclusion decision.
CG0453,doi:10.1109/nvmsa.2017.8064467,20260731T010300Z;20260731T022348Z,Designing persistent heap for byte addressable NVRAM,2017,2017-08-01,10.1109/nvmsa.2017.8064467,,IEEE Non-Volatile Memory System and Applications Symposium,semanticscholar,91b39a16f3163d342d0a96e3d53bfe5fc0b654d4,CS014,S19,,CS014,included,no,,0,title-screen,,,,Keyword score is prioritization only; it is not an eligibility or exclusion decision.
CG0454,doi:10.1109/pdp.2016.103,20260731T010300Z;20260731T022348Z,Reasoning about Fences and Relaxed Atomics,2016,2016-02-17,10.1109/pdp.2016.103,,"International Euromicro Conference on Parallel, Distributed and Network-Based Processing",semanticscholar,e10dc8c77e8cb647424fe5ff9b3b453e97a9c45c,CS006,S07,CS006,,included,no,,0,title-screen,,,,Keyword score is prioritization only; it is not an eligibility or exclusion decision.
CG0455,doi:10.1109/pmmp.1993.315553,20260731T020306Z;20260731T022348Z,Interprocedural heap analysis for parallelizing imperative programs,1993,1993-09-20,10.1109/pmmp.1993.315553,,Proceedings of Workshop on Programming Models for Massively Parallel Computers,semanticscholar,6316be823e7dd72a8ea3b88b09e318563644462f,CS030,S44,CS030,,included,no,,0,title-screen,,,,Keyword score is prioritization only; it is not an eligibility or exclusion decision.
CG0457,doi:10.1109/sfcs.1977.32,20260731T010300Z;20260731T022106Z,,,,10.1109/sfcs.1977.32,,,opencitations,10.1109/sfcs.1977.32,CS029,S42,CS029,,unknown-date,no,,0,manual-date-check,,,,Keyword score is prioritization only; it is not an eligibility or exclusion decision.
CG0458,doi:10.1109/sfcs.1994.365680,20260731T010300Z;20260731T022348Z,Scheduling multithreaded computations by work stealing,1994,1994-11-20,10.1109/sfcs.1994.365680,,Proceedings 35th Annual Symposium on Foundations of Computer Science,semanticscholar,7c84a021a12c153680c8f3a1eb29e1ae4a768b44,CS023,S35,CS023,,included,no,,0,title-screen,,,,Keyword score is prioritization only; it is not an eligibility or exclusion decision.
CG0460,doi:10.1109/superc.1990.130060,20260731T020306Z;20260731T022348Z,A simple and correct shared-queue algorithm using compare-and-swap,1990,1990-10-01,10.1109/superc.1990.130060,,Proceedings SUPERCOMPUTING '90,semanticscholar,8df9c8da3363fb53b3fb6556c8bbcf7a069be9f4,CS030,S44,CS030,,included,no,,0,title-screen,,,,Keyword score is prioritization only; it is not an eligibility or exclusion decision.
CG0461,doi:10.1109/superc.1990.130084,20260731T010300Z;20260731T022348Z,Scan primitives for vector computers,1990,1990-11-12,10.1109/superc.1990.130084,,Proceedings SUPERCOMPUTING '90,semanticscholar,4e9c04b2da289c8a5a18eabf024a8f376e1758a2,CS023,S35,CS023,,included,no,,0,title-screen,,,,Keyword score is prioritization only; it is not an eligibility or exclusion decision.
CG0462,doi:10.1109/tc.1979.1675439,20260731T010300Z;20260731T020306Z;20260731T022106Z,,,,10.1109/tc.1979.1675439,,,opencitations,10.1109/tc.1979.1675439,CS001;CS003;CS006;CS022;CS031,S01;S03;S07;S33;S45,CS001;CS003;CS006;CS022;CS031,,unknown-date,no,,0,manual-date-check,,,,Keyword score is prioritization only; it is not an eligibility or exclusion decision.
CG0463,doi:10.1109/time.2011.12,20260731T010300Z;20260731T022106Z;20260731T022348Z,Interleaved Programs and Rely-Guarantee Reasoning with ITL,2011,2011-09-12,10.1109/time.2011.12,,2011 Eighteenth International Symposium on Temporal Representation and Reasoning,opencitations;semanticscholar,10.1109/time.2011.12;81e34d2a18c46260400fbcd483f6cc40cdada626,CS009;CS018,S10;S28,CS018,CS009,included,no,,0,title-screen,,,,Keyword score is prioritization only; it is not an eligibility or exclusion decision.
CG0466,doi:10.1109/tpds.2011.159,20260731T010300Z;20260731T022106Z;20260731T022348Z,User-Level Implementations of Read-Copy Update,2012,2012-02-01,10.1109/tpds.2011.159,,IEEE Transactions on Parallel and Distributed Systems,opencitations;semanticscholar,10.1109/tpds.2011.159;925e62cf34e775713c38aebb1510e93e2a510ed4,CS022,S33,CS022,,included,no,,0,title-screen,,,,Keyword score is prioritization only; it is not an eligibility or exclusion decision.
CG0467,doi:10.1109/tse.1977.229904,20260731T010300Z;20260731T022106Z;20260731T022348Z,Proving the Correctness of Multiprocess Programs,1977,1977-03-01,10.1109/tse.1977.229904,,IEEE Transactions on Software Engineering,opencitations;semanticscholar,10.1109/tse.1977.229904;2a41593d839323ddcd8597a22e4df6e398d4f98c,CS001;CS002,S01;S02,CS001;CS002,,included,no,,0,title-screen,,,,Keyword score is prioritization only; it is not an eligibility or exclusion decision.
CG0469,doi:10.1109/tse.2012.82,20260731T010300Z;20260731T022106Z;20260731T022348Z,Verifying Linearizability via Optimized Refinement Checking,2013,2013-07-01,10.1109/tse.2012.82,,IEEE Transactions on Software Engineering,opencitations;semanticscholar,10.1109/tse.2012.82;5de528f09dd2933a5aec6ed738398122dddfd628,CS027,S38,,CS027,included,no,,0,title-screen,,,,Keyword score is prioritization only; it is not an eligibility or exclusion decision.
CG0470,doi:10.1134/s0361768821060050,20260731T010300Z;20260731T022106Z;20260731T022348Z,A Survey of Programming Language Memory Models,2021,2021-11-01,10.1134/s0361768821060050,,Programming and computer software,opencitations;semanticscholar,10.1134/s0361768821060050;2317fe55108f4541c8c23c2d86c844e0a5ab0963,CS001,S01,,CS001,included,no,,0,title-screen,,,,Keyword score is prioritization only; it is not an eligibility or exclusion decision.
CG0471,doi:10.1136/bjo.46.11.704,20260731T010300Z;20260731T022348Z,A and V,1962,1962-11-01,10.1136/bjo.46.11.704,,British Journal of Ophthalmology,semanticscholar,75aa1f1a04b5f2bb6bf9afb662711121edde9eda,CS008,S09,CS008,,included,no,,0,title-screen,,,,Keyword score is prioritization only; it is not an eligibility or exclusion decision.
CG0472,doi:10.1142/s0129626407003125,20260731T020306Z;20260731T022348Z,A Lazy Concurrent List-Based Set Algorithm,2005,2005-12-12,10.1142/s0129626407003125,,Parallel Processing Letters,semanticscholar,813b7cdcf6d77ea34b4cf68378e2508db28fdf50,CS030,S44,CS030,,included,no,,0,title-screen,,,,Keyword score is prioritization only; it is not an eligibility or exclusion decision.
CG0478,doi:10.1145/103727.103729,20260731T010300Z;20260731T022106Z;20260731T022348Z,Algorithms for scalable synchronization on shared-memory multiprocessors,1991,1991-02-01,10.1145/103727.103729,,ACM Transactions on Computer Systems,opencitations;semanticscholar,10.1145/103727.103729;1c66c74508b150c3f4a20d9f05a605b89b30a718,CS001;CS014,S01;S19,CS001;CS014,,included,no,,0,title-screen,,,,Keyword score is prioritization only; it is not an eligibility or exclusion decision.
CG0479,doi:10.1145/1040305.1040326,20260731T010300Z;20260731T022106Z,,,,10.1145/1040305.1040326,,,opencitations,10.1145/1040305.1040326,CS013,S17,CS013,,unknown-date,no,,0,manual-date-check,,,,Keyword score is prioritization only; it is not an eligibility or exclusion decision.
CG0480,doi:10.1145/1040305.1040327,20260731T010300Z;20260731T022106Z;20260731T022348Z,Permission accounting in separation logic,2005,2005-01-12,10.1145/1040305.1040327,,ACM-SIGACT Symposium on Principles of Programming Languages,opencitations;semanticscholar,10.1145/1040305.1040327;e198d4936e86dad3c3702818e903d68493f3b25b,CS019;CS023,S29;S35,CS019;CS023,,included,no,,0,title-screen,,,,Keyword score is prioritization only; it is not an eligibility or exclusion decision.
CG0481,doi:10.1145/1040305.1040336,20260731T010300Z;20260731T020306Z;20260731T020357Z;20260731T021519Z;20260731T022106Z;20260731T022348Z,The Java memory model,2005,2005-01-12,10.1145/1040305.1040336,,ACM-SIGACT Symposium on Principles of Programming Languages,opencitations;semanticscholar,0b4cd037925fe2185cbf38b4ccb76f32bbd87d53;10.1145/1040305.1040336,CS001;CS004;CS031,S01;S05;S45,CS001;CS004;CS031,,included,no,,0,title-screen,,,,Keyword score is prioritization only; it is not an eligibility or exclusion decision.
CG0482,doi:10.1145/1047659.1040326,20260731T010300Z;20260731T022106Z,,,,10.1145/1047659.1040326,,,opencitations,10.1145/1047659.1040326,CS013,S17,CS013,,unknown-date,no,,0,manual-date-check,,,,Keyword score is prioritization only; it is not an eligibility or exclusion decision.
CG0483,doi:10.1145/1047659.1040336,20260731T010300Z;20260731T022106Z,,,,10.1145/1047659.1040336,,,opencitations,10.1145/1047659.1040336,CS001;CS004,S01;S05,CS001;CS004,,unknown-date,no,,0,manual-date-check,,,,Keyword score is prioritization only; it is not an eligibility or exclusion decision.
CG0484,doi:10.1145/1050849.1050865,20260731T020306Z;20260731T022348Z,A brief survey of program slicing,2005,2005-03-01,10.1145/1050849.1050865,,SOEN,semanticscholar,51211c46f6587f74ef805c4d8e5b908e2ccfa0a0,CS030,S44,CS030,,included,no,,0,title-screen,,,,Keyword score is prioritization only; it is not an eligibility or exclusion decision.
CG0486,doi:10.1145/1073970.1073974,20260731T010300Z;20260731T022106Z;20260731T022348Z,Dynamic circular work-stealing deque,2005,2005-07-18,10.1145/1073970.1073974,,ACM Symposium on Parallelism in Algorithms and Architectures,opencitations;semanticscholar,10.1145/1073970.1073974;f856a996e7aec0ea6db55e9247a00a01cb695090,CS006,S07,CS006,,included,no,,0,title-screen,,,,Keyword score is prioritization only; it is not an eligibility or exclusion decision.
CG0487,doi:10.1145/1094811.1094852,20260731T010300Z;20260731T022106Z;20260731T022348Z,X10: an object-oriented approach to non-uniform cluster computing,2005,2005-10-16,10.1145/1094811.1094852,,"Conference on Object-Oriented Programming Systems, Languages, and Applications",opencitations;semanticscholar,06e40c82dbe9ac18f0192c9406750cc3440a827e;10.1145/1094811.1094852,CS019,S29,CS019,,included,no,,0,title-screen,,,,Keyword score is prioritization only; it is not an eligibility or exclusion decision.
CG0489,doi:10.1145/1122971.1122992,20260731T020306Z;20260731T022348Z,Proving correctness of highly-concurrent linearisable objects,2006,2006-03-29,10.1145/1122971.1122992,,ACM SIGPLAN Symposium on Principles & Practice of Parallel Programming,semanticscholar,9dd2d27da13ac677a182647051797becd2912fc7,CS030,S44,CS030,,included,no,,0,title-screen,,,,Keyword score is prioritization only; it is not an eligibility or exclusion decision.
CG0490,doi:10.1145/1122971.1122994,20260731T010300Z;20260731T022106Z,,,,10.1145/1122971.1122994,,,opencitations,10.1145/1122971.1122994,CS009,S10,CS009,,unknown-date,no,,0,manual-date-check,,,,Keyword score is prioritization only; it is not an eligibility or exclusion decision.
CG0493,doi:10.1145/1182613.1182618,20260731T020306Z;20260731T022348Z,Logical characterizations of heap abstractions,2003,2003-12-07,10.1145/1182613.1182618,cs/0312014,TOCL,semanticscholar,6566e6e2600e70068798cf8edea696b45518747d,CS030,S44,CS030,,included,no,,0,title-screen,,,,Keyword score is prioritization only; it is not an eligibility or exclusion decision.
CG0494,doi:10.1145/1190215.1190261,20260731T010300Z;20260731T022106Z,,,,10.1145/1190215.1190261,,,opencitations,10.1145/1190215.1190261,CS018,S28,CS018,,unknown-date,no,,0,manual-date-check,,,,Keyword score is prioritization only; it is not an eligibility or exclusion decision.
CG0495,doi:10.1145/1190216.1190257,20260731T010300Z;20260731T022106Z,,,,10.1145/1190216.1190257,,,opencitations,10.1145/1190216.1190257,CS009,S10,CS009,,unknown-date,no,,0,manual-date-check,,,,Keyword score is prioritization only; it is not an eligibility or exclusion decision.
CG0497,doi:10.1145/1233307.1233309,20260731T020306Z;20260731T022348Z,Concurrent programming without locks,2007,2007-05-01,10.1145/1233307.1233309,,TOCS,semanticscholar,6b6e4bc51aa3dccb46f0a4fe3b384774856aab36,CS030,S44,CS030,,included,no,,0,title-screen,,,,Keyword score is prioritization only; it is not an eligibility or exclusion decision.
CG0499,doi:10.1145/1250734.1250765,20260731T010300Z;20260731T022106Z;20260731T022348Z,Thread-modular shape analysis,2007,2007-06-15,10.1145/1250734.1250765,,ACM-SIGPLAN Symposium on Programming Language Design and Implementation,opencitations;semanticscholar,10.1145/1250734.1250765;1a2bfad38eb96e413b51fcaa6c77e71dbd2cb881,CS009;CS028,S10;S40,CS009;CS028,,included,no,,0,title-screen,,,,Keyword score is prioritization only; it is not an eligibility or exclusion decision.
CG0501,doi:10.1145/1273442.1250765,20260731T010300Z;20260731T022106Z,,,,10.1145/1273442.1250765,,,opencitations,10.1145/1273442.1250765,CS028,S40,CS028,,unknown-date,no,,0,manual-date-check,,,,Keyword score is prioritization only; it is not an eligibility or exclusion decision.
CG0502,doi:10.1145/1273442.1250771,20260731T010300Z;20260731T022106Z,,,,10.1145/1273442.1250771,,,opencitations,10.1145/1273442.1250771,CS028,S40,CS028,,unknown-date,no,,0,manual-date-check,,,,Keyword score is prioritization only; it is not an eligibility or exclusion decision.
CG0503,doi:10.1145/1287624.1287653,20260731T020306Z;20260731T022348Z,Finding bugs efficiently with a SAT solver,2007,2007-09-07,10.1145/1287624.1287653,,ESEC-FSE '07,semanticscholar,d30b27ea50a4e13246edca0256420adc3acb75bd,CS030,S44,CS030,,included,no,,0,title-screen,,,,Keyword score is prioritization only; it is not an eligibility or exclusion decision.
CG0505,doi:10.1145/1328897.1328459,20260731T010300Z;20260731T022106Z,,,,10.1145/1328897.1328459,,,opencitations,10.1145/1328897.1328459,CS004,S05,CS004,,unknown-date,no,,0,manual-date-check,,,,Keyword score is prioritization only; it is not an eligibility or exclusion decision.
CG0507,doi:10.1145/136035.136043,20260731T020306Z;20260731T022348Z,Symbolic Boolean manipulation with ordered binary-decision diagrams,1992,1992-09-01,10.1145/136035.136043,,CSUR,semanticscholar,45c1c49b29c8a31ae9a196cf5070824c1bbe8930,CS030,S44,CS030,,included,no,,0,title-screen,,,,Keyword score is prioritization only; it is not an eligibility or exclusion decision.
CG0509,doi:10.1145/1375581.1375587,20260731T010300Z;20260731T022106Z,,,,10.1145/1375581.1375587,,,opencitations,10.1145/1375581.1375587,CS029,S42,CS029,,unknown-date,no,,0,manual-date-check,,,,Keyword score is prioritization only; it is not an eligibility or exclusion decision.
CG0510,doi:10.1145/1375581.1375598,20260731T010300Z;20260731T022106Z,,,,10.1145/1375581.1375598,,,opencitations,10.1145/1375581.1375598,CS009,S10,CS009,,unknown-date,no,,0,manual-date-check,,,,Keyword score is prioritization only; it is not an eligibility or exclusion decision.
CG0511,doi:10.1145/1375634.1375637,20260731T010300Z;20260731T022106Z;20260731T022348Z,Parallel generational-copying garbage collection with a block-structured heap,2008,2008-06-07,10.1145/1375634.1375637,,International Symposium on Mathematical Morphology and Its Application to Signal and Image Processing,opencitations;semanticscholar,10.1145/1375634.1375637;839ef90d70e4779a4b6795b06f314294ea539add,CS019,S29,CS019,,included,no,,0,title-screen,,,,Keyword score is prioritization only; it is not an eligibility or exclusion decision.
CG0512,doi:10.1145/1375634.1375656,20260731T010300Z;20260731T022106Z;20260731T022348Z,Analysing memory resource bounds for low-level programs,2008,2008-06-07,10.1145/1375634.1375656,,International Symposium on Mathematical Morphology and Its Application to Signal and Image Processing,opencitations;semanticscholar,10.1145/1375634.1375656;1851715edb40a16380ba0508b5e82809badfb73c,CS019,S29,CS019,,included,no,,0,title-screen,,,,Keyword score is prioritization only; it is not an eligibility or exclusion decision.
CG0513,doi:10.1145/1411203.1411224,20260731T010300Z;20260731T022348Z,Implicitly-threaded parallelism in Manticore,2008,2008-09-20,10.1145/1411203.1411224,,Journal of functional programming,semanticscholar,11a5cdac00df51114a77fafb62c72ac57f52e8c0,CS023,S35,CS023,,included,no,,0,title-screen,,,,Keyword score is prioritization only; it is not an eligibility or exclusion decision.
CG0515,doi:10.1145/1411204.1411226,20260731T010300Z;20260731T022106Z,,,,10.1145/1411204.1411226,,,opencitations,10.1145/1411204.1411226,CS010,S14,CS010,,unknown-date,no,,0,manual-date-check,,,,Keyword score is prioritization only; it is not an eligibility or exclusion decision.
CG0519,doi:10.1145/1480881.1480917,20260731T010300Z;20260731T022348Z,Compositional shape analysis by means of bi-abduction,2009,2009-01-21,10.1145/1480881.1480917,,ACM-SIGACT Symposium on Principles of Programming Languages,semanticscholar,17b106493d825357411dd9943f957793a0d1a0fa,CS028,S40,CS028,,included,no,,0,title-screen,,,,Keyword score is prioritization only; it is not an eligibility or exclusion decision.
CG0520,doi:10.1145/1480881.1480922,20260731T010300Z;20260731T022106Z;20260731T022348Z,Local rely-guarantee reasoning,2009,2009-01-21,10.1145/1480881.1480922,,ACM-SIGACT Symposium on Principles of Programming Languages,opencitations;semanticscholar,10.1145/1480881.1480922;c58820a76c325d6d12fd3ce010be9777ba0ae0c3,CS009;CS014,S10;S19,CS014,CS009,included,no,,0,title-screen,,,,Keyword score is prioritization only; it is not an eligibility or exclusion decision.
CG0521,doi:10.1145/1480881.1480925,20260731T010300Z;20260731T022348Z,State-dependent representation independence,2009,2009-01-21,10.1145/1480881.1480925,,ACM-SIGACT Symposium on Principles of Programming Languages,semanticscholar,ffb87841f0ceb836adeb5383e1bb780f9ae80419,CS012,S16,CS012,,included,no,,0,title-screen,,,,Keyword score is prioritization only; it is not an eligibility or exclusion decision.
CG0522,doi:10.1145/1480881.1480930,20260731T010300Z;20260731T022106Z,,,,10.1145/1480881.1480930,,,opencitations,10.1145/1480881.1480930,CS003,S03,CS003,,unknown-date,no,,0,manual-date-check,,,,Keyword score is prioritization only; it is not an eligibility or exclusion decision.
CG0523,doi:10.1145/1504176.1504186,20260731T020306Z;20260731T020357Z;20260731T021519Z;20260731T022106Z;20260731T022348Z,Idempotent work stealing,2009,2009-02-14,10.1145/1504176.1504186,,ACM SIGPLAN Symposium on Principles & Practice of Parallel Programming,opencitations;semanticscholar,10.1145/1504176.1504186;4e5add02a2d3d5b8e68b6a6165689e85984d5e7d,CS031,S45,CS031,,included,no,,0,title-screen,,,,Keyword score is prioritization only; it is not an eligibility or exclusion decision.
CG0524,doi:10.1145/1506409.1506431,20260731T010300Z;20260731T022106Z,,,,10.1145/1506409.1506431,,,opencitations,10.1145/1506409.1506431,CS016,A27,CS016,,unknown-date,no,,0,manual-date-check,,,,Keyword score is prioritization only; it is not an eligibility or exclusion decision.
CG0526,doi:10.1145/1543135.1542493,20260731T010300Z;20260731T022106Z,,2009,2009-05-28,10.1145/1543135.1542493,,,opencitations,10.1145/1543135.1542493,CS009;CS028,S10;S40,CS028,CS009,included,no,,0,missing-title-manual-check,,,,Keyword score is prioritization only; it is not an eligibility or exclusion decision.
CG0527,doi:10.1145/155332.155343,20260731T010300Z;20260731T022348Z,Implementation of a portable nested data-parallel language,1993,1993-08-01,10.1145/155332.155343,,ACM SIGPLAN Symposium on Principles & Practice of Parallel Programming,semanticscholar,8a74d0dcb9aade9da4bf30ba79a29882b69717eb,CS023,S35,CS023,,included,no,,0,title-screen,,,,Keyword score is prioritization only; it is not an eligibility or exclusion decision.
CG0528,doi:10.1145/1594834.1480886,20260731T010300Z;20260731T022106Z,,,,10.1145/1594834.1480886,,,opencitations,10.1145/1594834.1480886,CS013;CS014;CS028,S17;S19;S40,CS013;CS014;CS028,,unknown-date,no,,0,manual-date-check,,,,Keyword score is prioritization only; it is not an eligibility or exclusion decision.
CG0529,doi:10.1145/1594834.1480917,20260731T010300Z;20260731T022106Z,,,,10.1145/1594834.1480917,,,opencitations,10.1145/1594834.1480917,CS028,S40,CS028,,unknown-date,no,,0,manual-date-check,,,,Keyword score is prioritization only; it is not an eligibility or exclusion decision.
CG0530,doi:10.1145/1594834.1480922,20260731T010300Z;20260731T022106Z,,2009,2009-01-21,10.1145/1594834.1480922,,,opencitations,10.1145/1594834.1480922,CS009;CS014;CS016,A27;S10;S19,CS014;CS016,CS009,included,no,,0,missing-title-manual-check,,,,Keyword score is prioritization only; it is not an eligibility or exclusion decision.
CG0531,doi:10.1145/161468.161469,20260731T020306Z;20260731T022348Z,A methodology for implementing highly concurrent data objects,1992,1992-04-01,10.1145/161468.161469,,OPSR,semanticscholar,c9ad3dada83553a5cc9b751544035a57727548b0,CS030,S44,CS030,,included,no,,0,title-screen,,,,Keyword score is prioritization only; it is not an eligibility or exclusion decision.
CG0532,doi:10.1145/1640089.1640106,20260731T020306Z;20260731T020357Z;20260731T021519Z;20260731T022106Z;20260731T022348Z,The design of a task parallel library,2009,2009-10-25,10.1145/1640089.1640106,,"Conference on Object-Oriented Programming Systems, Languages, and Applications",opencitations;semanticscholar,10.1145/1640089.1640106;a43176525eff69d04e9df1036093b2e4d6dcc932,CS031,S45,CS031,,included,no,,0,title-screen,,,,Keyword score is prioritization only; it is not an eligibility or exclusion decision.
CG0533,doi:10.1145/1640089.1640133,20260731T010300Z;20260731T022106Z;20260731T022348Z,"On understanding data abstraction, revisited",2009,2009-10-25,10.1145/1640089.1640133,,"Conference on Object-Oriented Programming Systems, Languages, and Applications",opencitations;semanticscholar,10.1145/1640089.1640133;26a91e5058d9245126b2104f61c37a8dd935a658,CS019,S29,CS019,,included,no,,0,title-screen,,,,Keyword score is prioritization only; it is not an eligibility or exclusion decision.
CG0534,doi:10.1145/165180.165205,20260731T010300Z;20260731T022106Z;20260731T022348Z,Polling efficiently on stock hardware,1993,1993-07-01,10.1145/165180.165205,,Conference on Functional Programming Languages and Computer Architecture,opencitations;semanticscholar,10.1145/165180.165205;a134e089a2d1b4c2f6962de93998588d6ab5c776,CS019,S29,CS019,,included,no,,0,title-screen,,,,Keyword score is prioritization only; it is not an eligibility or exclusion decision.
CG0536,doi:10.1145/1693453.1693459,20260731T010300Z;20260731T022106Z;20260731T022348Z,Featherweight X10: a core calculus for async-finish parallelism,2010,2010-01-09,10.1145/1693453.1693459,,ACM SIGPLAN Symposium on Principles & Practice of Parallel Programming,opencitations;semanticscholar,10.1145/1693453.1693459;9dcdea1c1fd99133ab80e97ea7b9d75ab00905f3,CS019,S29,CS019,,included,no,,0,title-screen,,,,Keyword score is prioritization only; it is not an eligibility or exclusion decision.
CG0538,doi:10.1145/1706299.1706322,20260731T010300Z;20260731T022348Z,A theory of indirection via approximation,2010,2010-01-17,10.1145/1706299.1706322,,ACM-SIGACT Symposium on Principles of Programming Languages,semanticscholar,f1ebbadc70daeb0da81df1c08592eb83f43a0b03,CS011,S15,CS011,,included,no,,0,title-screen,,,,Keyword score is prioritization only; it is not an eligibility or exclusion decision.
CG0539,doi:10.1145/1745312.1745313,20260731T010300Z;20260731T022106Z,,,,10.1145/1745312.1745313,,,opencitations,10.1145/1745312.1745313,CS016,A27,CS016,,unknown-date,no,,0,manual-date-check,,,,Keyword score is prioritization only; it is not an eligibility or exclusion decision.
CG0540,doi:10.1145/1745312.1745315,20260731T010300Z;20260731T020306Z;20260731T022106Z;20260731T022348Z,Verifying safety properties of concurrent heap-manipulating programs,2010,2010-05-01,10.1145/1745312.1745315,,TOPL,opencitations;semanticscholar,10.1145/1745312.1745315;2c2a596d8517199573af9ae2f5d17e5488d24edb,CS009;CS030,S10;S44,CS030,CS009,included,no,,0,title-screen,,,,Keyword score is prioritization only; it is not an eligibility or exclusion decision.
CG0541,doi:10.1145/1749608.1749613,20260731T020306Z;20260731T022348Z,Finite differencing of logical formulas for static analysis,2003,2003-04-07,10.1145/1749608.1749613,,TOPL,semanticscholar,f2cbf3f3478c210c2099c799e64987c846e4727d,CS030,S44,CS030,,included,no,,0,title-screen,,,,Keyword score is prioritization only; it is not an eligibility or exclusion decision.
CG0542,doi:10.1145/1785414.1785443,20260731T010300Z;20260731T022106Z;20260731T022348Z,x86-TSO,2010,2010-07-01,10.1145/1785414.1785443,,Communications of the ACM,opencitations;semanticscholar,10.1145/1785414.1785443;e12c81e6ad5d11031e26e532a0ef409f0672e10c,CS001;CS003;CS008,S01;S03;S09,CS001;CS003;CS008,,included,no,,0,title-screen,,,,Keyword score is prioritization only; it is not an eligibility or exclusion decision.
CG0543,doi:10.1145/1806596.1806630,20260731T010300Z;20260731T022348Z,The reachability-bound problem,2010,2010-06-05,10.1145/1806596.1806630,,ACM-SIGPLAN Symposium on Programming Language Design and Implementation,semanticscholar,74371ddba02bbeae34f2ddc840265a93870aeb19,CS028,S40,CS028,,included,no,,0,title-screen,,,,Keyword score is prioritization only; it is not an eligibility or exclusion decision.
CG0544,doi:10.1145/1806596.1806634,20260731T010300Z;20260731T022106Z;20260731T022348Z,Line-up: a complete and automatic linearizability checker,2010,2010-06-05,10.1145/1806596.1806634,,ACM-SIGPLAN Symposium on Programming Language Design and Implementation,opencitations;semanticscholar,10.1145/1806596.1806634;825c2ba62cd1c741ada07b758424f8707ad9f02b,CS022,S33,CS022,,included,no,,0,title-screen,,,,Keyword score is prioritization only; it is not an eligibility or exclusion decision.
CG0545,doi:10.1145/1809028.1806630,20260731T010300Z;20260731T022106Z,,,,10.1145/1809028.1806630,,,opencitations,10.1145/1809028.1806630,CS028,S40,CS028,,unknown-date,no,,0,manual-date-check,,,,Keyword score is prioritization only; it is not an eligibility or exclusion decision.
CG0546,doi:10.1145/1835698.1835722,20260731T010300Z;20260731T022106Z;20260731T022348Z,Verifying linearizability with hindsight,2010,2010-07-25,10.1145/1835698.1835722,,ACM SIGACT-SIGOPS Symposium on Principles of Distributed Computing,opencitations;semanticscholar,10.1145/1835698.1835722;1fc3e2438ec2874adc335519d65c3959be69fb76,CS022,S33,CS022,,included,no,,0,title-screen,,,,Keyword score is prioritization only; it is not an eligibility or exclusion decision.
CG0548,doi:10.1145/1897852.1897873,20260731T010300Z;20260731T022106Z,,,,10.1145/1897852.1897873,,,opencitations,10.1145/1897852.1897873,CS016,A27,CS016,,unknown-date,no,,0,manual-date-check,,,,Keyword score is prioritization only; it is not an eligibility or exclusion decision.
CG0549,doi:10.1145/1925844.1926394,20260731T010300Z;20260731T022106Z,,,,10.1145/1925844.1926394,,,opencitations,10.1145/1925844.1926394,CS008,S09,CS008,,unknown-date,no,,0,manual-date-check,,,,Keyword score is prioritization only; it is not an eligibility or exclusion decision.
CG0550,doi:10.1145/1926385.1926394,20260731T010300Z;20260731T020306Z;20260731T020357Z;20260731T021519Z;20260731T022106Z;20260731T022348Z,Mathematizing C++ concurrency,2011,2011-01-26,10.1145/1926385.1926394,,ACM-SIGACT Symposium on Principles of Programming Languages,opencitations;semanticscholar,10.1145/1926385.1926394;e1aa60639ac1c05788d4eef6054d9a47d047de0e,CS001;CS003;CS006;CS007;CS008;CS022;CS031,S01;S03;S07;S08;S09;S33;S45,CS001;CS003;CS006;CS007;CS008;CS022;CS031,,included,no,,0,title-screen,,,,Keyword score is prioritization only; it is not an eligibility or exclusion decision.
CG0551,doi:10.1145/1926385.1926402,20260731T010300Z;20260731T022106Z;20260731T022348Z,A kripke logical relation between ML and assembly,2011,2011-01-26,10.1145/1926385.1926402,,ACM-SIGACT Symposium on Principles of Programming Languages,opencitations;semanticscholar,10.1145/1926385.1926402;1e34bd70e070ebb9c54e1c3ab0fb799a892de51f,CS010,S14,CS010,,included,no,,0,title-screen,,,,Keyword score is prioritization only; it is not an eligibility or exclusion decision.
CG0552,doi:10.1145/1929553.1929565,20260731T010300Z;20260731T022348Z,The essence of monotonic state,2011,2011-01-25,10.1145/1929553.1929565,,ACM SIGPLAN International Workshop on Types In Languages Design And Implementation,semanticscholar,0027cc0dd768ce3ae2f3e253a17958dd69281f4c,CS023,S35,CS023,,included,no,,0,title-screen,,,,Keyword score is prioritization only; it is not an eligibility or exclusion decision.
CG0554,doi:10.1145/1950365.1950379,20260731T010300Z;20260731T022106Z;20260731T022348Z,Mnemosyne: lightweight persistent memory,2011,2011-03-05,10.1145/1950365.1950379,,ASPLOS XVI,opencitations;semanticscholar,10.1145/1950365.1950379;62957dc217fd2b416eb0ddb9b900eeff2e3fe169,CS026,S27,CS026,,included,no,,0,title-screen,,,,Keyword score is prioritization only; it is not an eligibility or exclusion decision.
CG0556,doi:10.1145/197917.198176,20260731T010300Z;20260731T022106Z;20260731T022348Z,Set-linearizability,1994,1994-08-14,10.1145/197917.198176,,ACM SIGACT-SIGOPS Symposium on Principles of Distributed Computing,opencitations;semanticscholar,10.1145/197917.198176;aaabd1ab2a735e36acb9905b9882b6e1184fb6a6,CS006,S07,CS006,,included,no,,0,title-screen,,,,Keyword score is prioritization only; it is not an eligibility or exclusion decision.
CG0557,doi:10.1145/1993498.1993520,20260731T010300Z;20260731T022106Z;20260731T022348Z,Understanding POWER multiprocessors,2011,2011-06-04,10.1145/1993498.1993520,,ACM-SIGPLAN Symposium on Programming Language Design and Implementation,opencitations;semanticscholar,10.1145/1993498.1993520;4fe468925a5c1b636cc16fb04184c69de7aed097,CS004,S05,CS004,,included,no,,0,title-screen,,,,Keyword score is prioritization only; it is not an eligibility or exclusion decision.
CG0558,doi:10.1145/2020976.2021006,20260731T010300Z;20260731T022348Z,The art of multiprocessor programming by Maurice Herlihy and Nir Shavit,2011,2011-09-30,10.1145/2020976.2021006,,SOEN,semanticscholar,64d8c44d6f04b193d3254f6ee8b733f71bfb8d06,CS028,S40,CS028,,included,no,,0,title-screen,,,,Keyword score is prioritization only; it is not an eligibility or exclusion decision.
CG0559,doi:10.1145/203095.201069,20260731T010300Z;20260731T022106Z;20260731T022348Z,Conjoining specifications,1995,1995-05-01,10.1145/203095.201069,,ACM Transactions on Programming Languages and Systems,opencitations;semanticscholar,062ee646bc993e69179ecd474060926f5f97e858;10.1145/203095.201069,CS009;CS011;CS014;CS028,S10;S15;S19;S40,CS009;CS011;CS014;CS028,,included,no,,0,title-screen,,,,Keyword score is prioritization only; it is not an eligibility or exclusion decision.
CG0560,doi:10.1145/209936.209958,20260731T010300Z;20260731T022348Z,Cilk: an efficient multithreaded runtime system,1995,1995-08-01,10.1145/209936.209958,,ACM SIGPLAN Symposium on Principles & Practice of Parallel Programming,semanticscholar,6ca942f2b2367826c2699ac404696cc822d22e30,CS019,S29,CS019,,included,no,,0,title-screen,,,,Keyword score is prioritization only; it is not an eligibility or exclusion decision.
CG0561,doi:10.1145/2103656.2103666,20260731T010300Z;20260731T022106Z;20260731T022348Z,The marriage of bisimulations and Kripke logical relations,2012,2012-01-25,10.1145/2103656.2103666,,ACM-SIGACT Symposium on Principles of Programming Languages,opencitations;semanticscholar,10.1145/2103656.2103666;44bdcf9cd2cb0a147971dca3b64b52663fa73be8,CS010,S14,CS010,,included,no,,0,title-screen,,,,Keyword score is prioritization only; it is not an eligibility or exclusion decision.
CG0563,doi:10.1145/2103776.2103785,20260731T010300Z;20260731T022106Z;20260731T022348Z,The VerCors project: setting up basecamp,2012,2012-01-24,10.1145/2103776.2103785,,Programming Languages meets Program Verification,opencitations;semanticscholar,10.1145/2103776.2103785;36991372842abff5e56c46aaa91ee809b70eecba,CS009,S10,,CS009,included,no,,0,title-screen,,,,Keyword score is prioritization only; it is not an eligibility or exclusion decision.
CG0564,doi:10.1145/224164.224182,20260731T010300Z;20260731T022106Z;20260731T022348Z,Abstract models of memory management,1995,1995-10-01,10.1145/224164.224182,,Conference on Functional Programming Languages and Computer Architecture,opencitations;semanticscholar,10.1145/224164.224182;652d2dec9f32da2d82b0375742d516b5daa3af29,CS019,S29,CS019,,included,no,,0,title-screen,,,,Keyword score is prioritization only; it is not an eligibility or exclusion decision.
CG0565,doi:10.1145/2247684.2247685,20260731T010300Z;20260731T022106Z;20260731T022348Z,Can parallel data structures rely on automatic memory managers?,2012,2012-06-16,10.1145/2247684.2247685,,Workshop on Memory System Performance and Correctness,opencitations;semanticscholar,0b0850f23253c591846f91a48e445616ad1b6b02;10.1145/2247684.2247685,CS029,S42,,CS029,included,no,,0,title-screen,,,,Keyword score is prioritization only; it is not an eligibility or exclusion decision.
CG0567,doi:10.1145/229000.226322,20260731T020306Z;20260731T022348Z,Elements of style: analyzing a software design feature with a counterexample detector,1996,1996-05-01,10.1145/229000.226322,,International Symposium on Software Testing and Analysis,semanticscholar,f2caa52b48c79fb10994e4e7c111d227098943df,CS030,S44,CS030,,included,no,,0,title-screen,,,,Keyword score is prioritization only; it is not an eligibility or exclusion decision.
CG0569,doi:10.1145/232627.232650,20260731T010300Z;20260731T022348Z,A provable time and space efficient implementation of NESL,1996,1996-06-15,10.1145/232627.232650,,ACM SIGPLAN International Conference on Functional Programming,semanticscholar,ab3811f4e64078bdc95f0573b9cec256d400e9ea,CS023,S35,CS023,,included,no,,0,title-screen,,,,Keyword score is prioritization only; it is not an eligibility or exclusion decision.
CG0570,doi:10.1145/2362389.2362393,20260731T010300Z;20260731T022106Z;20260731T022348Z,Multivariate amortized resource analysis,2012,2012-10-01,10.1145/2362389.2362393,,TOPL,opencitations;semanticscholar,10.1145/2362389.2362393;20f3fcd714230fbcb88661ba0f623d9e6217a717,CS019,S29,CS019,,included,no,,0,title-screen,,,,Keyword score is prioritization only; it is not an eligibility or exclusion decision.
CG0571,doi:10.1145/237721.237725,20260731T020306Z;20260731T022348Z,Solving shape-analysis problems in languages with destructive updating,1996,,10.1145/237721.237725,,ACM-SIGACT Symposium on Principles of Programming Languages,semanticscholar,8e5251b3a978ab2a7e99920eb91c8ebe8d71806a,CS030,S44,CS030,,included,no,,0,title-screen,,,,Keyword score is prioritization only; it is not an eligibility or exclusion decision.
CG0572,doi:10.1145/2429069.2429099,20260731T010300Z;20260731T022106Z;20260731T022348Z,Library abstraction for C/C++ concurrency,2013,2013-01-23,10.1145/2429069.2429099,,ACM-SIGACT Symposium on Principles of Programming Languages,opencitations;semanticscholar,10.1145/2429069.2429099;f69107afe63ef62068a57124b7ce411f1d26ea3f,CS006;CS007;CS008;CS022,S07;S08;S09;S33,CS006;CS007;CS008;CS022,,included,no,,0,title-screen,,,,Keyword score is prioritization only; it is not an eligibility or exclusion decision.
CG0573,doi:10.1145/2429069.2429104,20260731T010300Z;20260731T022106Z,,,,10.1145/2429069.2429104,,,opencitations,10.1145/2429069.2429104,CS013,S17,CS013,,unknown-date,no,,0,manual-date-check,,,,Keyword score is prioritization only; it is not an eligibility or exclusion decision.
CG0574,doi:10.1145/2429069.2429109,20260731T010300Z;20260731T022106Z;20260731T022348Z,Quantitative relaxation of concurrent data structures,2013,2013-01-23,10.1145/2429069.2429109,,ACM-SIGACT Symposium on Principles of Programming Languages,opencitations;semanticscholar,10.1145/2429069.2429109;b16e021be73f02185d9a0659fdafaa80b2ad7031,CS006,S07,CS006,,included,no,,0,title-screen,,,,Keyword score is prioritization only; it is not an eligibility or exclusion decision.
CG0576,doi:10.1145/244795.244800,20260731T020306Z;20260731T022348Z,Abstract interpretation of reactive systems,1997,1997-03-03,10.1145/244795.244800,,ACM Transactions on Programming Languages and Systems,semanticscholar,c273bab3031d5d8509a1f7b7e5e9fdd145d2d457,CS030,S44,CS030,,included,no,,0,title-screen,,,,Keyword score is prioritization only; it is not an eligibility or exclusion decision.
CG0577,doi:10.1145/2480359.2429099,20260731T010300Z;20260731T022106Z,,,,10.1145/2480359.2429099,,,opencitations,10.1145/2480359.2429099,CS007;CS008,S08;S09,CS007;CS008,,unknown-date,no,,0,manual-date-check,,,,Keyword score is prioritization only; it is not an eligibility or exclusion decision.
CG0578,doi:10.1145/2480359.2429104,20260731T010300Z;20260731T022106Z,,,,10.1145/2480359.2429104,,,opencitations,10.1145/2480359.2429104,CS013,S17,CS013,,unknown-date,no,,0,manual-date-check,,,,Keyword score is prioritization only; it is not an eligibility or exclusion decision.
CG0581,doi:10.1145/2488364.2490873,20260731T010300Z;20260731T022106Z,,2013,2013-05,10.1145/2488364.2490873,,,opencitations,10.1145/2488364.2490873,CS009,S10,,CS009,included,no,,0,missing-title-manual-check,,,,Keyword score is prioritization only; it is not an eligibility or exclusion decision.
CG0583,doi:10.1145/2500365.2500600,20260731T010300Z;20260731T022106Z;20260731T022348Z,Unifying refinement and hoare-style reasoning in a logic for higher-order concurrency,2013,2013-09-25,10.1145/2500365.2500600,,ACM SIGPLAN International Conference on Functional Programming,opencitations;semanticscholar,10.1145/2500365.2500600;8b88a7f224baf405748c040e4dd4fced006003fb,CS006;CS013;CS014,S07;S17;S19,CS006;CS013;CS014,,included,no,,0,title-screen,,,,Keyword score is prioritization only; it is not an eligibility or exclusion decision.
CG0584,doi:10.1145/2509136.2509514,20260731T010300Z;20260731T022106Z;20260731T022348Z,CDSchecker: checking concurrent data structures written with C/C++ atomics,2013,2013-10-29,10.1145/2509136.2509514,,"Conference on Object-Oriented Programming Systems, Languages, and Applications",opencitations;semanticscholar,10.1145/2509136.2509514;2814d43ef6c8811d6844e3125dd3d4c87c2e226a,CS022,S33,CS022,,included,no,,0,title-screen,,,,Keyword score is prioritization only; it is not an eligibility or exclusion decision.
CG0587,doi:10.1145/2535838.2535877,20260731T010300Z;20260731T022106Z;20260731T022348Z,Verifying eventual consistency of optimistic replication systems,2014,2014-01-08,10.1145/2535838.2535877,,ACM-SIGACT Symposium on Principles of Programming Languages,opencitations;semanticscholar,10.1145/2535838.2535877;fca0e44f0259d7599e4313191e1b596270aefe9b,CS001,S01,CS001,,included,no,,0,title-screen,,,,Keyword score is prioritization only; it is not an eligibility or exclusion decision.
CG0588,doi:10.1145/2542667,20260731T010300Z;20260731T022348Z,Undecidability of Propositional Separation Logic and Its Neighbours,2010,2010-07-11,10.1145/2542667,,2010 25th Annual IEEE Symposium on Logic in Computer Science,semanticscholar,66848336b298969361ccc6ccd0f446ac99af0f0a,CS009,S10,,CS009,included,no,,0,title-screen,,,,Keyword score is prioritization only; it is not an eligibility or exclusion decision.
CG0589,doi:10.1145/2544174.2500600,20260731T010300Z;20260731T022106Z,,,,10.1145/2544174.2500600,,,opencitations,10.1145/2544174.2500600,CS013;CS014,S17;S19,CS013;CS014,,unknown-date,no,,0,manual-date-check,,,,Keyword score is prioritization only; it is not an eligibility or exclusion decision.
CG0592,doi:10.1145/2594291.2594347,20260731T010300Z;20260731T022106Z,,,,10.1145/2594291.2594347,,,opencitations,10.1145/2594291.2594347,CS003,S03,CS003,,unknown-date,no,,0,manual-date-check,,,,Keyword score is prioritization only; it is not an eligibility or exclusion decision.
CG0594,doi:10.1145/2603088.2603161,20260731T010300Z;20260731T022106Z,,,,10.1145/2603088.2603161,,,opencitations,10.1145/2603088.2603161,CS003,S03,CS003,,unknown-date,no,,0,manual-date-check,,,,Keyword score is prioritization only; it is not an eligibility or exclusion decision.
CG0595,doi:10.1145/2627752,20260731T010300Z;20260731T022106Z;20260731T022348Z,Herding Cats,2014,2014-06-09,10.1145/2627752,1308.6810,ACM Transactions on Programming Languages and Systems,opencitations;semanticscholar,10.1145/2627752;37dd61d659511463ac05979b2c824d0671c4a44b;eea2927258e13bc18f8f872e335bc4a3a7a206b6,CS001;CS004;CS008,S01;S05;S09,CS001;CS004;CS008,,included,no,,0,title-screen,,,,Keyword score is prioritization only; it is not an eligibility or exclusion decision.
CG0597,doi:10.1145/2660193.2660243,20260731T010300Z;20260731T022106Z,,,,10.1145/2660193.2660243,,,opencitations,10.1145/2660193.2660243,CS006;CS026,S07;S27,CS006;CS026,,unknown-date,no,,0,manual-date-check,,,,Keyword score is prioritization only; it is not an eligibility or exclusion decision.
CG0598,doi:10.1145/2666356.2594301,20260731T010300Z;20260731T022106Z,,2014,2014-06-05,10.1145/2666356.2594301,,,opencitations,10.1145/2666356.2594301,CS016,A27,,CS016,included,no,,0,missing-title-manual-check,,,,Keyword score is prioritization only; it is not an eligibility or exclusion decision.
CG0600,doi:10.1145/2676724.2693180,20260731T010300Z;20260731T022106Z;20260731T022348Z,Clean-Slate Development of Certified OS Kernels,2015,2015-01-13,10.1145/2676724.2693180,,Certified Programs and Proofs,opencitations;semanticscholar,10.1145/2676724.2693180;e8ace9419628a68f18027e779f9add1bc9ec9ca9,CS016,A27,,CS016,included,no,,0,title-screen,,,,Keyword score is prioritization only; it is not an eligibility or exclusion decision.
CG0601,doi:10.1145/2676726.2676963,20260731T010300Z;20260731T022106Z,,,,10.1145/2676726.2676963,,,opencitations,10.1145/2676726.2676963,CS022,S33,CS022,,unknown-date,no,,0,manual-date-check,,,,Keyword score is prioritization only; it is not an eligibility or exclusion decision.
CG0602,doi:10.1145/2676726.2676975,20260731T010300Z;20260731T022106Z,,,,10.1145/2676726.2676975,,,opencitations,10.1145/2676726.2676975,CS002,S02,CS002,,unknown-date,no,,0,manual-date-check,,,,Keyword score is prioritization only; it is not an eligibility or exclusion decision.
CG0603,doi:10.1145/2676726.2676980,20260731T010300Z;20260731T022106Z,,,,10.1145/2676726.2676980,,,opencitations,10.1145/2676726.2676980,CS006;CS013,S07;S17,CS006;CS013,,unknown-date,no,,0,manual-date-check,,,,Keyword score is prioritization only; it is not an eligibility or exclusion decision.
CG0604,doi:10.1145/2676726.2676995,20260731T010300Z;20260731T022106Z,,,,10.1145/2676726.2676995,,,opencitations,10.1145/2676726.2676995,CS001,S01,CS001,,unknown-date,no,,0,manual-date-check,,,,Keyword score is prioritization only; it is not an eligibility or exclusion decision.
CG0605,doi:10.1145/2688500.2688503,20260731T010300Z;20260731T022106Z;20260731T022348Z,High performance locks for multi-level NUMA systems,2015,2015-01-24,10.1145/2688500.2688503,,ACM SIGPLAN Symposium on Principles & Practice of Parallel Programming,opencitations;semanticscholar,10.1145/2688500.2688503;9bd0f0527d8d2f751c622ec14388017224f4810b,CS001,S01,CS001,,included,no,,0,title-screen,,,,Keyword score is prioritization only; it is not an eligibility or exclusion decision.
CG0606,doi:10.1145/2699431,20260731T010300Z;20260731T022106Z,,,,10.1145/2699431,,,opencitations,10.1145/2699431,CS003,S03,CS003,,unknown-date,no,,0,manual-date-check,,,,Keyword score is prioritization only; it is not an eligibility or exclusion decision.
CG0607,doi:10.1145/2714064.2660224,20260731T010300Z;20260731T022106Z,,,,10.1145/2714064.2660224,,,opencitations,10.1145/2714064.2660224,CS021,S31,CS021,,unknown-date,no,,0,manual-date-check,,,,Keyword score is prioritization only; it is not an eligibility or exclusion decision.
CG0608,doi:10.1145/2714064.2660243,20260731T010300Z;20260731T022106Z;20260731T022348Z,GPS,2014,2014-10-15,10.1145/2714064.2660243,,"Conference on Object-Oriented Programming Systems, Languages, and Applications",opencitations;semanticscholar,10.1145/2714064.2660243;b9e67d76363b40a590dbd6132ddac94843103a9a,CS006;CS008;CS026,S07;S09;S27,CS006;CS008;CS026,,included,no,,0,title-screen,,,,Keyword score is prioritization only; it is not an eligibility or exclusion decision.
CG0609,doi:10.1145/2737924.2737955,20260731T010300Z;20260731T022106Z;20260731T022348Z,Compositional certified resource bounds,2015,2015-06-03,10.1145/2737924.2737955,,ACM-SIGPLAN Symposium on Programming Language Design and Implementation,opencitations;semanticscholar,10.1145/2737924.2737955;4118e00a194e9cde55a2151b3e06ef41a0da826a,CS016;CS019,A27;S29,CS019,CS016,included,no,,0,title-screen,,,,Keyword score is prioritization only; it is not an eligibility or exclusion decision.
CG0612,doi:10.1145/2749469.2750405,20260731T010300Z;20260731T022106Z,,,,10.1145/2749469.2750405,,,opencitations,10.1145/2749469.2750405,CS003,S03,CS003,,unknown-date,no,,0,manual-date-check,,,,Keyword score is prioritization only; it is not an eligibility or exclusion decision.
CG0613,doi:10.1145/2754169.2754187,20260731T010300Z;20260731T022106Z;20260731T022348Z,Stop and go: understanding yieldpoint behavior,2015,2015-06-14,10.1145/2754169.2754187,,International Symposium on Mathematical Morphology and Its Application to Signal and Image Processing,opencitations;semanticscholar,10.1145/2754169.2754187;1031dd14412b59a28527e005f078f470b5b04dc0,CS019,S29,CS019,,included,no,,0,title-screen,,,,Keyword score is prioritization only; it is not an eligibility or exclusion decision.
CG0614,doi:10.1145/2775051.2676963,20260731T010300Z;20260731T022348Z,"A Scalable, Correct Time-Stamped Stack",2015,2015-01-14,10.1145/2775051.2676963,,ACM-SIGACT Symposium on Principles of Programming Languages,semanticscholar,8a66ec171076a6b3cf3865be2e8570ec7a64fd11,CS022,S33,CS022,,included,no,,0,title-screen,,,,Keyword score is prioritization only; it is not an eligibility or exclusion decision.
CG0615,doi:10.1145/2775051.2676975,20260731T010300Z;20260731T022348Z,Deep Specifications and Certified Abstraction Layers,2015,2015-01-14,10.1145/2775051.2676975,,ACM-SIGACT Symposium on Principles of Programming Languages,semanticscholar,109c2e2a5d61c22b7c00c543c18a5252da130c3d,CS002;CS011,S02;S15,CS002;CS011,,included,no,,0,title-screen,,,,Keyword score is prioritization only; it is not an eligibility or exclusion decision.
CG0616,doi:10.1145/2775051.2676980,20260731T010300Z;20260731T022106Z;20260731T022348Z,Iris,2015,2015-01-14,10.1145/2775051.2676980,,ACM-SIGACT Symposium on Principles of Programming Languages,opencitations;semanticscholar,10.1145/2775051.2676980;3365119a06b86d93e2fcd1a9d105b73f52bd896b,CS002;CS006;CS007;CS010;CS011;CS012;CS013;CS019;CS023,S02;S07;S08;S14;S15;S16;S17;S29;S35,CS002;CS006;CS007;CS010;CS011;CS012;CS013;CS019;CS023,,included,no,,0,title-screen,,,,Keyword score is prioritization only; it is not an eligibility or exclusion decision.
CG0618,doi:10.1145/2796550,20260731T010300Z;20260731T020306Z;20260731T022106Z;20260731T022348Z,Verifying Linearisability,2015,2015-11-21,10.1145/2796550,,ACM Computing Surveys,opencitations;semanticscholar,10.1145/2796550;2bdceaa9ec71ee076563a766261d72fbdcc2bbca,CS009;CS018;CS030,S10;S28;S44,,CS009;CS018;CS030,included,no,,0,title-screen,,,,Keyword score is prioritization only; it is not an eligibility or exclusion decision.
CG0620,doi:10.1145/2815400.2815402,20260731T010300Z;20260731T022348Z,Using Crash Hoare logic for certifying the FSCQ file system,2015,2015-10-04,10.1145/2815400.2815402,,USENIX Annual Technical Conference,semanticscholar,bade6470375a7126d62b744214ff305d3c905ec1,CS026,S27,CS026,,included,no,,0,title-screen,,,,Keyword score is prioritization only; it is not an eligibility or exclusion decision.
CG0621,doi:10.1145/2837614.2837615,20260731T010300Z;20260731T022106Z;20260731T022348Z,"Modelling the ARMv8 architecture, operationally: concurrency and ISA",2016,2016-01-11,10.1145/2837614.2837615,,ACM-SIGACT Symposium on Principles of Programming Languages,opencitations;semanticscholar,10.1145/2837614.2837615;11041c90b039cc6d45e1d6bd88ce4575805fd52c,CS001,S01,CS001,,included,no,,0,title-screen,,,,Keyword score is prioritization only; it is not an eligibility or exclusion decision.
CG0624,doi:10.1145/2837614.2837643,20260731T010300Z;20260731T022106Z;20260731T022348Z,Taming release-acquire consistency,2016,2016-01-11,10.1145/2837614.2837643,,ACM-SIGACT Symposium on Principles of Programming Languages,opencitations;semanticscholar,10.1145/2837614.2837643;c36b2b15f76ce05d121f5621a5baa060fa6b0bd2,CS001;CS003;CS006;CS008,S01;S03;S07;S09,CS001;CS003;CS006;CS008,,included,no,,0,title-screen,,,,Keyword score is prioritization only; it is not an eligibility or exclusion decision.
CG0625,doi:10.1145/2837614.2837646,20260731T010300Z;20260731T022348Z,The complexity of interaction,2015,2015-11-05,10.1145/2837614.2837646,1511.01838,ACM-SIGACT Symposium on Principles of Programming Languages,semanticscholar,509d7943d5e1bb9dacbfa9427ab953f6188701e4,CS023,S35,CS023,,included,no,,0,title-screen,,,,Keyword score is prioritization only; it is not an eligibility or exclusion decision.
CG0626,doi:10.1145/2858788.2688503,20260731T010300Z;20260731T022106Z,,,,10.1145/2858788.2688503,,,opencitations,10.1145/2858788.2688503,CS001,S01,CS001,,unknown-date,no,,0,manual-date-check,,,,Keyword score is prioritization only; it is not an eligibility or exclusion decision.
CG0627,doi:10.1145/2866575,20260731T010300Z;20260731T022106Z;20260731T022348Z,Analyzing Runtime and Size Complexity of Integer Programs,2016,2016-08-02,10.1145/2866575,,ACM Transactions on Programming Languages and Systems,opencitations;semanticscholar,10.1145/2866575;4d9cbb2432d19ebbd7e98310659c514f7371be75,CS028,S40,CS028,,included,no,,0,title-screen,,,,Keyword score is prioritization only; it is not an eligibility or exclusion decision.
CG0628,doi:10.1145/2914770.2837635,20260731T010300Z;20260731T022106Z,,2016,2016-04-08,10.1145/2914770.2837635,,,opencitations,10.1145/2914770.2837635,CS009;CS013;CS014;CS016,A27;S10;S17;S19,CS014,CS009;CS013;CS016,included,no,,0,missing-title-manual-check,,,,Keyword score is prioritization only; it is not an eligibility or exclusion decision.
CG0629,doi:10.1145/2914770.2837643,20260731T010300Z;20260731T022106Z,,,,10.1145/2914770.2837643,,,opencitations,10.1145/2914770.2837643,CS001,S01,CS001,,unknown-date,no,,0,manual-date-check,,,,Keyword score is prioritization only; it is not an eligibility or exclusion decision.
CG0630,doi:10.1145/292540.292552,20260731T020306Z;20260731T022348Z,Parametric shape analysis via 3-valued logic,1999,,10.1145/292540.292552,,ACM-SIGACT Symposium on Principles of Programming Languages,semanticscholar,5e5b635d9d15d457dcb1f1ce51ac19c141167542,CS030,S44,CS030,,included,no,,0,title-screen,,,,Keyword score is prioritization only; it is not an eligibility or exclusion decision.
CG0632,doi:10.1145/2933575.2934536,20260731T010300Z;20260731T022106Z,,,,10.1145/2933575.2934536,,,opencitations,10.1145/2933575.2934536,CS003,S03,CS003,,unknown-date,no,,0,manual-date-check,,,,Keyword score is prioritization only; it is not an eligibility or exclusion decision.
CG0633,doi:10.1145/2951913.2951943,20260731T010300Z;20260731T022106Z;20260731T022348Z,Higher-order ghost state,2016,2016-09-04,10.1145/2951913.2951943,,ACM SIGPLAN International Conference on Functional Programming,opencitations;semanticscholar,10.1145/2951913.2951943;380aedadd989dd140991f8c11fa45752f0d9704e,CS006;CS007;CS010;CS012,S07;S08;S14;S16,CS006;CS007;CS010;CS012,,included,no,,0,title-screen,,,,Keyword score is prioritization only; it is not an eligibility or exclusion decision.
CG0634,doi:10.1145/2983990.2983997,20260731T010300Z;20260731T022106Z,,,,10.1145/2983990.2983997,,,opencitations,10.1145/2983990.2983997,CS003,S03,CS003,,unknown-date,no,,0,manual-date-check,,,,Keyword score is prioritization only; it is not an eligibility or exclusion decision.
CG0635,doi:10.1145/2983990.2983999,20260731T010300Z;20260731T022106Z;20260731T022348Z,Hoare-style specifications as correctness conditions for non-linearizable concurrent objects,2015,2015-09-21,10.1145/2983990.2983999,1509.06220,"Conference on Object-Oriented Programming Systems, Languages, and Applications",opencitations;semanticscholar,10.1145/2983990.2983999;dfccdf3ad33a187b26106628949ba3da9ab221bf,CS006,S07,CS006,,included,no,,0,title-screen,,,,Keyword score is prioritization only; it is not an eligibility or exclusion decision.
CG0636,doi:10.1145/2983990.2984032,20260731T010300Z;20260731T022106Z;20260731T022348Z,Portable inter-workgroup barrier synchronisation for GPUs,2016,2016-10-19,10.1145/2983990.2984032,,"Conference on Object-Oriented Programming Systems, Languages, and Applications",opencitations;semanticscholar,10.1145/2983990.2984032;c5c6ea6e9824c1fdbbaacfb3bfaea7910258bd1a,CS004,S05,CS004,,included,no,,0,title-screen,,,,Keyword score is prioritization only; it is not an eligibility or exclusion decision.
CG0637,doi:10.1145/2983990.2984037,20260731T010300Z;20260731T022106Z;20260731T022348Z,First-class effect reflection for effect-guided programming,2016,2016-10-19,10.1145/2983990.2984037,,"Conference on Object-Oriented Programming Systems, Languages, and Applications",opencitations;semanticscholar,10.1145/2983990.2984037;7a9dc175662588b68bfeb35b0bf0bea8d4bca800,CS009,S10,,CS009,included,no,,0,title-screen,,,,Keyword score is prioritization only; it is not an eligibility or exclusion decision.
CG0638,doi:10.1145/2984450.2984457,20260731T010300Z;20260731T022106Z;20260731T022348Z,Concurrent separation logic,2016,2016-08-08,10.1145/2984450.2984457,,SIGL,opencitations;semanticscholar,10.1145/2984450.2984457;bcffc23cc1455a0c2b2a9dab4794015d65794180,CS013;CS014;CS019,S17;S19;S29,CS019,CS013;CS014,included,no,,0,title-screen,,,,Keyword score is prioritization only; it is not an eligibility or exclusion decision.
CG0639,doi:10.1145/3009837.3009842,20260731T010300Z;20260731T022106Z;20260731T022348Z,Towards automatic resource bound analysis for OCaml,2016,2016-11-02,10.1145/3009837.3009842,1611.00692,ACM-SIGACT Symposium on Principles of Programming Languages,opencitations;semanticscholar,10.1145/3009837.3009842;a9575871468a0dfde4a3595d99fd15f7adc79a87,CS019,S29,CS019,,included,no,,0,title-screen,,,,Keyword score is prioritization only; it is not an eligibility or exclusion decision.
CG0640,doi:10.1145/3009837.3009850,20260731T010300Z;20260731T022106Z;20260731T022348Z,A promising semantics for relaxed-memory concurrency,2017,2017-01-01,10.1145/3009837.3009850,,ACM-SIGACT Symposium on Principles of Programming Languages,opencitations;semanticscholar,10.1145/3009837.3009850;f313e93201531bbf8990ee444a15c4e6c5b980b5,CS001;CS002;CS003;CS006;CS007;CS008,S01;S02;S03;S07;S08;S09,CS001;CS002;CS003;CS006;CS007;CS008,,included,no,,0,title-screen,,,,Keyword score is prioritization only; it is not an eligibility or exclusion decision.
CG0641,doi:10.1145/3009837.3009855,20260731T010300Z;20260731T022106Z;20260731T022348Z,Interactive proofs in higher-order concurrent separation logic,2017,2017-01-01,10.1145/3009837.3009855,,ACM-SIGACT Symposium on Principles of Programming Languages,opencitations;semanticscholar,10.1145/3009837.3009855;e0ac698525226a3f54555f3e8015993458ba5348,CS007;CS010;CS012;CS026,S08;S14;S16;S27,CS007;CS010;CS012;CS026,,included,no,,0,title-screen,,,,Keyword score is prioritization only; it is not an eligibility or exclusion decision.
CG0642,doi:10.1145/3009837.3009877,20260731T010300Z;20260731T022106Z;20260731T022348Z,A relational model of types-and-effects in higher-order concurrent separation logic,2017,2017-01-01,10.1145/3009837.3009877,,ACM-SIGACT Symposium on Principles of Programming Languages,opencitations;semanticscholar,10.1145/3009837.3009877;477c8937bf1a7894e6164f8cd8159c392f846023,CS006,S07,CS006,,included,no,,0,title-screen,,,,Keyword score is prioritization only; it is not an eligibility or exclusion decision.
CG0646,doi:10.1145/3022671.2984037,20260731T010300Z;20260731T022106Z,,2016,2016-12-05,10.1145/3022671.2984037,,,opencitations,10.1145/3022671.2984037,CS009,S10,,CS009,included,no,,0,missing-title-manual-check,,,,Keyword score is prioritization only; it is not an eligibility or exclusion decision.
CG0648,doi:10.1145/3062341.3062354,20260731T010300Z;20260731T022348Z,Futhark: purely functional GPU-programming with nested parallelism and in-place array updates,2017,2017-06-14,10.1145/3062341.3062354,,ACM-SIGPLAN Symposium on Programming Language Design and Implementation,semanticscholar,f463b6d692704baf9463e7d8b39e6032c23c4ec9,CS023,S35,CS023,,included,no,,0,title-screen,,,,Keyword score is prioritization only; it is not an eligibility or exclusion decision.
CG0649,doi:10.1145/3073408,20260731T010300Z;20260731T022106Z,,,,10.1145/3073408,,,opencitations,10.1145/3073408,CS003,S03,CS003,,unknown-date,no,,0,manual-date-check,,,,Keyword score is prioritization only; it is not an eligibility or exclusion decision.
CG0650,doi:10.1145/3093333.3009850,20260731T010300Z;20260731T022106Z,,,,10.1145/3093333.3009850,,,opencitations,10.1145/3093333.3009850,CS001;CS007,S01;S08,CS001;CS007,,unknown-date,no,,0,manual-date-check,,,,Keyword score is prioritization only; it is not an eligibility or exclusion decision.
CG0652,doi:10.1145/3140587.3062352,20260731T010300Z;20260731T022106Z,,,,10.1145/3140587.3062352,,,opencitations,10.1145/3140587.3062352,CS001;CS008,S01;S09,CS001;CS008,,unknown-date,no,,0,manual-date-check,,,,Keyword score is prioritization only; it is not an eligibility or exclusion decision.
CG0655,doi:10.1145/3158107,20260731T010300Z;20260731T022106Z;20260731T022348Z,Simplifying ARM concurrency: multicopy-atomic axiomatic and operational models for ARMv8,2017,2017-12-27,10.1145/3158107,,Proc. ACM Program. Lang.,opencitations;semanticscholar,10.1145/3158107;7026d1648d3507987d7dd5b10720cce81683fa18,CS001;CS006,S01;S07,CS001;CS006,,included,no,,0,title-screen,,,,Keyword score is prioritization only; it is not an eligibility or exclusion decision.
CG0658,doi:10.1145/3158116,20260731T010300Z;20260731T022106Z;20260731T022348Z,Programming and proving with distributed protocols,2018,2017-12-27,10.1145/3158116,,Proc. ACM Program. Lang.,opencitations;semanticscholar,10.1145/3158116;4b68124941fc379b6298334eb9509a2b01fcd1ce,CS014,S19,,CS014,included,no,,0,title-screen,,,,Keyword score is prioritization only; it is not an eligibility or exclusion decision.
CG0659,doi:10.1145/3158119,20260731T010300Z;20260731T022106Z;20260731T022348Z,Data-centric dynamic partial order reduction,2016,2016-10-04,10.1145/3158119,1610.01188,Proc. ACM Program. Lang.,opencitations;semanticscholar,10.1145/3158119;ff52c9ad8c1d0dfc0f0ce49c513272faf6450ebd,CS022,S33,CS022,,included,no,,0,title-screen,,,,Keyword score is prioritization only; it is not an eligibility or exclusion decision.
CG0660,doi:10.1145/3158125,20260731T010300Z;20260731T022106Z;20260731T022348Z,Go with the flow: compositional abstractions for concurrent data structures,2018,2017-11-09,10.1145/3158125,1711.03272,Proc. ACM Program. Lang.,opencitations;semanticscholar,10.1145/3158125;306277d111419015caa49a86233122c1dddb7252,CS007;CS013,S08;S17,CS007,CS013,included,no,,0,title-screen,,,,Keyword score is prioritization only; it is not an eligibility or exclusion decision.
CG0661,doi:10.1145/3158154,20260731T010300Z;20260731T022106Z;20260731T022348Z,RustBelt: securing the foundations of the rust programming language,2017,2017-12-27,10.1145/3158154,,Proc. ACM Program. Lang.,opencitations;semanticscholar,10.1145/3158154;6a8ceba15f95d03617e79aaba35515776c4bc4d9,CS010;CS012;CS019,S14;S16;S29,CS010;CS012;CS019,,included,no,,0,title-screen,,,,Keyword score is prioritization only; it is not an eligibility or exclusion decision.
CG0662,doi:10.1145/3173162.3177156,20260731T010300Z;20260731T022106Z;20260731T022348Z,Frightening Small Children and Disconcerting Grown-ups: Concurrency in the Linux Kernel,2018,2018-03-19,10.1145/3173162.3177156,,International Conference on Architectural Support for Programming Languages and Operating Systems,opencitations;semanticscholar,10.1145/3173162.3177156;630b78dddd7d66a2e4513131727bb5ac80030c86,CS001,S01,CS001,,included,no,,0,title-screen,,,,Keyword score is prioritization only; it is not an eligibility or exclusion decision.
CG0664,doi:10.1145/318593.318622,20260731T020306Z;20260731T022348Z,Checking that finite state concurrent programs satisfy their linear specification,1985,1985-01-01,10.1145/318593.318622,,ACM-SIGACT Symposium on Principles of Programming Languages,semanticscholar,fef30f9dedc0be879beb7dffa2ca4247d436462a,CS030,S44,CS030,,included,no,,0,title-screen,,,,Keyword score is prioritization only; it is not an eligibility or exclusion decision.
CG0665,doi:10.1145/3192366.3192381,20260731T010300Z;20260731T022106Z;20260731T022348Z,Certified concurrent abstraction layers,2018,2018-06-11,10.1145/3192366.3192381,,ACM-SIGPLAN Symposium on Programming Language Design and Implementation,opencitations;semanticscholar,10.1145/3192366.3192381;d67f507cd8332e0f38983aa3eb23e8f5f571684d,CS011;CS013;CS014,S15;S17;S19,CS011,CS013;CS014,included,no,,0,title-screen,,,,Keyword score is prioritization only; it is not an eligibility or exclusion decision.
CG0667,doi:10.1145/3192366.3192421,20260731T010300Z;20260731T022106Z;20260731T022348Z,Bounding data races in space and time,2018,2018-06-11,10.1145/3192366.3192421,,ACM-SIGPLAN Symposium on Programming Language Design and Implementation,opencitations;semanticscholar,10.1145/3192366.3192421;76aea8db8a6f9410e2023bef35e02eba6131fdff,CS001;CS006;CS007;CS008,S01;S07;S08;S09,CS001;CS006;CS007;CS008,,included,no,,0,title-screen,,,,Keyword score is prioritization only; it is not an eligibility or exclusion decision.
CG0668,doi:10.1145/3201897,20260731T010300Z;20260731T022106Z;20260731T022348Z,ThreadScan,2018,2018-05-01,10.1145/3201897,,ACM Transactions on Parallel Computing,opencitations;semanticscholar,10.1145/3201897;20bc95e5f6ba7498ca76955b095379599fb0f001,CS019,S29,CS019,,included,no,,0,title-screen,,,,Keyword score is prioritization only; it is not an eligibility or exclusion decision.
CG0669,doi:10.1145/320384.320418,20260731T010300Z;20260731T022106Z;20260731T022348Z,Implementing jalapeño in Java,1999,1999-10-01,10.1145/320384.320418,,"Conference on Object-Oriented Programming Systems, Languages, and Applications",opencitations;semanticscholar,10.1145/320384.320418;87bf9c81ed472f79e067d59db244f7c8870735d6,CS019,S29,CS019,,included,no,,0,title-screen,,,,Keyword score is prioritization only; it is not an eligibility or exclusion decision.
CG0670,doi:10.1145/3209108.3209146,20260731T010300Z;20260731T022348Z,Work Analysis with Resource-Aware Session Types,2017,2017-12-22,10.1145/3209108.3209146,1712.08310,Logic in Computer Science,semanticscholar,ca1d820915e6f9812e8ead454ba5b3f32176b88a,CS023,S35,CS023,,included,no,,0,title-screen,,,,Keyword score is prioritization only; it is not an eligibility or exclusion decision.
CG0671,doi:10.1145/3209108.3209174,20260731T010300Z;20260731T022106Z;20260731T022348Z,ReLoC: A Mechanised Relational Logic for Fine-Grained Concurrency,2018,2018-07-09,10.1145/3209108.3209174,,Logic in Computer Science,opencitations;semanticscholar,10.1145/3209108.3209174;6a39b85c8e772a5a21a5245475eb3a9ab31a2d17,CS006;CS010,S07;S14,CS006;CS010,,included,no,,0,title-screen,,,,Keyword score is prioritization only; it is not an eligibility or exclusion decision.
CG0673,doi:10.1145/3211968,20260731T010300Z;20260731T022106Z;20260731T022348Z,Separation logic,2019,2019-01-28,10.1145/3211968,,Communications of the ACM,opencitations;semanticscholar,10.1145/3211968;7a70b298da9079619d2d6d683c1b801e4b3eae0c,CS019,S29,CS019,,included,no,,0,title-screen,,,,Keyword score is prioritization only; it is not an eligibility or exclusion decision.
CG0674,doi:10.1145/321812.321815,20260731T010300Z;20260731T022348Z,The Parallel Evaluation of General Arithmetic Expressions,1974,1974-04-01,10.1145/321812.321815,,JACM,semanticscholar,3dcf4f76d2194cf81e67fde23267cb70e133eaf8,CS023,S35,CS023,,included,no,,0,title-screen,,,,Keyword score is prioritization only; it is not an eligibility or exclusion decision.
CG0675,doi:10.1145/3236772,20260731T010300Z;20260731T022106Z;20260731T022348Z,"MoSeL: a general, extensible modal framework for interactive proofs in separation logic",2018,2018-07-30,10.1145/3236772,,Proc. ACM Program. Lang.,opencitations;semanticscholar,10.1145/3236772;e60b3d6e4e8318380732a3a0779a703aecd17279,CS007;CS019,S08;S29,CS007;CS019,,included,no,,0,title-screen,,,,Keyword score is prioritization only; it is not an eligibility or exclusion decision.
CG0676,doi:10.1145/3236786,20260731T010300Z;20260731T022348Z,Parallel complexity analysis with temporal session types,2018,2018-04-17,10.1145/3236786,1804.06013,Proc. ACM Program. Lang.,semanticscholar,a98d1f361b7afee0d2a2ae4754bffe4ee9188e4d,CS023,S35,CS023,,included,no,,0,title-screen,,,,Keyword score is prioritization only; it is not an eligibility or exclusion decision.
CG0677,doi:10.1145/325694.325716,20260731T010300Z;20260731T022106Z;20260731T022348Z,Resource bound certification,2000,2000-01-05,10.1145/325694.325716,,ACM-SIGACT Symposium on Principles of Programming Languages,opencitations;semanticscholar,10.1145/325694.325716;327c5c7540a17718e77bc7bd8be3db12f684f7f2,CS019,S29,CS019,,included,no,,0,title-screen,,,,Keyword score is prioritization only; it is not an eligibility or exclusion decision.
CG0679,doi:10.1145/3290373,20260731T010300Z;20260731T022106Z;20260731T022348Z,Weak-consistency specification via visibility relaxation,2019,2019-01-02,10.1145/3290373,,Proc. ACM Program. Lang.,opencitations;semanticscholar,10.1145/3290373;893dcfb86084dfe492d5cd28d832158627d14076,CS006;CS008;CS022,S07;S09;S33,CS006;CS008;CS022,,included,no,,0,title-screen,,,,Keyword score is prioritization only; it is not an eligibility or exclusion decision.
CG0680,doi:10.1145/3290378,20260731T010300Z;20260731T022348Z,Iron: managing obligations in higher-order concurrent separation logic,2019,2019-01-02,10.1145/3290378,,Proc. ACM Program. Lang.,semanticscholar,17759f5892b846695a341e0b3092a9218bb40ecd,CS012;CS016,A27;S16,CS012,CS016,included,no,,0,title-screen,,,,Keyword score is prioritization only; it is not an eligibility or exclusion decision.
CG0683,doi:10.1145/3290383,20260731T010300Z;20260731T022106Z;20260731T022348Z,Grounding thin-air reads with event structures,2019,2019-01-02,10.1145/3290383,,Proc. ACM Program. Lang.,opencitations;semanticscholar,10.1145/3290383;e8c11e951dd8f875555757cbf1b902519dca3839,CS001;CS003;CS006,S01;S03;S07,CS001;CS003;CS006,,included,no,,0,title-screen,,,,Keyword score is prioritization only; it is not an eligibility or exclusion decision.
CG0684,doi:10.1145/3290387,20260731T010300Z;20260731T022106Z;20260731T022348Z,Hamsaz: replication coordination analysis and synthesis,2019,2019-01-02,10.1145/3290387,,Proc. ACM Program. Lang.,opencitations;semanticscholar,10.1145/3290387;db34dcf885481c006e2d04285c40ec7312ab1ea7,CS016,A27,,CS016,included,no,,0,title-screen,,,,Keyword score is prioritization only; it is not an eligibility or exclusion decision.
CG0686,doi:10.1145/3296979.3192381,20260731T010300Z;20260731T022106Z,,2018,2018-12-02,10.1145/3296979.3192381,,,opencitations,10.1145/3296979.3192381,CS013;CS014,S17;S19,,CS013;CS014,included,no,,0,missing-title-manual-check,,,,Keyword score is prioritization only; it is not an eligibility or exclusion decision.
CG0688,doi:10.1145/3314221.3314604,20260731T010300Z;20260731T022106Z;20260731T022348Z,Robustness against release/acquire semantics,2019,2019-06-08,10.1145/3314221.3314604,,ACM-SIGPLAN Symposium on Programming Language Design and Implementation,opencitations;semanticscholar,10.1145/3314221.3314604;a19a6d9dafa70149b7832da93686d5897ce83c7e,CS001,S01,CS001,,included,no,,0,title-screen,,,,Keyword score is prioritization only; it is not an eligibility or exclusion decision.
CG0690,doi:10.1145/3314221.3314624,20260731T010300Z;20260731T022106Z;20260731T022348Z,Promising-ARM/RISC-V: a simpler and faster operational concurrency model,2019,2019-06-08,10.1145/3314221.3314624,,ACM-SIGPLAN Symposium on Programming Language Design and Implementation,opencitations;semanticscholar,10.1145/3314221.3314624;a8c102ee5c60ce919d9c31b081672682c4db1a40,CS006,S07,CS006,,included,no,,0,title-screen,,,,Keyword score is prioritization only; it is not an eligibility or exclusion decision.
CG0692,doi:10.1145/3329125,20260731T010300Z;20260731T022106Z,,,,10.1145/3329125,,,opencitations,10.1145/3329125,CS003,S03,CS003,,unknown-date,no,,0,manual-date-check,,,,Keyword score is prioritization only; it is not an eligibility or exclusion decision.
CG0693,doi:10.1145/3335772.3335935,20260731T010300Z;20260731T020306Z;20260731T020357Z;20260731T021519Z;20260731T022348Z,How to Make a Multiprocessor Computer That Correctly Executes Multiprocess Programs,2016,2016-12-19,10.1145/3335772.3335935,,IEEE transactions on computers,semanticscholar,bdacc240ee817e6565f27f40f8658c037a457a13,CS001;CS006;CS022;CS031,S01;S07;S33;S45,CS001;CS006;CS022;CS031,,included,no,,0,title-screen,,,,Keyword score is prioritization only; it is not an eligibility or exclusion decision.
CG0695,doi:10.1145/3341301.3359632,20260731T010300Z;20260731T022106Z;20260731T022348Z,"Verifying concurrent, crash-safe systems with Perennial",2019,2019-10-27,10.1145/3341301.3359632,,Symposium on Operating Systems Principles,opencitations;semanticscholar,10.1145/3341301.3359632;4f323be4ac0bf7cb947be1c68b58ef632007c43b,CS026,S27,CS026,,included,no,,0,title-screen,,,,Keyword score is prioritization only; it is not an eligibility or exclusion decision.
CG0696,doi:10.1145/3341687,20260731T010300Z;20260731T022106Z;20260731T022348Z,Closure conversion is safe for space,2019,2019-07-26,10.1145/3341687,,Proc. ACM Program. Lang.,opencitations;semanticscholar,10.1145/3341687;578d06c6a62539c7b29594f30cb18e10a88a323b,CS019,S29,CS019,,included,no,,0,title-screen,,,,Keyword score is prioritization only; it is not an eligibility or exclusion decision.
CG0697,doi:10.1145/3350755.3400227,20260731T010300Z;20260731T022348Z,Optimal Parallel Algorithms in the Binary-Forking Model,2019,2019-03-11,10.1145/3350755.3400227,,ACM Symposium on Parallelism in Algorithms and Architectures,semanticscholar,a1a6930fd8aeff455a2213d06c69ab5d6dd35e42,CS023,S35,CS023,,included,no,,0,title-screen,,,,Keyword score is prioritization only; it is not an eligibility or exclusion decision.
CG0698,doi:10.1145/3356903,20260731T010300Z;20260731T022106Z;20260731T022348Z,Building certified concurrent OS kernels,2019,2019-09-24,10.1145/3356903,,Communications of the ACM,opencitations;semanticscholar,10.1145/3356903;f776e3da4ab2263d6b21a45ac4fdcb886ccf76ca,CS014,S19,,CS014,included,no,,0,title-screen,,,,Keyword score is prioritization only; it is not an eligibility or exclusion decision.
CG0699,doi:10.1145/3360559,20260731T010300Z;20260731T022106Z;20260731T022348Z,Weakening WebAssembly,2019,2019-10-10,10.1145/3360559,,Proc. ACM Program. Lang.,opencitations;semanticscholar,10.1145/3360559;6fb0698434403b0caa9a32133ad0f90efb36d9cd,CS001,S01,CS001,,included,no,,0,title-screen,,,,Keyword score is prioritization only; it is not an eligibility or exclusion decision.
CG0700,doi:10.1145/3360561,20260731T010300Z;20260731T022106Z;20260731T022348Z,Weak persistency semantics from the ground up: formalising the persistency semantics of ARMv8 and transactional models,2019,2019-10-10,10.1145/3360561,,Proc. ACM Program. Lang.,opencitations;semanticscholar,0a77d7f6fea37379e48a9417caae08e5eb0abc61;10.1145/3360561,CS026,S27,CS026,,included,no,,0,title-screen,,,,Keyword score is prioritization only; it is not an eligibility or exclusion decision.
CG0701,doi:10.1145/3360568,20260731T010300Z;20260731T022106Z;20260731T022348Z,A formalization of Java’s concurrent access modes,2019,2019-10-10,10.1145/3360568,,Proc. ACM Program. Lang.,opencitations;semanticscholar,10.1145/3360568;3247aa5540769a179e45c2317ad9372dbbc9e17e,CS001;CS006;CS007,S01;S07;S08,CS001;CS006;CS007,,included,no,,0,title-screen,,,,Keyword score is prioritization only; it is not an eligibility or exclusion decision.
CG0702,doi:10.1145/3371079,20260731T010300Z;20260731T022106Z;20260731T022348Z,Persistency semantics of the Intel-x86 architecture,2019,2019-12-20,10.1145/3371079,,Proc. ACM Program. Lang.,opencitations;semanticscholar,10.1145/3371079;bdf34ac80e22c679a482677120da3b4449429394,CS021;CS026,S27;S31,CS021;CS026,,included,no,,0,title-screen,,,,Keyword score is prioritization only; it is not an eligibility or exclusion decision.
CG0704,doi:10.1145/3371113,20260731T010300Z;20260731T022106Z;20260731T022348Z,The future is ours: prophecy variables in separation logic,2019,2019-12-20,10.1145/3371113,,Proc. ACM Program. Lang.,opencitations;semanticscholar,10.1145/3371113;42749767873c74f47a888349451d3f772fa31153,CS006;CS007;CS010;CS012,S07;S08;S14;S16,CS006;CS007;CS010;CS012,,included,no,,0,title-screen,,,,Keyword score is prioritization only; it is not an eligibility or exclusion decision.
CG0705,doi:10.1145/3371119,20260731T010300Z;20260731T022106Z;20260731T022348Z,Interaction trees: representing recursive and impure programs in Coq,2019,2019-05-31,10.1145/3371119,1906.00046,Proc. ACM Program. Lang.,opencitations;semanticscholar,10.1145/3371119;e10aa4afe572b4e3716e7d2b055cd3a942427272,CS002,S02,CS002,,included,no,,0,title-screen,,,,Keyword score is prioritization only; it is not an eligibility or exclusion decision.
CG0707,doi:10.1145/3373376.3378456,20260731T010300Z;20260731T022106Z,,,,10.1145/3373376.3378456,,,opencitations,10.1145/3373376.3378456,CS021,S31,CS021,,unknown-date,no,,0,manual-date-check,,,,Keyword score is prioritization only; it is not an eligibility or exclusion decision.
CG0708,doi:10.1145/3373376.3378515,20260731T010300Z;20260731T022106Z;20260731T022348Z,FlatStore: An Efficient Log-Structured Key-Value Storage Engine for Persistent Memory,2020,2020-03-09,10.1145/3373376.3378515,,International Conference on Architectural Support for Programming Languages and Operating Systems,opencitations;semanticscholar,10.1145/3373376.3378515;809d2232c2a3ac831f65eb8da855b6a397682ebf,CS026,S27,CS026,,included,no,,0,title-screen,,,,Keyword score is prioritization only; it is not an eligibility or exclusion decision.
CG0709,doi:10.1145/3381898.3397212,20260731T010300Z;20260731T022106Z;20260731T022348Z,Understanding and optimizing persistent memory allocation,2020,2020-03-14,10.1145/3381898.3397212,2003.06718,International Symposium on Mathematical Morphology and Its Application to Signal and Image Processing,opencitations;semanticscholar,10.1145/3381898.3397212;c338425bc4aa573f092ad0dba5d8b4cf13fdfbd9,CS026,S27,CS026,,included,no,,0,title-screen,,,,Keyword score is prioritization only; it is not an eligibility or exclusion decision.
CG0712,doi:10.1145/3385412.3386031,20260731T010300Z;20260731T022106Z;20260731T022348Z,"NVTraverse: in NVRAM data structures, the destination is more important than the journey",2020,2020-04-06,10.1145/3385412.3386031,2004.02841,ACM-SIGPLAN Symposium on Programming Language Design and Implementation,opencitations;semanticscholar,10.1145/3385412.3386031;e0707d0162f3747f24316e735f1f7823064d7a2c,CS021;CS026,S27;S31,CS021;CS026,,included,no,,0,title-screen,,,,Keyword score is prioritization only; it is not an eligibility or exclusion decision.
CG0713,doi:10.1145/3408978,20260731T010300Z;20260731T022106Z;20260731T022348Z,Cosmo: a concurrent separation logic for multicore OCaml,2020,2020-08-02,10.1145/3408978,,Proc. ACM Program. Lang.,opencitations;semanticscholar,10.1145/3408978;99fc357984e0536ece3f0de23b21b2c9d6e2a6a5,CS006;CS007,S07;S08,CS006;CS007,,included,no,,0,title-screen,,,,Keyword score is prioritization only; it is not an eligibility or exclusion decision.
CG0714,doi:10.1145/3408995,20260731T010300Z;20260731T022106Z;20260731T022348Z,Retrofitting parallelism onto OCaml,2020,2020-04-24,10.1145/3408995,2004.11663,Proc. ACM Program. Lang.,opencitations;semanticscholar,0202d541aadfe56d9cce09c1c5c609098778b908;10.1145/3408995,CS019;CS023,S29;S35,CS019;CS023,,included,no,,0,title-screen,,,,Keyword score is prioritization only; it is not an eligibility or exclusion decision.
CG0716,doi:10.1145/3428196,20260731T010300Z;20260731T022106Z;20260731T022348Z,Proving highly-concurrent traversals correct,2020,2020-10-02,10.1145/3428196,2010.00911,Proc. ACM Program. Lang.,opencitations;semanticscholar,10.1145/3428196;61ddb0beb37e4848a924958c7ef1b280ee597f31,CS022,S33,CS022,,included,no,,0,title-screen,,,,Keyword score is prioritization only; it is not an eligibility or exclusion decision.
CG0717,doi:10.1145/3428219,20260731T010300Z;20260731T022106Z;20260731T022348Z,Persistent Owicki-Gries reasoning: a program logic for reasoning about persistent programs on Intel-x86,2020,2020-11-13,10.1145/3428219,,Proc. ACM Program. Lang.,opencitations;semanticscholar,10.1145/3428219;eccfe4f160c5cdbacbc54cdd4ff40f8cf4c87268,CS026,S27,CS026,,included,no,,0,title-screen,,,,Keyword score is prioritization only; it is not an eligibility or exclusion decision.
CG0724,doi:10.1145/3434328,20260731T010300Z;20260731T022106Z;20260731T022348Z,Taming x86-TSO persistency,2020,2020-10-26,10.1145/3434328,,Proc. ACM Program. Lang.,opencitations;semanticscholar,10.1145/3434328;aaced77c6e8e6c6f53dfaf97296f60b8ae8e65d2,CS021;CS026,S27;S31,CS021;CS026,,included,no,,0,title-screen,,,,Keyword score is prioritization only; it is not an eligibility or exclusion decision.
CG0725,doi:10.1145/3437801.3441586,20260731T010300Z;20260731T022106Z;20260731T022348Z,Efficient algorithms for persistent transactional memory,2021,2021-02-17,10.1145/3437801.3441586,,ACM SIGPLAN Symposium on Principles & Practice of Parallel Programming,opencitations;semanticscholar,10.1145/3437801.3441586;140cfe431aa67d16d8ae99dad7f2a638ddd68aa6,CS026,S27,CS026,,included,no,,0,title-screen,,,,Keyword score is prioritization only; it is not an eligibility or exclusion decision.
CG0728,doi:10.1145/3437992.3439931,20260731T010300Z;20260731T022106Z;20260731T022348Z,Reasoning about monotonicity in separation logic,2021,2021-01-17,10.1145/3437992.3439931,,Certified Programs and Proofs,opencitations;semanticscholar,10.1145/3437992.3439931;f24a84beed55651d747472d3e862f2a197827494,CS002,S02,CS002,,included,no,,0,title-screen,,,,Keyword score is prioritization only; it is not an eligibility or exclusion decision.
CG0730,doi:10.1145/3453483.3454027,20260731T010300Z;20260731T022106Z;20260731T022348Z,Revamping hardware persistency models: view-based and axiomatic persistency models for Intel-x86 and Armv8,2021,2021-06-18,10.1145/3453483.3454027,,ACM-SIGPLAN Symposium on Programming Language Design and Implementation,opencitations;semanticscholar,10.1145/3453483.3454027;984c1a20b1d9400f4fda7878d6e78bc2f0f41c6d,CS026,S27,CS026,,included,no,,0,title-screen,,,,Keyword score is prioritization only; it is not an eligibility or exclusion decision.
CG0731,doi:10.1145/3453483.3454031,20260731T010300Z;20260731T022106Z;20260731T022348Z,Transfinite Iris: resolving an existential dilemma of step-indexed separation logic,2021,2021-06-18,10.1145/3453483.3454031,,ACM-SIGPLAN Symposium on Programming Language Design and Implementation,opencitations;semanticscholar,10.1145/3453483.3454031;a361932824e4e247c48aeea06adf919980b3dae7,CS010;CS011;CS012;CS013;CS014,S14;S15;S16;S17;S19,CS010;CS011;CS012,CS013;CS014,included,no,,0,title-screen,,,,Keyword score is prioritization only; it is not an eligibility or exclusion decision.
CG0732,doi:10.1145/3453483.3454105,20260731T010300Z;20260731T022106Z,,,,10.1145/3453483.3454105,,,opencitations,10.1145/3453483.3454105,CS021,S31,CS021,,unknown-date,no,,0,manual-date-check,,,,Keyword score is prioritization only; it is not an eligibility or exclusion decision.
CG0733,doi:10.1145/3458926,20260731T010300Z;20260731T022106Z;20260731T022348Z,Armed Cats,2021,2021-07-01,10.1145/3458926,,ACM Transactions on Programming Languages and Systems,opencitations;semanticscholar,10.1145/3458926;16a171d9b1f25b395ebcd6deb270e5de6892fb3f,CS004,S05,CS004,,included,no,,0,title-screen,,,,Keyword score is prioritization only; it is not an eligibility or exclusion decision.
CG0734,doi:10.1145/3472456.3472458,20260731T010300Z;20260731T022106Z,,,,10.1145/3472456.3472458,,,opencitations,10.1145/3472456.3472458,CS021,S31,CS021,,unknown-date,no,,0,manual-date-check,,,,Keyword score is prioritization only; it is not an eligibility or exclusion decision.
CG0737,doi:10.1145/3473581,20260731T010300Z;20260731T022106Z;20260731T022348Z,Automatic amortized resource analysis with the Quantum physicist’s method,2021,2021-06-26,10.1145/3473581,2106.13936,Proc. ACM Program. Lang.,opencitations;semanticscholar,10.1145/3473581;290550a583f07709663abb2b255c98d609d66a42,CS019,S29,CS019,,included,no,,0,title-screen,,,,Keyword score is prioritization only; it is not an eligibility or exclusion decision.
CG0738,doi:10.1145/3473586,20260731T010300Z;20260731T022106Z;20260731T022348Z,Theorems for free from separation logic specifications,2021,2021-08-18,10.1145/3473586,,Proc. ACM Program. Lang.,opencitations;semanticscholar,10.1145/3473586;28547e046d381e9ccf29dfdde4f9788b383c383b,CS006;CS007;CS019;CS023,S07;S08;S29;S35,CS006;CS007;CS019;CS023,,included,no,,0,title-screen,,,,Keyword score is prioritization only; it is not an eligibility or exclusion decision.
CG0742,doi:10.1145/3485541,20260731T010300Z;20260731T022106Z;20260731T022348Z,The reads-from equivalence for the TSO and PSO memory models,2020,2020-11-23,10.1145/3485541,2011.11763,Proc. ACM Program. Lang.,opencitations;semanticscholar,10.1145/3485541;fa463ff0c2ca733283f6bdc486faaea8ce8a17fe,CS022,S33,CS022,,included,no,,0,title-screen,,,,Keyword score is prioritization only; it is not an eligibility or exclusion decision.
CG0743,doi:10.1145/3495529,20260731T010300Z;20260731T022348Z,Types for Complexity of Parallel Computation in Pi-Calculus,2020,2020-10-12,10.1145/3495529,,European Symposium on Programming,semanticscholar,b677ffdf7d675d2ecf679d0535dc32baddf96569,CS023,S35,CS023,,included,no,,0,title-screen,,,,Keyword score is prioritization only; it is not an eligibility or exclusion decision.
CG0745,doi:10.1145/3498672,20260731T010300Z;20260731T022106Z;20260731T022348Z,A separation logic for heap space under garbage collection,2022,2022-01-11,10.1145/3498672,,Proc. ACM Program. Lang.,opencitations;semanticscholar,10.1145/3498672;26e03561e6e86a7c9d465615a29a69d774aa0bd3,CS019;CS023,S29;S35,CS019;CS023,,included,no,,0,title-screen,,,,Keyword score is prioritization only; it is not an eligibility or exclusion decision.
CG0746,doi:10.1145/3498689,20260731T010300Z;20260731T022106Z;20260731T022348Z,Simuliris: a separation logic framework for verifying concurrent program optimizations,2022,2022-01-16,10.1145/3498689,,Proc. ACM Program. Lang.,opencitations;semanticscholar,10.1145/3498689;a66b534292d939c6bcab97255130dfa1f664d481,CS002;CS010;CS011;CS014,S02;S14;S15;S19,CS002;CS010;CS011,CS014,included,no,,0,title-screen,,,,Keyword score is prioritization only; it is not an eligibility or exclusion decision.
CG0747,doi:10.1145/3498694,20260731T010300Z;20260731T022106Z;20260731T022348Z,Visibility reasoning for concurrent snapshot algorithms,2021,2021-10-06,10.1145/3498694,2110.02769,Proc. ACM Program. Lang.,opencitations;semanticscholar,10.1145/3498694;23da83a92097331d6eed7abd7bf533ba81715de3,CS006,S07,CS006,,included,no,,0,title-screen,,,,Keyword score is prioritization only; it is not an eligibility or exclusion decision.
CG0748,doi:10.1145/3498711,20260731T010300Z;20260731T022106Z;20260731T022348Z,"Truly stateless, optimal dynamic partial order reduction",2022,2022-01-11,10.1145/3498711,,Proc. ACM Program. Lang.,opencitations;semanticscholar,0f2d27ae73625a641fa0c6863d091b9d4e087a5e;10.1145/3498711,CS022,S33,CS022,,included,no,,0,title-screen,,,,Keyword score is prioritization only; it is not an eligibility or exclusion decision.
CG0749,doi:10.1145/3503221.3508436,20260731T010300Z;20260731T022106Z,,,,10.1145/3503221.3508436,,,opencitations,10.1145/3503221.3508436,CS021,S31,CS021,,unknown-date,no,,0,manual-date-check,,,,Keyword score is prioritization only; it is not an eligibility or exclusion decision.
CG0750,doi:10.1145/3505273,20260731T010300Z;20260731T022106Z,,,,10.1145/3505273,,,opencitations,10.1145/3505273,CS003,S03,CS003,,unknown-date,no,,0,manual-date-check,,,,Keyword score is prioritization only; it is not an eligibility or exclusion decision.
CG0751,doi:10.1145/350887.350891,20260731T020306Z;20260731T022348Z,SMC,2000,2000-04-01,10.1145/350887.350891,,ACM Transactions on Software Engineering and Methodology,semanticscholar,21d0744dd4c36f5034b507ea290438af72877ccf,CS030,S44,CS030,,included,no,,0,title-screen,,,,Keyword score is prioritization only; it is not an eligibility or exclusion decision.
CG0756,doi:10.1145/3544885.3544887,20260731T010300Z;20260731T022106Z;20260731T022348Z,A flat reachability-based measure for CakeML’s cost semantics,2021,2021-09-01,10.1145/3544885.3544887,,International Symposium on Implementation and Application of Functional Languages,opencitations;semanticscholar,067874ad7b32afb5ab17fb74a1c57a08dd9ee826;10.1145/3544885.3544887,CS019,S29,CS019,,included,no,,0,title-screen,,,,Keyword score is prioritization only; it is not an eligibility or exclusion decision.
CG0758,doi:10.1145/3547631,20260731T010300Z;20260731T022106Z;20260731T022348Z,Later credits: resourceful reasoning for the later modality,2022,2022-08-29,10.1145/3547631,,Proc. ACM Program. Lang.,opencitations;semanticscholar,10.1145/3547631;fcd7ffb8f7d05187877390ad9ea4ac48ef6eb24b,CS010;CS012;CS019;CS023,S14;S16;S29;S35,CS010;CS012;CS019;CS023,,included,no,,0,title-screen,,,,Keyword score is prioritization only; it is not an eligibility or exclusion decision.
CG0759,doi:10.1145/3555776.3577636,20260731T010300Z;20260731T022106Z;20260731T022348Z,Ownership-Based Owicki-Gries Reasoning,2023,2023-03-27,10.1145/3555776.3577636,,ACM Symposium on Applied Computing,opencitations;semanticscholar,10.1145/3555776.3577636;8993cf08edba40d1acaf2dac39e009fc519b1522,CS024;CS025,A29;A30,,CS024;CS025,included,no,,0,title-screen,,,,Keyword score is prioritization only; it is not an eligibility or exclusion decision.
CG0760,doi:10.1145/3563292,20260731T010300Z;20260731T022106Z;20260731T022348Z,CAAT: consistency as a theory,2022,2022-10-31,10.1145/3563292,,Proc. ACM Program. Lang.,opencitations;semanticscholar,026c605f36e75d25d14c64fb59acad4d966ec57b;10.1145/3563292,CS004,S05,CS004,,included,no,,0,title-screen,,,,Keyword score is prioritization only; it is not an eligibility or exclusion decision.
CG0761,doi:10.1145/3563337,20260731T010300Z;20260731T022106Z;20260731T022348Z,A concurrent program logic with a future and history,2022,2022-07-05,10.1145/3563337,2207.02355,Proc. ACM Program. Lang.,opencitations;semanticscholar,10.1145/3563337;368a6573b7d2aa320c8b62c21c5c506d9d798bcb,CS007,S08,CS007,,included,no,,0,title-screen,,,,Keyword score is prioritization only; it is not an eligibility or exclusion decision.
CG0763,doi:10.1145/3571218,20260731T010300Z;20260731T022106Z;20260731T022348Z,A High-Level Separation Logic for Heap Space under Garbage Collection,2023,2023-01-09,10.1145/3571218,,Proc. ACM Program. Lang.,opencitations;semanticscholar,10.1145/3571218;9ee860120c8cafd15de5f7d13a4d62dc50682475,CS019;CS023,S29;S35,CS019;CS023,,included,no,,0,title-screen,,,,Keyword score is prioritization only; it is not an eligibility or exclusion decision.
CG0764,doi:10.1145/3571219,20260731T010300Z;20260731T022106Z,,,,10.1145/3571219,,,opencitations,10.1145/3571219,CS021,S31,CS021,,unknown-date,no,,0,manual-date-check,,,,Keyword score is prioritization only; it is not an eligibility or exclusion decision.
CG0765,doi:10.1145/3571231,20260731T010300Z;20260731T022106Z;20260731T022348Z,A Compositional Theory of Linearizability,2023,2023-01-09,10.1145/3571231,,Proc. ACM Program. Lang.,opencitations;semanticscholar,10.1145/3571231;155a78999114ae9d972a31cad35876548b42562d,CS014,S19,,CS014,included,no,,0,title-screen,,,,Keyword score is prioritization only; it is not an eligibility or exclusion decision.
CG0766,doi:10.1145/3571232,20260731T010300Z;20260731T022106Z;20260731T022348Z,Conditional Contextual Refinement,2023,2023-01-09,10.1145/3571232,,Proc. ACM Program. Lang.,opencitations;semanticscholar,10.1145/3571232;20a813853b0e7a45b9c66cf37571bab3ac319499,CS002;CS010;CS014,S02;S14;S19,CS002;CS010,CS014,included,no,,0,title-screen,,,,Keyword score is prioritization only; it is not an eligibility or exclusion decision.
CG0770,doi:10.1145/357980.358001,20260731T010300Z;20260731T022348Z,An axiomatic basis for computer programming,1969,1969-10-01,10.1145/357980.358001,,CACM,semanticscholar,16ce549791f6cbea970e31ae548ac832c2ad0ebb,CS012,S16,CS012,,included,no,,0,title-screen,,,,Keyword score is prioritization only; it is not an eligibility or exclusion decision.
CG0772,doi:10.1145/359104.359106,20260731T010300Z;20260731T022348Z,Social processes and proofs of theorems and programs,1979,1979-05-01,10.1145/359104.359106,,CACM,semanticscholar,2a257fe0284c1b4490e6b16e1f2e29555d8fccc4,CS012,S16,CS012,,included,no,,0,title-screen,,,,Keyword score is prioritization only; it is not an eligibility or exclusion decision.
CG0774,doi:10.1145/3591232,20260731T010300Z;20260731T022348Z,Memento: A Framework for Detectable Recoverability in Persistent Memory,2023,2023-06-06,10.1145/3591232,,Proc. ACM Program. Lang.,semanticscholar,5095c3b0c6ac1683b906ea8921ca86341c4748c2,CS026,S27,,CS026,included,no,,0,title-screen,,,,Keyword score is prioritization only; it is not an eligibility or exclusion decision.
CG0776,doi:10.1145/3591279,20260731T010300Z;20260731T022348Z,VMSL: A Separation Logic for Mechanised Robust Safety of Virtual Machines Communicating above FF-A,2023,2023-06-06,10.1145/3591279,,Proc. ACM Program. Lang.,semanticscholar,4467dc7881629589f69092a0ea427b2ab071f795,CS011,S15,CS011,,included,no,,0,title-screen,,,,Keyword score is prioritization only; it is not an eligibility or exclusion decision.
CG0777,doi:10.1145/3591296,20260731T010300Z;20260731T022106Z;20260731T022348Z,Embedding Hindsight Reasoning in Separation Logic,2022,2022-09-27,10.1145/3591296,2209.13692,Proc. ACM Program. Lang.,opencitations;semanticscholar,10.1145/3591296;2eb3bbbb20b8d7ff475eaee97c8ec172a7e7ca0a,CS007,S08,CS007,,included,no,,0,title-screen,,,,Keyword score is prioritization only; it is not an eligibility or exclusion decision.
CG0781,doi:10.1145/359863.359878,20260731T020306Z;20260731T022348Z,Concurrent reading and writing,1977,1977-11-01,10.1145/359863.359878,,Communications of the ACM,semanticscholar,dc2d3cf009d1ae40d00f3c3f141224371ad675aa,CS030,S44,CS030,,included,no,,0,title-screen,,,,Keyword score is prioritization only; it is not an eligibility or exclusion decision.
CG0782,doi:10.1145/3600006.3613172,20260731T010300Z;20260731T022106Z;20260731T022348Z,Grove: a Separation-Logic Library for Verifying Distributed Systems,2023,2023-09-06,10.1145/3600006.3613172,2309.03046,Symposium on Operating Systems Principles,opencitations;semanticscholar,10.1145/3600006.3613172;abbc875b0440c696b804a37dd666222a233b8e18,CS010,S14,CS010,,included,no,,0,title-screen,,,,Keyword score is prioritization only; it is not an eligibility or exclusion decision.
CG0783,doi:10.1145/360051.360224,20260731T010300Z;20260731T022106Z;20260731T022348Z,Verifying properties of parallel programs: an axiomatic approach,1976,1976-05-01,10.1145/360051.360224,,CACM,opencitations;semanticscholar,10.1145/360051.360224;ea0d4425d50d63e0692ad2763ea6a8ff30fbd5a8,CS011;CS016,A27;S15,CS011;CS016,,included,no,,0,title-screen,,,,Keyword score is prioritization only; it is not an eligibility or exclusion decision.
CG0784,doi:10.1145/360204.360206,20260731T020306Z;20260731T022348Z,Verifying safety properties of concurrent Java programs using 3-valued logic,2001,,10.1145/360204.360206,,ACM-SIGACT Symposium on Principles of Programming Languages,semanticscholar,b90ddfbb9574e534d9427516ed524da90142f2fb,CS030,S44,CS030,,included,no,,0,title-screen,,,,Keyword score is prioritization only; it is not an eligibility or exclusion decision.
CG0785,doi:10.1145/360204.375719,20260731T010300Z;20260731T022106Z,,,,10.1145/360204.375719,,,opencitations,10.1145/360204.375719,CS016,A27,CS016,,unknown-date,no,,0,manual-date-check,,,,Keyword score is prioritization only; it is not an eligibility or exclusion decision.
CG0786,doi:10.1145/3607840,20260731T010300Z;20260731T022106Z;20260731T022348Z,FP²: Fully in-Place Functional Programming,2023,2023-08-30,10.1145/3607840,,Proc. ACM Program. Lang.,opencitations;semanticscholar,10.1145/3607840;51135f5a87df1fe7f10317eb434329782a18183c,CS019,S29,CS019,,included,no,,0,title-screen,,,,Keyword score is prioritization only; it is not an eligibility or exclusion decision.
CG0787,doi:10.1145/361082.361093,20260731T020306Z;20260731T020357Z;20260731T021519Z;20260731T022106Z;20260731T022348Z,A new solution of Dijkstra's concurrent programming problem,1974,1974-08-01,10.1145/361082.361093,,Communications of the ACM,opencitations;semanticscholar,10.1145/361082.361093;b3fbde60725b61a179c591762b1d04c5f8510b8a,CS031,S45,CS031,,included,no,,0,title-screen,,,,Keyword score is prioritization only; it is not an eligibility or exclusion decision.
CG0788,doi:10.1145/361227.361234,20260731T010300Z;20260731T022106Z,,,,10.1145/361227.361234,,,opencitations,10.1145/361227.361234,CS027,S38,CS027,,unknown-date,no,,0,manual-date-check,,,,Keyword score is prioritization only; it is not an eligibility or exclusion decision.
CG0789,doi:10.1145/3622781.3674174,20260731T010300Z;20260731T022106Z;20260731T022348Z,Towards Unified Analysis of GPU Consistency,2024,2024-04-27,10.1145/3622781.3674174,,International Conference on Architectural Support for Programming Languages and Operating Systems,opencitations;semanticscholar,10.1145/3622781.3674174;e6f2f27413430a9b8c1b6164a496a6355fc6362d,CS001;CS004,S01;S05,CS004,CS001,included,no,,0,title-screen,,,,Keyword score is prioritization only; it is not an eligibility or exclusion decision.
CG0792,doi:10.1145/3622855,20260731T010300Z;20260731T022106Z;20260731T022348Z,Static Analysis of Memory Models for SMT Encodings,2023,2023-10-16,10.1145/3622855,,Proc. ACM Program. Lang.,opencitations;semanticscholar,10.1145/3622855;358e90ea2dad932955e84b1de095c213b42eb4dd,CS001,S01,,CS001,included,no,,0,title-screen,,,,Keyword score is prioritization only; it is not an eligibility or exclusion decision.
CG0793,doi:10.1145/3622857,20260731T010300Z;20260731T022106Z;20260731T022348Z,Stuttering for Free,2023,2023-10-16,10.1145/3622857,,Proc. ACM Program. Lang.,opencitations;semanticscholar,10.1145/3622857;41254abcb8b59fa62de2edeb5223361af08dc32a,CS002;CS010,S02;S14,CS010,CS002,included,no,,0,title-screen,,,,Keyword score is prioritization only; it is not an eligibility or exclusion decision.
CG0794,doi:10.1145/362759.362813,20260731T010300Z;20260731T022106Z;20260731T022348Z,Concurrent control with “readers” and “writers”,1971,1971-10-01,10.1145/362759.362813,,CACM,opencitations;semanticscholar,10.1145/362759.362813;43aa639d8df2285bd805531889d1d5f49563c17d,CS002,S02,CS002,,included,no,,0,title-screen,,,,Keyword score is prioritization only; it is not an eligibility or exclusion decision.
CG0795,doi:10.1145/363235.363259,20260731T010300Z;20260731T022106Z,,,,10.1145/363235.363259,,,opencitations,10.1145/363235.363259,CS016,A27,CS016,,unknown-date,no,,0,manual-date-check,,,,Keyword score is prioritization only; it is not an eligibility or exclusion decision.
CG0796,doi:10.1145/3632851,20260731T010300Z;20260731T022106Z;20260731T022348Z,Trillium: Higher-Order Concurrent and Distributed Separation Logic for Intensional Refinement,2024,2024-01-05,10.1145/3632851,2109.07863,Proc. ACM Program. Lang.,opencitations;semanticscholar,10.1145/3632851;fbf15b519b3de2da9a4f9d7cfd22c4982e4701a8,CS010;CS011;CS014,S14;S15;S19,CS010;CS011,CS014,included,no,,0,title-screen,,,,Keyword score is prioritization only; it is not an eligibility or exclusion decision.
CG0797,doi:10.1145/3632852,20260731T010300Z;20260731T022348Z,"Decalf: A Directed, Effectful Cost-Aware Logical Framework",2023,2023-07-12,10.1145/3632852,2307.05938,Proc. ACM Program. Lang.,semanticscholar,5bd1edd6d031921c652425064aaf084475a5cefe,CS023,S35,CS023,,included,no,,0,title-screen,,,,Keyword score is prioritization only; it is not an eligibility or exclusion decision.
CG0798,doi:10.1145/3632853,20260731T010300Z;20260731T022348Z,DisLog: A Separation Logic for Disentanglement,2024,2024-01-02,10.1145/3632853,,Proc. ACM Program. Lang.,semanticscholar,4200f0d5abfed67635808771fed090b64af104b5,CS023,S35,CS023,,included,no,,0,title-screen,,,,Keyword score is prioritization only; it is not an eligibility or exclusion decision.
CG0799,doi:10.1145/3632863,20260731T010300Z;20260731T022106Z;20260731T022348Z,An Axiomatic Basis for Computer Programming on the Relaxed Arm-A Architecture: The AxSL Logic,2024,2024-01-05,10.1145/3632863,,Proc. ACM Program. Lang.,opencitations;semanticscholar,10.1145/3632863;f3c4f68ab6aa527ec1b99c451de6d3e8448462d0,CS006,S07,,CS006,included,no,,0,title-screen,,,,Keyword score is prioritization only; it is not an eligibility or exclusion decision.
CG0800,doi:10.1145/3632864,20260731T010300Z;20260731T022106Z;20260731T022348Z,Regular Abstractions for Array Systems,2024,2024-01-05,10.1145/3632864,2401.02618,Proc. ACM Program. Lang.,opencitations;semanticscholar,10.1145/3632864;342cf9e990fc265d211701da3e060542b619dbeb,CS028,S40,,CS028,included,no,,0,title-screen,,,,Keyword score is prioritization only; it is not an eligibility or exclusion decision.
CG0802,doi:10.1145/3632892,20260731T010300Z;20260731T022106Z;20260731T022348Z,Thunks and Debits in Separation Logic with Time Credits,2024,2024-01-05,10.1145/3632892,,Proc. ACM Program. Lang.,opencitations;semanticscholar,10.1145/3632892;64fa4e51ca2fec20362f16db91be31beea11fa94,CS016;CS023,A27;S35,CS023,CS016,included,no,,0,title-screen,,,,Keyword score is prioritization only; it is not an eligibility or exclusion decision.
CG0803,doi:10.1145/3632898,20260731T010300Z;20260731T022106Z;20260731T022348Z,Algebraic Effects Meet Hoare Logic in Cubical Agda,2024,2024-01-05,10.1145/3632898,,Proc. ACM Program. Lang.,opencitations;semanticscholar,10.1145/3632898;be5cb7780c137a2eda2785997bde1176cc1f7b3b,CS014,S19,,CS014,included,no,,0,title-screen,,,,Keyword score is prioritization only; it is not an eligibility or exclusion decision.
CG0806,doi:10.1145/3643668,20260731T010300Z;20260731T022106Z,,2024,2024-01-27,10.1145/3643668,,,opencitations,10.1145/3643668,CS014,S19,,CS014,included,no,,0,missing-title-manual-check,,,,Keyword score is prioritization only; it is not an eligibility or exclusion decision.
CG0808,doi:10.1145/3656449,20260731T010300Z;20260731T022106Z;20260731T022348Z,SPORE: Combining Symmetry and Partial Order Reduction,2024,2024-06-20,10.1145/3656449,,Proc. ACM Program. Lang.,opencitations;semanticscholar,10.1145/3656449;1d84344262cef9ff70a1e2a64d61906c8c81ef64,CS022,S33,CS022,,included,no,,0,title-screen,,,,Keyword score is prioritization only; it is not an eligibility or exclusion decision.
CG0809,doi:10.1145/3674635,20260731T010300Z;20260731T022348Z,Error Credits: Resourceful Reasoning about Error Bounds for Higher-Order Probabilistic Programs,2024,2024-04-22,10.1145/3674635,2404.14223,Proc. ACM Program. Lang.,semanticscholar,f9177e95c4009c4d97d69a3f7d7943e7ebef59f9,CS023,S35,CS023,,included,no,,0,title-screen,,,,Keyword score is prioritization only; it is not an eligibility or exclusion decision.
CG0810,doi:10.1145/3674645,20260731T010300Z;20260731T022106Z;20260731T022348Z,Refinement Composition Logic,2024,2024-08-15,10.1145/3674645,,Proc. ACM Program. Lang.,opencitations;semanticscholar,10.1145/3674645;175b7d34b7ecc3f37696750971643b364eb70ba9,CS002;CS014,S02;S19,,CS002;CS014,included,no,,0,title-screen,,,,Keyword score is prioritization only; it is not an eligibility or exclusion decision.
CG0814,doi:10.1145/3689753,20260731T010300Z;20260731T022348Z,Tachis: Higher-Order Separation Logic with Credits for Expected Costs,2024,2024-05-30,10.1145/3689753,2405.20083,Proc. ACM Program. Lang.,semanticscholar,4967e2834c65ca20f38b4ef4d9c49375b026525a,CS023,S35,CS023,,included,no,,0,title-screen,,,,Keyword score is prioritization only; it is not an eligibility or exclusion decision.
CG0816,doi:10.1145/3694906.3743326,20260731T010300Z;20260731T022106Z;20260731T022348Z,Decoupled Fallback: A Portable Single-Pass GPU Scan,2025,2025-07-16,10.1145/3694906.3743326,,ACM Symposium on Parallelism in Algorithms and Architectures,opencitations;semanticscholar,0905e8898f0b841c0002acafa8156c272ce0d4b1;10.1145/3694906.3743326,CS004,S05,CS004,,included,no,,0,title-screen,,,,Keyword score is prioritization only; it is not an eligibility or exclusion decision.
CG0817,doi:10.1145/3703595.3705876,20260731T010300Z;20260731T022106Z;20260731T022348Z,The Nextgen Modality: A Modality for Non-Frame-Preserving Updates in Separation Logic,2025,2025-01-10,10.1145/3703595.3705876,,Certified Programs and Proofs,opencitations;semanticscholar,10.1145/3703595.3705876;53720b3ad87e2e537de2f0b2a78e665c7ddc8084,CS026,S27,,CS026,included,no,,0,title-screen,,,,Keyword score is prioritization only; it is not an eligibility or exclusion decision.
CG0820,doi:10.1145/3715096,20260731T010300Z;20260731T022106Z;20260731T022348Z,A Brookes-Style Denotational Semantics for Release/Acquire Concurrency,2025,2025-01-30,10.1145/3715096,,ACM Transactions on Programming Languages and Systems,opencitations;semanticscholar,10.1145/3715096;66568a12dff7ede36d3b8d33a2aff44bd2586e10,CS001,S01,,CS001,included,no,,0,title-screen,,,,Keyword score is prioritization only; it is not an eligibility or exclusion decision.
CG0822,doi:10.1145/3719027.3765138,20260731T010300Z;20260731T022106Z;20260731T022348Z,Generalized Security-Preserving Refinement for Concurrent Systems,2025,2025-11-19,10.1145/3719027.3765138,2511.06862,Conference on Computer and Communications Security,opencitations;semanticscholar,10.1145/3719027.3765138;d1a118e6a5f74676a494549090b65e02a381b6af,CS014,S19,,CS014,included,no,,0,title-screen,,,,Keyword score is prioritization only; it is not an eligibility or exclusion decision.
CG0823,doi:10.1145/3720435,20260731T010300Z;20260731T022106Z;20260731T022348Z,Soundness of Predictive Concurrency Analyses,2025,2025-04-09,10.1145/3720435,,Proc. ACM Program. Lang.,opencitations;semanticscholar,10.1145/3720435;a7a81274f613973dcece45b7e1fb28211e589759,CS001;CS002,S01;S02,,CS001;CS002,included,no,,0,title-screen,,,,Keyword score is prioritization only; it is not an eligibility or exclusion decision.
CG0829,doi:10.1145/3747514,20260731T010300Z;20260731T022348Z,Modular Reasoning about Error Bounds for Concurrent Probabilistic Programs,2025,2025-03-06,10.1145/3747514,2503.04512,Proc. ACM Program. Lang.,semanticscholar,754e3ba12a12915b258489d94475f3e283d102e5,CS023,S35,CS023,,included,no,,0,title-screen,,,,Keyword score is prioritization only; it is not an eligibility or exclusion decision.
CG0830,doi:10.1145/3763077,20260731T010300Z;20260731T022106Z;20260731T022348Z,Towards Verifying Crash Consistency,2025,2025-10-09,10.1145/3763077,,Proc. ACM Program. Lang.,opencitations;semanticscholar,10.1145/3763077;cf2abecf30c71e87371fd5a1322cf0760fe89bdd,CS016;CS017;CS025;CS026,A27;A28;A30;S27,,CS016;CS017;CS025;CS026,included,no,,0,title-screen,,,,Keyword score is prioritization only; it is not an eligibility or exclusion decision.
CG0832,doi:10.1145/3763123,20260731T010300Z;20260731T022106Z;20260731T022348Z,Efficient Decrease-and-Conquer Linearizability Monitoring,2025,2025-10-09,10.1145/3763123,2410.04581,Proc. ACM Program. Lang.,opencitations;semanticscholar,10.1145/3763123;f99f240e740168b26f3c289ccb37b0177df8f08e,CS022,S33,,CS022,included,no,,0,title-screen,,,,Keyword score is prioritization only; it is not an eligibility or exclusion decision.
CG0833,doi:10.1145/3763134,20260731T010300Z;20260731T022106Z;20260731T022348Z,Modal Abstractions for Virtualizing Memory Addresses,2025,2025-10-09,10.1145/3763134,2307.14471,Proc. ACM Program. Lang.,opencitations;semanticscholar,10.1145/3763134;36d186a1ed224de085a73db81dc149d566d9c2c9,CS006,S07,,CS006,included,no,,0,title-screen,,,,Keyword score is prioritization only; it is not an eligibility or exclusion decision.
CG0834,doi:10.1145/3763138,20260731T010300Z;20260731T022106Z;20260731T022348Z,Encode the ∀∃ Relational Hoare Logic into Standard Hoare Logic,2025,2025-10-09,10.1145/3763138,2504.17444,Proc. ACM Program. Lang.,opencitations;semanticscholar,10.1145/3763138;b9a403a7e8a8ad6aad939cc42f1d9e299a48c1f7,CS014,S19,,CS014,included,no,,0,title-screen,,,,Keyword score is prioritization only; it is not an eligibility or exclusion decision.
CG0837,doi:10.1145/3776668,20260731T010300Z;20260731T022348Z,All for One and One for All: Program Logics for Exploiting Internal Determinism in Parallel Programs,2025,2025-11-28,10.1145/3776668,2511.23283,Proc. ACM Program. Lang.,semanticscholar,a11416aedfadad4fb48ef5877971f643fb8d586f,CS014,S19,,CS014,included,no,,0,title-screen,,,,Keyword score is prioritization only; it is not an eligibility or exclusion decision.
CG0841,doi:10.1145/3779031.3779095,20260731T010300Z;20260731T022106Z;20260731T022348Z,Building Blocks for Step-Indexed Program Logics,2026,2026-01-08,10.1145/3779031.3779095,,Certified Programs and Proofs,opencitations;semanticscholar,10.1145/3779031.3779095;868f36be4f4ab46f90050dadba78c0c3f79d0b02,CS010,S14,,CS010,included,no,,0,title-screen,,,,Keyword score is prioritization only; it is not an eligibility or exclusion decision.
CG0844,doi:10.1145/3786762,20260731T010300Z;20260731T022106Z;20260731T022348Z,An Axiomatic Basis for Computer Programming on Relaxed Hardware Architectures: The AxSL Logics,2026,2026-01-19,10.1145/3786762,,ACM Transactions on Programming Languages and Systems,opencitations;semanticscholar,10.1145/3786762;375a9faf0c364a8075248e5bcf68cc1294dac24d,CS006;CS026,S07;S27,,CS006;CS026,included,no,,0,title-screen,,,,Keyword score is prioritization only; it is not an eligibility or exclusion decision.
CG0846,doi:10.1145/3808297,20260731T010300Z;20260731T022348Z,SIMT-Step Execution: A Flexible Operational Semantics for GPU Subgroup Behavior,2026,2026-06-08,10.1145/3808297,,Proceedings of the ACM on Programming Languages,semanticscholar,9f1ee5f674e2cd77ca081baf52b8f0be2c642d4b,CS004,S05,,CS004,included,no,,0,title-screen,,,,Keyword score is prioritization only; it is not an eligibility or exclusion decision.
CG0847,doi:10.1145/3808315,20260731T010300Z;20260731T022348Z,Fixed Parameter Tractable Linearizability Monitoring,2025,2025-06-08,10.1145/3808315,2509.05586,Proceedings of the ACM on Programming Languages,semanticscholar,682645cd14bd285a148bbbb8e064d58802b27d6f,CS022,S33,,CS022,included,no,,0,title-screen,,,,Keyword score is prioritization only; it is not an eligibility or exclusion decision.
CG0849,doi:10.1145/3828679,20260731T010300Z;20260731T022348Z,A Separation Logic for Parallel Time Complexity with Work and Span Credits,2026,2026-07-13,10.1145/3828679,2607.11582,,semanticscholar,468d4c1af8fb465c1b753474e04bbc1eb23a9fdd,CS016;CS017;CS019,A27;A28;S29,,CS016;CS017;CS019,included,no,,0,title-screen,,,,Keyword score is prioritization only; it is not an eligibility or exclusion decision.
CG0851,doi:10.1145/41625.41627,20260731T020306Z;20260731T022348Z,Axioms for concurrent objects,1987,1987-10-01,10.1145/41625.41627,,ACM-SIGACT Symposium on Principles of Programming Languages,semanticscholar,b8f530312698a4d2053815b2d5a25d6cee5933c3,CS030,S44,CS030,,included,no,,0,title-screen,,,,Keyword score is prioritization only; it is not an eligibility or exclusion decision.
CG0852,doi:10.1145/41840.41852,20260731T010300Z;20260731T022106Z,,,,10.1145/41840.41852,,,opencitations,10.1145/41840.41852,CS021,S31,CS021,,unknown-date,no,,0,manual-date-check,,,,Keyword score is prioritization only; it is not an eligibility or exclusion decision.
CG0854,doi:10.1145/42282.42283,20260731T010300Z;20260731T022106Z,,,,10.1145/42282.42283,,,opencitations,10.1145/42282.42283,CS029,S42,CS029,,unknown-date,no,,0,manual-date-check,,,,Keyword score is prioritization only; it is not an eligibility or exclusion decision.
CG0855,doi:10.1145/4904.4999,20260731T020306Z;20260731T022348Z,“Sometimes” and “not never” revisited: on branching versus linear time temporal logic,1986,1986-01-02,10.1145/4904.4999,,JACM,semanticscholar,ffa3ba4cb713ab3b2c33c6071d2f74fb0a3a00b6,CS030,S44,CS030,,included,no,,0,title-screen,,,,Keyword score is prioritization only; it is not an eligibility or exclusion decision.
CG0857,doi:10.1145/512644.512661,20260731T010300Z;20260731T022106Z,,,,10.1145/512644.512661,,,opencitations,10.1145/512644.512661,CS003,S03,CS003,,unknown-date,no,,0,manual-date-check,,,,Keyword score is prioritization only; it is not an eligibility or exclusion decision.
CG0858,doi:10.1145/512950.512973,20260731T020306Z;20260731T022348Z,Abstract interpretation: a unified lattice model for static analysis of programs by construction or approximation of fixpoints,1977,1977-01-01,10.1145/512950.512973,,ACM-SIGACT Symposium on Principles of Programming Languages,semanticscholar,5fbf739032dd548c1ff189e7333f05e215906a1b,CS030,S44,CS030,,included,no,,0,title-screen,,,,Keyword score is prioritization only; it is not an eligibility or exclusion decision.
CG0860,doi:10.1145/53990.53993,20260731T020306Z;20260731T022348Z,Detecting conflicts between structure accesses,1988,1988-06-01,10.1145/53990.53993,,ACM-SIGPLAN Symposium on Programming Language Design and Implementation,semanticscholar,3d65e1276236bcdc0d2a05310c6d6cc2f1f9e2a5,CS030,S44,CS030,,included,no,,0,title-screen,,,,Keyword score is prioritization only; it is not an eligibility or exclusion decision.
CG0861,doi:10.1145/53990.54010,20260731T010300Z;20260731T022348Z,Higher-order abstract syntax,1988,1988-06-01,10.1145/53990.54010,,ACM-SIGPLAN Symposium on Programming Language Design and Implementation,semanticscholar,f11d05e34169727dd45c1429c4f75e99e7ccdb0c,CS010,S14,CS010,,included,no,,0,title-screen,,,,Keyword score is prioritization only; it is not an eligibility or exclusion decision.
CG0863,doi:10.1145/567752.567778,20260731T020306Z;20260731T022348Z,Systematic design of program analysis frameworks,1979,1979-01-01,10.1145/567752.567778,,ACM-SIGACT Symposium on Principles of Programming Languages,semanticscholar,37179bfc4836890a32950ea2fb74795823284362,CS030,S44,CS030,,included,no,,0,title-screen,,,,Keyword score is prioritization only; it is not an eligibility or exclusion decision.
CG0866,doi:10.1145/582153.582161,20260731T020306Z;20260731T022348Z,A flexible approach to interprocedural data flow analysis and programs with recursive data structures,1982,1982-01-25,10.1145/582153.582161,,ACM-SIGACT Symposium on Principles of Programming Languages,semanticscholar,9ae699b2ba9834661901f1a255a161520a9b3d6e,CS030,S44,CS030,,included,no,,0,title-screen,,,,Keyword score is prioritization only; it is not an eligibility or exclusion decision.
CG0867,doi:10.1145/582419.582440,20260731T010300Z;20260731T022106Z,,,,10.1145/582419.582440,,,opencitations,10.1145/582419.582440,CS014,S19,CS014,,unknown-date,no,,0,manual-date-check,,,,Keyword score is prioritization only; it is not an eligibility or exclusion decision.
CG0868,doi:10.1145/583854.582440,20260731T010300Z;20260731T022106Z,,,,10.1145/583854.582440,,,opencitations,10.1145/583854.582440,CS014,S19,CS014,,unknown-date,no,,0,manual-date-check,,,,Keyword score is prioritization only; it is not an eligibility or exclusion decision.
CG0869,doi:10.1145/604131.604148,20260731T010300Z;20260731T022106Z;20260731T022348Z,Static prediction of heap space usage for first-order functional programs,2003,2003-01-15,10.1145/604131.604148,,ACM-SIGACT Symposium on Principles of Programming Languages,opencitations;semanticscholar,10.1145/604131.604148;83296e471f97e890106012667cfa4a6ad46419fe,CS016;CS019;CS023,A27;S29;S35,CS016;CS019;CS023,,included,no,,0,title-screen,,,,Keyword score is prioritization only; it is not an eligibility or exclusion decision.
CG0870,doi:10.1145/640128.604148,20260731T010300Z;20260731T022106Z,,,,10.1145/640128.604148,,,opencitations,10.1145/640128.604148,CS019,S29,CS019,,unknown-date,no,,0,manual-date-check,,,,Keyword score is prioritization only; it is not an eligibility or exclusion decision.
CG0871,doi:10.1145/69575.69577,20260731T010300Z;20260731T022106Z,,,,10.1145/69575.69577,,,opencitations,10.1145/69575.69577,CS014,S19,CS014,,unknown-date,no,,0,manual-date-check,,,,Keyword score is prioritization only; it is not an eligibility or exclusion decision.
CG0872,doi:10.1145/73141.74821,20260731T020306Z;20260731T022348Z,Dependence analysis for pointer variables,1989,1989-06-21,10.1145/73141.74821,,ACM-SIGPLAN Symposium on Programming Language Design and Implementation,semanticscholar,e4ca66fcd473def1deb8973d1af8d56d546d34dc,CS030,S44,CS030,,included,no,,0,title-screen,,,,Keyword score is prioritization only; it is not an eligibility or exclusion decision.
CG0873,doi:10.1145/78969.78972,20260731T010300Z;20260731T020306Z;20260731T022106Z;20260731T022348Z,Linearizability: a correctness condition for concurrent objects,1990,1990-07-01,10.1145/78969.78972,,ACM Transactions on Programming Languages and Systems,opencitations;semanticscholar,10.1145/78969.78972;8acb61984986540cda5d7da2a9cff819b245751f,CS006;CS007;CS008;CS011;CS014;CS016;CS018;CS019;CS021;CS022;CS023;CS025;CS027;CS030,A27;A30;S07;S08;S09;S15;S19;S28;S29;S31;S33;S35;S38;S44,CS006;CS007;CS008;CS011;CS014;CS016;CS018;CS019;CS021;CS022;CS023;CS025;CS027;CS030,,included,no,,0,title-screen,,,,Keyword score is prioritization only; it is not an eligibility or exclusion decision.
CG0874,doi:10.1145/800070.802189,20260731T020306Z;20260731T022348Z,The complexity of propositional linear temporal logics,1982,1982-05-05,10.1145/800070.802189,,Symposium on the Theory of Computing,semanticscholar,dcd30f97874b2c820eb6bbf9cbc7c97ed83035d6,CS030,S44,CS030,,included,no,,0,title-screen,,,,Keyword score is prioritization only; it is not an eligibility or exclusion decision.
CG0875,doi:10.1145/872035.872048,20260731T020306Z;20260731T020357Z;20260731T021519Z;20260731T022106Z;20260731T022348Z,Software transactional memory for dynamic-sized data structures,2003,2003-07-13,10.1145/872035.872048,,ACM SIGACT-SIGOPS Symposium on Principles of Distributed Computing,opencitations;semanticscholar,10.1145/872035.872048;15bd6b8fef588739a3ebd7bd62a07e48270422bb,CS031,S45,CS031,,included,no,,0,title-screen,,,,Keyword score is prioritization only; it is not an eligibility or exclusion decision.
CG0878,doi:10.1145/93542.93585,20260731T020306Z;20260731T022348Z,Analysis of pointers and structures,1990,,10.1145/93542.93585,,ACM-SIGPLAN Symposium on Programming Language Design and Implementation,semanticscholar,a31ae6e54fa4de427ff96af4e1e3f5b4c2381e9b,CS030,S44,CS030,,included,no,,0,title-screen,,,,Keyword score is prioritization only; it is not an eligibility or exclusion decision.
CG0879,doi:10.1145/960116.54010,20260731T010300Z;20260731T022106Z,,,,10.1145/960116.54010,,,opencitations,10.1145/960116.54010,CS010,S14,CS010,,unknown-date,no,,0,manual-date-check,,,,Keyword score is prioritization only; it is not an eligibility or exclusion decision.
CG0880,doi:10.1145/996841.996848,20260731T010300Z;20260731T022106Z,,,,10.1145/996841.996848,,,opencitations,10.1145/996841.996848,CS029,S42,CS029,,unknown-date,no,,0,manual-date-check,,,,Keyword score is prioritization only; it is not an eligibility or exclusion decision.
CG0881,doi:10.1147/sj.442.0399,20260731T010300Z;20260731T022106Z;20260731T022348Z,The Jikes Research Virtual Machine project: Building an open-source research community,2005,2005-01-21,10.1147/sj.442.0399,,IBM Systems Journal,opencitations;semanticscholar,10.1147/sj.442.0399;52eee82594982f3c6ba7f0385a78002868fa30cb,CS019,S29,CS019,,included,no,,0,title-screen,,,,Keyword score is prioritization only; it is not an eligibility or exclusion decision.
CG0882,doi:10.11591/ijeecs.v17.i2.pp1109-1116,20260731T010300Z;20260731T022348Z,Cloud computing based load balancing algorithm for erlang concurrent traffic,2020,2020-02-01,10.11591/ijeecs.v17.i2.pp1109-1116,,Indonesian Journal of Electrical Engineering and Computer Science,semanticscholar,7cfe8d8a8ce63288bfdab0243bb15bc423addc60,CS014,S19,,CS014,included,no,,0,title-screen,,,,Keyword score is prioritization only; it is not an eligibility or exclusion decision.
CG0883,doi:10.1184/r1/6608579.v1,20260731T010300Z;20260731T022106Z;20260731T022348Z,Prefix sums and their applications,1990,,10.1184/r1/6608579.v1,,,opencitations;semanticscholar,10.1184/r1/6608579.v1;ec0bc920662693375a881d8beb8c97bf08281dba,CS004;CS023,S05;S35,CS004;CS023,,included,no,,0,title-screen,,,,Keyword score is prioritization only; it is not an eligibility or exclusion decision.
CG0884,doi:10.1201/9781420086836.ch15,20260731T020306Z;20260731T022348Z,"Past, present--and future?",2005,,10.1201/9781420086836.ch15,,"Medicine, Conflict and Survival",semanticscholar,62d67de6f8d7f48528e1d1801365c252996e2269,CS030,S44,CS030,,included,no,,0,title-screen,,,,Keyword score is prioritization only; it is not an eligibility or exclusion decision.
CG0885,doi:10.1201/b12403-15,20260731T020306Z;20260731T020357Z;20260731T021519Z;20260731T022348Z,Q Instruction Set Architecture,2008,,10.1201/b12403-15,,,semanticscholar,b12845fe6a0d03f1d25bacd3722746fc08f4d619,CS031,S45,CS031,,included,no,,0,title-screen,,,,Keyword score is prioritization only; it is not an eligibility or exclusion decision.
CG0886,doi:10.1305/ndjfl/1093635499,20260731T010300Z;20260731T022106Z,,,,10.1305/ndjfl/1093635499,,,opencitations,10.1305/ndjfl/1093635499,CS019,S29,CS019,,unknown-date,no,,0,manual-date-check,,,,Keyword score is prioritization only; it is not an eligibility or exclusion decision.
CG0889,doi:10.1515/ebr.lawyer,20260731T010300Z;20260731T022348Z,lawyer,2023,2023-01-24,10.1515/ebr.lawyer,,"Вестник Адыгейского государственного университета, серия «Филология и искусствоведение»",semanticscholar,54d5dea221c90b10d2754fa2a81a84d8f721d411,CS011,S15,CS011,,included,no,,0,title-screen,,,,Keyword score is prioritization only; it is not an eligibility or exclusion decision.
CG0890,doi:10.17586/2226-1494-2022-22-3-517-527,20260731T010300Z;20260731T022106Z,,2022,2022,10.17586/2226-1494-2022-22-3-517-527,,,opencitations,10.17586/2226-1494-2022-22-3-517-527,CS001,S01,,CS001,included,no,,0,missing-title-manual-check,,,,Keyword score is prioritization only; it is not an eligibility or exclusion decision.
CG0893,doi:10.18255/1818-1015-2026-2-122-149,20260731T010300Z;20260731T022348Z,Building operational semantics of programming languages as executable ontological models of programs,2026,2026-06-18,10.18255/1818-1015-2026-2-122-149,,Modeling and Analysis of Information Systems,semanticscholar,dd3450d539d14b4a07e1aed0dca8ac1db0675441,CS002,S02,,CS002,included,no,,0,title-screen,,,,Keyword score is prioritization only; it is not an eligibility or exclusion decision.
CG0895,doi:10.21236/ada309412,20260731T010300Z;20260731T022106Z,,,,10.21236/ada309412,,,opencitations,10.21236/ada309412,CS028,S40,CS028,,unknown-date,no,,0,manual-date-check,,,,Keyword score is prioritization only; it is not an eligibility or exclusion decision.
CG0896,doi:10.2168/lmcs-11(1:20)2015,20260731T010300Z;20260731T022106Z;20260731T022348Z,Aspect-Oriented Linearizability Proofs,2013,2013-08-27,10.2168/lmcs-11(1:20)2015,1502.07639,International Conference on Concurrency Theory,opencitations;semanticscholar,10.2168/lmcs-11(1:20)2015;f768749eaeaa287684d307f638e8a766fcaa703e,CS022;CS028,S33;S40,CS022;CS028,,included,no,,0,title-screen,,,,Keyword score is prioritization only; it is not an eligibility or exclusion decision.
CG0898,doi:10.2168/lmcs-3(4:7)2007,20260731T010300Z;20260731T022106Z,,,,10.2168/lmcs-3(4:7)2007,,,opencitations,10.2168/lmcs-3(4:7)2007,CS003,S03,CS003,,unknown-date,no,,0,manual-date-check,,,,Keyword score is prioritization only; it is not an eligibility or exclusion decision.
CG0900,doi:10.2168/lmcs-7(2:16)2011,20260731T010300Z;20260731T022348Z,Logical Step-Indexed Logical Relations,2009,2009-08-11,10.2168/lmcs-7(2:16)2011,1103.0510,2009 24th Annual IEEE Symposium on Logic In Computer Science,semanticscholar,47658d7b9b570b4fb76bd297d9b83bed15be4b9b,CS012,S16,CS012,,included,no,,0,title-screen,,,,Keyword score is prioritization only; it is not an eligibility or exclusion decision.
CG0901,doi:10.2168/lmcs-7(2:17)2011,20260731T010300Z;20260731T022348Z,Amortised Resource Analysis with Separation Logic,2010,2010-03-20,10.2168/lmcs-7(2:17)2011,1104.1998,European Symposium on Programming,semanticscholar,e750bc01dcb589553095496b8a1705a0eb09cff8,CS023,S35,CS023,,included,no,,0,title-screen,,,,Keyword score is prioritization only; it is not an eligibility or exclusion decision.
CG0902,doi:10.2168/lmcs-8(4:1)2012,20260731T010300Z;20260731T022348Z,First Steps in Synthetic Guarded Domain Theory: Step-Indexing in the Topos of Trees,2011,2011-06-21,10.2168/lmcs-8(4:1)2012,1208.3596,2011 IEEE 26th Annual Symposium on Logic in Computer Science,semanticscholar,06d27d0ea28835a4e40333052eb71875fa9995a5,CS012,S16,CS012,,included,no,,0,title-screen,,,,Keyword score is prioritization only; it is not an eligibility or exclusion decision.
CG0903,doi:10.2178/bsl/1294171129,20260731T010300Z;20260731T022106Z,,,,10.2178/bsl/1294171129,,,opencitations,10.2178/bsl/1294171129,CS003,S03,CS003,,unknown-date,no,,0,manual-date-check,,,,Keyword score is prioritization only; it is not an eligibility or exclusion decision.
CG0904,doi:10.2307/1968168,20260731T010300Z;20260731T022106Z;20260731T022348Z,Characteristic Functions and the Algebra of Logic,1933,1933-07-01,10.2307/1968168,,,opencitations;semanticscholar,10.2307/1968168;b15534cb44092880466cb9c78c104bca8c100ab9,CS019,S29,CS019,,included,no,,0,title-screen,,,,Keyword score is prioritization only; it is not an eligibility or exclusion decision.
CG0905,doi:10.2307/421090,20260731T010300Z;20260731T022106Z,,,,10.2307/421090,,,opencitations,10.2307/421090,CS016,A27,CS016,,unknown-date,no,,0,manual-date-check,,,,Keyword score is prioritization only; it is not an eligibility or exclusion decision.
CG0906,doi:10.2312/eggh/eggh07/097-106,20260731T010300Z;20260731T022106Z;20260731T022348Z,Scan primitives for GPU computing,2007,2007-08-04,10.2312/eggh/eggh07/097-106,,GH '07,opencitations;semanticscholar,10.2312/eggh/eggh07/097-106;ec88941835c88a2956fc84c9e7cfd6dedf1b36f6,CS004,S05,CS004,,included,no,,0,title-screen,,,,Keyword score is prioritization only; it is not an eligibility or exclusion decision.
CG0908,doi:10.23919/fmcad.2018.8603021,20260731T010300Z;20260731T022106Z;20260731T022348Z,BMC with Memory Models as Modules,2018,2018-10-01,10.23919/fmcad.2018.8603021,,Formal Methods in Computer-Aided Design,opencitations;semanticscholar,10.23919/fmcad.2018.8603021;bb8a2d04ea0a731a314474f636b919a3525afecd,CS004,S05,CS004,,included,no,,0,title-screen,,,,Keyword score is prioritization only; it is not an eligibility or exclusion decision.
CG0909,doi:10.25560/47923,20260731T010300Z;20260731T022348Z,Reasoning with time and data abstractions,2016,,10.25560/47923,,,semanticscholar,0fe0e91f680a04abc96787ac37c9206de6dc3053,CS009;CS010;CS013;CS014;CS016;CS017,A27;A28;S10;S14;S17;S19,CS010,CS009;CS013;CS014;CS016;CS017,included,no,,0,title-screen,,,,Keyword score is prioritization only; it is not an eligibility or exclusion decision.
CG0913,doi:10.29007/xkwx,20260731T010300Z;20260731T022106Z;20260731T022348Z,Automatic Space Bound Analysis for Functional Programs with Garbage Collection,2018,2018-10-23,10.29007/xkwx,,Logic Programming and Automated Reasoning,opencitations;semanticscholar,10.29007/xkwx;47f4cb40e8cc00d6947ddc6f298059162c7e39bd,CS019;CS023,S29;S35,CS019;CS023,,included,no,,0,title-screen,,,,Keyword score is prioritization only; it is not an eligibility or exclusion decision.
CG0917,doi:10.3233/978-1-61499-810-5-104,20260731T010300Z;20260731T022106Z,,,,10.3233/978-1-61499-810-5-104,,,opencitations,10.3233/978-1-61499-810-5-104,CS007,S08,CS007,,unknown-date,no,,0,manual-date-check,,,,Keyword score is prioritization only; it is not an eligibility or exclusion decision.
CG0918,doi:10.3233/aic-2010-0458,20260731T010300Z;20260731T022106Z,,,,10.3233/aic-2010-0458,,,opencitations,10.3233/aic-2010-0458,CS018,S28,CS018,,unknown-date,no,,0,manual-date-check,,,,Keyword score is prioritization only; it is not an eligibility or exclusion decision.
CG0919,doi:10.32604/cmc.2024.047168,20260731T010300Z;20260731T022106Z,,2024,2024,10.32604/cmc.2024.047168,,,opencitations,10.32604/cmc.2024.047168,CS003,S03,,CS003,included,no,,0,missing-title-manual-check,,,,Keyword score is prioritization only; it is not an eligibility or exclusion decision.
CG0920,doi:10.34727/2021/isbn.978-3-85448-046-4_23,20260731T010300Z;20260731T022106Z;20260731T022348Z,The Civl Verifier,2021,2021-10-19,10.34727/2021/isbn.978-3-85448-046-4_23,,Formal Methods in Computer-Aided Design,opencitations;semanticscholar,0a97c3c1fcd36c9deb6615dfbc4fe20bb91ae07d;10.34727/2021/isbn.978-3-85448-046-4_23,CS010,S14,CS010,,included,no,,0,title-screen,,,,Keyword score is prioritization only; it is not an eligibility or exclusion decision.
CG0922,doi:10.4204/eptcs.289.1,20260731T010300Z;20260731T022106Z;20260731T022348Z,Reducing Total Correctness to Partial Correctness by a Transformation of the Language Semantics,2019,2019-02-22,10.4204/eptcs.289.1,1902.08419,WPTE@FSCD,opencitations;semanticscholar,10.4204/eptcs.289.1;817a2fe6eb3fbcc87c0cf7ea172af3693eebb144,CS013,S17,,CS013,included,no,,0,title-screen,,,,Keyword score is prioritization only; it is not an eligibility or exclusion decision.
CG0925,doi:10.4230/lipics.concur.2015.58,20260731T010300Z;20260731T022106Z;20260731T022348Z,A Framework for Transactional Consistency Models with Atomic Visibility,2015,,10.4230/lipics.concur.2015.58,,International Conference on Concurrency Theory,opencitations;semanticscholar,10.4230/lipics.concur.2015.58;8119a054c1a3f3b108842876aa889741ab059e90,CS001,S01,CS001,,included,no,,0,title-screen,,,,Keyword score is prioritization only; it is not an eligibility or exclusion decision.
CG0926,doi:10.4230/lipics.concur.2016.6,20260731T010300Z;20260731T022106Z;20260731T022348Z,Local Linearizability for Concurrent Container-Type Data Structures,2016,2016-08-01,10.4230/lipics.concur.2016.6,,International Conference on Concurrency Theory,opencitations;semanticscholar,10.4230/lipics.concur.2016.6;a6b71b7c047ae5d97996b723b67f70966b6aaa11,CS006,S07,CS006,,included,no,,0,title-screen,,,,Keyword score is prioritization only; it is not an eligibility or exclusion decision.
CG0928,doi:10.4230/lipics.concur.2022.31,20260731T010300Z;20260731T022348Z,Weak Progressive Forward Simulation Is Necessary and Sufficient for Strong Observational Refinement,2022,,10.4230/lipics.concur.2022.31,,International Conference on Concurrency Theory,semanticscholar,cdf79b2e0e142bfcf7322c42e1231126aa38cfef,CS025,A30,,CS025,included,no,,0,title-screen,,,,Keyword score is prioritization only; it is not an eligibility or exclusion decision.
CG0929,doi:10.4230/lipics.csl.2015.325,20260731T010300Z;20260731T022348Z,Sub-classical Boolean Bunched Logics and the Meaning of Par,2015,,10.4230/lipics.csl.2015.325,,Annual Conference for Computer Science Logic,semanticscholar,51ecff74edb71ab6d917bd015cdad879f77a513a,CS009,S10,,CS009,included,no,,0,title-screen,,,,Keyword score is prioritization only; it is not an eligibility or exclusion decision.
CG0930,doi:10.4230/lipics.disc.2017.23,20260731T010300Z;20260731T022106Z;20260731T022348Z,Consistency models with global operation sequencing and their composition (extended version),2017,2017-07-28,10.4230/lipics.disc.2017.23,1707.09242,International Symposium on Distributed Computing,opencitations;semanticscholar,10.4230/lipics.disc.2017.23;540890501c622d87002d424d441ae7a5860c316c,CS001,S01,CS001,,included,no,,0,title-screen,,,,Keyword score is prioritization only; it is not an eligibility or exclusion decision.
CG0933,doi:10.4230/lipics.ecoop.2017.17,20260731T010300Z;20260731T022106Z,,,,10.4230/lipics.ecoop.2017.17,,,opencitations,10.4230/lipics.ecoop.2017.17,CS001;CS006;CS026,S01;S07;S27,CS001;CS006;CS026,,unknown-date,no,,0,manual-date-check,,,,Keyword score is prioritization only; it is not an eligibility or exclusion decision.
CG0935,doi:10.4230/lipics.ecoop.2017.8,20260731T010300Z;20260731T022106Z;20260731T022348Z,Concurrent Data Structures Linked in Time,2016,2016-04-01,10.4230/lipics.ecoop.2017.8,1604.08080,European Conference on Object-Oriented Programming,opencitations;semanticscholar,10.4230/lipics.ecoop.2017.8;3a2c98aeda700abac27a05c4c46a3922b41dda3c,CS006,S07,CS006,,included,no,,0,title-screen,,,,Keyword score is prioritization only; it is not an eligibility or exclusion decision.
CG0936,doi:10.4230/lipics.ecoop.2019.19,20260731T010300Z;20260731T022348Z,Transferring Obligations Through Synchronizations,2019,,10.4230/lipics.ecoop.2019.19,,European Conference on Object-Oriented Programming,semanticscholar,d693d66d17d57bc29288d50bd5e9b043e15720af,CS013;CS016,A27;S17,,CS013;CS016,included,no,,0,title-screen,,,,Keyword score is prioritization only; it is not an eligibility or exclusion decision.
CG0938,doi:10.4230/lipics.ecoop.2022.6,20260731T010300Z;20260731T022348Z,Compiling Volatile Correctly in Java,2022,,10.4230/lipics.ecoop.2022.6,,European Conference on Object-Oriented Programming,semanticscholar,6ba03ae2d712765334cf7b66a9722710f86aeb18,CS001,S01,,CS001,included,no,,0,title-screen,,,,Keyword score is prioritization only; it is not an eligibility or exclusion decision.
CG0941,doi:10.4230/lipics.fscd.2017.11,20260731T010300Z;20260731T022348Z,"Nested Multisets, Hereditary Multisets, and Syntactic Ordinals in Isabelle/HOL",2017,2017-09-01,10.4230/lipics.fscd.2017.11,,International Conference on Formal Structures for Computation and Deduction,semanticscholar,afff413da01da0eea6612b8824eb72f67bb6a619,CS012,S16,CS012,,included,no,,0,title-screen,,,,Keyword score is prioritization only; it is not an eligibility or exclusion decision.
CG0942,doi:10.46298/lmcs-18(3:7)2022,20260731T010300Z;20260731T022106Z,,,,10.46298/lmcs-18(3:7)2022,,,opencitations,10.46298/lmcs-18(3:7)2022,CS021,S31,CS021,,unknown-date,no,,0,manual-date-check,,,,Keyword score is prioritization only; it is not an eligibility or exclusion decision.
CG0943,doi:10.48456/tr-745,20260731T010300Z;20260731T022106Z,,,,10.48456/tr-745,,,opencitations,10.48456/tr-745,CS001,S01,CS001,,unknown-date,no,,0,manual-date-check,,,,Keyword score is prioritization only; it is not an eligibility or exclusion decision.
CG0944,doi:10.48550/arxiv.2012.01067,20260731T010300Z;20260731T022106Z,,,,10.48550/arxiv.2012.01067,,,opencitations,10.48550/arxiv.2012.01067,CS003,S03,CS003,,unknown-date,no,,0,manual-date-check,,,,Keyword score is prioritization only; it is not an eligibility or exclusion decision.
CG0945,doi:10.5281/zenodo.10933398,20260731T010300Z;20260731T022106Z,,,,10.5281/zenodo.10933398,,,opencitations,10.5281/zenodo.10933398,CS007,S08,CS007,,unknown-date,no,,0,manual-date-check,,,,Keyword score is prioritization only; it is not an eligibility or exclusion decision.
CG0946,doi:10.5281/zenodo.13992580,20260731T010300Z;20260731T022106Z,,,,10.5281/zenodo.13992580,,,opencitations,10.5281/zenodo.13992580,CS022,S33,CS022,,unknown-date,no,,0,manual-date-check,,,,Keyword score is prioritization only; it is not an eligibility or exclusion decision.
CG0947,doi:10.5281/zenodo.14927742,20260731T010300Z;20260731T022106Z,,,,10.5281/zenodo.14927742,,,opencitations,10.5281/zenodo.14927742,CS010,S14,CS010,,unknown-date,no,,0,manual-date-check,,,,Keyword score is prioritization only; it is not an eligibility or exclusion decision.
CG0948,doi:10.5281/zenodo.5496483,20260731T010300Z;20260731T022106Z,,,,10.5281/zenodo.5496483,,,opencitations,10.5281/zenodo.5496483,CS001,S01,CS001,,unknown-date,no,,0,manual-date-check,,,,Keyword score is prioritization only; it is not an eligibility or exclusion decision.
CG0949,doi:10.5281/zenodo.7711063,20260731T010300Z;20260731T022106Z,,,,10.5281/zenodo.7711063,,,opencitations,10.5281/zenodo.7711063,CS002,S02,CS002,,unknown-date,no,,0,manual-date-check,,,,Keyword score is prioritization only; it is not an eligibility or exclusion decision.
CG0950,doi:10.5281/zenodo.8314888,20260731T010300Z;20260731T022106Z,,,,10.5281/zenodo.8314888,,,opencitations,10.5281/zenodo.8314888,CS026,S27,CS026,,unknown-date,no,,0,manual-date-check,,,,Keyword score is prioritization only; it is not an eligibility or exclusion decision.
CG0952,doi:10.5555/1352079.1352134,20260731T010300Z;20260731T022348Z,Intel® threading building blocks,2008,2008-04-01,10.5555/1352079.1352134,,Journal of Computing Sciences in Colleges (JCSC; Formerly: Journal of Computing in Small Colleges),semanticscholar,4584227e114740cd4fdf2dd6a2dd3b16d24982ce,CS022,S33,CS022,,included,no,,0,title-screen,,,,Keyword score is prioritization only; it is not an eligibility or exclusion decision.
CG0953,doi:10.5860/choice.44-2746,20260731T020306Z;20260731T022348Z,"Software Abstractions - Logic, Language, and Analysis",2006,,10.5860/choice.44-2746,,,semanticscholar,1a52ce430a6146194861979828cd1961a416f3a7,CS030,S44,CS030,,included,no,,0,title-screen,,,,Keyword score is prioritization only; it is not an eligibility or exclusion decision.
CG0954,doi:10.70675/29d13f3dzed55z419cz9a8ez6fb2580c999d,20260731T010300Z;20260731T022348Z,Static Analysis by Abstract Interpretation of Functional Temporal Properties of Programs. (Analyse Statique par Interprétation Abstraite de Propriétés Temporelles Fonctionnelles des Programmes),2015,2015-07-09,10.70675/29d13f3dzed55z419cz9a8ez6fb2580c999d,,,semanticscholar,f45b521660d6460f99f0946f43d3930bbd6925e0,CS009,S10,,CS009,included,no,,0,title-screen,,,,Keyword score is prioritization only; it is not an eligibility or exclusion decision.
CG0955,s2:069c65cead573e71029467c21b0bc86a9f965603,20260731T010300Z;20260731T022348Z,SLM-DB: Single-Level Key-Value Store with Persistent Memory,2019,,,,USENIX Conference on File and Storage Technologies,semanticscholar,069c65cead573e71029467c21b0bc86a9f965603,CS026,S27,CS026,,included,no,,0,title-screen,,,,Keyword score is prioritization only; it is not an eligibility or exclusion decision.
CG0956,s2:06c5e19b030073800d28502b35bb94440af753d1,20260731T010300Z;20260731T022348Z,Deadlock-free monitors: Extended version,2018,2018-02-01,,,,semanticscholar,06c5e19b030073800d28502b35bb94440af753d1,CS013;CS016,A27;S17,,CS013;CS016,included,no,,0,title-screen,,,,Keyword score is prioritization only; it is not an eligibility or exclusion decision.
CG0959,s2:0adf290994e420cb532591dfb8809e05ceaf7ce4,20260731T010300Z;20260731T022348Z,Advanced Development of Certified OS Kernels,2015,2015-06-01,,,,semanticscholar,0adf290994e420cb532591dfb8809e05ceaf7ce4,CS009;CS024;CS025;CS029,A29;A30;S10;S42,,CS009;CS024;CS025;CS029,included,no,,0,title-screen,,,,Keyword score is prioritization only; it is not an eligibility or exclusion decision.
CG0960,s2:0e1155f7faa9b44e90c702015aa5c0f21d5dc688,20260731T010300Z;20260731T022348Z,on shared memory resources . At the heart of these logics lies separation,2017,,,,,semanticscholar,0e1155f7faa9b44e90c702015aa5c0f21d5dc688,CS013,S17,,CS013,included,no,,0,title-screen,,,,Keyword score is prioritization only; it is not an eligibility or exclusion decision.
CG0963,s2:1550382c593e4553da57eb38d5a901d021cbc80a,20260731T010300Z;20260731T022348Z,Grundbegriffe der Mengenlehre,,,,,,semanticscholar,1550382c593e4553da57eb38d5a901d021cbc80a,CS002,S02,CS002,,unknown-date,no,,0,manual-date-check,,,,Keyword score is prioritization only; it is not an eligibility or exclusion decision.
CG0964,s2:194a08a57aecc953ae7519d3a3f1b42cb9e9b80d,20260731T020306Z;20260731T020357Z;20260731T021519Z;20260731T022348Z,Intel ® 64 and IA-32 Architectures Software Developer ’ s Manual,2006,,,,,semanticscholar,194a08a57aecc953ae7519d3a3f1b42cb9e9b80d,CS031,S45,CS031,,included,no,,0,title-screen,,,,Keyword score is prioritization only; it is not an eligibility or exclusion decision.
CG0966,s2:1c157b5422182c0ec38611fefba60008080c64a1,20260731T020306Z;20260731T020357Z;20260731T021519Z;20260731T022348Z,Communication and concurrency,1989,,,,PHI Series in computer science,semanticscholar,1c157b5422182c0ec38611fefba60008080c64a1,CS031,S45,CS031,,included,no,,0,title-screen,,,,Keyword score is prioritization only; it is not an eligibility or exclusion decision.
CG0967,s2:1c6785ac51aac5b3558ddf7b0889e22cd57a484b,20260731T010300Z;20260731T022348Z,This paper is included in the Proceedings of the 18th USENIX Symposium on Operating Systems Design and Implementation.,,,,,,semanticscholar,1c6785ac51aac5b3558ddf7b0889e22cd57a484b,CS014;CS016,A27;S19,,CS014;CS016,unknown-date,no,,0,manual-date-check,,,,Keyword score is prioritization only; it is not an eligibility or exclusion decision.
CG0968,s2:1d00b3a1030a653b22cd40659ca1ad59cba5aa5f,20260731T010300Z;20260731T022348Z,nvm malloc: Memory Allocation for NVRAM,2015,,,,ADMS@VLDB,semanticscholar,1d00b3a1030a653b22cd40659ca1ad59cba5aa5f,CS026,S27,CS026,,included,no,,0,title-screen,,,,Keyword score is prioritization only; it is not an eligibility or exclusion decision.
CG0969,s2:1e083e2dee298f0608f47f7b98e412c1ddd8c0a3,20260731T010300Z;20260731T022348Z,"Project DEPLOY Grant Agreement 214158 ""Industrial deployment of advanced system engineering methods for high productivity and dependability""",2011,,,,,semanticscholar,1e083e2dee298f0608f47f7b98e412c1ddd8c0a3,CS027,S38,,CS027,included,no,,0,title-screen,,,,Keyword score is prioritization only; it is not an eligibility or exclusion decision.
CG0971,s2:2515482c459187711c6aab5b336cfff62aab5d43,20260731T020306Z;20260731T022348Z,On Limits and Possibilities of Automated Protocol Analysis,1987,1987-05-05,,,"Protocol Specification, Testing and Verification",semanticscholar,2515482c459187711c6aab5b336cfff62aab5d43,CS030,S44,CS030,,included,no,,0,title-screen,,,,Keyword score is prioritization only; it is not an eligibility or exclusion decision.
CG0977,s2:2c20f8cf078fe1fd1543a58b3c34cc079f5252c7,20260731T020306Z;20260731T022348Z,On the Small-Scope Hypothesis for Testing Answer-Set Programs,2012,2012-06-10,,,International Conference on Principles of Knowledge Representation and Reasoning,semanticscholar,2c20f8cf078fe1fd1543a58b3c34cc079f5252c7,CS030,S44,CS030,,included,no,,0,title-screen,,,,Keyword score is prioritization only; it is not an eligibility or exclusion decision.
CG0980,s2:38efda194ce8ca7166119ae403e43aef57f62f7c,20260731T020306Z;20260731T022348Z,Graph-based Algorithm for Boolean Function Manipulation,1989,,,,,semanticscholar,38efda194ce8ca7166119ae403e43aef57f62f7c,CS030,S44,CS030,,included,no,,0,title-screen,,,,Keyword score is prioritization only; it is not an eligibility or exclusion decision.
CG0983,s2:3bf19c75f4e2f7fa85e5e2d0557a0e4c2d790ad3,20260731T010300Z;20260731T022348Z,Hoare logic's for run-time analysis of programs,1984,,,,,semanticscholar,3bf19c75f4e2f7fa85e5e2d0557a0e4c2d790ad3,CS023,S35,CS023,,included,no,,0,title-screen,,,,Keyword score is prioritization only; it is not an eligibility or exclusion decision.
CG0987,s2:4c078d0b2f7b1aa0a882013259e845a773db14dd,20260731T010300Z;20260731T022348Z,go-pmem: Native Support for Programming Persistent Memory in Go,2020,,,,USENIX Annual Technical Conference,semanticscholar,4c078d0b2f7b1aa0a882013259e845a773db14dd,CS026,S27,CS026,,included,no,,0,title-screen,,,,Keyword score is prioritization only; it is not an eligibility or exclusion decision.
CG0988,s2:4e9237855902fcf87bd4c39c4db0e668ba0b7f46,20260731T010300Z;20260731T022348Z,"The past, present, and future(s): verifying temporal software properties",2018,,,,,semanticscholar,4e9237855902fcf87bd4c39c4db0e668ba0b7f46,CS009,S10,,CS009,included,no,,0,title-screen,,,,Keyword score is prioritization only; it is not an eligibility or exclusion decision.
CG0992,s2:563de2c751a24222ce9d132d53df4ee40605c823,20260731T010300Z;20260731T022348Z,Analysis of Dynamic Message Passing Programs (A framework for the analysis of depth-bounded systems ),2013,,,,,semanticscholar,563de2c751a24222ce9d132d53df4ee40605c823,CS009,S10,,CS009,included,no,,0,title-screen,,,,Keyword score is prioritization only; it is not an eligibility or exclusion decision.
CG0994,s2:5a3192a1e924a48244a8597c26af4205a198fb33,20260731T010300Z;20260731T022348Z,Logics and analyses for concurrent heap-manipulating programs,2011,2011-02-14,,,,semanticscholar,5a3192a1e924a48244a8597c26af4205a198fb33,CS009,S10,,CS009,included,no,,0,title-screen,,,,Keyword score is prioritization only; it is not an eligibility or exclusion decision.
CG0996,s2:5b445197453399b5d3dde46011d33f66d62921f7,20260731T010300Z;20260731T022348Z,Closer to Reliable Software: Verifying Functional Behaviour of Concurrent Programs,2015,2015-10-01,,,,semanticscholar,5b445197453399b5d3dde46011d33f66d62921f7,CS009,S10,,CS009,included,no,,0,title-screen,,,,Keyword score is prioritization only; it is not an eligibility or exclusion decision.
CG1000,s2:672260f884699fe5385732ed2d50995a69d617d1,20260731T010300Z;20260731T022348Z,Automatische Fehlersuche in algebraischen Spezifikationen,2010,,,,,semanticscholar,672260f884699fe5385732ed2d50995a69d617d1,CS027,S38,,CS027,included,no,,0,title-screen,,,,Keyword score is prioritization only; it is not an eligibility or exclusion decision.
CG1001,s2:67b578b4838d884172dd3afcdcd0f5291a3e3546,20260731T010300Z;20260731T022348Z,This paper is included in the Proceedings of the 2022 USENIX Annual Technical Conference.,,,,,,semanticscholar,67b578b4838d884172dd3afcdcd0f5291a3e3546,CS001,S01,,CS001,unknown-date,no,,0,manual-date-check,,,,Keyword score is prioritization only; it is not an eligibility or exclusion decision.
CG1005,s2:6ee36af9d07b2979af49d32f70ece380486490c1,20260731T010300Z;20260731T022348Z,A Scalable Elimination-based Exchange Channel,2005,2005-10-07,,,,semanticscholar,6ee36af9d07b2979af49d32f70ece380486490c1,CS006,S07,CS006,,included,no,,0,title-screen,,,,Keyword score is prioritization only; it is not an eligibility or exclusion decision.
CG1008,s2:75c2002f00a3dbd592a0fe0e77481a4788812113,20260731T020306Z;20260731T022348Z,The SAL Language Manual,2003,,,,,semanticscholar,75c2002f00a3dbd592a0fe0e77481a4788812113,CS030,S44,CS030,,included,no,,0,title-screen,,,,Keyword score is prioritization only; it is not an eligibility or exclusion decision.
CG1009,s2:7799bde1d5bb1669191572a9ffba252aeaaee23d,20260731T010300Z;20260731T022348Z,Petri net semantics,2010,,,,,semanticscholar,7799bde1d5bb1669191572a9ffba252aeaaee23d,CS009,S10,,CS009,included,no,,0,title-screen,,,,Keyword score is prioritization only; it is not an eligibility or exclusion decision.
CG1012,s2:7a2209b2e737b55b26b3698dfd56667361a556fd,20260731T010300Z;20260731T022348Z,"Note RN / 14 / 06 Bi-intuitionistic Boolean Bunched Logic June , 2014",2014,,,,,semanticscholar,7a2209b2e737b55b26b3698dfd56667361a556fd,CS009,S10,,CS009,included,no,,0,title-screen,,,,Keyword score is prioritization only; it is not an eligibility or exclusion decision.
CG1014,s2:7c3f662d42288c26879d9d8c49b111b61baad9be,20260731T010300Z;20260731T022348Z,"Step-Indexing: The Good, the Bad and the Ugly",2010,2010-10-01,,,"Modelling, Controlling and Reasoning About State",semanticscholar,7c3f662d42288c26879d9d8c49b111b61baad9be,CS010,S14,CS010,,included,no,,0,title-screen,,,,Keyword score is prioritization only; it is not an eligibility or exclusion decision.
CG1015,s2:7d7adb58bca1d6993bb97bf4d3b7ffa31d476b6c,20260731T010300Z;20260731T022348Z,Verifying Fine-Grained Concurrent Data Structures,2018,,,,,semanticscholar,7d7adb58bca1d6993bb97bf4d3b7ffa31d476b6c,CS013,S17,,CS013,included,no,,0,title-screen,,,,Keyword score is prioritization only; it is not an eligibility or exclusion decision.
CG1016,s2:82ce1bc0b85e89634f585c8e125f505772c6dc97,20260731T020306Z;20260731T022348Z,A survey of program slicing techniques,1994,1994-07-31,,,Journal of Programming Languages,semanticscholar,82ce1bc0b85e89634f585c8e125f505772c6dc97,CS030,S44,CS030,,included,no,,0,title-screen,,,,Keyword score is prioritization only; it is not an eligibility or exclusion decision.
CG1017,s2:84fd1e94bdf24f093e38a6349dfa1e5be60a19ad,20260731T010300Z;20260731T022348Z,Trillium: History-Sensitive Refinement in Separation Logic,2023,,,,,semanticscholar,84fd1e94bdf24f093e38a6349dfa1e5be60a19ad,CS014,S19,,CS014,included,no,,0,title-screen,,,,Keyword score is prioritization only; it is not an eligibility or exclusion decision.
CG1019,s2:88ac3e29deb6c25afccca936dc9d9cb719f3c0d5,20260731T010300Z;20260731T022348Z,A Separation Logic for Parallel Time Complexity with Work and Span Credits,,,,,,semanticscholar,88ac3e29deb6c25afccca936dc9d9cb719f3c0d5,CS016;CS017;CS019;CS023,A27;A28;S29;S35,CS023,CS016;CS017;CS019;CS023,unknown-date,no,,0,manual-date-check,,,,Keyword score is prioritization only; it is not an eligibility or exclusion decision.
CG1020,s2:8a6ad9d526fae1134a59d06e3c27ec647e40015a,20260731T010300Z;20260731T022348Z,Separation Logic Expressiveness and Copyless Message-Passing,2012,,,,,semanticscholar,8a6ad9d526fae1134a59d06e3c27ec647e40015a,CS009,S10,,CS009,included,no,,0,title-screen,,,,Keyword score is prioritization only; it is not an eligibility or exclusion decision.
CG1024,s2:91b4336b187c3cdaeea1a356a72e6c510132518a,20260731T020306Z;20260731T022348Z,Modal and temporal logics,1993,1993-03-18,,,Logic in Computer Science,semanticscholar,91b4336b187c3cdaeea1a356a72e6c510132518a,CS030,S44,CS030,,included,no,,0,title-screen,,,,Keyword score is prioritization only; it is not an eligibility or exclusion decision.
CG1026,s2:931f9f1b07322530d191b21d4935a4c99300d48d,20260731T010300Z;20260731T022348Z,Specification and Design of (Parallel) Programs,1983,,,,IFIP Congress,semanticscholar,931f9f1b07322530d191b21d4935a4c99300d48d,CS011;CS028,S15;S40,CS011;CS028,,included,no,,0,title-screen,,,,Keyword score is prioritization only; it is not an eligibility or exclusion decision.
CG1034,s2:a64f1d7c1c480e394ba7f0a0284022603761aa48,20260731T020306Z;20260731T022348Z,Digital Commons,,,,,,semanticscholar,a64f1d7c1c480e394ba7f0a0284022603761aa48,CS030,S44,CS030,,unknown-date,no,,0,manual-date-check,,,,Keyword score is prioritization only; it is not an eligibility or exclusion decision.
CG1037,s2:a977126defdae6708bced9f63cd3879c239dd6c7,20260731T010300Z;20260731T022348Z,Abducing memory barriers,2012,,,,,semanticscholar,a977126defdae6708bced9f63cd3879c239dd6c7,CS009,S10,,CS009,included,no,,0,title-screen,,,,Keyword score is prioritization only; it is not an eligibility or exclusion decision.
CG1038,s2:a9d7adac54bdab2ec42d83b96968e4f5fb7b2282,20260731T010300Z;20260731T022348Z,Adding Concurrency to a Sequential Reﬁnement Tower (cid:63),,,,,,semanticscholar,a9d7adac54bdab2ec42d83b96968e4f5fb7b2282,CS018,S28,,CS018,unknown-date,no,,0,manual-date-check,,,,Keyword score is prioritization only; it is not an eligibility or exclusion decision.
CG1039,s2:ac74ad460fecb10152e6e7b4c0254ee666d74091,20260731T010300Z;20260731T022348Z,2 The Single-Decree Paxos Algorithm,2018,,,,,semanticscholar,ac74ad460fecb10152e6e7b4c0254ee666d74091,CS014,S19,,CS014,included,no,,0,title-screen,,,,Keyword score is prioritization only; it is not an eligibility or exclusion decision.
CG1040,s2:b02a41cbe5cf00086d4570e5737dfd72a59449f7,20260731T010300Z;20260731T022348Z,This Paper Is Included in the Proceedings of the 12th Usenix Symposium on Operating Systems Design and Implementation (osdi '16). Certikos: an Extensible Architecture for Building Certified Concurrent Os Kernels Certikos: an Extensible Architecture for Building Certified Concurrent Os Kernels,,,,,,semanticscholar,b02a41cbe5cf00086d4570e5737dfd72a59449f7,CS014,S19,,CS014,unknown-date,no,,0,manual-date-check,,,,Keyword score is prioritization only; it is not an eligibility or exclusion decision.
CG1044,s2:b49c498abad6216e2a68081f66bef5bdb5a438de,20260731T010300Z;20260731T022348Z,Abstract Specifications for Concurrent Maps ( Extended Version ),2017,,,,,semanticscholar,b49c498abad6216e2a68081f66bef5bdb5a438de,CS013,S17,,CS013,included,no,,0,title-screen,,,,Keyword score is prioritization only; it is not an eligibility or exclusion decision.
CG1047,s2:b8c3496387c91290137e0a9a9703a27f3dce25a1,20260731T020306Z;20260731T022348Z,The Z notation - a reference manual,1992,1992-06-01,,,Prentice Hall International Series in Computer Science,semanticscholar,b8c3496387c91290137e0a9a9703a27f3dce25a1,CS030,S44,CS030,,included,no,,0,title-screen,,,,Keyword score is prioritization only; it is not an eligibility or exclusion decision.
CG1048,s2:c21083d8466cb43462632837cbf188930ac99e80,20260731T010300Z;20260731T022348Z,A Comparison of Shared Memory Parallel Programming Models,2010,2010-05-24,,,,semanticscholar,c21083d8466cb43462632837cbf188930ac99e80,CS029,S42,,CS029,included,no,,0,title-screen,,,,Keyword score is prioritization only; it is not an eligibility or exclusion decision.
CG1049,s2:cd399e1d65b6b409209f2dd36b85bf153a466e94,20260731T010300Z;20260731T022348Z,Verifying a stack with hazard pointers in temporal logic,2011,,,,,semanticscholar,cd399e1d65b6b409209f2dd36b85bf153a466e94,CS009;CS025,A30;S10,,CS009;CS025,included,no,,0,title-screen,,,,Keyword score is prioritization only; it is not an eligibility or exclusion decision.
CG1050,s2:cece43c07c30bb003c97e3933783e3f1439477a0,20260731T010300Z;20260731T022348Z,FORMALIZING CONCURRENT STACKS WITH HELPING : A CASE STUDY IN,2017,,,,,semanticscholar,cece43c07c30bb003c97e3933783e3f1439477a0,CS012,S16,CS012,,included,no,,0,title-screen,,,,Keyword score is prioritization only; it is not an eligibility or exclusion decision.
CG1052,s2:d1cb1322fef3c2fd1d264ea7543f61e744625d3c,20260731T010300Z;20260731T022348Z,Single-pass Parallel Prefix Scan with Decoupled Lookback,2016,,,,,semanticscholar,d1cb1322fef3c2fd1d264ea7543f61e744625d3c,CS004,S05,CS004,,included,no,,0,title-screen,,,,Keyword score is prioritization only; it is not an eligibility or exclusion decision.
CG1054,s2:d7f30e08ff21b9fc02dd122547dbbae4355d899a,20260731T010300Z;20260731T022348Z,TTIC-TR-2008-1 October 2008 Local Rely-Guarantee Reasoning,2008,,,,,semanticscholar,d7f30e08ff21b9fc02dd122547dbbae4355d899a,CS009,S10,,CS009,included,no,,0,title-screen,,,,Keyword score is prioritization only; it is not an eligibility or exclusion decision.
CG1057,s2:df8890d2f8e7051837c18d6da236cb8083e61903,20260731T010300Z;20260731T022348Z,This paper is included in the Proceedings of the 18th USENIX Symposium on Operating Systems Design and Implementation.,,,,,,semanticscholar,df8890d2f8e7051837c18d6da236cb8083e61903,CS009,S10,,CS009,unknown-date,no,,0,manual-date-check,,,,Keyword score is prioritization only; it is not an eligibility or exclusion decision.
CG1060,s2:e23204329c83db72aca1e57bea696cdf2701dc03,20260731T010300Z;20260731T022348Z,"Verifying a concurrent, crash-safe file system with sequential reasoning",2022,,,,,semanticscholar,e23204329c83db72aca1e57bea696cdf2701dc03,CS026,S27,CS026,,included,no,,0,title-screen,,,,Keyword score is prioritization only; it is not an eligibility or exclusion decision.
CG1061,s2:e4bad30fa3e3dc4c8b984fc57aec0b54d18aff69,20260731T010300Z;20260731T022348Z,Weak-memory local reasoning,2012,2012-12-01,,,,semanticscholar,e4bad30fa3e3dc4c8b984fc57aec0b54d18aff69,CS009,S10,,CS009,included,no,,0,title-screen,,,,Keyword score is prioritization only; it is not an eligibility or exclusion decision.
CG1064,s2:eb49783859916bdfb4ea82f8adf98d289da70715,20260731T010300Z;20260731T022348Z,Science of Computer Programming,,,,,,semanticscholar,eb49783859916bdfb4ea82f8adf98d289da70715,CS009;CS018,S10;S28,,CS009;CS018,unknown-date,no,,0,manual-date-check,,,,Keyword score is prioritization only; it is not an eligibility or exclusion decision.
CG1065,s2:ec34b36be557d2a14fb91f170d28b87b765160ca,20260731T010300Z;20260731T022348Z,Semantics of types for mutable state,2004,,,,,semanticscholar,ec34b36be557d2a14fb91f170d28b87b765160ca,CS012,S16,CS012,,included,no,,0,title-screen,,,,Keyword score is prioritization only; it is not an eligibility or exclusion decision.
CG1067,s2:f4b2b0de7cce93dee900b02a634e5c951666871f,20260731T020306Z;20260731T022348Z,An Evaluation of Exhaustive Testing for Data Structures,2003,,,,,semanticscholar,f4b2b0de7cce93dee900b02a634e5c951666871f,CS030,S44,CS030,,included,no,,0,title-screen,,,,Keyword score is prioritization only; it is not an eligibility or exclusion decision.
CG1068,s2:f9e32c365e671432569fea0f22e25923f26cbb16,20260731T010300Z;20260731T022348Z,Compiler and runtime techniques to identify and optimize atomic blocks in parallel programs,2014,,,,,semanticscholar,f9e32c365e671432569fea0f22e25923f26cbb16,CS009,S10,,CS009,included,no,,0,title-screen,,,,Keyword score is prioritization only; it is not an eligibility or exclusion decision.
CG1070,s2:fb5c5c517e12c5d0183101013040e9f73f76a472,20260731T020306Z;20260731T022348Z,Analysis of recursive types in an imperative language,1994,,,,,semanticscholar,fb5c5c517e12c5d0183101013040e9f73f76a472,CS030,S44,CS030,,included,no,,0,title-screen,,,,Keyword score is prioritization only; it is not an eligibility or exclusion decision.
CG1071,s2:fdbae42fddad6fbd979527cb4878b891d161312b,20260731T010300Z;20260731T022348Z,Practical Foundations for Programming Languages (2nd. Ed.),2016,,,,,semanticscholar,fdbae42fddad6fbd979527cb4878b891d161312b,CS023,S35,CS023,,included,no,,0,title-screen,,,,Keyword score is prioritization only; it is not an eligibility or exclusion decision.
CG1072,s2:fdfb5caf6102324e8e727805a786a7654512c3f0,20260731T010300Z;20260731T022348Z,The SPARC architecture manual : version 9,1994,,,,,semanticscholar,fdfb5caf6102324e8e727805a786a7654512c3f0,CS001,S01,CS001,,included,no,,0,title-screen,,,,Keyword score is prioritization only; it is not an eligibility or exclusion decision.
CG1074,unknown:semanticscholar:cs001:references:0:45,20260731T010300Z;20260731T022348Z,Nissim Francez,1986,,,,,semanticscholar,,CS001,S01,CS001,,included,no,,0,title-screen,,,,Keyword score is prioritization only; it is not an eligibility or exclusion decision.
CG1076,unknown:semanticscholar:cs001:references:0:48,20260731T010300Z;20260731T022348Z,"OOPSLA, Article 98. Publication date",,,,,Proc. ACM Program. Lang,semanticscholar,,CS001,S01,CS001,,unknown-date,no,,0,manual-date-check,,,,Keyword score is prioritization only; it is not an eligibility or exclusion decision.
CG1078,unknown:semanticscholar:cs002:references:0:28,20260731T010300Z;20260731T022348Z,The Coq Development Team,2021,,,,The Coq Proof Assistant,semanticscholar,,CS002,S02,CS002,,included,no,,0,title-screen,,,,Keyword score is prioritization only; it is not an eligibility or exclusion decision.
CG1079,unknown:semanticscholar:cs002:references:0:30,20260731T010300Z;20260731T022348Z,"Computing Machinery, New York, NY, USA, 385–399",2017,,,,Proc. ACM Program. Lang,semanticscholar,,CS002,S02,CS002,,included,no,,0,title-screen,,,,Keyword score is prioritization only; it is not an eligibility or exclusion decision.
CG1080,unknown:semanticscholar:cs002:references:0:31,20260731T010300Z;20260731T022348Z,Algorithmic Veri cation of Linear Temporal Logic Speci cations,2007,,,,,semanticscholar,,CS002,S02,CS002,,included,no,,0,title-screen,,,,Keyword score is prioritization only; it is not an eligibility or exclusion decision.
CG1082,unknown:semanticscholar:cs002:references:0:34,20260731T010300Z;20260731T022348Z,"Anton Podkopaev, and Viktor Vafeiadis",,,,,Proc. ACM Program. Lang,semanticscholar,,CS002,S02,CS002,,unknown-date,no,,0,manual-date-check,,,,Keyword score is prioritization only; it is not an eligibility or exclusion decision.
CG1083,unknown:semanticscholar:cs002:references:0:35,20260731T010300Z;20260731T022348Z,"Soonwon Moon, Youngju Song, and Chung-Kil Hur Computing Machinery",,,,,,semanticscholar,,CS002,S02,CS002,,unknown-date,no,,0,manual-date-check,,,,Keyword score is prioritization only; it is not an eligibility or exclusion decision.
CG1084,unknown:semanticscholar:cs002:references:0:36,20260731T010300Z;20260731T022348Z,Received 2022-11-10; accepted 2023-03-31,,,,,Proc. ACM Program. Lang.,semanticscholar,,CS002,S02,CS002,,unknown-date,no,,0,manual-date-check,,,,Keyword score is prioritization only; it is not an eligibility or exclusion decision.
CG1085,unknown:semanticscholar:cs004:references:0:33,20260731T010300Z;20260731T022348Z,An HLSL implementation of prefix-scan,2021,,,,://github.com/linebender/vello/blob/custom-hal-archive-with-shaders/tests/shader/prefix.comp,semanticscholar,,CS004,S05,CS004,,included,no,,0,title-screen,,,,Keyword score is prioritization only; it is not an eligibility or exclusion decision.
CG1086,unknown:semanticscholar:cs004:references:0:34,20260731T010300Z;20260731T022348Z,Prefix sum on Vulkan,2020,,,,raphlinus.github,semanticscholar,,CS004,S05,CS004,,included,no,,0,title-screen,,,,Keyword score is prioritization only; it is not an eligibility or exclusion decision.
CG1087,unknown:semanticscholar:cs004:references:0:36,20260731T010300Z;20260731T022348Z,Syntaxandsemanticsoftheweakconsistencymodelspecification language CAT,2016,,,,CoRR abs,semanticscholar,,CS004,S05,CS004,,included,no,,0,title-screen,,,,Keyword score is prioritization only; it is not an eligibility or exclusion decision.
CG1088,unknown:semanticscholar:cs004:references:0:37,20260731T010300Z;20260731T022348Z,A Shared Memory Poetics,2010,,,,Thèse de doctorat. L’université Paris Denis Diderot. Proc. ACM Program. Lang.,semanticscholar,,CS004,S05,CS004,,included,no,,0,title-screen,,,,Keyword score is prioritization only; it is not an eligibility or exclusion decision.
CG1089,unknown:semanticscholar:cs004:references:0:40,20260731T010300Z;20260731T022348Z,"weak: a message passing pattern repeats until success. This test fails to terminate on memory models that require barriers to make message passing work, i.e., anything weaker than TSO",,,,,,semanticscholar,,CS004,S05,CS004,,unknown-date,no,,0,manual-date-check,,,,Keyword score is prioritization only; it is not an eligibility or exclusion decision.
CG1090,unknown:semanticscholar:cs004:references:0:41,20260731T010300Z;20260731T022348Z,S4C Safe and Scalable System Software Concurrency,,,,,libvsync,semanticscholar,,CS004,S05,CS004,,unknown-date,no,,0,manual-date-check,,,,Keyword score is prioritization only; it is not an eligibility or exclusion decision.
CG1091,unknown:semanticscholar:cs004:references:0:42,20260731T010300Z;20260731T022348Z,2025. Scanbox: A tunable and portable GPU prefix scan implementation in Vulkan and WebGPU,,,,,Bachelor’s thesis,semanticscholar,,CS004,S05,CS004,,unknown-date,no,,0,manual-date-check,,,,Keyword score is prioritization only; it is not an eligibility or exclusion decision.
CG1092,unknown:semanticscholar:cs004:references:0:43,20260731T010300Z;20260731T022348Z,"ii) A load instruction 𝑟 : = load ( 𝑙 ) assign a non-deterministically chosen value 𝑣 to register 𝑟 , and emits the read event R ( 𝑙, 𝑣",,,,,,semanticscholar,,CS004,S05,CS004,,unknown-date,no,,0,manual-date-check,,,,Keyword score is prioritization only; it is not an eligibility or exclusion decision.
CG1094,unknown:semanticscholar:cs004:references:0:45,20260731T010300Z;20260731T022348Z,2025. Do Subgroup Shuffle Intrinsics require a preceeding OpControlBarrier with scope at least Subgroup to avoid UB?,,,,,github,semanticscholar,,CS004,S05,CS004,,unknown-date,no,,0,manual-date-check,,,,Keyword score is prioritization only; it is not an eligibility or exclusion decision.
CG1095,unknown:semanticscholar:cs004:references:0:46,20260731T010300Z;20260731T022348Z,(iv) Read-modify-write (rmw) instructions come in multiple flavors depending on what local modifications they do and if they are guaranteed to succeed,,,,,"all cases, a rmw can be understood as a load, followed by a sequence of local instructions, and possibly a final store",semanticscholar,,CS004,S05,CS004,,unknown-date,no,,0,manual-date-check,,,,Keyword score is prioritization only; it is not an eligibility or exclusion decision.
CG1096,unknown:semanticscholar:cs004:references:0:47,20260731T010300Z;20260731T022348Z,2024. [libc++] Incorrect memory order in atomic wait,,,,,github,semanticscholar,,CS004,S05,CS004,,unknown-date,no,,0,manual-date-check,,,,Keyword score is prioritization only; it is not an eligibility or exclusion decision.
CG1098,unknown:semanticscholar:cs004:references:0:49,20260731T010300Z;20260731T022348Z,iii) A fence instructions emits a fence event containing the name/kind of the fence,,,,,,semanticscholar,,CS004,S05,CS004,,unknown-date,no,,0,manual-date-check,,,,Keyword score is prioritization only; it is not an eligibility or exclusion decision.
CG1099,unknown:semanticscholar:cs006:references:0:67,20260731T010300Z;20260731T022348Z,Accompanying supplementary materials and Coq development of Compass,2021,,,,plv.mpi-sws.org/compass/,semanticscholar,,CS006,S07,CS006,,included,no,,0,title-screen,,,,Keyword score is prioritization only; it is not an eligibility or exclusion decision.
CG1101,unknown:semanticscholar:cs006:references:0:73,20260731T010300Z;20260731T022348Z,Systems Programming: Coping with Parallelism. International Business Machines Incorporated,1986,,,,,semanticscholar,,CS006,S07,CS006,,included,no,,0,title-screen,,,,Keyword score is prioritization only; it is not an eligibility or exclusion decision.
CG1103,unknown:semanticscholar:cs006:references:0:75,20260731T010300Z;20260731T022348Z,"Logic PLDI ’22, June 13–17, 2022, San Diego, CA, USA",,,,,,semanticscholar,,CS006,S07,CS006,,unknown-date,no,,0,manual-date-check,,,,Keyword score is prioritization only; it is not an eligibility or exclusion decision.
CG1104,unknown:semanticscholar:cs007:references:0:45,20260731T010300Z;20260731T022348Z,Systems Programming: Coping with Parallelism,1986,,,,books,semanticscholar,,CS007,S08,CS007,,included,no,,0,title-screen,,,,Keyword score is prioritization only; it is not an eligibility or exclusion decision.
CG1105,unknown:semanticscholar:cs007:references:0:46,20260731T010300Z;20260731T022348Z,"The interpretation predicate interp ( 𝐻, 𝜋",,,,,fully,semanticscholar,,CS007,S08,CS007,,unknown-date,no,,0,manual-date-check,,,,Keyword score is prioritization only; it is not an eligibility or exclusion decision.
CG1106,unknown:semanticscholar:cs007:references:0:47,20260731T010300Z;20260731T022348Z,Before attempting to restore the stack invariant,,,,,Diaframe stops and asks whether the linearization point happens now or later,semanticscholar,,CS007,S08,CS007,,unknown-date,no,,0,manual-date-check,,,,Keyword score is prioritization only; it is not an eligibility or exclusion decision.
CG1107,unknown:semanticscholar:cs007:references:0:48,20260731T010300Z;20260731T022348Z,"C3 Inferring the logical state : In the SC model, the logical state of an object invariant is often straightforward to infer from the physical state",,,,,contrast,semanticscholar,,CS007,S08,CS007,,unknown-date,no,,0,manual-date-check,,,,Keyword score is prioritization only; it is not an eligibility or exclusion decision.
CG1108,unknown:semanticscholar:cs007:references:0:49,20260731T010300Z;20260731T022348Z,The third line of the stack predicate ( ∀ 𝑒 ′ 𝑠 ∈ dom ( 𝐻 𝑠 ⊎ { 𝑒 𝑠 ↦→ . . . }) . . . . ),,,,,,semanticscholar,,CS007,S08,CS007,,unknown-date,no,,0,manual-date-check,,,,Keyword score is prioritization only; it is not an eligibility or exclusion decision.
CG1109,unknown:semanticscholar:cs007:references:0:50,20260731T010300Z;20260731T022348Z,The specification Stack-Try-Pop-Spec-Comp dictates the insertion of the EmptyPop event,,,,,means,semanticscholar,,CS007,S08,CS007,,unknown-date,no,,0,manual-date-check,,,,Keyword score is prioritization only; it is not an eligibility or exclusion decision.
CG1110,unknown:semanticscholar:cs008:references:0:39,20260731T010300Z;20260731T022348Z,Verifying linearisability: A comparative survey,2015,,,,"ACM Comput. Surv., 48(2):19:1–19:43",semanticscholar,,CS008,S09,CS008,,included,no,,0,title-screen,,,,Keyword score is prioritization only; it is not an eligibility or exclusion decision.
CG1112,unknown:semanticscholar:cs008:references:0:42,20260731T010300Z;20260731T022348Z,Systems programming: Coping with parallelism,1986,,,,"Technical Report RJ 5118, IBM Almaden Res. Ctr.",semanticscholar,,CS008,S09,CS008,,included,no,,0,title-screen,,,,Keyword score is prioritization only; it is not an eligibility or exclusion decision.
CG1116,unknown:semanticscholar:cs010:references:0:40,20260731T010300Z;20260731T022348Z,2023. Non-Step-Indexed Separation Logic with Invariants and Rust-Style Borrows,,,,,Ph.D. Dissertation,semanticscholar,,CS010,S14,CS010,,unknown-date,no,,0,manual-date-check,,,,Keyword score is prioritization only; it is not an eligibility or exclusion decision.
CG1118,unknown:semanticscholar:cs010:references:0:42,20260731T010300Z;20260731T022348Z,"Lilo incorporates flexible Iris-style invariants [21, 23] and powerful modular specifications that support non-local linearization points (addresses (P1), (P3), (",,,,,,semanticscholar,,CS010,S14,CS010,,unknown-date,no,,0,manual-date-check,,,,Keyword score is prioritization only; it is not an eligibility or exclusion decision.
CG1119,unknown:semanticscholar:cs011:references:0:35,20260731T010300Z;20260731T022348Z,"26 Namakonov, Fasse",,,,,,semanticscholar,,CS011,S15,CS011,,unknown-date,no,,0,manual-date-check,,,,Keyword score is prioritization only; it is not an eligibility or exclusion decision.
CG1121,unknown:semanticscholar:cs011:references:0:37,20260731T010300Z;20260731T022348Z,Received 2025-10-10; accepted 2026-02-17,,,,,Proc.,semanticscholar,,CS011,S15,CS011,,unknown-date,no,,0,manual-date-check,,,,Keyword score is prioritization only; it is not an eligibility or exclusion decision.
CG1122,unknown:semanticscholar:cs011:references:0:38,20260731T010300Z;20260731T022348Z,2025a. Supplementary Rocq development for the Lawyer paper,,,,,,semanticscholar,,CS011,S15,CS011,,unknown-date,no,,0,manual-date-check,,,,Keyword score is prioritization only; it is not an eligibility or exclusion decision.
CG1123,unknown:semanticscholar:cs012:references:0:33,20260731T010300Z;20260731T022348Z,hocap_spec.v. url: https,2022,,,,gitlab . mpi - sws . org / iris / examples/-/blob/9e91b442ec18f941f12d5839185373876d5bf1d9/theories/logatom/ elimination_stack/hocap_spec.v (visited on 12/26/2022),semanticscholar,,CS012,S16,CS012,,included,no,,0,title-screen,,,,Keyword score is prioritization only; it is not an eligibility or exclusion decision.
CG1124,unknown:semanticscholar:cs012:references:0:34,20260731T010300Z;20260731T022348Z,Theory Multiset. url: https://isabelle.in.tum.de/library/HOL/HOL- Library/ Multiset.html (visited on 11/28/2022),2022,,,,,semanticscholar,,CS012,S16,CS012,,included,no,,0,title-screen,,,,Keyword score is prioritization only; it is not an eligibility or exclusion decision.
CG1125,unknown:semanticscholar:cs012:references:0:37,20260731T010300Z;20260731T022348Z,“Iris from the Ground Up”,2017,,,,Submitted to JFP,semanticscholar,,CS012,S16,CS012,,included,no,,0,title-screen,,,,Keyword score is prioritization only; it is not an eligibility or exclusion decision.
CG1126,unknown:semanticscholar:cs012:references:0:41,20260731T010300Z;20260731T022348Z,0 Reference,,,,,The Iris,semanticscholar,,CS012,S16,CS012,,unknown-date,no,,0,manual-date-check,,,,Keyword score is prioritization only; it is not an eligibility or exclusion decision.
CG1127,unknown:semanticscholar:cs012:references:0:42,20260731T010300Z;20260731T022348Z,concurrent_stacks,,,,,theories/concurrent_stacks,semanticscholar,,CS012,S16,CS012,,unknown-date,no,,0,manual-date-check,,,,Keyword score is prioritization only; it is not an eligibility or exclusion decision.
CG1129,unknown:semanticscholar:cs012:references:0:44,20260731T010300Z;20260731T022348Z,Andrei Popescu Jasmin Blanchette Dmitriy Traytel Mathias Fleury Martin Deshar-nais Tobias Nipkow Markus Wenzel Lawrence C Paulson Norbert Voelker,,,,,Theory Multiset,semanticscholar,,CS012,S16,CS012,,unknown-date,no,,0,manual-date-check,,,,Keyword score is prioritization only; it is not an eligibility or exclusion decision.
CG1131,unknown:semanticscholar:cs022:references:0:54,20260731T010300Z;20260731T022348Z,Received 2024-07-11; accepted 2024-11-07,,,,,Proc. ACM Program. Lang.,semanticscholar,,CS022,S33,CS022,,unknown-date,no,,0,manual-date-check,,,,Keyword score is prioritization only; it is not an eligibility or exclusion decision.
CG1132,unknown:semanticscholar:cs022:references:0:55,20260731T010300Z;20260731T022348Z,Concurrency Kit,,,,,github.com/concurrencykit/ck,semanticscholar,,CS022,S33,CS022,,unknown-date,no,,0,manual-date-check,,,,Keyword score is prioritization only; it is not an eligibility or exclusion decision.
CG1133,unknown:semanticscholar:cs022:references:0:56,20260731T010300Z;20260731T022348Z,CDS C++ library,,,,,github.com/khizmax/libcds,semanticscholar,,CS022,S33,CS022,,unknown-date,no,,0,manual-date-check,,,,Keyword score is prioritization only; it is not an eligibility or exclusion decision.
CG1134,unknown:semanticscholar:cs022:references:0:57,20260731T010300Z;20260731T022348Z,"a specification where, in addition to (R), all insertions synchronize with each other, and",,,,,,semanticscholar,,CS022,S33,CS022,,unknown-date,no,,0,manual-date-check,,,,Keyword score is prioritization only; it is not an eligibility or exclusion decision.
CG1135,unknown:semanticscholar:cs022:references:0:58,20260731T010300Z;20260731T022348Z,"To answer these questions, we conducted three case studies on a set of challenging concurrent structures",,,,,Proc. ACM Program. Lang.,semanticscholar,,CS022,S33,CS022,,unknown-date,no,,0,manual-date-check,,,,Keyword score is prioritization only; it is not an eligibility or exclusion decision.
CG1136,unknown:semanticscholar:cs023:references:0:47,20260731T010300Z;20260731T022348Z,MPL Contributors,2026,,,,:,semanticscholar,,CS023,S35,CS023,,unknown-date,no,,0,manual-date-check,,,,Keyword score is prioritization only; it is not an eligibility or exclusion decision.
CG1137,unknown:semanticscholar:cs023:references:0:48,20260731T010300Z;20260731T022348Z,MPL: A High-Performance Compiler for Parallel ML,2020,,,,github,semanticscholar,,CS023,S35,CS023,,included,no,,0,title-screen,,,,Keyword score is prioritization only; it is not an eligibility or exclusion decision.
CG1138,unknown:semanticscholar:cs023:references:0:52,20260731T010300Z;20260731T022348Z,Systems programming: Coping with parallelism,1986,,,,dominoweb.draco.res.,semanticscholar,,CS023,S35,CS023,,included,no,,0,title-screen,,,,Keyword score is prioritization only; it is not an eligibility or exclusion decision.
CG1139,unknown:semanticscholar:cs023:references:0:54,20260731T010300Z;20260731T022348Z,2024. The CFML tool and library,,,,,http://www.chargueraud.org/softs/cfml/,semanticscholar,,CS023,S35,CS023,,unknown-date,no,,0,manual-date-check,,,,Keyword score is prioritization only; it is not an eligibility or exclusion decision.
CG1140,unknown:semanticscholar:cs023:references:0:55,20260731T010300Z;20260731T022348Z,2026. The atomic triple library of the Iris framework,,,,,:/,semanticscholar,,CS023,S35,CS023,,unknown-date,no,,0,manual-date-check,,,,Keyword score is prioritization only; it is not an eligibility or exclusion decision.
CG1143,unknown:semanticscholar:cs026:references:0:28,20260731T010300Z;20260731T022348Z,36 Simon Friis Vindum and Lars Birkedal,2020,,,,USENIX,semanticscholar,,CS026,S27,CS026,,included,no,,0,title-screen,,,,Keyword score is prioritization only; it is not an eligibility or exclusion decision.
CG1144,unknown:semanticscholar:cs026:references:0:33,20260731T010300Z;20260731T022348Z,Crash-aware invariants,,,,,,semanticscholar,,CS026,S27,CS026,,unknown-date,no,,0,manual-date-check,,,,Keyword score is prioritization only; it is not an eligibility or exclusion decision.
CG1145,unknown:semanticscholar:cs026:references:0:34,20260731T010300Z;20260731T022348Z,"An assortment of features to handle persistent memory instructions: Post-fence modalities , a post-crash flush modality , and state lower-bounds",,,,,w.r.t. fences,semanticscholar,,CS026,S27,CS026,,unknown-date,no,,0,manual-date-check,,,,Keyword score is prioritization only; it is not an eligibility or exclusion decision.
CG1146,unknown:semanticscholar:cs027:citations:0:16,20260731T010300Z;20260731T022348Z,Institutional Knowledge at Singapore Management University Institutional Knowledge at Singapore Management University,,,,,,semanticscholar,,CS027,S38,,CS027,unknown-date,no,,0,manual-date-check,,,,Keyword score is prioritization only; it is not an eligibility or exclusion decision.
CG1147,unknown:semanticscholar:cs027:citations:0:17,20260731T010300Z;20260731T022348Z,Universität Augsburg Proving Linearizability with Temporal Logic,,,,,,semanticscholar,,CS027,S38,,CS027,unknown-date,no,,0,manual-date-check,,,,Keyword score is prioritization only; it is not an eligibility or exclusion decision.
CG1148,unknown:semanticscholar:cs028:references:0:40,20260731T010300Z;20260731T022348Z,"PLDI, pp",2021,,,,292–304. ACM 123 302 Formal Methods in System Design,semanticscholar,,CS028,S40,CS028,,included,no,,0,title-screen,,,,Keyword score is prioritization only; it is not an eligibility or exclusion decision.
CG1149,unknown:semanticscholar:cs028:references:0:41,20260731T010300Z;20260731T022348Z,Coachman,2019,,,,:,semanticscholar,,CS028,S40,CS028,,included,no,,0,title-screen,,,,Keyword score is prioritization only; it is not an eligibility or exclusion decision.
CG1150,unknown:semanticscholar:cs028:references:0:43,20260731T010300Z;20260731T022348Z,Systems programming: Coping with parallelism,1986,,,,"Tech. Rep. RJ 5118,",semanticscholar,,CS028,S40,CS028,,included,no,,0,title-screen,,,,Keyword score is prioritization only; it is not an eligibility or exclusion decision.
CG1151,unknown:semanticscholar:cs028:references:0:45,20260731T010300Z;20260731T022348Z,Publisher's Note Springer Nature remains neutral with regard to jurisdictional claims in published maps and institutional affiliations,,,,,,semanticscholar,,CS028,S40,CS028,,unknown-date,no,,0,manual-date-check,,,,Keyword score is prioritization only; it is not an eligibility or exclusion decision.
CG1152,unknown:semanticscholar:cs028:references:0:46,20260731T010300Z;20260731T022348Z,We extend our experiments (Sect. 5) to include nine additional benchmark cases,,,,,addition to the conference version,semanticscholar,,CS028,S40,CS028,,unknown-date,no,,0,manual-date-check,,,,Keyword score is prioritization only; it is not an eligibility or exclusion decision.
CG1153,unknown:semanticscholar:cs028:references:0:47,20260731T010300Z;20260731T022348Z,Most sequential bound analyzers target integer programs.,,,,,,semanticscholar,,CS028,S40,CS028,,unknown-date,no,,0,manual-date-check,,,,Keyword score is prioritization only; it is not an eligibility or exclusion decision.
CG1157,unknown:semanticscholar:cs030:references:0:186,20260731T020306Z;20260731T022348Z,"Infinite Words: Automata, Semigroups",2004,,,,"Logic and Games. Elsevier,",semanticscholar,,CS030,S44,CS030,,included,no,,0,title-screen,,,,Keyword score is prioritization only; it is not an eligibility or exclusion decision.
CG1159,unknown:semanticscholar:cs030:references:0:207,20260731T020306Z;20260731T022348Z,Logics of Time and Computation. Number 7 in CSLI Lecture Notes,1992,,,,"CSLI Publications,",semanticscholar,,CS030,S44,CS030,,included,no,,0,title-screen,,,,Keyword score is prioritization only; it is not an eligibility or exclusion decision.
CG1161,unknown:semanticscholar:cs030:references:0:214,20260731T020306Z;20260731T022348Z,Systems programming: Coping with parallelism,1986,,,,"Technical Report RJ 5118,",semanticscholar,,CS030,S44,CS030,,included,no,,0,title-screen,,,,Keyword score is prioritization only; it is not an eligibility or exclusion decision.
CG1162,unknown:semanticscholar:cs030:references:0:215,20260731T020306Z;20260731T022348Z,"USA, pages 238–252",1977,,,,"ACM Press,",semanticscholar,,CS030,S44,CS030,,included,no,,0,title-screen,,,,Keyword score is prioritization only; it is not an eligibility or exclusion decision.
CG1164,unknown:semanticscholar:cs031:references:0:31,20260731T020306Z;20260731T020357Z;20260731T021519Z;20260731T022348Z,64 and IA-32,2021,,,,Intel,semanticscholar,,CS031,S45,CS031,,included,no,,0,title-screen,,,,Keyword score is prioritization only; it is not an eligibility or exclusion decision.
CG1165,unknown:semanticscholar:cs031:references:0:33,20260731T020306Z;20260731T020357Z;20260731T021519Z;20260731T022348Z,"Anton Podkopaev, and Viktor Vafeiadis",2020,,,,,semanticscholar,,CS031,S45,CS031,,included,no,,0,title-screen,,,,Keyword score is prioritization only; it is not an eligibility or exclusion decision.
CG1166,unknown:semanticscholar:cs031:references:0:39,20260731T020306Z;20260731T020357Z;20260731T021519Z;20260731T022348Z,"works in Lines 17–20 of 𝑀 1 and have completed Line 17 of 𝑀 1 , and the rule 𝑟 2 of Line 7 of 𝑀 1 is (𝑞 1 , _ , _ , 𝑞 2 )",,,,,then 𝑞 = 𝑞,semanticscholar,,CS031,S45,CS031,,unknown-date,no,,0,manual-date-check,,,,Keyword score is prioritization only; it is not an eligibility or exclusion decision.
CG1167,unknown:semanticscholar:cs031:references:0:40,20260731T020306Z;20260731T020357Z;20260731T021519Z;20260731T022348Z,March 2024; revised 1 July 2025; accepted 3 September 2025,,,,,,semanticscholar,,CS031,S45,CS031,,unknown-date,no,,0,manual-date-check,,,,Keyword score is prioritization only; it is not an eligibility or exclusion decision.
CG0134,doi:10.1007/978-3-031-37706-8_10,20260731T010300Z;20260731T020306Z;20260731T022106Z;20260731T022348Z,Overcoming Memory Weakness with Unified Fairness: Systematic Verification of Liveness in Weak Memory Models,2023,2023,10.1007/978-3-031-37706-8_10,,,opencitations;seed-catalog,10.1007/978-3-031-37706-8_10;DOI:10.1007/978-3-031-37706-8_10,CS001;CS003;CS004;CS031,S01;S03;S05;S45,CS003;CS004;CS031,CS001;CS003,included,yes,fairness_or_justice;weak_or_relaxed_memory;progress;formal_verification,14,existing-seed,,,,Keyword score is prioritization only; it is not an eligibility or exclusion decision.
CG0839,doi:10.1145/3776687,20260731T010300Z;20260731T022106Z;20260731T022348Z,Recurrence Sets for Proving Fair Non-termination under Axiomatic Memory Consistency Models,2026,2026-01-08,10.1145/3776687,,Proc. ACM Program. Lang.,opencitations;seed-catalog;semanticscholar,10.1145/3776687;DOI:10.1145/3776687;cc2d712b5c5e42606339033448fa671f7937ba65,CS001;CS003;CS004,S01;S03;S05,,CS001;CS003;CS004,included,yes,fairness_or_justice;weak_or_relaxed_memory;progress,12,existing-seed,,,,Keyword score is prioritization only; it is not an eligibility or exclusion decision.
CG0740,doi:10.1145/3485475,20260731T010300Z;20260731T020306Z;20260731T020357Z;20260731T021519Z;20260731T022106Z;20260731T022348Z,Making weak memory models fair,2021,2021-10-20,10.1145/3485475,2012.01067,Proc. ACM Program. Lang.,opencitations;seed-catalog;semanticscholar,10.1145/3485475;DOI:10.1145/3485475;be3902623f9b56f3f681a3153de9d140296e9b32,CS001;CS002;CS003;CS004;CS031,S01;S02;S03;S05;S45,CS001;CS002;CS003;CS004;CS031,CS001,included,yes,fairness_or_justice;weak_or_relaxed_memory,9,existing-seed,,,,Keyword score is prioritization only; it is not an eligibility or exclusion decision.
CG0204,doi:10.1007/978-3-540-68863-1_6,20260731T010300Z;20260731T022106Z;20260731T022348Z,Mechanizing a Correctness Proof for a Lock-Free Concurrent Stack,2008,2008,10.1007/978-3-540-68863-1_6,,,opencitations;seed-catalog,10.1007/978-3-540-68863-1_6;DOI:10.1007/978-3-540-68863-1_6,CS021;CS027,S31;S38,CS021;CS027,,included,yes,progress;concurrent_stack;formal_verification,8,existing-seed,,,,Keyword score is prioritization only; it is not an eligibility or exclusion decision.
CG0254,doi:10.1007/978-3-642-23283-1_16,20260731T010300Z;20260731T022106Z;20260731T022348Z,Formal Verification of a Lock-Free Stack with Hazard Pointers,2011,2011-08-31,10.1007/978-3-642-23283-1_16,,International Colloquium on Theoretical Aspects of Computing,opencitations;seed-catalog;semanticscholar,10.1007/978-3-642-23283-1_16;3dfa980641a367df91391f67f68bbe4526d7d504;DOI:10.1007/978-3-642-23283-1_16,CS018,S28,,,included,yes,progress;concurrent_stack;formal_verification,8,existing-seed,,,,Keyword score is prioritization only; it is not an eligibility or exclusion decision.
CG0888,doi:10.14279/tuj.eceasst.66.885,20260731T010300Z;20260731T022106Z;20260731T022348Z,Compositional Verification of a Lock-Free Stack with RGITL,2013,,10.14279/tuj.eceasst.66.885,,,seed-catalog,DOI:10.14279/tuj.eceasst.66.885,CS015,S20,,,included,yes,progress;concurrent_stack;formal_verification,8,existing-seed,,,,Keyword score is prioritization only; it is not an eligibility or exclusion decision.
CG0156,doi:10.1007/978-3-032-26204-2_6,20260731T010300Z;20260731T022106Z;20260731T022348Z,Towards Proving Liveness on Weak Memory,2026,2026-02-23,10.1007/978-3-032-26204-2_6,2602.19609,World Congress on Formal Methods,seed-catalog;semanticscholar,DOI:10.1007/978-3-032-26204-2_6;e4cd7739a9d580e7873d844a4418e46cc51227d0,CS005,S06,,,included,yes,weak_or_relaxed_memory;progress,7,existing-seed,,,,Keyword score is prioritization only; it is not an eligibility or exclusion decision.
CG0807,doi:10.1145/3656384,20260731T010300Z;20260731T022106Z;20260731T022348Z,A Proof Recipe for Linearizability in Relaxed Memory Separation Logic,2024,2024-06-20,10.1145/3656384,,Proc. ACM Program. Lang.,opencitations;seed-catalog;semanticscholar,10.1145/3656384;81cc2bcf765e925a61e6decd7e1679a83d6faafa;DOI:10.1145/3656384,CS006;CS007;CS010,S07;S08;S14,CS007;CS010,CS006;CS007,included,yes,weak_or_relaxed_memory;formal_verification,6,existing-seed,,,,Keyword score is prioritization only; it is not an eligibility or exclusion decision.
CG0013,arxiv:2212.14126,20260731T010300Z;20260731T022106Z;20260731T022348Z,Modular termination verification with a higher-order concurrent separation logic (Intermediate report),2022,2022-12-28,10.48550/arxiv.2212.14126,2212.14126,arXiv.org,seed-catalog;semanticscholar,ARXIV:2212.14126;b2610408579a47cab7925f781a9c4c91298fce8e,CS012;CS013,S16;S17,,CS012;CS013,included,yes,progress;formal_verification,5,existing-seed,,,,Keyword score is prioritization only; it is not an eligibility or exclusion decision.
CG0297,doi:10.1007/978-3-662-49498-1_8,20260731T010300Z;20260731T022106Z;20260731T022348Z,Modular Termination Verification for Non-blocking Concurrency,2016,2016-04-02,10.1007/978-3-662-49498-1_8,,European Symposium on Programming,opencitations;seed-catalog;semanticscholar,10.1007/978-3-662-49498-1_8;DOI:10.1007/978-3-662-49498-1_8;b1eaf624d6f3239d54d55b576b655c0173c44cce,CS002;CS009;CS012;CS013;CS014;CS016,A27;S02;S10;S16;S17;S19,CS002;CS012;CS013;CS014,CS009;CS013;CS016,included,yes,progress;formal_verification,5,existing-seed,,,,Keyword score is prioritization only; it is not an eligibility or exclusion decision.
CG0622,doi:10.1145/2837614.2837635,20260731T010300Z;20260731T022106Z;20260731T022348Z,A Program Logic for Concurrent Objects under Fair Scheduling,2016,2016-01-11,10.1145/2837614.2837635,,ACM-SIGACT Symposium on Principles of Programming Languages,opencitations;seed-catalog;semanticscholar,10.1145/2837614.2837635;978a78bc13f4fe31c8db114d70508447f3b78edb;DOI:10.1145/2837614.2837635,CS002;CS009;CS010;CS011;CS013;CS014;CS016,A27;S02;S10;S14;S15;S17;S19,CS002;CS010;CS011;CS014,CS009;CS013;CS014;CS016,included,yes,fairness_or_justice,5,existing-seed,,,,Keyword score is prioritization only; it is not an eligibility or exclusion decision.
CG0775,doi:10.1145/3591253,20260731T010300Z;20260731T022106Z;20260731T022348Z,Fair Operational Semantics,2023,2023-06-06,10.1145/3591253,,Proc. ACM Program. Lang.,opencitations;seed-catalog;semanticscholar,10.1145/3591253;DOI:10.1145/3591253;c343a15f1f983b13534aba0871981fc4cc46b217,CS001;CS002;CS010;CS011;CS013;CS014,S01;S02;S14;S15;S17;S19,CS002;CS010;CS011,CS001;CS002;CS013;CS014,included,yes,fairness_or_justice,5,existing-seed,,,,Keyword score is prioritization only; it is not an eligibility or exclusion decision.
CG0911,doi:10.26686/wgtn.17004076,20260731T010300Z;20260731T020306Z;20260731T022106Z;20260731T022348Z,On the Use of Model Checking for the Bounded and Unbounded Verification of Nonblocking Concurrent Data Structures,2013,,10.26686/wgtn.17004076,,,seed-catalog;semanticscholar,39073bfbe27e5411ef5262f9c6d9e3225dacec26;DOI:10.26686/wgtn.17004076,CS024;CS025;CS030,A29;A30;S44,,CS024;CS025;CS030,included,yes,progress;formal_verification,5,existing-seed,,,,Keyword score is prioritization only; it is not an eligibility or exclusion decision.
CG0726,doi:10.1145/3437801.3441619,20260731T010300Z;20260731T022106Z;20260731T022348Z,Verifying C11-Style Weak Memory Libraries via Refinement,2021,2021-02-17,10.1145/3437801.3441619,2108.06944,ACM SIGPLAN Symposium on Principles & Practice of Parallel Programming,opencitations;seed-catalog;semanticscholar,10.1145/3437801.3441619;4081cedda78b3178bfa33174a3a058facb71ca64;DOI:10.1145/3437801.3441619,CS006;CS008,S07;S09,CS006;CS008,,included,yes,weak_or_relaxed_memory,4,existing-seed,,,,Keyword score is prioritization only; it is not an eligibility or exclusion decision.
CG0753,doi:10.1145/3519939.3523451,20260731T010300Z;20260731T022106Z;20260731T022348Z,Compass: Strong and Compositional Library Specifications in Relaxed Memory Separation Logic,2022,2022-06-09,10.1145/3519939.3523451,,ACM-SIGPLAN Symposium on Programming Language Design and Implementation,opencitations;seed-catalog;semanticscholar,10.1145/3519939.3523451;2f24d73555fd3c9d159f8f19b3614f11a67f4e80;DOI:10.1145/3519939.3523451,CS006;CS007;CS008;CS010;CS026,S07;S08;S09;S14;S27,CS006;CS007;CS010;CS026,CS006;CS008,included,yes,weak_or_relaxed_memory,4,existing-seed,,,,Keyword score is prioritization only; it is not an eligibility or exclusion decision.
CG0818,doi:10.1145/3704906,20260731T010300Z;20260731T022106Z;20260731T022348Z,Relinche: Automatically Checking Linearizability under Relaxed Memory Consistency,2025,2025-01-07,10.1145/3704906,,,opencitations;seed-catalog,10.1145/3704906;DOI:10.1145/3704906,CS022,S33,,,included,yes,weak_or_relaxed_memory,4,existing-seed,,,,Keyword score is prioritization only; it is not an eligibility or exclusion decision.
CG0217,doi:10.1007/978-3-540-75292-9_9,20260731T010300Z;20260731T020306Z;20260731T022106Z;20260731T022348Z,Verifying Lock-Freedom Using Well-Founded Orders,2007,2007-09-26,10.1007/978-3-540-75292-9_9,,International Colloquium on Theoretical Aspects of Computing,opencitations;seed-catalog;semanticscholar,10.1007/978-3-540-75292-9_9;9d29746313d395f4b00c0e009da8869c23e95493;DOI:10.1007/978-3-540-75292-9_9,CS016;CS017;CS024;CS030,A27;A28;A29;S44,CS016;CS017;CS024;CS030,,included,yes,progress,3,existing-seed,,,,Keyword score is prioritization only; it is not an eligibility or exclusion decision.
CG0394,doi:10.1016/j.scico.2008.09.013,20260731T010300Z;20260731T020306Z;20260731T022106Z;20260731T022348Z,A general technique for proving lock-freedom,2009,2009-01,10.1016/j.scico.2008.09.013,,Science of Computer Programming,opencitations;seed-catalog;semanticscholar,10.1016/j.scico.2008.09.013;758320a0879f900b85a2a5a4465beca7f134af75;DOI:10.1016/j.scico.2008.09.013,CS016;CS017;CS024;CS025;CS030,A27;A28;A29;A30;S44,CS016;CS017;CS025;CS030,CS024,included,yes,progress,3,existing-seed,,,,Keyword score is prioritization only; it is not an eligibility or exclusion decision.
CG0449,doi:10.1109/lics.2013.18,20260731T010300Z;20260731T022106Z;20260731T022348Z,Quantitative Reasoning for Proving Lock-Freedom,2013,2013-06-25,10.1109/lics.2013.18,,2013 28th Annual ACM/IEEE Symposium on Logic in Computer Science,opencitations;seed-catalog;semanticscholar,10.1109/lics.2013.18;DOI:10.1109/lics.2013.18;cbd1e202e03c58ab834c0bc8e4f30593cf100554,CS009;CS013;CS014;CS016;CS017;CS023;CS024;CS025;CS029,A27;A28;A29;A30;S10;S17;S19;S35;S42,CS013;CS014;CS016;CS017;CS023,CS009;CS016;CS024;CS025;CS029,included,yes,progress,3,existing-seed,,,,Keyword score is prioritization only; it is not an eligibility or exclusion decision.
CG0518,doi:10.1145/1480881.1480886,20260731T010300Z;20260731T022106Z;20260731T022348Z,Proving That Non-Blocking Algorithms Don't Block,2009,2009-01-21,10.1145/1480881.1480886,,ACM-SIGACT Symposium on Principles of Programming Languages,opencitations;seed-catalog;semanticscholar,10.1145/1480881.1480886;DOI:10.1145/1480881.1480886;f38da1dcab25f1eab911fa5383d0e22e391a1133,CS009;CS014;CS017;CS024;CS028;CS029,A28;A29;S10;S19;S40;S42,CS009;CS014;CS017;CS028;CS029,CS024,included,yes,progress,3,existing-seed,,,,Keyword score is prioritization only; it is not an eligibility or exclusion decision.
CG0525,doi:10.1145/1542476.1542493,20260731T010300Z;20260731T020306Z;20260731T020357Z;20260731T021519Z;20260731T022106Z;20260731T022348Z,Progress guarantee for parallel programs via bounded lock-freedom,2009,2009-06-15,10.1145/1542476.1542493,,ACM-SIGPLAN Symposium on Programming Language Design and Implementation,opencitations;seed-catalog;semanticscholar,10.1145/1542476.1542493;403acc7cbe119b7e6fa8897c894e537da42414e8;DOI:10.1145/1542476.1542493,CS009;CS016;CS028;CS029;CS031,A27;S10;S40;S42;S45,CS016;CS028;CS029;CS031,CS009;CS029,included,yes,progress,3,existing-seed,,,,Keyword score is prioritization only; it is not an eligibility or exclusion decision.
CG0599,doi:10.1145/2676724.2693179,20260731T010300Z;20260731T022106Z;20260731T022348Z,Proving Lock-Freedom Easily and Automatically,2015,2015-01-13,10.1145/2676724.2693179,,Certified Programs and Proofs,opencitations;seed-catalog;semanticscholar,10.1145/2676724.2693179;DOI:10.1145/2676724.2693179;c910126186ee896197199d2e5d021d275a96567c,CS009;CS016;CS017;CS023;CS024;CS025;CS028,A27;A28;A29;A30;S10;S35;S40,CS017;CS023;CS028,CS009;CS016;CS017;CS024;CS025,included,yes,progress,3,existing-seed,,,,Keyword score is prioritization only; it is not an eligibility or exclusion decision.
CG0824,doi:10.1145/3720525,20260731T010300Z;20260731T022106Z;20260731T022348Z,"Lilo: A Higher-Order, Relational Concurrent Separation Logic for Liveness",2025,2025-04-09,10.1145/3720525,,Proc. ACM Program. Lang.,opencitations;seed-catalog;semanticscholar,10.1145/3720525;DOI:10.1145/3720525;dee79b514bcabe27dc874d8dc5d9497129088d59,CS002;CS006;CS007;CS010;CS011;CS014,S02;S07;S08;S14;S15;S19,CS010;CS011,CS002;CS006;CS007;CS010;CS014,included,yes,progress,3,existing-seed,,,,Keyword score is prioritization only; it is not an eligibility or exclusion decision.
CG0836,doi:10.1145/3766061,20260731T010300Z;20260731T020306Z;20260731T020357Z;20260731T021519Z;20260731T022106Z;20260731T022348Z,Decidability of Liveness on the TSO Memory Model,2026,2026-02-13,10.1145/3766061,2107.09930,Formal Aspects Comput.,opencitations;seed-catalog;semanticscholar,10.1145/3766061;334719f548fae46c6116d7a5bcd8792642386290;DOI:10.1145/3766061,CS001;CS003;CS029;CS031,S01;S03;S42;S45,,CS001;CS003;CS029;CS031,included,yes,progress,3,existing-seed,,,,Keyword score is prioritization only; it is not an eligibility or exclusion decision.
CG0845,doi:10.1145/3798240,20260731T010300Z;20260731T022106Z;20260731T022348Z,Lawyer: Modular Obligations-Based Liveness Reasoning in Higher-Order Impredicative Concurrent Separation Logic,2026,2026-04-10,10.1145/3798240,,Proceedings of the ACM on Programming Languages,seed-catalog;semanticscholar,8a8d750e1a0c7a29ce28da0358b08593c8a48ab9;DOI:10.1145/3798240,CS002;CS010;CS011;CS014,S02;S14;S15;S19,,CS002;CS010;CS011;CS014,included,yes,progress,3,existing-seed,,,,Keyword score is prioritization only; it is not an eligibility or exclusion decision.
CG0790,doi:10.1145/3622820,20260731T010300Z;20260731T022106Z;20260731T022348Z,Spirea: A Mechanized Concurrent Separation Logic for Weak Persistent Memory,2023,2023-10-16,10.1145/3622820,,Proc. ACM Program. Lang.,opencitations;seed-catalog;semanticscholar,10.1145/3622820;75bcda863a5c6acd061dd8a00ddf072e87e5e1f1;DOI:10.1145/3622820,CS006;CS026,S07;S27,,CS006;CS026,included,yes,formal_verification,2,existing-seed,,,,Keyword score is prioritization only; it is not an eligibility or exclusion decision.
CG0029,arxiv:2607.11582,20260731T010300Z;20260731T022106Z;20260731T022348Z,A Separation Logic for Parallel Time Complexity with Work and Span Credits,2026,2026-07-13,10.1145/3828679,2607.11582,,seed-catalog,ARXIV:2607.11582,CS023,S35,,,included,yes,,0,existing-seed,,,,Keyword score is prioritization only; it is not an eligibility or exclusion decision.
CG0153,doi:10.1007/978-3-031-92196-4_16,20260731T010300Z;20260731T022106Z;20260731T022348Z,Mirror is Not Strong: Discovery of a Persistent Memory Bug using Refinement in KIV,2025,2025,10.1007/978-3-031-92196-4_16,,Go Where the Bugs Are,opencitations;seed-catalog;semanticscholar,10.1007/978-3-031-92196-4_16;5d92130b927aa3fc404c5201a25d6f665343f8ce;DOI:10.1007/978-3-031-92196-4_16,CS021;CS027,S31;S38,,CS021;CS027,included,yes,,0,existing-seed,,,,Keyword score is prioritization only; it is not an eligibility or exclusion decision.
CG0351,doi:10.1007/s10703-021-00370-8,20260731T010300Z;20260731T022106Z;20260731T022348Z,Rely-Guarantee Bound Analysis of Parameterized Concurrent Shared-Memory Programs,2021,2021-04-06,10.1007/s10703-021-00370-8,,Formal methods in system design,opencitations;seed-catalog;semanticscholar,10.1007/s10703-021-00370-8;10c2e6b3b17ad819a84a0575ad2964bf5cf20b2e;DOI:10.1007/s10703-021-00370-8,CS009;CS017;CS028;CS029,A28;S10;S40;S42,,CS009;CS017;CS028;CS029,included,yes,,0,existing-seed,,,,Keyword score is prioritization only; it is not an eligibility or exclusion decision.
CG0821,doi:10.1145/3716312,20260731T010300Z;20260731T022106Z;20260731T022348Z,Will It Fit? Verifying Heap Space Bounds of Concurrent Programs under Garbage Collection,2025,2025-02-10,10.1145/3716312,,ACM Transactions on Programming Languages and Systems,opencitations;seed-catalog;semanticscholar,10.1145/3716312;9c4ed4611c94601635cfa30736fc28f8bd35b69c;DOI:10.1145/3716312,CS019;CS023,S29;S35,CS023,,included,yes,,0,existing-seed,,,,Keyword score is prioritization only; it is not an eligibility or exclusion decision.
CG1073,seed:s30,20260731T010300Z;20260731T022106Z;20260731T022348Z,Marrying Miri and GenMC: Improving Miri's Ability to Detect Concurrency Bugs,2025,,,,,seed-catalog,,CS020,S30,,,included,yes,,0,existing-seed,,,,Keyword score is prioritization only; it is not an eligibility or exclusion decision.
