candidate_id,work_key,title,year,publication_date,doi,arxiv_id,venue,providers,provider_work_ids,retrieval_seed_ids,retrieval_screening_record_ids,reference_seed_ids,citation_seed_ids,cutoff_status,is_existing_seed,matched_categories,priority_score,triage_state,screening_decision,reviewer,review_date,notes
CG0898,unknown:semanticscholar:cs004:references:0:48,2025. Recurrence Sets for Proving Fair Non-termination under Axiomatic Memory Consistency Models (Artifact),,,,,,semanticscholar,,CS004,S05,CS004,,unknown-date,no,fairness_or_justice;weak_or_relaxed_memory;progress,12,manual-date-check,,,,Keyword score is prioritization only; it is not an eligibility or exclusion decision.
CG0013,arxiv:2305.17605,Unified Fairness for Weak Memory Verification,2023,2023-05-28,,2305.17605,,semanticscholar,827fd3198b5066736c160b4cdce992b47cd34ecb,CS001,S01,,CS001,included,no,fairness_or_justice;weak_or_relaxed_memory;formal_verification,11,priority-title-screen,,,,Keyword score is prioritization only; it is not an eligibility or exclusion decision.
CG0878,unknown:semanticscholar:cs001:references:0:49,"Anton Podkopaev, and Viktor Vafeiadis. 2021a. Making Weak Memory Models Fair",,,,,,semanticscholar,,CS001,S01,CS001,,unknown-date,no,fairness_or_justice;weak_or_relaxed_memory,9,manual-date-check,,,,Keyword score is prioritization only; it is not an eligibility or exclusion decision.
CG0054,doi:10.1007/3-540-10843-2_22,"Impartiality, Justice and Fairness: The Ethics of Concurrent Termination",1981,1981-07-13,10.1007/3-540-10843-2_22,,"International Colloquium on Automata, Languages and Programming",opencitations;semanticscholar,10.1007/3-540-10843-2_22;dc83fb9e6983fe0ac1a92741605b621650bc7bf5,CS001;CS002,S01;S02,CS001;CS002,,included,no,fairness_or_justice;progress,8,priority-title-screen,,,,Keyword score is prioritization only; it is not an eligibility or exclusion decision.
CG0203,doi:10.1007/978-3-642-31424-7_19,Detecting Fair Non-termination in Multithreaded Programs,2012,2012-07-07,10.1007/978-3-642-31424-7_19,,International Conference on Computer Aided Verification,opencitations;semanticscholar,10.1007/978-3-642-31424-7_19;fc3b5ae9ae6580663c7a76d99e2441417b4ab121,CS004,S05,CS004,,included,no,fairness_or_justice;progress,8,priority-title-screen,,,,Keyword score is prioritization only; it is not an eligibility or exclusion decision.
CG0375,doi:10.1145/1190216.1190261,Modular verification of a non-blocking stack,2007,2007-01-17,10.1145/1190216.1190261,,ACM-SIGACT Symposium on Principles of Programming Languages,opencitations;semanticscholar,10.1145/1190216.1190261;90e95ec376698d5048a962dd86e0583f3f83f361,CS016;CS019,A27;S29,CS016;CS019,,included,no,progress;concurrent_stack;formal_verification,8,priority-title-screen,,,,Keyword score is prioritization only; it is not an eligibility or exclusion decision.
CG0839,s2:97bcd54af61479b44fbb94661545ebf87ef283cb,Electronic Communications of the EASST Volume 66 ( 2013 ) Proceedings of the Automated Verification of Critical Systems ( AVoCS 2013 ) Compositional Verification of a Lock-Free Stack with RGITL,2014,,,,,semanticscholar,97bcd54af61479b44fbb94661545ebf87ef283cb,CS018,S28,,CS018,included,no,progress;concurrent_stack;formal_verification,8,priority-title-screen,,,,Keyword score is prioritization only; it is not an eligibility or exclusion decision.
CG0842,s2:a35ac7d78910d40b8df2ebae8c2ac0bd3a131164,Justice and fairness: The ethics of concurrent termination,1981,,,,,semanticscholar,a35ac7d78910d40b8df2ebae8c2ac0bd3a131164,CS001,S01,CS001,,included,no,fairness_or_justice;progress,8,priority-title-screen,,,,Keyword score is prioritization only; it is not an eligibility or exclusion decision.
CG0025,arxiv:2602.19609,Towards Proving Liveness on Weak Memory (Extended Version),2026,2026-02-23,10.48550/arxiv.2602.19609,2602.19609,arXiv.org,semanticscholar,01926b39f8bcc97c98a3b31949316e02ee096189,CS001;CS004,S01;S05,,CS001;CS004,included,no,weak_or_relaxed_memory;progress,7,priority-title-screen,,,,Keyword score is prioritization only; it is not an eligibility or exclusion decision.
CG0631,doi:10.1145/3591230,CQS: A Formally-Verified Framework for Fair and Abortable Synchronization,2023,2023-06-06,10.1145/3591230,2111.12682,Proc. ACM Program. Lang.,opencitations;semanticscholar,10.1145/3591230;c203e337608e70b77058ea1f5f198b6bfa34a9a5,CS017,A28,,CS017,included,no,fairness_or_justice;formal_verification,7,priority-title-screen,,,,Keyword score is prioritization only; it is not an eligibility or exclusion decision.
CG0681,doi:10.1145/3729248,Verifying Lock-Free Traversals in Relaxed Memory Separation Logic,2025,2025-06-10,10.1145/3729248,,Proc. ACM Program. Lang.,opencitations;semanticscholar,10.1145/3729248;d0b4ec1ed425e650bc27197e0cb4ed98dfd93594,CS006;CS007;CS008,S07;S08;S09,,CS006;CS007;CS008,included,no,weak_or_relaxed_memory;progress,7,priority-title-screen,,,,Keyword score is prioritization only; it is not an eligibility or exclusion decision.
CG0836,s2:8eb71d6d82a3d334eb95bd04747d54d95d1fcfd6,A Formally-Verified Framework for Fair Synchronization in Kotlin Coroutines,2021,,,,arXiv.org,semanticscholar,8eb71d6d82a3d334eb95bd04747d54d95d1fcfd6,CS017,A28,,CS017,included,no,fairness_or_justice;formal_verification,7,priority-title-screen,,,,Keyword score is prioritization only; it is not an eligibility or exclusion decision.
CG0049,doi:10.1007/11817963_45,Bounded Model Checking of Concurrent Data Types on Relaxed Memory Models: A Case Study,2006,2006-08-17,10.1007/11817963_45,,International Conference on Computer Aided Verification,opencitations;semanticscholar,10.1007/11817963_45;1b86771eaf16b45e9745be81e56518d83a985b4a,CS022,S33,CS022,,included,no,weak_or_relaxed_memory;formal_verification,6,priority-title-screen,,,,Keyword score is prioritization only; it is not an eligibility or exclusion decision.
CG0083,doi:10.1007/978-3-030-45237-7_24,Dartagnan: Bounded Model Checking for Weak Memory Models (Competition Contribution),2020,2020-03-13,10.1007/978-3-030-45237-7_24,,International Conference on Tools and Algorithms for Construction and Analysis of Systems,opencitations;semanticscholar,10.1007/978-3-030-45237-7_24;f16ec66f5833e0508057b9320f103832419dd18f,CS004,S05,CS004,,included,no,weak_or_relaxed_memory;formal_verification,6,priority-title-screen,,,,Keyword score is prioritization only; it is not an eligibility or exclusion decision.
CG0088,doi:10.1007/978-3-030-81685-8_20,GenMC: A Model Checker for Weak Memory Models,2021,,10.1007/978-3-030-81685-8_20,,International Conference on Computer Aided Verification,opencitations;semanticscholar,10.1007/978-3-030-81685-8_20;81cb80c19bf5760d585c92cf46d928526c9bb27e,CS001;CS004;CS022,S01;S05;S33,CS001;CS004;CS022,,included,no,weak_or_relaxed_memory;formal_verification,6,priority-title-screen,,,,Keyword score is prioritization only; it is not an eligibility or exclusion decision.
CG0157,doi:10.1007/978-3-540-70545-1_12,Effective Program Verification for Relaxed Memory Models,2008,2008-07-07,10.1007/978-3-540-70545-1_12,,International Conference on Computer Aided Verification,opencitations;semanticscholar,10.1007/978-3-540-70545-1_12;b1d9a0cfb5b6f5ed8f16e6b9d7be4171c01d2332,CS022,S33,CS022,,included,no,weak_or_relaxed_memory;formal_verification,6,priority-title-screen,,,,Keyword score is prioritization only; it is not an eligibility or exclusion decision.
CG0359,doi:10.1145/1007912.1007944,A scalable lock-free stack algorithm,2004,2004-06-27,10.1145/1007912.1007944,,ACM Symposium on Parallelism in Algorithms and Architectures,opencitations;semanticscholar,10.1145/1007912.1007944;a8b5e903503be0d4acc024003ac2c908eb4a48b3,CS006;CS007;CS008;CS009;CS010;CS022;CS027;CS028,S07;S08;S09;S10;S14;S33;S38;S40,CS006;CS007;CS008;CS009;CS010;CS022;CS027;CS028,,included,no,progress;concurrent_stack,6,priority-title-screen,,,,Keyword score is prioritization only; it is not an eligibility or exclusion decision.
CG0548,doi:10.1145/3297858.3304043,A Formal Analysis of the NVIDIA PTX Memory Consistency Model,2019,2019-04-04,10.1145/3297858.3304043,,International Conference on Architectural Support for Programming Languages and Operating Systems,opencitations;semanticscholar,10.1145/3297858.3304043;fdeef01187b2a2454ee9ec73fc65a9ab02e3be02,CS004,S05,CS004,,included,no,weak_or_relaxed_memory;formal_verification,6,priority-title-screen,,,,Keyword score is prioritization only; it is not an eligibility or exclusion decision.
CG0589,doi:10.1145/3445814.3446748,VSync: push-button verification and optimization for synchronization primitives on weak memory models,2021,2021-04-19,10.1145/3445814.3446748,,International Conference on Architectural Support for Programming Languages and Operating Systems,opencitations;semanticscholar,10.1145/3445814.3446748;ddf4db6d66a77237d0e6b4f6942d7be4a4b3bc09,CS001;CS004;CS022,S01;S05;S33,CS001;CS004;CS022,,included,no,weak_or_relaxed_memory;formal_verification,6,priority-title-screen,,,,Keyword score is prioritization only; it is not an eligibility or exclusion decision.
CG0595,doi:10.1145/3473571,Formal verification of a concurrent bounded queue in a weak memory model,2021,2021-08-18,10.1145/3473571,,Proc. ACM Program. Lang.,opencitations;semanticscholar,10.1145/3473571;57ac041a03a6c88ba46a359595b7c1c94686103f,CS006;CS007;CS026,S07;S08;S27,CS006;CS007;CS026,,included,no,weak_or_relaxed_memory;formal_verification,6,priority-title-screen,,,,Keyword score is prioritization only; it is not an eligibility or exclusion decision.
CG0670,doi:10.1145/3689802,Automated Robustness Verification of Concurrent Data Structure Libraries against Relaxed Memory Models,2024,2024-10-08,10.1145/3689802,,Proc. ACM Program. Lang.,opencitations;semanticscholar,10.1145/3689802;b11d375f98ea3af542e8d8f24171157d8ce9f02e,CS006,S07,,CS006,included,no,weak_or_relaxed_memory;formal_verification,6,priority-title-screen,,,,Keyword score is prioritization only; it is not an eligibility or exclusion decision.
CG0020,arxiv:2406.18939,Evaluating AI Group Fairness: a Fuzzy Logic Perspective,2024,2024-06-27,10.48550/arxiv.2406.18939,2406.18939,arXiv.org,semanticscholar,10c17afcd6f77c29250b8f0a7ebddd403eb6814e,CS002,S02,,CS002,included,no,fairness_or_justice,5,priority-title-screen,,,,Keyword score is prioritization only; it is not an eligibility or exclusion decision.
CG0027,arxiv:2605.23633,Formally Verified Liveness with Multiparty Session Types in Rocq,2026,2026-05-22,10.48550/arxiv.2605.23633,2605.23633,arXiv.org,semanticscholar,ac5e1733e67d2022ab23b856f21f157fde579557,CS002;CS010,S02;S14,,CS002;CS010,included,no,progress;formal_verification,5,priority-title-screen,,,,Keyword score is prioritization only; it is not an eligibility or exclusion decision.
CG0052,doi:10.1007/3-540-10007-5_47,On the Semantics of Fair Parallelism,1979,1979-01-22,10.1007/3-540-10007-5_47,,Abstract Software Specifications,opencitations;semanticscholar,10.1007/3-540-10007-5_47;60e379bfb70841b9a025dc4350f2b67b2526a2a1,CS001,S01,CS001,,included,no,fairness_or_justice,5,priority-title-screen,,,,Keyword score is prioritization only; it is not an eligibility or exclusion decision.
CG0071,doi:10.1007/978-1-4612-4886-6,Fairness,1986,,10.1007/978-1-4612-4886-6,,Texts and Monographs in Computer Science,opencitations;semanticscholar,10.1007/978-1-4612-4886-6;14e65efd7a957b5bcbc899087169ffd2b0aa9e62,CS001;CS004,S01;S05,CS001;CS004,,included,no,fairness_or_justice,5,priority-title-screen,,,,Keyword score is prioritization only; it is not an eligibility or exclusion decision.
CG0121,doi:10.1007/978-3-319-10181-1_22,A Compositional Proof Method for Linearizability Applied to a Wait-Free Multiset,2014,2014-09-09,10.1007/978-3-319-10181-1_22,,International Conference on Integrated Formal Methods,opencitations;semanticscholar,10.1007/978-3-319-10181-1_22;e0015e2012abf38425e1fe63d6262701c4f6cca8,CS018,S28,,CS018,included,no,progress;formal_verification,5,priority-title-screen,,,,Keyword score is prioritization only; it is not an eligibility or exclusion decision.
CG0152,doi:10.1007/978-3-540-30232-2_7,Formal Verification of a Practical Lock-Free Queue Algorithm,2004,2004-09-27,10.1007/978-3-540-30232-2_7,,Formal Techniques for (Networked and) Distributed Systems,opencitations;semanticscholar,10.1007/978-3-540-30232-2_7;fe45719732b4b2cfc845e0906567f5bf2f2903be,CS009;CS017;CS018;CS021;CS024;CS027;CS028,A28;A29;S10;S28;S31;S38;S40,CS009;CS017;CS018;CS021;CS024;CS027;CS028,,included,no,progress;formal_verification,5,priority-title-screen,,,,Keyword score is prioritization only; it is not an eligibility or exclusion decision.
CG0178,doi:10.1007/978-3-642-13321-3_21,Temporal Logic Verification of Lock-Freedom,2010,2010-06-21,10.1007/978-3-642-13321-3_21,,International Conference on Mathematics of Program Construction,opencitations;semanticscholar,10.1007/978-3-642-13321-3_21;869ae96da6326045f6dcfd0c7dbf4574a19aabcf,CS009;CS016;CS018;CS024;CS025,A27;A29;A30;S10;S28,CS016;CS018,CS009;CS024;CS025,included,no,progress;formal_verification,5,priority-title-screen,,,,Keyword score is prioritization only; it is not an eligibility or exclusion decision.
CG0230,doi:10.1007/978-3-662-46681-0_30,Fairness for Infinite-State Systems,2015,2015-04-11,10.1007/978-3-662-46681-0_30,,International Conference on Tools and Algorithms for Construction and Analysis of Systems,semanticscholar,10a5da421310030f551edf87fdf3b831c485a9e0,CS009,S10,,CS009,included,no,fairness_or_justice,5,priority-title-screen,,,,Keyword score is prioritization only; it is not an eligibility or exclusion decision.
CG0272,doi:10.1007/s10703-023-00439-6,Thread-modular counter abstraction: automated safety and termination proofs of parameterized software by reduction to sequential program verification,2023,2023-10-06,10.1007/s10703-023-00439-6,,Formal methods in system design,opencitations;semanticscholar,10.1007/s10703-023-00439-6;432adb96f5481dd91df93b68b07e1cf7a708dcca,CS029,S42,,CS029,included,no,progress;formal_verification,5,priority-title-screen,,,,Keyword score is prioritization only; it is not an eligibility or exclusion decision.
CG0324,doi:10.1109/acsd.2009.10,Formal Verification of Lock-Free Algorithms,2009,2009-07-01,10.1109/acsd.2009.10,,2009 Ninth International Conference on Application of Concurrency to System Design,opencitations;semanticscholar,10.1109/acsd.2009.10;ad675fb6a522e5761918bde052c03f3ba1360f15,CS009;CS025;CS027,A30;S10;S38,,CS009;CS025;CS027,included,no,progress;formal_verification,5,priority-title-screen,,,,Keyword score is prioritization only; it is not an eligibility or exclusion decision.
CG0343,doi:10.1109/mascots.2019.00019,Practical Progress Verification of Descriptor-Based Non-Blocking Data Structures,2019,2019-10-01,10.1109/mascots.2019.00019,,"IEEE/ACM International Symposium on Modeling, Analysis, and Simulation On Computer and Telecommunication Systems",opencitations;semanticscholar,10.1109/mascots.2019.00019;aae41fe48eebe979598c5ebf2161296087b6e815,CS009;CS013;CS016;CS017,A27;A28;S10;S17,,CS009;CS013;CS016;CS017,included,no,progress;formal_verification,5,priority-title-screen,,,,Keyword score is prioritization only; it is not an eligibility or exclusion decision.
CG0457,doi:10.1145/2603088.2603123,Compositional verification of termination-preserving refinement of concurrent programs,2014,2014-07-14,10.1145/2603088.2603123,,CSL-LICS,opencitations;semanticscholar,10.1145/2603088.2603123;997c2c6b5b168e4647fbc4bcabccddf1faef8cc1,CS009;CS013;CS014;CS016;CS017,A27;A28;S10;S17;S19,CS013;CS014;CS017,CS009;CS016,included,no,progress;formal_verification,5,priority-title-screen,,,,Keyword score is prioritization only; it is not an eligibility or exclusion decision.
CG0533,doi:10.1145/3210258,Modular Termination Verification of Single-Threaded and Multithreaded Programs,2018,2018-09-30,10.1145/3210258,,ACM Transactions on Programming Languages and Systems,opencitations;semanticscholar,10.1145/3210258;2704c413960264632a7f0b4117a9cddc7cfc490f,CS011;CS012;CS013;CS016,A27;S15;S16;S17,CS011;CS012,CS013;CS016,included,no,progress;formal_verification,5,priority-title-screen,,,,Keyword score is prioritization only; it is not an eligibility or exclusion decision.
CG0575,doi:10.1145/3427761.3428345,A separation logic to verify termination of busy-waiting for abrupt program exit,2020,2020-07-23,10.1145/3427761.3428345,2010.07800,FTfJP@ECOOP,opencitations;semanticscholar,10.1145/3427761.3428345;ee6c7f61cf1f99bf3288e6e20ba6154df75c5422,CS010;CS014,S14;S19,CS010,CS014,included,no,progress;formal_verification,5,priority-title-screen,,,,Keyword score is prioritization only; it is not an eligibility or exclusion decision.
CG0667,doi:10.1145/3689732,Verified Lock-Free Session Channels with Linking,2024,2024-10-08,10.1145/3689732,,Proc. ACM Program. Lang.,opencitations;semanticscholar,10.1145/3689732;81da15e805b556a11bf20c3f3ea6492cc59b3668,CS006;CS007,S07;S08,,CS006;CS007,included,no,progress;formal_verification,5,priority-title-screen,,,,Keyword score is prioritization only; it is not an eligibility or exclusion decision.
CG0680,doi:10.1145/3729246,Verifying General-Purpose RCU for Reclamation in Relaxed Memory Separation Logic,2025,2025-06-10,10.1145/3729246,,Proc. ACM Program. Lang.,opencitations;semanticscholar,10.1145/3729246;c4f35adde3c9f7ca7ea4adc948e4bab526280f26,CS006;CS007;CS018,S07;S08;S28,,CS006;CS007;CS018,included,no,weak_or_relaxed_memory;reclamation_or_aba,5,priority-title-screen,,,,Keyword score is prioritization only; it is not an eligibility or exclusion decision.
CG0683,doi:10.1145/3747512,Almost Fair Simulations,2025,2025-08-05,10.1145/3747512,2605.26698,Proc. ACM Program. Lang.,opencitations;semanticscholar,10.1145/3747512;f935a22a6c01e7383a43b2d06d34c62682e8f9ca,CS002,S02,,CS002,included,no,fairness_or_justice,5,priority-title-screen,,,,Keyword score is prioritization only; it is not an eligibility or exclusion decision.
CG0744,doi:10.26686/wgtn.17004076,On the Use of Model Checking for the Bounded and Unbounded Verification of Nonblocking Concurrent Data Structures,2013,,10.26686/wgtn.17004076,,,semanticscholar,39073bfbe27e5411ef5262f9c6d9e3225dacec26,CS024;CS025,A29;A30,,CS024;CS025,included,no,progress;formal_verification,5,priority-title-screen,,,,Keyword score is prioritization only; it is not an eligibility or exclusion decision.
CG0745,doi:10.29007/n3nk,A simple proof system for lock-free concurrency,2010,,10.29007/n3nk,,PSPL@LICS,semanticscholar,73fe887ed6ab92ef71a9284e7b1357b1c2a63e84,CS009,S10,,CS009,included,no,progress;formal_verification,5,priority-title-screen,,,,Keyword score is prioritization only; it is not an eligibility or exclusion decision.
CG0753,doi:10.4135/9781473915077.n19,Fairness,1988,,10.4135/9781473915077.n19,,Bull. EATCS,semanticscholar,5f0b03f6a6c655eecc818d5c3f425b6003fe1dae,CS001,S01,CS001,,included,no,fairness_or_justice,5,priority-title-screen,,,,Keyword score is prioritization only; it is not an eligibility or exclusion decision.
CG0759,doi:10.4230/lipics.concur.2018.23,GPU Schedulers: How Fair Is Fair Enough?,2018,2018-08-13,10.4230/lipics.concur.2018.23,,International Conference on Concurrency Theory,opencitations;semanticscholar,10.4230/lipics.concur.2018.23;da62b4d6a01b6c855a64498c5f5d5ebbad5b02dd,CS004,S05,CS004,,included,no,fairness_or_justice,5,priority-title-screen,,,,Keyword score is prioritization only; it is not an eligibility or exclusion decision.
CG0799,s2:26bcc72aaa4b556da051c15e9d4f2936fcf3c224,Verification of Lock-free Scalable Synchronous Queue ( Technical Report ),2011,,,,,semanticscholar,26bcc72aaa4b556da051c15e9d4f2936fcf3c224,CS009,S10,,CS009,included,no,progress;formal_verification,5,priority-title-screen,,,,Keyword score is prioritization only; it is not an eligibility or exclusion decision.
CG0805,s2:4511a87c0fdb840a40ee9dd241e366e822f69976,Progress-based verification and derivation of concurrent programs,2009,2009-03-01,,,,semanticscholar,4511a87c0fdb840a40ee9dd241e366e822f69976,CS024;CS025,A29;A30,,CS024;CS025,included,no,progress;formal_verification,5,priority-title-screen,,,,Keyword score is prioritization only; it is not an eligibility or exclusion decision.
CG0806,s2:4922ddb355c190c7de1ae15383fa4455b8dae491,A proof system for lock-free concurrency,2013,,,,,semanticscholar,4922ddb355c190c7de1ae15383fa4455b8dae491,CS009,S10,,CS009,included,no,progress;formal_verification,5,priority-title-screen,,,,Keyword score is prioritization only; it is not an eligibility or exclusion decision.
CG0822,s2:6ebbaf8efc7a52890ea144a9a744ee69492c7c1a,A Program Logic for Contextual Refinement of Concurrent Objects under Fair Scheduling,2015,,,,,semanticscholar,6ebbaf8efc7a52890ea144a9a744ee69492c7c1a,CS009;CS016,A27;S10,,CS009;CS016,included,no,fairness_or_justice,5,priority-title-screen,,,,Keyword score is prioritization only; it is not an eligibility or exclusion decision.
CG0826,s2:77bf635b620a5c914de22261a822cc65c1a87052,Correctness and Progress Verification of Non-Blocking Programs,2019,,,,,semanticscholar,77bf635b620a5c914de22261a822cc65c1a87052,CS009;CS013;CS016;CS017,A27;A28;S10;S17,,CS009;CS013;CS016;CS017,included,no,progress;formal_verification,5,priority-title-screen,,,,Keyword score is prioritization only; it is not an eligibility or exclusion decision.
CG0855,s2:d07e6fdd617e0ff8f130bf6749857d725f8b85eb,Formal Verification of Lock-Free Algorithms (Invited Paper),2009,,,,,semanticscholar,d07e6fdd617e0ff8f130bf6749857d725f8b85eb,CS009;CS025,A30;S10,,CS009;CS025,included,no,progress;formal_verification,5,priority-title-screen,,,,Keyword score is prioritization only; it is not an eligibility or exclusion decision.
CG0858,s2:dae6eece9582c503b1646f839ae4c1327325b88b,Completing Almost Fair Simulations,,,,,,semanticscholar,dae6eece9582c503b1646f839ae4c1327325b88b,CS002;CS010,S02;S14,,CS002;CS010,unknown-date,no,fairness_or_justice,5,manual-date-check,,,,Keyword score is prioritization only; it is not an eligibility or exclusion decision.
CG0859,s2:df52db4bcdb3a86f210a1a34500014736e27a563,Modular full functional specification and verification of lock-free data structures,2009,2009-06-01,,,,semanticscholar,df52db4bcdb3a86f210a1a34500014736e27a563,CS009,S10,,CS009,included,no,progress;formal_verification,5,priority-title-screen,,,,Keyword score is prioritization only; it is not an eligibility or exclusion decision.
CG0861,s2:e061d30508d2cfac3a75b520119bdebfb2304c09,Modular Termination Verification for Non-blocking Concurrency (Extended Version),2016,2016-03-16,,,,semanticscholar,e061d30508d2cfac3a75b520119bdebfb2304c09,CS009;CS016,A27;S10,,CS009;CS016,included,no,progress;formal_verification,5,priority-title-screen,,,,Keyword score is prioritization only; it is not an eligibility or exclusion decision.
CG0882,unknown:semanticscholar:cs002:references:0:33,2023. PLDI23 artifact for Fair Operational Semantics,,,,,,semanticscholar,,CS002,S02,CS002,,unknown-date,no,fairness_or_justice,5,manual-date-check,,,,Keyword score is prioritization only; it is not an eligibility or exclusion decision.
CG0004,arxiv:1606.05416,Taming Weak Memory Models,2016,2016-06-17,,1606.05416,arXiv.org,semanticscholar,6e0a256e89b567fb9ae56b5445807ece02578c5f,CS001,S01,CS001,,included,no,weak_or_relaxed_memory,4,title-screen,,,,Keyword score is prioritization only; it is not an eligibility or exclusion decision.
CG0008,arxiv:2004.02983,Integrating Owicki-Gries for C11-Style Memory Models into Isabelle/HOL,2020,2020-04-06,,2004.02983,arXiv.org,semanticscholar,86824c771a33b49d554fba47e5d384ad0a70df64,CS008,S09,CS008,,included,no,weak_or_relaxed_memory,4,title-screen,,,,Keyword score is prioritization only; it is not an eligibility or exclusion decision.
CG0019,arxiv:2405.16611,What Cannot Be Implemented on Weak Memory?,2024,2024-05-26,10.48550/arxiv.2405.16611,2405.16611,International Symposium on Distributed Computing,semanticscholar,d4f0e916d1ef43beb46459016896c127e812c513,CS001,S01,,CS001,included,no,weak_or_relaxed_memory,4,title-screen,,,,Keyword score is prioritization only; it is not an eligibility or exclusion decision.
CG0032,doi:10.1002/cpe.70484,Weak Memory Model Formalisms: Introduction and Survey,2026,2025-08-06,10.1002/cpe.70484,2508.04115,Concurrency and Computation,opencitations;semanticscholar,10.1002/cpe.70484;51e769bec6764d1b6637973728b96a8c194b00f3,CS001;CS003;CS006;CS008,S01;S03;S07;S09,,CS001;CS003;CS006;CS008,included,no,weak_or_relaxed_memory,4,title-screen,,,,Keyword score is prioritization only; it is not an eligibility or exclusion decision.
CG0076,doi:10.1007/978-3-030-25540-4_19,BMC for Weak Memory Models: Relation Analysis for Compact SMT Encodings,2019,2019-07-15,10.1007/978-3-030-25540-4_19,,International Conference on Computer Aided Verification,opencitations;semanticscholar,10.1007/978-3-030-25540-4_19;e3a0886cc77e1560e764e124986ab5ec1e927097,CS022,S33,CS022,,included,no,weak_or_relaxed_memory,4,title-screen,,,,Keyword score is prioritization only; it is not an eligibility or exclusion decision.
CG0082,doi:10.1007/978-3-030-44914-8_22,Modular Relaxed Dependencies in Weak Memory Concurrency,2020,2020-04-18,10.1007/978-3-030-44914-8_22,,European Symposium on Programming,semanticscholar,69230484dc66e892746ed6f66d73601ff8e2959c,CS008,S09,CS008,,included,no,weak_or_relaxed_memory,4,title-screen,,,,Keyword score is prioritization only; it is not an eligibility or exclusion decision.
CG0132,doi:10.1007/978-3-319-66706-5_15,Portability Analysis for Weak Memory Models. PORTHOS: One Tool for all Models,2017,2017-08-30,10.1007/978-3-319-66706-5_15,,Sensors Applications Symposium,opencitations;semanticscholar,10.1007/978-3-319-66706-5_15;482fab13a2d74d99f1e364c64dcda4269d686e43,CS004,S05,CS004,,included,no,weak_or_relaxed_memory,4,title-screen,,,,Keyword score is prioritization only; it is not an eligibility or exclusion decision.
CG0215,doi:10.1007/978-3-642-37036-6_27,Quarantining Weakness - Compositional Reasoning under Relaxed Memory Models (Extended Abstract),2013,2013-03-16,10.1007/978-3-642-37036-6_27,,European Symposium on Programming,opencitations;semanticscholar,036ca64ac4821461ca970779830d92c2984513d6;10.1007/978-3-642-37036-6_27,CS006,S07,CS006,,included,no,weak_or_relaxed_memory,4,title-screen,,,,Keyword score is prioritization only; it is not an eligibility or exclusion decision.
CG0231,doi:10.1007/978-3-662-47666-6_25,Owicki-Gries Reasoning for Weak Memory Models,2015,2015-07-06,10.1007/978-3-662-47666-6_25,,"International Colloquium on Automata, Languages and Programming",semanticscholar,af8139aaee50f27b818b3c00373b664b27599e26,CS008,S09,CS008,,included,no,weak_or_relaxed_memory,4,title-screen,,,,Keyword score is prioritization only; it is not an eligibility or exclusion decision.
CG0234,doi:10.1007/978-3-662-49122-5_20,A Program Logic for C11 Memory Fences,2016,2016-01-17,10.1007/978-3-662-49122-5_20,,"International Conference on Verification, Model Checking and Abstract Interpretation",opencitations;semanticscholar,10.1007/978-3-662-49122-5_20;5b91aa1411d11fdac8914b455b84b9d41f22dd73,CS006;CS007;CS008;CS026,S07;S08;S09;S27,CS006;CS007;CS008;CS026,,included,no,weak_or_relaxed_memory,4,title-screen,,,,Keyword score is prioritization only; it is not an eligibility or exclusion decision.
CG0253,doi:10.1007/s00165-019-00499-8,Linearizability on hardware weak memory models,2019,2019-11-15,10.1007/s00165-019-00499-8,,Formal Aspects of Computing,opencitations;semanticscholar,10.1007/s00165-019-00499-8;48c3d0e0c9907427e45d06ce3b1fb761fe46e39f,CS007,S08,CS007,,included,no,weak_or_relaxed_memory,4,title-screen,,,,Keyword score is prioritization only; it is not an eligibility or exclusion decision.
CG0353,doi:10.1109/tpds.2004.8,Hazard pointers: safe memory reclamation for lock-free objects,2004,2004-06-01,10.1109/tpds.2004.8,,IEEE Transactions on Parallel and Distributed Systems,opencitations;semanticscholar,10.1109/tpds.2004.8;e7a2f4f2b5d6f8d160cc381f2b6b0a36f2e8081c,CS006;CS016;CS018;CS019;CS022;CS024,A27;A29;S07;S28;S29;S33,CS006;CS016;CS018;CS019;CS022;CS024,,included,no,progress;reclamation_or_aba,4,title-screen,,,,Keyword score is prioritization only; it is not an eligibility or exclusion decision.
CG0360,doi:10.1145/1017460.1017464,A unified theory of shared memory consistency,2002,2002-08-19,10.1145/1017460.1017464,cs/0208027,JACM,opencitations;semanticscholar,10.1145/1017460.1017464;ab4f6fdb0fa565d91201ff4870385427d20e55ef,CS006,S07,CS006,,included,no,weak_or_relaxed_memory,4,title-screen,,,,Keyword score is prioritization only; it is not an eligibility or exclusion decision.
CG0376,doi:10.1145/1250734.1250737,CheckFence: checking consistency of concurrent data types on relaxed memory models,2007,2007-06-15,10.1145/1250734.1250737,,ACM-SIGPLAN Symposium on Programming Language Design and Implementation,opencitations;semanticscholar,10.1145/1250734.1250737;21161c8efa04cd2ec2e4f121fc720d7e2ffc4e38,CS022,S33,CS022,,included,no,weak_or_relaxed_memory,4,title-screen,,,,Keyword score is prioritization only; it is not an eligibility or exclusion decision.
CG0429,doi:10.1145/2103656.2103717,Clarifying and compiling C/C++ concurrency: from C++11 to POWER,2012,2012-01-25,10.1145/2103656.2103717,,ACM-SIGACT Symposium on Principles of Programming Languages,opencitations;semanticscholar,10.1145/2103656.2103717;57c7137043f02fc734642c7aca79e3b95788eb99,CS001,S01,CS001,,included,no,weak_or_relaxed_memory,4,title-screen,,,,Keyword score is prioritization only; it is not an eligibility or exclusion decision.
CG0440,doi:10.1145/2442516.2442524,Correct and efficient work-stealing for weak memory models,2013,2013-02-23,10.1145/2442516.2442524,,ACM SIGPLAN Symposium on Principles & Practice of Parallel Programming,opencitations;semanticscholar,10.1145/2442516.2442524;c2c01c69d19bcc9350c174bbf91ae31d18149f97,CS006,S07,CS006,,included,no,weak_or_relaxed_memory,4,title-screen,,,,Keyword score is prioritization only; it is not an eligibility or exclusion decision.
CG0449,doi:10.1145/2509136.2509532,Relaxed separation logic: a program logic for C11 concurrency,2013,2013-10-29,10.1145/2509136.2509532,,"Conference on Object-Oriented Programming Systems, Languages, and Applications",opencitations;semanticscholar,10.1145/2509136.2509532;987adbbb4b5baff729cf3907d7f05a86e8651849,CS006;CS007;CS026,S07;S08;S27,CS006;CS007;CS026,,included,no,weak_or_relaxed_memory,4,title-screen,,,,Keyword score is prioritization only; it is not an eligibility or exclusion decision.
CG0475,doi:10.1145/2737924.2737992,Verifying read-copy-update in a logic for weak memory,2015,2015-06-03,10.1145/2737924.2737992,,ACM-SIGPLAN Symposium on Programming Language Design and Implementation,opencitations;semanticscholar,10.1145/2737924.2737992;f193fd19ceaf8137e874319e51f4d5a1d3dc49b2,CS006;CS008,S07;S09,CS006;CS008,,included,no,weak_or_relaxed_memory,4,title-screen,,,,Keyword score is prioritization only; it is not an eligibility or exclusion decision.
CG0481,doi:10.1145/2775051.2676995,Common Compiler Optimisations are Invalid in the C11 Memory Model and what we can do about it,2015,2015-01-14,10.1145/2775051.2676995,,ACM-SIGACT Symposium on Principles of Programming Languages,opencitations;semanticscholar,10.1145/2775051.2676995;bde0e8ce845d704b11d43d9df4913a7f9cedfb3b,CS001,S01,CS001,,included,no,weak_or_relaxed_memory,4,title-screen,,,,Keyword score is prioritization only; it is not an eligibility or exclusion decision.
CG0487,doi:10.1145/2837614.2837637,Overhauling SC atomics in C11 and OpenCL,2015,2015-03-24,10.1145/2837614.2837637,1503.07073,ACM-SIGACT Symposium on Principles of Programming Languages,opencitations;semanticscholar,10.1145/2837614.2837637;6651ca0bad269e4390cdf26e85c9db75e91383b4,CS004,S05,CS004,,included,no,weak_or_relaxed_memory,4,title-screen,,,,Keyword score is prioritization only; it is not an eligibility or exclusion decision.
CG0508,doi:10.1145/3018743.3018749,Checking Concurrent Data Structures Under the C/C++11 Memory Model,2017,2017-01-26,10.1145/3018743.3018749,,ACM SIGPLAN Symposium on Principles & Practice of Parallel Programming,opencitations;semanticscholar,10.1145/3018743.3018749;3456741c745b0de504a49d85e59a3f180b8370db,CS022,S33,CS022,,included,no,weak_or_relaxed_memory,4,title-screen,,,,Keyword score is prioritization only; it is not an eligibility or exclusion decision.
CG0510,doi:10.1145/3062341.3062352,Repairing sequential consistency in C/C++11,2017,2017-06-14,10.1145/3062341.3062352,,ACM-SIGPLAN Symposium on Programming Language Design and Implementation,opencitations;semanticscholar,10.1145/3062341.3062352;5f336a86f0b4c91c729d3adf471fe27eaf67f5e8,CS001;CS002;CS003;CS006;CS007;CS008;CS022,S01;S02;S03;S07;S08;S09;S33,CS001;CS002;CS003;CS006;CS007;CS008;CS022,,included,no,weak_or_relaxed_memory,4,title-screen,,,,Keyword score is prioritization only; it is not an eligibility or exclusion decision.
CG0539,doi:10.1145/3290371,Decoupling lock-free data structures from memory reclamation for static analysis,2019,2019-01-02,10.1145/3290371,1810.10807,Proc. ACM Program. Lang.,opencitations;semanticscholar,08b891505944ac88d32824c27559097b240a59b8;10.1145/3290371,CS018;CS019,S28;S29,CS019,CS018,included,no,progress;reclamation_or_aba,4,title-screen,,,,Keyword score is prioritization only; it is not an eligibility or exclusion decision.
CG0542,doi:10.1145/3290381,On library correctness under weak memory consistency: specifying and verifying concurrent libraries under declarative consistency models,2019,2019-01-02,10.1145/3290381,,Proc. ACM Program. Lang.,opencitations;semanticscholar,10.1145/3290381;87302a001b7651772e3cdd14bfdd77b1ae049a70,CS006;CS007;CS008;CS022,S07;S08;S09;S33,CS006;CS007;CS008;CS022,,included,no,weak_or_relaxed_memory,4,title-screen,,,,Keyword score is prioritization only; it is not an eligibility or exclusion decision.
CG0543,doi:10.1145/3290382,Bridging the gap between programming languages and hardware weak memory models,2018,2018-07-20,10.1145/3290382,1807.07892,Proc. ACM Program. Lang.,opencitations;semanticscholar,10.1145/3290382;a5b2764b49ea567332936b45afacb52e4145dc5d,CS001;CS004,S01;S05,CS001;CS004,,included,no,weak_or_relaxed_memory,4,title-screen,,,,Keyword score is prioritization only; it is not an eligibility or exclusion decision.
CG0546,doi:10.1145/3293883.3295702,Verifying C11 programs operationally,2018,2018-11-22,10.1145/3293883.3295702,1811.09143,ACM SIGPLAN Symposium on Principles & Practice of Parallel Programming,opencitations;semanticscholar,10.1145/3293883.3295702;b0af7dd38c0053992b6acfdc67507f44511c7018,CS003;CS008,S03;S09,CS003;CS008,,included,no,weak_or_relaxed_memory,4,title-screen,,,,Keyword score is prioritization only; it is not an eligibility or exclusion decision.
CG0563,doi:10.1145/3371102,RustBelt meets relaxed memory,2019,2019-12-20,10.1145/3371102,,Proc. ACM Program. Lang.,opencitations;semanticscholar,10.1145/3371102;c88de80b3c06b222abe2326774db1ac056806e75,CS006;CS007;CS026,S07;S08;S27,CS006;CS007;CS026,,included,no,weak_or_relaxed_memory,4,title-screen,,,,Keyword score is prioritization only; it is not an eligibility or exclusion decision.
CG0566,doi:10.1145/3371136,Pointer life cycle types for lock-free data structures with memory reclamation,2019,2019-10-25,10.1145/3371136,1910.11714,Proc. ACM Program. Lang.,semanticscholar,5c8dc74913606fccdd143519764d8c17ce3dd4ea,CS018,S28,,CS018,included,no,progress;reclamation_or_aba,4,title-screen,,,,Keyword score is prioritization only; it is not an eligibility or exclusion decision.
CG0570,doi:10.1145/3385412.3385973,Repairing and mechanising the JavaScript relaxed memory model,2020,2020-05-21,10.1145/3385412.3385973,2005.10554,ACM-SIGPLAN Symposium on Programming Language Design and Implementation,opencitations;semanticscholar,10.1145/3385412.3385973;b1dc77b677b9b3e340d8daa88e33e15567c609ba,CS001;CS006,S01;S07,CS001;CS006,,included,no,weak_or_relaxed_memory,4,title-screen,,,,Keyword score is prioritization only; it is not an eligibility or exclusion decision.
CG0571,doi:10.1145/3385412.3386010,Promising 2.0: global optimizations in relaxed memory concurrency,2020,2020-06-06,10.1145/3385412.3386010,,ACM-SIGPLAN Symposium on Programming Language Design and Implementation,opencitations;semanticscholar,10.1145/3385412.3386010;e5f11b53d7cde73883a463ab98b90095103ec792,CS002;CS006;CS008,S02;S07;S09,CS002;CS006;CS008,,included,no,weak_or_relaxed_memory,4,title-screen,,,,Keyword score is prioritization only; it is not an eligibility or exclusion decision.
CG0579,doi:10.1145/3428262,Pomsets with preconditions: a simple model of relaxed memory,2020,2020-11-13,10.1145/3428262,,Proc. ACM Program. Lang.,opencitations;semanticscholar,10.1145/3428262;94a1f98f22dfa89ec20e4aa5b9c79a784a6bcf9e,CS001;CS008,S01;S09,CS001;CS008,,included,no,weak_or_relaxed_memory,4,title-screen,,,,Keyword score is prioritization only; it is not an eligibility or exclusion decision.
CG0581,doi:10.1145/3428294,Foundations of empirical memory consistency testing,2020,2020-11-13,10.1145/3428294,,Proc. ACM Program. Lang.,opencitations;semanticscholar,10.1145/3428294;aee1861088e6be3837545ecc8d3c98456bf87385,CS004,S05,CS004,,included,no,weak_or_relaxed_memory,4,title-screen,,,,Keyword score is prioritization only; it is not an eligibility or exclusion decision.
CG0582,doi:10.1145/3434285,Verifying observational robustness against a c11-style memory model,2021,2021-01-04,10.1145/3434285,,Proc. ACM Program. Lang.,opencitations;semanticscholar,10.1145/3434285;3790e22a2f2779326e18403777884ddb923afabc,CS001;CS008,S01;S09,CS001;CS008,,included,no,weak_or_relaxed_memory,4,title-screen,,,,Keyword score is prioritization only; it is not an eligibility or exclusion decision.
CG0612,doi:10.1145/3519939.3523718,Sequential reasoning for optimizing compilers under weak memory concurrency,2022,2022-06-09,10.1145/3519939.3523718,,ACM-SIGPLAN Symposium on Programming Language Design and Implementation,opencitations;semanticscholar,10.1145/3519939.3523718;737319e68b96a2d94e082c5e71e38c12b745cfcf,CS001;CS002,S01;S02,CS002,CS001,included,no,weak_or_relaxed_memory,4,title-screen,,,,Keyword score is prioritization only; it is not an eligibility or exclusion decision.
CG0620,doi:10.1145/3563352,Implementing and verifying release-acquire transactional memory in C11,2022,2022-10-31,10.1145/3563352,,Proc. ACM Program. Lang.,opencitations;semanticscholar,10.1145/3563352;e6888c07183e665dd7b496f958d6397398ef9706,CS001;CS006;CS008,S01;S07;S09,,CS001;CS006;CS008,included,no,weak_or_relaxed_memory,4,title-screen,,,,Keyword score is prioritization only; it is not an eligibility or exclusion decision.
CG0625,doi:10.1145/3571246,An Operational Approach to Library Abstraction under Relaxed Memory Concurrency,2023,2023-01-09,10.1145/3571246,,Proc. ACM Program. Lang.,opencitations;semanticscholar,10.1145/3571246;488eb7fd3dc83634669b98702b3b88e7aa462eca,CS006;CS007;CS008;CS022,S07;S08;S09;S33,CS007;CS022,CS006;CS008,included,no,weak_or_relaxed_memory,4,title-screen,,,,Keyword score is prioritization only; it is not an eligibility or exclusion decision.
CG0627,doi:10.1145/3575693.3575750,MC Mutants: Evaluating and Improving Testing for Memory Consistency Specifications,2023,2023-01-27,10.1145/3575693.3575750,,International Conference on Architectural Support for Programming Languages and Operating Systems,opencitations;semanticscholar,10.1145/3575693.3575750;2fd9d24a2498832bdc33a9436c74efcdaec149e7,CS004,S05,CS004,,included,no,weak_or_relaxed_memory,4,title-screen,,,,Keyword score is prioritization only; it is not an eligibility or exclusion decision.
CG0636,doi:10.1145/3591297,Putting Weak Memory in Order via a Promising Intermediate Representation,2023,2023-06-06,10.1145/3591297,,Proc. ACM Program. Lang.,opencitations;semanticscholar,10.1145/3591297;7f87c4faf744a4fc255d34cc434abfdb824e163b,CS006,S07,,CS006,included,no,weak_or_relaxed_memory,4,title-screen,,,,Keyword score is prioritization only; it is not an eligibility or exclusion decision.
CG0638,doi:10.1145/3597926.3598095,GPUHarbor: Testing GPU Memory Consistency at Large (Experience Paper),2023,2023-07-12,10.1145/3597926.3598095,,International Symposium on Software Testing and Analysis,opencitations;semanticscholar,10.1145/3597926.3598095;cf21dd3b47d6a5a81490a706db5d1bf3ceca8e8f,CS004,S05,CS004,,included,no,weak_or_relaxed_memory,4,title-screen,,,,Keyword score is prioritization only; it is not an eligibility or exclusion decision.
CG0660,doi:10.1145/3641399.3641443,Parameterized Static Analysis for Weak Memory Models,2024,2024-02-22,10.1145/3641399.3641443,,International Symposium on Electronic Commerce,opencitations;semanticscholar,03430320239d58d1715c61177dad8d367858669b;10.1145/3641399.3641443,CS006,S07,,CS006,included,no,weak_or_relaxed_memory,4,title-screen,,,,Keyword score is prioritization only; it is not an eligibility or exclusion decision.
CG0674,doi:10.1145/3704908,Relaxed Memory Concurrency Re-executed,2025,2025-01-07,10.1145/3704908,,Proc. ACM Program. Lang.,opencitations;semanticscholar,10.1145/3704908;8f276e62845a150f8001ed955007208be9f2c3c3,CS001,S01,,CS001,included,no,weak_or_relaxed_memory,4,title-screen,,,,Keyword score is prioritization only; it is not an eligibility or exclusion decision.
CG0755,doi:10.4230/darts.3.2.15,Strong Logic for Weak Memory: Reasoning About Release-Acquire Consistency in Iris (Artifact),2017,,10.4230/darts.3.2.15,,Dagstuhl Artifacts Ser.,semanticscholar,e40c313a79290db2ec842a52b9d1684db1b6cd67,CS001;CS006;CS008;CS026,S01;S07;S09;S27,CS001;CS006;CS008;CS026,,included,no,weak_or_relaxed_memory,4,title-screen,,,,Keyword score is prioritization only; it is not an eligibility or exclusion decision.
CG0756,doi:10.4230/darts.6.2.15,Owicki-Gries Reasoning for C11 RAR (Artifact),2020,,10.4230/darts.6.2.15,,Dagstuhl Artifacts Ser.,semanticscholar,5e7b03f596d1a9fb990c939c49d93008721d1b49,CS008,S09,CS008,,included,no,weak_or_relaxed_memory,4,title-screen,,,,Keyword score is prioritization only; it is not an eligibility or exclusion decision.
CG0769,doi:10.4230/lipics.ecoop.2020.11,Owicki-Gries Reasoning for C11 RAR,2020,,10.4230/lipics.ecoop.2020.11,,European Conference on Object-Oriented Programming,opencitations;semanticscholar,10.4230/lipics.ecoop.2020.11;cc742005045aec62115020013c9928d671bbe87e,CS006;CS008,S07;S09,CS006;CS008,,included,no,weak_or_relaxed_memory,4,title-screen,,,,Keyword score is prioritization only; it is not an eligibility or exclusion decision.
CG0901,unknown:semanticscholar:cs006:references:0:71,Correct and efficient work-stealing for weak memory 807 Compass: Strong and Compositional Library Specifications in Relaxed Memory Separation Logic PLDI ’22,2013,,,,"June 13ś17,",semanticscholar,,CS006,S07,CS006,,included,no,weak_or_relaxed_memory,4,title-screen,,,,Keyword score is prioritization only; it is not an eligibility or exclusion decision.
CG0903,unknown:semanticscholar:cs006:references:0:74,Compass: Strong and Compositional Library Specifications in Relaxed Memory models,,,,,"ACM SIGPLAN Symposium on Principles and Practice of Parallel Programming, PPoPP ’13, Shenzhen, China, February 23-27, 2013",semanticscholar,,CS006,S07,CS006,,unknown-date,no,weak_or_relaxed_memory,4,manual-date-check,,,,Keyword score is prioritization only; it is not an eligibility or exclusion decision.
CG0912,unknown:semanticscholar:cs008:references:0:40,"GPS: navigating weak memory with ghosts, protocols, and separation",2014,,,,"A. P. Black and T. D. Millstein, editors, OOPSLA, pages 691–707. ACM,",semanticscholar,,CS008,S09,CS008,,included,no,weak_or_relaxed_memory,4,title-screen,,,,Keyword score is prioritization only; it is not an eligibility or exclusion decision.
CG0914,unknown:semanticscholar:cs008:references:0:43,"Isabelle files for ""Operationally Verifying C11-style Weak Memory Libraries",,,,,,semanticscholar,,CS008,S09,CS008,,unknown-date,no,weak_or_relaxed_memory,4,manual-date-check,,,,Keyword score is prioritization only; it is not an eligibility or exclusion decision.
CG0931,unknown:semanticscholar:cs022:references:0:50,RELINCHE: Automatically Checking Linearizability under Relaxed Memory Consistency (Replication Package),2024,,,,,semanticscholar,,CS022,S33,CS022,,included,no,weak_or_relaxed_memory,4,title-screen,,,,Keyword score is prioritization only; it is not an eligibility or exclusion decision.
CG0009,arxiv:2010.11762,Ghost Signals: Verifying Termination of Busy-Waiting (Extended Version),2020,2020-10-22,,2010.11762,,semanticscholar,d1b8cf16a5287ad6d110797bf9cb986876d21fdd,CS013;CS014,S17;S19,,CS013;CS014,included,no,progress,3,title-screen,,,,Keyword score is prioritization only; it is not an eligibility or exclusion decision.
CG0062,doi:10.1007/3-540-45414-4_21,A Pragmatic Implementation of Non-blocking Linked-Lists,2001,2001-10-03,10.1007/3-540-45414-4_21,,International Symposium on Distributed Computing,opencitations;semanticscholar,10.1007/3-540-45414-4_21;3701276417cd3d53f16886bb889e3f4a626460d5,CS016;CS019;CS022,A27;S29;S33,CS016;CS019;CS022,,included,no,progress,3,title-screen,,,,Keyword score is prioritization only; it is not an eligibility or exclusion decision.
CG0065,doi:10.1007/3-540-48153-2_30,Circular Compositional Reasoning about Liveness,1999,1999-09-27,10.1007/3-540-48153-2_30,,Conference on Correct Hardware Design and Verification Methods,opencitations;semanticscholar,10.1007/3-540-48153-2_30;a48d53812ce6314810518e1d115c721dcbf136c8,CS028,S40,CS028,,included,no,progress,3,title-screen,,,,Keyword score is prioritization only; it is not an eligibility or exclusion decision.
CG0089,doi:10.1007/978-3-030-81688-9_2,Ghost Signals: Verifying Termination of Busy Waiting - Verifying Termination of Busy Waiting,2021,2021,10.1007/978-3-030-81688-9_2,,International Conference on Computer Aided Verification,opencitations;semanticscholar,10.1007/978-3-030-81688-9_2;742043b919ff277615dd8e7d26a8ce5179236d60,CS012;CS013;CS014,S16;S17;S19,CS012,CS013;CS014,included,no,progress,3,title-screen,,,,Keyword score is prioritization only; it is not an eligibility or exclusion decision.
CG0098,doi:10.1007/978-3-031-37706-8_6,Commutativity for Concurrent Program Termination Proofs,2023,2023,10.1007/978-3-031-37706-8_6,,International Conference on Computer Aided Verification,opencitations;semanticscholar,10.1007/978-3-031-37706-8_6;bb58996ccfec3ba1c48d71698546a557dd3dcda4,CS028,S40,,CS028,included,no,progress,3,title-screen,,,,Keyword score is prioritization only; it is not an eligibility or exclusion decision.
CG0104,doi:10.1007/978-3-031-57256-2_27,PROTON: PRObes for Termination Or Not (Competition Contribution),2024,,10.1007/978-3-031-57256-2_27,,International Conference on Tools and Algorithms for Construction and Analysis of Systems,opencitations;semanticscholar,10.1007/978-3-031-57256-2_27;a5107629200df9e94b8f08c3aaf7dc5dee8c65a5,CS004,S05,CS004,,included,no,progress,3,title-screen,,,,Keyword score is prioritization only; it is not an eligibility or exclusion decision.
CG0128,doi:10.1007/978-3-319-47846-3_17,Contextual Trace Refinement for Concurrent Objects: Safety and Progress,2016,2016-03-04,10.1007/978-3-319-47846-3_17,1603.01412,IEEE International Conference on Formal Engineering Methods,semanticscholar,c9274a6a064e31b9fa0d0999baf35f97a9d22304,CS008,S09,CS008,,included,no,progress,3,title-screen,,,,Keyword score is prioritization only; it is not an eligibility or exclusion decision.
CG0135,doi:10.1007/978-3-319-71237-6_14,Safety and Liveness of MCS Lock - Layer by Layer,2017,2017-11-27,10.1007/978-3-319-71237-6_14,,Asian Symposium on Programming Languages and Systems,opencitations;semanticscholar,10.1007/978-3-319-71237-6_14;e90e8ecfb727abf7fe1347d16410a8b21eae74f3,CS011;CS013;CS014,S15;S17;S19,CS011,CS013;CS014,included,no,progress,3,title-screen,,,,Keyword score is prioritization only; it is not an eligibility or exclusion decision.
CG0160,doi:10.1007/978-3-540-73368-3_1,Automatically Proving Program Termination,2007,,10.1007/978-3-540-73368-3_1,,International Conference on Computer Aided Verification,semanticscholar,97a5b66b0bb3c6607006d1579335eb58d54ea63a,CS009,S10,,CS009,included,no,progress,3,title-screen,,,,Keyword score is prioritization only; it is not an eligibility or exclusion decision.
CG0182,doi:10.1007/978-3-642-15769-1_19,Alternation for Termination,2010,2010-09-14,10.1007/978-3-642-15769-1_19,,Sensors Applications Symposium,semanticscholar,d8638d0636c2530afd71e7868357f21cf20c5ac2,CS009,S10,,CS009,included,no,progress,3,title-screen,,,,Keyword score is prioritization only; it is not an eligibility or exclusion decision.
CG0183,doi:10.1007/978-3-642-15769-1_4,Size-Change Termination and Transition Invariants,2010,2010-09-14,10.1007/978-3-642-15769-1_4,,Sensors Applications Symposium,semanticscholar,eedcfccd2414d7d97c94f0a94abad6cd0b96ca9b,CS009,S10,,CS009,included,no,progress,3,title-screen,,,,Keyword score is prioritization only; it is not an eligibility or exclusion decision.
CG0184,doi:10.1007/978-3-642-15769-1_8,"Multi-dimensional Rankings, Program Termination, and Complexity Bounds of Flowchart Programs",2010,2010-09-14,10.1007/978-3-642-15769-1_8,,Sensors Applications Symposium,opencitations;semanticscholar,0d1c7ca9afa328fef4d6fd42c3d19f79022232dd;10.1007/978-3-642-15769-1_8,CS028,S40,CS028,,included,no,progress,3,title-screen,,,,Keyword score is prioritization only; it is not an eligibility or exclusion decision.
CG0191,doi:10.1007/978-3-642-22012-8_36,Liveness-Preserving Atomicity Abstraction,2011,2011-07-04,10.1007/978-3-642-22012-8_36,,"International Colloquium on Automata, Languages and Programming",opencitations;semanticscholar,10.1007/978-3-642-22012-8_36;510c058a089b8fec75cdc9d3a45fa4137f88f760,CS002;CS008;CS009;CS014;CS029,S02;S09;S10;S19;S42,CS002;CS008;CS014,CS009;CS029,included,no,progress,3,title-screen,,,,Keyword score is prioritization only; it is not an eligibility or exclusion decision.
CG0195,doi:10.1007/978-3-642-23397-5_15,Progress Guarantees When Composing Lock-Free Objects,2011,2011-08-29,10.1007/978-3-642-23397-5_15,,European Conference on Parallel Processing,opencitations;semanticscholar,10.1007/978-3-642-23397-5_15;1f2e22a8e469651851a27dffa422058bc73a89a7,CS029,S42,,CS029,included,no,progress,3,title-screen,,,,Keyword score is prioritization only; it is not an eligibility or exclusion decision.
CG0198,doi:10.1007/978-3-642-25873-2_22,On the Nature of Progress,2011,2011-12-01,10.1007/978-3-642-25873-2_22,,International Conference on Principles of Distributed Systems,opencitations;semanticscholar,10.1007/978-3-642-25873-2_22;2971f8be9d651defda905fae34fdab51d6cbd5d6,CS002;CS014,S02;S19,CS002;CS014,,included,no,progress,3,title-screen,,,,Keyword score is prioritization only; it is not an eligibility or exclusion decision.
CG0200,doi:10.1007/978-3-642-28756-5_17,Compositional Termination Proofs for Multi-threaded Programs,2012,2012-03-24,10.1007/978-3-642-28756-5_17,,International Conference on Tools and Algorithms for Construction and Analysis of Systems,semanticscholar,379d1c1ec7dd29930e6b04b3c9a59937a77fb860,CS009,S10,,CS009,included,no,progress,3,title-screen,,,,Keyword score is prioritization only; it is not an eligibility or exclusion decision.
CG0209,doi:10.1007/978-3-642-32940-1_21,Intensional and Extensional Characterisation of Global Progress in the π-Calculus,2012,2012-09-04,10.1007/978-3-642-32940-1_21,,International Conference on Concurrency Theory,semanticscholar,206648d6de6808e3deaa04782c9ec64670e5280a,CS009;CS029,S10;S42,,CS009;CS029,included,no,progress,3,title-screen,,,,Keyword score is prioritization only; it is not an eligibility or exclusion decision.
CG0219,doi:10.1007/978-3-642-40184-8_17,Characterizing Progress Properties of Concurrent Objects via Contextual Refinements,2013,2013-08-27,10.1007/978-3-642-40184-8_17,,International Conference on Concurrency Theory,opencitations;semanticscholar,10.1007/978-3-642-40184-8_17;ef93463898beb55379fbb3be37d98ca8c80d600c,CS002;CS014;CS029,S02;S19;S42,CS002;CS014,CS029,included,no,progress,3,title-screen,,,,Keyword score is prioritization only; it is not an eligibility or exclusion decision.
CG0240,doi:10.1007/978-3-662-54434-1_34,A Higher-Order Logic for Concurrent Termination-Preserving Refinement,2017,2017-01-20,10.1007/978-3-662-54434-1_34,1701.05888,European Symposium on Programming,opencitations;semanticscholar,10.1007/978-3-662-54434-1_34;afe8ae3915bc12c5a76f35cd866242d438369c9f,CS002;CS010;CS011;CS012;CS013;CS014;CS016,A27;S02;S14;S15;S16;S17;S19,CS002;CS010;CS011;CS012,CS013;CS014;CS016,included,no,progress,3,title-screen,,,,Keyword score is prioritization only; it is not an eligibility or exclusion decision.
CG0276,doi:10.1007/s10817-016-9389-x,Automatically Proving Termination and Memory Safety for Programs with Pointer Arithmetic,2014,2014-07-19,10.1007/s10817-016-9389-x,,Journal of automated reasoning,opencitations;semanticscholar,10.1007/s10817-016-9389-x;99035056952fdeaae49390aad9d120866efb34ec,CS028,S40,CS028,,included,no,progress,3,title-screen,,,,Keyword score is prioritization only; it is not an eligibility or exclusion decision.
CG0277,doi:10.1007/s10817-016-9400-6,Rely-Guarantee Termination and Cost Analyses of Loops with Concurrent Interleavings,2016,2016-12-17,10.1007/s10817-016-9400-6,,Journal of automated reasoning,opencitations;semanticscholar,10.1007/s10817-016-9400-6;1ef840ba28b5fbfff655e90c29fd65c604b3d035,CS009;CS028,S10;S40,CS028,CS009,included,no,progress,3,title-screen,,,,Keyword score is prioritization only; it is not an eligibility or exclusion decision.
CG0285,doi:10.1016/0020-0190(85)90056-0,Defining Liveness,1984,1984-10-01,10.1016/0020-0190(85)90056-0,,Information Processing Letters,opencitations;semanticscholar,10.1016/0020-0190(85)90056-0;8865f54fcb89d8646ec390208d9ef310aec25b25,CS009;CS012,S10;S16,CS009;CS012,,included,no,progress,3,title-screen,,,,Keyword score is prioritization only; it is not an eligibility or exclusion decision.
CG0378,doi:10.1145/1250734.1250771,Proving thread termination,2007,2007-06-15,10.1145/1250734.1250771,,ACM-SIGPLAN Symposium on Programming Language Design and Implementation,semanticscholar,b066c20c5d2d32231464b96c0dc1dd33bd89eb5c,CS028,S40,CS028,,included,no,progress,3,title-screen,,,,Keyword score is prioritization only; it is not an eligibility or exclusion decision.
CG0381,doi:10.1145/1328438.1328459,Proving non-termination,2008,2008-01-07,10.1145/1328438.1328459,,ACM-SIGACT Symposium on Principles of Programming Languages,semanticscholar,f648b6e14c59a69c7d7cba0c1e3047158953dd33,CS004,S05,CS004,,included,no,progress,3,title-screen,,,,Keyword score is prioritization only; it is not an eligibility or exclusion decision.
CG0421,doi:10.1145/1941487.1941509,Proving program termination,2011,2011-05-01,10.1145/1941487.1941509,,Communications of the ACM,opencitations;semanticscholar,10.1145/1941487.1941509;f8d81fc2c76d87475acc1943a2d98740eec26e5f,CS009,S10,,CS009,included,no,progress,3,title-screen,,,,Keyword score is prioritization only; it is not an eligibility or exclusion decision.
CG0434,doi:10.1145/2312005.2312016,A lock-free B+tree,2012,2012-06-25,10.1145/2312005.2312016,,ACM Symposium on Parallelism in Algorithms and Architectures,opencitations;semanticscholar,10.1145/2312005.2312016;c3af058cdbe022723eff90f0f0add071fd5c0870,CS029,S42,,CS029,included,no,progress,3,title-screen,,,,Keyword score is prioritization only; it is not an eligibility or exclusion decision.
CG0443,doi:10.1145/248052.248106,"Simple, fast, and practical non-blocking and blocking concurrent queue algorithms",1996,1996-05-01,10.1145/248052.248106,,ACM SIGACT-SIGOPS Symposium on Principles of Distributed Computing,opencitations;semanticscholar,10.1145/248052.248106;37a1e8411669e29cf8fbf48ec920c97c0066ac7e,CS006;CS007;CS009;CS014;CS016;CS017;CS021;CS028,A27;A28;S07;S08;S10;S19;S31;S40,CS006;CS007;CS009;CS014;CS016;CS017;CS021;CS028,,included,no,progress,3,title-screen,,,,Keyword score is prioritization only; it is not an eligibility or exclusion decision.
CG0444,doi:10.1145/2483852.2483868,Proving the correctness of nonblocking data structures,2013,2013-05-01,10.1145/2483852.2483868,,CACM,opencitations;semanticscholar,10.1145/2483852.2483868;dd6c3edce39fd3f74a78e870b01de658255ad9fa,CS009,S10,,CS009,included,no,progress,3,title-screen,,,,Keyword score is prioritization only; it is not an eligibility or exclusion decision.
CG0494,doi:10.1145/2928275.2928285,"Versioned Programming: A Simple Technique for Implementing Efficient, Lock-Free, and Composable Data Structures",2016,2016-06-06,10.1145/2928275.2928285,,Annual Haifa Experimental Systems Conference,opencitations;semanticscholar,10.1145/2928275.2928285;8ce872eb6d5d20b13595b165dde1711033f94f45,CS029,S42,,CS029,included,no,progress,3,title-screen,,,,Keyword score is prioritization only; it is not an eligibility or exclusion decision.
CG0507,doi:10.1145/3018610.3018623,Automatic cyclic termination proofs for recursive procedures in separation logic,2017,2017-01-16,10.1145/3018610.3018623,,Certified Programs and Proofs,opencitations;semanticscholar,10.1145/3018610.3018623;31baad73e207769795b8c3e22682dec8f453fe81,CS013,S17,,CS013,included,no,progress,3,title-screen,,,,Keyword score is prioritization only; it is not an eligibility or exclusion decision.
CG0515,doi:10.1145/3141879,Project snowflake: non-blocking safe manual memory management in .NET,2017,2017-10-12,10.1145/3141879,,Proc. ACM Program. Lang.,opencitations;semanticscholar,10.1145/3141879;28d6479752d5c985d15de223ced34a01d6cb8371,CS019,S29,CS019,,included,no,progress,3,title-screen,,,,Keyword score is prioritization only; it is not an eligibility or exclusion decision.
CG0518,doi:10.1145/3158108,Progress of concurrent objects with partial methods,2018,2017-12-27,10.1145/3158108,,Proc. ACM Program. Lang.,opencitations;semanticscholar,10.1145/3158108;8db69a9e7d84dc6a47d7802e757247cb039d71cd,CS002;CS009;CS010;CS013;CS014;CS016,A27;S02;S10;S14;S17;S19,CS002;CS010,CS009;CS013;CS014;CS016,included,no,progress,3,title-screen,,,,Keyword score is prioritization only; it is not an eligibility or exclusion decision.
CG0519,doi:10.1145/3158114,Reducing liveness to safety in first-order logic,2017,2017-12-27,10.1145/3158114,,Proc. ACM Program. Lang.,semanticscholar,aa95c8c49016bf9d64dd770a73c6bb1780c59670,CS009,S10,,CS009,included,no,progress,3,title-screen,,,,Keyword score is prioritization only; it is not an eligibility or exclusion decision.
CG0525,doi:10.1145/3178487.3178490,A persistent lock-free queue for non-volatile memory,2018,2018-02-10,10.1145/3178487.3178490,,ACM SIGPLAN Symposium on Principles & Practice of Parallel Programming,opencitations;semanticscholar,10.1145/3178487.3178490;f59c4d9b21c2dedf67a9fc83a4af92f38f7991dc,CS026,S27,CS026,,included,no,progress,3,title-screen,,,,Keyword score is prioritization only; it is not an eligibility or exclusion decision.
CG0527,doi:10.1145/3192366.3192405,Advanced automata-based algorithms for program termination checking,2018,2018-06-11,10.1145/3192366.3192405,,ACM-SIGPLAN Symposium on Programming Language Design and Implementation,opencitations;semanticscholar,10.1145/3192366.3192405;8fcc476131fded5bc14ff8ef82f5268f5f87b5bb,CS004,S05,CS004,,included,no,progress,3,title-screen,,,,Keyword score is prioritization only; it is not an eligibility or exclusion decision.
CG0578,doi:10.1145/3428224,The anchor verifier for blocking and non-blocking concurrent software,2020,2020-11-13,10.1145/3428224,,Proc. ACM Program. Lang.,opencitations;semanticscholar,10.1145/3428224;356271a558df59a96088f5c1eaaff95c85c462b2,CS010,S14,CS010,,included,no,progress,3,title-screen,,,,Keyword score is prioritization only; it is not an eligibility or exclusion decision.
CG0583,doi:10.1145/3434294,Transfinite step-indexing for termination,2021,2021-01-04,10.1145/3434294,,Proc. ACM Program. Lang.,opencitations;semanticscholar,10.1145/3434294;e79fc0b59436364553ebb695035c206acea97620,CS013,S17,,CS013,included,no,progress,3,title-screen,,,,Keyword score is prioritization only; it is not an eligibility or exclusion decision.
CG0598,doi:10.1145/3477082,TaDA Live: Compositional Reasoning for Termination of Fine-grained Concurrent Programs,2021,2021-12-31,10.1145/3477082,1901.05750,ACM Transactions on Programming Languages and Systems,opencitations;semanticscholar,10.1145/3477082;d15652f8e0f873ca8645825f9718476d7b7f2fe8,CS002;CS010;CS011;CS012;CS013;CS014;CS016,A27;S02;S14;S15;S16;S17;S19,CS002;CS010;CS011;CS012,CS013;CS014;CS016,included,no,progress,3,title-screen,,,,Keyword score is prioritization only; it is not an eligibility or exclusion decision.
CG0600,doi:10.1145/3485508,Specifying and testing GPU workgroup progress models,2021,2021-10-20,10.1145/3485508,2109.06132,Proc. ACM Program. Lang.,opencitations;semanticscholar,10.1145/3485508;141d953ca804655cd6634b417e073342ba039461,CS001;CS004,S01;S05,CS004,CS001,included,no,progress,3,title-screen,,,,Keyword score is prioritization only; it is not an eligibility or exclusion decision.
CG0613,doi:10.1145/3533724,wfspan: Wait-free Dynamic Memory Management,2022,2022-07-31,10.1145/3533724,,ACM Transactions on Embedded Computing Systems,opencitations;semanticscholar,10.1145/3533724;18b7bcd3277381feb724dc54b1a99bad7ead12cc,CS029,S42,,CS029,included,no,progress,3,title-screen,,,,Keyword score is prioritization only; it is not an eligibility or exclusion decision.
CG0626,doi:10.1145/357172.357178,Proving Liveness Properties of Concurrent Programs,1982,1982-07-01,10.1145/357172.357178,,ACM Transactions on Programming Languages and Systems,opencitations;semanticscholar,10.1145/357172.357178;bba8a9a829d0f4c10af20df980a7b1ea7f6a61bd,CS002,S02,CS002,,included,no,progress,3,title-screen,,,,Keyword score is prioritization only; it is not an eligibility or exclusion decision.
CG0637,doi:10.1145/359138.359142,Proving termination with multiset orderings,1979,1979-07-16,10.1145/359138.359142,,CACM,semanticscholar,b025fbd8a0c44d421bb379a93c8dad935856def2,CS011;CS012,S15;S16,CS011;CS012,,included,no,progress,3,title-screen,,,,Keyword score is prioritization only; it is not an eligibility or exclusion decision.
CG0646,doi:10.1145/3622827,Modular Verification of Safe Memory Reclamation in Concurrent Separation Logic,2023,2023-10-16,10.1145/3622827,,Proc. ACM Program. Lang.,opencitations;semanticscholar,10.1145/3622827;ce8cf398ad4e1b8b8f693c5c70274098892aed98,CS006;CS018;CS019,S07;S28;S29,CS019,CS006;CS018,included,no,formal_verification;reclamation_or_aba,3,title-screen,,,,Keyword score is prioritization only; it is not an eligibility or exclusion decision.
CG0656,doi:10.1145/3632889,Deadlock-Free Separation Logic: Linearity Yields Progress for Dependent Higher-Order Message Passing,2024,2024-01-05,10.1145/3632889,,Proc. ACM Program. Lang.,opencitations;semanticscholar,0a491b82ccfbf3c9a020474cbe59963df98f2e7a;10.1145/3632889,CS014,S19,,CS014,included,no,progress,3,title-screen,,,,Keyword score is prioritization only; it is not an eligibility or exclusion decision.
CG0666,doi:10.1145/3689720,Non-termination Proving at Scale,2024,2024-10-08,10.1145/3689720,,Proc. ACM Program. Lang.,opencitations;semanticscholar,10.1145/3689720;10ec4134c6a3b9675df8074bb9ca3cb61fb6ef39,CS013;CS014,S17;S19,,CS013;CS014,included,no,progress,3,title-screen,,,,Keyword score is prioritization only; it is not an eligibility or exclusion decision.
CG0682,doi:10.1145/3729250,Nola: Later-Free Ghost State for Verifying Termination in Iris,2025,2025-06-10,10.1145/3729250,,Proc. ACM Program. Lang.,opencitations;semanticscholar,10.1145/3729250;be0f8c19a8f5d29b98ddbdddb3a01f2c450ac460,CS002;CS010;CS011,S02;S14;S15,CS011,CS002;CS010,included,no,progress,3,title-screen,,,,Keyword score is prioritization only; it is not an eligibility or exclusion decision.
CG0691,doi:10.1145/3766061,Decidability of Liveness on the TSO Memory Model,2026,2026-02-13,10.1145/3766061,2107.09930,Formal Aspects Comput.,opencitations;semanticscholar,10.1145/3766061;334719f548fae46c6116d7a5bcd8792642386290,CS001;CS003;CS029,S01;S03;S42,,CS001;CS003;CS029,included,no,progress,3,title-screen,,,,Keyword score is prioritization only; it is not an eligibility or exclusion decision.
CG0709,doi:10.1145/564870.564881,High performance dynamic lock-free hash tables and list-based sets,2002,2002-08-10,10.1145/564870.564881,,ACM Symposium on Parallelism in Algorithms and Architectures,opencitations;semanticscholar,10.1145/564870.564881;fb47306b9007a2a901f7214e2a9b2005f20ed4b7,CS009;CS019;CS022,S10;S29;S33,CS009;CS019;CS022,,included,no,progress,3,title-screen,,,,Keyword score is prioritization only; it is not an eligibility or exclusion decision.
CG0741,doi:10.23919/fmcad.2018.8603020,Rely-Guarantee Reasoning for Automated Bound Analysis of Lock-Free Algorithms,2018,2018-10-01,10.23919/fmcad.2018.8603020,,Formal Methods in Computer-Aided Design,opencitations;semanticscholar,10.23919/fmcad.2018.8603020;c715015578bdf4cd4a18ee4f7fa77dbf5b476fb1,CS009;CS017;CS028;CS029,A28;S10;S40;S42,CS028,CS009;CS017;CS029,included,no,progress,3,title-screen,,,,Keyword score is prioritization only; it is not an eligibility or exclusion decision.
CG0748,doi:10.3217/jucs-015-01-0072,Reasoning about Nonblocking Concurrency,2009,,10.3217/jucs-015-01-0072,,Journal of universal computer science (Online),semanticscholar,18d3bf269679f44c5202106753d13eebdc11af72,CS027,S38,,CS027,included,no,progress,3,title-screen,,,,Keyword score is prioritization only; it is not an eligibility or exclusion decision.
CG0763,doi:10.4230/lipics.disc.2021.14,Fast Nonblocking Persistence for Concurrent Data Structures,2021,2021-05-20,10.4230/lipics.disc.2021.14,2105.09508,International Symposium on Distributed Computing,opencitations;semanticscholar,10.4230/lipics.disc.2021.14;f6d36e69e5e2fff3e581b3d8046d21ea21ac3d7c,CS026,S27,CS026,,included,no,progress,3,title-screen,,,,Keyword score is prioritization only; it is not an eligibility or exclusion decision.
CG0766,doi:10.4230/lipics.ecoop.2017.6,Relaxed Linear References for Lock-free Data Structures,2017,,10.4230/lipics.ecoop.2017.6,,European Conference on Object-Oriented Programming,semanticscholar,c40b12bec98b1f70d596e4b1ef9c1efa9ecc532a,CS009,S10,,CS009,included,no,progress,3,title-screen,,,,Keyword score is prioritization only; it is not an eligibility or exclusion decision.
CG0788,s2:091093f013e41ca47c276cae1c368f0519285948,Verifying Wait-Freedom for Concurrent 1 Higher-Order Programs 2,,,,,,semanticscholar,091093f013e41ca47c276cae1c368f0519285948,CS009;CS011;CS014,S10;S15;S19,,CS009;CS011;CS014,unknown-date,no,progress,3,manual-date-check,,,,Keyword score is prioritization only; it is not an eligibility or exclusion decision.
CG0791,s2:0fff604667f24050e85f13f97d93197f729dcccc,Verifying Wait-Freedom for Concurrent Higher-Order Programs,,,,,,semanticscholar,0fff604667f24050e85f13f97d93197f729dcccc,CS009;CS011;CS014,S10;S15;S19,,CS009;CS011;CS014,unknown-date,no,progress,3,manual-date-check,,,,Keyword score is prioritization only; it is not an eligibility or exclusion decision.
CG0798,s2:25b6d1934482b62ba0dc795a31f96a6f09ef4107,14th International Workshop on Termination (WST 2014),2014,,,,,semanticscholar,25b6d1934482b62ba0dc795a31f96a6f09ef4107,CS009,S10,,CS009,included,no,progress,3,title-screen,,,,Keyword score is prioritization only; it is not an eligibility or exclusion decision.
CG0800,s2:288f1ca075c70a3b8bfaffe58830797fbeb4523e,LOLCAT : Relaxed Linear References for Lock-free Programming,2016,,,,,semanticscholar,288f1ca075c70a3b8bfaffe58830797fbeb4523e,CS009,S10,,CS009,included,no,progress,3,title-screen,,,,Keyword score is prioritization only; it is not an eligibility or exclusion decision.
CG0801,s2:2a376862a924258aae2be84db30772e6e96baf12,"Preprint – March 28 , 2013 Quantitative Reasoning for Proving Lock-Freedom",2013,,,,,semanticscholar,2a376862a924258aae2be84db30772e6e96baf12,CS009;CS024;CS025;CS029,A29;A30;S10;S42,,CS009;CS024;CS025;CS029,included,no,progress,3,title-screen,,,,Keyword score is prioritization only; it is not an eligibility or exclusion decision.
CG0803,s2:3a4fbfa585c99a71a1412206a4a2be67a1f3af8a,Local rely-guarantee conditions for linearizability and lock-freedom,2011,,,,,semanticscholar,3a4fbfa585c99a71a1412206a4a2be67a1f3af8a,CS009;CS018,S10;S28,,CS009;CS018,included,no,progress,3,title-screen,,,,Keyword score is prioritization only; it is not an eligibility or exclusion decision.
CG0809,s2:4f704b7a56b4fe543c8a4ebf88422428361db736,Progress guarantee for parallel programs via bounded lock-freedom,2009,2009-06-15,,,,semanticscholar,4f704b7a56b4fe543c8a4ebf88422428361db736,CS028,S40,CS028,,included,no,progress,3,title-screen,,,,Keyword score is prioritization only; it is not an eligibility or exclusion decision.
CG0810,s2:51307ff8ca592d2bfe54fa76e99b3858f599eb5a,Multiprocessor-safe wait-free queue in RTSJ,2014,2014-09-01,,,,semanticscholar,51307ff8ca592d2bfe54fa76e99b3858f599eb5a,CS009,S10,,CS009,included,no,progress,3,title-screen,,,,Keyword score is prioritization only; it is not an eligibility or exclusion decision.
CG0811,s2:514dc31dcf0bfee7e737f14338af6b2938abaedf,Verifying Liveness Properties of Distributed Systems via Trace Refinement in Higher-Order Concurrent Separation Logic,,,,,,semanticscholar,514dc31dcf0bfee7e737f14338af6b2938abaedf,CS011,S15,CS011,,unknown-date,no,progress,3,manual-date-check,,,,Keyword score is prioritization only; it is not an eligibility or exclusion decision.
CG0816,s2:5f1a07a7df5b5051e442e6962e653cdb35b6b330,A Purely Logical Approach to Program Termination,2010,,,,,semanticscholar,5f1a07a7df5b5051e442e6962e653cdb35b6b330,CS009,S10,,CS009,included,no,progress,3,title-screen,,,,Keyword score is prioritization only; it is not an eligibility or exclusion decision.
CG0817,s2:646d374339d26ce7202c509e4351bf951bf80ae3,Verifying linearizability and lock-freedom with temporal logic,2009,,,,,semanticscholar,646d374339d26ce7202c509e4351bf951bf80ae3,CS009;CS024;CS025,A29;A30;S10,,CS009;CS024;CS025,included,no,progress,3,title-screen,,,,Keyword score is prioritization only; it is not an eligibility or exclusion decision.
CG0818,s2:6503d01beaaac8044d377313a7b43126697d7922,"Th E pro Gr Am Te R M in Atio N Problem, Also Known Proving Program Termination Key Insights",2014,,,,,semanticscholar,6503d01beaaac8044d377313a7b43126697d7922,CS009,S10,,CS009,included,no,progress,3,title-screen,,,,Keyword score is prioritization only; it is not an eligibility or exclusion decision.
CG0824,s2:70e12a010c8b2d96079e3b55724958fa1fe75f9d,Anvil: Verifying Liveness of Cluster Management Controllers,2024,,,,USENIX Symposium on Operating Systems Design and Implementation,semanticscholar,70e12a010c8b2d96079e3b55724958fa1fe75f9d,CS009,S10,,CS009,included,no,progress,3,title-screen,,,,Keyword score is prioritization only; it is not an eligibility or exclusion decision.
CG0827,s2:78e47b768c784fcb15004bab48e24f80fdad579e,A Lock-Free,2012,,,,,semanticscholar,78e47b768c784fcb15004bab48e24f80fdad579e,CS029,S42,,CS029,included,no,progress,3,title-screen,,,,Keyword score is prioritization only; it is not an eligibility or exclusion decision.
CG0832,s2:88085676d6f9c1903d25eac49d4eb2a9e324d71f,Practical lock-freedom,2003,,,,,semanticscholar,88085676d6f9c1903d25eac49d4eb2a9e324d71f,CS006,S07,CS006,,included,no,progress,3,title-screen,,,,Keyword score is prioritization only; it is not an eligibility or exclusion decision.
CG0841,s2:9d8caec3d6b4afc02588fcf5233d2d7615dbd072,Verifying Termination of Busy-Waiting,2020,,,,,semanticscholar,9d8caec3d6b4afc02588fcf5233d2d7615dbd072,CS014,S19,,CS014,included,no,progress,3,title-screen,,,,Keyword score is prioritization only; it is not an eligibility or exclusion decision.
CG0843,s2:a92a1f0bfbfa8adbddea36cfc51e172b444a5b04,Evaluation of Task Scheduling Algorithms and Wait-Free Data Structures for Embedded Multi-Core Systems,2014,,,,,semanticscholar,a92a1f0bfbfa8adbddea36cfc51e172b444a5b04,CS029,S42,,CS029,included,no,progress,3,title-screen,,,,Keyword score is prioritization only; it is not an eligibility or exclusion decision.
CG0849,s2:b4745ad88028a7b904380704b17a13181c15af4a,A Lock-free B,2012,,,,,semanticscholar,b4745ad88028a7b904380704b17a13181c15af4a,CS029,S42,,CS029,included,no,progress,3,title-screen,,,,Keyword score is prioritization only; it is not an eligibility or exclusion decision.
CG0851,s2:b787e4cf1da494969dd21a57e7b5e2c1132a4fff,Ghost Signals: Verifying Termination of Busy-Waiting,2020,2020-10-22,,,arXiv.org,semanticscholar,b787e4cf1da494969dd21a57e7b5e2c1132a4fff,CS014,S19,,CS014,included,no,progress,3,title-screen,,,,Keyword score is prioritization only; it is not an eligibility or exclusion decision.
CG0866,s2:ea7fc6f5b0d77f207285cda139fff36de4d06ab5,Ghost Signals: Verifying Termination of Busy Waiting (Technical Report),2021,,,,,semanticscholar,ea7fc6f5b0d77f207285cda139fff36de4d06ab5,CS011,S15,CS011,,included,no,progress,3,title-screen,,,,Keyword score is prioritization only; it is not an eligibility or exclusion decision.
CG0871,s2:fb197d49a0fa49b82b1f6947bc876ccdea68f76f,Commutativity For Concurrent Program Termination Proofs (Extended Version),2023,,,,,semanticscholar,fb197d49a0fa49b82b1f6947bc876ccdea68f76f,CS028,S40,,CS028,included,no,progress,3,title-screen,,,,Keyword score is prioritization only; it is not an eligibility or exclusion decision.
CG0894,unknown:semanticscholar:cs004:references:0:44,2022. New subcategory: Termination concurrent,,,,,:/,semanticscholar,,CS004,S05,CS004,,unknown-date,no,progress,3,manual-date-check,,,,Keyword score is prioritization only; it is not an eligibility or exclusion decision.
CG0915,unknown:semanticscholar:cs010:references:0:38,"A Higher-Order, Relational Concurrent Separation Logic for Liveness 125:27 Languages (Philadelphia, PA, USA) (",,,,,POPL,semanticscholar,,CS010,S14,CS010,,unknown-date,no,progress,3,manual-date-check,,,,Keyword score is prioritization only; it is not an eligibility or exclusion decision.
CG0916,unknown:semanticscholar:cs010:references:0:39,"Lilo facilitates inter-/intra-thread modular liveness reasoning through abstractions called progress credits , obligation list , and promises (addresses (P5)",,,,,,semanticscholar,,CS010,S14,CS010,,unknown-date,no,progress,3,manual-date-check,,,,Keyword score is prioritization only; it is not an eligibility or exclusion decision.
CG0918,unknown:semanticscholar:cs010:references:0:41,"Lilo extends beyond termination to prove general liveness properties, including those involving non-termination, through refinement proofs between concurrent programs (addresses (P2))",,,,,,semanticscholar,,CS010,S14,CS010,,unknown-date,no,progress,3,manual-date-check,,,,Keyword score is prioritization only; it is not an eligibility or exclusion decision.
CG0921,unknown:semanticscholar:cs011:references:0:36,"2026a. Artifact for the ""Lawyer: Modular Obligations-Based Liveness Reasoning in Higher-Order Impredicative Concurrent Separation Logic""",,,,,paper of OOPSLA’26,semanticscholar,,CS011,S15,CS011,,unknown-date,no,progress,3,manual-date-check,,,,Keyword score is prioritization only; it is not an eligibility or exclusion decision.
CG0955,unknown:semanticscholar:cs028:references:0:48,"We reduce rely-guarantee bound analysis of concurrent pointer programs to bound analysis of sequential integer programs, and obtain an algorithm for bound analysis of lock-free algorithms",,,,,(Sect. 4),semanticscholar,,CS028,S40,CS028,,unknown-date,no,progress,3,manual-date-check,,,,Keyword score is prioritization only; it is not an eligibility or exclusion decision.
CG0007,arxiv:2001.10022,Actor-Based Model Checking for SDN Networks,2020,2020-01-27,,2001.10022,arXiv.org,semanticscholar,cc15f1a8811af00eef78074f78db1e1bdd6c72f9,CS014,S19,,CS014,included,no,formal_verification,2,title-screen,,,,Keyword score is prioritization only; it is not an eligibility or exclusion decision.
CG0015,arxiv:2309.03642,Formal Verification of Chase-Lev Deque in Concurrent Separation Logic,2023,2023-05-20,10.48550/arxiv.2309.03642,2309.03642,arXiv.org,semanticscholar,d5dfe4838416cfd5b8564e09c64b3cccbb88a014,CS006,S07,,CS006,included,no,formal_verification,2,title-screen,,,,Keyword score is prioritization only; it is not an eligibility or exclusion decision.
CG0021,arxiv:2407.20559,Practical Rely/Guarantee Verification of an Efficient Lock for seL4 on Multicore Architectures,2024,2024-07-30,10.48550/arxiv.2407.20559,2407.20559,The Practice of Formal Methods,semanticscholar,aaf472caf6b4714d01876cd5a40e4654d22d1187,CS014,S19,,CS014,included,no,formal_verification,2,title-screen,,,,Keyword score is prioritization only; it is not an eligibility or exclusion decision.
CG0026,arxiv:2605.01124,Practical Formal Verification for MLIR Programs,2026,2026-05-01,10.48550/arxiv.2605.01124,2605.01124,arXiv.org,semanticscholar,7ac4fdcc53690ebf8ff65c79255ee58110565b8c,CS022,S33,,CS022,included,no,formal_verification,2,title-screen,,,,Keyword score is prioritization only; it is not an eligibility or exclusion decision.
CG0030,arxiv:2607.18727,Formal Verification of an Out-of-Order Multiprocessor against an In-Order Weak-Memory ISA,2026,2026-07-21,,2607.18727,,semanticscholar,f2ec98fb6353db95dba00106ff5fc93ef169bd9c,CS006;CS007,S07;S08,,CS006;CS007,included,no,formal_verification,2,title-screen,,,,Keyword score is prioritization only; it is not an eligibility or exclusion decision.
CG0038,doi:10.1007/10703.1572-8102,Formal methods in system design,1999,,10.1007/10703.1572-8102,,Logic in Computer Science,semanticscholar,f023b20953b33d7bf2b0eda1538a58090894e28b,CS028,S40,CS028,,included,no,formal_verification,2,title-screen,,,,Keyword score is prioritization only; it is not an eligibility or exclusion decision.
CG0051,doi:10.1007/11921240_13,Thread-Modular Verification Is Cartesian Abstract Interpretation,2006,2006-11-20,10.1007/11921240_13,,International Colloquium on Theoretical Aspects of Computing,opencitations;semanticscholar,10.1007/11921240_13;9d4df974670c9723f44702a7e6a9b7eaa1921ba4,CS028,S40,CS028,,included,no,formal_verification,2,title-screen,,,,Keyword score is prioritization only; it is not an eligibility or exclusion decision.
CG0059,doi:10.1007/3-540-44829-2_14,Thread-Modular Model Checking,2003,2003-05-09,10.1007/3-540-44829-2_14,,SPIN,opencitations;semanticscholar,10.1007/3-540-44829-2_14;4da43fc88f80d6b1ff858288565915e5cddf6455,CS028,S40,CS028,,included,no,formal_verification,2,title-screen,,,,Keyword score is prioritization only; it is not an eligibility or exclusion decision.
CG0063,doi:10.1007/3-540-45927-8_19,Thread-Modular Verification for Shared-Memory Programs,2002,2002-04-08,10.1007/3-540-45927-8_19,,European Symposium on Programming,opencitations;semanticscholar,0dd0a96441a6c16fd577525d5f8656a7c8791826;10.1007/3-540-45927-8_19,CS028,S40,CS028,,included,no,formal_verification,2,title-screen,,,,Keyword score is prioritization only; it is not an eligibility or exclusion decision.
CG0093,doi:10.1007/978-3-030-99336-8_8,The Trusted Computing Base of the CompCert Verified Compiler,2022,2022-01-25,10.1007/978-3-030-99336-8_8,2201.10280,European Symposium on Programming,semanticscholar,718716137be126ada349b59ac3925c40f93254ea,CS012,S16,CS012,,included,no,formal_verification,2,title-screen,,,,Keyword score is prioritization only; it is not an eligibility or exclusion decision.
CG0095,doi:10.1007/978-3-031-08166-8_20,Software & System Verification with KIV,2022,2022,10.1007/978-3-031-08166-8_20,,The Logic of Software. A Tasting Menu of Formal Methods,opencitations;semanticscholar,10.1007/978-3-031-08166-8_20;a4a63604222711fff96f06decade23481818d1d1,CS018,S28,,CS018,included,no,formal_verification,2,title-screen,,,,Keyword score is prioritization only; it is not an eligibility or exclusion decision.
CG0112,doi:10.1007/978-3-031-90660-2_9,Improvements in Software Verification and Witness Validation: SV-COMP 2025,2025,,10.1007/978-3-031-90660-2_9,,International Conference on Tools and Algorithms for Construction and Analysis of Systems,opencitations;semanticscholar,10.1007/978-3-031-90660-2_9;115626037012099a743a7af698ade890e47d706d,CS004,S05,CS004,,included,no,formal_verification,2,title-screen,,,,Keyword score is prioritization only; it is not an eligibility or exclusion decision.
CG0123,doi:10.1007/978-3-319-13338-6_1,Using Coarse-Grained Abstractions to Verify Linearizability on TSO Architectures,2014,2014-11-18,10.1007/978-3-319-13338-6_1,,Haifa Verification Conference,opencitations;semanticscholar,10.1007/978-3-319-13338-6_1;618978051b80b5427d285d8af48c85285b7011f4,CS027,S38,,CS027,included,no,formal_verification,2,title-screen,,,,Keyword score is prioritization only; it is not an eligibility or exclusion decision.
CG0125,doi:10.1007/978-3-319-22102-1_9,Machine-Checked Verification of the Correctness and Amortized Complexity of an Efficient Union-Find Implementation,2015,2015-08-24,10.1007/978-3-319-22102-1_9,,International Conference on Interactive Theorem Proving,semanticscholar,936b6f5d935ddf5d37166591920eaa71272e8e29,CS023,S35,CS023,,included,no,formal_verification,2,title-screen,,,,Keyword score is prioritization only; it is not an eligibility or exclusion decision.
CG0126,doi:10.1007/978-3-319-33693-0_13,Towards a Thread-Local Proof Technique for Starvation Freedom,2016,2016-06-01,10.1007/978-3-319-33693-0_13,,International Conference on Integrated Formal Methods,opencitations;semanticscholar,10.1007/978-3-319-33693-0_13;9387d16dbfd1cf86071a0b4b2f96fb156b71bba9,CS009;CS014,S10;S19,,CS009;CS014,included,no,formal_verification,2,title-screen,,,,Keyword score is prioritization only; it is not an eligibility or exclusion decision.
CG0131,doi:10.1007/978-3-319-63390-9_4,Automated Resource Analysis with Coq Proof Objects,2017,2017-07-24,10.1007/978-3-319-63390-9_4,,International Conference on Computer Aided Verification,opencitations;semanticscholar,10.1007/978-3-319-63390-9_4;758720470fcea62254f5f4374b3a51c3e8a1ccf8,CS028,S40,CS028,,included,no,formal_verification,2,title-screen,,,,Keyword score is prioritization only; it is not an eligibility or exclusion decision.
CG0140,doi:10.1007/978-3-319-89884-1_19,A Fistful of Dollars: Formalizing Asymptotic Complexity Claims via Deductive Program Verification,2018,2018-04-16,10.1007/978-3-319-89884-1_19,,European Symposium on Programming,semanticscholar,f6d85636a2800f292bf34aa145e100d887d4570f,CS023,S35,CS023,,included,no,formal_verification,2,title-screen,,,,Keyword score is prioritization only; it is not an eligibility or exclusion decision.
CG0146,doi:10.1007/978-3-319-95582-7_33,SDN-Actors: Modeling and Verification of SDN Programs,2018,2018-07-15,10.1007/978-3-319-95582-7_33,,World Congress on Formal Methods,semanticscholar,310d32449998921d400b46bdcf66b5455c6a24d5,CS014,S19,,CS014,included,no,formal_verification,2,title-screen,,,,Keyword score is prioritization only; it is not an eligibility or exclusion decision.
CG0197,doi:10.1007/978-3-642-25379-9_19,Verification of Scalable Synchronous Queue,2011,2011-12-07,10.1007/978-3-642-25379-9_19,,Certified Programs and Proofs,semanticscholar,4b74c432963ecc45c6a328082bdc384819592112,CS009,S10,,CS009,included,no,formal_verification,2,title-screen,,,,Keyword score is prioritization only; it is not an eligibility or exclusion decision.
CG0202,doi:10.1007/978-3-642-28891-3_2,Verified Software Toolchain,2012,2012-04-03,10.1007/978-3-642-28891-3_2,,NASA Formal Methods,semanticscholar,b0b23f22ccc172a8cf72440d905dfe1c2c299ac5,CS011,S15,CS011,,included,no,formal_verification,2,title-screen,,,,Keyword score is prioritization only; it is not an eligibility or exclusion decision.
CG0207,doi:10.1007/978-3-642-31762-0,Formal Verification of Object-Oriented Software,2011,,10.1007/978-3-642-31762-0,,Lecture Notes in Computer Science,semanticscholar,5730842d26233ee4cdbfd98e282480cc6036bab7,CS009;CS018,S10;S28,,CS009;CS018,included,no,formal_verification,2,title-screen,,,,Keyword score is prioritization only; it is not an eligibility or exclusion decision.
CG0232,doi:10.1007/978-3-662-48653-5_25,Modular Verification of Concurrency-Aware Linearizability,2015,2015-10-07,10.1007/978-3-662-48653-5_25,,International Symposium on Distributed Computing,opencitations;semanticscholar,10.1007/978-3-662-48653-5_25;d0605134435c3ffbf2253d9f296754141ad4462e,CS006,S07,CS006,,included,no,formal_verification,2,title-screen,,,,Keyword score is prioritization only; it is not an eligibility or exclusion decision.
CG0244,doi:10.1007/bf00268134,An axiomatic proof technique for parallel programs I,1976,1976-12-01,10.1007/bf00268134,,Acta Informatica,opencitations;semanticscholar,10.1007/bf00268134;559b4b532ee8dd9fffc6c24f3f578cbd3c867b2c,CS008,S09,CS008,,included,no,formal_verification,2,title-screen,,,,Keyword score is prioritization only; it is not an eligibility or exclusion decision.
CG0245,doi:10.1007/bf00625969,Exploiting symmetry in temporal logic model checking,1993,1993-06-28,10.1007/bf00625969,,Formal Methods Syst. Des.,opencitations;semanticscholar,10.1007/bf00625969;20e4aa2d31b87dff0eaceff14f59ebf9ce08ca76,CS022,S33,CS022,,included,no,formal_verification,2,title-screen,,,,Keyword score is prioritization only; it is not an eligibility or exclusion decision.
CG0249,doi:10.1007/bfb0055036,Algorithmic Verification of Linear Temporal Logic Specifications,1998,1998-07-13,10.1007/bfb0055036,,"International Colloquium on Automata, Languages and Programming",semanticscholar,2893ec09ce2654d666e215251659b28160b90ae2,CS002,S02,CS002,,included,no,formal_verification,2,title-screen,,,,Keyword score is prioritization only; it is not an eligibility or exclusion decision.
CG0252,doi:10.1007/s00165-014-0310-2,Balancing expressiveness in formal approaches to concurrency,2015,2014-08-29,10.1007/s00165-014-0310-2,,Formal Aspects of Computing,opencitations;semanticscholar,10.1007/s00165-014-0310-2;868e3e9af28c23ba673631ab77b2211d3fa8185a,CS009,S10,,CS009,included,no,formal_verification,2,title-screen,,,,Keyword score is prioritization only; it is not an eligibility or exclusion decision.
CG0258,doi:10.1007/s00236-016-0275-0,Stateless model checking for TSO and PSO,2015,2015-01-09,10.1007/s00236-016-0275-0,1501.02069,Acta Informatica,semanticscholar,2d99959110d081d2612c74126da384ef93df6699,CS022,S33,CS022,,included,no,formal_verification,2,title-screen,,,,Keyword score is prioritization only; it is not an eligibility or exclusion decision.
CG0261,doi:10.1007/s10009-011-0211-0,Deductive software verification,2011,2011-10-01,10.1007/s10009-011-0211-0,,International Journal on Software Tools for Technology Transfer (STTT),opencitations;semanticscholar,10.1007/s10009-011-0211-0;3027b57e6a51e26d1a2706db0725f28e0eb4e00f,CS019,S29,CS019,,included,no,formal_verification,2,title-screen,,,,Keyword score is prioritization only; it is not an eligibility or exclusion decision.
CG0263,doi:10.1007/s10009-016-0415-4,An integrated specification and verification technique for highly concurrent data structures,2013,2013-03-16,10.1007/s10009-016-0415-4,,International Journal on Software Tools for Technology Transfer (STTT),semanticscholar,dcf9388933925e2fbdcefd3db9628d0eadd8f33d,CS022;CS028,S33;S40,CS022;CS028,,included,no,formal_verification,2,title-screen,,,,Keyword score is prioritization only; it is not an eligibility or exclusion decision.
CG0264,doi:10.1007/s10009-020-00559-y,Automating deductive verification for weak-memory programs (extended version),2017,2017-03-18,10.1007/s10009-020-00559-y,1703.06368,International Journal on Software Tools for Technology Transfer (STTT),semanticscholar,d18b4a62a28c5c00df50ae04ce541f0c9c69f6f4,CS007;CS008,S08;S09,CS007;CS008,,included,no,formal_verification,2,title-screen,,,,Keyword score is prioritization only; it is not an eligibility or exclusion decision.
CG0266,doi:10.1007/s10472-016-9531-9,Parametrized verification diagrams: temporal verification of symmetric parametrized concurrent systems,2017,2017-08-01,10.1007/s10472-016-9531-9,,Annals of Mathematics and Artificial Intelligence,semanticscholar,7f016388e185652d60fce1b511341b4c64dcdfda,CS009,S10,,CS009,included,no,formal_verification,2,title-screen,,,,Keyword score is prioritization only; it is not an eligibility or exclusion decision.
CG0271,doi:10.1007/s10703-023-00427-w,Concise outlines for a complex logic: a proof outline checker for TaDA,2023,2023-07-31,10.1007/s10703-023-00427-w,2010.07080,Formal methods in system design,opencitations;semanticscholar,10.1007/s10703-023-00427-w;78114f4050bf12212d1d32e104885e1c936cb133,CS007;CS012;CS013,S08;S16;S17,CS007;CS012,CS013,included,no,formal_verification,2,title-screen,,,,Keyword score is prioritization only; it is not an eligibility or exclusion decision.
CG0273,doi:10.1007/s10703-024-00462-1,A verified durable transactional mutex lock for persistent x86-TSO,2024,2024-07-31,10.1007/s10703-024-00462-1,,Formal methods in system design,opencitations;semanticscholar,10.1007/s10703-024-00462-1;26481f34e1785d1665a1cb9199324eabe5188894,CS026,S27,,CS026,included,no,formal_verification,2,title-screen,,,,Keyword score is prioritization only; it is not an eligibility or exclusion decision.
CG0280,doi:10.1007/s10817-018-9496-y,CompCertS: A Memory-Aware Verified C Compiler Using a Pointer as Integer Semantics,2017,2017-09-26,10.1007/s10817-018-9496-y,,Journal of automated reasoning,opencitations;semanticscholar,10.1007/s10817-018-9496-y;a8f6cb1254733019d054edaa9fe11c03324dafda,CS019,S29,CS019,,included,no,formal_verification,2,title-screen,,,,Keyword score is prioritization only; it is not an eligibility or exclusion decision.
CG0283,doi:10.1007/s12652-021-03454-9,Formal design and verification of system task in intelligent transportation systems based on micro-kernel architecture,2021,2021-08-29,10.1007/s12652-021-03454-9,,Journal of Ambient Intelligence and Humanized Computing,opencitations;semanticscholar,10.1007/s12652-021-03454-9;cb59ee97125edff7dee80e80007823f0f79cde8c,CS014,S19,,CS014,included,no,formal_verification,2,title-screen,,,,Keyword score is prioritization only; it is not an eligibility or exclusion decision.
CG0286,doi:10.1016/0167-6423(87)90029-3,A Hoare-Like Proof System for Analysing the Computation Time of Programs,1987,1987-10-01,10.1016/0167-6423(87)90029-3,,Science of Computer Programming,semanticscholar,4f85e60b5f1a5aa6296afacb971b412c7a8426ba,CS023,S35,CS023,,included,no,formal_verification,2,title-screen,,,,Keyword score is prioritization only; it is not an eligibility or exclusion decision.
CG0298,doi:10.1016/j.jlamp.2020.100617,Actor-based model checking for Software-Defined Networks,2021,2021-01-01,10.1016/j.jlamp.2020.100617,,J. Log. Algebraic Methods Program.,semanticscholar,d5842c01b1d3a36727d9216c53ee1b896b744766,CS014,S19,,CS014,included,no,formal_verification,2,title-screen,,,,Keyword score is prioritization only; it is not an eligibility or exclusion decision.
CG0304,doi:10.1016/j.scico.2024.103227,"Verification of forward simulations with thread-local, step-local proof obligations",2025,2025-04-01,10.1016/j.scico.2024.103227,,Science of Computer Programming,opencitations;semanticscholar,10.1016/j.scico.2024.103227;a73c88e82331650a97b50514358b71cdc0469d29,CS009;CS018;CS021,S10;S28;S31,CS021,CS009;CS018,included,no,formal_verification,2,title-screen,,,,Keyword score is prioritization only; it is not an eligibility or exclusion decision.
CG0305,doi:10.1016/j.sysarc.2023.103046,"<mml:math xmlns:mml=""http://www.w3.org/1998/Math/MathML"" display=""inline"" id=""d1e861"" altimg=""si142.svg""><mml:mi mathvariant=""sans-serif"">ThreadAbs</mml:mi></mml:math>: A template to build verified thread-local interfaces with software scheduler abstractions",2024,2023-12-01,10.1016/j.sysarc.2023.103046,,Journal of systems architecture,opencitations;semanticscholar,0128303bcbfcc4ea0f7968cc876c05fa3906c6de;10.1016/j.sysarc.2023.103046,CS002;CS013;CS014,S02;S17;S19,,CS002;CS013;CS014,included,no,formal_verification,2,title-screen,,,,Keyword score is prioritization only; it is not an eligibility or exclusion decision.
CG0306,doi:10.1016/j.sysarc.2023.103049,SimplMM: A simplified and abstract multicore hardware model for large scale system software formal verification,2024,2023-12-01,10.1016/j.sysarc.2023.103049,,Journal of systems architecture,opencitations;semanticscholar,10.1016/j.sysarc.2023.103049;dacf4b21e64942ccc9f10c05ec21deaa3e3b0b0a,CS013;CS014,S17;S19,,CS013;CS014,included,no,formal_verification,2,title-screen,,,,Keyword score is prioritization only; it is not an eligibility or exclusion decision.
CG0325,doi:10.1109/dsn.2018.00037,Branching Bisimulation and Concurrent Object Verification,2018,2018-06-01,10.1109/dsn.2018.00037,,Dependable Systems and Networks,opencitations;semanticscholar,10.1109/dsn.2018.00037;87668b3f121f2b70878304f773bce0fac91ba44b,CS029,S42,,CS029,included,no,formal_verification,2,title-screen,,,,Keyword score is prioritization only; it is not an eligibility or exclusion decision.
CG0342,doi:10.1109/mahc.1984.10017,An Early Program Proof by Alan Turing,1984,1984-04-01,10.1109/mahc.1984.10017,,Annals of the History of Computing,semanticscholar,dfd734b2de2cbcce6ac07e909011b0ed6ba32b01,CS012,S16,CS012,,included,no,formal_verification,2,title-screen,,,,Keyword score is prioritization only; it is not an eligibility or exclusion decision.
CG0352,doi:10.1109/tits.2022.3224385,A Formal Approach to Design and Security Verification of Operating Systems for Intelligent Transportation Systems Based on Object Model,2023,2023-12-01,10.1109/tits.2022.3224385,,IEEE transactions on intelligent transportation systems (Print),opencitations;semanticscholar,10.1109/tits.2022.3224385;cea3263b7dc5d40a0591c49151beb1c57d0415c2,CS014,S19,,CS014,included,no,formal_verification,2,title-screen,,,,Keyword score is prioritization only; it is not an eligibility or exclusion decision.
CG0370,doi:10.1145/1111037.1111042,Formal certification of a compiler back-end or: programming a compiler with a proof assistant,2006,2006-01-11,10.1145/1111037.1111042,,ACM-SIGACT Symposium on Principles of Programming Languages,opencitations;semanticscholar,10.1145/1111037.1111042;3369e43abcb499eea4d208f2239df00551b8d2dd,CS002,S02,CS002,,included,no,formal_verification,2,title-screen,,,,Keyword score is prioritization only; it is not an eligibility or exclusion decision.
CG0388,doi:10.1145/1411203.1411226,Parametric higher-order abstract syntax for mechanized semantics,2008,2008-09-20,10.1145/1411203.1411226,,ACM SIGPLAN International Conference on Functional Programming,semanticscholar,cf1f92af377a772e7447c10c7d9fdadd72584644,CS010,S14,CS010,,included,no,formal_verification,2,title-screen,,,,Keyword score is prioritization only; it is not an eligibility or exclusion decision.
CG0415,doi:10.1145/1889997.1890001,Mechanically verified proof obligations for linearizability,2011,2011-01,10.1145/1889997.1890001,,TOPL,opencitations;semanticscholar,10.1145/1889997.1890001;a9e49bb7151c36dff50005ed9e5c95e6802b645c,CS014;CS021;CS027,S19;S31;S38,CS014;CS021,CS027,included,no,formal_verification,2,title-screen,,,,Keyword score is prioritization only; it is not an eligibility or exclusion decision.
CG0446,doi:10.1145/2491956.2462189,Modular verification of linearizability with non-fixed linearization points,2013,2013-06-16,10.1145/2491956.2462189,,ACM-SIGPLAN Symposium on Programming Language Design and Implementation,opencitations;semanticscholar,10.1145/2491956.2462189;fd9b16a662601a348d26918ec622c0d29365d62f,CS006;CS014;CS022,S07;S19;S33,CS006;CS014;CS022,,included,no,formal_verification,2,title-screen,,,,Keyword score is prioritization only; it is not an eligibility or exclusion decision.
CG0450,doi:10.1145/2535838.2535848,"Replicated data types: specification, verification, optimality",2014,2014-01-08,10.1145/2535838.2535848,,ACM-SIGACT Symposium on Principles of Programming Languages,opencitations;semanticscholar,10.1145/2535838.2535848;c99ed5b3d138e5e437364d8e4c2d8aeca3cc79f3,CS006,S07,CS006,,included,no,formal_verification,2,title-screen,,,,Keyword score is prioritization only; it is not an eligibility or exclusion decision.
CG0455,doi:10.1145/2594291.2594301,End-to-end verification of stack-space bounds for C programs,2014,2014-06-09,10.1145/2594291.2594301,,ACM-SIGPLAN Symposium on Programming Language Design and Implementation,opencitations;semanticscholar,046af23d437d93cc7d03b0df2b773d6fb6f046c3;10.1145/2594291.2594301,CS016;CS023,A27;S35,CS023,CS016,included,no,formal_verification,2,title-screen,,,,Keyword score is prioritization only; it is not an eligibility or exclusion decision.
CG0460,doi:10.1145/2629496,A Sound and Complete Proof Technique for Linearizability of Concurrent Data Structures,2014,2014-08-01,10.1145/2629496,,TOCL,opencitations;semanticscholar,10.1145/2629496;79e1d0ab9a29a51664b494d0b44503952f458d50,CS018;CS021;CS027,S28;S31;S38,CS021,CS018;CS027,included,no,formal_verification,2,title-screen,,,,Keyword score is prioritization only; it is not an eligibility or exclusion decision.
CG0474,doi:10.1145/2737924.2737964,Mechanized verification of fine-grained concurrent programs,2015,2015-06-03,10.1145/2737924.2737964,,ACM-SIGPLAN Symposium on Programming Language Design and Implementation,semanticscholar,03535b4725ded0b0748523ef5249fbf16c9e0026,CS011,S15,CS011,,included,no,formal_verification,2,title-screen,,,,Keyword score is prioritization only; it is not an eligibility or exclusion decision.
CG0483,doi:10.1145/2814270.2814297,SATCheck: SAT-directed stateless model checking for SC and TSO,2015,2015-10-23,10.1145/2814270.2814297,,"Conference on Object-Oriented Programming Systems, Languages, and Applications",opencitations;semanticscholar,10.1145/2814270.2814297;ef777bbb4631ee0b1d4ece36ae452074c2aa2ee4,CS022,S33,CS022,,included,no,formal_verification,2,title-screen,,,,Keyword score is prioritization only; it is not an eligibility or exclusion decision.
CG0506,doi:10.1145/3009837.3009883,Ogre and Pythia: an invariance proof method for weak consistency models,2017,2017-01-01,10.1145/3009837.3009883,,ACM-SIGACT Symposium on Principles of Programming Languages,semanticscholar,f34fc79cc0ec3a3480cecef9eb64dba58bce257c,CS008,S09,CS008,,included,no,formal_verification,2,title-screen,,,,Keyword score is prioritization only; it is not an eligibility or exclusion decision.
CG0516,doi:10.1145/3158105,Effective stateless model checking for C/C++ concurrency,2017,2017-12-27,10.1145/3158105,,Proc. ACM Program. Lang.,opencitations;semanticscholar,0f26a8a75800c42cc473f467e0590728be3e5d91;10.1145/3158105,CS001;CS003;CS022,S01;S03;S33,CS001;CS003;CS022,,included,no,formal_verification,2,title-screen,,,,Keyword score is prioritization only; it is not an eligibility or exclusion decision.
CG0550,doi:10.1145/3314221.3314609,Model checking for weakly consistent libraries,2019,2019-06-08,10.1145/3314221.3314609,,ACM-SIGPLAN Symposium on Programming Language Design and Implementation,opencitations;semanticscholar,10.1145/3314221.3314609;518652adbfab1c50284a5c3d6ac463ebfefbadb0,CS001;CS007;CS008;CS022,S01;S08;S09;S33,CS001;CS007;CS008;CS022,,included,no,formal_verification,2,title-screen,,,,Keyword score is prioritization only; it is not an eligibility or exclusion decision.
CG0552,doi:10.1145/3314221.3314649,Verification of programs under the release-acquire semantics,2019,2019-06-08,10.1145/3314221.3314649,,ACM-SIGPLAN Symposium on Programming Language Design and Implementation,semanticscholar,db4211e7580d8153ba528fae9f563b54dedb08e2,CS008,S09,CS008,,included,no,formal_verification,2,title-screen,,,,Keyword score is prioritization only; it is not an eligibility or exclusion decision.
CG0580,doi:10.1145/3428272,Do you have space for dessert? a verified space cost semantics for CakeML programs,2020,2020-11-13,10.1145/3428272,,Proc. ACM Program. Lang.,opencitations;semanticscholar,10.1145/3428272;364c4561bab6a557071e4af2f8e6c3cd09cafaf2,CS019,S29,CS019,,included,no,formal_verification,2,title-screen,,,,Keyword score is prioritization only; it is not an eligibility or exclusion decision.
CG0587,doi:10.1145/3437992.3439930,Contextual refinement of the Michael-Scott queue (proof pearl),2021,2021-01-17,10.1145/3437992.3439930,,Certified Programs and Proofs,opencitations;semanticscholar,10.1145/3437992.3439930;82a64eceb5835bc854a5987a4cdfae135e103e92,CS007;CS019,S08;S29,CS007;CS019,,included,no,formal_verification,2,title-screen,,,,Keyword score is prioritization only; it is not an eligibility or exclusion decision.
CG0603,doi:10.1145/3497775.3503677,Specification and verification of a transient stack,2022,2022-01-17,10.1145/3497775.3503677,,Certified Programs and Proofs,semanticscholar,e99bba7a77419ee25b0f5020b01899f4580324ff,CS023,S35,CS023,,included,no,formal_verification,2,title-screen,,,,Keyword score is prioritization only; it is not an eligibility or exclusion decision.
CG0610,doi:10.1145/3519939.3523432,Diaframe: automated verification of fine-grained concurrent programs in Iris,2022,2022-06-09,10.1145/3519939.3523432,,ACM-SIGPLAN Symposium on Programming Language Design and Implementation,opencitations;semanticscholar,10.1145/3519939.3523432;f04a4b557cbecd1b62737cadaea7db03b23eafc1,CS007;CS019,S08;S29,CS007;CS019,,included,no,formal_verification,2,title-screen,,,,Keyword score is prioritization only; it is not an eligibility or exclusion decision.
CG0615,doi:10.1145/3547628,Verified symbolic execution with Kripke specification monads (and no meta-programming),2022,2022-08-29,10.1145/3547628,,Proc. ACM Program. Lang.,semanticscholar,c4801d91aeec1bc7c960bdb55a17ed0eae092c44,CS009,S10,,CS009,included,no,formal_verification,2,title-screen,,,,Keyword score is prioritization only; it is not an eligibility or exclusion decision.
CG0629,doi:10.1145/3586043,Proof Automation for Linearizability in Separation Logic,2023,2023-04-06,10.1145/3586043,,Proc. ACM Program. Lang.,opencitations;semanticscholar,10.1145/3586043;57149f05c538a5b61c661200abe0dceb8ccc1f27,CS006;CS007,S07;S08,CS007,CS006,included,no,formal_verification,2,title-screen,,,,Keyword score is prioritization only; it is not an eligibility or exclusion decision.
CG0659,doi:10.1145/3636501.3636940,Compositional Verification of Concurrent C Programs with Search Structure Templates,2024,2024-01-09,10.1145/3636501.3636940,,Certified Programs and Proofs,opencitations;semanticscholar,10.1145/3636501.3636940;a194bcf17a2b385cbb6f4ba04fa69926ec13c217,CS006,S07,,CS006,included,no,formal_verification,2,title-screen,,,,Keyword score is prioritization only; it is not an eligibility or exclusion decision.
CG0668,doi:10.1145/3689739,Fully Verified Instruction Scheduling,2024,2024-10-08,10.1145/3689739,,Proc. ACM Program. Lang.,opencitations;semanticscholar,10.1145/3689739;8cd361a616cd68102dfc412b732d496ed68ba393,CS014,S19,,CS014,included,no,formal_verification,2,title-screen,,,,Keyword score is prioritization only; it is not an eligibility or exclusion decision.
CG0686,doi:10.1145/3763091,Structural Temporal Logic for Mechanized Program Verification,2025,2025-10-09,10.1145/3763091,2410.14906,Proc. ACM Program. Lang.,opencitations;semanticscholar,10.1145/3763091;72835ba3387fb309a23007363f406e8f57399b80,CS002;CS014,S02;S19,,CS002;CS014,included,no,formal_verification,2,title-screen,,,,Keyword score is prioritization only; it is not an eligibility or exclusion decision.
CG0690,doi:10.1145/3764860.3768337,Modal Verification Patterns for Systems Software,2025,2025-10-13,10.1145/3764860.3768337,2506.01719,PLOS@SOSP,opencitations;semanticscholar,10.1145/3764860.3768337;31900aeed81875da206c399605286fa577269252,CS006,S07,,CS006,included,no,formal_verification,2,title-screen,,,,Keyword score is prioritization only; it is not an eligibility or exclusion decision.
CG0693,doi:10.1145/3776680,Parametrised Verification of Intel-x86 Programs,2026,2026-01-08,10.1145/3776680,,Proc. ACM Program. Lang.,opencitations;semanticscholar,10.1145/3776680;318cc6d61495572ccfbf2c6024a20283485a434c,CS001;CS003,S01;S03,,CS001;CS003,included,no,formal_verification,2,title-screen,,,,Keyword score is prioritization only; it is not an eligibility or exclusion decision.
CG0695,doi:10.1145/3776713,A Verified High-Performance Composable Object Library for Remote Direct Memory Access,2026,2026-01-08,10.1145/3776713,,Proc. ACM Program. Lang.,opencitations;semanticscholar,10.1145/3776713;8da70097f4a2bb001521296cccd34e9664b79b5f,CS022,S33,,CS022,included,no,formal_verification,2,title-screen,,,,Keyword score is prioritization only; it is not an eligibility or exclusion decision.
CG0697,doi:10.1145/3783996,A Brief History of Formal Methods in China,2025,2025-12-18,10.1145/3783996,,Formal Aspects of Computing,opencitations;semanticscholar,10.1145/3783996;d282f0bc3187a47dcfcadfafc177396279702b20,CS014,S19,,CS014,included,no,formal_verification,2,title-screen,,,,Keyword score is prioritization only; it is not an eligibility or exclusion decision.
CG0702,doi:10.1145/3808337,A Verified Parallel Scheduler for OCaml 5,2026,2026-06-08,10.1145/3808337,,Proceedings of the ACM on Programming Languages,semanticscholar,171d81eeb33489490b89d427f516ab7d7e61496f,CS016,A27,,CS016,included,no,formal_verification,2,title-screen,,,,Keyword score is prioritization only; it is not an eligibility or exclusion decision.
CG0706,doi:10.1145/504709.504712,An indexed model of recursive types for foundational proof-carrying code,2001,2001-09-01,10.1145/504709.504712,,TOPL,semanticscholar,eadb9b310be2f99ca6fc1e21f187f2681c0d4868,CS011;CS012,S15;S16,CS011;CS012,,included,no,formal_verification,2,title-screen,,,,Keyword score is prioritization only; it is not an eligibility or exclusion decision.
CG0723,doi:10.14279/tuj.eceasst.53.795,Proving Linearizability of Multiset with Local Proof Obligations,2013,2013-01-28,10.14279/tuj.eceasst.53.795,,Electronic Communication of The European Association of Software Science and Technology,semanticscholar,9520840c765396c4b92cb7af0b4d539719bd0656,CS018;CS027,S28;S38,,CS018;CS027,included,no,formal_verification,2,title-screen,,,,Keyword score is prioritization only; it is not an eligibility or exclusion decision.
CG0727,doi:10.17863/cam.11791,Concurrent verification for sequential programs,2013,2013-07-09,10.17863/cam.11791,,,semanticscholar,da862cbd5d3c7a91add858bc2b59d282e8c37701,CS009,S10,,CS009,included,no,formal_verification,2,title-screen,,,,Keyword score is prioritization only; it is not an eligibility or exclusion decision.
CG0728,doi:10.18154/rwth-2017-08297,Industrial Applications of Probabilistic Model Checking- A Model-based Approach for Embedded Networked Systems and Concurrent Data Structures -,2017,,10.18154/rwth-2017-08297,,,semanticscholar,8b6e8a760a74f3e8c7d4bf2f47938c328aec3243,CS018,S28,,CS018,included,no,formal_verification,2,title-screen,,,,Keyword score is prioritization only; it is not an eligibility or exclusion decision.
CG0730,doi:10.20868/upm.thesis.37874,Formal Verification of Temporal Properties for Parametrized Concurrent Programs and Concurrent Data Structures,2015,2015-09-25,10.20868/upm.thesis.37874,,,semanticscholar,9d5cfcc5fc01c23b33dfe6a134a18a9255b3e7cd,CS009,S10,,CS009,included,no,formal_verification,2,title-screen,,,,Keyword score is prioritization only; it is not an eligibility or exclusion decision.
CG0747,doi:10.31274/etd-180810-4603,Formal foundations for hybrid effect analysis,2016,,10.31274/etd-180810-4603,,,semanticscholar,6adf7d93d09fa28824bb5d65c95f17b6252e1b06,CS009,S10,,CS009,included,no,formal_verification,2,title-screen,,,,Keyword score is prioritization only; it is not an eligibility or exclusion decision.
CG0764,doi:10.4230/lipics.ecoop.2015.639,Modular Verification of Finite Blocking in Non-terminating Programs,2015,,10.4230/lipics.ecoop.2015.639,,European Conference on Object-Oriented Programming,semanticscholar,15fef642b8e86244f94eda8a284554ea6b7c3eba,CS009;CS011,S10;S15,CS011,CS009,included,no,formal_verification,2,title-screen,,,,Keyword score is prioritization only; it is not an eligibility or exclusion decision.
CG0771,doi:10.4230/lipics.ecoop.2023.19,Exact Separation Logic: Towards Bridging the Gap Between Verification and Bug-Finding,2022,2022-08-15,10.4230/lipics.ecoop.2023.19,2208.07200,European Conference on Object-Oriented Programming,semanticscholar,0e66ad9d80836240f15b10aef748fa4c872a044e,CS013,S17,,CS013,included,no,formal_verification,2,title-screen,,,,Keyword score is prioritization only; it is not an eligibility or exclusion decision.
CG0772,doi:10.4230/lipics.ecoop.2023.22,Modular Verification of State-Based CRDTs in Separation Logic,2023,,10.4230/lipics.ecoop.2023.22,,European Conference on Object-Oriented Programming,semanticscholar,ad559be53cc3c48a0151aa01a220deea090c73c8,CS006,S07,,CS006,included,no,formal_verification,2,title-screen,,,,Keyword score is prioritization only; it is not an eligibility or exclusion decision.
CG0783,doi:10.5381/jot.2026.25.1.a4,VeriFast's separation logic: a logic without laters for modular verification of fine-grained concurrent programs,2025,2025-05-07,10.5381/jot.2026.25.1.a4,2505.04500,Journal of Object Technology,semanticscholar,6d79593c78f89cd93ec04c6fc5366650297d7cfb,CS010,S14,,CS010,included,no,formal_verification,2,title-screen,,,,Keyword score is prioritization only; it is not an eligibility or exclusion decision.
CG0792,s2:14277adc06727b66b59f208c2f481b5fb62caf39,Armed Cats: formal concurrency modelling at Arm,2023,,,,,semanticscholar,14277adc06727b66b59f208c2f481b5fb62caf39,CS004,S05,CS004,,included,no,formal_verification,2,title-screen,,,,Keyword score is prioritization only; it is not an eligibility or exclusion decision.
CG0797,s2:1fa4f25ac3bfbe672ae9310c02ed0deaf93a6ed6,Decision procedures for the temporal verification of concurrent data structures,2011,,,,,semanticscholar,1fa4f25ac3bfbe672ae9310c02ed0deaf93a6ed6,CS009,S10,,CS009,included,no,formal_verification,2,title-screen,,,,Keyword score is prioritization only; it is not an eligibility or exclusion decision.
CG0802,s2:2fff5a0da495638b70dbecfb13f10030b6a57f48,Data Refinement: Model-oriented Proof Theories and their Comparison,1998,,,,Cambridge Tracts in Theoretical Computer Science,semanticscholar,2fff5a0da495638b70dbecfb13f10030b6a57f48,CS008,S09,CS008,,included,no,formal_verification,2,title-screen,,,,Keyword score is prioritization only; it is not an eligibility or exclusion decision.
CG0813,s2:5808d216164a216bb1c94f184920ace13017abc6,Viper A Verification Infrastructure for Permission-Based Reasoning,2014,,,,,semanticscholar,5808d216164a216bb1c94f184920ace13017abc6,CS007,S08,CS007,,included,no,formal_verification,2,title-screen,,,,Keyword score is prioritization only; it is not an eligibility or exclusion decision.
CG0821,s2:6a93fb1bc6b192555da3768f1a98aeab83f2ac9b,5th International Verification Workshop - VERIFY'08,2008,2008-08-10,,,,semanticscholar,6a93fb1bc6b192555da3768f1a98aeab83f2ac9b,CS009,S10,,CS009,included,no,formal_verification,2,title-screen,,,,Keyword score is prioritization only; it is not an eligibility or exclusion decision.
CG0835,s2:8de3adb2d4548b3bf59808c18c2da8884cffdb6d,Mechanized Verification of the Correctness and Asymptotic Complexity of Programs. (Vérification mécanisée de la correction et complexité asymptotique de programmes),2019,2019-12-16,,,,semanticscholar,8de3adb2d4548b3bf59808c18c2da8884cffdb6d,CS016,A27,,CS016,included,no,formal_verification,2,title-screen,,,,Keyword score is prioritization only; it is not an eligibility or exclusion decision.
CG0838,s2:95a7ba7e7d8c50b466b22116a544b8bf632ffcfb,Model Checking for Stability Analysis in Rely-Guarantee Proofs,2008,,,,VERIFY,semanticscholar,95a7ba7e7d8c50b466b22116a544b8bf632ffcfb,CS009,S10,,CS009,included,no,formal_verification,2,title-screen,,,,Keyword score is prioritization only; it is not an eligibility or exclusion decision.
CG0840,s2:9b406452109d22e745b0958b11e5ef228561d4f3,"GoJournal: a verified, concurrent, crash-safe journaling system",2021,,,,USENIX Symposium on Operating Systems Design and Implementation,semanticscholar,9b406452109d22e745b0958b11e5ef228561d4f3,CS026,S27,CS026,,included,no,formal_verification,2,title-screen,,,,Keyword score is prioritization only; it is not an eligibility or exclusion decision.
CG0848,s2:b0bddb28b66026be533ddb63b3e1574c97378355,Foundational and Compositional Verification of Layered Concurrent Objects,,,,,,semanticscholar,b0bddb28b66026be533ddb63b3e1574c97378355,CS007;CS027,S08;S38,,CS007;CS027,unknown-date,no,formal_verification,2,manual-date-check,,,,Keyword score is prioritization only; it is not an eligibility or exclusion decision.
CG0862,s2:e18daa1c33702ab0f59da63729c0067992474319,Refinement Verification of Concurrent Programs and Its Applications,2014,,,,,semanticscholar,e18daa1c33702ab0f59da63729c0067992474319,CS029,S42,,CS029,included,no,formal_verification,2,title-screen,,,,Keyword score is prioritization only; it is not an eligibility or exclusion decision.
CG0865,s2:e9fe69ab0651b66673bbd8c844b4b886b9a10c6e,Under Consideration for Publication in Formal Aspects of Computing Proving Linearizability with Temporal Logic,,,,,,semanticscholar,e9fe69ab0651b66673bbd8c844b4b886b9a10c6e,CS027,S38,,CS027,unknown-date,no,formal_verification,2,manual-date-check,,,,Keyword score is prioritization only; it is not an eligibility or exclusion decision.
CG0869,s2:f1269591359fddc20f95da10c7bd4c054080b447,Principles of model checking,2008,2008-04-25,,,,semanticscholar,f1269591359fddc20f95da10c7bd4c054080b447,CS002,S02,CS002,,included,no,formal_verification,2,title-screen,,,,Keyword score is prioritization only; it is not an eligibility or exclusion decision.
CG0876,unknown:semanticscholar:cs001:references:0:47,Coq proof scripts and supplementary material for this paper (enclosed with submission),,,,,Supp 2020,semanticscholar,,CS001,S01,CS001,,unknown-date,no,formal_verification,2,manual-date-check,,,,Keyword score is prioritization only; it is not an eligibility or exclusion decision.
CG0929,unknown:semanticscholar:cs012:references:0:43,Vardi . “ Program verification : vision and reality ”,,,,,,semanticscholar,,CS012,S16,CS012,,unknown-date,no,formal_verification,2,manual-date-check,,,,Keyword score is prioritization only; it is not an eligibility or exclusion decision.
CG0942,unknown:semanticscholar:cs023:references:0:57,2025. Formally Verified Cost of the Parallel Prefix Sum Algorithm,,,,,cs.cmu.edu/ ~runmingl/student/zhou-scan.pdf,semanticscholar,,CS023,S35,CS023,,unknown-date,no,formal_verification,2,manual-date-check,,,,Keyword score is prioritization only; it is not an eligibility or exclusion decision.
CG0943,unknown:semanticscholar:cs026:references:0:24,2023b. Spirea: A Mechanized Concurrent Separation Logic for Weak Persistent Memory (Extended With Appendix),2023,,,,iris-project,semanticscholar,,CS026,S27,CS026,,included,no,formal_verification,2,title-screen,,,,Keyword score is prioritization only; it is not an eligibility or exclusion decision.
CG0956,unknown:semanticscholar:cs028:references:0:49,We instantiate our proof rules to derive a novel proof rule for parameterized systems,,,,,automates reasoning about the unboundedly many threads of parameterized systems (Sect. 3.5),semanticscholar,,CS028,S40,CS028,,unknown-date,no,formal_verification,2,manual-date-check,,,,Keyword score is prioritization only; it is not an eligibility or exclusion decision.
CG0016,arxiv:2311.15250,"Rely/Guarantee, Refinement and the ABA Problem: Part 1",2023,2023-11-26,10.48550/arxiv.2311.15250,2311.15250,arXiv.org,semanticscholar,3cd995eb653ab66872279de1402883d37b6280ae,CS027,S38,,CS027,included,no,reclamation_or_aba,1,title-screen,,,,Keyword score is prioritization only; it is not an eligibility or exclusion decision.
CG0214,doi:10.1007/978-3-642-37036-6_15,Verifying Concurrent Memory Reclamation Algorithms with Grace,2013,2013-03-16,10.1007/978-3-642-37036-6_15,,European Symposium on Programming,opencitations;semanticscholar,10.1007/978-3-642-37036-6_15;eee2a770af3ca6a88124b0a618114c258a92b9a0,CS018;CS019,S28;S29,CS019,CS018,included,no,reclamation_or_aba,1,title-screen,,,,Keyword score is prioritization only; it is not an eligibility or exclusion decision.
CG0001,arxiv:1212.5116,Proving linearisability via coarse-grained abstraction,2012,2012-12-20,,1212.5116,arXiv.org,semanticscholar,73679fa4c326ccd7b608c3eab1f82cf90bb56d02,CS024;CS025,A29;A30,,CS024;CS025,included,no,,0,title-screen,,,,Keyword score is prioritization only; it is not an eligibility or exclusion decision.
CG0002,arxiv:1410.6268,Verifying linearizability: A comparative survey,2014,2014-10-23,,1410.6268,arXiv.org,semanticscholar,3869c2c796062898073d47163ab33804040d32a7,CS009;CS018,S10;S28,,CS009;CS018,included,no,,0,title-screen,,,,Keyword score is prioritization only; it is not an eligibility or exclusion decision.
CG0003,arxiv:1606.01400,Operational Aspects of C/C++ Concurrency,2016,2016-06-04,,1606.01400,arXiv.org,semanticscholar,e6126481b828526ab8d1b010d1491fbe46025365,CS006;CS008,S07;S09,CS006;CS008,,included,no,,0,title-screen,,,,Keyword score is prioritization only; it is not an eligibility or exclusion decision.
CG0005,arxiv:1609.07546,Proving Linearizability via Branching Bisimulation,2016,2016-09-24,,1609.07546,arXiv.org,semanticscholar,997fc9f3a91e565e2a884e0d5374e954d96bb6df,CS029,S42,,CS029,included,no,,0,title-screen,,,,Keyword score is prioritization only; it is not an eligibility or exclusion decision.
CG0006,arxiv:1701.06104,Verifying Concurrent Stacks by Divergence-Sensitive Bisimulation,2017,2017-01-21,,1701.06104,arXiv.org,semanticscholar,83a97adeab3665d291cb4319f13dbc6795e9289c,CS029,S42,,CS029,included,no,,0,title-screen,,,,Keyword score is prioritization only; it is not an eligibility or exclusion decision.
CG0010,arxiv:2206.01784,Onesweep: A Faster Least Significant Digit Radix Sort for GPUs,2022,2022-06-03,10.48550/arxiv.2206.01784,2206.01784,arXiv.org,semanticscholar,753123ced1252730f4c0dbd86c9727655783ca3f,CS004,S05,CS004,,included,no,,0,title-screen,,,,Keyword score is prioritization only; it is not an eligibility or exclusion decision.
CG0011,arxiv:2208.00315,Implementing and Verifying Release-Acquire Transactional Memory (Extended Version),2022,2022-07-30,10.48550/arxiv.2208.00315,2208.00315,arXiv.org,semanticscholar,36ab7f598b92ffcfd79dfab7b2c8eeef7fa76730,CS001;CS006;CS008,S01;S07;S09,,CS001;CS006;CS008,included,no,,0,title-screen,,,,Keyword score is prioritization only; it is not an eligibility or exclusion decision.
CG0014,arxiv:2306.01614,Specifying and Verifying Persistent Libraries,2023,2023-06-02,10.48550/arxiv.2306.01614,2306.01614,European Symposium on Programming,semanticscholar,a96846b9fa36a90563ab6187d912d0ea9a0a42d3,CS006,S07,,CS006,included,no,,0,title-screen,,,,Keyword score is prioritization only; it is not an eligibility or exclusion decision.
CG0017,arxiv:2311.17037,Concurrent Stochastic Lossy Channel Games,2023,2023-11-28,10.48550/arxiv.2311.17037,2311.17037,Annual Conference for Computer Science Logic,semanticscholar,803f06c34e661a728a0596ec42b0931585de2631,CS001,S01,,CS001,included,no,,0,title-screen,,,,Keyword score is prioritization only; it is not an eligibility or exclusion decision.
CG0018,arxiv:2312.15379,A flexible specification approach for verifying total correctness of fine-grained concurrent modules,2023,2023-12-24,,2312.15379,,semanticscholar,9fffe361d3f9fa72b4823331e95408c6bbc48f90,CS011,S15,CS011,,included,no,,0,title-screen,,,,Keyword score is prioritization only; it is not an eligibility or exclusion decision.
CG0022,arxiv:2502.03320,Complementing an imperative process algebra with a rely/guarantee logic,2025,2025-02-05,10.48550/arxiv.2502.03320,2502.03320,arXiv.org,semanticscholar,15af0e5b233614646e9b61f9fcd452b0b395438d,CS009,S10,,CS009,included,no,,0,title-screen,,,,Keyword score is prioritization only; it is not an eligibility or exclusion decision.
CG0023,arxiv:2507.04298,CCR 2.0: High-level Reasoning for Conditional Refinements,2025,2025-07-06,10.48550/arxiv.2507.04298,2507.04298,arXiv.org,semanticscholar,399513a004a9ce8ecb8ea7bbbee2d2a92bb98931,CS014,S19,,CS014,included,no,,0,title-screen,,,,Keyword score is prioritization only; it is not an eligibility or exclusion decision.
CG0024,arxiv:2601.11836,Trace Validation of Unmodified Concurrent Systems with OmniLink,2026,2026-01-16,10.48550/arxiv.2601.11836,2601.11836,arXiv.org,semanticscholar,887c1d68265585c05fb4b58c062580e5c6335aad,CS022,S33,,CS022,included,no,,0,title-screen,,,,Keyword score is prioritization only; it is not an eligibility or exclusion decision.
CG0029,arxiv:2607.12642,Building Extensible Program Logics through Effect Handlers,2026,2026-07-14,,2607.12642,,semanticscholar,e1725312b1edc33d6ebe9b5a38c3491cfce76c3e,CS006,S07,,CS006,included,no,,0,title-screen,,,,Keyword score is prioritization only; it is not an eligibility or exclusion decision.
CG0031,doi:10.1002/cpe.3928,Testing for linearizability,2017,2017-02-25,10.1002/cpe.3928,,Concurrency and Computation,opencitations;semanticscholar,10.1002/cpe.3928;5fbff85af05714be32d463afcfc61850d6118276,CS022,S33,CS022,,included,no,,0,title-screen,,,,Keyword score is prioritization only; it is not an eligibility or exclusion decision.
CG0033,doi:10.1006/inco.1995.1134,,,,10.1006/inco.1995.1134,,,opencitations,10.1006/inco.1995.1134,CS021,S31,CS021,,unknown-date,no,,0,manual-date-check,,,,Keyword score is prioritization only; it is not an eligibility or exclusion decision.
CG0034,doi:10.1006/inco.1996.0056,,,,10.1006/inco.1996.0056,,,opencitations,10.1006/inco.1996.0056,CS009,S10,CS009,,unknown-date,no,,0,manual-date-check,,,,Keyword score is prioritization only; it is not an eligibility or exclusion decision.
CG0035,doi:10.1006/inco.2001.3085,,,,10.1006/inco.2001.3085,,,opencitations,10.1006/inco.2001.3085,CS014,S19,CS014,,unknown-date,no,,0,manual-date-check,,,,Keyword score is prioritization only; it is not an eligibility or exclusion decision.
CG0036,doi:10.1006/jpdc.1996.0107,,,,10.1006/jpdc.1996.0107,,,opencitations,10.1006/jpdc.1996.0107,CS019,S29,CS019,,unknown-date,no,,0,manual-date-check,,,,Keyword score is prioritization only; it is not an eligibility or exclusion decision.
CG0037,doi:10.1006/jpdc.1998.1446,,,,10.1006/jpdc.1998.1446,,,opencitations,10.1006/jpdc.1998.1446,CS024;CS025;CS027,A29;A30;S38,CS024;CS025;CS027,,unknown-date,no,,0,manual-date-check,,,,Keyword score is prioritization only; it is not an eligibility or exclusion decision.
CG0039,doi:10.1007/11531142_26,,,,10.1007/11531142_26,,,opencitations,10.1007/11531142_26,CS014,S19,CS014,,unknown-date,no,,0,manual-date-check,,,,Keyword score is prioritization only; it is not an eligibility or exclusion decision.
CG0040,doi:10.1007/11547662_7,,,,10.1007/11547662_7,,,opencitations,10.1007/11547662_7,CS019,S29,CS019,,unknown-date,no,,0,manual-date-check,,,,Keyword score is prioritization only; it is not an eligibility or exclusion decision.
CG0041,doi:10.1007/11561071_31,,,,10.1007/11561071_31,,,opencitations,10.1007/11561071_31,CS029,S42,CS029,,unknown-date,no,,0,manual-date-check,,,,Keyword score is prioritization only; it is not an eligibility or exclusion decision.
CG0042,doi:10.1007/11561927_8,,,,10.1007/11561927_8,,,opencitations,10.1007/11561927_8,CS029,S42,CS029,,unknown-date,no,,0,manual-date-check,,,,Keyword score is prioritization only; it is not an eligibility or exclusion decision.
CG0043,doi:10.1007/11693024_3,,,,10.1007/11693024_3,,,opencitations,10.1007/11693024_3,CS019,S29,CS019,,unknown-date,no,,0,manual-date-check,,,,Keyword score is prioritization only; it is not an eligibility or exclusion decision.
CG0044,doi:10.1007/11783596_11,,,,10.1007/11783596_11,,,opencitations,10.1007/11783596_11,CS024,A29,CS024,,unknown-date,no,,0,manual-date-check,,,,Keyword score is prioritization only; it is not an eligibility or exclusion decision.
CG0045,doi:10.1007/11795490_3,,,,10.1007/11795490_3,,,opencitations,10.1007/11795490_3,CS014,S19,CS014,,unknown-date,no,,0,manual-date-check,,,,Keyword score is prioritization only; it is not an eligibility or exclusion decision.
CG0046,doi:10.1007/11817949_16,A New Type System for Deadlock-Free Processes,2006,2006-08-27,10.1007/11817949_16,,International Conference on Concurrency Theory,semanticscholar,7137ad38b8a652ace4a07c5fe51b8c151a28f950,CS011,S15,CS011,,included,no,,0,title-screen,,,,Keyword score is prioritization only; it is not an eligibility or exclusion decision.
CG0047,doi:10.1007/11817963_35,,,,10.1007/11817963_35,,,opencitations,10.1007/11817963_35,CS009,S10,CS009,,unknown-date,no,,0,manual-date-check,,,,Keyword score is prioritization only; it is not an eligibility or exclusion decision.
CG0048,doi:10.1007/11817963_44,,,,10.1007/11817963_44,,,opencitations,10.1007/11817963_44,CS024,A29,CS024,,unknown-date,no,,0,manual-date-check,,,,Keyword score is prioritization only; it is not an eligibility or exclusion decision.
CG0050,doi:10.1007/11901433_16,,,,10.1007/11901433_16,,,opencitations,10.1007/11901433_16,CS009;CS024;CS029,A29;S10;S42,CS009;CS024;CS029,,unknown-date,no,,0,manual-date-check,,,,Keyword score is prioritization only; it is not an eligibility or exclusion decision.
CG0053,doi:10.1007/3-540-10828-9_61,,,,10.1007/3-540-10828-9_61,,,opencitations,10.1007/3-540-10828-9_61,CS003,S03,CS003,,unknown-date,no,,0,manual-date-check,,,,Keyword score is prioritization only; it is not an eligibility or exclusion decision.
CG0055,doi:10.1007/3-540-16042-6_21,,,,10.1007/3-540-16042-6_21,,,opencitations,10.1007/3-540-16042-6_21,CS014,S19,CS014,,unknown-date,no,,0,manual-date-check,,,,Keyword score is prioritization only; it is not an eligibility or exclusion decision.
CG0056,doi:10.1007/3-540-16780-3_99,,,,10.1007/3-540-16780-3_99,,,opencitations,10.1007/3-540-16780-3_99,CS021,S31,CS021,,unknown-date,no,,0,manual-date-check,,,,Keyword score is prioritization only; it is not an eligibility or exclusion decision.
CG0057,doi:10.1007/3-540-36108-1_18,A Practical Multi-word Compare-and-Swap Operation,2002,2002-10-28,10.1007/3-540-36108-1_18,,International Symposium on Distributed Computing,opencitations;semanticscholar,10.1007/3-540-36108-1_18;b64f4ff88cdb7c5739dbfacbfe9ff590c8fe61ef,CS012;CS019,S16;S29,CS012;CS019,,included,no,,0,title-screen,,,,Keyword score is prioritization only; it is not an eligibility or exclusion decision.
CG0058,doi:10.1007/3-540-36108-1_23,,,,10.1007/3-540-36108-1_23,,,opencitations,10.1007/3-540-36108-1_23,CS024,A29,CS024,,unknown-date,no,,0,manual-date-check,,,,Keyword score is prioritization only; it is not an eligibility or exclusion decision.
CG0060,doi:10.1007/3-540-44880-2_10,,,,10.1007/3-540-44880-2_10,,,opencitations,10.1007/3-540-44880-2_10,CS027,S38,CS027,,unknown-date,no,,0,manual-date-check,,,,Keyword score is prioritization only; it is not an eligibility or exclusion decision.
CG0061,doi:10.1007/3-540-44898-5_4,Checking Interference with Fractional Permissions,2003,2003-06-11,10.1007/3-540-44898-5_4,,Sensors Applications Symposium,opencitations;semanticscholar,10.1007/3-540-44898-5_4;f744e6fe7b8d9f92205d3a407e0446369c5f02bd,CS013;CS019;CS023,S17;S29;S35,CS013;CS019;CS023,,included,no,,0,title-screen,,,,Keyword score is prioritization only; it is not an eligibility or exclusion decision.
CG0064,doi:10.1007/3-540-45927-8_4,,,,10.1007/3-540-45927-8_4,,,opencitations,10.1007/3-540-45927-8_4,CS019,S29,CS019,,unknown-date,no,,0,manual-date-check,,,,Keyword score is prioritization only; it is not an eligibility or exclusion decision.
CG0066,doi:10.1007/3-540-61474-5_91,,,,10.1007/3-540-61474-5_91,,,opencitations,10.1007/3-540-61474-5_91,CS024,A29,CS024,,unknown-date,no,,0,manual-date-check,,,,Keyword score is prioritization only; it is not an eligibility or exclusion decision.
CG0067,doi:10.1007/3-540-61769-8_9,,,,10.1007/3-540-61769-8_9,,,opencitations,10.1007/3-540-61769-8_9,CS021,S31,CS021,,unknown-date,no,,0,manual-date-check,,,,Keyword score is prioritization only; it is not an eligibility or exclusion decision.
CG0068,doi:10.1007/978-1-4419-8528-6,,,,10.1007/978-1-4419-8528-6,,,opencitations,10.1007/978-1-4419-8528-6,CS024,A29,CS024,,unknown-date,no,,0,manual-date-check,,,,Keyword score is prioritization only; it is not an eligibility or exclusion decision.
CG0069,doi:10.1007/978-1-4471-0257-1,,,,10.1007/978-1-4471-0257-1,,,opencitations,10.1007/978-1-4471-0257-1,CS027,S38,CS027,,unknown-date,no,,0,manual-date-check,,,,Keyword score is prioritization only; it is not an eligibility or exclusion decision.
CG0070,doi:10.1007/978-1-4612-0931-7,The Temporal Logic of Reactive and Concurrent Systems,1991,1991-12-18,10.1007/978-1-4612-0931-7,,Springer: New York,opencitations;semanticscholar,10.1007/978-1-4612-0931-7;b570e945deb4ca308830be2810c45100854ec16a,CS003;CS004;CS024,A29;S03;S05,CS003;CS004;CS024,,included,no,,0,title-screen,,,,Keyword score is prioritization only; it is not an eligibility or exclusion decision.
CG0072,doi:10.1007/978-1-4757-3837-7,,,,10.1007/978-1-4757-3837-7,,,opencitations,10.1007/978-1-4757-3837-7,CS024,A29,CS024,,unknown-date,no,,0,manual-date-check,,,,Keyword score is prioritization only; it is not an eligibility or exclusion decision.
CG0073,doi:10.1007/978-1-4842-4932-1,,,,10.1007/978-1-4842-4932-1,,,opencitations,10.1007/978-1-4842-4932-1,CS021,S31,CS021,,unknown-date,no,,0,manual-date-check,,,,Keyword score is prioritization only; it is not an eligibility or exclusion decision.
CG0074,doi:10.1007/978-3-030-03592-1_19,Store Buffer Reduction in the Presence of Mixed-Size Accesses and Misalignment,2018,2018-07-18,10.1007/978-3-030-03592-1_19,,"Verified Software: Theories, Tools, Experiments",opencitations;semanticscholar,10.1007/978-3-030-03592-1_19;6921b29eb5d5ddf309b3b4fe1f98a8e00abba0a0,CS001,S01,CS001,,included,no,,0,title-screen,,,,Keyword score is prioritization only; it is not an eligibility or exclusion decision.
CG0075,doi:10.1007/978-3-030-17184-1_1,Time Credits and Time Receipts in Iris,2019,2019-04-08,10.1007/978-3-030-17184-1_1,,European Symposium on Programming,opencitations;semanticscholar,07fbab2e25a58030bbf0e175e44e5849fb384ff9;10.1007/978-3-030-17184-1_1,CS010;CS012;CS016;CS019;CS023,A27;S14;S16;S29;S35,CS010;CS012;CS019;CS023,CS016,included,no,,0,title-screen,,,,Keyword score is prioritization only; it is not an eligibility or exclusion decision.
CG0077,doi:10.1007/978-3-030-25543-5_30,Violat: Generating Tests of Observational Refinement for Concurrent Objects,2019,2019-07-15,10.1007/978-3-030-25543-5_30,,International Conference on Computer Aided Verification,opencitations;semanticscholar,10.1007/978-3-030-25543-5_30;aeb04a842013aab07b1e3a3a482777d5d98729ad,CS022,S33,CS022,,included,no,,0,title-screen,,,,Keyword score is prioritization only; it is not an eligibility or exclusion decision.
CG0078,doi:10.1007/978-3-030-31784-3_27,,,,10.1007/978-3-030-31784-3_27,,,opencitations,10.1007/978-3-030-31784-3_27,CS003,S03,CS003,,unknown-date,no,,0,manual-date-check,,,,Keyword score is prioritization only; it is not an eligibility or exclusion decision.
CG0079,doi:10.1007/978-3-030-32505-3_11,Starvation-Free Monitors,2019,2019-10-31,10.1007/978-3-030-32505-3_11,,International Colloquium on Theoretical Aspects of Computing,opencitations;semanticscholar,092d3b57ed7cdb674b9efd0a34cf079ad63d8c9f;10.1007/978-3-030-32505-3_11,CS013;CS016,A27;S17,,CS013;CS016,included,no,,0,title-screen,,,,Keyword score is prioritization only; it is not an eligibility or exclusion decision.
CG0080,doi:10.1007/978-3-030-44914-8_11,Verifying Visibility-Based Weak Consistency,2019,2019-11-04,10.1007/978-3-030-44914-8_11,1911.01508,European Symposium on Programming,opencitations;semanticscholar,10.1007/978-3-030-44914-8_11;66f8168db46b938b5c59e6045b7efb19580f7987,CS006;CS008,S07;S09,CS006;CS008,,included,no,,0,title-screen,,,,Keyword score is prioritization only; it is not an eligibility or exclusion decision.
CG0081,doi:10.1007/978-3-030-44914-8_13,Aneris: A Mechanised Logic for Modular Reasoning about Distributed Systems,2020,2020-04-18,10.1007/978-3-030-44914-8_13,,European Symposium on Programming,semanticscholar,585c6c25e1b765e8426d9e3269175f82c6c85ec6,CS010,S14,CS010,,included,no,,0,title-screen,,,,Keyword score is prioritization only; it is not an eligibility or exclusion decision.
CG0084,doi:10.1007/978-3-030-48077-6_2,Adding Concurrency to a Sequential Refinement Tower,2020,2020-04-22,10.1007/978-3-030-48077-6_2,,"International Conference on Abstract State Machines, Alloy, B, TLA, VDM, and Z",opencitations;semanticscholar,10.1007/978-3-030-48077-6_2;cc3a657f120f3a0da4e75eb5d2aa8d470351c96c,CS018,S28,,CS018,included,no,,0,title-screen,,,,Keyword score is prioritization only; it is not an eligibility or exclusion decision.
CG0085,doi:10.1007/978-3-030-50086-3_3,,,,10.1007/978-3-030-50086-3_3,,,opencitations,10.1007/978-3-030-50086-3_3,CS021,S31,CS021,,unknown-date,no,,0,manual-date-check,,,,Keyword score is prioritization only; it is not an eligibility or exclusion decision.
CG0086,doi:10.1007/978-3-030-72019-3_1,,,,10.1007/978-3-030-72019-3_1,,,opencitations,10.1007/978-3-030-72019-3_1,CS003,S03,CS003,,unknown-date,no,,0,manual-date-check,,,,Keyword score is prioritization only; it is not an eligibility or exclusion decision.
CG0087,doi:10.1007/978-3-030-72019-3_20,Temporal Refinements for Guarded Recursive Types,2020,2020-07-16,10.1007/978-3-030-72019-3_20,,European Symposium on Programming,semanticscholar,61ecd7f8cd1da082b7bf948eef2cc36bcde19ff4,CS012,S16,CS012,,included,no,,0,title-screen,,,,Keyword score is prioritization only; it is not an eligibility or exclusion decision.
CG0090,doi:10.1007/978-3-030-90870-6_22,,2021,2021,10.1007/978-3-030-90870-6_22,,,opencitations,10.1007/978-3-030-90870-6_22,CS007;CS013,S08;S17,CS007,CS013,included,no,,0,missing-title-manual-check,,,,Keyword score is prioritization only; it is not an eligibility or exclusion decision.
CG0091,doi:10.1007/978-3-030-91014-3_17,Verifying and Optimizing the HMCS Lock for Arm Servers,2021,,10.1007/978-3-030-91014-3_17,,International Conference on Networked Systems,semanticscholar,26658b8560b1e8d2999bce6e683f5cb513d04714,CS001,S01,CS001,,included,no,,0,title-screen,,,,Keyword score is prioritization only; it is not an eligibility or exclusion decision.
CG0092,doi:10.1007/978-3-030-99336-8_12,Probabilistic Total Store Ordering,2022,2022-01-25,10.1007/978-3-030-99336-8_12,2201.10213,European Symposium on Programming,opencitations;semanticscholar,10.1007/978-3-030-99336-8_12;7c5dbb14f4ce6b24001cf4b16af50505dbd7b44b,CS001;CS003,S01;S03,CS003,CS001,included,no,,0,title-screen,,,,Keyword score is prioritization only; it is not an eligibility or exclusion decision.
CG0094,doi:10.1007/978-3-030-99336-8_9,View-Based Owicki-Gries Reasoning for Persistent x86-TSO (Extended Version),2022,2022-01-15,10.1007/978-3-030-99336-8_9,2201.05860,European Symposium on Programming,opencitations;semanticscholar,10.1007/978-3-030-99336-8_9;8bfb030ded6c3005f84e2855c3388871fb7ddf66,CS026,S27,CS026,,included,no,,0,title-screen,,,,Keyword score is prioritization only; it is not an eligibility or exclusion decision.
CG0097,doi:10.1007/978-3-031-37706-8_12,Unblocking Dynamic Partial Order Reduction,2023,2023,10.1007/978-3-031-37706-8_12,,International Conference on Computer Aided Verification,opencitations;semanticscholar,10.1007/978-3-031-37706-8_12;19ca1d0f9f9b0546914a9be4766f57388cc80f07,CS001;CS022,S01;S33,CS022,CS001,included,no,,0,title-screen,,,,Keyword score is prioritization only; it is not an eligibility or exclusion decision.
CG0099,doi:10.1007/978-3-031-37706-8_8,Lincheck: A Practical Framework for Testing Concurrent Data Structures on JVM,2023,,10.1007/978-3-031-37706-8_8,,International Conference on Computer Aided Verification,opencitations;semanticscholar,10.1007/978-3-031-37706-8_8;eeb6fa5edb9ed3c031ec3f11dfa04d22415da1df,CS022,S33,CS022,,included,no,,0,title-screen,,,,Keyword score is prioritization only; it is not an eligibility or exclusion decision.
CG0100,doi:10.1007/978-3-031-40436-8_5,,2023,2023,10.1007/978-3-031-40436-8_5,,,opencitations,10.1007/978-3-031-40436-8_5,CS014,S19,,CS014,included,no,,0,missing-title-manual-check,,,,Keyword score is prioritization only; it is not an eligibility or exclusion decision.
CG0101,doi:10.1007/978-3-031-47115-5_17,,,,10.1007/978-3-031-47115-5_17,,,opencitations,10.1007/978-3-031-47115-5_17,CS018,S28,,CS018,unknown-date,no,,0,manual-date-check,,,,Keyword score is prioritization only; it is not an eligibility or exclusion decision.
CG0102,doi:10.1007/978-3-031-50521-8_2,,,,10.1007/978-3-031-50521-8_2,,,opencitations,10.1007/978-3-031-50521-8_2,CS021,S31,CS021,,unknown-date,no,,0,manual-date-check,,,,Keyword score is prioritization only; it is not an eligibility or exclusion decision.
CG0103,doi:10.1007/978-3-031-56222-8_1,,2024,2024,10.1007/978-3-031-56222-8_1,,,opencitations,10.1007/978-3-031-56222-8_1,CS003,S03,,CS003,included,no,,0,missing-title-manual-check,,,,Keyword score is prioritization only; it is not an eligibility or exclusion decision.
CG0105,doi:10.1007/978-3-031-57267-8_6,,,,10.1007/978-3-031-57267-8_6,,,opencitations,10.1007/978-3-031-57267-8_6,CS021,S31,CS021,,unknown-date,no,,0,manual-date-check,,,,Keyword score is prioritization only; it is not an eligibility or exclusion decision.
CG0106,doi:10.1007/978-3-031-57267-8_8,,2024,2024,10.1007/978-3-031-57267-8_8,,,opencitations,10.1007/978-3-031-57267-8_8,CS006;CS021,S07;S31,CS021,CS006,included,no,,0,missing-title-manual-check,,,,Keyword score is prioritization only; it is not an eligibility or exclusion decision.
CG0107,doi:10.1007/978-3-031-65941-6_3,,2024,2024,10.1007/978-3-031-65941-6_3,,,opencitations,10.1007/978-3-031-65941-6_3,CS018,S28,,CS018,included,no,,0,missing-title-manual-check,,,,Keyword score is prioritization only; it is not an eligibility or exclusion decision.
CG0108,doi:10.1007/978-3-031-66673-5_13,,2024,2024,10.1007/978-3-031-66673-5_13,,,opencitations,10.1007/978-3-031-66673-5_13,CS027,S38,,CS027,included,no,,0,missing-title-manual-check,,,,Keyword score is prioritization only; it is not an eligibility or exclusion decision.
CG0109,doi:10.1007/978-3-031-66676-6_4,,2024,2024,10.1007/978-3-031-66676-6_4,,,opencitations,10.1007/978-3-031-66676-6_4,CS014,S19,,CS014,included,no,,0,missing-title-manual-check,,,,Keyword score is prioritization only; it is not an eligibility or exclusion decision.
CG0110,doi:10.1007/978-3-031-66676-6_5,,2024,2024,10.1007/978-3-031-66676-6_5,,,opencitations,10.1007/978-3-031-66676-6_5,CS001;CS003,S01;S03,,CS001;CS003,included,no,,0,missing-title-manual-check,,,,Keyword score is prioritization only; it is not an eligibility or exclusion decision.
CG0111,doi:10.1007/978-3-031-71162-6_27,,2024,2024-09-11,10.1007/978-3-031-71162-6_27,,,opencitations,10.1007/978-3-031-71162-6_27,CS026,S27,,CS026,included,no,,0,missing-title-manual-check,,,,Keyword score is prioritization only; it is not an eligibility or exclusion decision.
CG0113,doi:10.1007/978-3-031-91118-7_3,Sufficient Conditions for Robustness of RDMA Programs,2025,2025,10.1007/978-3-031-91118-7_3,,European Symposium on Programming,opencitations;semanticscholar,10.1007/978-3-031-91118-7_3;9800e9946d48192749b1c7149fa6de2771e580e2,CS026,S27,,CS026,included,no,,0,title-screen,,,,Keyword score is prioritization only; it is not an eligibility or exclusion decision.
CG0114,doi:10.1007/978-3-031-92196-4_1,,2025,2025,10.1007/978-3-031-92196-4_1,,,opencitations,10.1007/978-3-031-92196-4_1,CS018,S28,,CS018,included,no,,0,missing-title-manual-check,,,,Keyword score is prioritization only; it is not an eligibility or exclusion decision.
CG0116,doi:10.1007/978-3-031-98208-8_8,Portability of Optimizations from SC to TSO,2025,2025-07-09,10.1007/978-3-031-98208-8_8,2504.17646,Theoretical Aspects of Software Engineering,opencitations;semanticscholar,10.1007/978-3-031-98208-8_8;47482cb770e6c3455a914d7687939e7aad54367b,CS001,S01,,CS001,included,no,,0,title-screen,,,,Keyword score is prioritization only; it is not an eligibility or exclusion decision.
CG0117,doi:10.1007/978-3-032-11176-0_7,,2025,2025-11-23,10.1007/978-3-032-11176-0_7,,,opencitations,10.1007/978-3-032-11176-0_7,CS014,S19,,CS014,included,no,,0,missing-title-manual-check,,,,Keyword score is prioritization only; it is not an eligibility or exclusion decision.
CG0119,doi:10.1007/978-3-319-06251-8_1,Developments in concurrent Kleene algebra,2014,2014-04-28,10.1007/978-3-319-06251-8_1,,J. Log. Algebraic Methods Program.,semanticscholar,14d8300149edbf9bece5e1e968790db019ac7452,CS009,S10,,CS009,included,no,,0,title-screen,,,,Keyword score is prioritization only; it is not an eligibility or exclusion decision.
CG0120,doi:10.1007/978-3-319-06410-9_15,Quiescent Consistency: Defining and Verifying Relaxed Linearizability,2014,2014-05-12,10.1007/978-3-319-06410-9_15,,World Congress on Formal Methods,opencitations;semanticscholar,10.1007/978-3-319-06410-9_15;d8866f1a34388249db8d09af74c83f507993bf5a,CS006;CS018;CS027,S07;S28;S38,CS006,CS018;CS027,included,no,,0,title-screen,,,,Keyword score is prioritization only; it is not an eligibility or exclusion decision.
CG0122,doi:10.1007/978-3-319-12736-1_15,Resource Analysis of Complex Programs with Cost Equations,2014,2014-11-17,10.1007/978-3-319-12736-1_15,,Asian Symposium on Programming Languages and Systems,opencitations;semanticscholar,10.1007/978-3-319-12736-1_15;6293ef89a70025102d4a73c1994c3043924b5a9b,CS028,S40,CS028,,included,no,,0,title-screen,,,,Keyword score is prioritization only; it is not an eligibility or exclusion decision.
CG0124,doi:10.1007/978-3-319-21668-3_1,Poling: SMT Aided Linearizability Proofs,2015,2015-07-18,10.1007/978-3-319-21668-3_1,,International Conference on Computer Aided Verification,opencitations;semanticscholar,10.1007/978-3-319-21668-3_1;9e2979a681fd9ddc4b270566f7abc6c25c43dcf8,CS007,S08,CS007,,included,no,,0,title-screen,,,,Keyword score is prioritization only; it is not an eligibility or exclusion decision.
CG0127,doi:10.1007/978-3-319-47677-3_3,Performance Evaluation of Concurrent Data Structures,2016,2016-11-09,10.1007/978-3-319-47677-3_3,,"International Symposium on Software Engineering: Theories, Tools, and Applications",opencitations;semanticscholar,10.1007/978-3-319-47677-3_3;bf77c82a51cd7011bdb72690fb81e970fb017a04,CS018,S28,,CS018,included,no,,0,title-screen,,,,Keyword score is prioritization only; it is not an eligibility or exclusion decision.
CG0129,doi:10.1007/978-3-319-48989-6_26,A Generic Logic for Proving Linearizability,2016,2016-11-09,10.1007/978-3-319-48989-6_26,,World Congress on Formal Methods,opencitations;semanticscholar,10.1007/978-3-319-48989-6_26;bc5825c7082077d54ac8dea2e068b3269ae83997,CS022,S33,CS022,,included,no,,0,title-screen,,,,Keyword score is prioritization only; it is not an eligibility or exclusion decision.
CG0130,doi:10.1007/978-3-319-48989-6_29,,,,10.1007/978-3-319-48989-6_29,,,opencitations,10.1007/978-3-319-48989-6_29,CS003,S03,CS003,,unknown-date,no,,0,manual-date-check,,,,Keyword score is prioritization only; it is not an eligibility or exclusion decision.
CG0133,doi:10.1007/978-3-319-66706-5_9,Effect Summaries for Thread-Modular Analysis,2017,2017-05-10,10.1007/978-3-319-66706-5_9,1705.03701,Sensors Applications Symposium,opencitations;semanticscholar,10.1007/978-3-319-66706-5_9;480e7a7b1f43fff2fc4cf66f8a79e76f80a6fdf6,CS028,S40,CS028,,included,no,,0,title-screen,,,,Keyword score is prioritization only; it is not an eligibility or exclusion decision.
CG0134,doi:10.1007/978-3-319-70278-0_30,A Concurrent Perspective on Smart Contracts,2017,2017-02-17,10.1007/978-3-319-70278-0_30,1702.05511,Financial Cryptography Workshops,opencitations;semanticscholar,10.1007/978-3-319-70278-0_30;12d7923568bf4fa077c65fd5f93a0f42a9cc640d,CS009;CS014,S10;S19,,CS009;CS014,included,no,,0,title-screen,,,,Keyword score is prioritization only; it is not an eligibility or exclusion decision.
CG0136,doi:10.1007/978-3-319-73721-8_10,From Shapes to Amortized Complexity,2018,2018-01-07,10.1007/978-3-319-73721-8_10,,"International Conference on Verification, Model Checking and Abstract Interpretation",opencitations;semanticscholar,10.1007/978-3-319-73721-8_10;1ab6f2601705fd55167b0a3c0d5b316a8f3481fc,CS028,S40,CS028,,included,no,,0,title-screen,,,,Keyword score is prioritization only; it is not an eligibility or exclusion decision.
CG0137,doi:10.1007/978-3-319-73721-8_9,On abstraction and compositionality for weak-memory linearisability,2018,2018-01-07,10.1007/978-3-319-73721-8_9,,"International Conference on Verification, Model Checking and Abstract Interpretation",opencitations;semanticscholar,10.1007/978-3-319-73721-8_9;1d366a0f5938161401df732f421025ee3ae20faa,CS006;CS007;CS008;CS022,S07;S08;S09;S33,CS006;CS007;CS008;CS022,,included,no,,0,title-screen,,,,Keyword score is prioritization only; it is not an eligibility or exclusion decision.
CG0138,doi:10.1007/978-3-319-89884-1_13,A Separation Logic for a Promising Semantics,2018,2018-04-16,10.1007/978-3-319-89884-1_13,,European Symposium on Programming,opencitations;semanticscholar,10.1007/978-3-319-89884-1_13;95d7db1b0aa608ac9e9b59b83949073322c67d63,CS006;CS008,S07;S09,CS006;CS008,,included,no,,0,title-screen,,,,Keyword score is prioritization only; it is not an eligibility or exclusion decision.
CG0139,doi:10.1007/978-3-319-89884-1_15,Deadlock-Free Monitors,2018,2018-04-16,10.1007/978-3-319-89884-1_15,,European Symposium on Programming,opencitations;semanticscholar,10.1007/978-3-319-89884-1_15;de65e9959fd9ff8602debd0694920146b9083920,CS013;CS016,A27;S17,,CS013;CS016,included,no,,0,title-screen,,,,Keyword score is prioritization only; it is not an eligibility or exclusion decision.
CG0141,doi:10.1007/978-3-319-89884-1_32,"Paxos Consensus, Deconstructed and Abstracted (Extended Version)",2018,2018-02-16,10.1007/978-3-319-89884-1_32,1802.05969,European Symposium on Programming,semanticscholar,979d13561e8c2cd2c2f75af7edfb0131aa04af6f,CS014,S19,,CS014,included,no,,0,title-screen,,,,Keyword score is prioritization only; it is not an eligibility or exclusion decision.
CG0142,doi:10.1007/978-3-319-89960-2_11,,,,10.1007/978-3-319-89960-2_11,,,opencitations,10.1007/978-3-319-89960-2_11,CS007,S08,CS007,,unknown-date,no,,0,manual-date-check,,,,Keyword score is prioritization only; it is not an eligibility or exclusion decision.
CG0143,doi:10.1007/978-3-319-89960-2_9,Hoare Logics for Time Bounds - A Study in Meta Theory,2018,2018-04-14,10.1007/978-3-319-89960-2_9,,International Conference on Tools and Algorithms for Construction and Analysis of Systems,opencitations;semanticscholar,09b9f37011f03cb344aa8eb16d13560ec2aa177d;10.1007/978-3-319-89960-2_9,CS016;CS023,A27;S35,CS023,CS016,included,no,,0,title-screen,,,,Keyword score is prioritization only; it is not an eligibility or exclusion decision.
CG0144,doi:10.1007/978-3-319-89963-3_16,Geometric Nontermination Arguments,2016,2016-09-16,10.1007/978-3-319-89963-3_16,1609.05207,International Conference on Tools and Algorithms for Construction and Analysis of Systems,opencitations;semanticscholar,10.1007/978-3-319-89963-3_16;68265492d23540cb71afed1d8a8a4be4c8eec456,CS004,S05,CS004,,included,no,,0,title-screen,,,,Keyword score is prioritization only; it is not an eligibility or exclusion decision.
CG0145,doi:10.1007/978-3-319-91280-6_1757,Curriculum,1932,1932-12-01,10.1007/978-3-319-91280-6_1757,,Encyclopedia of Autism Spectrum Disorders,semanticscholar,00d55b3002620ebeaf4c455bcf9ccce10cc3cc0d,CS006,S07,,CS006,included,no,,0,title-screen,,,,Keyword score is prioritization only; it is not an eligibility or exclusion decision.
CG0147,doi:10.1007/978-3-319-96142-2_21,Reasoning About TSO Programs Using Reduction and Abstraction,2018,2018-04-14,10.1007/978-3-319-96142-2_21,1804.05196,International Conference on Computer Aided Verification,opencitations;semanticscholar,10.1007/978-3-319-96142-2_21;107ae77e9b6b528dbf87035134626001ff0e0733,CS001,S01,CS001,,included,no,,0,title-screen,,,,Keyword score is prioritization only; it is not an eligibility or exclusion decision.
CG0148,doi:10.1007/978-3-319-98938-9_7,Making Linearizability Compositional for Partially Ordered Executions,2018,2018-09-05,10.1007/978-3-319-98938-9_7,,International Conference on Integrated Formal Methods,opencitations;semanticscholar,10.1007/978-3-319-98938-9_7;5f0f20e6311d5c50b92d34b26ff46df6fb6d86fd,CS006;CS008,S07;S09,CS006;CS008,,included,no,,0,title-screen,,,,Keyword score is prioritization only; it is not an eligibility or exclusion decision.
CG0149,doi:10.1007/978-3-540-24730-2_15,A Tool for Checking ANSI-C Programs,2004,2004-03-29,10.1007/978-3-540-24730-2_15,,International Conference on Tools and Algorithms for Construction and Analysis of Systems,opencitations;semanticscholar,10.1007/978-3-540-24730-2_15;5f5335a25d2b4ef0fb099ae917ff98d8afea97e3,CS022,S33,CS022,,included,no,,0,title-screen,,,,Keyword score is prioritization only; it is not an eligibility or exclusion decision.
CG0150,doi:10.1007/978-3-540-28644-8_2,A Semantics for Concurrent Separation Logic,2004,2004-08-31,10.1007/978-3-540-28644-8_2,,International Conference on Concurrency Theory,opencitations;semanticscholar,10.1007/978-3-540-28644-8_2;5f3bd158e3a9e4c2b9676e30f84f13b27c136b7d,CS002;CS007;CS010,S02;S08;S14,CS002;CS007;CS010,,included,no,,0,title-screen,,,,Keyword score is prioritization only; it is not an eligibility or exclusion decision.
CG0151,doi:10.1007/978-3-540-28644-8_4,"Resources, Concurrency and Local Reasoning",2004,2004-08-31,10.1007/978-3-540-28644-8_4,,International Conference on Concurrency Theory,opencitations;semanticscholar,10.1007/978-3-540-28644-8_4;9651bfd271e42b77f259828dc39920042731584b,CS002;CS007;CS010;CS012,S02;S08;S14;S16,CS002;CS007;CS010;CS012,,included,no,,0,title-screen,,,,Keyword score is prioritization only; it is not an eligibility or exclusion decision.
CG0153,doi:10.1007/978-3-540-31980-1_7,,,,10.1007/978-3-540-31980-1_7,,,opencitations,10.1007/978-3-540-31980-1_7,CS003,S03,CS003,,unknown-date,no,,0,manual-date-check,,,,Keyword score is prioritization only; it is not an eligibility or exclusion decision.
CG0154,doi:10.1007/978-3-540-32275-7_14,,,,10.1007/978-3-540-32275-7_14,,,opencitations,10.1007/978-3-540-32275-7_14,CS003,S03,CS003,,unknown-date,no,,0,manual-date-check,,,,Keyword score is prioritization only; it is not an eligibility or exclusion decision.
CG0156,doi:10.1007/978-3-540-70545-1_10,,,,10.1007/978-3-540-70545-1_10,,,opencitations,10.1007/978-3-540-70545-1_10,CS009,S10,CS009,,unknown-date,no,,0,manual-date-check,,,,Keyword score is prioritization only; it is not an eligibility or exclusion decision.
CG0158,doi:10.1007/978-3-540-70545-1_37,Thread Quantification for Concurrent Shape Analysis,2008,2008-07-07,10.1007/978-3-540-70545-1_37,,International Conference on Computer Aided Verification,opencitations;semanticscholar,10.1007/978-3-540-70545-1_37;894cf2a82386dca97e6d6c7b1d4230836ee4cec6,CS028,S40,CS028,,included,no,,0,title-screen,,,,Keyword score is prioritization only; it is not an eligibility or exclusion decision.
CG0159,doi:10.1007/978-3-540-73210-5_11,,,,10.1007/978-3-540-73210-5_11,,,opencitations,10.1007/978-3-540-73210-5_11,CS021;CS027,S31;S38,CS021;CS027,,unknown-date,no,,0,manual-date-check,,,,Keyword score is prioritization only; it is not an eligibility or exclusion decision.
CG0161,doi:10.1007/978-3-540-73368-3_49,Comparison Under Abstraction for Verifying Linearizability,2007,2007-07-03,10.1007/978-3-540-73368-3_49,,International Conference on Computer Aided Verification,opencitations;semanticscholar,10.1007/978-3-540-73368-3_49;abf5aa38af47b720895009d23a57aaf00adae497,CS022,S33,CS022,,included,no,,0,title-screen,,,,Keyword score is prioritization only; it is not an eligibility or exclusion decision.
CG0162,doi:10.1007/978-3-540-74061-2_15,Modular Safety Checking for Fine-Grained Concurrency,2007,2007-08-22,10.1007/978-3-540-74061-2_15,,Sensors Applications Symposium,opencitations;semanticscholar,10.1007/978-3-540-74061-2_15;7e0fc0dd9ff137a24bcb98a78f0eb743910c97ba,CS028,S40,CS028,,included,no,,0,title-screen,,,,Keyword score is prioritization only; it is not an eligibility or exclusion decision.
CG0163,doi:10.1007/978-3-540-74407-8_18,,,,10.1007/978-3-540-74407-8_18,,,opencitations,10.1007/978-3-540-74407-8_18,CS016;CS017,A27;A28,CS016;CS017,,unknown-date,no,,0,manual-date-check,,,,Keyword score is prioritization only; it is not an eligibility or exclusion decision.
CG0165,doi:10.1007/978-3-540-77096-1_29,The Baskets Queue,2007,2007-12-17,10.1007/978-3-540-77096-1_29,,International Conference on Principles of Distributed Systems,opencitations;semanticscholar,10.1007/978-3-540-77096-1_29;b656eca91e07867e89d0139c3f9e39f477a8552f,CS022,S33,CS022,,included,no,,0,title-screen,,,,Keyword score is prioritization only; it is not an eligibility or exclusion decision.
CG0166,doi:10.1007/978-3-540-87603-8_4,Refinement of State-Based Systems: ASMs and Big Commuting Diagrams (Abstract),2008,2008-09-16,10.1007/978-3-540-87603-8_4,,"International Conference on Abstract State Machines, Alloy, B, TLA, VDM, and Z",opencitations;semanticscholar,10.1007/978-3-540-87603-8_4;9bcdc7a8f44ebbe3dab25f08734c702b9d1043a0,CS027,S38,,CS027,included,no,,0,title-screen,,,,Keyword score is prioritization only; it is not an eligibility or exclusion decision.
CG0167,doi:10.1007/978-3-540-93900-9_27,Shape-Value Abstraction for Verifying Linearizability,2008,2008-12-16,10.1007/978-3-540-93900-9_27,,"International Conference on Verification, Model Checking and Abstract Interpretation",opencitations;semanticscholar,10.1007/978-3-540-93900-9_27;71ed275e0e1f90a17763bf25f79ddcdf0fddaa02,CS022;CS028,S33;S40,CS022;CS028,,included,no,,0,title-screen,,,,Keyword score is prioritization only; it is not an eligibility or exclusion decision.
CG0168,doi:10.1007/978-3-540-93900-9_6,Towards Automatic Stability Analysis for Rely-Guarantee Proofs,2008,2008-12-16,10.1007/978-3-540-93900-9_6,,"International Conference on Verification, Model Checking and Abstract Interpretation",semanticscholar,d3d435c91ae045de4570a0a2a114aeb192924507,CS009,S10,,CS009,included,no,,0,title-screen,,,,Keyword score is prioritization only; it is not an eligibility or exclusion decision.
CG0169,doi:10.1007/978-3-642-00590-9_14,Amortised Memory Analysis Using the Depth of Data Structures,2009,2009-03-28,10.1007/978-3-642-00590-9_14,,European Symposium on Programming,semanticscholar,845dd4ba03b74576ea8b6de080029f0ee09f9b24,CS023,S35,CS023,,included,no,,0,title-screen,,,,Keyword score is prioritization only; it is not an eligibility or exclusion decision.
CG0170,doi:10.1007/978-3-642-00590-9_27,,,,10.1007/978-3-642-00590-9_27,,,opencitations,10.1007/978-3-642-00590-9_27,CS014,S19,CS014,,unknown-date,no,,0,manual-date-check,,,,Keyword score is prioritization only; it is not an eligibility or exclusion decision.
CG0171,doi:10.1007/978-3-642-03359-9_27,A Better x86 Memory Model: x86-TSO,2009,2009-08-20,10.1007/978-3-642-03359-9_27,,International Conference on Theorem Proving in Higher Order Logics,opencitations;semanticscholar,10.1007/978-3-642-03359-9_27;e949f00933afc88cfc8982c2becb5971635085d9,CS001;CS022,S01;S33,CS001;CS022,,included,no,,0,title-screen,,,,Keyword score is prioritization only; it is not an eligibility or exclusion decision.
CG0172,doi:10.1007/978-3-642-04027-6_24,,,,10.1007/978-3-642-04027-6_24,,,opencitations,10.1007/978-3-642-04027-6_24,CS019,S29,CS019,,unknown-date,no,,0,manual-date-check,,,,Keyword score is prioritization only; it is not an eligibility or exclusion decision.
CG0173,doi:10.1007/978-3-642-04761-9_14,,,,10.1007/978-3-642-04761-9_14,,,opencitations,10.1007/978-3-642-04761-9_14,CS019,S29,CS019,,unknown-date,no,,0,manual-date-check,,,,Keyword score is prioritization only; it is not an eligibility or exclusion decision.
CG0174,doi:10.1007/978-3-642-11319-2_25,RGSep Action Inference,2010,2010-01-17,10.1007/978-3-642-11319-2_25,,"International Conference on Verification, Model Checking and Abstract Interpretation",opencitations;semanticscholar,10.1007/978-3-642-11319-2_25;6558c1efcb6cceccce2143061583e3a868f41ee1,CS009;CS017;CS028,A28;S10;S40,CS017;CS028,CS009,included,no,,0,title-screen,,,,Keyword score is prioritization only; it is not an eligibility or exclusion decision.
CG0175,doi:10.1007/978-3-642-11957-6_22,Deadlock-Free Channels and Locks,2010,2010-03-20,10.1007/978-3-642-11957-6_22,,European Symposium on Programming,opencitations;semanticscholar,10.1007/978-3-642-11957-6_22;f213e709a1d4a3574ea0242635fd0eb5fe15401e,CS011;CS014,S15;S19,CS011;CS014,,included,no,,0,title-screen,,,,Keyword score is prioritization only; it is not an eligibility or exclusion decision.
CG0176,doi:10.1007/978-3-642-11957-6_32,Explicit Stabilisation for Modular Rely-Guarantee Reasoning,2010,2010-03-20,10.1007/978-3-642-11957-6_32,,European Symposium on Programming,semanticscholar,e881771c63c610867b37257c80ec579c828782ab,CS009,S10,,CS009,included,no,,0,title-screen,,,,Keyword score is prioritization only; it is not an eligibility or exclusion decision.
CG0177,doi:10.1007/978-3-642-11957-6_6,,,,10.1007/978-3-642-11957-6_6,,,opencitations,10.1007/978-3-642-11957-6_6,CS016,A27,CS016,,unknown-date,no,,0,manual-date-check,,,,Keyword score is prioritization only; it is not an eligibility or exclusion decision.
CG0179,doi:10.1007/978-3-642-14107-2_24,,,,10.1007/978-3-642-14107-2_24,,,opencitations,10.1007/978-3-642-14107-2_24,CS013;CS016,A27;S17,CS013;CS016,,unknown-date,no,,0,manual-date-check,,,,Keyword score is prioritization only; it is not an eligibility or exclusion decision.
CG0180,doi:10.1007/978-3-642-14295-6_40,Automatically Proving Linearizability,2010,2010-07-15,10.1007/978-3-642-14295-6_40,,International Conference on Computer Aided Verification,opencitations;semanticscholar,10.1007/978-3-642-14295-6_40;b1508a30391045403cb423af853767d15a2e73bd,CS007;CS017;CS022;CS028,A28;S08;S33;S40,CS007;CS017;CS022;CS028,,included,no,,0,title-screen,,,,Keyword score is prioritization only; it is not an eligibility or exclusion decision.
CG0181,doi:10.1007/978-3-642-15375-4_27,Reasoning about Optimistic Concurrency Using a Program Logic for History,2010,2010-08-31,10.1007/978-3-642-15375-4_27,,International Conference on Concurrency Theory,opencitations;semanticscholar,10.1007/978-3-642-15375-4_27;5f0ecbae18acd3355e21b779cc1e78928536a474,CS009;CS016;CS018;CS019,A27;S10;S28;S29,CS016;CS018;CS019,CS009,included,no,,0,title-screen,,,,Keyword score is prioritization only; it is not an eligibility or exclusion decision.
CG0185,doi:10.1007/978-3-642-17653-1_29,Quasi-Linearizability: Relaxed Consistency for Improved Concurrency,2010,2010-12-14,10.1007/978-3-642-17653-1_29,,International Conference on Principles of Distributed Systems,opencitations;semanticscholar,10.1007/978-3-642-17653-1_29;8d0c3adf556965c3e59d83cbd454ee58236188e6,CS006,S07,CS006,,included,no,,0,title-screen,,,,Keyword score is prioritization only; it is not an eligibility or exclusion decision.
CG0186,doi:10.1007/978-3-642-18275-4_16,Verifying Deadlock-Freedom of Communication Fabrics,2011,2011-01-23,10.1007/978-3-642-18275-4_16,,"International Conference on Verification, Model Checking and Abstract Interpretation",semanticscholar,7d88bea736a8fcd4b1b02cfed92e1b8b576fb8ed,CS009,S10,,CS009,included,no,,0,title-screen,,,,Keyword score is prioritization only; it is not an eligibility or exclusion decision.
CG0187,doi:10.1007/978-3-642-19718-5_21,Static Analysis of Run-Time Errors in Embedded Critical Parallel C Programs,2011,2011-03-26,10.1007/978-3-642-19718-5_21,,European Symposium on Programming,opencitations;semanticscholar,10.1007/978-3-642-19718-5_21;89934a56c2b408d7ccd48300865ccc4613782ca6,CS028,S40,CS028,,included,no,,0,title-screen,,,,Keyword score is prioritization only; it is not an eligibility or exclusion decision.
CG0188,doi:10.1007/978-3-642-20398-5_4,"VeriFast: A Powerful, Sound, Predictable, Fast Verifier for C and Java",2011,2011-04-18,10.1007/978-3-642-20398-5_4,,NASA Formal Methods,semanticscholar,acd8d3df882c7be3be2c3af1c2e42575f1fc138a,CS011,S15,CS011,,included,no,,0,title-screen,,,,Keyword score is prioritization only; it is not an eligibility or exclusion decision.
CG0189,doi:10.1007/978-3-642-21437-0_25,Verifying Linearisability with Potential Linearisation Points,2011,2011-06-20,10.1007/978-3-642-21437-0_25,,World Congress on Formal Methods,opencitations;semanticscholar,10.1007/978-3-642-21437-0_25;f95fc64697361b2e5470892032097e5b6c4ad1b1,CS021;CS027,S31;S38,CS021,CS027,included,no,,0,title-screen,,,,Keyword score is prioritization only; it is not an eligibility or exclusion decision.
CG0190,doi:10.1007/978-3-642-22012-8_34,Deciding Robustness against Total Store Ordering,2011,2011-07-04,10.1007/978-3-642-22012-8_34,,"International Colloquium on Automata, Languages and Programming",opencitations;semanticscholar,10.1007/978-3-642-22012-8_34;dc993a5819e0c847f12c4fb1eb9f7ad5b82fc78a,CS001,S01,CS001,,included,no,,0,title-screen,,,,Keyword score is prioritization only; it is not an eligibility or exclusion decision.
CG0192,doi:10.1007/978-3-642-22110-1_47,,,,10.1007/978-3-642-22110-1_47,,,opencitations,10.1007/978-3-642-22110-1_47,CS003,S03,CS003,,unknown-date,no,,0,manual-date-check,,,,Keyword score is prioritization only; it is not an eligibility or exclusion decision.
CG0193,doi:10.1007/978-3-642-22110-1_9,,,,10.1007/978-3-642-22110-1_9,,,opencitations,10.1007/978-3-642-22110-1_9,CS003,S03,CS003,,unknown-date,no,,0,manual-date-check,,,,Keyword score is prioritization only; it is not an eligibility or exclusion decision.
CG0196,doi:10.1007/978-3-642-24690-6_10,A Machine-Checked Framework for Relational Separation Logic,2011,2011-11-14,10.1007/978-3-642-24690-6_10,,IEEE International Conference on Software Engineering and Formal Methods,semanticscholar,5203ba008b8c8c4c689ddbbbc66a82d78ef42e2d,CS009,S10,,CS009,included,no,,0,title-screen,,,,Keyword score is prioritization only; it is not an eligibility or exclusion decision.
CG0199,doi:10.1007/978-3-642-28717-6_1,Automatic Inference of Resource Consumption Bounds,2012,2012-03-11,10.1007/978-3-642-28717-6_1,,Logic Programming and Automated Reasoning,opencitations;semanticscholar,10.1007/978-3-642-28717-6_1;c736bd814753890f93016dc132169e18cf2f0c16,CS028,S40,CS028,,included,no,,0,title-screen,,,,Keyword score is prioritization only; it is not an eligibility or exclusion decision.
CG0201,doi:10.1007/978-3-642-28869-2_5,Concurrent Library Correctness on the TSO Memory Model,2012,2012-03-24,10.1007/978-3-642-28869-2_5,,European Symposium on Programming,opencitations;semanticscholar,10.1007/978-3-642-28869-2_5;917b58c3e622f3ba1655db3f767d61381d9b7ac6,CS006;CS022,S07;S33,CS006;CS022,,included,no,,0,title-screen,,,,Keyword score is prioritization only; it is not an eligibility or exclusion decision.
CG0204,doi:10.1007/978-3-642-31424-7_21,How to Prove Algorithms Linearisable,2012,2012-07-07,10.1007/978-3-642-31424-7_21,,International Conference on Computer Aided Verification,opencitations;semanticscholar,10.1007/978-3-642-31424-7_21;6883fb2eff8ec0897f74fb169c32e465d87df988,CS018;CS021,S28;S31,CS021,CS018,included,no,,0,title-screen,,,,Keyword score is prioritization only; it is not an eligibility or exclusion decision.
CG0205,doi:10.1007/978-3-642-31424-7_36,,,,10.1007/978-3-642-31424-7_36,,,opencitations,10.1007/978-3-642-31424-7_36,CS003,S03,CS003,,unknown-date,no,,0,manual-date-check,,,,Keyword score is prioritization only; it is not an eligibility or exclusion decision.
CG0206,doi:10.1007/978-3-642-31424-7_64,Resource Aware ML,2012,2012-07-07,10.1007/978-3-642-31424-7_64,,International Conference on Computer Aided Verification,opencitations;semanticscholar,10.1007/978-3-642-31424-7_64;901ad3ea56ae97530cb15c7f761f9e1e026131cd,CS019;CS023,S29;S35,CS019;CS023,,included,no,,0,title-screen,,,,Keyword score is prioritization only; it is not an eligibility or exclusion decision.
CG0208,doi:10.1007/978-3-642-32027-9_10,Transactional Memory,2012,,10.1007/978-3-642-32027-9_10,,Fundamentals of Multicore Software Development,semanticscholar,a27daae9012c7715aae1d7df6170ad904c5d0694,CS025;CS029,A30;S42,,CS025;CS029,included,no,,0,title-screen,,,,Keyword score is prioritization only; it is not an eligibility or exclusion decision.
CG0210,doi:10.1007/978-3-642-36742-7_23,,,,10.1007/978-3-642-36742-7_23,,,opencitations,10.1007/978-3-642-36742-7_23,CS022;CS028,S33;S40,CS022;CS028,,unknown-date,no,,0,manual-date-check,,,,Keyword score is prioritization only; it is not an eligibility or exclusion decision.
CG0211,doi:10.1007/978-3-642-36742-7_5,Structural Counter Abstraction,2013,2013-03-16,10.1007/978-3-642-36742-7_5,,International Conference on Tools and Algorithms for Construction and Analysis of Systems,opencitations;semanticscholar,10.1007/978-3-642-36742-7_5;258b7d05e2fe6eba66db6d8f2572efdbae9bb707,CS009,S10,,CS009,included,no,,0,title-screen,,,,Keyword score is prioritization only; it is not an eligibility or exclusion decision.
CG0212,doi:10.1007/978-3-642-37036-6_10,,,,10.1007/978-3-642-37036-6_10,,,opencitations,10.1007/978-3-642-37036-6_10,CS019,S29,CS019,,unknown-date,no,,0,manual-date-check,,,,Keyword score is prioritization only; it is not an eligibility or exclusion decision.
CG0213,doi:10.1007/978-3-642-37036-6_11,Modular Reasoning about Separation of Concurrent Data Structures,2013,2013-03-16,10.1007/978-3-642-37036-6_11,,European Symposium on Programming,semanticscholar,5b4b751350faf7b87158794f30402bd290d12a90,CS010;CS012,S14;S16,CS010;CS012,,included,no,,0,title-screen,,,,Keyword score is prioritization only; it is not an eligibility or exclusion decision.
CG0216,doi:10.1007/978-3-642-37036-6_29,Checking and Enforcing Robustness against TSO,2013,2013-03-16,10.1007/978-3-642-37036-6_29,,European Symposium on Programming,opencitations;semanticscholar,10.1007/978-3-642-37036-6_29;91ea231972fa6bea899f351c1270c625fc71a3a2,CS001,S01,CS001,,included,no,,0,title-screen,,,,Keyword score is prioritization only; it is not an eligibility or exclusion decision.
CG0217,doi:10.1007/978-3-642-37036-6_32,,,,10.1007/978-3-642-37036-6_32,,,opencitations,10.1007/978-3-642-37036-6_32,CS019,S29,CS019,,unknown-date,no,,0,manual-date-check,,,,Keyword score is prioritization only; it is not an eligibility or exclusion decision.
CG0218,doi:10.1007/978-3-642-39799-8_11,Automatic Linearizability Proofs of Concurrent Objects with Cooperating Updates,2013,2013-07-13,10.1007/978-3-642-39799-8_11,,International Conference on Computer Aided Verification,semanticscholar,8d082dc4f8b37ccdba60420fa4e76d036715b55e,CS022,S33,CS022,,included,no,,0,title-screen,,,,Keyword score is prioritization only; it is not an eligibility or exclusion decision.
CG0220,doi:10.1007/978-3-642-40184-8_18,,,,10.1007/978-3-642-40184-8_18,,,opencitations,10.1007/978-3-642-40184-8_18,CS022,S33,CS022,,unknown-date,no,,0,manual-date-check,,,,Keyword score is prioritization only; it is not an eligibility or exclusion decision.
CG0221,doi:10.1007/978-3-642-54833-8_9,Impredicative Concurrent Abstract Predicates,2014,2014-04-05,10.1007/978-3-642-54833-8_9,,European Symposium on Programming,opencitations;semanticscholar,10.1007/978-3-642-54833-8_9;8f89cf90580dd5442096c1db87b35f65b5e53af3,CS006;CS010;CS011;CS013,S07;S14;S15;S17,CS006;CS010;CS011;CS013,,included,no,,0,title-screen,,,,Keyword score is prioritization only; it is not an eligibility or exclusion decision.
CG0222,doi:10.1007/978-3-642-54862-8_11,Proving Nontermination via Safety,2014,2014-04-05,10.1007/978-3-642-54862-8_11,,International Conference on Tools and Algorithms for Construction and Analysis of Systems,opencitations;semanticscholar,10.1007/978-3-642-54862-8_11;be9b4e48708ea07835038065b5acfcc802a09bbd,CS004,S05,CS004,,included,no,,0,title-screen,,,,Keyword score is prioritization only; it is not an eligibility or exclusion decision.
CG0223,doi:10.1007/978-3-642-71549-5,Temporal Logic of Programs,1987,,10.1007/978-3-642-71549-5,,EATCS Monographs on Theoretical Computer Science,semanticscholar,53e5d573f977bd59416b0bf870bfd4d917c9b79a,CS012,S16,CS012,,included,no,,0,title-screen,,,,Keyword score is prioritization only; it is not an eligibility or exclusion decision.
CG0224,doi:10.1007/978-3-662-43951-7_14,Robustness against Power is PSpace-complete,2014,2014-04-28,10.1007/978-3-662-43951-7_14,1404.7092,"International Colloquium on Automata, Languages and Programming",opencitations;semanticscholar,10.1007/978-3-662-43951-7_14;9a7c2b299d7a19c4f2aaf9f073f63f10e8c4f397,CS001,S01,CS001,,included,no,,0,title-screen,,,,Keyword score is prioritization only; it is not an eligibility or exclusion decision.
CG0225,doi:10.1007/978-3-662-43951-7_19,Between Linearizability and Quiescent Consistency - Quantitative Quiescent Consistency,2014,2014-02-17,10.1007/978-3-662-43951-7_19,1402.4043,"International Colloquium on Automata, Languages and Programming",opencitations;semanticscholar,10.1007/978-3-662-43951-7_19;aa3a3bb377f170002483cf1b9849d19594b0bbf5,CS006,S07,CS006,,included,no,,0,title-screen,,,,Keyword score is prioritization only; it is not an eligibility or exclusion decision.
CG0226,doi:10.1007/978-3-662-44202-9_9,TaDA: A Logic for Time and Data Abstraction,2014,2014-08-01,10.1007/978-3-662-44202-9_9,,European Conference on Object-Oriented Programming,opencitations;semanticscholar,10.1007/978-3-662-44202-9_9;57a680b14c1c66b8641e4f65cedbd1519d8f1db1,CS006;CS007;CS010;CS011;CS012;CS013;CS019;CS023,S07;S08;S14;S15;S16;S17;S29;S35,CS006;CS007;CS010;CS011;CS012;CS013;CS019;CS023,,included,no,,0,title-screen,,,,Keyword score is prioritization only; it is not an eligibility or exclusion decision.
CG0227,doi:10.1007/978-3-662-46669-8_14,Specifying and Verifying Concurrent Algorithms with Histories and Subjectivity,2014,2014-10-01,10.1007/978-3-662-46669-8_14,1410.0306,European Symposium on Programming,opencitations;semanticscholar,10.1007/978-3-662-46669-8_14;966d30ee6754adc647f8f83fdf7e178e7e61ac7e,CS006,S07,CS006,,included,no,,0,title-screen,,,,Keyword score is prioritization only; it is not an eligibility or exclusion decision.
CG0228,doi:10.1007/978-3-662-46669-8_6,Automatic Static Cost Analysis for Parallel Programs,2015,2015-04-11,10.1007/978-3-662-46669-8_6,,European Symposium on Programming,semanticscholar,fa5752c3588feb28d06f983258e291d191598a64,CS023,S35,CS023,,included,no,,0,title-screen,,,,Keyword score is prioritization only; it is not an eligibility or exclusion decision.
CG0229,doi:10.1007/978-3-662-46681-0_28,,,,10.1007/978-3-662-46681-0_28,,,opencitations,10.1007/978-3-662-46681-0_28,CS022,S33,CS022,,unknown-date,no,,0,manual-date-check,,,,Keyword score is prioritization only; it is not an eligibility or exclusion decision.
CG0233,doi:10.1007/978-3-662-48653-5_28,Specifying Concurrent Problems: Beyond Linearizability and up to Tasks - (Extended Abstract),2015,2015-07-01,10.1007/978-3-662-48653-5_28,1507.00073,International Symposium on Distributed Computing,opencitations;semanticscholar,10.1007/978-3-662-48653-5_28;94c3d173e6ae8bed0573a380b89e409b3da71024,CS006,S07,CS006,,included,no,,0,title-screen,,,,Keyword score is prioritization only; it is not an eligibility or exclusion decision.
CG0236,doi:10.1007/978-3-662-53426-7_23,Linearizability of Persistent Memory Objects Under a Full-System-Crash Failure Model,2016,2016-09-27,10.1007/978-3-662-53426-7_23,,International Symposium on Distributed Computing,opencitations;semanticscholar,10.1007/978-3-662-53426-7_23;703cbf8936b998ebf18b24c649bf94268b675a71,CS021;CS026,S27;S31,CS021;CS026,,included,no,,0,title-screen,,,,Keyword score is prioritization only; it is not an eligibility or exclusion decision.
CG0237,doi:10.1007/978-3-662-54434-1_17,Tackling Real-Life Relaxed Concurrency with FSL++,2017,2017-04-25,10.1007/978-3-662-54434-1_17,,European Symposium on Programming,opencitations;semanticscholar,10.1007/978-3-662-54434-1_17;57af923f720b261e7c88a86267997033759457d7,CS006;CS007;CS008,S07;S08;S09,CS006;CS007;CS008,,included,no,,0,title-screen,,,,Keyword score is prioritization only; it is not an eligibility or exclusion decision.
CG0238,doi:10.1007/978-3-662-54434-1_24,Proving Linearizability Using Partial Orders,2017,2017-01-19,10.1007/978-3-662-54434-1_24,1701.05463,European Symposium on Programming,opencitations;semanticscholar,10.1007/978-3-662-54434-1_24;240798283585c18f284abab3fdef5085f590b311,CS006,S07,CS006,,included,no,,0,title-screen,,,,Keyword score is prioritization only; it is not an eligibility or exclusion decision.
CG0239,doi:10.1007/978-3-662-54434-1_26,The Essence of Higher-Order Concurrent Separation Logic,2017,2017-04-22,10.1007/978-3-662-54434-1_26,,European Symposium on Programming,opencitations;semanticscholar,10.1007/978-3-662-54434-1_26;40ad5da7268bdc6468c997f5eb1b71c0f798c6ef,CS006;CS007;CS012,S07;S08;S16,CS006;CS007;CS012,,included,no,,0,title-screen,,,,Keyword score is prioritization only; it is not an eligibility or exclusion decision.
CG0241,doi:10.1007/978-3-662-54434-1_36,Abstract Specifications for Concurrent Maps,2017,2017-04-22,10.1007/978-3-662-54434-1_36,,European Symposium on Programming,opencitations;semanticscholar,092dcce6d10ec8c0faf2a5fa7831ad3471ccef03;10.1007/978-3-662-54434-1_36,CS013,S17,,CS013,included,no,,0,title-screen,,,,Keyword score is prioritization only; it is not an eligibility or exclusion decision.
CG0242,doi:10.1007/978-94-011-1793-7_4,Assigning Meanings to Programs,1993,,10.1007/978-94-011-1793-7_4,,Program Verification,semanticscholar,b9e1ba50e31282590558010272e58ab821a9df1e,CS012,S16,CS012,,included,no,,0,title-screen,,,,Keyword score is prioritization only; it is not an eligibility or exclusion decision.
CG0243,doi:10.1007/978-94-017-0435-9_1,,,,10.1007/978-94-017-0435-9_1,,,opencitations,10.1007/978-94-017-0435-9_1,CS018;CS027,S28;S38,CS018;CS027,,unknown-date,no,,0,manual-date-check,,,,Keyword score is prioritization only; it is not an eligibility or exclusion decision.
CG0246,doi:10.1007/bf01211617,The rely-guarantee method for verifying shared variable concurrent programs,1997,1997-03-01,10.1007/bf01211617,,Formal Aspects of Computing,opencitations;semanticscholar,10.1007/bf01211617;cd352cd38a8323c2ac4569f1b643b7a455e6fa48,CS014;CS028,S19;S40,CS014;CS028,,included,no,,0,title-screen,,,,Keyword score is prioritization only; it is not an eligibility or exclusion decision.
CG0247,doi:10.1007/bf01444205,,,,10.1007/bf01444205,,,opencitations,10.1007/bf01444205,CS013,S17,CS013,,unknown-date,no,,0,manual-date-check,,,,Keyword score is prioritization only; it is not an eligibility or exclusion decision.
CG0248,doi:10.1007/bfb0036900,Behavioural Equivalence Relations Induced by Programming Logics,1983,1983-07-18,10.1007/bfb0036900,,"International Colloquium on Automata, Languages and Programming",opencitations;semanticscholar,10.1007/bfb0036900;56ad2bda2cb9bd6ede153945ab60ec9e1da83800,CS007,S08,CS007,,included,no,,0,title-screen,,,,Keyword score is prioritization only; it is not an eligibility or exclusion decision.
CG0250,doi:10.1007/s00165-007-0037-4,,,,10.1007/s00165-007-0037-4,,,opencitations,10.1007/s00165-007-0037-4,CS024,A29,CS024,,unknown-date,no,,0,manual-date-check,,,,Keyword score is prioritization only; it is not an eligibility or exclusion decision.
CG0251,doi:10.1007/s00165-009-0130-y,,2011,2011-01,10.1007/s00165-009-0130-y,,,opencitations,10.1007/s00165-009-0130-y,CS027,S38,,CS027,included,no,,0,missing-title-manual-check,,,,Keyword score is prioritization only; it is not an eligibility or exclusion decision.
CG0254,doi:10.1007/s00165-021-00541-8,,,,10.1007/s00165-021-00541-8,,,opencitations,10.1007/s00165-021-00541-8,CS021,S31,CS021,,unknown-date,no,,0,manual-date-check,,,,Keyword score is prioritization only; it is not an eligibility or exclusion decision.
CG0255,doi:10.1007/s00234-004-1233-z,,,,10.1007/s00234-004-1233-z,,,opencitations,10.1007/s00234-004-1233-z,CS029,S42,CS029,,unknown-date,no,,0,manual-date-check,,,,Keyword score is prioritization only; it is not an eligibility or exclusion decision.
CG0256,doi:10.1007/s00236-006-0020-1,,,,10.1007/s00236-006-0020-1,,,opencitations,10.1007/s00236-006-0020-1,CS027,S38,CS027,,unknown-date,no,,0,manual-date-check,,,,Keyword score is prioritization only; it is not an eligibility or exclusion decision.
CG0257,doi:10.1007/s00236-007-0044-1,,,,10.1007/s00236-007-0044-1,,,opencitations,10.1007/s00236-007-0044-1,CS027,S38,CS027,,unknown-date,no,,0,manual-date-check,,,,Keyword score is prioritization only; it is not an eligibility or exclusion decision.
CG0259,doi:10.1007/s002360050116,,,,10.1007/s002360050116,,,opencitations,10.1007/s002360050116,CS014,S19,CS014,,unknown-date,no,,0,manual-date-check,,,,Keyword score is prioritization only; it is not an eligibility or exclusion decision.
CG0260,doi:10.1007/s004460050028,,,,10.1007/s004460050028,,,opencitations,10.1007/s004460050028,CS021,S31,CS021,,unknown-date,no,,0,manual-date-check,,,,Keyword score is prioritization only; it is not an eligibility or exclusion decision.
CG0262,doi:10.1007/s10009-014-0308-3,KIV: overview and VerifyThis competition,2014,2014-04-16,10.1007/s10009-014-0308-3,,International Journal on Software Tools for Technology Transfer (STTT),opencitations;semanticscholar,10.1007/s10009-014-0308-3;d0c4faccf2df85de913544eae8d653610f402eae,CS018;CS027,S28;S38,,CS018;CS027,included,no,,0,title-screen,,,,Keyword score is prioritization only; it is not an eligibility or exclusion decision.
CG0265,doi:10.1007/s10472-013-9389-z,RGITL: A temporal logic framework for compositional reasoning about interleaved programs,2014,2014-01-29,10.1007/s10472-013-9389-z,,Annals of Mathematics and Artificial Intelligence,opencitations;semanticscholar,10.1007/s10472-013-9389-z;9ca8a75f6461dbf33d507fcc427982062ba60f95,CS009;CS018,S10;S28,,CS009;CS018,included,no,,0,title-screen,,,,Keyword score is prioritization only; it is not an eligibility or exclusion decision.
CG0267,doi:10.1007/s10703-006-4342-y,,,,10.1007/s10703-006-4342-y,,,opencitations,10.1007/s10703-006-4342-y,CS003,S03,CS003,,unknown-date,no,,0,manual-date-check,,,,Keyword score is prioritization only; it is not an eligibility or exclusion decision.
CG0268,doi:10.1007/s10703-011-0111-7,Programs with lists are counter automata,2006,2006-08-17,10.1007/s10703-011-0111-7,,Formal Methods Syst. Des.,opencitations;semanticscholar,10.1007/s10703-011-0111-7;b1579afce14b3b0a9281fabdf451448ca643ec5b,CS028,S40,CS028,,included,no,,0,title-screen,,,,Keyword score is prioritization only; it is not an eligibility or exclusion decision.
CG0269,doi:10.1007/s10703-012-0161-5,,,,10.1007/s10703-012-0161-5,,,opencitations,10.1007/s10703-012-0161-5,CS003,S03,CS003,,unknown-date,no,,0,manual-date-check,,,,Keyword score is prioritization only; it is not an eligibility or exclusion decision.
CG0274,doi:10.1007/s10766-017-0518-x,GPS+\documentclass[12pt]{minimal} \usepackage{amsmath} \usepackage{wasysym} \usepackage{amsfonts} \usepackage{amssymb} \usepackage{amsbsy} \usepackage{mathrsfs} \usepackage{upgreek} \setlength{\oddsidemargin}{-69pt} \begin{document}$$+$$\end{document}: Reasoning About Fences and Relaxed Atomics,2017,2017-09-26,10.1007/s10766-017-0518-x,,International journal of parallel programming,opencitations;semanticscholar,10.1007/s10766-017-0518-x;feac41cb8a904326f93ac648ee70fd277f10c304,CS006,S07,CS006,,included,no,,0,title-screen,,,,Keyword score is prioritization only; it is not an eligibility or exclusion decision.
CG0275,doi:10.1007/s10817-010-9174-1,Closed-Form Upper Bounds in Static Cost Analysis,2011,2011-02-01,10.1007/s10817-010-9174-1,,Journal of automated reasoning,opencitations;semanticscholar,10.1007/s10817-010-9174-1;d142a97ce42b77cde05f69c0a24089cf9da17067,CS028,S40,CS028,,included,no,,0,title-screen,,,,Keyword score is prioritization only; it is not an eligibility or exclusion decision.
CG0278,doi:10.1007/s10817-016-9402-4,Complexity and Resource Bound Analysis of Imperative Programs Using Difference Constraints,2017,2017-01-11,10.1007/s10817-016-9402-4,,Journal of automated reasoning,opencitations;semanticscholar,10.1007/s10817-016-9402-4;84474caa2d7b1e0436efb61dccc51aed3b820ac5,CS028,S40,CS028,,included,no,,0,title-screen,,,,Keyword score is prioritization only; it is not an eligibility or exclusion decision.
CG0279,doi:10.1007/s10817-017-9431-7,Verifying the Correctness and Amortized Complexity of a Union-Find Implementation in Separation Logic with Time Credits,2017,2017-09-22,10.1007/s10817-017-9431-7,,Journal of automated reasoning,opencitations;semanticscholar,10.1007/s10817-017-9431-7;987ac16efc215aeb54ed3334940fbe2aba9634f9,CS016;CS019;CS023,A27;S29;S35,CS019;CS023,CS016,included,no,,0,title-screen,,,,Keyword score is prioritization only; it is not an eligibility or exclusion decision.
CG0281,doi:10.1007/s11390-021-1671-7,Verifying Contextual Refinement with Ownership Transfer,2021,2021-11-30,10.1007/s11390-021-1671-7,,Journal of Computational Science and Technology,opencitations;semanticscholar,10.1007/s11390-021-1671-7;591853787cb1302f226fc3322ff5ac4fec3f749d,CS014,S19,,CS014,included,no,,0,title-screen,,,,Keyword score is prioritization only; it is not an eligibility or exclusion decision.
CG0282,doi:10.1007/s11704-023-2774-9,A program logic for obstruction-freedom,2023,2023-12-28,10.1007/s11704-023-2774-9,,Frontiers of Computer Science,opencitations;semanticscholar,10.1007/s11704-023-2774-9;e31ee6e15e8ea48dbbc809f213c177971aea65dd,CS009;CS013;CS014;CS016,A27;S10;S17;S19,,CS009;CS013;CS014;CS016,included,no,,0,title-screen,,,,Keyword score is prioritization only; it is not an eligibility or exclusion decision.
CG0284,doi:10.1016/0001-8708(92)90011-9,Sets with a negative number of elements,1992,,10.1016/0001-8708(92)90011-9,,,opencitations;semanticscholar,10.1016/0001-8708(92)90011-9;1e63a4c0528a848720a13ec0430d75559c2f90c4,CS019,S29,CS019,,included,no,,0,title-screen,,,,Keyword score is prioritization only; it is not an eligibility or exclusion decision.
CG0287,doi:10.1016/0168-0072(91)90066-u,,,,10.1016/0168-0072(91)90066-u,,,opencitations,10.1016/0168-0072(91)90066-u,CS009,S10,CS009,,unknown-date,no,,0,manual-date-check,,,,Keyword score is prioritization only; it is not an eligibility or exclusion decision.
CG0288,doi:10.1016/0304-3975(91)90224-p,The existence of refinement mappings,1988,1988-07-05,10.1016/0304-3975(91)90224-p,,[1988] Proceedings. Third Annual Information Symposium on Logic in Computer Science,opencitations;semanticscholar,10.1016/0304-3975(91)90224-p;983c6d464e7e45c1320d9182a7ce39fef5575d1b,CS006,S07,CS006,,included,no,,0,title-screen,,,,Keyword score is prioritization only; it is not an eligibility or exclusion decision.
CG0289,doi:10.1016/0304-3975(92)90014-7,The Revised Report on the Syntactic Theories of Sequential Control and State,1992,1992-09-14,10.1016/0304-3975(92)90014-7,,Theoretical Computer Science,opencitations;semanticscholar,10.1016/0304-3975(92)90014-7;2de3e6d85b2e7cb41a6e87b3188b9101d147dd82,CS019,S29,CS019,,included,no,,0,title-screen,,,,Keyword score is prioritization only; it is not an eligibility or exclusion decision.
CG0290,doi:10.1016/j.camwa.2011.09.024,Task Optimization Based on CPU Pipeline Technique in Multicore System,2011,2011-06-30,10.1016/j.camwa.2011.09.024,,2011 Fifth International Conference on Innovative Mobile and Internet Services in Ubiquitous Computing,semanticscholar,9ded374a5e39c53779f42632e4c1cc3eb5bf0c59,CS009,S10,,CS009,included,no,,0,title-screen,,,,Keyword score is prioritization only; it is not an eligibility or exclusion decision.
CG0291,doi:10.1016/j.entcs.2005.04.026,,,,10.1016/j.entcs.2005.04.026,,,opencitations,10.1016/j.entcs.2005.04.026,CS024,A29,CS024,,unknown-date,no,,0,manual-date-check,,,,Keyword score is prioritization only; it is not an eligibility or exclusion decision.
CG0292,doi:10.1016/j.entcs.2006.08.044,,,,10.1016/j.entcs.2006.08.044,,,opencitations,10.1016/j.entcs.2006.08.044,CS027,S38,CS027,,unknown-date,no,,0,manual-date-check,,,,Keyword score is prioritization only; it is not an eligibility or exclusion decision.
CG0293,doi:10.1016/j.entcs.2011.09.029,,,,10.1016/j.entcs.2011.09.029,,,opencitations,10.1016/j.entcs.2011.09.029,CS016,A27,CS016,,unknown-date,no,,0,manual-date-check,,,,Keyword score is prioritization only; it is not an eligibility or exclusion decision.
CG0294,doi:10.1016/j.entcs.2015.12.002,,,,10.1016/j.entcs.2015.12.002,,,opencitations,10.1016/j.entcs.2015.12.002,CS013,S17,CS013,,unknown-date,no,,0,manual-date-check,,,,Keyword score is prioritization only; it is not an eligibility or exclusion decision.
CG0295,doi:10.1016/j.ic.2006.10.003,,,,10.1016/j.ic.2006.10.003,,,opencitations,10.1016/j.ic.2006.10.003,CS024;CS025,A29;A30,CS024;CS025,,unknown-date,no,,0,manual-date-check,,,,Keyword score is prioritization only; it is not an eligibility or exclusion decision.
CG0296,doi:10.1016/j.jcss.2014.06.005,,,,10.1016/j.jcss.2014.06.005,,,opencitations,10.1016/j.jcss.2014.06.005,CS003,S03,CS003,,unknown-date,no,,0,manual-date-check,,,,Keyword score is prioritization only; it is not an eligibility or exclusion decision.
CG0297,doi:10.1016/j.jlamp.2018.03.003,A perspective on specifying and verifying concurrent modules,2018,2018-08-01,10.1016/j.jlamp.2018.03.003,,J. Log. Algebraic Methods Program.,semanticscholar,bf53db2da1700b0d5243760e8dfbf195308b1152,CS013,S17,,CS013,included,no,,0,title-screen,,,,Keyword score is prioritization only; it is not an eligibility or exclusion decision.
CG0299,doi:10.1016/j.jpdc.2009.08.011,,,,10.1016/j.jpdc.2009.08.011,,,opencitations,10.1016/j.jpdc.2009.08.011,CS017,A28,CS017,,unknown-date,no,,0,manual-date-check,,,,Keyword score is prioritization only; it is not an eligibility or exclusion decision.
CG0300,doi:10.1016/j.jpdc.2010.06.006,Transactional memory,2010,2010-10-01,10.1016/j.jpdc.2010.06.006,,J. Parallel Distributed Comput.,opencitations;semanticscholar,10.1016/j.jpdc.2010.06.006;810e767c29575ce6e39b06b08ae2b7fde1fbba0c,CS025;CS029,A30;S42,,CS025;CS029,included,no,,0,title-screen,,,,Keyword score is prioritization only; it is not an eligibility or exclusion decision.
CG0301,doi:10.1016/j.scico.2005.03.007,The java.util.concurrent synchronizer framework,2005,2005-12-01,10.1016/j.scico.2005.03.007,,Science of Computer Programming,opencitations;semanticscholar,10.1016/j.scico.2005.03.007;31fa7623b9a26114d676fcd0f293f98691aabc32,CS022,S33,CS022,,included,no,,0,title-screen,,,,Keyword score is prioritization only; it is not an eligibility or exclusion decision.
CG0303,doi:10.1016/j.scico.2014.04.001,Two approaches for proving linearizability of multiset,2014,2014-12-15,10.1016/j.scico.2014.04.001,,Science of Computer Programming,opencitations;semanticscholar,10.1016/j.scico.2014.04.001;84b166152a19088c33dc8f3de3b996c0bd51c74f,CS018;CS021;CS027,S28;S31;S38,CS021,CS018;CS027,included,no,,0,title-screen,,,,Keyword score is prioritization only; it is not an eligibility or exclusion decision.
CG0307,doi:10.1016/j.tcs.2006.12.034,,,,10.1016/j.tcs.2006.12.034,,,opencitations,10.1016/j.tcs.2006.12.034,CS002;CS010,S02;S14,CS002;CS010,,unknown-date,no,,0,manual-date-check,,,,Keyword score is prioritization only; it is not an eligibility or exclusion decision.
CG0308,doi:10.1016/j.tcs.2006.12.035,,,,10.1016/j.tcs.2006.12.035,,,opencitations,10.1016/j.tcs.2006.12.035,CS002;CS009;CS010;CS016,A27;S02;S10;S14,CS002;CS009;CS010;CS016,,unknown-date,no,,0,manual-date-check,,,,Keyword score is prioritization only; it is not an eligibility or exclusion decision.
CG0309,doi:10.1016/j.tcs.2007.09.003,A program logic for resources,2007,2007-12-20,10.1016/j.tcs.2007.09.003,,Theoretical Computer Science,opencitations;semanticscholar,10.1016/j.tcs.2007.09.003;7c5f3925b09498c0dd4936a9b01547310783ca37,CS019,S29,CS019,,included,no,,0,title-screen,,,,Keyword score is prioritization only; it is not an eligibility or exclusion decision.
CG0310,doi:10.1016/j.tcs.2010.09.021,Abstraction for concurrent objects,2009,2009-03-28,10.1016/j.tcs.2010.09.021,,Theoretical Computer Science,opencitations;semanticscholar,10.1016/j.tcs.2010.09.021;ca497df7d7e61408e796b0d91610e73b31ec7a51,CS007;CS008;CS014,S08;S09;S19,CS007;CS008;CS014,,included,no,,0,title-screen,,,,Keyword score is prioritization only; it is not an eligibility or exclusion decision.
CG0311,doi:10.1016/s0049-237x(08)70247-7,,,,10.1016/s0049-237x(08)70247-7,,,opencitations,10.1016/s0049-237x(08)70247-7,CS019,S29,CS019,,unknown-date,no,,0,manual-date-check,,,,Keyword score is prioritization only; it is not an eligibility or exclusion decision.
CG0312,doi:10.1016/s0304-3975(00)00102-x,,,,10.1016/s0304-3975(00)00102-x,,,opencitations,10.1016/s0304-3975(00)00102-x,CS003,S03,CS003,,unknown-date,no,,0,manual-date-check,,,,Keyword score is prioritization only; it is not an eligibility or exclusion decision.
CG0313,doi:10.1016/s0890-5401(03)00009-9,,,,10.1016/s0890-5401(03)00009-9,,,opencitations,10.1016/s0890-5401(03)00009-9,CS019,S29,CS019,,unknown-date,no,,0,manual-date-check,,,,Keyword score is prioritization only; it is not an eligibility or exclusion decision.
CG0314,doi:10.1017/9781009129220,,,,10.1017/9781009129220,,,opencitations,10.1017/9781009129220,CS019,S29,CS019,,unknown-date,no,,0,manual-date-check,,,,Keyword score is prioritization only; it is not an eligibility or exclusion decision.
CG0315,doi:10.1017/cbo9780511609619,,,,10.1017/cbo9780511609619,,,opencitations,10.1017/cbo9780511609619,CS019,S29,CS019,,unknown-date,no,,0,manual-date-check,,,,Keyword score is prioritization only; it is not an eligibility or exclusion decision.
CG0316,doi:10.1017/cbo9780511663079,,,,10.1017/cbo9780511663079,,,opencitations,10.1017/cbo9780511663079,CS027,S38,CS027,,unknown-date,no,,0,manual-date-check,,,,Keyword score is prioritization only; it is not an eligibility or exclusion decision.
CG0317,doi:10.1017/s0956796818000151,Iris from the ground up: A modular foundation for higher-order concurrent separation logic,2018,,10.1017/s0956796818000151,,Journal of functional programming,opencitations;semanticscholar,0a40611a839d7e399a6647418984e60790e6910a;10.1017/s0956796818000151,CS002;CS006;CS007;CS010;CS011;CS019;CS023;CS026,S02;S07;S08;S14;S15;S27;S29;S35,CS002;CS006;CS007;CS010;CS011;CS019;CS023;CS026,,included,no,,0,title-screen,,,,Keyword score is prioritization only; it is not an eligibility or exclusion decision.
CG0318,doi:10.1017/s0960129521000487,Two decades of automatic amortized resource analysis,2022,2022-03-16,10.1017/s0960129521000487,,Mathematical Structures in Computer Science,opencitations;semanticscholar,10.1017/s0960129521000487;4dc3d33fd6aa6e85848f1e89f1dd26b8c98c05e4,CS016;CS019,A27;S29,CS019,CS016,included,no,,0,title-screen,,,,Keyword score is prioritization only; it is not an eligibility or exclusion decision.
CG0319,doi:10.1023/a:1008624904634,,,,10.1023/a:1008624904634,,,opencitations,10.1023/a:1008624904634,CS009,S10,CS009,,unknown-date,no,,0,manual-date-check,,,,Keyword score is prioritization only; it is not an eligibility or exclusion decision.
CG0320,doi:10.1090/psapm/019/0235771,,,,10.1090/psapm/019/0235771,,,opencitations,10.1090/psapm/019/0235771,CS013,S17,CS013,,unknown-date,no,,0,manual-date-check,,,,Keyword score is prioritization only; it is not an eligibility or exclusion decision.
CG0321,doi:10.1093/comjnl/6.4.308,The Mechanical Evaluation of Expressions,1964,,10.1093/comjnl/6.4.308,,Computer/law journal,opencitations;semanticscholar,10.1093/comjnl/6.4.308;2769c203102a875c10bc11affc161891472176d1,CS019,S29,CS019,,included,no,,0,title-screen,,,,Keyword score is prioritization only; it is not an eligibility or exclusion decision.
CG0322,doi:10.1093/logcom/6.3.343,,,,10.1093/logcom/6.3.343,,,opencitations,10.1093/logcom/6.3.343,CS024;CS025,A29;A30,CS024;CS025,,unknown-date,no,,0,manual-date-check,,,,Keyword score is prioritization only; it is not an eligibility or exclusion decision.
CG0323,doi:10.1109/2.546611,,,,10.1109/2.546611,,,opencitations,10.1109/2.546611,CS003,S03,CS003,,unknown-date,no,,0,manual-date-check,,,,Keyword score is prioritization only; it is not an eligibility or exclusion decision.
CG0326,doi:10.1109/fmcad.2014.6987598,Faster temporal reasoning for infinite-state programs,2014,2014-10-21,10.1109/fmcad.2014.6987598,,Formal Methods in Computer-Aided Design,opencitations;semanticscholar,10.1109/fmcad.2014.6987598;cb9ee99866549a297c8ac1e2a90d531b3e6c1011,CS009,S10,,CS009,included,no,,0,title-screen,,,,Keyword score is prioritization only; it is not an eligibility or exclusion decision.
CG0327,doi:10.1109/hpca.2014.6835927,,,,10.1109/hpca.2014.6835927,,,opencitations,10.1109/hpca.2014.6835927,CS003,S03,CS003,,unknown-date,no,,0,manual-date-check,,,,Keyword score is prioritization only; it is not an eligibility or exclusion decision.
CG0328,doi:10.1109/icdcs.2003.1203503,Obstruction-free synchronization: double-ended queues as an example,2003,2003-05-19,10.1109/icdcs.2003.1203503,,"23rd International Conference on Distributed Computing Systems, 2003. Proceedings.",opencitations;semanticscholar,10.1109/icdcs.2003.1203503;59a8ce16cf0547945f182010ed6bf4c2a82805b1,CS012;CS016;CS017;CS024,A27;A28;A29;S16,CS012;CS016;CS017;CS024,,included,no,,0,title-screen,,,,Keyword score is prioritization only; it is not an eligibility or exclusion decision.
CG0329,doi:10.1109/iceccs.2005.49,,,,10.1109/iceccs.2005.49,,,opencitations,10.1109/iceccs.2005.49,CS024,A29,CS024,,unknown-date,no,,0,manual-date-check,,,,Keyword score is prioritization only; it is not an eligibility or exclusion decision.
CG0330,doi:10.1109/imis.2011.55,,2011,2011-06,10.1109/imis.2011.55,,,opencitations,10.1109/imis.2011.55,CS009,S10,,CS009,included,no,,0,missing-title-manual-check,,,,Keyword score is prioritization only; it is not an eligibility or exclusion decision.
CG0331,doi:10.1109/isca.2014.6853222,,,,10.1109/isca.2014.6853222,,,opencitations,10.1109/isca.2014.6853222,CS026,S27,CS026,,unknown-date,no,,0,manual-date-check,,,,Keyword score is prioritization only; it is not an eligibility or exclusion decision.
CG0332,doi:10.1109/ispa.2010.13,Parallel Task Developing Based on Software Pipeline in Multicore System,2010,2010-09-06,10.1109/ispa.2010.13,,International Symposium on Image and Signal Processing and Analysis,semanticscholar,450fae7f747b0cc98c50e690de1508c4fcce43f0,CS009,S10,,CS009,included,no,,0,title-screen,,,,Keyword score is prioritization only; it is not an eligibility or exclusion decision.
CG0333,doi:10.1109/lics.1988.5115,,,,10.1109/lics.1988.5115,,,opencitations,10.1109/lics.1988.5115,CS006,S07,CS006,,unknown-date,no,,0,manual-date-check,,,,Keyword score is prioritization only; it is not an eligibility or exclusion decision.
CG0334,doi:10.1109/lics.1999.782641,Linear types and non-size-increasing polynomial time computation,1999,1999-07-02,10.1109/lics.1999.782641,,Proceedings. 14th Symposium on Logic in Computer Science (Cat. No. PR00158),opencitations;semanticscholar,10.1109/lics.1999.782641;8ea303d12e881f47edc042a44168f1d39fe1dcd2,CS019;CS023,S29;S35,CS019;CS023,,included,no,,0,title-screen,,,,Keyword score is prioritization only; it is not an eligibility or exclusion decision.
CG0335,doi:10.1109/lics.2002.1029817,Separation logic: a logic for shared mutable data structures,2002,2002-07-22,10.1109/lics.2002.1029817,,Proceedings 17th Annual IEEE Symposium on Logic in Computer Science,opencitations;semanticscholar,10.1109/lics.2002.1029817;38b7e9721cc3e326580465deaf0f0028b92afe6a,CS012;CS013;CS016;CS019;CS028,A27;S16;S17;S29;S40,CS012;CS013;CS016;CS019;CS028,,included,no,,0,title-screen,,,,Keyword score is prioritization only; it is not an eligibility or exclusion decision.
CG0336,doi:10.1109/lics.2004.1319596,,,,10.1109/lics.2004.1319596,,,opencitations,10.1109/lics.2004.1319596,CS003,S03,CS003,,unknown-date,no,,0,manual-date-check,,,,Keyword score is prioritization only; it is not an eligibility or exclusion decision.
CG0337,doi:10.1109/lics.2006.52,,,,10.1109/lics.2006.52,,,opencitations,10.1109/lics.2006.52,CS014,S19,CS014,,unknown-date,no,,0,manual-date-check,,,,Keyword score is prioritization only; it is not an eligibility or exclusion decision.
CG0338,doi:10.1109/lics.2007.30,,,,10.1109/lics.2007.30,,,opencitations,10.1109/lics.2007.30,CS009,S10,CS009,,unknown-date,no,,0,manual-date-check,,,,Keyword score is prioritization only; it is not an eligibility or exclusion decision.
CG0339,doi:10.1109/lics.2010.24,,2010,2010-07,10.1109/lics.2010.24,,,opencitations,10.1109/lics.2010.24,CS009,S10,,CS009,included,no,,0,missing-title-manual-check,,,,Keyword score is prioritization only; it is not an eligibility or exclusion decision.
CG0340,doi:10.1109/lics.2011.46,,,,10.1109/lics.2011.46,,,opencitations,10.1109/lics.2011.46,CS019,S29,CS019,,unknown-date,no,,0,manual-date-check,,,,Keyword score is prioritization only; it is not an eligibility or exclusion decision.
CG0344,doi:10.1109/mm.2015.46,Memory persistency,2014,2014-10-16,10.1109/mm.2015.46,,International Symposium on Computer Architecture,semanticscholar,885c666fbcfd1a10c613496d7a041d01b99c7a39,CS026,S27,CS026,,included,no,,0,title-screen,,,,Keyword score is prioritization only; it is not an eligibility or exclusion decision.
CG0345,doi:10.1109/nvmsa.2017.8064467,Designing persistent heap for byte addressable NVRAM,2017,2017-08-01,10.1109/nvmsa.2017.8064467,,IEEE Non-Volatile Memory System and Applications Symposium,semanticscholar,91b39a16f3163d342d0a96e3d53bfe5fc0b654d4,CS014,S19,,CS014,included,no,,0,title-screen,,,,Keyword score is prioritization only; it is not an eligibility or exclusion decision.
CG0346,doi:10.1109/pdp.2016.103,Reasoning about Fences and Relaxed Atomics,2016,2016-02-17,10.1109/pdp.2016.103,,"International Euromicro Conference on Parallel, Distributed and Network-Based Processing",semanticscholar,e10dc8c77e8cb647424fe5ff9b3b453e97a9c45c,CS006,S07,CS006,,included,no,,0,title-screen,,,,Keyword score is prioritization only; it is not an eligibility or exclusion decision.
CG0347,doi:10.1109/sfcs.1977.32,,,,10.1109/sfcs.1977.32,,,opencitations,10.1109/sfcs.1977.32,CS029,S42,CS029,,unknown-date,no,,0,manual-date-check,,,,Keyword score is prioritization only; it is not an eligibility or exclusion decision.
CG0348,doi:10.1109/sfcs.1994.365680,Scheduling multithreaded computations by work stealing,1994,1994-11-20,10.1109/sfcs.1994.365680,,Proceedings 35th Annual Symposium on Foundations of Computer Science,semanticscholar,7c84a021a12c153680c8f3a1eb29e1ae4a768b44,CS023,S35,CS023,,included,no,,0,title-screen,,,,Keyword score is prioritization only; it is not an eligibility or exclusion decision.
CG0349,doi:10.1109/superc.1990.130084,Scan primitives for vector computers,1990,1990-11-12,10.1109/superc.1990.130084,,Proceedings SUPERCOMPUTING '90,semanticscholar,4e9c04b2da289c8a5a18eabf024a8f376e1758a2,CS023,S35,CS023,,included,no,,0,title-screen,,,,Keyword score is prioritization only; it is not an eligibility or exclusion decision.
CG0350,doi:10.1109/tc.1979.1675439,,,,10.1109/tc.1979.1675439,,,opencitations,10.1109/tc.1979.1675439,CS001;CS003;CS006;CS022,S01;S03;S07;S33,CS001;CS003;CS006;CS022,,unknown-date,no,,0,manual-date-check,,,,Keyword score is prioritization only; it is not an eligibility or exclusion decision.
CG0351,doi:10.1109/time.2011.12,Interleaved Programs and Rely-Guarantee Reasoning with ITL,2011,2011-09-12,10.1109/time.2011.12,,2011 Eighteenth International Symposium on Temporal Representation and Reasoning,opencitations;semanticscholar,10.1109/time.2011.12;81e34d2a18c46260400fbcd483f6cc40cdada626,CS009;CS018,S10;S28,CS018,CS009,included,no,,0,title-screen,,,,Keyword score is prioritization only; it is not an eligibility or exclusion decision.
CG0354,doi:10.1109/tpds.2011.159,User-Level Implementations of Read-Copy Update,2012,2012-02-01,10.1109/tpds.2011.159,,IEEE Transactions on Parallel and Distributed Systems,opencitations;semanticscholar,10.1109/tpds.2011.159;925e62cf34e775713c38aebb1510e93e2a510ed4,CS022,S33,CS022,,included,no,,0,title-screen,,,,Keyword score is prioritization only; it is not an eligibility or exclusion decision.
CG0355,doi:10.1109/tse.1977.229904,Proving the Correctness of Multiprocess Programs,1977,1977-03-01,10.1109/tse.1977.229904,,IEEE Transactions on Software Engineering,opencitations;semanticscholar,10.1109/tse.1977.229904;2a41593d839323ddcd8597a22e4df6e398d4f98c,CS001;CS002,S01;S02,CS001;CS002,,included,no,,0,title-screen,,,,Keyword score is prioritization only; it is not an eligibility or exclusion decision.
CG0356,doi:10.1109/tse.2012.82,Verifying Linearizability via Optimized Refinement Checking,2013,2013-07-01,10.1109/tse.2012.82,,IEEE Transactions on Software Engineering,opencitations;semanticscholar,10.1109/tse.2012.82;5de528f09dd2933a5aec6ed738398122dddfd628,CS027,S38,,CS027,included,no,,0,title-screen,,,,Keyword score is prioritization only; it is not an eligibility or exclusion decision.
CG0357,doi:10.1134/s0361768821060050,A Survey of Programming Language Memory Models,2021,2021-11-01,10.1134/s0361768821060050,,Programming and computer software,opencitations;semanticscholar,10.1134/s0361768821060050;2317fe55108f4541c8c23c2d86c844e0a5ab0963,CS001,S01,,CS001,included,no,,0,title-screen,,,,Keyword score is prioritization only; it is not an eligibility or exclusion decision.
CG0358,doi:10.1136/bjo.46.11.704,A and V,1962,1962-11-01,10.1136/bjo.46.11.704,,British Journal of Ophthalmology,semanticscholar,75aa1f1a04b5f2bb6bf9afb662711121edde9eda,CS008,S09,CS008,,included,no,,0,title-screen,,,,Keyword score is prioritization only; it is not an eligibility or exclusion decision.
CG0361,doi:10.1145/103727.103729,Algorithms for scalable synchronization on shared-memory multiprocessors,1991,1991-02-01,10.1145/103727.103729,,ACM Transactions on Computer Systems,opencitations;semanticscholar,10.1145/103727.103729;1c66c74508b150c3f4a20d9f05a605b89b30a718,CS001;CS014,S01;S19,CS001;CS014,,included,no,,0,title-screen,,,,Keyword score is prioritization only; it is not an eligibility or exclusion decision.
CG0362,doi:10.1145/1040305.1040326,,,,10.1145/1040305.1040326,,,opencitations,10.1145/1040305.1040326,CS013,S17,CS013,,unknown-date,no,,0,manual-date-check,,,,Keyword score is prioritization only; it is not an eligibility or exclusion decision.
CG0363,doi:10.1145/1040305.1040327,Permission accounting in separation logic,2005,2005-01-12,10.1145/1040305.1040327,,ACM-SIGACT Symposium on Principles of Programming Languages,opencitations;semanticscholar,10.1145/1040305.1040327;e198d4936e86dad3c3702818e903d68493f3b25b,CS019;CS023,S29;S35,CS019;CS023,,included,no,,0,title-screen,,,,Keyword score is prioritization only; it is not an eligibility or exclusion decision.
CG0364,doi:10.1145/1040305.1040336,The Java memory model,2005,2005-01-12,10.1145/1040305.1040336,,ACM-SIGACT Symposium on Principles of Programming Languages,opencitations;semanticscholar,0b4cd037925fe2185cbf38b4ccb76f32bbd87d53;10.1145/1040305.1040336,CS001;CS004,S01;S05,CS001;CS004,,included,no,,0,title-screen,,,,Keyword score is prioritization only; it is not an eligibility or exclusion decision.
CG0365,doi:10.1145/1047659.1040326,,,,10.1145/1047659.1040326,,,opencitations,10.1145/1047659.1040326,CS013,S17,CS013,,unknown-date,no,,0,manual-date-check,,,,Keyword score is prioritization only; it is not an eligibility or exclusion decision.
CG0366,doi:10.1145/1047659.1040336,,,,10.1145/1047659.1040336,,,opencitations,10.1145/1047659.1040336,CS001;CS004,S01;S05,CS001;CS004,,unknown-date,no,,0,manual-date-check,,,,Keyword score is prioritization only; it is not an eligibility or exclusion decision.
CG0367,doi:10.1145/1062247.1062249,,,,10.1145/1062247.1062249,,,opencitations,10.1145/1062247.1062249,CS029,S42,CS029,,unknown-date,no,,0,manual-date-check,,,,Keyword score is prioritization only; it is not an eligibility or exclusion decision.
CG0368,doi:10.1145/1073970.1073974,Dynamic circular work-stealing deque,2005,2005-07-18,10.1145/1073970.1073974,,ACM Symposium on Parallelism in Algorithms and Architectures,opencitations;semanticscholar,10.1145/1073970.1073974;f856a996e7aec0ea6db55e9247a00a01cb695090,CS006,S07,CS006,,included,no,,0,title-screen,,,,Keyword score is prioritization only; it is not an eligibility or exclusion decision.
CG0369,doi:10.1145/1094811.1094852,X10: an object-oriented approach to non-uniform cluster computing,2005,2005-10-16,10.1145/1094811.1094852,,"Conference on Object-Oriented Programming Systems, Languages, and Applications",opencitations;semanticscholar,06e40c82dbe9ac18f0192c9406750cc3440a827e;10.1145/1094811.1094852,CS019,S29,CS019,,included,no,,0,title-screen,,,,Keyword score is prioritization only; it is not an eligibility or exclusion decision.
CG0371,doi:10.1145/1122971.1122994,,,,10.1145/1122971.1122994,,,opencitations,10.1145/1122971.1122994,CS009,S10,CS009,,unknown-date,no,,0,manual-date-check,,,,Keyword score is prioritization only; it is not an eligibility or exclusion decision.
CG0372,doi:10.1145/114005.102808,,,,10.1145/114005.102808,,,opencitations,10.1145/114005.102808,CS009;CS013;CS016;CS017;CS029,A27;A28;S10;S17;S42,CS009;CS013;CS016;CS017;CS029,,unknown-date,no,,0,manual-date-check,,,,Keyword score is prioritization only; it is not an eligibility or exclusion decision.
CG0373,doi:10.1145/1190215.1190261,,,,10.1145/1190215.1190261,,,opencitations,10.1145/1190215.1190261,CS018,S28,CS018,,unknown-date,no,,0,manual-date-check,,,,Keyword score is prioritization only; it is not an eligibility or exclusion decision.
CG0374,doi:10.1145/1190216.1190257,,,,10.1145/1190216.1190257,,,opencitations,10.1145/1190216.1190257,CS009,S10,CS009,,unknown-date,no,,0,manual-date-check,,,,Keyword score is prioritization only; it is not an eligibility or exclusion decision.
CG0377,doi:10.1145/1250734.1250765,Thread-modular shape analysis,2007,2007-06-15,10.1145/1250734.1250765,,ACM-SIGPLAN Symposium on Programming Language Design and Implementation,opencitations;semanticscholar,10.1145/1250734.1250765;1a2bfad38eb96e413b51fcaa6c77e71dbd2cb881,CS009;CS028,S10;S40,CS009;CS028,,included,no,,0,title-screen,,,,Keyword score is prioritization only; it is not an eligibility or exclusion decision.
CG0379,doi:10.1145/1273442.1250765,,,,10.1145/1273442.1250765,,,opencitations,10.1145/1273442.1250765,CS028,S40,CS028,,unknown-date,no,,0,manual-date-check,,,,Keyword score is prioritization only; it is not an eligibility or exclusion decision.
CG0380,doi:10.1145/1273442.1250771,,,,10.1145/1273442.1250771,,,opencitations,10.1145/1273442.1250771,CS028,S40,CS028,,unknown-date,no,,0,manual-date-check,,,,Keyword score is prioritization only; it is not an eligibility or exclusion decision.
CG0382,doi:10.1145/1328897.1328459,,,,10.1145/1328897.1328459,,,opencitations,10.1145/1328897.1328459,CS004,S05,CS004,,unknown-date,no,,0,manual-date-check,,,,Keyword score is prioritization only; it is not an eligibility or exclusion decision.
CG0383,doi:10.1145/1375581.1375587,,,,10.1145/1375581.1375587,,,opencitations,10.1145/1375581.1375587,CS029,S42,CS029,,unknown-date,no,,0,manual-date-check,,,,Keyword score is prioritization only; it is not an eligibility or exclusion decision.
CG0384,doi:10.1145/1375581.1375598,,,,10.1145/1375581.1375598,,,opencitations,10.1145/1375581.1375598,CS009,S10,CS009,,unknown-date,no,,0,manual-date-check,,,,Keyword score is prioritization only; it is not an eligibility or exclusion decision.
CG0385,doi:10.1145/1375634.1375637,Parallel generational-copying garbage collection with a block-structured heap,2008,2008-06-07,10.1145/1375634.1375637,,International Symposium on Mathematical Morphology and Its Application to Signal and Image Processing,opencitations;semanticscholar,10.1145/1375634.1375637;839ef90d70e4779a4b6795b06f314294ea539add,CS019,S29,CS019,,included,no,,0,title-screen,,,,Keyword score is prioritization only; it is not an eligibility or exclusion decision.
CG0386,doi:10.1145/1375634.1375656,Analysing memory resource bounds for low-level programs,2008,2008-06-07,10.1145/1375634.1375656,,International Symposium on Mathematical Morphology and Its Application to Signal and Image Processing,opencitations;semanticscholar,10.1145/1375634.1375656;1851715edb40a16380ba0508b5e82809badfb73c,CS019,S29,CS019,,included,no,,0,title-screen,,,,Keyword score is prioritization only; it is not an eligibility or exclusion decision.
CG0387,doi:10.1145/1411203.1411224,Implicitly-threaded parallelism in Manticore,2008,2008-09-20,10.1145/1411203.1411224,,Journal of functional programming,semanticscholar,11a5cdac00df51114a77fafb62c72ac57f52e8c0,CS023,S35,CS023,,included,no,,0,title-screen,,,,Keyword score is prioritization only; it is not an eligibility or exclusion decision.
CG0389,doi:10.1145/1411204.1411226,,,,10.1145/1411204.1411226,,,opencitations,10.1145/1411204.1411226,CS010,S14,CS010,,unknown-date,no,,0,manual-date-check,,,,Keyword score is prioritization only; it is not an eligibility or exclusion decision.
CG0390,doi:10.1145/142111.964561,,,,10.1145/142111.964561,,,opencitations,10.1145/142111.964561,CS009;CS013;CS017,A28;S10;S17,CS009;CS013;CS017,,unknown-date,no,,0,manual-date-check,,,,Keyword score is prioritization only; it is not an eligibility or exclusion decision.
CG0392,doi:10.1145/1480881.1480917,Compositional shape analysis by means of bi-abduction,2009,2009-01-21,10.1145/1480881.1480917,,ACM-SIGACT Symposium on Principles of Programming Languages,semanticscholar,17b106493d825357411dd9943f957793a0d1a0fa,CS028,S40,CS028,,included,no,,0,title-screen,,,,Keyword score is prioritization only; it is not an eligibility or exclusion decision.
CG0393,doi:10.1145/1480881.1480922,Local rely-guarantee reasoning,2009,2009-01-21,10.1145/1480881.1480922,,ACM-SIGACT Symposium on Principles of Programming Languages,opencitations;semanticscholar,10.1145/1480881.1480922;c58820a76c325d6d12fd3ce010be9777ba0ae0c3,CS009;CS014,S10;S19,CS014,CS009,included,no,,0,title-screen,,,,Keyword score is prioritization only; it is not an eligibility or exclusion decision.
CG0394,doi:10.1145/1480881.1480925,State-dependent representation independence,2009,2009-01-21,10.1145/1480881.1480925,,ACM-SIGACT Symposium on Principles of Programming Languages,semanticscholar,ffb87841f0ceb836adeb5383e1bb780f9ae80419,CS012,S16,CS012,,included,no,,0,title-screen,,,,Keyword score is prioritization only; it is not an eligibility or exclusion decision.
CG0395,doi:10.1145/1480881.1480930,,,,10.1145/1480881.1480930,,,opencitations,10.1145/1480881.1480930,CS003,S03,CS003,,unknown-date,no,,0,manual-date-check,,,,Keyword score is prioritization only; it is not an eligibility or exclusion decision.
CG0396,doi:10.1145/1506409.1506431,,,,10.1145/1506409.1506431,,,opencitations,10.1145/1506409.1506431,CS016,A27,CS016,,unknown-date,no,,0,manual-date-check,,,,Keyword score is prioritization only; it is not an eligibility or exclusion decision.
CG0398,doi:10.1145/1543135.1542493,,2009,2009-05-28,10.1145/1543135.1542493,,,opencitations,10.1145/1543135.1542493,CS009;CS028,S10;S40,CS028,CS009,included,no,,0,missing-title-manual-check,,,,Keyword score is prioritization only; it is not an eligibility or exclusion decision.
CG0399,doi:10.1145/155332.155343,Implementation of a portable nested data-parallel language,1993,1993-08-01,10.1145/155332.155343,,ACM SIGPLAN Symposium on Principles & Practice of Parallel Programming,semanticscholar,8a74d0dcb9aade9da4bf30ba79a29882b69717eb,CS023,S35,CS023,,included,no,,0,title-screen,,,,Keyword score is prioritization only; it is not an eligibility or exclusion decision.
CG0400,doi:10.1145/1594834.1480886,,,,10.1145/1594834.1480886,,,opencitations,10.1145/1594834.1480886,CS013;CS014;CS028,S17;S19;S40,CS013;CS014;CS028,,unknown-date,no,,0,manual-date-check,,,,Keyword score is prioritization only; it is not an eligibility or exclusion decision.
CG0401,doi:10.1145/1594834.1480917,,,,10.1145/1594834.1480917,,,opencitations,10.1145/1594834.1480917,CS028,S40,CS028,,unknown-date,no,,0,manual-date-check,,,,Keyword score is prioritization only; it is not an eligibility or exclusion decision.
CG0402,doi:10.1145/1594834.1480922,,2009,2009-01-21,10.1145/1594834.1480922,,,opencitations,10.1145/1594834.1480922,CS009;CS014;CS016,A27;S10;S19,CS014;CS016,CS009,included,no,,0,missing-title-manual-check,,,,Keyword score is prioritization only; it is not an eligibility or exclusion decision.
CG0403,doi:10.1145/1640089.1640133,"On understanding data abstraction, revisited",2009,2009-10-25,10.1145/1640089.1640133,,"Conference on Object-Oriented Programming Systems, Languages, and Applications",opencitations;semanticscholar,10.1145/1640089.1640133;26a91e5058d9245126b2104f61c37a8dd935a658,CS019,S29,CS019,,included,no,,0,title-screen,,,,Keyword score is prioritization only; it is not an eligibility or exclusion decision.
CG0404,doi:10.1145/165180.165205,Polling efficiently on stock hardware,1993,1993-07-01,10.1145/165180.165205,,Conference on Functional Programming Languages and Computer Architecture,opencitations;semanticscholar,10.1145/165180.165205;a134e089a2d1b4c2f6962de93998588d6ab5c776,CS019,S29,CS019,,included,no,,0,title-screen,,,,Keyword score is prioritization only; it is not an eligibility or exclusion decision.
CG0405,doi:10.1145/1693453.1693459,Featherweight X10: a core calculus for async-finish parallelism,2010,2010-01-09,10.1145/1693453.1693459,,ACM SIGPLAN Symposium on Principles & Practice of Parallel Programming,opencitations;semanticscholar,10.1145/1693453.1693459;9dcdea1c1fd99133ab80e97ea7b9d75ab00905f3,CS019,S29,CS019,,included,no,,0,title-screen,,,,Keyword score is prioritization only; it is not an eligibility or exclusion decision.
CG0406,doi:10.1145/1706299.1706303,,,,10.1145/1706299.1706303,,,opencitations,10.1145/1706299.1706303,CS003,S03,CS003,,unknown-date,no,,0,manual-date-check,,,,Keyword score is prioritization only; it is not an eligibility or exclusion decision.
CG0407,doi:10.1145/1706299.1706322,A theory of indirection via approximation,2010,2010-01-17,10.1145/1706299.1706322,,ACM-SIGACT Symposium on Principles of Programming Languages,semanticscholar,f1ebbadc70daeb0da81df1c08592eb83f43a0b03,CS011,S15,CS011,,included,no,,0,title-screen,,,,Keyword score is prioritization only; it is not an eligibility or exclusion decision.
CG0408,doi:10.1145/1745312.1745313,,,,10.1145/1745312.1745313,,,opencitations,10.1145/1745312.1745313,CS016,A27,CS016,,unknown-date,no,,0,manual-date-check,,,,Keyword score is prioritization only; it is not an eligibility or exclusion decision.
CG0409,doi:10.1145/1745312.1745315,Verifying safety properties of concurrent heap-manipulating programs,2010,2010-05-01,10.1145/1745312.1745315,,TOPL,opencitations;semanticscholar,10.1145/1745312.1745315;2c2a596d8517199573af9ae2f5d17e5488d24edb,CS009,S10,,CS009,included,no,,0,title-screen,,,,Keyword score is prioritization only; it is not an eligibility or exclusion decision.
CG0410,doi:10.1145/1785414.1785443,x86-TSO,2010,2010-07-01,10.1145/1785414.1785443,,Communications of the ACM,opencitations;semanticscholar,10.1145/1785414.1785443;e12c81e6ad5d11031e26e532a0ef409f0672e10c,CS001;CS003;CS008,S01;S03;S09,CS001;CS003;CS008,,included,no,,0,title-screen,,,,Keyword score is prioritization only; it is not an eligibility or exclusion decision.
CG0411,doi:10.1145/1806596.1806630,The reachability-bound problem,2010,2010-06-05,10.1145/1806596.1806630,,ACM-SIGPLAN Symposium on Programming Language Design and Implementation,semanticscholar,74371ddba02bbeae34f2ddc840265a93870aeb19,CS028,S40,CS028,,included,no,,0,title-screen,,,,Keyword score is prioritization only; it is not an eligibility or exclusion decision.
CG0412,doi:10.1145/1806596.1806634,Line-up: a complete and automatic linearizability checker,2010,2010-06-05,10.1145/1806596.1806634,,ACM-SIGPLAN Symposium on Programming Language Design and Implementation,opencitations;semanticscholar,10.1145/1806596.1806634;825c2ba62cd1c741ada07b758424f8707ad9f02b,CS022,S33,CS022,,included,no,,0,title-screen,,,,Keyword score is prioritization only; it is not an eligibility or exclusion decision.
CG0413,doi:10.1145/1809028.1806630,,,,10.1145/1809028.1806630,,,opencitations,10.1145/1809028.1806630,CS028,S40,CS028,,unknown-date,no,,0,manual-date-check,,,,Keyword score is prioritization only; it is not an eligibility or exclusion decision.
CG0414,doi:10.1145/1835698.1835722,Verifying linearizability with hindsight,2010,2010-07-25,10.1145/1835698.1835722,,ACM SIGACT-SIGOPS Symposium on Principles of Distributed Computing,opencitations;semanticscholar,10.1145/1835698.1835722;1fc3e2438ec2874adc335519d65c3959be69fb76,CS022,S33,CS022,,included,no,,0,title-screen,,,,Keyword score is prioritization only; it is not an eligibility or exclusion decision.
CG0416,doi:10.1145/1897852.1897873,,,,10.1145/1897852.1897873,,,opencitations,10.1145/1897852.1897873,CS016,A27,CS016,,unknown-date,no,,0,manual-date-check,,,,Keyword score is prioritization only; it is not an eligibility or exclusion decision.
CG0417,doi:10.1145/1925844.1926394,,,,10.1145/1925844.1926394,,,opencitations,10.1145/1925844.1926394,CS008,S09,CS008,,unknown-date,no,,0,manual-date-check,,,,Keyword score is prioritization only; it is not an eligibility or exclusion decision.
CG0418,doi:10.1145/1926385.1926394,Mathematizing C++ concurrency,2011,2011-01-26,10.1145/1926385.1926394,,ACM-SIGACT Symposium on Principles of Programming Languages,opencitations;semanticscholar,10.1145/1926385.1926394;e1aa60639ac1c05788d4eef6054d9a47d047de0e,CS001;CS003;CS006;CS007;CS008;CS022,S01;S03;S07;S08;S09;S33,CS001;CS003;CS006;CS007;CS008;CS022,,included,no,,0,title-screen,,,,Keyword score is prioritization only; it is not an eligibility or exclusion decision.
CG0419,doi:10.1145/1926385.1926402,A kripke logical relation between ML and assembly,2011,2011-01-26,10.1145/1926385.1926402,,ACM-SIGACT Symposium on Principles of Programming Languages,opencitations;semanticscholar,10.1145/1926385.1926402;1e34bd70e070ebb9c54e1c3ab0fb799a892de51f,CS010,S14,CS010,,included,no,,0,title-screen,,,,Keyword score is prioritization only; it is not an eligibility or exclusion decision.
CG0420,doi:10.1145/1929553.1929565,The essence of monotonic state,2011,2011-01-25,10.1145/1929553.1929565,,ACM SIGPLAN International Workshop on Types In Languages Design And Implementation,semanticscholar,0027cc0dd768ce3ae2f3e253a17958dd69281f4c,CS023,S35,CS023,,included,no,,0,title-screen,,,,Keyword score is prioritization only; it is not an eligibility or exclusion decision.
CG0422,doi:10.1145/1950365.1950379,Mnemosyne: lightweight persistent memory,2011,2011-03-05,10.1145/1950365.1950379,,ASPLOS XVI,opencitations;semanticscholar,10.1145/1950365.1950379;62957dc217fd2b416eb0ddb9b900eeff2e3fe169,CS026,S27,CS026,,included,no,,0,title-screen,,,,Keyword score is prioritization only; it is not an eligibility or exclusion decision.
CG0423,doi:10.1145/197917.198176,Set-linearizability,1994,1994-08-14,10.1145/197917.198176,,ACM SIGACT-SIGOPS Symposium on Principles of Distributed Computing,opencitations;semanticscholar,10.1145/197917.198176;aaabd1ab2a735e36acb9905b9882b6e1184fb6a6,CS006,S07,CS006,,included,no,,0,title-screen,,,,Keyword score is prioritization only; it is not an eligibility or exclusion decision.
CG0424,doi:10.1145/1993498.1993520,Understanding POWER multiprocessors,2011,2011-06-04,10.1145/1993498.1993520,,ACM-SIGPLAN Symposium on Programming Language Design and Implementation,opencitations;semanticscholar,10.1145/1993498.1993520;4fe468925a5c1b636cc16fb04184c69de7aed097,CS004,S05,CS004,,included,no,,0,title-screen,,,,Keyword score is prioritization only; it is not an eligibility or exclusion decision.
CG0425,doi:10.1145/2020976.2021006,The art of multiprocessor programming by Maurice Herlihy and Nir Shavit,2011,2011-09-30,10.1145/2020976.2021006,,SOEN,semanticscholar,64d8c44d6f04b193d3254f6ee8b733f71bfb8d06,CS028,S40,CS028,,included,no,,0,title-screen,,,,Keyword score is prioritization only; it is not an eligibility or exclusion decision.
CG0426,doi:10.1145/203095.201069,Conjoining specifications,1995,1995-05-01,10.1145/203095.201069,,ACM Transactions on Programming Languages and Systems,opencitations;semanticscholar,062ee646bc993e69179ecd474060926f5f97e858;10.1145/203095.201069,CS009;CS011;CS014;CS028,S10;S15;S19;S40,CS009;CS011;CS014;CS028,,included,no,,0,title-screen,,,,Keyword score is prioritization only; it is not an eligibility or exclusion decision.
CG0427,doi:10.1145/209936.209958,Cilk: an efficient multithreaded runtime system,1995,1995-08-01,10.1145/209936.209958,,ACM SIGPLAN Symposium on Principles & Practice of Parallel Programming,semanticscholar,6ca942f2b2367826c2699ac404696cc822d22e30,CS019,S29,CS019,,included,no,,0,title-screen,,,,Keyword score is prioritization only; it is not an eligibility or exclusion decision.
CG0428,doi:10.1145/2103656.2103666,The marriage of bisimulations and Kripke logical relations,2012,2012-01-25,10.1145/2103656.2103666,,ACM-SIGACT Symposium on Principles of Programming Languages,opencitations;semanticscholar,10.1145/2103656.2103666;44bdcf9cd2cb0a147971dca3b64b52663fa73be8,CS010,S14,CS010,,included,no,,0,title-screen,,,,Keyword score is prioritization only; it is not an eligibility or exclusion decision.
CG0430,doi:10.1145/2103776.2103785,The VerCors project: setting up basecamp,2012,2012-01-24,10.1145/2103776.2103785,,Programming Languages meets Program Verification,opencitations;semanticscholar,10.1145/2103776.2103785;36991372842abff5e56c46aaa91ee809b70eecba,CS009,S10,,CS009,included,no,,0,title-screen,,,,Keyword score is prioritization only; it is not an eligibility or exclusion decision.
CG0431,doi:10.1145/224164.224182,Abstract models of memory management,1995,1995-10-01,10.1145/224164.224182,,Conference on Functional Programming Languages and Computer Architecture,opencitations;semanticscholar,10.1145/224164.224182;652d2dec9f32da2d82b0375742d516b5daa3af29,CS019,S29,CS019,,included,no,,0,title-screen,,,,Keyword score is prioritization only; it is not an eligibility or exclusion decision.
CG0432,doi:10.1145/2247684.2247685,Can parallel data structures rely on automatic memory managers?,2012,2012-06-16,10.1145/2247684.2247685,,Workshop on Memory System Performance and Correctness,opencitations;semanticscholar,0b0850f23253c591846f91a48e445616ad1b6b02;10.1145/2247684.2247685,CS029,S42,,CS029,included,no,,0,title-screen,,,,Keyword score is prioritization only; it is not an eligibility or exclusion decision.
CG0433,doi:10.1145/224964.224988,,,,10.1145/224964.224988,,,opencitations,10.1145/224964.224988,CS029,S42,CS029,,unknown-date,no,,0,manual-date-check,,,,Keyword score is prioritization only; it is not an eligibility or exclusion decision.
CG0435,doi:10.1145/232627.232650,A provable time and space efficient implementation of NESL,1996,1996-06-15,10.1145/232627.232650,,ACM SIGPLAN International Conference on Functional Programming,semanticscholar,ab3811f4e64078bdc95f0573b9cec256d400e9ea,CS023,S35,CS023,,included,no,,0,title-screen,,,,Keyword score is prioritization only; it is not an eligibility or exclusion decision.
CG0436,doi:10.1145/2362389.2362393,Multivariate amortized resource analysis,2012,2012-10-01,10.1145/2362389.2362393,,TOPL,opencitations;semanticscholar,10.1145/2362389.2362393;20f3fcd714230fbcb88661ba0f623d9e6217a717,CS019,S29,CS019,,included,no,,0,title-screen,,,,Keyword score is prioritization only; it is not an eligibility or exclusion decision.
CG0437,doi:10.1145/2429069.2429099,Library abstraction for C/C++ concurrency,2013,2013-01-23,10.1145/2429069.2429099,,ACM-SIGACT Symposium on Principles of Programming Languages,opencitations;semanticscholar,10.1145/2429069.2429099;f69107afe63ef62068a57124b7ce411f1d26ea3f,CS006;CS007;CS008;CS022,S07;S08;S09;S33,CS006;CS007;CS008;CS022,,included,no,,0,title-screen,,,,Keyword score is prioritization only; it is not an eligibility or exclusion decision.
CG0438,doi:10.1145/2429069.2429104,,,,10.1145/2429069.2429104,,,opencitations,10.1145/2429069.2429104,CS013,S17,CS013,,unknown-date,no,,0,manual-date-check,,,,Keyword score is prioritization only; it is not an eligibility or exclusion decision.
CG0439,doi:10.1145/2429069.2429109,Quantitative relaxation of concurrent data structures,2013,2013-01-23,10.1145/2429069.2429109,,ACM-SIGACT Symposium on Principles of Programming Languages,opencitations;semanticscholar,10.1145/2429069.2429109;b16e021be73f02185d9a0659fdafaa80b2ad7031,CS006,S07,CS006,,included,no,,0,title-screen,,,,Keyword score is prioritization only; it is not an eligibility or exclusion decision.
CG0441,doi:10.1145/2480359.2429099,,,,10.1145/2480359.2429099,,,opencitations,10.1145/2480359.2429099,CS007;CS008,S08;S09,CS007;CS008,,unknown-date,no,,0,manual-date-check,,,,Keyword score is prioritization only; it is not an eligibility or exclusion decision.
CG0442,doi:10.1145/2480359.2429104,,,,10.1145/2480359.2429104,,,opencitations,10.1145/2480359.2429104,CS013,S17,CS013,,unknown-date,no,,0,manual-date-check,,,,Keyword score is prioritization only; it is not an eligibility or exclusion decision.
CG0445,doi:10.1145/2488364.2490873,,2013,2013-05,10.1145/2488364.2490873,,,opencitations,10.1145/2488364.2490873,CS009,S10,,CS009,included,no,,0,missing-title-manual-check,,,,Keyword score is prioritization only; it is not an eligibility or exclusion decision.
CG0447,doi:10.1145/2500365.2500600,Unifying refinement and hoare-style reasoning in a logic for higher-order concurrency,2013,2013-09-25,10.1145/2500365.2500600,,ACM SIGPLAN International Conference on Functional Programming,opencitations;semanticscholar,10.1145/2500365.2500600;8b88a7f224baf405748c040e4dd4fced006003fb,CS006;CS013;CS014,S07;S17;S19,CS006;CS013;CS014,,included,no,,0,title-screen,,,,Keyword score is prioritization only; it is not an eligibility or exclusion decision.
CG0448,doi:10.1145/2509136.2509514,CDSchecker: checking concurrent data structures written with C/C++ atomics,2013,2013-10-29,10.1145/2509136.2509514,,"Conference on Object-Oriented Programming Systems, Languages, and Applications",opencitations;semanticscholar,10.1145/2509136.2509514;2814d43ef6c8811d6844e3125dd3d4c87c2e226a,CS022,S33,CS022,,included,no,,0,title-screen,,,,Keyword score is prioritization only; it is not an eligibility or exclusion decision.
CG0451,doi:10.1145/2535838.2535877,Verifying eventual consistency of optimistic replication systems,2014,2014-01-08,10.1145/2535838.2535877,,ACM-SIGACT Symposium on Principles of Programming Languages,opencitations;semanticscholar,10.1145/2535838.2535877;fca0e44f0259d7599e4313191e1b596270aefe9b,CS001,S01,CS001,,included,no,,0,title-screen,,,,Keyword score is prioritization only; it is not an eligibility or exclusion decision.
CG0452,doi:10.1145/2542667,Undecidability of Propositional Separation Logic and Its Neighbours,2010,2010-07-11,10.1145/2542667,,2010 25th Annual IEEE Symposium on Logic in Computer Science,semanticscholar,66848336b298969361ccc6ccd0f446ac99af0f0a,CS009,S10,,CS009,included,no,,0,title-screen,,,,Keyword score is prioritization only; it is not an eligibility or exclusion decision.
CG0453,doi:10.1145/2544174.2500600,,,,10.1145/2544174.2500600,,,opencitations,10.1145/2544174.2500600,CS013;CS014,S17;S19,CS013;CS014,,unknown-date,no,,0,manual-date-check,,,,Keyword score is prioritization only; it is not an eligibility or exclusion decision.
CG0454,doi:10.1145/259380.259442,,,,10.1145/259380.259442,,,opencitations,10.1145/259380.259442,CS024;CS025,A29;A30,CS024;CS025,,unknown-date,no,,0,manual-date-check,,,,Keyword score is prioritization only; it is not an eligibility or exclusion decision.
CG0456,doi:10.1145/2594291.2594347,,,,10.1145/2594291.2594347,,,opencitations,10.1145/2594291.2594347,CS003,S03,CS003,,unknown-date,no,,0,manual-date-check,,,,Keyword score is prioritization only; it is not an eligibility or exclusion decision.
CG0458,doi:10.1145/2603088.2603161,,,,10.1145/2603088.2603161,,,opencitations,10.1145/2603088.2603161,CS003,S03,CS003,,unknown-date,no,,0,manual-date-check,,,,Keyword score is prioritization only; it is not an eligibility or exclusion decision.
CG0459,doi:10.1145/2627752,Herding Cats,2014,2014-06-09,10.1145/2627752,1308.6810,ACM Transactions on Programming Languages and Systems,opencitations;semanticscholar,10.1145/2627752;37dd61d659511463ac05979b2c824d0671c4a44b;eea2927258e13bc18f8f872e335bc4a3a7a206b6,CS001;CS004;CS008,S01;S05;S09,CS001;CS004;CS008,,included,no,,0,title-screen,,,,Keyword score is prioritization only; it is not an eligibility or exclusion decision.
CG0461,doi:10.1145/2660193.2660243,,,,10.1145/2660193.2660243,,,opencitations,10.1145/2660193.2660243,CS006;CS026,S07;S27,CS006;CS026,,unknown-date,no,,0,manual-date-check,,,,Keyword score is prioritization only; it is not an eligibility or exclusion decision.
CG0462,doi:10.1145/2666356.2594301,,2014,2014-06-05,10.1145/2666356.2594301,,,opencitations,10.1145/2666356.2594301,CS016,A27,,CS016,included,no,,0,missing-title-manual-check,,,,Keyword score is prioritization only; it is not an eligibility or exclusion decision.
CG0464,doi:10.1145/2676724.2693180,Clean-Slate Development of Certified OS Kernels,2015,2015-01-13,10.1145/2676724.2693180,,Certified Programs and Proofs,opencitations;semanticscholar,10.1145/2676724.2693180;e8ace9419628a68f18027e779f9add1bc9ec9ca9,CS016,A27,,CS016,included,no,,0,title-screen,,,,Keyword score is prioritization only; it is not an eligibility or exclusion decision.
CG0465,doi:10.1145/2676726.2676963,,,,10.1145/2676726.2676963,,,opencitations,10.1145/2676726.2676963,CS022,S33,CS022,,unknown-date,no,,0,manual-date-check,,,,Keyword score is prioritization only; it is not an eligibility or exclusion decision.
CG0466,doi:10.1145/2676726.2676975,,,,10.1145/2676726.2676975,,,opencitations,10.1145/2676726.2676975,CS002,S02,CS002,,unknown-date,no,,0,manual-date-check,,,,Keyword score is prioritization only; it is not an eligibility or exclusion decision.
CG0467,doi:10.1145/2676726.2676980,,,,10.1145/2676726.2676980,,,opencitations,10.1145/2676726.2676980,CS006;CS013,S07;S17,CS006;CS013,,unknown-date,no,,0,manual-date-check,,,,Keyword score is prioritization only; it is not an eligibility or exclusion decision.
CG0468,doi:10.1145/2676726.2676995,,,,10.1145/2676726.2676995,,,opencitations,10.1145/2676726.2676995,CS001,S01,CS001,,unknown-date,no,,0,manual-date-check,,,,Keyword score is prioritization only; it is not an eligibility or exclusion decision.
CG0469,doi:10.1145/2688500.2688503,High performance locks for multi-level NUMA systems,2015,2015-01-24,10.1145/2688500.2688503,,ACM SIGPLAN Symposium on Principles & Practice of Parallel Programming,opencitations;semanticscholar,10.1145/2688500.2688503;9bd0f0527d8d2f751c622ec14388017224f4810b,CS001,S01,CS001,,included,no,,0,title-screen,,,,Keyword score is prioritization only; it is not an eligibility or exclusion decision.
CG0470,doi:10.1145/2699431,,,,10.1145/2699431,,,opencitations,10.1145/2699431,CS003,S03,CS003,,unknown-date,no,,0,manual-date-check,,,,Keyword score is prioritization only; it is not an eligibility or exclusion decision.
CG0471,doi:10.1145/2714064.2660224,,,,10.1145/2714064.2660224,,,opencitations,10.1145/2714064.2660224,CS021,S31,CS021,,unknown-date,no,,0,manual-date-check,,,,Keyword score is prioritization only; it is not an eligibility or exclusion decision.
CG0472,doi:10.1145/2714064.2660243,GPS,2014,2014-10-15,10.1145/2714064.2660243,,"Conference on Object-Oriented Programming Systems, Languages, and Applications",opencitations;semanticscholar,10.1145/2714064.2660243;b9e67d76363b40a590dbd6132ddac94843103a9a,CS006;CS008;CS026,S07;S09;S27,CS006;CS008;CS026,,included,no,,0,title-screen,,,,Keyword score is prioritization only; it is not an eligibility or exclusion decision.
CG0473,doi:10.1145/2737924.2737955,Compositional certified resource bounds,2015,2015-06-03,10.1145/2737924.2737955,,ACM-SIGPLAN Symposium on Programming Language Design and Implementation,opencitations;semanticscholar,10.1145/2737924.2737955;4118e00a194e9cde55a2151b3e06ef41a0da826a,CS016;CS019,A27;S29,CS019,CS016,included,no,,0,title-screen,,,,Keyword score is prioritization only; it is not an eligibility or exclusion decision.
CG0476,doi:10.1145/2749469.2750405,,,,10.1145/2749469.2750405,,,opencitations,10.1145/2749469.2750405,CS003,S03,CS003,,unknown-date,no,,0,manual-date-check,,,,Keyword score is prioritization only; it is not an eligibility or exclusion decision.
CG0477,doi:10.1145/2754169.2754187,Stop and go: understanding yieldpoint behavior,2015,2015-06-14,10.1145/2754169.2754187,,International Symposium on Mathematical Morphology and Its Application to Signal and Image Processing,opencitations;semanticscholar,10.1145/2754169.2754187;1031dd14412b59a28527e005f078f470b5b04dc0,CS019,S29,CS019,,included,no,,0,title-screen,,,,Keyword score is prioritization only; it is not an eligibility or exclusion decision.
CG0478,doi:10.1145/2775051.2676963,"A Scalable, Correct Time-Stamped Stack",2015,2015-01-14,10.1145/2775051.2676963,,ACM-SIGACT Symposium on Principles of Programming Languages,semanticscholar,8a66ec171076a6b3cf3865be2e8570ec7a64fd11,CS022,S33,CS022,,included,no,,0,title-screen,,,,Keyword score is prioritization only; it is not an eligibility or exclusion decision.
CG0479,doi:10.1145/2775051.2676975,Deep Specifications and Certified Abstraction Layers,2015,2015-01-14,10.1145/2775051.2676975,,ACM-SIGACT Symposium on Principles of Programming Languages,semanticscholar,109c2e2a5d61c22b7c00c543c18a5252da130c3d,CS002;CS011,S02;S15,CS002;CS011,,included,no,,0,title-screen,,,,Keyword score is prioritization only; it is not an eligibility or exclusion decision.
CG0480,doi:10.1145/2775051.2676980,Iris,2015,2015-01-14,10.1145/2775051.2676980,,ACM-SIGACT Symposium on Principles of Programming Languages,opencitations;semanticscholar,10.1145/2775051.2676980;3365119a06b86d93e2fcd1a9d105b73f52bd896b,CS002;CS006;CS007;CS010;CS011;CS012;CS013;CS019;CS023,S02;S07;S08;S14;S15;S16;S17;S29;S35,CS002;CS006;CS007;CS010;CS011;CS012;CS013;CS019;CS023,,included,no,,0,title-screen,,,,Keyword score is prioritization only; it is not an eligibility or exclusion decision.
CG0482,doi:10.1145/2796550,Verifying Linearisability,2015,2015-11-21,10.1145/2796550,,ACM Computing Surveys,opencitations;semanticscholar,10.1145/2796550;2bdceaa9ec71ee076563a766261d72fbdcc2bbca,CS009;CS018,S10;S28,,CS009;CS018,included,no,,0,title-screen,,,,Keyword score is prioritization only; it is not an eligibility or exclusion decision.
CG0484,doi:10.1145/2815400.2815402,Using Crash Hoare logic for certifying the FSCQ file system,2015,2015-10-04,10.1145/2815400.2815402,,USENIX Annual Technical Conference,semanticscholar,bade6470375a7126d62b744214ff305d3c905ec1,CS026,S27,CS026,,included,no,,0,title-screen,,,,Keyword score is prioritization only; it is not an eligibility or exclusion decision.
CG0485,doi:10.1145/2837614.2837615,"Modelling the ARMv8 architecture, operationally: concurrency and ISA",2016,2016-01-11,10.1145/2837614.2837615,,ACM-SIGACT Symposium on Principles of Programming Languages,opencitations;semanticscholar,10.1145/2837614.2837615;11041c90b039cc6d45e1d6bd88ce4575805fd52c,CS001,S01,CS001,,included,no,,0,title-screen,,,,Keyword score is prioritization only; it is not an eligibility or exclusion decision.
CG0488,doi:10.1145/2837614.2837643,Taming release-acquire consistency,2016,2016-01-11,10.1145/2837614.2837643,,ACM-SIGACT Symposium on Principles of Programming Languages,opencitations;semanticscholar,10.1145/2837614.2837643;c36b2b15f76ce05d121f5621a5baa060fa6b0bd2,CS001;CS003;CS006;CS008,S01;S03;S07;S09,CS001;CS003;CS006;CS008,,included,no,,0,title-screen,,,,Keyword score is prioritization only; it is not an eligibility or exclusion decision.
CG0489,doi:10.1145/2837614.2837646,The complexity of interaction,2015,2015-11-05,10.1145/2837614.2837646,1511.01838,ACM-SIGACT Symposium on Principles of Programming Languages,semanticscholar,509d7943d5e1bb9dacbfa9427ab953f6188701e4,CS023,S35,CS023,,included,no,,0,title-screen,,,,Keyword score is prioritization only; it is not an eligibility or exclusion decision.
CG0490,doi:10.1145/2858788.2688503,,,,10.1145/2858788.2688503,,,opencitations,10.1145/2858788.2688503,CS001,S01,CS001,,unknown-date,no,,0,manual-date-check,,,,Keyword score is prioritization only; it is not an eligibility or exclusion decision.
CG0491,doi:10.1145/2866575,Analyzing Runtime and Size Complexity of Integer Programs,2016,2016-08-02,10.1145/2866575,,ACM Transactions on Programming Languages and Systems,opencitations;semanticscholar,10.1145/2866575;4d9cbb2432d19ebbd7e98310659c514f7371be75,CS028,S40,CS028,,included,no,,0,title-screen,,,,Keyword score is prioritization only; it is not an eligibility or exclusion decision.
CG0492,doi:10.1145/2914770.2837635,,2016,2016-04-08,10.1145/2914770.2837635,,,opencitations,10.1145/2914770.2837635,CS009;CS013;CS014;CS016,A27;S10;S17;S19,CS014,CS009;CS013;CS016,included,no,,0,missing-title-manual-check,,,,Keyword score is prioritization only; it is not an eligibility or exclusion decision.
CG0493,doi:10.1145/2914770.2837643,,,,10.1145/2914770.2837643,,,opencitations,10.1145/2914770.2837643,CS001,S01,CS001,,unknown-date,no,,0,manual-date-check,,,,Keyword score is prioritization only; it is not an eligibility or exclusion decision.
CG0495,doi:10.1145/2933575.2934536,,,,10.1145/2933575.2934536,,,opencitations,10.1145/2933575.2934536,CS003,S03,CS003,,unknown-date,no,,0,manual-date-check,,,,Keyword score is prioritization only; it is not an eligibility or exclusion decision.
CG0496,doi:10.1145/2951913.2951943,Higher-order ghost state,2016,2016-09-04,10.1145/2951913.2951943,,ACM SIGPLAN International Conference on Functional Programming,opencitations;semanticscholar,10.1145/2951913.2951943;380aedadd989dd140991f8c11fa45752f0d9704e,CS006;CS007;CS010;CS012,S07;S08;S14;S16,CS006;CS007;CS010;CS012,,included,no,,0,title-screen,,,,Keyword score is prioritization only; it is not an eligibility or exclusion decision.
CG0497,doi:10.1145/2983990.2983997,,,,10.1145/2983990.2983997,,,opencitations,10.1145/2983990.2983997,CS003,S03,CS003,,unknown-date,no,,0,manual-date-check,,,,Keyword score is prioritization only; it is not an eligibility or exclusion decision.
CG0498,doi:10.1145/2983990.2983999,Hoare-style specifications as correctness conditions for non-linearizable concurrent objects,2015,2015-09-21,10.1145/2983990.2983999,1509.06220,"Conference on Object-Oriented Programming Systems, Languages, and Applications",opencitations;semanticscholar,10.1145/2983990.2983999;dfccdf3ad33a187b26106628949ba3da9ab221bf,CS006,S07,CS006,,included,no,,0,title-screen,,,,Keyword score is prioritization only; it is not an eligibility or exclusion decision.
CG0499,doi:10.1145/2983990.2984032,Portable inter-workgroup barrier synchronisation for GPUs,2016,2016-10-19,10.1145/2983990.2984032,,"Conference on Object-Oriented Programming Systems, Languages, and Applications",opencitations;semanticscholar,10.1145/2983990.2984032;c5c6ea6e9824c1fdbbaacfb3bfaea7910258bd1a,CS004,S05,CS004,,included,no,,0,title-screen,,,,Keyword score is prioritization only; it is not an eligibility or exclusion decision.
CG0500,doi:10.1145/2983990.2984037,First-class effect reflection for effect-guided programming,2016,2016-10-19,10.1145/2983990.2984037,,"Conference on Object-Oriented Programming Systems, Languages, and Applications",opencitations;semanticscholar,10.1145/2983990.2984037;7a9dc175662588b68bfeb35b0bf0bea8d4bca800,CS009,S10,,CS009,included,no,,0,title-screen,,,,Keyword score is prioritization only; it is not an eligibility or exclusion decision.
CG0501,doi:10.1145/2984450.2984457,Concurrent separation logic,2016,2016-08-08,10.1145/2984450.2984457,,SIGL,opencitations;semanticscholar,10.1145/2984450.2984457;bcffc23cc1455a0c2b2a9dab4794015d65794180,CS013;CS014;CS019,S17;S19;S29,CS019,CS013;CS014,included,no,,0,title-screen,,,,Keyword score is prioritization only; it is not an eligibility or exclusion decision.
CG0502,doi:10.1145/3009837.3009842,Towards automatic resource bound analysis for OCaml,2016,2016-11-02,10.1145/3009837.3009842,1611.00692,ACM-SIGACT Symposium on Principles of Programming Languages,opencitations;semanticscholar,10.1145/3009837.3009842;a9575871468a0dfde4a3595d99fd15f7adc79a87,CS019,S29,CS019,,included,no,,0,title-screen,,,,Keyword score is prioritization only; it is not an eligibility or exclusion decision.
CG0503,doi:10.1145/3009837.3009850,A promising semantics for relaxed-memory concurrency,2017,2017-01-01,10.1145/3009837.3009850,,ACM-SIGACT Symposium on Principles of Programming Languages,opencitations;semanticscholar,10.1145/3009837.3009850;f313e93201531bbf8990ee444a15c4e6c5b980b5,CS001;CS002;CS003;CS006;CS007;CS008,S01;S02;S03;S07;S08;S09,CS001;CS002;CS003;CS006;CS007;CS008,,included,no,,0,title-screen,,,,Keyword score is prioritization only; it is not an eligibility or exclusion decision.
CG0504,doi:10.1145/3009837.3009855,Interactive proofs in higher-order concurrent separation logic,2017,2017-01-01,10.1145/3009837.3009855,,ACM-SIGACT Symposium on Principles of Programming Languages,opencitations;semanticscholar,10.1145/3009837.3009855;e0ac698525226a3f54555f3e8015993458ba5348,CS007;CS010;CS012;CS026,S08;S14;S16;S27,CS007;CS010;CS012;CS026,,included,no,,0,title-screen,,,,Keyword score is prioritization only; it is not an eligibility or exclusion decision.
CG0505,doi:10.1145/3009837.3009877,A relational model of types-and-effects in higher-order concurrent separation logic,2017,2017-01-01,10.1145/3009837.3009877,,ACM-SIGACT Symposium on Principles of Programming Languages,opencitations;semanticscholar,10.1145/3009837.3009877;477c8937bf1a7894e6164f8cd8159c392f846023,CS006,S07,CS006,,included,no,,0,title-screen,,,,Keyword score is prioritization only; it is not an eligibility or exclusion decision.
CG0509,doi:10.1145/3022671.2984037,,2016,2016-12-05,10.1145/3022671.2984037,,,opencitations,10.1145/3022671.2984037,CS009,S10,,CS009,included,no,,0,missing-title-manual-check,,,,Keyword score is prioritization only; it is not an eligibility or exclusion decision.
CG0511,doi:10.1145/3062341.3062354,Futhark: purely functional GPU-programming with nested parallelism and in-place array updates,2017,2017-06-14,10.1145/3062341.3062354,,ACM-SIGPLAN Symposium on Programming Language Design and Implementation,semanticscholar,f463b6d692704baf9463e7d8b39e6032c23c4ec9,CS023,S35,CS023,,included,no,,0,title-screen,,,,Keyword score is prioritization only; it is not an eligibility or exclusion decision.
CG0512,doi:10.1145/3073408,,,,10.1145/3073408,,,opencitations,10.1145/3073408,CS003,S03,CS003,,unknown-date,no,,0,manual-date-check,,,,Keyword score is prioritization only; it is not an eligibility or exclusion decision.
CG0513,doi:10.1145/3093333.3009850,,,,10.1145/3093333.3009850,,,opencitations,10.1145/3093333.3009850,CS001;CS007,S01;S08,CS001;CS007,,unknown-date,no,,0,manual-date-check,,,,Keyword score is prioritization only; it is not an eligibility or exclusion decision.
CG0514,doi:10.1145/3140587.3062352,,,,10.1145/3140587.3062352,,,opencitations,10.1145/3140587.3062352,CS001;CS008,S01;S09,CS001;CS008,,unknown-date,no,,0,manual-date-check,,,,Keyword score is prioritization only; it is not an eligibility or exclusion decision.
CG0517,doi:10.1145/3158107,Simplifying ARM concurrency: multicopy-atomic axiomatic and operational models for ARMv8,2017,2017-12-27,10.1145/3158107,,Proc. ACM Program. Lang.,opencitations;semanticscholar,10.1145/3158107;7026d1648d3507987d7dd5b10720cce81683fa18,CS001;CS006,S01;S07,CS001;CS006,,included,no,,0,title-screen,,,,Keyword score is prioritization only; it is not an eligibility or exclusion decision.
CG0520,doi:10.1145/3158116,Programming and proving with distributed protocols,2018,2017-12-27,10.1145/3158116,,Proc. ACM Program. Lang.,opencitations;semanticscholar,10.1145/3158116;4b68124941fc379b6298334eb9509a2b01fcd1ce,CS014,S19,,CS014,included,no,,0,title-screen,,,,Keyword score is prioritization only; it is not an eligibility or exclusion decision.
CG0521,doi:10.1145/3158119,Data-centric dynamic partial order reduction,2016,2016-10-04,10.1145/3158119,1610.01188,Proc. ACM Program. Lang.,opencitations;semanticscholar,10.1145/3158119;ff52c9ad8c1d0dfc0f0ce49c513272faf6450ebd,CS022,S33,CS022,,included,no,,0,title-screen,,,,Keyword score is prioritization only; it is not an eligibility or exclusion decision.
CG0522,doi:10.1145/3158125,Go with the flow: compositional abstractions for concurrent data structures,2018,2017-11-09,10.1145/3158125,1711.03272,Proc. ACM Program. Lang.,opencitations;semanticscholar,10.1145/3158125;306277d111419015caa49a86233122c1dddb7252,CS007;CS013,S08;S17,CS007,CS013,included,no,,0,title-screen,,,,Keyword score is prioritization only; it is not an eligibility or exclusion decision.
CG0523,doi:10.1145/3158154,RustBelt: securing the foundations of the rust programming language,2017,2017-12-27,10.1145/3158154,,Proc. ACM Program. Lang.,opencitations;semanticscholar,10.1145/3158154;6a8ceba15f95d03617e79aaba35515776c4bc4d9,CS010;CS012;CS019,S14;S16;S29,CS010;CS012;CS019,,included,no,,0,title-screen,,,,Keyword score is prioritization only; it is not an eligibility or exclusion decision.
CG0524,doi:10.1145/3173162.3177156,Frightening Small Children and Disconcerting Grown-ups: Concurrency in the Linux Kernel,2018,2018-03-19,10.1145/3173162.3177156,,International Conference on Architectural Support for Programming Languages and Operating Systems,opencitations;semanticscholar,10.1145/3173162.3177156;630b78dddd7d66a2e4513131727bb5ac80030c86,CS001,S01,CS001,,included,no,,0,title-screen,,,,Keyword score is prioritization only; it is not an eligibility or exclusion decision.
CG0526,doi:10.1145/3192366.3192381,Certified concurrent abstraction layers,2018,2018-06-11,10.1145/3192366.3192381,,ACM-SIGPLAN Symposium on Programming Language Design and Implementation,opencitations;semanticscholar,10.1145/3192366.3192381;d67f507cd8332e0f38983aa3eb23e8f5f571684d,CS011;CS013;CS014,S15;S17;S19,CS011,CS013;CS014,included,no,,0,title-screen,,,,Keyword score is prioritization only; it is not an eligibility or exclusion decision.
CG0528,doi:10.1145/3192366.3192421,Bounding data races in space and time,2018,2018-06-11,10.1145/3192366.3192421,,ACM-SIGPLAN Symposium on Programming Language Design and Implementation,opencitations;semanticscholar,10.1145/3192366.3192421;76aea8db8a6f9410e2023bef35e02eba6131fdff,CS001;CS006;CS007;CS008,S01;S07;S08;S09,CS001;CS006;CS007;CS008,,included,no,,0,title-screen,,,,Keyword score is prioritization only; it is not an eligibility or exclusion decision.
CG0529,doi:10.1145/3201897,ThreadScan,2018,2018-05-01,10.1145/3201897,,ACM Transactions on Parallel Computing,opencitations;semanticscholar,10.1145/3201897;20bc95e5f6ba7498ca76955b095379599fb0f001,CS019,S29,CS019,,included,no,,0,title-screen,,,,Keyword score is prioritization only; it is not an eligibility or exclusion decision.
CG0530,doi:10.1145/320384.320418,Implementing jalapeño in Java,1999,1999-10-01,10.1145/320384.320418,,"Conference on Object-Oriented Programming Systems, Languages, and Applications",opencitations;semanticscholar,10.1145/320384.320418;87bf9c81ed472f79e067d59db244f7c8870735d6,CS019,S29,CS019,,included,no,,0,title-screen,,,,Keyword score is prioritization only; it is not an eligibility or exclusion decision.
CG0531,doi:10.1145/3209108.3209146,Work Analysis with Resource-Aware Session Types,2017,2017-12-22,10.1145/3209108.3209146,1712.08310,Logic in Computer Science,semanticscholar,ca1d820915e6f9812e8ead454ba5b3f32176b88a,CS023,S35,CS023,,included,no,,0,title-screen,,,,Keyword score is prioritization only; it is not an eligibility or exclusion decision.
CG0532,doi:10.1145/3209108.3209174,ReLoC: A Mechanised Relational Logic for Fine-Grained Concurrency,2018,2018-07-09,10.1145/3209108.3209174,,Logic in Computer Science,opencitations;semanticscholar,10.1145/3209108.3209174;6a39b85c8e772a5a21a5245475eb3a9ab31a2d17,CS006;CS010,S07;S14,CS006;CS010,,included,no,,0,title-screen,,,,Keyword score is prioritization only; it is not an eligibility or exclusion decision.
CG0534,doi:10.1145/3211968,Separation logic,2019,2019-01-28,10.1145/3211968,,Communications of the ACM,opencitations;semanticscholar,10.1145/3211968;7a70b298da9079619d2d6d683c1b801e4b3eae0c,CS019,S29,CS019,,included,no,,0,title-screen,,,,Keyword score is prioritization only; it is not an eligibility or exclusion decision.
CG0535,doi:10.1145/321812.321815,The Parallel Evaluation of General Arithmetic Expressions,1974,1974-04-01,10.1145/321812.321815,,JACM,semanticscholar,3dcf4f76d2194cf81e67fde23267cb70e133eaf8,CS023,S35,CS023,,included,no,,0,title-screen,,,,Keyword score is prioritization only; it is not an eligibility or exclusion decision.
CG0536,doi:10.1145/3236772,"MoSeL: a general, extensible modal framework for interactive proofs in separation logic",2018,2018-07-30,10.1145/3236772,,Proc. ACM Program. Lang.,opencitations;semanticscholar,10.1145/3236772;e60b3d6e4e8318380732a3a0779a703aecd17279,CS007;CS019,S08;S29,CS007;CS019,,included,no,,0,title-screen,,,,Keyword score is prioritization only; it is not an eligibility or exclusion decision.
CG0537,doi:10.1145/3236786,Parallel complexity analysis with temporal session types,2018,2018-04-17,10.1145/3236786,1804.06013,Proc. ACM Program. Lang.,semanticscholar,a98d1f361b7afee0d2a2ae4754bffe4ee9188e4d,CS023,S35,CS023,,included,no,,0,title-screen,,,,Keyword score is prioritization only; it is not an eligibility or exclusion decision.
CG0538,doi:10.1145/325694.325716,Resource bound certification,2000,2000-01-05,10.1145/325694.325716,,ACM-SIGACT Symposium on Principles of Programming Languages,opencitations;semanticscholar,10.1145/325694.325716;327c5c7540a17718e77bc7bd8be3db12f684f7f2,CS019,S29,CS019,,included,no,,0,title-screen,,,,Keyword score is prioritization only; it is not an eligibility or exclusion decision.
CG0540,doi:10.1145/3290373,Weak-consistency specification via visibility relaxation,2019,2019-01-02,10.1145/3290373,,Proc. ACM Program. Lang.,opencitations;semanticscholar,10.1145/3290373;893dcfb86084dfe492d5cd28d832158627d14076,CS006;CS008;CS022,S07;S09;S33,CS006;CS008;CS022,,included,no,,0,title-screen,,,,Keyword score is prioritization only; it is not an eligibility or exclusion decision.
CG0541,doi:10.1145/3290378,Iron: managing obligations in higher-order concurrent separation logic,2019,2019-01-02,10.1145/3290378,,Proc. ACM Program. Lang.,semanticscholar,17759f5892b846695a341e0b3092a9218bb40ecd,CS012;CS016,A27;S16,CS012,CS016,included,no,,0,title-screen,,,,Keyword score is prioritization only; it is not an eligibility or exclusion decision.
CG0544,doi:10.1145/3290383,Grounding thin-air reads with event structures,2019,2019-01-02,10.1145/3290383,,Proc. ACM Program. Lang.,opencitations;semanticscholar,10.1145/3290383;e8c11e951dd8f875555757cbf1b902519dca3839,CS001;CS003;CS006,S01;S03;S07,CS001;CS003;CS006,,included,no,,0,title-screen,,,,Keyword score is prioritization only; it is not an eligibility or exclusion decision.
CG0545,doi:10.1145/3290387,Hamsaz: replication coordination analysis and synthesis,2019,2019-01-02,10.1145/3290387,,Proc. ACM Program. Lang.,opencitations;semanticscholar,10.1145/3290387;db34dcf885481c006e2d04285c40ec7312ab1ea7,CS016,A27,,CS016,included,no,,0,title-screen,,,,Keyword score is prioritization only; it is not an eligibility or exclusion decision.
CG0547,doi:10.1145/3296979.3192381,,2018,2018-12-02,10.1145/3296979.3192381,,,opencitations,10.1145/3296979.3192381,CS013;CS014,S17;S19,,CS013;CS014,included,no,,0,missing-title-manual-check,,,,Keyword score is prioritization only; it is not an eligibility or exclusion decision.
CG0549,doi:10.1145/3314221.3314604,Robustness against release/acquire semantics,2019,2019-06-08,10.1145/3314221.3314604,,ACM-SIGPLAN Symposium on Programming Language Design and Implementation,opencitations;semanticscholar,10.1145/3314221.3314604;a19a6d9dafa70149b7832da93686d5897ce83c7e,CS001,S01,CS001,,included,no,,0,title-screen,,,,Keyword score is prioritization only; it is not an eligibility or exclusion decision.
CG0551,doi:10.1145/3314221.3314624,Promising-ARM/RISC-V: a simpler and faster operational concurrency model,2019,2019-06-08,10.1145/3314221.3314624,,ACM-SIGPLAN Symposium on Programming Language Design and Implementation,opencitations;semanticscholar,10.1145/3314221.3314624;a8c102ee5c60ce919d9c31b081672682c4db1a40,CS006,S07,CS006,,included,no,,0,title-screen,,,,Keyword score is prioritization only; it is not an eligibility or exclusion decision.
CG0553,doi:10.1145/3329125,,,,10.1145/3329125,,,opencitations,10.1145/3329125,CS003,S03,CS003,,unknown-date,no,,0,manual-date-check,,,,Keyword score is prioritization only; it is not an eligibility or exclusion decision.
CG0554,doi:10.1145/3335772.3335935,How to Make a Multiprocessor Computer That Correctly Executes Multiprocess Programs,2016,2016-12-19,10.1145/3335772.3335935,,IEEE transactions on computers,semanticscholar,bdacc240ee817e6565f27f40f8658c037a457a13,CS001;CS006;CS022,S01;S07;S33,CS001;CS006;CS022,,included,no,,0,title-screen,,,,Keyword score is prioritization only; it is not an eligibility or exclusion decision.
CG0555,doi:10.1145/3341301.3359632,"Verifying concurrent, crash-safe systems with Perennial",2019,2019-10-27,10.1145/3341301.3359632,,Symposium on Operating Systems Principles,opencitations;semanticscholar,10.1145/3341301.3359632;4f323be4ac0bf7cb947be1c68b58ef632007c43b,CS026,S27,CS026,,included,no,,0,title-screen,,,,Keyword score is prioritization only; it is not an eligibility or exclusion decision.
CG0556,doi:10.1145/3341687,Closure conversion is safe for space,2019,2019-07-26,10.1145/3341687,,Proc. ACM Program. Lang.,opencitations;semanticscholar,10.1145/3341687;578d06c6a62539c7b29594f30cb18e10a88a323b,CS019,S29,CS019,,included,no,,0,title-screen,,,,Keyword score is prioritization only; it is not an eligibility or exclusion decision.
CG0557,doi:10.1145/3350755.3400227,Optimal Parallel Algorithms in the Binary-Forking Model,2019,2019-03-11,10.1145/3350755.3400227,,ACM Symposium on Parallelism in Algorithms and Architectures,semanticscholar,a1a6930fd8aeff455a2213d06c69ab5d6dd35e42,CS023,S35,CS023,,included,no,,0,title-screen,,,,Keyword score is prioritization only; it is not an eligibility or exclusion decision.
CG0558,doi:10.1145/3356903,Building certified concurrent OS kernels,2019,2019-09-24,10.1145/3356903,,Communications of the ACM,opencitations;semanticscholar,10.1145/3356903;f776e3da4ab2263d6b21a45ac4fdcb886ccf76ca,CS014,S19,,CS014,included,no,,0,title-screen,,,,Keyword score is prioritization only; it is not an eligibility or exclusion decision.
CG0559,doi:10.1145/3360559,Weakening WebAssembly,2019,2019-10-10,10.1145/3360559,,Proc. ACM Program. Lang.,opencitations;semanticscholar,10.1145/3360559;6fb0698434403b0caa9a32133ad0f90efb36d9cd,CS001,S01,CS001,,included,no,,0,title-screen,,,,Keyword score is prioritization only; it is not an eligibility or exclusion decision.
CG0560,doi:10.1145/3360561,Weak persistency semantics from the ground up: formalising the persistency semantics of ARMv8 and transactional models,2019,2019-10-10,10.1145/3360561,,Proc. ACM Program. Lang.,opencitations;semanticscholar,0a77d7f6fea37379e48a9417caae08e5eb0abc61;10.1145/3360561,CS026,S27,CS026,,included,no,,0,title-screen,,,,Keyword score is prioritization only; it is not an eligibility or exclusion decision.
CG0561,doi:10.1145/3360568,A formalization of Java’s concurrent access modes,2019,2019-10-10,10.1145/3360568,,Proc. ACM Program. Lang.,opencitations;semanticscholar,10.1145/3360568;3247aa5540769a179e45c2317ad9372dbbc9e17e,CS001;CS006;CS007,S01;S07;S08,CS001;CS006;CS007,,included,no,,0,title-screen,,,,Keyword score is prioritization only; it is not an eligibility or exclusion decision.
CG0562,doi:10.1145/3371079,Persistency semantics of the Intel-x86 architecture,2019,2019-12-20,10.1145/3371079,,Proc. ACM Program. Lang.,opencitations;semanticscholar,10.1145/3371079;bdf34ac80e22c679a482677120da3b4449429394,CS021;CS026,S27;S31,CS021;CS026,,included,no,,0,title-screen,,,,Keyword score is prioritization only; it is not an eligibility or exclusion decision.
CG0564,doi:10.1145/3371113,The future is ours: prophecy variables in separation logic,2019,2019-12-20,10.1145/3371113,,Proc. ACM Program. Lang.,opencitations;semanticscholar,10.1145/3371113;42749767873c74f47a888349451d3f772fa31153,CS006;CS007;CS010;CS012,S07;S08;S14;S16,CS006;CS007;CS010;CS012,,included,no,,0,title-screen,,,,Keyword score is prioritization only; it is not an eligibility or exclusion decision.
CG0565,doi:10.1145/3371119,Interaction trees: representing recursive and impure programs in Coq,2019,2019-05-31,10.1145/3371119,1906.00046,Proc. ACM Program. Lang.,opencitations;semanticscholar,10.1145/3371119;e10aa4afe572b4e3716e7d2b055cd3a942427272,CS002,S02,CS002,,included,no,,0,title-screen,,,,Keyword score is prioritization only; it is not an eligibility or exclusion decision.
CG0567,doi:10.1145/3373376.3378456,,,,10.1145/3373376.3378456,,,opencitations,10.1145/3373376.3378456,CS021,S31,CS021,,unknown-date,no,,0,manual-date-check,,,,Keyword score is prioritization only; it is not an eligibility or exclusion decision.
CG0568,doi:10.1145/3373376.3378515,FlatStore: An Efficient Log-Structured Key-Value Storage Engine for Persistent Memory,2020,2020-03-09,10.1145/3373376.3378515,,International Conference on Architectural Support for Programming Languages and Operating Systems,opencitations;semanticscholar,10.1145/3373376.3378515;809d2232c2a3ac831f65eb8da855b6a397682ebf,CS026,S27,CS026,,included,no,,0,title-screen,,,,Keyword score is prioritization only; it is not an eligibility or exclusion decision.
CG0569,doi:10.1145/3381898.3397212,Understanding and optimizing persistent memory allocation,2020,2020-03-14,10.1145/3381898.3397212,2003.06718,International Symposium on Mathematical Morphology and Its Application to Signal and Image Processing,opencitations;semanticscholar,10.1145/3381898.3397212;c338425bc4aa573f092ad0dba5d8b4cf13fdfbd9,CS026,S27,CS026,,included,no,,0,title-screen,,,,Keyword score is prioritization only; it is not an eligibility or exclusion decision.
CG0572,doi:10.1145/3385412.3386031,"NVTraverse: in NVRAM data structures, the destination is more important than the journey",2020,2020-04-06,10.1145/3385412.3386031,2004.02841,ACM-SIGPLAN Symposium on Programming Language Design and Implementation,opencitations;semanticscholar,10.1145/3385412.3386031;e0707d0162f3747f24316e735f1f7823064d7a2c,CS021;CS026,S27;S31,CS021;CS026,,included,no,,0,title-screen,,,,Keyword score is prioritization only; it is not an eligibility or exclusion decision.
CG0573,doi:10.1145/3408978,Cosmo: a concurrent separation logic for multicore OCaml,2020,2020-08-02,10.1145/3408978,,Proc. ACM Program. Lang.,opencitations;semanticscholar,10.1145/3408978;99fc357984e0536ece3f0de23b21b2c9d6e2a6a5,CS006;CS007,S07;S08,CS006;CS007,,included,no,,0,title-screen,,,,Keyword score is prioritization only; it is not an eligibility or exclusion decision.
CG0574,doi:10.1145/3408995,Retrofitting parallelism onto OCaml,2020,2020-04-24,10.1145/3408995,2004.11663,Proc. ACM Program. Lang.,opencitations;semanticscholar,0202d541aadfe56d9cce09c1c5c609098778b908;10.1145/3408995,CS019;CS023,S29;S35,CS019;CS023,,included,no,,0,title-screen,,,,Keyword score is prioritization only; it is not an eligibility or exclusion decision.
CG0576,doi:10.1145/3428196,Proving highly-concurrent traversals correct,2020,2020-10-02,10.1145/3428196,2010.00911,Proc. ACM Program. Lang.,opencitations;semanticscholar,10.1145/3428196;61ddb0beb37e4848a924958c7ef1b280ee597f31,CS022,S33,CS022,,included,no,,0,title-screen,,,,Keyword score is prioritization only; it is not an eligibility or exclusion decision.
CG0577,doi:10.1145/3428219,Persistent Owicki-Gries reasoning: a program logic for reasoning about persistent programs on Intel-x86,2020,2020-11-13,10.1145/3428219,,Proc. ACM Program. Lang.,opencitations;semanticscholar,10.1145/3428219;eccfe4f160c5cdbacbc54cdd4ff40f8cf4c87268,CS026,S27,CS026,,included,no,,0,title-screen,,,,Keyword score is prioritization only; it is not an eligibility or exclusion decision.
CG0584,doi:10.1145/3434328,Taming x86-TSO persistency,2020,2020-10-26,10.1145/3434328,,Proc. ACM Program. Lang.,opencitations;semanticscholar,10.1145/3434328;aaced77c6e8e6c6f53dfaf97296f60b8ae8e65d2,CS021;CS026,S27;S31,CS021;CS026,,included,no,,0,title-screen,,,,Keyword score is prioritization only; it is not an eligibility or exclusion decision.
CG0585,doi:10.1145/3437801.3441586,Efficient algorithms for persistent transactional memory,2021,2021-02-17,10.1145/3437801.3441586,,ACM SIGPLAN Symposium on Principles & Practice of Parallel Programming,opencitations;semanticscholar,10.1145/3437801.3441586;140cfe431aa67d16d8ae99dad7f2a638ddd68aa6,CS026,S27,CS026,,included,no,,0,title-screen,,,,Keyword score is prioritization only; it is not an eligibility or exclusion decision.
CG0588,doi:10.1145/3437992.3439931,Reasoning about monotonicity in separation logic,2021,2021-01-17,10.1145/3437992.3439931,,Certified Programs and Proofs,opencitations;semanticscholar,10.1145/3437992.3439931;f24a84beed55651d747472d3e862f2a197827494,CS002,S02,CS002,,included,no,,0,title-screen,,,,Keyword score is prioritization only; it is not an eligibility or exclusion decision.
CG0590,doi:10.1145/3453483.3454027,Revamping hardware persistency models: view-based and axiomatic persistency models for Intel-x86 and Armv8,2021,2021-06-18,10.1145/3453483.3454027,,ACM-SIGPLAN Symposium on Programming Language Design and Implementation,opencitations;semanticscholar,10.1145/3453483.3454027;984c1a20b1d9400f4fda7878d6e78bc2f0f41c6d,CS026,S27,CS026,,included,no,,0,title-screen,,,,Keyword score is prioritization only; it is not an eligibility or exclusion decision.
CG0591,doi:10.1145/3453483.3454031,Transfinite Iris: resolving an existential dilemma of step-indexed separation logic,2021,2021-06-18,10.1145/3453483.3454031,,ACM-SIGPLAN Symposium on Programming Language Design and Implementation,opencitations;semanticscholar,10.1145/3453483.3454031;a361932824e4e247c48aeea06adf919980b3dae7,CS010;CS011;CS012;CS013;CS014,S14;S15;S16;S17;S19,CS010;CS011;CS012,CS013;CS014,included,no,,0,title-screen,,,,Keyword score is prioritization only; it is not an eligibility or exclusion decision.
CG0592,doi:10.1145/3453483.3454105,,,,10.1145/3453483.3454105,,,opencitations,10.1145/3453483.3454105,CS021,S31,CS021,,unknown-date,no,,0,manual-date-check,,,,Keyword score is prioritization only; it is not an eligibility or exclusion decision.
CG0593,doi:10.1145/3458926,Armed Cats,2021,2021-07-01,10.1145/3458926,,ACM Transactions on Programming Languages and Systems,opencitations;semanticscholar,10.1145/3458926;16a171d9b1f25b395ebcd6deb270e5de6892fb3f,CS004,S05,CS004,,included,no,,0,title-screen,,,,Keyword score is prioritization only; it is not an eligibility or exclusion decision.
CG0594,doi:10.1145/3472456.3472458,,,,10.1145/3472456.3472458,,,opencitations,10.1145/3472456.3472458,CS021,S31,CS021,,unknown-date,no,,0,manual-date-check,,,,Keyword score is prioritization only; it is not an eligibility or exclusion decision.
CG0596,doi:10.1145/3473581,Automatic amortized resource analysis with the Quantum physicist’s method,2021,2021-06-26,10.1145/3473581,2106.13936,Proc. ACM Program. Lang.,opencitations;semanticscholar,10.1145/3473581;290550a583f07709663abb2b255c98d609d66a42,CS019,S29,CS019,,included,no,,0,title-screen,,,,Keyword score is prioritization only; it is not an eligibility or exclusion decision.
CG0597,doi:10.1145/3473586,Theorems for free from separation logic specifications,2021,2021-08-18,10.1145/3473586,,Proc. ACM Program. Lang.,opencitations;semanticscholar,10.1145/3473586;28547e046d381e9ccf29dfdde4f9788b383c383b,CS006;CS007;CS019;CS023,S07;S08;S29;S35,CS006;CS007;CS019;CS023,,included,no,,0,title-screen,,,,Keyword score is prioritization only; it is not an eligibility or exclusion decision.
CG0601,doi:10.1145/3485541,The reads-from equivalence for the TSO and PSO memory models,2020,2020-11-23,10.1145/3485541,2011.11763,Proc. ACM Program. Lang.,opencitations;semanticscholar,10.1145/3485541;fa463ff0c2ca733283f6bdc486faaea8ce8a17fe,CS022,S33,CS022,,included,no,,0,title-screen,,,,Keyword score is prioritization only; it is not an eligibility or exclusion decision.
CG0602,doi:10.1145/3495529,Types for Complexity of Parallel Computation in Pi-Calculus,2020,2020-10-12,10.1145/3495529,,European Symposium on Programming,semanticscholar,b677ffdf7d675d2ecf679d0535dc32baddf96569,CS023,S35,CS023,,included,no,,0,title-screen,,,,Keyword score is prioritization only; it is not an eligibility or exclusion decision.
CG0604,doi:10.1145/3498672,A separation logic for heap space under garbage collection,2022,2022-01-11,10.1145/3498672,,Proc. ACM Program. Lang.,opencitations;semanticscholar,10.1145/3498672;26e03561e6e86a7c9d465615a29a69d774aa0bd3,CS019;CS023,S29;S35,CS019;CS023,,included,no,,0,title-screen,,,,Keyword score is prioritization only; it is not an eligibility or exclusion decision.
CG0605,doi:10.1145/3498689,Simuliris: a separation logic framework for verifying concurrent program optimizations,2022,2022-01-16,10.1145/3498689,,Proc. ACM Program. Lang.,opencitations;semanticscholar,10.1145/3498689;a66b534292d939c6bcab97255130dfa1f664d481,CS002;CS010;CS011;CS014,S02;S14;S15;S19,CS002;CS010;CS011,CS014,included,no,,0,title-screen,,,,Keyword score is prioritization only; it is not an eligibility or exclusion decision.
CG0606,doi:10.1145/3498694,Visibility reasoning for concurrent snapshot algorithms,2021,2021-10-06,10.1145/3498694,2110.02769,Proc. ACM Program. Lang.,opencitations;semanticscholar,10.1145/3498694;23da83a92097331d6eed7abd7bf533ba81715de3,CS006,S07,CS006,,included,no,,0,title-screen,,,,Keyword score is prioritization only; it is not an eligibility or exclusion decision.
CG0607,doi:10.1145/3498711,"Truly stateless, optimal dynamic partial order reduction",2022,2022-01-11,10.1145/3498711,,Proc. ACM Program. Lang.,opencitations;semanticscholar,0f2d27ae73625a641fa0c6863d091b9d4e087a5e;10.1145/3498711,CS022,S33,CS022,,included,no,,0,title-screen,,,,Keyword score is prioritization only; it is not an eligibility or exclusion decision.
CG0608,doi:10.1145/3503221.3508436,,,,10.1145/3503221.3508436,,,opencitations,10.1145/3503221.3508436,CS021,S31,CS021,,unknown-date,no,,0,manual-date-check,,,,Keyword score is prioritization only; it is not an eligibility or exclusion decision.
CG0609,doi:10.1145/3505273,,,,10.1145/3505273,,,opencitations,10.1145/3505273,CS003,S03,CS003,,unknown-date,no,,0,manual-date-check,,,,Keyword score is prioritization only; it is not an eligibility or exclusion decision.
CG0614,doi:10.1145/3544885.3544887,A flat reachability-based measure for CakeML’s cost semantics,2021,2021-09-01,10.1145/3544885.3544887,,International Symposium on Implementation and Application of Functional Languages,opencitations;semanticscholar,067874ad7b32afb5ab17fb74a1c57a08dd9ee826;10.1145/3544885.3544887,CS019,S29,CS019,,included,no,,0,title-screen,,,,Keyword score is prioritization only; it is not an eligibility or exclusion decision.
CG0616,doi:10.1145/3547631,Later credits: resourceful reasoning for the later modality,2022,2022-08-29,10.1145/3547631,,Proc. ACM Program. Lang.,opencitations;semanticscholar,10.1145/3547631;fcd7ffb8f7d05187877390ad9ea4ac48ef6eb24b,CS010;CS012;CS019;CS023,S14;S16;S29;S35,CS010;CS012;CS019;CS023,,included,no,,0,title-screen,,,,Keyword score is prioritization only; it is not an eligibility or exclusion decision.
CG0617,doi:10.1145/3555776.3577636,Ownership-Based Owicki-Gries Reasoning,2023,2023-03-27,10.1145/3555776.3577636,,ACM Symposium on Applied Computing,opencitations;semanticscholar,10.1145/3555776.3577636;8993cf08edba40d1acaf2dac39e009fc519b1522,CS024;CS025,A29;A30,,CS024;CS025,included,no,,0,title-screen,,,,Keyword score is prioritization only; it is not an eligibility or exclusion decision.
CG0618,doi:10.1145/3563292,CAAT: consistency as a theory,2022,2022-10-31,10.1145/3563292,,Proc. ACM Program. Lang.,opencitations;semanticscholar,026c605f36e75d25d14c64fb59acad4d966ec57b;10.1145/3563292,CS004,S05,CS004,,included,no,,0,title-screen,,,,Keyword score is prioritization only; it is not an eligibility or exclusion decision.
CG0619,doi:10.1145/3563337,A concurrent program logic with a future and history,2022,2022-07-05,10.1145/3563337,2207.02355,Proc. ACM Program. Lang.,opencitations;semanticscholar,10.1145/3563337;368a6573b7d2aa320c8b62c21c5c506d9d798bcb,CS007,S08,CS007,,included,no,,0,title-screen,,,,Keyword score is prioritization only; it is not an eligibility or exclusion decision.
CG0621,doi:10.1145/3571218,A High-Level Separation Logic for Heap Space under Garbage Collection,2023,2023-01-09,10.1145/3571218,,Proc. ACM Program. Lang.,opencitations;semanticscholar,10.1145/3571218;9ee860120c8cafd15de5f7d13a4d62dc50682475,CS019;CS023,S29;S35,CS019;CS023,,included,no,,0,title-screen,,,,Keyword score is prioritization only; it is not an eligibility or exclusion decision.
CG0622,doi:10.1145/3571219,,,,10.1145/3571219,,,opencitations,10.1145/3571219,CS021,S31,CS021,,unknown-date,no,,0,manual-date-check,,,,Keyword score is prioritization only; it is not an eligibility or exclusion decision.
CG0623,doi:10.1145/3571231,A Compositional Theory of Linearizability,2023,2023-01-09,10.1145/3571231,,Proc. ACM Program. Lang.,opencitations;semanticscholar,10.1145/3571231;155a78999114ae9d972a31cad35876548b42562d,CS014,S19,,CS014,included,no,,0,title-screen,,,,Keyword score is prioritization only; it is not an eligibility or exclusion decision.
CG0624,doi:10.1145/3571232,Conditional Contextual Refinement,2023,2023-01-09,10.1145/3571232,,Proc. ACM Program. Lang.,opencitations;semanticscholar,10.1145/3571232;20a813853b0e7a45b9c66cf37571bab3ac319499,CS002;CS010;CS014,S02;S14;S19,CS002;CS010,CS014,included,no,,0,title-screen,,,,Keyword score is prioritization only; it is not an eligibility or exclusion decision.
CG0628,doi:10.1145/357980.358001,An axiomatic basis for computer programming,1969,1969-10-01,10.1145/357980.358001,,CACM,semanticscholar,16ce549791f6cbea970e31ae548ac832c2ad0ebb,CS012,S16,CS012,,included,no,,0,title-screen,,,,Keyword score is prioritization only; it is not an eligibility or exclusion decision.
CG0630,doi:10.1145/359104.359106,Social processes and proofs of theorems and programs,1979,1979-05-01,10.1145/359104.359106,,CACM,semanticscholar,2a257fe0284c1b4490e6b16e1f2e29555d8fccc4,CS012,S16,CS012,,included,no,,0,title-screen,,,,Keyword score is prioritization only; it is not an eligibility or exclusion decision.
CG0632,doi:10.1145/3591232,Memento: A Framework for Detectable Recoverability in Persistent Memory,2023,2023-06-06,10.1145/3591232,,Proc. ACM Program. Lang.,semanticscholar,5095c3b0c6ac1683b906ea8921ca86341c4748c2,CS026,S27,,CS026,included,no,,0,title-screen,,,,Keyword score is prioritization only; it is not an eligibility or exclusion decision.
CG0634,doi:10.1145/3591279,VMSL: A Separation Logic for Mechanised Robust Safety of Virtual Machines Communicating above FF-A,2023,2023-06-06,10.1145/3591279,,Proc. ACM Program. Lang.,semanticscholar,4467dc7881629589f69092a0ea427b2ab071f795,CS011,S15,CS011,,included,no,,0,title-screen,,,,Keyword score is prioritization only; it is not an eligibility or exclusion decision.
CG0635,doi:10.1145/3591296,Embedding Hindsight Reasoning in Separation Logic,2022,2022-09-27,10.1145/3591296,2209.13692,Proc. ACM Program. Lang.,opencitations;semanticscholar,10.1145/3591296;2eb3bbbb20b8d7ff475eaee97c8ec172a7e7ca0a,CS007,S08,CS007,,included,no,,0,title-screen,,,,Keyword score is prioritization only; it is not an eligibility or exclusion decision.
CG0639,doi:10.1145/3600006.3613172,Grove: a Separation-Logic Library for Verifying Distributed Systems,2023,2023-09-06,10.1145/3600006.3613172,2309.03046,Symposium on Operating Systems Principles,opencitations;semanticscholar,10.1145/3600006.3613172;abbc875b0440c696b804a37dd666222a233b8e18,CS010,S14,CS010,,included,no,,0,title-screen,,,,Keyword score is prioritization only; it is not an eligibility or exclusion decision.
CG0640,doi:10.1145/360051.360224,Verifying properties of parallel programs: an axiomatic approach,1976,1976-05-01,10.1145/360051.360224,,CACM,opencitations;semanticscholar,10.1145/360051.360224;ea0d4425d50d63e0692ad2763ea6a8ff30fbd5a8,CS011;CS016,A27;S15,CS011;CS016,,included,no,,0,title-screen,,,,Keyword score is prioritization only; it is not an eligibility or exclusion decision.
CG0641,doi:10.1145/360204.375719,,,,10.1145/360204.375719,,,opencitations,10.1145/360204.375719,CS016,A27,CS016,,unknown-date,no,,0,manual-date-check,,,,Keyword score is prioritization only; it is not an eligibility or exclusion decision.
CG0642,doi:10.1145/3607840,FP²: Fully in-Place Functional Programming,2023,2023-08-30,10.1145/3607840,,Proc. ACM Program. Lang.,opencitations;semanticscholar,10.1145/3607840;51135f5a87df1fe7f10317eb434329782a18183c,CS019,S29,CS019,,included,no,,0,title-screen,,,,Keyword score is prioritization only; it is not an eligibility or exclusion decision.
CG0643,doi:10.1145/361227.361234,,,,10.1145/361227.361234,,,opencitations,10.1145/361227.361234,CS027,S38,CS027,,unknown-date,no,,0,manual-date-check,,,,Keyword score is prioritization only; it is not an eligibility or exclusion decision.
CG0644,doi:10.1145/3622781.3674174,Towards Unified Analysis of GPU Consistency,2024,2024-04-27,10.1145/3622781.3674174,,International Conference on Architectural Support for Programming Languages and Operating Systems,opencitations;semanticscholar,10.1145/3622781.3674174;e6f2f27413430a9b8c1b6164a496a6355fc6362d,CS001;CS004,S01;S05,CS004,CS001,included,no,,0,title-screen,,,,Keyword score is prioritization only; it is not an eligibility or exclusion decision.
CG0647,doi:10.1145/3622855,Static Analysis of Memory Models for SMT Encodings,2023,2023-10-16,10.1145/3622855,,Proc. ACM Program. Lang.,opencitations;semanticscholar,10.1145/3622855;358e90ea2dad932955e84b1de095c213b42eb4dd,CS001,S01,,CS001,included,no,,0,title-screen,,,,Keyword score is prioritization only; it is not an eligibility or exclusion decision.
CG0648,doi:10.1145/3622857,Stuttering for Free,2023,2023-10-16,10.1145/3622857,,Proc. ACM Program. Lang.,opencitations;semanticscholar,10.1145/3622857;41254abcb8b59fa62de2edeb5223361af08dc32a,CS002;CS010,S02;S14,CS010,CS002,included,no,,0,title-screen,,,,Keyword score is prioritization only; it is not an eligibility or exclusion decision.
CG0649,doi:10.1145/362759.362813,Concurrent control with “readers” and “writers”,1971,1971-10-01,10.1145/362759.362813,,CACM,opencitations;semanticscholar,10.1145/362759.362813;43aa639d8df2285bd805531889d1d5f49563c17d,CS002,S02,CS002,,included,no,,0,title-screen,,,,Keyword score is prioritization only; it is not an eligibility or exclusion decision.
CG0650,doi:10.1145/363235.363259,,,,10.1145/363235.363259,,,opencitations,10.1145/363235.363259,CS016,A27,CS016,,unknown-date,no,,0,manual-date-check,,,,Keyword score is prioritization only; it is not an eligibility or exclusion decision.
CG0651,doi:10.1145/3632851,Trillium: Higher-Order Concurrent and Distributed Separation Logic for Intensional Refinement,2024,2024-01-05,10.1145/3632851,2109.07863,Proc. ACM Program. Lang.,opencitations;semanticscholar,10.1145/3632851;fbf15b519b3de2da9a4f9d7cfd22c4982e4701a8,CS010;CS011;CS014,S14;S15;S19,CS010;CS011,CS014,included,no,,0,title-screen,,,,Keyword score is prioritization only; it is not an eligibility or exclusion decision.
CG0652,doi:10.1145/3632852,"Decalf: A Directed, Effectful Cost-Aware Logical Framework",2023,2023-07-12,10.1145/3632852,2307.05938,Proc. ACM Program. Lang.,semanticscholar,5bd1edd6d031921c652425064aaf084475a5cefe,CS023,S35,CS023,,included,no,,0,title-screen,,,,Keyword score is prioritization only; it is not an eligibility or exclusion decision.
CG0653,doi:10.1145/3632853,DisLog: A Separation Logic for Disentanglement,2024,2024-01-02,10.1145/3632853,,Proc. ACM Program. Lang.,semanticscholar,4200f0d5abfed67635808771fed090b64af104b5,CS023,S35,CS023,,included,no,,0,title-screen,,,,Keyword score is prioritization only; it is not an eligibility or exclusion decision.
CG0654,doi:10.1145/3632863,An Axiomatic Basis for Computer Programming on the Relaxed Arm-A Architecture: The AxSL Logic,2024,2024-01-05,10.1145/3632863,,Proc. ACM Program. Lang.,opencitations;semanticscholar,10.1145/3632863;f3c4f68ab6aa527ec1b99c451de6d3e8448462d0,CS006,S07,,CS006,included,no,,0,title-screen,,,,Keyword score is prioritization only; it is not an eligibility or exclusion decision.
CG0655,doi:10.1145/3632864,Regular Abstractions for Array Systems,2024,2024-01-05,10.1145/3632864,2401.02618,Proc. ACM Program. Lang.,opencitations;semanticscholar,10.1145/3632864;342cf9e990fc265d211701da3e060542b619dbeb,CS028,S40,,CS028,included,no,,0,title-screen,,,,Keyword score is prioritization only; it is not an eligibility or exclusion decision.
CG0657,doi:10.1145/3632892,Thunks and Debits in Separation Logic with Time Credits,2024,2024-01-05,10.1145/3632892,,Proc. ACM Program. Lang.,opencitations;semanticscholar,10.1145/3632892;64fa4e51ca2fec20362f16db91be31beea11fa94,CS016;CS023,A27;S35,CS023,CS016,included,no,,0,title-screen,,,,Keyword score is prioritization only; it is not an eligibility or exclusion decision.
CG0658,doi:10.1145/3632898,Algebraic Effects Meet Hoare Logic in Cubical Agda,2024,2024-01-05,10.1145/3632898,,Proc. ACM Program. Lang.,opencitations;semanticscholar,10.1145/3632898;be5cb7780c137a2eda2785997bde1176cc1f7b3b,CS014,S19,,CS014,included,no,,0,title-screen,,,,Keyword score is prioritization only; it is not an eligibility or exclusion decision.
CG0661,doi:10.1145/3643668,,2024,2024-01-27,10.1145/3643668,,,opencitations,10.1145/3643668,CS014,S19,,CS014,included,no,,0,missing-title-manual-check,,,,Keyword score is prioritization only; it is not an eligibility or exclusion decision.
CG0663,doi:10.1145/3656449,SPORE: Combining Symmetry and Partial Order Reduction,2024,2024-06-20,10.1145/3656449,,Proc. ACM Program. Lang.,opencitations;semanticscholar,10.1145/3656449;1d84344262cef9ff70a1e2a64d61906c8c81ef64,CS022,S33,CS022,,included,no,,0,title-screen,,,,Keyword score is prioritization only; it is not an eligibility or exclusion decision.
CG0664,doi:10.1145/3674635,Error Credits: Resourceful Reasoning about Error Bounds for Higher-Order Probabilistic Programs,2024,2024-04-22,10.1145/3674635,2404.14223,Proc. ACM Program. Lang.,semanticscholar,f9177e95c4009c4d97d69a3f7d7943e7ebef59f9,CS023,S35,CS023,,included,no,,0,title-screen,,,,Keyword score is prioritization only; it is not an eligibility or exclusion decision.
CG0665,doi:10.1145/3674645,Refinement Composition Logic,2024,2024-08-15,10.1145/3674645,,Proc. ACM Program. Lang.,opencitations;semanticscholar,10.1145/3674645;175b7d34b7ecc3f37696750971643b364eb70ba9,CS002;CS014,S02;S19,,CS002;CS014,included,no,,0,title-screen,,,,Keyword score is prioritization only; it is not an eligibility or exclusion decision.
CG0669,doi:10.1145/3689753,Tachis: Higher-Order Separation Logic with Credits for Expected Costs,2024,2024-05-30,10.1145/3689753,2405.20083,Proc. ACM Program. Lang.,semanticscholar,4967e2834c65ca20f38b4ef4d9c49375b026525a,CS023,S35,CS023,,included,no,,0,title-screen,,,,Keyword score is prioritization only; it is not an eligibility or exclusion decision.
CG0671,doi:10.1145/3694906.3743326,Decoupled Fallback: A Portable Single-Pass GPU Scan,2025,2025-07-16,10.1145/3694906.3743326,,ACM Symposium on Parallelism in Algorithms and Architectures,opencitations;semanticscholar,0905e8898f0b841c0002acafa8156c272ce0d4b1;10.1145/3694906.3743326,CS004,S05,CS004,,included,no,,0,title-screen,,,,Keyword score is prioritization only; it is not an eligibility or exclusion decision.
CG0672,doi:10.1145/3703595.3705876,The Nextgen Modality: A Modality for Non-Frame-Preserving Updates in Separation Logic,2025,2025-01-10,10.1145/3703595.3705876,,Certified Programs and Proofs,opencitations;semanticscholar,10.1145/3703595.3705876;53720b3ad87e2e537de2f0b2a78e665c7ddc8084,CS026,S27,,CS026,included,no,,0,title-screen,,,,Keyword score is prioritization only; it is not an eligibility or exclusion decision.
CG0675,doi:10.1145/3715096,A Brookes-Style Denotational Semantics for Release/Acquire Concurrency,2025,2025-01-30,10.1145/3715096,,ACM Transactions on Programming Languages and Systems,opencitations;semanticscholar,10.1145/3715096;66568a12dff7ede36d3b8d33a2aff44bd2586e10,CS001,S01,,CS001,included,no,,0,title-screen,,,,Keyword score is prioritization only; it is not an eligibility or exclusion decision.
CG0677,doi:10.1145/3719027.3765138,Generalized Security-Preserving Refinement for Concurrent Systems,2025,2025-11-19,10.1145/3719027.3765138,2511.06862,Conference on Computer and Communications Security,opencitations;semanticscholar,10.1145/3719027.3765138;d1a118e6a5f74676a494549090b65e02a381b6af,CS014,S19,,CS014,included,no,,0,title-screen,,,,Keyword score is prioritization only; it is not an eligibility or exclusion decision.
CG0678,doi:10.1145/3720435,Soundness of Predictive Concurrency Analyses,2025,2025-04-09,10.1145/3720435,,Proc. ACM Program. Lang.,opencitations;semanticscholar,10.1145/3720435;a7a81274f613973dcece45b7e1fb28211e589759,CS001;CS002,S01;S02,,CS001;CS002,included,no,,0,title-screen,,,,Keyword score is prioritization only; it is not an eligibility or exclusion decision.
CG0684,doi:10.1145/3747514,Modular Reasoning about Error Bounds for Concurrent Probabilistic Programs,2025,2025-03-06,10.1145/3747514,2503.04512,Proc. ACM Program. Lang.,semanticscholar,754e3ba12a12915b258489d94475f3e283d102e5,CS023,S35,CS023,,included,no,,0,title-screen,,,,Keyword score is prioritization only; it is not an eligibility or exclusion decision.
CG0685,doi:10.1145/3763077,Towards Verifying Crash Consistency,2025,2025-10-09,10.1145/3763077,,Proc. ACM Program. Lang.,opencitations;semanticscholar,10.1145/3763077;cf2abecf30c71e87371fd5a1322cf0760fe89bdd,CS016;CS017;CS025;CS026,A27;A28;A30;S27,,CS016;CS017;CS025;CS026,included,no,,0,title-screen,,,,Keyword score is prioritization only; it is not an eligibility or exclusion decision.
CG0687,doi:10.1145/3763123,Efficient Decrease-and-Conquer Linearizability Monitoring,2025,2025-10-09,10.1145/3763123,2410.04581,Proc. ACM Program. Lang.,opencitations;semanticscholar,10.1145/3763123;f99f240e740168b26f3c289ccb37b0177df8f08e,CS022,S33,,CS022,included,no,,0,title-screen,,,,Keyword score is prioritization only; it is not an eligibility or exclusion decision.
CG0688,doi:10.1145/3763134,Modal Abstractions for Virtualizing Memory Addresses,2025,2025-10-09,10.1145/3763134,2307.14471,Proc. ACM Program. Lang.,opencitations;semanticscholar,10.1145/3763134;36d186a1ed224de085a73db81dc149d566d9c2c9,CS006,S07,,CS006,included,no,,0,title-screen,,,,Keyword score is prioritization only; it is not an eligibility or exclusion decision.
CG0689,doi:10.1145/3763138,Encode the ∀∃ Relational Hoare Logic into Standard Hoare Logic,2025,2025-10-09,10.1145/3763138,2504.17444,Proc. ACM Program. Lang.,opencitations;semanticscholar,10.1145/3763138;b9a403a7e8a8ad6aad939cc42f1d9e299a48c1f7,CS014,S19,,CS014,included,no,,0,title-screen,,,,Keyword score is prioritization only; it is not an eligibility or exclusion decision.
CG0692,doi:10.1145/3776668,All for One and One for All: Program Logics for Exploiting Internal Determinism in Parallel Programs,2025,2025-11-28,10.1145/3776668,2511.23283,Proc. ACM Program. Lang.,semanticscholar,a11416aedfadad4fb48ef5877971f643fb8d586f,CS014,S19,,CS014,included,no,,0,title-screen,,,,Keyword score is prioritization only; it is not an eligibility or exclusion decision.
CG0696,doi:10.1145/3779031.3779095,Building Blocks for Step-Indexed Program Logics,2026,2026-01-08,10.1145/3779031.3779095,,Certified Programs and Proofs,opencitations;semanticscholar,10.1145/3779031.3779095;868f36be4f4ab46f90050dadba78c0c3f79d0b02,CS010,S14,,CS010,included,no,,0,title-screen,,,,Keyword score is prioritization only; it is not an eligibility or exclusion decision.
CG0698,doi:10.1145/3786762,An Axiomatic Basis for Computer Programming on Relaxed Hardware Architectures: The AxSL Logics,2026,2026-01-19,10.1145/3786762,,ACM Transactions on Programming Languages and Systems,opencitations;semanticscholar,10.1145/3786762;375a9faf0c364a8075248e5bcf68cc1294dac24d,CS006;CS026,S07;S27,,CS006;CS026,included,no,,0,title-screen,,,,Keyword score is prioritization only; it is not an eligibility or exclusion decision.
CG0700,doi:10.1145/3808297,SIMT-Step Execution: A Flexible Operational Semantics for GPU Subgroup Behavior,2026,2026-06-08,10.1145/3808297,,Proceedings of the ACM on Programming Languages,semanticscholar,9f1ee5f674e2cd77ca081baf52b8f0be2c642d4b,CS004,S05,,CS004,included,no,,0,title-screen,,,,Keyword score is prioritization only; it is not an eligibility or exclusion decision.
CG0701,doi:10.1145/3808315,Fixed Parameter Tractable Linearizability Monitoring,2025,2025-06-08,10.1145/3808315,2509.05586,Proceedings of the ACM on Programming Languages,semanticscholar,682645cd14bd285a148bbbb8e064d58802b27d6f,CS022,S33,,CS022,included,no,,0,title-screen,,,,Keyword score is prioritization only; it is not an eligibility or exclusion decision.
CG0703,doi:10.1145/3828679,A Separation Logic for Parallel Time Complexity with Work and Span Credits,2026,2026-07-13,10.1145/3828679,2607.11582,,semanticscholar,468d4c1af8fb465c1b753474e04bbc1eb23a9fdd,CS016;CS017;CS019,A27;A28;S29,,CS016;CS017;CS019,included,no,,0,title-screen,,,,Keyword score is prioritization only; it is not an eligibility or exclusion decision.
CG0704,doi:10.1145/41840.41852,,,,10.1145/41840.41852,,,opencitations,10.1145/41840.41852,CS021,S31,CS021,,unknown-date,no,,0,manual-date-check,,,,Keyword score is prioritization only; it is not an eligibility or exclusion decision.
CG0705,doi:10.1145/42282.42283,,,,10.1145/42282.42283,,,opencitations,10.1145/42282.42283,CS029,S42,CS029,,unknown-date,no,,0,manual-date-check,,,,Keyword score is prioritization only; it is not an eligibility or exclusion decision.
CG0707,doi:10.1145/512644.512661,,,,10.1145/512644.512661,,,opencitations,10.1145/512644.512661,CS003,S03,CS003,,unknown-date,no,,0,manual-date-check,,,,Keyword score is prioritization only; it is not an eligibility or exclusion decision.
CG0708,doi:10.1145/53990.54010,Higher-order abstract syntax,1988,1988-06-01,10.1145/53990.54010,,ACM-SIGPLAN Symposium on Programming Language Design and Implementation,semanticscholar,f11d05e34169727dd45c1429c4f75e99e7ccdb0c,CS010,S14,CS010,,included,no,,0,title-screen,,,,Keyword score is prioritization only; it is not an eligibility or exclusion decision.
CG0710,doi:10.1145/571825.571829,,,,10.1145/571825.571829,,,opencitations,10.1145/571825.571829,CS029,S42,CS029,,unknown-date,no,,0,manual-date-check,,,,Keyword score is prioritization only; it is not an eligibility or exclusion decision.
CG0711,doi:10.1145/582419.582440,,,,10.1145/582419.582440,,,opencitations,10.1145/582419.582440,CS014,S19,CS014,,unknown-date,no,,0,manual-date-check,,,,Keyword score is prioritization only; it is not an eligibility or exclusion decision.
CG0712,doi:10.1145/583854.582440,,,,10.1145/583854.582440,,,opencitations,10.1145/583854.582440,CS014,S19,CS014,,unknown-date,no,,0,manual-date-check,,,,Keyword score is prioritization only; it is not an eligibility or exclusion decision.
CG0713,doi:10.1145/604131.604148,Static prediction of heap space usage for first-order functional programs,2003,2003-01-15,10.1145/604131.604148,,ACM-SIGACT Symposium on Principles of Programming Languages,opencitations;semanticscholar,10.1145/604131.604148;83296e471f97e890106012667cfa4a6ad46419fe,CS016;CS019;CS023,A27;S29;S35,CS016;CS019;CS023,,included,no,,0,title-screen,,,,Keyword score is prioritization only; it is not an eligibility or exclusion decision.
CG0714,doi:10.1145/640128.604148,,,,10.1145/640128.604148,,,opencitations,10.1145/640128.604148,CS019,S29,CS019,,unknown-date,no,,0,manual-date-check,,,,Keyword score is prioritization only; it is not an eligibility or exclusion decision.
CG0715,doi:10.1145/69575.69577,,,,10.1145/69575.69577,,,opencitations,10.1145/69575.69577,CS014,S19,CS014,,unknown-date,no,,0,manual-date-check,,,,Keyword score is prioritization only; it is not an eligibility or exclusion decision.
CG0716,doi:10.1145/78969.78972,Linearizability: a correctness condition for concurrent objects,1990,1990-07-01,10.1145/78969.78972,,ACM Transactions on Programming Languages and Systems,opencitations;semanticscholar,10.1145/78969.78972;8acb61984986540cda5d7da2a9cff819b245751f,CS006;CS007;CS008;CS011;CS014;CS016;CS018;CS019;CS021;CS022;CS023;CS025;CS027,A27;A30;S07;S08;S09;S15;S19;S28;S29;S31;S33;S35;S38,CS006;CS007;CS008;CS011;CS014;CS016;CS018;CS019;CS021;CS022;CS023;CS025;CS027,,included,no,,0,title-screen,,,,Keyword score is prioritization only; it is not an eligibility or exclusion decision.
CG0717,doi:10.1145/960116.54010,,,,10.1145/960116.54010,,,opencitations,10.1145/960116.54010,CS010,S14,CS010,,unknown-date,no,,0,manual-date-check,,,,Keyword score is prioritization only; it is not an eligibility or exclusion decision.
CG0718,doi:10.1145/996841.996848,,,,10.1145/996841.996848,,,opencitations,10.1145/996841.996848,CS029,S42,CS029,,unknown-date,no,,0,manual-date-check,,,,Keyword score is prioritization only; it is not an eligibility or exclusion decision.
CG0719,doi:10.1147/sj.442.0399,The Jikes Research Virtual Machine project: Building an open-source research community,2005,2005-01-21,10.1147/sj.442.0399,,IBM Systems Journal,opencitations;semanticscholar,10.1147/sj.442.0399;52eee82594982f3c6ba7f0385a78002868fa30cb,CS019,S29,CS019,,included,no,,0,title-screen,,,,Keyword score is prioritization only; it is not an eligibility or exclusion decision.
CG0720,doi:10.11591/ijeecs.v17.i2.pp1109-1116,Cloud computing based load balancing algorithm for erlang concurrent traffic,2020,2020-02-01,10.11591/ijeecs.v17.i2.pp1109-1116,,Indonesian Journal of Electrical Engineering and Computer Science,semanticscholar,7cfe8d8a8ce63288bfdab0243bb15bc423addc60,CS014,S19,,CS014,included,no,,0,title-screen,,,,Keyword score is prioritization only; it is not an eligibility or exclusion decision.
CG0721,doi:10.1184/r1/6608579.v1,Prefix sums and their applications,1990,,10.1184/r1/6608579.v1,,,opencitations;semanticscholar,10.1184/r1/6608579.v1;ec0bc920662693375a881d8beb8c97bf08281dba,CS004;CS023,S05;S35,CS004;CS023,,included,no,,0,title-screen,,,,Keyword score is prioritization only; it is not an eligibility or exclusion decision.
CG0722,doi:10.1305/ndjfl/1093635499,,,,10.1305/ndjfl/1093635499,,,opencitations,10.1305/ndjfl/1093635499,CS019,S29,CS019,,unknown-date,no,,0,manual-date-check,,,,Keyword score is prioritization only; it is not an eligibility or exclusion decision.
CG0725,doi:10.1515/ebr.lawyer,lawyer,2023,2023-01-24,10.1515/ebr.lawyer,,"Вестник Адыгейского государственного университета, серия «Филология и искусствоведение»",semanticscholar,54d5dea221c90b10d2754fa2a81a84d8f721d411,CS011,S15,CS011,,included,no,,0,title-screen,,,,Keyword score is prioritization only; it is not an eligibility or exclusion decision.
CG0726,doi:10.17586/2226-1494-2022-22-3-517-527,,2022,2022,10.17586/2226-1494-2022-22-3-517-527,,,opencitations,10.17586/2226-1494-2022-22-3-517-527,CS001,S01,,CS001,included,no,,0,missing-title-manual-check,,,,Keyword score is prioritization only; it is not an eligibility or exclusion decision.
CG0729,doi:10.18255/1818-1015-2026-2-122-149,Building operational semantics of programming languages as executable ontological models of programs,2026,2026-06-18,10.18255/1818-1015-2026-2-122-149,,Modeling and Analysis of Information Systems,semanticscholar,dd3450d539d14b4a07e1aed0dca8ac1db0675441,CS002,S02,,CS002,included,no,,0,title-screen,,,,Keyword score is prioritization only; it is not an eligibility or exclusion decision.
CG0731,doi:10.21236/ada309412,,,,10.21236/ada309412,,,opencitations,10.21236/ada309412,CS028,S40,CS028,,unknown-date,no,,0,manual-date-check,,,,Keyword score is prioritization only; it is not an eligibility or exclusion decision.
CG0732,doi:10.2168/lmcs-11(1:20)2015,Aspect-Oriented Linearizability Proofs,2013,2013-08-27,10.2168/lmcs-11(1:20)2015,1502.07639,International Conference on Concurrency Theory,opencitations;semanticscholar,10.2168/lmcs-11(1:20)2015;f768749eaeaa287684d307f638e8a766fcaa703e,CS022;CS028,S33;S40,CS022;CS028,,included,no,,0,title-screen,,,,Keyword score is prioritization only; it is not an eligibility or exclusion decision.
CG0733,doi:10.2168/lmcs-3(4:7)2007,,,,10.2168/lmcs-3(4:7)2007,,,opencitations,10.2168/lmcs-3(4:7)2007,CS003,S03,CS003,,unknown-date,no,,0,manual-date-check,,,,Keyword score is prioritization only; it is not an eligibility or exclusion decision.
CG0734,doi:10.2168/lmcs-7(2:16)2011,Logical Step-Indexed Logical Relations,2009,2009-08-11,10.2168/lmcs-7(2:16)2011,1103.0510,2009 24th Annual IEEE Symposium on Logic In Computer Science,semanticscholar,47658d7b9b570b4fb76bd297d9b83bed15be4b9b,CS012,S16,CS012,,included,no,,0,title-screen,,,,Keyword score is prioritization only; it is not an eligibility or exclusion decision.
CG0735,doi:10.2168/lmcs-7(2:17)2011,Amortised Resource Analysis with Separation Logic,2010,2010-03-20,10.2168/lmcs-7(2:17)2011,1104.1998,European Symposium on Programming,semanticscholar,e750bc01dcb589553095496b8a1705a0eb09cff8,CS023,S35,CS023,,included,no,,0,title-screen,,,,Keyword score is prioritization only; it is not an eligibility or exclusion decision.
CG0736,doi:10.2168/lmcs-8(4:1)2012,First Steps in Synthetic Guarded Domain Theory: Step-Indexing in the Topos of Trees,2011,2011-06-21,10.2168/lmcs-8(4:1)2012,1208.3596,2011 IEEE 26th Annual Symposium on Logic in Computer Science,semanticscholar,06d27d0ea28835a4e40333052eb71875fa9995a5,CS012,S16,CS012,,included,no,,0,title-screen,,,,Keyword score is prioritization only; it is not an eligibility or exclusion decision.
CG0737,doi:10.2178/bsl/1294171129,,,,10.2178/bsl/1294171129,,,opencitations,10.2178/bsl/1294171129,CS003,S03,CS003,,unknown-date,no,,0,manual-date-check,,,,Keyword score is prioritization only; it is not an eligibility or exclusion decision.
CG0738,doi:10.2307/1968168,Characteristic Functions and the Algebra of Logic,1933,1933-07-01,10.2307/1968168,,,opencitations;semanticscholar,10.2307/1968168;b15534cb44092880466cb9c78c104bca8c100ab9,CS019,S29,CS019,,included,no,,0,title-screen,,,,Keyword score is prioritization only; it is not an eligibility or exclusion decision.
CG0739,doi:10.2307/421090,,,,10.2307/421090,,,opencitations,10.2307/421090,CS016,A27,CS016,,unknown-date,no,,0,manual-date-check,,,,Keyword score is prioritization only; it is not an eligibility or exclusion decision.
CG0740,doi:10.2312/eggh/eggh07/097-106,Scan primitives for GPU computing,2007,2007-08-04,10.2312/eggh/eggh07/097-106,,GH '07,opencitations;semanticscholar,10.2312/eggh/eggh07/097-106;ec88941835c88a2956fc84c9e7cfd6dedf1b36f6,CS004,S05,CS004,,included,no,,0,title-screen,,,,Keyword score is prioritization only; it is not an eligibility or exclusion decision.
CG0742,doi:10.23919/fmcad.2018.8603021,BMC with Memory Models as Modules,2018,2018-10-01,10.23919/fmcad.2018.8603021,,Formal Methods in Computer-Aided Design,opencitations;semanticscholar,10.23919/fmcad.2018.8603021;bb8a2d04ea0a731a314474f636b919a3525afecd,CS004,S05,CS004,,included,no,,0,title-screen,,,,Keyword score is prioritization only; it is not an eligibility or exclusion decision.
CG0743,doi:10.25560/47923,Reasoning with time and data abstractions,2016,,10.25560/47923,,,semanticscholar,0fe0e91f680a04abc96787ac37c9206de6dc3053,CS009;CS010;CS013;CS014;CS016;CS017,A27;A28;S10;S14;S17;S19,CS010,CS009;CS013;CS014;CS016;CS017,included,no,,0,title-screen,,,,Keyword score is prioritization only; it is not an eligibility or exclusion decision.
CG0746,doi:10.29007/xkwx,Automatic Space Bound Analysis for Functional Programs with Garbage Collection,2018,2018-10-23,10.29007/xkwx,,Logic Programming and Automated Reasoning,opencitations;semanticscholar,10.29007/xkwx;47f4cb40e8cc00d6947ddc6f298059162c7e39bd,CS019;CS023,S29;S35,CS019;CS023,,included,no,,0,title-screen,,,,Keyword score is prioritization only; it is not an eligibility or exclusion decision.
CG0749,doi:10.3233/978-1-61499-810-5-104,,,,10.3233/978-1-61499-810-5-104,,,opencitations,10.3233/978-1-61499-810-5-104,CS007,S08,CS007,,unknown-date,no,,0,manual-date-check,,,,Keyword score is prioritization only; it is not an eligibility or exclusion decision.
CG0750,doi:10.3233/aic-2010-0458,,,,10.3233/aic-2010-0458,,,opencitations,10.3233/aic-2010-0458,CS018,S28,CS018,,unknown-date,no,,0,manual-date-check,,,,Keyword score is prioritization only; it is not an eligibility or exclusion decision.
CG0751,doi:10.32604/cmc.2024.047168,,2024,2024,10.32604/cmc.2024.047168,,,opencitations,10.32604/cmc.2024.047168,CS003,S03,,CS003,included,no,,0,missing-title-manual-check,,,,Keyword score is prioritization only; it is not an eligibility or exclusion decision.
CG0752,doi:10.34727/2021/isbn.978-3-85448-046-4_23,The Civl Verifier,2021,2021-10-19,10.34727/2021/isbn.978-3-85448-046-4_23,,Formal Methods in Computer-Aided Design,opencitations;semanticscholar,0a97c3c1fcd36c9deb6615dfbc4fe20bb91ae07d;10.34727/2021/isbn.978-3-85448-046-4_23,CS010,S14,CS010,,included,no,,0,title-screen,,,,Keyword score is prioritization only; it is not an eligibility or exclusion decision.
CG0754,doi:10.4204/eptcs.289.1,Reducing Total Correctness to Partial Correctness by a Transformation of the Language Semantics,2019,2019-02-22,10.4204/eptcs.289.1,1902.08419,WPTE@FSCD,opencitations;semanticscholar,10.4204/eptcs.289.1;817a2fe6eb3fbcc87c0cf7ea172af3693eebb144,CS013,S17,,CS013,included,no,,0,title-screen,,,,Keyword score is prioritization only; it is not an eligibility or exclusion decision.
CG0757,doi:10.4230/lipics.concur.2015.58,A Framework for Transactional Consistency Models with Atomic Visibility,2015,,10.4230/lipics.concur.2015.58,,International Conference on Concurrency Theory,opencitations;semanticscholar,10.4230/lipics.concur.2015.58;8119a054c1a3f3b108842876aa889741ab059e90,CS001,S01,CS001,,included,no,,0,title-screen,,,,Keyword score is prioritization only; it is not an eligibility or exclusion decision.
CG0758,doi:10.4230/lipics.concur.2016.6,Local Linearizability for Concurrent Container-Type Data Structures,2016,2016-08-01,10.4230/lipics.concur.2016.6,,International Conference on Concurrency Theory,opencitations;semanticscholar,10.4230/lipics.concur.2016.6;a6b71b7c047ae5d97996b723b67f70966b6aaa11,CS006,S07,CS006,,included,no,,0,title-screen,,,,Keyword score is prioritization only; it is not an eligibility or exclusion decision.
CG0760,doi:10.4230/lipics.concur.2022.31,Weak Progressive Forward Simulation Is Necessary and Sufficient for Strong Observational Refinement,2022,,10.4230/lipics.concur.2022.31,,International Conference on Concurrency Theory,semanticscholar,cdf79b2e0e142bfcf7322c42e1231126aa38cfef,CS025,A30,,CS025,included,no,,0,title-screen,,,,Keyword score is prioritization only; it is not an eligibility or exclusion decision.
CG0761,doi:10.4230/lipics.csl.2015.325,Sub-classical Boolean Bunched Logics and the Meaning of Par,2015,,10.4230/lipics.csl.2015.325,,Annual Conference for Computer Science Logic,semanticscholar,51ecff74edb71ab6d917bd015cdad879f77a513a,CS009,S10,,CS009,included,no,,0,title-screen,,,,Keyword score is prioritization only; it is not an eligibility or exclusion decision.
CG0762,doi:10.4230/lipics.disc.2017.23,Consistency models with global operation sequencing and their composition (extended version),2017,2017-07-28,10.4230/lipics.disc.2017.23,1707.09242,International Symposium on Distributed Computing,opencitations;semanticscholar,10.4230/lipics.disc.2017.23;540890501c622d87002d424d441ae7a5860c316c,CS001,S01,CS001,,included,no,,0,title-screen,,,,Keyword score is prioritization only; it is not an eligibility or exclusion decision.
CG0765,doi:10.4230/lipics.ecoop.2017.17,,,,10.4230/lipics.ecoop.2017.17,,,opencitations,10.4230/lipics.ecoop.2017.17,CS001;CS006;CS026,S01;S07;S27,CS001;CS006;CS026,,unknown-date,no,,0,manual-date-check,,,,Keyword score is prioritization only; it is not an eligibility or exclusion decision.
CG0767,doi:10.4230/lipics.ecoop.2017.8,Concurrent Data Structures Linked in Time,2016,2016-04-01,10.4230/lipics.ecoop.2017.8,1604.08080,European Conference on Object-Oriented Programming,opencitations;semanticscholar,10.4230/lipics.ecoop.2017.8;3a2c98aeda700abac27a05c4c46a3922b41dda3c,CS006,S07,CS006,,included,no,,0,title-screen,,,,Keyword score is prioritization only; it is not an eligibility or exclusion decision.
CG0768,doi:10.4230/lipics.ecoop.2019.19,Transferring Obligations Through Synchronizations,2019,,10.4230/lipics.ecoop.2019.19,,European Conference on Object-Oriented Programming,semanticscholar,d693d66d17d57bc29288d50bd5e9b043e15720af,CS013;CS016,A27;S17,,CS013;CS016,included,no,,0,title-screen,,,,Keyword score is prioritization only; it is not an eligibility or exclusion decision.
CG0770,doi:10.4230/lipics.ecoop.2022.6,Compiling Volatile Correctly in Java,2022,,10.4230/lipics.ecoop.2022.6,,European Conference on Object-Oriented Programming,semanticscholar,6ba03ae2d712765334cf7b66a9722710f86aeb18,CS001,S01,,CS001,included,no,,0,title-screen,,,,Keyword score is prioritization only; it is not an eligibility or exclusion decision.
CG0773,doi:10.4230/lipics.fscd.2017.11,"Nested Multisets, Hereditary Multisets, and Syntactic Ordinals in Isabelle/HOL",2017,2017-09-01,10.4230/lipics.fscd.2017.11,,International Conference on Formal Structures for Computation and Deduction,semanticscholar,afff413da01da0eea6612b8824eb72f67bb6a619,CS012,S16,CS012,,included,no,,0,title-screen,,,,Keyword score is prioritization only; it is not an eligibility or exclusion decision.
CG0774,doi:10.46298/lmcs-18(3:7)2022,,,,10.46298/lmcs-18(3:7)2022,,,opencitations,10.46298/lmcs-18(3:7)2022,CS021,S31,CS021,,unknown-date,no,,0,manual-date-check,,,,Keyword score is prioritization only; it is not an eligibility or exclusion decision.
CG0775,doi:10.48456/tr-745,,,,10.48456/tr-745,,,opencitations,10.48456/tr-745,CS001,S01,CS001,,unknown-date,no,,0,manual-date-check,,,,Keyword score is prioritization only; it is not an eligibility or exclusion decision.
CG0776,doi:10.48550/arxiv.2012.01067,,,,10.48550/arxiv.2012.01067,,,opencitations,10.48550/arxiv.2012.01067,CS003,S03,CS003,,unknown-date,no,,0,manual-date-check,,,,Keyword score is prioritization only; it is not an eligibility or exclusion decision.
CG0777,doi:10.5281/zenodo.10933398,,,,10.5281/zenodo.10933398,,,opencitations,10.5281/zenodo.10933398,CS007,S08,CS007,,unknown-date,no,,0,manual-date-check,,,,Keyword score is prioritization only; it is not an eligibility or exclusion decision.
CG0778,doi:10.5281/zenodo.13992580,,,,10.5281/zenodo.13992580,,,opencitations,10.5281/zenodo.13992580,CS022,S33,CS022,,unknown-date,no,,0,manual-date-check,,,,Keyword score is prioritization only; it is not an eligibility or exclusion decision.
CG0779,doi:10.5281/zenodo.14927742,,,,10.5281/zenodo.14927742,,,opencitations,10.5281/zenodo.14927742,CS010,S14,CS010,,unknown-date,no,,0,manual-date-check,,,,Keyword score is prioritization only; it is not an eligibility or exclusion decision.
CG0780,doi:10.5281/zenodo.5496483,,,,10.5281/zenodo.5496483,,,opencitations,10.5281/zenodo.5496483,CS001,S01,CS001,,unknown-date,no,,0,manual-date-check,,,,Keyword score is prioritization only; it is not an eligibility or exclusion decision.
CG0781,doi:10.5281/zenodo.7711063,,,,10.5281/zenodo.7711063,,,opencitations,10.5281/zenodo.7711063,CS002,S02,CS002,,unknown-date,no,,0,manual-date-check,,,,Keyword score is prioritization only; it is not an eligibility or exclusion decision.
CG0782,doi:10.5281/zenodo.8314888,,,,10.5281/zenodo.8314888,,,opencitations,10.5281/zenodo.8314888,CS026,S27,CS026,,unknown-date,no,,0,manual-date-check,,,,Keyword score is prioritization only; it is not an eligibility or exclusion decision.
CG0784,doi:10.5555/1352079.1352134,Intel® threading building blocks,2008,2008-04-01,10.5555/1352079.1352134,,Journal of Computing Sciences in Colleges (JCSC; Formerly: Journal of Computing in Small Colleges),semanticscholar,4584227e114740cd4fdf2dd6a2dd3b16d24982ce,CS022,S33,CS022,,included,no,,0,title-screen,,,,Keyword score is prioritization only; it is not an eligibility or exclusion decision.
CG0785,doi:10.70675/29d13f3dzed55z419cz9a8ez6fb2580c999d,Static Analysis by Abstract Interpretation of Functional Temporal Properties of Programs. (Analyse Statique par Interprétation Abstraite de Propriétés Temporelles Fonctionnelles des Programmes),2015,2015-07-09,10.70675/29d13f3dzed55z419cz9a8ez6fb2580c999d,,,semanticscholar,f45b521660d6460f99f0946f43d3930bbd6925e0,CS009,S10,,CS009,included,no,,0,title-screen,,,,Keyword score is prioritization only; it is not an eligibility or exclusion decision.
CG0786,s2:069c65cead573e71029467c21b0bc86a9f965603,SLM-DB: Single-Level Key-Value Store with Persistent Memory,2019,,,,USENIX Conference on File and Storage Technologies,semanticscholar,069c65cead573e71029467c21b0bc86a9f965603,CS026,S27,CS026,,included,no,,0,title-screen,,,,Keyword score is prioritization only; it is not an eligibility or exclusion decision.
CG0787,s2:06c5e19b030073800d28502b35bb94440af753d1,Deadlock-free monitors: Extended version,2018,2018-02-01,,,,semanticscholar,06c5e19b030073800d28502b35bb94440af753d1,CS013;CS016,A27;S17,,CS013;CS016,included,no,,0,title-screen,,,,Keyword score is prioritization only; it is not an eligibility or exclusion decision.
CG0789,s2:0adf290994e420cb532591dfb8809e05ceaf7ce4,Advanced Development of Certified OS Kernels,2015,2015-06-01,,,,semanticscholar,0adf290994e420cb532591dfb8809e05ceaf7ce4,CS009;CS024;CS025;CS029,A29;A30;S10;S42,,CS009;CS024;CS025;CS029,included,no,,0,title-screen,,,,Keyword score is prioritization only; it is not an eligibility or exclusion decision.
CG0790,s2:0e1155f7faa9b44e90c702015aa5c0f21d5dc688,on shared memory resources . At the heart of these logics lies separation,2017,,,,,semanticscholar,0e1155f7faa9b44e90c702015aa5c0f21d5dc688,CS013,S17,,CS013,included,no,,0,title-screen,,,,Keyword score is prioritization only; it is not an eligibility or exclusion decision.
CG0793,s2:1550382c593e4553da57eb38d5a901d021cbc80a,Grundbegriffe der Mengenlehre,,,,,,semanticscholar,1550382c593e4553da57eb38d5a901d021cbc80a,CS002,S02,CS002,,unknown-date,no,,0,manual-date-check,,,,Keyword score is prioritization only; it is not an eligibility or exclusion decision.
CG0794,s2:1c6785ac51aac5b3558ddf7b0889e22cd57a484b,This paper is included in the Proceedings of the 18th USENIX Symposium on Operating Systems Design and Implementation.,,,,,,semanticscholar,1c6785ac51aac5b3558ddf7b0889e22cd57a484b,CS014;CS016,A27;S19,,CS014;CS016,unknown-date,no,,0,manual-date-check,,,,Keyword score is prioritization only; it is not an eligibility or exclusion decision.
CG0795,s2:1d00b3a1030a653b22cd40659ca1ad59cba5aa5f,nvm malloc: Memory Allocation for NVRAM,2015,,,,ADMS@VLDB,semanticscholar,1d00b3a1030a653b22cd40659ca1ad59cba5aa5f,CS026,S27,CS026,,included,no,,0,title-screen,,,,Keyword score is prioritization only; it is not an eligibility or exclusion decision.
CG0796,s2:1e083e2dee298f0608f47f7b98e412c1ddd8c0a3,"Project DEPLOY Grant Agreement 214158 ""Industrial deployment of advanced system engineering methods for high productivity and dependability""",2011,,,,,semanticscholar,1e083e2dee298f0608f47f7b98e412c1ddd8c0a3,CS027,S38,,CS027,included,no,,0,title-screen,,,,Keyword score is prioritization only; it is not an eligibility or exclusion decision.
CG0804,s2:3bf19c75f4e2f7fa85e5e2d0557a0e4c2d790ad3,Hoare logic's for run-time analysis of programs,1984,,,,,semanticscholar,3bf19c75f4e2f7fa85e5e2d0557a0e4c2d790ad3,CS023,S35,CS023,,included,no,,0,title-screen,,,,Keyword score is prioritization only; it is not an eligibility or exclusion decision.
CG0807,s2:4c078d0b2f7b1aa0a882013259e845a773db14dd,go-pmem: Native Support for Programming Persistent Memory in Go,2020,,,,USENIX Annual Technical Conference,semanticscholar,4c078d0b2f7b1aa0a882013259e845a773db14dd,CS026,S27,CS026,,included,no,,0,title-screen,,,,Keyword score is prioritization only; it is not an eligibility or exclusion decision.
CG0808,s2:4e9237855902fcf87bd4c39c4db0e668ba0b7f46,"The past, present, and future(s): verifying temporal software properties",2018,,,,,semanticscholar,4e9237855902fcf87bd4c39c4db0e668ba0b7f46,CS009,S10,,CS009,included,no,,0,title-screen,,,,Keyword score is prioritization only; it is not an eligibility or exclusion decision.
CG0812,s2:563de2c751a24222ce9d132d53df4ee40605c823,Analysis of Dynamic Message Passing Programs (A framework for the analysis of depth-bounded systems ),2013,,,,,semanticscholar,563de2c751a24222ce9d132d53df4ee40605c823,CS009,S10,,CS009,included,no,,0,title-screen,,,,Keyword score is prioritization only; it is not an eligibility or exclusion decision.
CG0814,s2:5a3192a1e924a48244a8597c26af4205a198fb33,Logics and analyses for concurrent heap-manipulating programs,2011,2011-02-14,,,,semanticscholar,5a3192a1e924a48244a8597c26af4205a198fb33,CS009,S10,,CS009,included,no,,0,title-screen,,,,Keyword score is prioritization only; it is not an eligibility or exclusion decision.
CG0815,s2:5b445197453399b5d3dde46011d33f66d62921f7,Closer to Reliable Software: Verifying Functional Behaviour of Concurrent Programs,2015,2015-10-01,,,,semanticscholar,5b445197453399b5d3dde46011d33f66d62921f7,CS009,S10,,CS009,included,no,,0,title-screen,,,,Keyword score is prioritization only; it is not an eligibility or exclusion decision.
CG0819,s2:672260f884699fe5385732ed2d50995a69d617d1,Automatische Fehlersuche in algebraischen Spezifikationen,2010,,,,,semanticscholar,672260f884699fe5385732ed2d50995a69d617d1,CS027,S38,,CS027,included,no,,0,title-screen,,,,Keyword score is prioritization only; it is not an eligibility or exclusion decision.
CG0820,s2:67b578b4838d884172dd3afcdcd0f5291a3e3546,This paper is included in the Proceedings of the 2022 USENIX Annual Technical Conference.,,,,,,semanticscholar,67b578b4838d884172dd3afcdcd0f5291a3e3546,CS001,S01,,CS001,unknown-date,no,,0,manual-date-check,,,,Keyword score is prioritization only; it is not an eligibility or exclusion decision.
CG0823,s2:6ee36af9d07b2979af49d32f70ece380486490c1,A Scalable Elimination-based Exchange Channel,2005,2005-10-07,,,,semanticscholar,6ee36af9d07b2979af49d32f70ece380486490c1,CS006,S07,CS006,,included,no,,0,title-screen,,,,Keyword score is prioritization only; it is not an eligibility or exclusion decision.
CG0825,s2:7799bde1d5bb1669191572a9ffba252aeaaee23d,Petri net semantics,2010,,,,,semanticscholar,7799bde1d5bb1669191572a9ffba252aeaaee23d,CS009,S10,,CS009,included,no,,0,title-screen,,,,Keyword score is prioritization only; it is not an eligibility or exclusion decision.
CG0828,s2:7a2209b2e737b55b26b3698dfd56667361a556fd,"Note RN / 14 / 06 Bi-intuitionistic Boolean Bunched Logic June , 2014",2014,,,,,semanticscholar,7a2209b2e737b55b26b3698dfd56667361a556fd,CS009,S10,,CS009,included,no,,0,title-screen,,,,Keyword score is prioritization only; it is not an eligibility or exclusion decision.
CG0829,s2:7c3f662d42288c26879d9d8c49b111b61baad9be,"Step-Indexing: The Good, the Bad and the Ugly",2010,2010-10-01,,,"Modelling, Controlling and Reasoning About State",semanticscholar,7c3f662d42288c26879d9d8c49b111b61baad9be,CS010,S14,CS010,,included,no,,0,title-screen,,,,Keyword score is prioritization only; it is not an eligibility or exclusion decision.
CG0830,s2:7d7adb58bca1d6993bb97bf4d3b7ffa31d476b6c,Verifying Fine-Grained Concurrent Data Structures,2018,,,,,semanticscholar,7d7adb58bca1d6993bb97bf4d3b7ffa31d476b6c,CS013,S17,,CS013,included,no,,0,title-screen,,,,Keyword score is prioritization only; it is not an eligibility or exclusion decision.
CG0831,s2:84fd1e94bdf24f093e38a6349dfa1e5be60a19ad,Trillium: History-Sensitive Refinement in Separation Logic,2023,,,,,semanticscholar,84fd1e94bdf24f093e38a6349dfa1e5be60a19ad,CS014,S19,,CS014,included,no,,0,title-screen,,,,Keyword score is prioritization only; it is not an eligibility or exclusion decision.
CG0833,s2:88ac3e29deb6c25afccca936dc9d9cb719f3c0d5,A Separation Logic for Parallel Time Complexity with Work and Span Credits,,,,,,semanticscholar,88ac3e29deb6c25afccca936dc9d9cb719f3c0d5,CS016;CS017;CS019;CS023,A27;A28;S29;S35,CS023,CS016;CS017;CS019;CS023,unknown-date,no,,0,manual-date-check,,,,Keyword score is prioritization only; it is not an eligibility or exclusion decision.
CG0834,s2:8a6ad9d526fae1134a59d06e3c27ec647e40015a,Separation Logic Expressiveness and Copyless Message-Passing,2012,,,,,semanticscholar,8a6ad9d526fae1134a59d06e3c27ec647e40015a,CS009,S10,,CS009,included,no,,0,title-screen,,,,Keyword score is prioritization only; it is not an eligibility or exclusion decision.
CG0837,s2:931f9f1b07322530d191b21d4935a4c99300d48d,Specification and Design of (Parallel) Programs,1983,,,,IFIP Congress,semanticscholar,931f9f1b07322530d191b21d4935a4c99300d48d,CS011;CS028,S15;S40,CS011;CS028,,included,no,,0,title-screen,,,,Keyword score is prioritization only; it is not an eligibility or exclusion decision.
CG0844,s2:a977126defdae6708bced9f63cd3879c239dd6c7,Abducing memory barriers,2012,,,,,semanticscholar,a977126defdae6708bced9f63cd3879c239dd6c7,CS009,S10,,CS009,included,no,,0,title-screen,,,,Keyword score is prioritization only; it is not an eligibility or exclusion decision.
CG0845,s2:a9d7adac54bdab2ec42d83b96968e4f5fb7b2282,Adding Concurrency to a Sequential Reﬁnement Tower (cid:63),,,,,,semanticscholar,a9d7adac54bdab2ec42d83b96968e4f5fb7b2282,CS018,S28,,CS018,unknown-date,no,,0,manual-date-check,,,,Keyword score is prioritization only; it is not an eligibility or exclusion decision.
CG0846,s2:ac74ad460fecb10152e6e7b4c0254ee666d74091,2 The Single-Decree Paxos Algorithm,2018,,,,,semanticscholar,ac74ad460fecb10152e6e7b4c0254ee666d74091,CS014,S19,,CS014,included,no,,0,title-screen,,,,Keyword score is prioritization only; it is not an eligibility or exclusion decision.
CG0847,s2:b02a41cbe5cf00086d4570e5737dfd72a59449f7,This Paper Is Included in the Proceedings of the 12th Usenix Symposium on Operating Systems Design and Implementation (osdi '16). Certikos: an Extensible Architecture for Building Certified Concurrent Os Kernels Certikos: an Extensible Architecture for Building Certified Concurrent Os Kernels,,,,,,semanticscholar,b02a41cbe5cf00086d4570e5737dfd72a59449f7,CS014,S19,,CS014,unknown-date,no,,0,manual-date-check,,,,Keyword score is prioritization only; it is not an eligibility or exclusion decision.
CG0850,s2:b49c498abad6216e2a68081f66bef5bdb5a438de,Abstract Specifications for Concurrent Maps ( Extended Version ),2017,,,,,semanticscholar,b49c498abad6216e2a68081f66bef5bdb5a438de,CS013,S17,,CS013,included,no,,0,title-screen,,,,Keyword score is prioritization only; it is not an eligibility or exclusion decision.
CG0852,s2:c21083d8466cb43462632837cbf188930ac99e80,A Comparison of Shared Memory Parallel Programming Models,2010,2010-05-24,,,,semanticscholar,c21083d8466cb43462632837cbf188930ac99e80,CS029,S42,,CS029,included,no,,0,title-screen,,,,Keyword score is prioritization only; it is not an eligibility or exclusion decision.
CG0853,s2:cd399e1d65b6b409209f2dd36b85bf153a466e94,Verifying a stack with hazard pointers in temporal logic,2011,,,,,semanticscholar,cd399e1d65b6b409209f2dd36b85bf153a466e94,CS009;CS025,A30;S10,,CS009;CS025,included,no,,0,title-screen,,,,Keyword score is prioritization only; it is not an eligibility or exclusion decision.
CG0854,s2:cece43c07c30bb003c97e3933783e3f1439477a0,FORMALIZING CONCURRENT STACKS WITH HELPING : A CASE STUDY IN,2017,,,,,semanticscholar,cece43c07c30bb003c97e3933783e3f1439477a0,CS012,S16,CS012,,included,no,,0,title-screen,,,,Keyword score is prioritization only; it is not an eligibility or exclusion decision.
CG0856,s2:d1cb1322fef3c2fd1d264ea7543f61e744625d3c,Single-pass Parallel Prefix Scan with Decoupled Lookback,2016,,,,,semanticscholar,d1cb1322fef3c2fd1d264ea7543f61e744625d3c,CS004,S05,CS004,,included,no,,0,title-screen,,,,Keyword score is prioritization only; it is not an eligibility or exclusion decision.
CG0857,s2:d7f30e08ff21b9fc02dd122547dbbae4355d899a,TTIC-TR-2008-1 October 2008 Local Rely-Guarantee Reasoning,2008,,,,,semanticscholar,d7f30e08ff21b9fc02dd122547dbbae4355d899a,CS009,S10,,CS009,included,no,,0,title-screen,,,,Keyword score is prioritization only; it is not an eligibility or exclusion decision.
CG0860,s2:df8890d2f8e7051837c18d6da236cb8083e61903,This paper is included in the Proceedings of the 18th USENIX Symposium on Operating Systems Design and Implementation.,,,,,,semanticscholar,df8890d2f8e7051837c18d6da236cb8083e61903,CS009,S10,,CS009,unknown-date,no,,0,manual-date-check,,,,Keyword score is prioritization only; it is not an eligibility or exclusion decision.
CG0863,s2:e23204329c83db72aca1e57bea696cdf2701dc03,"Verifying a concurrent, crash-safe file system with sequential reasoning",2022,,,,,semanticscholar,e23204329c83db72aca1e57bea696cdf2701dc03,CS026,S27,CS026,,included,no,,0,title-screen,,,,Keyword score is prioritization only; it is not an eligibility or exclusion decision.
CG0864,s2:e4bad30fa3e3dc4c8b984fc57aec0b54d18aff69,Weak-memory local reasoning,2012,2012-12-01,,,,semanticscholar,e4bad30fa3e3dc4c8b984fc57aec0b54d18aff69,CS009,S10,,CS009,included,no,,0,title-screen,,,,Keyword score is prioritization only; it is not an eligibility or exclusion decision.
CG0867,s2:eb49783859916bdfb4ea82f8adf98d289da70715,Science of Computer Programming,,,,,,semanticscholar,eb49783859916bdfb4ea82f8adf98d289da70715,CS009;CS018,S10;S28,,CS009;CS018,unknown-date,no,,0,manual-date-check,,,,Keyword score is prioritization only; it is not an eligibility or exclusion decision.
CG0868,s2:ec34b36be557d2a14fb91f170d28b87b765160ca,Semantics of types for mutable state,2004,,,,,semanticscholar,ec34b36be557d2a14fb91f170d28b87b765160ca,CS012,S16,CS012,,included,no,,0,title-screen,,,,Keyword score is prioritization only; it is not an eligibility or exclusion decision.
CG0870,s2:f9e32c365e671432569fea0f22e25923f26cbb16,Compiler and runtime techniques to identify and optimize atomic blocks in parallel programs,2014,,,,,semanticscholar,f9e32c365e671432569fea0f22e25923f26cbb16,CS009,S10,,CS009,included,no,,0,title-screen,,,,Keyword score is prioritization only; it is not an eligibility or exclusion decision.
CG0872,s2:fdbae42fddad6fbd979527cb4878b891d161312b,Practical Foundations for Programming Languages (2nd. Ed.),2016,,,,,semanticscholar,fdbae42fddad6fbd979527cb4878b891d161312b,CS023,S35,CS023,,included,no,,0,title-screen,,,,Keyword score is prioritization only; it is not an eligibility or exclusion decision.
CG0873,s2:fdfb5caf6102324e8e727805a786a7654512c3f0,The SPARC architecture manual : version 9,1994,,,,,semanticscholar,fdfb5caf6102324e8e727805a786a7654512c3f0,CS001,S01,CS001,,included,no,,0,title-screen,,,,Keyword score is prioritization only; it is not an eligibility or exclusion decision.
CG0875,unknown:semanticscholar:cs001:references:0:45,Nissim Francez,1986,,,,,semanticscholar,,CS001,S01,CS001,,included,no,,0,title-screen,,,,Keyword score is prioritization only; it is not an eligibility or exclusion decision.
CG0877,unknown:semanticscholar:cs001:references:0:48,"OOPSLA, Article 98. Publication date",,,,,Proc. ACM Program. Lang,semanticscholar,,CS001,S01,CS001,,unknown-date,no,,0,manual-date-check,,,,Keyword score is prioritization only; it is not an eligibility or exclusion decision.
CG0879,unknown:semanticscholar:cs002:references:0:28,The Coq Development Team,2021,,,,The Coq Proof Assistant,semanticscholar,,CS002,S02,CS002,,included,no,,0,title-screen,,,,Keyword score is prioritization only; it is not an eligibility or exclusion decision.
CG0880,unknown:semanticscholar:cs002:references:0:30,"Computing Machinery, New York, NY, USA, 385–399",2017,,,,Proc. ACM Program. Lang,semanticscholar,,CS002,S02,CS002,,included,no,,0,title-screen,,,,Keyword score is prioritization only; it is not an eligibility or exclusion decision.
CG0881,unknown:semanticscholar:cs002:references:0:31,Algorithmic Veri cation of Linear Temporal Logic Speci cations,2007,,,,,semanticscholar,,CS002,S02,CS002,,included,no,,0,title-screen,,,,Keyword score is prioritization only; it is not an eligibility or exclusion decision.
CG0883,unknown:semanticscholar:cs002:references:0:34,"Anton Podkopaev, and Viktor Vafeiadis",,,,,Proc. ACM Program. Lang,semanticscholar,,CS002,S02,CS002,,unknown-date,no,,0,manual-date-check,,,,Keyword score is prioritization only; it is not an eligibility or exclusion decision.
CG0884,unknown:semanticscholar:cs002:references:0:35,"Soonwon Moon, Youngju Song, and Chung-Kil Hur Computing Machinery",,,,,,semanticscholar,,CS002,S02,CS002,,unknown-date,no,,0,manual-date-check,,,,Keyword score is prioritization only; it is not an eligibility or exclusion decision.
CG0885,unknown:semanticscholar:cs002:references:0:36,Received 2022-11-10; accepted 2023-03-31,,,,,Proc. ACM Program. Lang.,semanticscholar,,CS002,S02,CS002,,unknown-date,no,,0,manual-date-check,,,,Keyword score is prioritization only; it is not an eligibility or exclusion decision.
CG0886,unknown:semanticscholar:cs004:references:0:33,An HLSL implementation of prefix-scan,2021,,,,://github.com/linebender/vello/blob/custom-hal-archive-with-shaders/tests/shader/prefix.comp,semanticscholar,,CS004,S05,CS004,,included,no,,0,title-screen,,,,Keyword score is prioritization only; it is not an eligibility or exclusion decision.
CG0887,unknown:semanticscholar:cs004:references:0:34,Prefix sum on Vulkan,2020,,,,raphlinus.github,semanticscholar,,CS004,S05,CS004,,included,no,,0,title-screen,,,,Keyword score is prioritization only; it is not an eligibility or exclusion decision.
CG0888,unknown:semanticscholar:cs004:references:0:36,Syntaxandsemanticsoftheweakconsistencymodelspecification language CAT,2016,,,,CoRR abs,semanticscholar,,CS004,S05,CS004,,included,no,,0,title-screen,,,,Keyword score is prioritization only; it is not an eligibility or exclusion decision.
CG0889,unknown:semanticscholar:cs004:references:0:37,A Shared Memory Poetics,2010,,,,Thèse de doctorat. L’université Paris Denis Diderot. Proc. ACM Program. Lang.,semanticscholar,,CS004,S05,CS004,,included,no,,0,title-screen,,,,Keyword score is prioritization only; it is not an eligibility or exclusion decision.
CG0890,unknown:semanticscholar:cs004:references:0:40,"weak: a message passing pattern repeats until success. This test fails to terminate on memory models that require barriers to make message passing work, i.e., anything weaker than TSO",,,,,,semanticscholar,,CS004,S05,CS004,,unknown-date,no,,0,manual-date-check,,,,Keyword score is prioritization only; it is not an eligibility or exclusion decision.
CG0891,unknown:semanticscholar:cs004:references:0:41,S4C Safe and Scalable System Software Concurrency,,,,,libvsync,semanticscholar,,CS004,S05,CS004,,unknown-date,no,,0,manual-date-check,,,,Keyword score is prioritization only; it is not an eligibility or exclusion decision.
CG0892,unknown:semanticscholar:cs004:references:0:42,2025. Scanbox: A tunable and portable GPU prefix scan implementation in Vulkan and WebGPU,,,,,Bachelor’s thesis,semanticscholar,,CS004,S05,CS004,,unknown-date,no,,0,manual-date-check,,,,Keyword score is prioritization only; it is not an eligibility or exclusion decision.
CG0893,unknown:semanticscholar:cs004:references:0:43,"ii) A load instruction 𝑟 : = load ( 𝑙 ) assign a non-deterministically chosen value 𝑣 to register 𝑟 , and emits the read event R ( 𝑙, 𝑣",,,,,,semanticscholar,,CS004,S05,CS004,,unknown-date,no,,0,manual-date-check,,,,Keyword score is prioritization only; it is not an eligibility or exclusion decision.
CG0895,unknown:semanticscholar:cs004:references:0:45,2025. Do Subgroup Shuffle Intrinsics require a preceeding OpControlBarrier with scope at least Subgroup to avoid UB?,,,,,github,semanticscholar,,CS004,S05,CS004,,unknown-date,no,,0,manual-date-check,,,,Keyword score is prioritization only; it is not an eligibility or exclusion decision.
CG0896,unknown:semanticscholar:cs004:references:0:46,(iv) Read-modify-write (rmw) instructions come in multiple flavors depending on what local modifications they do and if they are guaranteed to succeed,,,,,"all cases, a rmw can be understood as a load, followed by a sequence of local instructions, and possibly a final store",semanticscholar,,CS004,S05,CS004,,unknown-date,no,,0,manual-date-check,,,,Keyword score is prioritization only; it is not an eligibility or exclusion decision.
CG0897,unknown:semanticscholar:cs004:references:0:47,2024. [libc++] Incorrect memory order in atomic wait,,,,,github,semanticscholar,,CS004,S05,CS004,,unknown-date,no,,0,manual-date-check,,,,Keyword score is prioritization only; it is not an eligibility or exclusion decision.
CG0899,unknown:semanticscholar:cs004:references:0:49,iii) A fence instructions emits a fence event containing the name/kind of the fence,,,,,,semanticscholar,,CS004,S05,CS004,,unknown-date,no,,0,manual-date-check,,,,Keyword score is prioritization only; it is not an eligibility or exclusion decision.
CG0900,unknown:semanticscholar:cs006:references:0:67,Accompanying supplementary materials and Coq development of Compass,2021,,,,plv.mpi-sws.org/compass/,semanticscholar,,CS006,S07,CS006,,included,no,,0,title-screen,,,,Keyword score is prioritization only; it is not an eligibility or exclusion decision.
CG0902,unknown:semanticscholar:cs006:references:0:73,Systems Programming: Coping with Parallelism. International Business Machines Incorporated,1986,,,,,semanticscholar,,CS006,S07,CS006,,included,no,,0,title-screen,,,,Keyword score is prioritization only; it is not an eligibility or exclusion decision.
CG0904,unknown:semanticscholar:cs006:references:0:75,"Logic PLDI ’22, June 13–17, 2022, San Diego, CA, USA",,,,,,semanticscholar,,CS006,S07,CS006,,unknown-date,no,,0,manual-date-check,,,,Keyword score is prioritization only; it is not an eligibility or exclusion decision.
CG0905,unknown:semanticscholar:cs007:references:0:45,Systems Programming: Coping with Parallelism,1986,,,,books,semanticscholar,,CS007,S08,CS007,,included,no,,0,title-screen,,,,Keyword score is prioritization only; it is not an eligibility or exclusion decision.
CG0906,unknown:semanticscholar:cs007:references:0:46,"The interpretation predicate interp ( 𝐻, 𝜋",,,,,fully,semanticscholar,,CS007,S08,CS007,,unknown-date,no,,0,manual-date-check,,,,Keyword score is prioritization only; it is not an eligibility or exclusion decision.
CG0907,unknown:semanticscholar:cs007:references:0:47,Before attempting to restore the stack invariant,,,,,Diaframe stops and asks whether the linearization point happens now or later,semanticscholar,,CS007,S08,CS007,,unknown-date,no,,0,manual-date-check,,,,Keyword score is prioritization only; it is not an eligibility or exclusion decision.
CG0908,unknown:semanticscholar:cs007:references:0:48,"C3 Inferring the logical state : In the SC model, the logical state of an object invariant is often straightforward to infer from the physical state",,,,,contrast,semanticscholar,,CS007,S08,CS007,,unknown-date,no,,0,manual-date-check,,,,Keyword score is prioritization only; it is not an eligibility or exclusion decision.
CG0909,unknown:semanticscholar:cs007:references:0:49,The third line of the stack predicate ( ∀ 𝑒 ′ 𝑠 ∈ dom ( 𝐻 𝑠 ⊎ { 𝑒 𝑠 ↦→ . . . }) . . . . ),,,,,,semanticscholar,,CS007,S08,CS007,,unknown-date,no,,0,manual-date-check,,,,Keyword score is prioritization only; it is not an eligibility or exclusion decision.
CG0910,unknown:semanticscholar:cs007:references:0:50,The specification Stack-Try-Pop-Spec-Comp dictates the insertion of the EmptyPop event,,,,,means,semanticscholar,,CS007,S08,CS007,,unknown-date,no,,0,manual-date-check,,,,Keyword score is prioritization only; it is not an eligibility or exclusion decision.
CG0911,unknown:semanticscholar:cs008:references:0:39,Verifying linearisability: A comparative survey,2015,,,,"ACM Comput. Surv., 48(2):19:1–19:43",semanticscholar,,CS008,S09,CS008,,included,no,,0,title-screen,,,,Keyword score is prioritization only; it is not an eligibility or exclusion decision.
CG0913,unknown:semanticscholar:cs008:references:0:42,Systems programming: Coping with parallelism,1986,,,,"Technical Report RJ 5118, IBM Almaden Res. Ctr.",semanticscholar,,CS008,S09,CS008,,included,no,,0,title-screen,,,,Keyword score is prioritization only; it is not an eligibility or exclusion decision.
CG0917,unknown:semanticscholar:cs010:references:0:40,2023. Non-Step-Indexed Separation Logic with Invariants and Rust-Style Borrows,,,,,Ph.D. Dissertation,semanticscholar,,CS010,S14,CS010,,unknown-date,no,,0,manual-date-check,,,,Keyword score is prioritization only; it is not an eligibility or exclusion decision.
CG0919,unknown:semanticscholar:cs010:references:0:42,"Lilo incorporates flexible Iris-style invariants [21, 23] and powerful modular specifications that support non-local linearization points (addresses (P1), (P3), (",,,,,,semanticscholar,,CS010,S14,CS010,,unknown-date,no,,0,manual-date-check,,,,Keyword score is prioritization only; it is not an eligibility or exclusion decision.
CG0920,unknown:semanticscholar:cs011:references:0:35,"26 Namakonov, Fasse",,,,,,semanticscholar,,CS011,S15,CS011,,unknown-date,no,,0,manual-date-check,,,,Keyword score is prioritization only; it is not an eligibility or exclusion decision.
CG0922,unknown:semanticscholar:cs011:references:0:37,Received 2025-10-10; accepted 2026-02-17,,,,,Proc.,semanticscholar,,CS011,S15,CS011,,unknown-date,no,,0,manual-date-check,,,,Keyword score is prioritization only; it is not an eligibility or exclusion decision.
CG0923,unknown:semanticscholar:cs011:references:0:38,2025a. Supplementary Rocq development for the Lawyer paper,,,,,,semanticscholar,,CS011,S15,CS011,,unknown-date,no,,0,manual-date-check,,,,Keyword score is prioritization only; it is not an eligibility or exclusion decision.
CG0924,unknown:semanticscholar:cs012:references:0:33,hocap_spec.v. url: https,2022,,,,gitlab . mpi - sws . org / iris / examples/-/blob/9e91b442ec18f941f12d5839185373876d5bf1d9/theories/logatom/ elimination_stack/hocap_spec.v (visited on 12/26/2022),semanticscholar,,CS012,S16,CS012,,included,no,,0,title-screen,,,,Keyword score is prioritization only; it is not an eligibility or exclusion decision.
CG0925,unknown:semanticscholar:cs012:references:0:34,Theory Multiset. url: https://isabelle.in.tum.de/library/HOL/HOL- Library/ Multiset.html (visited on 11/28/2022),2022,,,,,semanticscholar,,CS012,S16,CS012,,included,no,,0,title-screen,,,,Keyword score is prioritization only; it is not an eligibility or exclusion decision.
CG0926,unknown:semanticscholar:cs012:references:0:37,“Iris from the Ground Up”,2017,,,,Submitted to JFP,semanticscholar,,CS012,S16,CS012,,included,no,,0,title-screen,,,,Keyword score is prioritization only; it is not an eligibility or exclusion decision.
CG0927,unknown:semanticscholar:cs012:references:0:41,0 Reference,,,,,The Iris,semanticscholar,,CS012,S16,CS012,,unknown-date,no,,0,manual-date-check,,,,Keyword score is prioritization only; it is not an eligibility or exclusion decision.
CG0928,unknown:semanticscholar:cs012:references:0:42,concurrent_stacks,,,,,theories/concurrent_stacks,semanticscholar,,CS012,S16,CS012,,unknown-date,no,,0,manual-date-check,,,,Keyword score is prioritization only; it is not an eligibility or exclusion decision.
CG0930,unknown:semanticscholar:cs012:references:0:44,Andrei Popescu Jasmin Blanchette Dmitriy Traytel Mathias Fleury Martin Deshar-nais Tobias Nipkow Markus Wenzel Lawrence C Paulson Norbert Voelker,,,,,Theory Multiset,semanticscholar,,CS012,S16,CS012,,unknown-date,no,,0,manual-date-check,,,,Keyword score is prioritization only; it is not an eligibility or exclusion decision.
CG0932,unknown:semanticscholar:cs022:references:0:54,Received 2024-07-11; accepted 2024-11-07,,,,,Proc. ACM Program. Lang.,semanticscholar,,CS022,S33,CS022,,unknown-date,no,,0,manual-date-check,,,,Keyword score is prioritization only; it is not an eligibility or exclusion decision.
CG0933,unknown:semanticscholar:cs022:references:0:55,Concurrency Kit,,,,,github.com/concurrencykit/ck,semanticscholar,,CS022,S33,CS022,,unknown-date,no,,0,manual-date-check,,,,Keyword score is prioritization only; it is not an eligibility or exclusion decision.
CG0934,unknown:semanticscholar:cs022:references:0:56,CDS C++ library,,,,,github.com/khizmax/libcds,semanticscholar,,CS022,S33,CS022,,unknown-date,no,,0,manual-date-check,,,,Keyword score is prioritization only; it is not an eligibility or exclusion decision.
CG0935,unknown:semanticscholar:cs022:references:0:57,"a specification where, in addition to (R), all insertions synchronize with each other, and",,,,,,semanticscholar,,CS022,S33,CS022,,unknown-date,no,,0,manual-date-check,,,,Keyword score is prioritization only; it is not an eligibility or exclusion decision.
CG0936,unknown:semanticscholar:cs022:references:0:58,"To answer these questions, we conducted three case studies on a set of challenging concurrent structures",,,,,Proc. ACM Program. Lang.,semanticscholar,,CS022,S33,CS022,,unknown-date,no,,0,manual-date-check,,,,Keyword score is prioritization only; it is not an eligibility or exclusion decision.
CG0937,unknown:semanticscholar:cs023:references:0:47,MPL Contributors,2026,,,,:,semanticscholar,,CS023,S35,CS023,,unknown-date,no,,0,manual-date-check,,,,Keyword score is prioritization only; it is not an eligibility or exclusion decision.
CG0938,unknown:semanticscholar:cs023:references:0:48,MPL: A High-Performance Compiler for Parallel ML,2020,,,,github,semanticscholar,,CS023,S35,CS023,,included,no,,0,title-screen,,,,Keyword score is prioritization only; it is not an eligibility or exclusion decision.
CG0939,unknown:semanticscholar:cs023:references:0:52,Systems programming: Coping with parallelism,1986,,,,dominoweb.draco.res.,semanticscholar,,CS023,S35,CS023,,included,no,,0,title-screen,,,,Keyword score is prioritization only; it is not an eligibility or exclusion decision.
CG0940,unknown:semanticscholar:cs023:references:0:54,2024. The CFML tool and library,,,,,http://www.chargueraud.org/softs/cfml/,semanticscholar,,CS023,S35,CS023,,unknown-date,no,,0,manual-date-check,,,,Keyword score is prioritization only; it is not an eligibility or exclusion decision.
CG0941,unknown:semanticscholar:cs023:references:0:55,2026. The atomic triple library of the Iris framework,,,,,:/,semanticscholar,,CS023,S35,CS023,,unknown-date,no,,0,manual-date-check,,,,Keyword score is prioritization only; it is not an eligibility or exclusion decision.
CG0944,unknown:semanticscholar:cs026:references:0:28,36 Simon Friis Vindum and Lars Birkedal,2020,,,,USENIX,semanticscholar,,CS026,S27,CS026,,included,no,,0,title-screen,,,,Keyword score is prioritization only; it is not an eligibility or exclusion decision.
CG0945,unknown:semanticscholar:cs026:references:0:33,Crash-aware invariants,,,,,,semanticscholar,,CS026,S27,CS026,,unknown-date,no,,0,manual-date-check,,,,Keyword score is prioritization only; it is not an eligibility or exclusion decision.
CG0946,unknown:semanticscholar:cs026:references:0:34,"An assortment of features to handle persistent memory instructions: Post-fence modalities , a post-crash flush modality , and state lower-bounds",,,,,w.r.t. fences,semanticscholar,,CS026,S27,CS026,,unknown-date,no,,0,manual-date-check,,,,Keyword score is prioritization only; it is not an eligibility or exclusion decision.
CG0947,unknown:semanticscholar:cs027:citations:0:16,Institutional Knowledge at Singapore Management University Institutional Knowledge at Singapore Management University,,,,,,semanticscholar,,CS027,S38,,CS027,unknown-date,no,,0,manual-date-check,,,,Keyword score is prioritization only; it is not an eligibility or exclusion decision.
CG0948,unknown:semanticscholar:cs027:citations:0:17,Universität Augsburg Proving Linearizability with Temporal Logic,,,,,,semanticscholar,,CS027,S38,,CS027,unknown-date,no,,0,manual-date-check,,,,Keyword score is prioritization only; it is not an eligibility or exclusion decision.
CG0949,unknown:semanticscholar:cs028:references:0:40,"PLDI, pp",2021,,,,292–304. ACM 123 302 Formal Methods in System Design,semanticscholar,,CS028,S40,CS028,,included,no,,0,title-screen,,,,Keyword score is prioritization only; it is not an eligibility or exclusion decision.
CG0950,unknown:semanticscholar:cs028:references:0:41,Coachman,2019,,,,:,semanticscholar,,CS028,S40,CS028,,included,no,,0,title-screen,,,,Keyword score is prioritization only; it is not an eligibility or exclusion decision.
CG0951,unknown:semanticscholar:cs028:references:0:43,Systems programming: Coping with parallelism,1986,,,,"Tech. Rep. RJ 5118,",semanticscholar,,CS028,S40,CS028,,included,no,,0,title-screen,,,,Keyword score is prioritization only; it is not an eligibility or exclusion decision.
CG0952,unknown:semanticscholar:cs028:references:0:45,Publisher's Note Springer Nature remains neutral with regard to jurisdictional claims in published maps and institutional affiliations,,,,,,semanticscholar,,CS028,S40,CS028,,unknown-date,no,,0,manual-date-check,,,,Keyword score is prioritization only; it is not an eligibility or exclusion decision.
CG0953,unknown:semanticscholar:cs028:references:0:46,We extend our experiments (Sect. 5) to include nine additional benchmark cases,,,,,addition to the conference version,semanticscholar,,CS028,S40,CS028,,unknown-date,no,,0,manual-date-check,,,,Keyword score is prioritization only; it is not an eligibility or exclusion decision.
CG0954,unknown:semanticscholar:cs028:references:0:47,Most sequential bound analyzers target integer programs.,,,,,,semanticscholar,,CS028,S40,CS028,,unknown-date,no,,0,manual-date-check,,,,Keyword score is prioritization only; it is not an eligibility or exclusion decision.
CG0096,doi:10.1007/978-3-031-37706-8_10,Overcoming Memory Weakness with Unified Fairness: Systematic Verification of Liveness in Weak Memory Models,2023,2023,10.1007/978-3-031-37706-8_10,,,opencitations;seed-catalog,10.1007/978-3-031-37706-8_10;DOI:10.1007/978-3-031-37706-8_10,CS001;CS003;CS004,S01;S03;S05,CS003;CS004,CS001;CS003,included,yes,fairness_or_justice;weak_or_relaxed_memory;progress;formal_verification,14,existing-seed,,,,Keyword score is prioritization only; it is not an eligibility or exclusion decision.
CG0694,doi:10.1145/3776687,Recurrence Sets for Proving Fair Non-termination under Axiomatic Memory Consistency Models,2026,2026-01-08,10.1145/3776687,,Proc. ACM Program. Lang.,opencitations;seed-catalog;semanticscholar,10.1145/3776687;DOI:10.1145/3776687;cc2d712b5c5e42606339033448fa671f7937ba65,CS001;CS003;CS004,S01;S03;S05,,CS001;CS003;CS004,included,yes,fairness_or_justice;weak_or_relaxed_memory;progress,12,existing-seed,,,,Keyword score is prioritization only; it is not an eligibility or exclusion decision.
CG0599,doi:10.1145/3485475,Making Weak Memory Models Fair,2021,2021-10-20,10.1145/3485475,2012.01067,Proc. ACM Program. Lang.,opencitations;seed-catalog;semanticscholar,10.1145/3485475;DOI:10.1145/3485475;be3902623f9b56f3f681a3153de9d140296e9b32,CS001;CS002;CS003;CS004,S01;S02;S03;S05,CS001;CS002;CS003;CS004,CS001,included,yes,fairness_or_justice;weak_or_relaxed_memory,9,existing-seed,,,,Keyword score is prioritization only; it is not an eligibility or exclusion decision.
CG0155,doi:10.1007/978-3-540-68863-1_6,Mechanizing a Correctness Proof for a Lock-Free Concurrent Stack,2008,2008,10.1007/978-3-540-68863-1_6,,,opencitations;seed-catalog,10.1007/978-3-540-68863-1_6;DOI:10.1007/978-3-540-68863-1_6,CS021;CS027,S31;S38,CS021;CS027,,included,yes,progress;concurrent_stack;formal_verification,8,existing-seed,,,,Keyword score is prioritization only; it is not an eligibility or exclusion decision.
CG0194,doi:10.1007/978-3-642-23283-1_16,Formal Verification of a Lock-Free Stack with Hazard Pointers,2011,2011-08-31,10.1007/978-3-642-23283-1_16,,International Colloquium on Theoretical Aspects of Computing,opencitations;seed-catalog;semanticscholar,10.1007/978-3-642-23283-1_16;3dfa980641a367df91391f67f68bbe4526d7d504;DOI:10.1007/978-3-642-23283-1_16,CS018,S28,,,included,yes,progress;concurrent_stack;formal_verification,8,existing-seed,,,,Keyword score is prioritization only; it is not an eligibility or exclusion decision.
CG0724,doi:10.14279/tuj.eceasst.66.885,Compositional Verification of a Lock-Free Stack with RGITL,2013,,10.14279/tuj.eceasst.66.885,,,seed-catalog,DOI:10.14279/tuj.eceasst.66.885,CS015,S20,,,included,yes,progress;concurrent_stack;formal_verification,8,existing-seed,,,,Keyword score is prioritization only; it is not an eligibility or exclusion decision.
CG0118,doi:10.1007/978-3-032-26204-2_6,Towards Proving Liveness on Weak Memory,2026,2026-02-23,10.1007/978-3-032-26204-2_6,2602.19609,World Congress on Formal Methods,seed-catalog;semanticscholar,DOI:10.1007/978-3-032-26204-2_6;e4cd7739a9d580e7873d844a4418e46cc51227d0,CS005,S06,,,included,yes,weak_or_relaxed_memory;progress,7,existing-seed,,,,Keyword score is prioritization only; it is not an eligibility or exclusion decision.
CG0662,doi:10.1145/3656384,A Proof Recipe for Linearizability in Relaxed Memory Separation Logic,2024,2024-06-20,10.1145/3656384,,Proc. ACM Program. Lang.,opencitations;seed-catalog;semanticscholar,10.1145/3656384;81cc2bcf765e925a61e6decd7e1679a83d6faafa;DOI:10.1145/3656384,CS006;CS007;CS010,S07;S08;S14,CS007;CS010,CS006;CS007,included,yes,weak_or_relaxed_memory;formal_verification,6,existing-seed,,,,Keyword score is prioritization only; it is not an eligibility or exclusion decision.
CG0012,arxiv:2212.14126,Modular termination verification with a higher-order concurrent separation logic (Intermediate report),2022,2022-12-28,10.48550/arxiv.2212.14126,2212.14126,arXiv.org,seed-catalog;semanticscholar,ARXIV:2212.14126;b2610408579a47cab7925f781a9c4c91298fce8e,CS012;CS013,S16;S17,,CS012;CS013,included,yes,progress;formal_verification,5,existing-seed,,,,Keyword score is prioritization only; it is not an eligibility or exclusion decision.
CG0235,doi:10.1007/978-3-662-49498-1_8,Modular Termination Verification for Non-blocking Concurrency,2016,2016-04-02,10.1007/978-3-662-49498-1_8,,European Symposium on Programming,opencitations;seed-catalog;semanticscholar,10.1007/978-3-662-49498-1_8;DOI:10.1007/978-3-662-49498-1_8;b1eaf624d6f3239d54d55b576b655c0173c44cce,CS002;CS009;CS012;CS013;CS014;CS016,A27;S02;S10;S16;S17;S19,CS002;CS012;CS013;CS014,CS009;CS013;CS016,included,yes,progress;formal_verification,5,existing-seed,,,,Keyword score is prioritization only; it is not an eligibility or exclusion decision.
CG0486,doi:10.1145/2837614.2837635,A Program Logic for Concurrent Objects under Fair Scheduling,2016,2016-01-11,10.1145/2837614.2837635,,ACM-SIGACT Symposium on Principles of Programming Languages,opencitations;seed-catalog;semanticscholar,10.1145/2837614.2837635;978a78bc13f4fe31c8db114d70508447f3b78edb;DOI:10.1145/2837614.2837635,CS002;CS009;CS010;CS011;CS013;CS014;CS016,A27;S02;S10;S14;S15;S17;S19,CS002;CS010;CS011;CS014,CS009;CS013;CS014;CS016,included,yes,fairness_or_justice,5,existing-seed,,,,Keyword score is prioritization only; it is not an eligibility or exclusion decision.
CG0633,doi:10.1145/3591253,Fair Operational Semantics,2023,2023-06-06,10.1145/3591253,,Proc. ACM Program. Lang.,opencitations;seed-catalog;semanticscholar,10.1145/3591253;DOI:10.1145/3591253;c343a15f1f983b13534aba0871981fc4cc46b217,CS001;CS002;CS010;CS011;CS013;CS014,S01;S02;S14;S15;S17;S19,CS002;CS010;CS011,CS001;CS002;CS013;CS014,included,yes,fairness_or_justice,5,existing-seed,,,,Keyword score is prioritization only; it is not an eligibility or exclusion decision.
CG0586,doi:10.1145/3437801.3441619,Verifying C11-Style Weak Memory Libraries via Refinement,2021,2021-02-17,10.1145/3437801.3441619,2108.06944,ACM SIGPLAN Symposium on Principles & Practice of Parallel Programming,opencitations;seed-catalog;semanticscholar,10.1145/3437801.3441619;4081cedda78b3178bfa33174a3a058facb71ca64;DOI:10.1145/3437801.3441619,CS006;CS008,S07;S09,CS006;CS008,,included,yes,weak_or_relaxed_memory,4,existing-seed,,,,Keyword score is prioritization only; it is not an eligibility or exclusion decision.
CG0611,doi:10.1145/3519939.3523451,Compass: Strong and Compositional Library Specifications in Relaxed Memory Separation Logic,2022,2022-06-09,10.1145/3519939.3523451,,ACM-SIGPLAN Symposium on Programming Language Design and Implementation,opencitations;seed-catalog;semanticscholar,10.1145/3519939.3523451;2f24d73555fd3c9d159f8f19b3614f11a67f4e80;DOI:10.1145/3519939.3523451,CS006;CS007;CS008;CS010;CS026,S07;S08;S09;S14;S27,CS006;CS007;CS010;CS026,CS006;CS008,included,yes,weak_or_relaxed_memory,4,existing-seed,,,,Keyword score is prioritization only; it is not an eligibility or exclusion decision.
CG0673,doi:10.1145/3704906,Relinche: Automatically Checking Linearizability under Relaxed Memory Consistency,2025,2025-01-07,10.1145/3704906,,,opencitations;seed-catalog,10.1145/3704906;DOI:10.1145/3704906,CS022,S33,,,included,yes,weak_or_relaxed_memory,4,existing-seed,,,,Keyword score is prioritization only; it is not an eligibility or exclusion decision.
CG0164,doi:10.1007/978-3-540-75292-9_9,Verifying Lock-Freedom Using Well-Founded Orders,2007,2007-09-26,10.1007/978-3-540-75292-9_9,,International Colloquium on Theoretical Aspects of Computing,opencitations;seed-catalog;semanticscholar,10.1007/978-3-540-75292-9_9;9d29746313d395f4b00c0e009da8869c23e95493;DOI:10.1007/978-3-540-75292-9_9,CS016;CS017;CS024,A27;A28;A29,CS016;CS017;CS024,,included,yes,progress,3,existing-seed,,,,Keyword score is prioritization only; it is not an eligibility or exclusion decision.
CG0302,doi:10.1016/j.scico.2008.09.013,A General Technique for Proving Lock-Freedom,2009,2009-01,10.1016/j.scico.2008.09.013,,Science of Computer Programming,opencitations;seed-catalog;semanticscholar,10.1016/j.scico.2008.09.013;758320a0879f900b85a2a5a4465beca7f134af75;DOI:10.1016/j.scico.2008.09.013,CS016;CS017;CS024;CS025,A27;A28;A29;A30,CS016;CS017;CS025,CS024,included,yes,progress,3,existing-seed,,,,Keyword score is prioritization only; it is not an eligibility or exclusion decision.
CG0341,doi:10.1109/lics.2013.18,Quantitative Reasoning for Proving Lock-Freedom,2013,2013-06-25,10.1109/lics.2013.18,,2013 28th Annual ACM/IEEE Symposium on Logic in Computer Science,opencitations;seed-catalog;semanticscholar,10.1109/lics.2013.18;DOI:10.1109/lics.2013.18;cbd1e202e03c58ab834c0bc8e4f30593cf100554,CS009;CS013;CS014;CS016;CS017;CS023;CS024;CS025;CS029,A27;A28;A29;A30;S10;S17;S19;S35;S42,CS013;CS014;CS016;CS017;CS023,CS009;CS016;CS024;CS025;CS029,included,yes,progress,3,existing-seed,,,,Keyword score is prioritization only; it is not an eligibility or exclusion decision.
CG0391,doi:10.1145/1480881.1480886,Proving That Non-Blocking Algorithms Don't Block,2009,2009-01-21,10.1145/1480881.1480886,,ACM-SIGACT Symposium on Principles of Programming Languages,opencitations;seed-catalog;semanticscholar,10.1145/1480881.1480886;DOI:10.1145/1480881.1480886;f38da1dcab25f1eab911fa5383d0e22e391a1133,CS009;CS014;CS017;CS024;CS028;CS029,A28;A29;S10;S19;S40;S42,CS009;CS014;CS017;CS028;CS029,CS024,included,yes,progress,3,existing-seed,,,,Keyword score is prioritization only; it is not an eligibility or exclusion decision.
CG0397,doi:10.1145/1542476.1542493,Progress Guarantee for Parallel Programs via Bounded Lock-Freedom,2009,2009-06-15,10.1145/1542476.1542493,,ACM-SIGPLAN Symposium on Programming Language Design and Implementation,opencitations;seed-catalog;semanticscholar,10.1145/1542476.1542493;403acc7cbe119b7e6fa8897c894e537da42414e8;DOI:10.1145/1542476.1542493,CS009;CS016;CS028;CS029,A27;S10;S40;S42,CS016;CS028;CS029,CS009;CS029,included,yes,progress,3,existing-seed,,,,Keyword score is prioritization only; it is not an eligibility or exclusion decision.
CG0463,doi:10.1145/2676724.2693179,Proving Lock-Freedom Easily and Automatically,2015,2015-01-13,10.1145/2676724.2693179,,Certified Programs and Proofs,opencitations;seed-catalog;semanticscholar,10.1145/2676724.2693179;DOI:10.1145/2676724.2693179;c910126186ee896197199d2e5d021d275a96567c,CS009;CS016;CS017;CS023;CS024;CS025;CS028,A27;A28;A29;A30;S10;S35;S40,CS017;CS023;CS028,CS009;CS016;CS017;CS024;CS025,included,yes,progress,3,existing-seed,,,,Keyword score is prioritization only; it is not an eligibility or exclusion decision.
CG0679,doi:10.1145/3720525,"Lilo: A Higher-Order, Relational Concurrent Separation Logic for Liveness",2025,2025-04-09,10.1145/3720525,,Proc. ACM Program. Lang.,opencitations;seed-catalog;semanticscholar,10.1145/3720525;DOI:10.1145/3720525;dee79b514bcabe27dc874d8dc5d9497129088d59,CS002;CS006;CS007;CS010;CS011;CS014,S02;S07;S08;S14;S15;S19,CS010;CS011,CS002;CS006;CS007;CS010;CS014,included,yes,progress,3,existing-seed,,,,Keyword score is prioritization only; it is not an eligibility or exclusion decision.
CG0699,doi:10.1145/3798240,Lawyer: Modular Obligations-Based Liveness Reasoning in Higher-Order Impredicative Concurrent Separation Logic,2026,2026-04-10,10.1145/3798240,,Proceedings of the ACM on Programming Languages,seed-catalog;semanticscholar,8a8d750e1a0c7a29ce28da0358b08593c8a48ab9;DOI:10.1145/3798240,CS002;CS010;CS011;CS014,S02;S14;S15;S19,,CS002;CS010;CS011;CS014,included,yes,progress,3,existing-seed,,,,Keyword score is prioritization only; it is not an eligibility or exclusion decision.
CG0645,doi:10.1145/3622820,Spirea: A Mechanized Concurrent Separation Logic for Weak Persistent Memory,2023,2023-10-16,10.1145/3622820,,Proc. ACM Program. Lang.,opencitations;seed-catalog;semanticscholar,10.1145/3622820;75bcda863a5c6acd061dd8a00ddf072e87e5e1f1;DOI:10.1145/3622820,CS006;CS026,S07;S27,,CS006;CS026,included,yes,formal_verification,2,existing-seed,,,,Keyword score is prioritization only; it is not an eligibility or exclusion decision.
CG0028,arxiv:2607.11582,A Separation Logic for Parallel Time Complexity with Work and Span Credits,2026,2026-07-13,10.1145/3828679,2607.11582,,seed-catalog,ARXIV:2607.11582,CS023,S35,,,included,yes,,0,existing-seed,,,,Keyword score is prioritization only; it is not an eligibility or exclusion decision.
CG0115,doi:10.1007/978-3-031-92196-4_16,Mirror is Not Strong: Discovery of a Persistent Memory Bug using Refinement in KIV,2025,2025,10.1007/978-3-031-92196-4_16,,,opencitations;seed-catalog,10.1007/978-3-031-92196-4_16;DOI:10.1007/978-3-031-92196-4_16,CS021;CS027,S31;S38,,CS021;CS027,included,yes,,0,existing-seed,,,,Keyword score is prioritization only; it is not an eligibility or exclusion decision.
CG0270,doi:10.1007/s10703-021-00370-8,Rely-Guarantee Bound Analysis of Parameterized Concurrent Shared-Memory Programs,2021,2021-04-06,10.1007/s10703-021-00370-8,,Formal methods in system design,opencitations;seed-catalog;semanticscholar,10.1007/s10703-021-00370-8;10c2e6b3b17ad819a84a0575ad2964bf5cf20b2e;DOI:10.1007/s10703-021-00370-8,CS009;CS017;CS028;CS029,A28;S10;S40;S42,,CS009;CS017;CS028;CS029,included,yes,,0,existing-seed,,,,Keyword score is prioritization only; it is not an eligibility or exclusion decision.
CG0676,doi:10.1145/3716312,Will It Fit? Verifying Heap Space Bounds of Concurrent Programs under Garbage Collection,2025,2025-02-10,10.1145/3716312,,ACM Transactions on Programming Languages and Systems,opencitations;seed-catalog;semanticscholar,10.1145/3716312;9c4ed4611c94601635cfa30736fc28f8bd35b69c;DOI:10.1145/3716312,CS019;CS023,S29;S35,CS023,,included,yes,,0,existing-seed,,,,Keyword score is prioritization only; it is not an eligibility or exclusion decision.
CG0874,seed:s30,Marrying Miri and GenMC: Improving Miri's Ability to Detect Concurrency Bugs,2025,,,,,seed-catalog,,CS020,S30,,,included,yes,,0,existing-seed,,,,Keyword score is prioritization only; it is not an eligibility or exclusion decision.
