provider,seed_id,screening_record_id,direction,edge_key,source_work_key,target_work_key,source_provider_id,target_provider_id,source_doi,target_doi,provider_edge_id,citing_publication_date,cutoff_status,raw_file
opencitations,CS077,S197,citations,doi:10.1007/s00236-025-00500-3->doi:10.4230/lipics.disc.2024.11,doi:10.1007/s00236-025-00500-3,doi:10.4230/lipics.disc.2024.11,10.1007/s00236-025-00500-3,10.4230/lipics.disc.2024.11,10.1007/s00236-025-00500-3,10.4230/lipics.disc.2024.11,06011648723-0609628160,2025-08-06,included,raw/cs077-citations-p0001-opencitations.json.gz
opencitations,CS078,S198,references,doi:10.1007/978-3-319-47846-3_17->doi:10.1007/978-3-642-25873-2_22,doi:10.1007/978-3-319-47846-3_17,doi:10.1007/978-3-642-25873-2_22,10.1007/978-3-319-47846-3_17,10.1007/978-3-642-25873-2_22,10.1007/978-3-319-47846-3_17,10.1007/978-3-642-25873-2_22,06502794757-061202809152,2016,included,raw/cs078-references-p0001-opencitations.json.gz
opencitations,CS078,S198,references,doi:10.1007/978-3-319-47846-3_17->doi:10.1007/3-540-16442-1_14,doi:10.1007/978-3-319-47846-3_17,doi:10.1007/3-540-16442-1_14,10.1007/978-3-319-47846-3_17,10.1007/3-540-16442-1_14,10.1007/978-3-319-47846-3_17,10.1007/3-540-16442-1_14,06502794757-061502805825,2016,included,raw/cs078-references-p0001-opencitations.json.gz
opencitations,CS078,S198,references,doi:10.1007/978-3-319-47846-3_17->doi:10.1145/2629496,doi:10.1007/978-3-319-47846-3_17,doi:10.1145/2629496,10.1007/978-3-319-47846-3_17,10.1145/2629496,10.1007/978-3-319-47846-3_17,10.1145/2629496,06502794757-061502741006,2016,included,raw/cs078-references-p0001-opencitations.json.gz
opencitations,CS078,S198,references,doi:10.1007/978-3-319-47846-3_17->doi:10.1007/978-3-642-40184-8_17,doi:10.1007/978-3-319-47846-3_17,doi:10.1007/978-3-642-40184-8_17,10.1007/978-3-319-47846-3_17,10.1007/978-3-642-40184-8_17,10.1007/978-3-319-47846-3_17,10.1007/978-3-642-40184-8_17,06502794757-062102665323,2016,included,raw/cs078-references-p0001-opencitations.json.gz
opencitations,CS078,S198,references,doi:10.1007/978-3-319-47846-3_17->doi:10.4204/eptcs.209.8,doi:10.1007/978-3-319-47846-3_17,doi:10.4204/eptcs.209.8,10.1007/978-3-319-47846-3_17,10.4204/eptcs.209.8,10.1007/978-3-319-47846-3_17,10.4204/eptcs.209.8,06502794757-06120293978,2016,included,raw/cs078-references-p0001-opencitations.json.gz
opencitations,CS078,S198,references,doi:10.1007/978-3-319-47846-3_17->doi:10.1007/pl00003935,doi:10.1007/978-3-319-47846-3_17,doi:10.1007/pl00003935,10.1007/978-3-319-47846-3_17,10.1007/pl00003935,10.1007/978-3-319-47846-3_17,10.1007/pl00003935,06502794757-062201750217,2016,included,raw/cs078-references-p0001-opencitations.json.gz
opencitations,CS078,S198,references,doi:10.1007/978-3-319-47846-3_17->doi:10.1007/978-3-642-22012-8_36,doi:10.1007/978-3-319-47846-3_17,doi:10.1007/978-3-642-22012-8_36,10.1007/978-3-319-47846-3_17,10.1007/978-3-642-22012-8_36,10.1007/978-3-319-47846-3_17,10.1007/978-3-642-22012-8_36,06502794757-061802808379,2016,included,raw/cs078-references-p0001-opencitations.json.gz
opencitations,CS078,S198,references,doi:10.1007/978-3-319-47846-3_17->doi:10.1145/1889997.1890001,doi:10.1007/978-3-319-47846-3_17,doi:10.1145/1889997.1890001,10.1007/978-3-319-47846-3_17,10.1145/1889997.1890001,10.1007/978-3-319-47846-3_17,10.1145/1889997.1890001,06502794757-06602632664,2016,included,raw/cs078-references-p0001-opencitations.json.gz
opencitations,CS078,S198,references,doi:10.1007/978-3-319-47846-3_17->doi:10.1016/j.tcs.2010.09.021,doi:10.1007/978-3-319-47846-3_17,doi:10.1016/j.tcs.2010.09.021,10.1007/978-3-319-47846-3_17,10.1016/j.tcs.2010.09.021,10.1007/978-3-319-47846-3_17,10.1016/j.tcs.2010.09.021,06502794757-0650807804,2016,included,raw/cs078-references-p0001-opencitations.json.gz
opencitations,CS078,S198,references,doi:10.1007/978-3-319-47846-3_17->doi:10.1016/j.entcs.2005.04.026,doi:10.1007/978-3-319-47846-3_17,doi:10.1016/j.entcs.2005.04.026,10.1007/978-3-319-47846-3_17,10.1016/j.entcs.2005.04.026,10.1007/978-3-319-47846-3_17,10.1016/j.entcs.2005.04.026,06502794757-06901456981,2016,included,raw/cs078-references-p0001-opencitations.json.gz
opencitations,CS078,S198,references,doi:10.1007/978-3-319-47846-3_17->doi:10.1007/978-3-540-48654-1_28,doi:10.1007/978-3-319-47846-3_17,doi:10.1007/978-3-540-48654-1_28,10.1007/978-3-319-47846-3_17,10.1007/978-3-540-48654-1_28,10.1007/978-3-319-47846-3_17,10.1007/978-3-540-48654-1_28,06502794757-061402702309,2016,included,raw/cs078-references-p0001-opencitations.json.gz
opencitations,CS078,S198,references,doi:10.1007/978-3-319-47846-3_17->doi:10.1145/78969.78972,doi:10.1007/978-3-319-47846-3_17,doi:10.1145/78969.78972,10.1007/978-3-319-47846-3_17,10.1145/78969.78972,10.1007/978-3-319-47846-3_17,10.1145/78969.78972,06502794757-06702614122,2016,included,raw/cs078-references-p0001-opencitations.json.gz
opencitations,CS078,S198,citations,doi:10.4230/lipics.concur.2022.31->doi:10.1007/978-3-319-47846-3_17,doi:10.4230/lipics.concur.2022.31,doi:10.1007/978-3-319-47846-3_17,10.4230/lipics.concur.2022.31,10.1007/978-3-319-47846-3_17,10.4230/lipics.concur.2022.31,10.1007/978-3-319-47846-3_17,061103850958-06502794757,2022,included,raw/cs078-citations-p0001-opencitations.json.gz
opencitations,CS078,S198,citations,doi:10.1007/978-3-030-54997-8_22->doi:10.1007/978-3-319-47846-3_17,doi:10.1007/978-3-030-54997-8_22,doi:10.1007/978-3-319-47846-3_17,10.1007/978-3-030-54997-8_22,10.1007/978-3-319-47846-3_17,10.1007/978-3-030-54997-8_22,10.1007/978-3-319-47846-3_17,061701951805-06502794757,2020,included,raw/cs078-citations-p0001-opencitations.json.gz
opencitations,CS078,S198,citations,doi:10.1007/978-3-319-73721-8_9->doi:10.1007/978-3-319-47846-3_17,doi:10.1007/978-3-319-73721-8_9,doi:10.1007/978-3-319-47846-3_17,10.1007/978-3-319-73721-8_9,10.1007/978-3-319-47846-3_17,10.1007/978-3-319-73721-8_9,10.1007/978-3-319-47846-3_17,06802501601-06502794757,2017-12-29,included,raw/cs078-citations-p0001-opencitations.json.gz
opencitations,CS078,S198,citations,doi:10.1145/3563352->doi:10.1007/978-3-319-47846-3_17,doi:10.1145/3563352,doi:10.1007/978-3-319-47846-3_17,10.1145/3563352,10.1007/978-3-319-47846-3_17,10.1145/3563352,10.1007/978-3-319-47846-3_17,061203551066-06502794757,2022-10-31,included,raw/cs078-citations-p0001-opencitations.json.gz
opencitations,CS078,S198,citations,doi:10.4204/eptcs.282.5->doi:10.1007/978-3-319-47846-3_17,doi:10.4204/eptcs.282.5,doi:10.1007/978-3-319-47846-3_17,10.4204/eptcs.282.5,10.1007/978-3-319-47846-3_17,10.4204/eptcs.282.5,10.1007/978-3-319-47846-3_17,06110302355-06502794757,2018-10-24,included,raw/cs078-citations-p0001-opencitations.json.gz
opencitations,CS079,S199,references,doi:10.1007/978-3-642-22012-8_36->doi:10.1007/978-3-642-14295-6_40,doi:10.1007/978-3-642-22012-8_36,doi:10.1007/978-3-642-14295-6_40,10.1007/978-3-642-22012-8_36,10.1007/978-3-642-14295-6_40,10.1007/978-3-642-22012-8_36,10.1007/978-3-642-14295-6_40,061802808379-061703036727,2011,included,raw/cs079-references-p0001-opencitations.json.gz
opencitations,CS079,S199,references,doi:10.1007/978-3-642-22012-8_36->doi:10.1016/j.tcs.2006.12.029,doi:10.1007/978-3-642-22012-8_36,doi:10.1016/j.tcs.2006.12.029,10.1007/978-3-642-22012-8_36,10.1016/j.tcs.2006.12.029,10.1007/978-3-642-22012-8_36,10.1016/j.tcs.2006.12.029,061802808379-0660805784,2011,included,raw/cs079-references-p0001-opencitations.json.gz
opencitations,CS079,S199,references,doi:10.1007/978-3-642-22012-8_36->doi:10.1007/978-3-540-73368-3_49,doi:10.1007/978-3-642-22012-8_36,doi:10.1007/978-3-540-73368-3_49,10.1007/978-3-642-22012-8_36,10.1007/978-3-540-73368-3_49,10.1007/978-3-642-22012-8_36,10.1007/978-3-540-73368-3_49,061802808379-061503105533,2011,included,raw/cs079-references-p0001-opencitations.json.gz
opencitations,CS079,S199,references,doi:10.1007/978-3-642-22012-8_36->doi:10.1007/3-540-45414-4_21,doi:10.1007/978-3-642-22012-8_36,doi:10.1007/3-540-45414-4_21,10.1007/978-3-642-22012-8_36,10.1007/3-540-45414-4_21,10.1007/978-3-642-22012-8_36,10.1007/3-540-45414-4_21,061802808379-06903141955,2011,included,raw/cs079-references-p0001-opencitations.json.gz
opencitations,CS079,S199,references,doi:10.1007/978-3-642-22012-8_36->doi:10.1016/0168-0072(91)90066-u,doi:10.1007/978-3-642-22012-8_36,doi:10.1016/0168-0072(91)90066-u,10.1007/978-3-642-22012-8_36,10.1016/0168-0072(91)90066-u,10.1007/978-3-642-22012-8_36,10.1016/0168-0072(91)90066-u,061802808379-0640791932,2011,included,raw/cs079-references-p0001-opencitations.json.gz
opencitations,CS079,S199,references,doi:10.1007/978-3-642-22012-8_36->doi:10.1145/1007912.1007944,doi:10.1007/978-3-642-22012-8_36,doi:10.1145/1007912.1007944,10.1007/978-3-642-22012-8_36,10.1145/1007912.1007944,10.1007/978-3-642-22012-8_36,10.1145/1007912.1007944,061802808379-062503363126,2011,included,raw/cs079-references-p0001-opencitations.json.gz
opencitations,CS079,S199,references,doi:10.1007/978-3-642-22012-8_36->doi:10.1016/0020-0190(85)90056-0,doi:10.1007/978-3-642-22012-8_36,doi:10.1016/0020-0190(85)90056-0,10.1007/978-3-642-22012-8_36,10.1016/0020-0190(85)90056-0,10.1007/978-3-642-22012-8_36,10.1016/0020-0190(85)90056-0,061802808379-06190937735,2011,included,raw/cs079-references-p0001-opencitations.json.gz
opencitations,CS079,S199,references,doi:10.1007/978-3-642-22012-8_36->doi:10.1007/978-3-642-22012-8_36,doi:10.1007/978-3-642-22012-8_36,doi:10.1007/978-3-642-22012-8_36,10.1007/978-3-642-22012-8_36,10.1007/978-3-642-22012-8_36,10.1007/978-3-642-22012-8_36,10.1007/978-3-642-22012-8_36,061802808379-061802808379,2011,included,raw/cs079-references-p0001-opencitations.json.gz
opencitations,CS079,S199,references,doi:10.1007/978-3-642-22012-8_36->doi:10.1145/1190216.1190257,doi:10.1007/978-3-642-22012-8_36,doi:10.1145/1190216.1190257,10.1007/978-3-642-22012-8_36,10.1145/1190216.1190257,10.1007/978-3-642-22012-8_36,10.1145/1190216.1190257,061802808379-061603273763,2011,included,raw/cs079-references-p0001-opencitations.json.gz
opencitations,CS079,S199,references,doi:10.1007/978-3-642-22012-8_36->doi:10.1007/978-3-642-00590-9_19,doi:10.1007/978-3-642-22012-8_36,doi:10.1007/978-3-642-00590-9_19,10.1007/978-3-642-22012-8_36,10.1007/978-3-642-00590-9_19,10.1007/978-3-642-22012-8_36,10.1007/978-3-642-00590-9_19,061802808379-062603098710,2011,included,raw/cs079-references-p0001-opencitations.json.gz
opencitations,CS079,S199,references,doi:10.1007/978-3-642-22012-8_36->doi:10.1145/1594834.1480886,doi:10.1007/978-3-642-22012-8_36,doi:10.1145/1594834.1480886,10.1007/978-3-642-22012-8_36,10.1145/1594834.1480886,10.1007/978-3-642-22012-8_36,10.1145/1594834.1480886,061802808379-0616094915,2011,included,raw/cs079-references-p0001-opencitations.json.gz
opencitations,CS079,S199,references,doi:10.1007/978-3-642-22012-8_36->doi:10.1145/1806596.1806634,doi:10.1007/978-3-642-22012-8_36,doi:10.1145/1806596.1806634,10.1007/978-3-642-22012-8_36,10.1145/1806596.1806634,10.1007/978-3-642-22012-8_36,10.1145/1806596.1806634,061802808379-061103187976,2011,included,raw/cs079-references-p0001-opencitations.json.gz
opencitations,CS079,S199,references,doi:10.1007/978-3-642-22012-8_36->doi:10.1145/78969.78972,doi:10.1007/978-3-642-22012-8_36,doi:10.1145/78969.78972,10.1007/978-3-642-22012-8_36,10.1145/78969.78972,10.1007/978-3-642-22012-8_36,10.1145/78969.78972,061802808379-06702614122,2011,included,raw/cs079-references-p0001-opencitations.json.gz
opencitations,CS079,S199,citations,doi:10.1007/978-3-642-40184-8_16->doi:10.1007/978-3-642-22012-8_36,doi:10.1007/978-3-642-40184-8_16,doi:10.1007/978-3-642-22012-8_36,10.1007/978-3-642-40184-8_16,10.1007/978-3-642-22012-8_36,10.1007/978-3-642-40184-8_16,10.1007/978-3-642-22012-8_36,062102665322-061802808379,2013,included,raw/cs079-citations-p0001-opencitations.json.gz
opencitations,CS079,S199,citations,doi:10.1016/j.scico.2013.10.002->doi:10.1007/978-3-642-22012-8_36,doi:10.1016/j.scico.2013.10.002,doi:10.1007/978-3-642-22012-8_36,10.1016/j.scico.2013.10.002,10.1007/978-3-642-22012-8_36,10.1016/j.scico.2013.10.002,10.1007/978-3-642-22012-8_36,06250452568-061802808379,2014-10,included,raw/cs079-citations-p0001-opencitations.json.gz
opencitations,CS079,S199,citations,doi:10.1007/978-3-642-40184-8_17->doi:10.1007/978-3-642-22012-8_36,doi:10.1007/978-3-642-40184-8_17,doi:10.1007/978-3-642-22012-8_36,10.1007/978-3-642-40184-8_17,10.1007/978-3-642-22012-8_36,10.1007/978-3-642-40184-8_17,10.1007/978-3-642-22012-8_36,062102665323-061802808379,2013,included,raw/cs079-citations-p0001-opencitations.json.gz
opencitations,CS079,S199,citations,doi:10.1145/2914770.2837635->doi:10.1007/978-3-642-22012-8_36,doi:10.1145/2914770.2837635,doi:10.1007/978-3-642-22012-8_36,10.1145/2914770.2837635,10.1007/978-3-642-22012-8_36,10.1145/2914770.2837635,10.1007/978-3-642-22012-8_36,0614090397-061802808379,2016-04-08,included,raw/cs079-citations-p0001-opencitations.json.gz
opencitations,CS079,S199,citations,doi:10.4204/eptcs.209.8->doi:10.1007/978-3-642-22012-8_36,doi:10.4204/eptcs.209.8,doi:10.1007/978-3-642-22012-8_36,10.4204/eptcs.209.8,10.1007/978-3-642-22012-8_36,10.4204/eptcs.209.8,10.1007/978-3-642-22012-8_36,06120293978-061802808379,2016-06-04,included,raw/cs079-citations-p0001-opencitations.json.gz
opencitations,CS079,S199,citations,doi:10.1145/3093333.3009870->doi:10.1007/978-3-642-22012-8_36,doi:10.1145/3093333.3009870,doi:10.1007/978-3-642-22012-8_36,10.1145/3093333.3009870,10.1007/978-3-642-22012-8_36,10.1145/3093333.3009870,10.1007/978-3-642-22012-8_36,0613091190-061802808379,2017-05-11,included,raw/cs079-citations-p0001-opencitations.json.gz
opencitations,CS079,S199,citations,doi:10.1007/978-3-319-47846-3_17->doi:10.1007/978-3-642-22012-8_36,doi:10.1007/978-3-319-47846-3_17,doi:10.1007/978-3-642-22012-8_36,10.1007/978-3-319-47846-3_17,10.1007/978-3-642-22012-8_36,10.1007/978-3-319-47846-3_17,10.1007/978-3-642-22012-8_36,06502794757-061802808379,2016,included,raw/cs079-citations-p0001-opencitations.json.gz
opencitations,CS079,S199,citations,doi:10.1007/978-3-030-99336-8_10->doi:10.1007/978-3-642-22012-8_36,doi:10.1007/978-3-030-99336-8_10,doi:10.1007/978-3-642-22012-8_36,10.1007/978-3-030-99336-8_10,10.1007/978-3-642-22012-8_36,10.1007/978-3-030-99336-8_10,10.1007/978-3-642-22012-8_36,062301471167-061802808379,2022,included,raw/cs079-citations-p0001-opencitations.json.gz
opencitations,CS079,S199,citations,doi:10.1007/s00165-017-0418-2->doi:10.1007/978-3-642-22012-8_36,doi:10.1007/s00165-017-0418-2,doi:10.1007/978-3-642-22012-8_36,10.1007/s00165-017-0418-2,10.1007/978-3-642-22012-8_36,10.1007/s00165-017-0418-2,10.1007/978-3-642-22012-8_36,062101753957-061802808379,2017-11,included,raw/cs079-citations-p0001-opencitations.json.gz
opencitations,CS079,S199,citations,doi:10.1145/3571246->doi:10.1007/978-3-642-22012-8_36,doi:10.1145/3571246,doi:10.1007/978-3-642-22012-8_36,10.1145/3571246,10.1007/978-3-642-22012-8_36,10.1145/3571246,10.1007/978-3-642-22012-8_36,062203928164-061802808379,2023-01-09,included,raw/cs079-citations-p0001-opencitations.json.gz
opencitations,CS079,S199,citations,doi:10.1145/3131360->doi:10.1007/978-3-642-22012-8_36,doi:10.1145/3131360,doi:10.1007/978-3-642-22012-8_36,10.1145/3131360,10.1007/978-3-642-22012-8_36,10.1145/3131360,10.1007/978-3-642-22012-8_36,06601731091-061802808379,2018-01-24,included,raw/cs079-citations-p0001-opencitations.json.gz
opencitations,CS079,S199,citations,doi:10.1007/978-3-319-73721-8_9->doi:10.1007/978-3-642-22012-8_36,doi:10.1007/978-3-319-73721-8_9,doi:10.1007/978-3-642-22012-8_36,10.1007/978-3-319-73721-8_9,10.1007/978-3-642-22012-8_36,10.1007/978-3-319-73721-8_9,10.1007/978-3-642-22012-8_36,06802501601-061802808379,2017-12-29,included,raw/cs079-citations-p0001-opencitations.json.gz
opencitations,CS079,S199,citations,doi:10.1007/978-3-642-22012-8_36->doi:10.1007/978-3-642-22012-8_36,doi:10.1007/978-3-642-22012-8_36,doi:10.1007/978-3-642-22012-8_36,10.1007/978-3-642-22012-8_36,10.1007/978-3-642-22012-8_36,10.1007/978-3-642-22012-8_36,10.1007/978-3-642-22012-8_36,061802808379-061802808379,2011,included,raw/cs079-citations-p0001-opencitations.json.gz
opencitations,CS079,S199,citations,doi:10.1145/3563352->doi:10.1007/978-3-642-22012-8_36,doi:10.1145/3563352,doi:10.1007/978-3-642-22012-8_36,10.1145/3563352,10.1007/978-3-642-22012-8_36,10.1145/3563352,10.1007/978-3-642-22012-8_36,061203551066-061802808379,2022-10-31,included,raw/cs079-citations-p0001-opencitations.json.gz
opencitations,CS079,S199,citations,doi:10.1145/2837614.2837635->doi:10.1007/978-3-642-22012-8_36,doi:10.1145/2837614.2837635,doi:10.1007/978-3-642-22012-8_36,10.1145/2837614.2837635,10.1007/978-3-642-22012-8_36,10.1145/2837614.2837635,10.1007/978-3-642-22012-8_36,06301934914-061802808379,2016-01-11,included,raw/cs079-citations-p0001-opencitations.json.gz
opencitations,CS079,S199,citations,doi:10.1007/978-3-642-33826-7_1->doi:10.1007/978-3-642-22012-8_36,doi:10.1007/978-3-642-33826-7_1,doi:10.1007/978-3-642-22012-8_36,10.1007/978-3-642-33826-7_1,10.1007/978-3-642-22012-8_36,10.1007/978-3-642-33826-7_1,10.1007/978-3-642-22012-8_36,061502763403-061802808379,2012,included,raw/cs079-citations-p0001-opencitations.json.gz
opencitations,CS079,S199,citations,doi:10.1007/s00165-014-0310-2->doi:10.1007/978-3-642-22012-8_36,doi:10.1007/s00165-014-0310-2,doi:10.1007/978-3-642-22012-8_36,10.1007/s00165-014-0310-2,10.1007/978-3-642-22012-8_36,10.1007/s00165-014-0310-2,10.1007/978-3-642-22012-8_36,062101754128-061802808379,2015-05,included,raw/cs079-citations-p0001-opencitations.json.gz
opencitations,CS079,S199,citations,doi:10.1145/3158136->doi:10.1007/978-3-642-22012-8_36,doi:10.1145/3158136,doi:10.1007/978-3-642-22012-8_36,10.1145/3158136,10.1007/978-3-642-22012-8_36,10.1145/3158136,10.1007/978-3-642-22012-8_36,06202297447-061802808379,2018-01,included,raw/cs079-citations-p0001-opencitations.json.gz
opencitations,CS079,S199,citations,doi:10.1007/978-3-642-32940-1_19->doi:10.1007/978-3-642-22012-8_36,doi:10.1007/978-3-642-32940-1_19,doi:10.1007/978-3-642-22012-8_36,10.1007/978-3-642-32940-1_19,10.1007/978-3-642-22012-8_36,10.1007/978-3-642-32940-1_19,10.1007/978-3-642-22012-8_36,061602767134-061802808379,2012,included,raw/cs079-citations-p0001-opencitations.json.gz
opencitations,CS079,S199,citations,doi:10.4204/eptcs.282.5->doi:10.1007/978-3-642-22012-8_36,doi:10.4204/eptcs.282.5,doi:10.1007/978-3-642-22012-8_36,10.4204/eptcs.282.5,10.1007/978-3-642-22012-8_36,10.4204/eptcs.282.5,10.1007/978-3-642-22012-8_36,06110302355-061802808379,2018-10-24,included,raw/cs079-citations-p0001-opencitations.json.gz
opencitations,CS079,S199,citations,doi:10.1109/dsn.2018.00037->doi:10.1007/978-3-642-22012-8_36,doi:10.1109/dsn.2018.00037,doi:10.1007/978-3-642-22012-8_36,10.1109/dsn.2018.00037,10.1007/978-3-642-22012-8_36,10.1109/dsn.2018.00037,10.1007/978-3-642-22012-8_36,062602357483-061802808379,2018-06,included,raw/cs079-citations-p0001-opencitations.json.gz
opencitations,CS079,S199,citations,doi:10.1145/3009837.3009870->doi:10.1007/978-3-642-22012-8_36,doi:10.1145/3009837.3009870,doi:10.1007/978-3-642-22012-8_36,10.1145/3009837.3009870,10.1007/978-3-642-22012-8_36,10.1145/3009837.3009870,10.1007/978-3-642-22012-8_36,061602483868-061802808379,2017-01,included,raw/cs079-citations-p0001-opencitations.json.gz
opencitations,CS079,S199,citations,doi:10.1007/978-3-319-48989-6_26->doi:10.1007/978-3-642-22012-8_36,doi:10.1007/978-3-319-48989-6_26,doi:10.1007/978-3-642-22012-8_36,10.1007/978-3-319-48989-6_26,10.1007/978-3-642-22012-8_36,10.1007/978-3-319-48989-6_26,10.1007/978-3-642-22012-8_36,06602804397-061802808379,2016,included,raw/cs079-citations-p0001-opencitations.json.gz
opencitations,CS079,S199,citations,doi:10.1007/978-3-662-43951-7_9->doi:10.1007/978-3-642-22012-8_36,doi:10.1007/978-3-662-43951-7_9,doi:10.1007/978-3-642-22012-8_36,10.1007/978-3-662-43951-7_9,10.1007/978-3-642-22012-8_36,10.1007/978-3-662-43951-7_9,10.1007/978-3-642-22012-8_36,06603066929-061802808379,2014,included,raw/cs079-citations-p0001-opencitations.json.gz
opencitations,CS079,S199,citations,doi:10.1007/978-3-642-28869-2_5->doi:10.1007/978-3-642-22012-8_36,doi:10.1007/978-3-642-28869-2_5,doi:10.1007/978-3-642-22012-8_36,10.1007/978-3-642-28869-2_5,10.1007/978-3-642-22012-8_36,10.1007/978-3-642-28869-2_5,10.1007/978-3-642-22012-8_36,06203136104-061802808379,2012,included,raw/cs079-citations-p0001-opencitations.json.gz
opencitations,CS079,S199,citations,doi:10.1007/978-3-642-32940-1_21->doi:10.1007/978-3-642-22012-8_36,doi:10.1007/978-3-642-32940-1_21,doi:10.1007/978-3-642-22012-8_36,10.1007/978-3-642-32940-1_21,10.1007/978-3-642-22012-8_36,10.1007/978-3-642-32940-1_21,10.1007/978-3-642-22012-8_36,061602767103-061802808379,2012,included,raw/cs079-citations-p0001-opencitations.json.gz
opencitations,CS079,S199,citations,doi:10.1145/3437801.3441619->doi:10.1007/978-3-642-22012-8_36,doi:10.1145/3437801.3441619,doi:10.1007/978-3-642-22012-8_36,10.1145/3437801.3441619,10.1007/978-3-642-22012-8_36,10.1145/3437801.3441619,10.1007/978-3-642-22012-8_36,061903247271-061802808379,2021-02-17,included,raw/cs079-citations-p0001-opencitations.json.gz
opencitations,CS079,S199,citations,doi:10.1145/3158108->doi:10.1007/978-3-642-22012-8_36,doi:10.1145/3158108,doi:10.1007/978-3-642-22012-8_36,10.1145/3158108,10.1007/978-3-642-22012-8_36,10.1145/3158108,10.1007/978-3-642-22012-8_36,06202297456-061802808379,2018-01,included,raw/cs079-citations-p0001-opencitations.json.gz
opencitations,CS079,S199,citations,doi:10.1145/2480359.2429099->doi:10.1007/978-3-642-22012-8_36,doi:10.1145/2480359.2429099,doi:10.1007/978-3-642-22012-8_36,10.1145/2480359.2429099,10.1007/978-3-642-22012-8_36,10.1145/2480359.2429099,10.1007/978-3-642-22012-8_36,0614090152-061802808379,2013-01-23,included,raw/cs079-citations-p0001-opencitations.json.gz
opencitations,CS079,S199,citations,doi:10.1145/3591253->doi:10.1007/978-3-642-22012-8_36,doi:10.1145/3591253,doi:10.1007/978-3-642-22012-8_36,10.1145/3591253,10.1007/978-3-642-22012-8_36,10.1145/3591253,10.1007/978-3-642-22012-8_36,062203928114-061802808379,2023-06-06,included,raw/cs079-citations-p0001-opencitations.json.gz
opencitations,CS079,S199,citations,doi:10.1007/978-3-662-45174-8_26->doi:10.1007/978-3-642-22012-8_36,doi:10.1007/978-3-662-45174-8_26,doi:10.1007/978-3-642-22012-8_36,10.1007/978-3-662-45174-8_26,10.1007/978-3-642-22012-8_36,10.1007/978-3-662-45174-8_26,10.1007/978-3-642-22012-8_36,061702632329-061802808379,2014,included,raw/cs079-citations-p0001-opencitations.json.gz
opencitations,CS080,S200,references,doi:10.1007/978-3-642-40184-8_17->doi:10.1145/114005.102808,doi:10.1007/978-3-642-40184-8_17,doi:10.1145/114005.102808,10.1007/978-3-642-40184-8_17,10.1145/114005.102808,10.1007/978-3-642-40184-8_17,10.1145/114005.102808,062102665323-06602633243,2013,included,raw/cs080-references-p0001-opencitations.json.gz
opencitations,CS080,S200,references,doi:10.1007/978-3-642-40184-8_17->doi:10.1007/978-3-642-25873-2_22,doi:10.1007/978-3-642-40184-8_17,doi:10.1007/978-3-642-25873-2_22,10.1007/978-3-642-40184-8_17,10.1007/978-3-642-25873-2_22,10.1007/978-3-642-40184-8_17,10.1007/978-3-642-25873-2_22,062102665323-061202809152,2013,included,raw/cs080-references-p0001-opencitations.json.gz
opencitations,CS080,S200,references,doi:10.1007/978-3-642-40184-8_17->doi:10.1145/1543135.1542493,doi:10.1007/978-3-642-40184-8_17,doi:10.1145/1543135.1542493,10.1007/978-3-642-40184-8_17,10.1145/1543135.1542493,10.1007/978-3-642-40184-8_17,10.1145/1543135.1542493,062102665323-0616094946,2013,included,raw/cs080-references-p0001-opencitations.json.gz
opencitations,CS080,S200,references,doi:10.1007/978-3-642-40184-8_17->doi:10.1007/11901433_16,doi:10.1007/978-3-642-40184-8_17,doi:10.1007/11901433_16,10.1007/978-3-642-40184-8_17,10.1007/11901433_16,10.1007/978-3-642-40184-8_17,10.1007/11901433_16,062102665323-06303555666,2013,included,raw/cs080-references-p0001-opencitations.json.gz
opencitations,CS080,S200,references,doi:10.1007/978-3-642-40184-8_17->doi:10.1145/2103621.2103711,doi:10.1007/978-3-642-40184-8_17,doi:10.1145/2103621.2103711,10.1007/978-3-642-40184-8_17,10.1145/2103621.2103711,10.1007/978-3-642-40184-8_17,10.1145/2103621.2103711,062102665323-0615094093,2013,included,raw/cs080-references-p0001-opencitations.json.gz
opencitations,CS080,S200,references,doi:10.1007/978-3-642-40184-8_17->doi:10.1007/978-3-642-22012-8_36,doi:10.1007/978-3-642-40184-8_17,doi:10.1007/978-3-642-22012-8_36,10.1007/978-3-642-40184-8_17,10.1007/978-3-642-22012-8_36,10.1007/978-3-642-40184-8_17,10.1007/978-3-642-22012-8_36,062102665323-061802808379,2013,included,raw/cs080-references-p0001-opencitations.json.gz
opencitations,CS080,S200,references,doi:10.1007/978-3-642-40184-8_17->doi:10.1016/j.tcs.2010.09.021,doi:10.1007/978-3-642-40184-8_17,doi:10.1016/j.tcs.2010.09.021,10.1007/978-3-642-40184-8_17,10.1016/j.tcs.2010.09.021,10.1007/978-3-642-40184-8_17,10.1016/j.tcs.2010.09.021,062102665323-0650807804,2013,included,raw/cs080-references-p0001-opencitations.json.gz
opencitations,CS080,S200,references,doi:10.1007/978-3-642-40184-8_17->doi:10.1007/978-3-642-32940-1_21,doi:10.1007/978-3-642-40184-8_17,doi:10.1007/978-3-642-32940-1_21,10.1007/978-3-642-40184-8_17,10.1007/978-3-642-32940-1_21,10.1007/978-3-642-40184-8_17,10.1007/978-3-642-32940-1_21,062102665323-061602767103,2013,included,raw/cs080-references-p0001-opencitations.json.gz
opencitations,CS080,S200,references,doi:10.1007/978-3-642-40184-8_17->doi:10.1145/97444.97701,doi:10.1007/978-3-642-40184-8_17,doi:10.1145/97444.97701,10.1007/978-3-642-40184-8_17,10.1145/97444.97701,10.1007/978-3-642-40184-8_17,10.1145/97444.97701,062102665323-061803387569,2013,included,raw/cs080-references-p0001-opencitations.json.gz
opencitations,CS080,S200,references,doi:10.1007/978-3-642-40184-8_17->doi:10.1145/78969.78972,doi:10.1007/978-3-642-40184-8_17,doi:10.1145/78969.78972,10.1007/978-3-642-40184-8_17,10.1145/78969.78972,10.1007/978-3-642-40184-8_17,10.1145/78969.78972,062102665323-06702614122,2013,included,raw/cs080-references-p0001-opencitations.json.gz
opencitations,CS080,S200,citations,doi:10.1145/3485474->doi:10.1007/978-3-642-40184-8_17,doi:10.1145/3485474,doi:10.1007/978-3-642-40184-8_17,10.1145/3485474,10.1007/978-3-642-40184-8_17,10.1145/3485474,10.1007/978-3-642-40184-8_17,06202296780-062102665323,2021-10-20,included,raw/cs080-citations-p0001-opencitations.json.gz
opencitations,CS080,S200,citations,doi:10.1007/978-981-96-0602-3_13->doi:10.1007/978-3-642-40184-8_17,doi:10.1007/978-981-96-0602-3_13,doi:10.1007/978-3-642-40184-8_17,10.1007/978-981-96-0602-3_13,10.1007/978-3-642-40184-8_17,10.1007/978-981-96-0602-3_13,10.1007/978-3-642-40184-8_17,06504723313-062102665323,2024-11-25,included,raw/cs080-citations-p0001-opencitations.json.gz
opencitations,CS080,S200,citations,doi:10.1145/2914770.2837635->doi:10.1007/978-3-642-40184-8_17,doi:10.1145/2914770.2837635,doi:10.1007/978-3-642-40184-8_17,10.1145/2914770.2837635,10.1007/978-3-642-40184-8_17,10.1145/2914770.2837635,10.1007/978-3-642-40184-8_17,0614090397-062102665323,2016-04-08,included,raw/cs080-citations-p0001-opencitations.json.gz
opencitations,CS080,S200,citations,doi:10.1145/3093333.3009870->doi:10.1007/978-3-642-40184-8_17,doi:10.1145/3093333.3009870,doi:10.1007/978-3-642-40184-8_17,10.1145/3093333.3009870,10.1007/978-3-642-40184-8_17,10.1145/3093333.3009870,10.1007/978-3-642-40184-8_17,0613091190-062102665323,2017-05-11,included,raw/cs080-citations-p0001-opencitations.json.gz
opencitations,CS080,S200,citations,doi:10.1007/978-3-319-47846-3_17->doi:10.1007/978-3-642-40184-8_17,doi:10.1007/978-3-319-47846-3_17,doi:10.1007/978-3-642-40184-8_17,10.1007/978-3-319-47846-3_17,10.1007/978-3-642-40184-8_17,10.1007/978-3-319-47846-3_17,10.1007/978-3-642-40184-8_17,06502794757-062102665323,2016,included,raw/cs080-citations-p0001-opencitations.json.gz
opencitations,CS080,S200,citations,doi:10.1007/978-3-319-73721-8_9->doi:10.1007/978-3-642-40184-8_17,doi:10.1007/978-3-319-73721-8_9,doi:10.1007/978-3-642-40184-8_17,10.1007/978-3-319-73721-8_9,10.1007/978-3-642-40184-8_17,10.1007/978-3-319-73721-8_9,10.1007/978-3-642-40184-8_17,06802501601-062102665323,2017-12-29,included,raw/cs080-citations-p0001-opencitations.json.gz
opencitations,CS080,S200,citations,doi:10.1145/2796550->doi:10.1007/978-3-642-40184-8_17,doi:10.1145/2796550,doi:10.1007/978-3-642-40184-8_17,10.1145/2796550,10.1007/978-3-642-40184-8_17,10.1145/2796550,10.1007/978-3-642-40184-8_17,062601631897-062102665323,2015-11-21,included,raw/cs080-citations-p0001-opencitations.json.gz
opencitations,CS080,S200,citations,doi:10.1145/2837614.2837635->doi:10.1007/978-3-642-40184-8_17,doi:10.1145/2837614.2837635,doi:10.1007/978-3-642-40184-8_17,10.1145/2837614.2837635,10.1007/978-3-642-40184-8_17,10.1145/2837614.2837635,10.1007/978-3-642-40184-8_17,06301934914-062102665323,2016-01-11,included,raw/cs080-citations-p0001-opencitations.json.gz
opencitations,CS080,S200,citations,doi:10.1145/3477082->doi:10.1007/978-3-642-40184-8_17,doi:10.1145/3477082,doi:10.1007/978-3-642-40184-8_17,10.1145/3477082,10.1007/978-3-642-40184-8_17,10.1145/3477082,10.1007/978-3-642-40184-8_17,06602632488-062102665323,2021-12-31,included,raw/cs080-citations-p0001-opencitations.json.gz
opencitations,CS080,S200,citations,doi:10.1109/dsn.2018.00037->doi:10.1007/978-3-642-40184-8_17,doi:10.1109/dsn.2018.00037,doi:10.1007/978-3-642-40184-8_17,10.1109/dsn.2018.00037,10.1007/978-3-642-40184-8_17,10.1109/dsn.2018.00037,10.1007/978-3-642-40184-8_17,062602357483-062102665323,2018-06,included,raw/cs080-citations-p0001-opencitations.json.gz
opencitations,CS080,S200,citations,doi:10.1007/s11704-023-2774-9->doi:10.1007/978-3-642-40184-8_17,doi:10.1007/s11704-023-2774-9,doi:10.1007/978-3-642-40184-8_17,10.1007/s11704-023-2774-9,10.1007/978-3-642-40184-8_17,10.1007/s11704-023-2774-9,10.1007/978-3-642-40184-8_17,06015656398-062102665323,2023-12-28,included,raw/cs080-citations-p0001-opencitations.json.gz
opencitations,CS080,S200,citations,doi:10.1145/3009837.3009870->doi:10.1007/978-3-642-40184-8_17,doi:10.1145/3009837.3009870,doi:10.1007/978-3-642-40184-8_17,10.1145/3009837.3009870,10.1007/978-3-642-40184-8_17,10.1145/3009837.3009870,10.1007/978-3-642-40184-8_17,061602483868-062102665323,2017-01,included,raw/cs080-citations-p0001-opencitations.json.gz
opencitations,CS080,S200,citations,doi:10.1145/3766061->doi:10.1007/978-3-642-40184-8_17,doi:10.1145/3766061,doi:10.1007/978-3-642-40184-8_17,10.1145/3766061,10.1007/978-3-642-40184-8_17,10.1145/3766061,10.1007/978-3-642-40184-8_17,06013173929-062102665323,2026-02-13,included,raw/cs080-citations-p0001-opencitations.json.gz
opencitations,CS080,S200,citations,doi:10.1007/978-3-031-21213-0_10->doi:10.1007/978-3-642-40184-8_17,doi:10.1007/978-3-031-21213-0_10,doi:10.1007/978-3-642-40184-8_17,10.1007/978-3-031-21213-0_10,10.1007/978-3-642-40184-8_17,10.1007/978-3-031-21213-0_10,10.1007/978-3-642-40184-8_17,0643085536-062102665323,2022,included,raw/cs080-citations-p0001-opencitations.json.gz
opencitations,CS080,S200,citations,doi:10.1145/3296979.3192381->doi:10.1007/978-3-642-40184-8_17,doi:10.1145/3296979.3192381,doi:10.1007/978-3-642-40184-8_17,10.1145/3296979.3192381,10.1007/978-3-642-40184-8_17,10.1145/3296979.3192381,10.1007/978-3-642-40184-8_17,0613090941-062102665323,2018-12-02,included,raw/cs080-citations-p0001-opencitations.json.gz
opencitations,CS080,S200,citations,doi:10.1145/3158108->doi:10.1007/978-3-642-40184-8_17,doi:10.1145/3158108,doi:10.1007/978-3-642-40184-8_17,10.1145/3158108,10.1007/978-3-642-40184-8_17,10.1145/3158108,10.1007/978-3-642-40184-8_17,06202297456-062102665323,2018-01,included,raw/cs080-citations-p0001-opencitations.json.gz
opencitations,CS080,S200,citations,doi:10.1007/978-3-319-71237-6_14->doi:10.1007/978-3-642-40184-8_17,doi:10.1007/978-3-319-71237-6_14,doi:10.1007/978-3-642-40184-8_17,10.1007/978-3-319-71237-6_14,10.1007/978-3-642-40184-8_17,10.1007/978-3-319-71237-6_14,10.1007/978-3-642-40184-8_17,061402200224-062102665323,2017,included,raw/cs080-citations-p0001-opencitations.json.gz
opencitations,CS080,S200,citations,doi:10.1145/3192366.3192381->doi:10.1007/978-3-642-40184-8_17,doi:10.1145/3192366.3192381,doi:10.1007/978-3-642-40184-8_17,10.1145/3192366.3192381,10.1007/978-3-642-40184-8_17,10.1145/3192366.3192381,10.1007/978-3-642-40184-8_17,061102349547-062102665323,2018-06-11,included,raw/cs080-citations-p0001-opencitations.json.gz
opencitations,CS080,S200,citations,doi:10.1145/3591253->doi:10.1007/978-3-642-40184-8_17,doi:10.1145/3591253,doi:10.1007/978-3-642-40184-8_17,10.1145/3591253,10.1007/978-3-642-40184-8_17,10.1145/3591253,10.1007/978-3-642-40184-8_17,062203928114-062102665323,2023-06-06,included,raw/cs080-citations-p0001-opencitations.json.gz
opencitations,CS080,S200,citations,doi:10.1145/2603088.2603123->doi:10.1007/978-3-642-40184-8_17,doi:10.1145/2603088.2603123,doi:10.1007/978-3-642-40184-8_17,10.1145/2603088.2603123,10.1007/978-3-642-40184-8_17,10.1145/2603088.2603123,10.1007/978-3-642-40184-8_17,062402555344-062102665323,2014-07-14,included,raw/cs080-citations-p0001-opencitations.json.gz
opencitations,CS082,S202,references,doi:10.1007/978-3-642-05089-3_21->doi:10.1007/978-3-540-93900-9_27,doi:10.1007/978-3-642-05089-3_21,doi:10.1007/978-3-540-93900-9_27,10.1007/978-3-642-05089-3_21,10.1007/978-3-540-93900-9_27,10.1007/978-3-642-05089-3_21,10.1007/978-3-540-93900-9_27,062103015875-061403070942,2009,included,raw/cs082-references-p0001-opencitations.json.gz
opencitations,CS082,S202,references,doi:10.1007/978-3-642-05089-3_21->doi:10.1007/978-3-540-87779-0_1,doi:10.1007/978-3-642-05089-3_21,doi:10.1007/978-3-540-87779-0_1,10.1007/978-3-642-05089-3_21,10.1007/978-3-540-87779-0_1,10.1007/978-3-642-05089-3_21,10.1007/978-3-540-87779-0_1,062103015875-061803017554,2009,included,raw/cs082-references-p0001-opencitations.json.gz
opencitations,CS082,S202,references,doi:10.1007/978-3-642-05089-3_21->doi:10.1007/978-3-540-70545-1_37,doi:10.1007/978-3-642-05089-3_21,doi:10.1007/978-3-540-70545-1_37,10.1007/978-3-642-05089-3_21,10.1007/978-3-540-70545-1_37,10.1007/978-3-642-05089-3_21,10.1007/978-3-540-70545-1_37,062103015875-06803506974,2009,included,raw/cs082-references-p0001-opencitations.json.gz
opencitations,CS082,S202,references,doi:10.1007/978-3-642-05089-3_21->doi:10.1007/978-3-540-73368-3_49,doi:10.1007/978-3-642-05089-3_21,doi:10.1007/978-3-540-73368-3_49,10.1007/978-3-642-05089-3_21,10.1007/978-3-540-73368-3_49,10.1007/978-3-642-05089-3_21,10.1007/978-3-540-73368-3_49,062103015875-061503105533,2009,included,raw/cs082-references-p0001-opencitations.json.gz
opencitations,CS082,S202,references,doi:10.1007/978-3-642-05089-3_21->doi:10.1002/0471478210,doi:10.1007/978-3-642-05089-3_21,doi:10.1002/0471478210,10.1007/978-3-642-05089-3_21,10.1002/0471478210,10.1007/978-3-642-05089-3_21,10.1002/0471478210,062103015875-06403756107,2009,included,raw/cs082-references-p0001-opencitations.json.gz
opencitations,CS082,S202,references,doi:10.1007/978-3-642-05089-3_21->doi:10.1090/dimacs/029/12,doi:10.1007/978-3-642-05089-3_21,doi:10.1090/dimacs/029/12,10.1007/978-3-642-05089-3_21,10.1090/dimacs/029/12,10.1007/978-3-642-05089-3_21,10.1090/dimacs/029/12,062103015875-06802874515,2009,included,raw/cs082-references-p0001-opencitations.json.gz
opencitations,CS082,S202,references,doi:10.1007/978-3-642-05089-3_21->doi:10.1145/1122971.1122992,doi:10.1007/978-3-642-05089-3_21,doi:10.1145/1122971.1122992,10.1007/978-3-642-05089-3_21,10.1145/1122971.1122992,10.1007/978-3-642-05089-3_21,10.1145/1122971.1122992,062103015875-061403326036,2009,included,raw/cs082-references-p0001-opencitations.json.gz
opencitations,CS082,S202,references,doi:10.1007/978-3-642-05089-3_21->doi:10.1007/978-3-642-05089-3_21,doi:10.1007/978-3-642-05089-3_21,doi:10.1007/978-3-642-05089-3_21,10.1007/978-3-642-05089-3_21,10.1007/978-3-642-05089-3_21,10.1007/978-3-642-05089-3_21,10.1007/978-3-642-05089-3_21,062103015875-062103015875,2009,included,raw/cs082-references-p0001-opencitations.json.gz
opencitations,CS082,S202,references,doi:10.1007/978-3-642-05089-3_21->doi:10.1145/1065944.1065953,doi:10.1007/978-3-642-05089-3_21,doi:10.1145/1065944.1065953,10.1007/978-3-642-05089-3_21,10.1145/1065944.1065953,10.1007/978-3-642-05089-3_21,10.1145/1065944.1065953,062103015875-061303344850,2009,included,raw/cs082-references-p0001-opencitations.json.gz
opencitations,CS082,S202,references,doi:10.1007/978-3-642-05089-3_21->doi:10.1145/1375581.1375598,doi:10.1007/978-3-642-05089-3_21,doi:10.1145/1375581.1375598,10.1007/978-3-642-05089-3_21,10.1145/1375581.1375598,10.1007/978-3-642-05089-3_21,10.1145/1375581.1375598,062103015875-06102026277,2009,included,raw/cs082-references-p0001-opencitations.json.gz
opencitations,CS082,S202,references,doi:10.1007/978-3-642-05089-3_21->doi:10.1007/3-540-48153-2_12,doi:10.1007/978-3-642-05089-3_21,doi:10.1007/3-540-48153-2_12,10.1007/978-3-642-05089-3_21,10.1007/3-540-48153-2_12,10.1007/978-3-642-05089-3_21,10.1007/3-540-48153-2_12,062103015875-062303020153,2009,included,raw/cs082-references-p0001-opencitations.json.gz
opencitations,CS082,S202,references,doi:10.1007/978-3-642-05089-3_21->doi:10.1006/jpdc.1998.1446,doi:10.1007/978-3-642-05089-3_21,doi:10.1006/jpdc.1998.1446,10.1007/978-3-642-05089-3_21,10.1006/jpdc.1998.1446,10.1007/978-3-642-05089-3_21,10.1006/jpdc.1998.1446,062103015875-062303039323,2009,included,raw/cs082-references-p0001-opencitations.json.gz
opencitations,CS082,S202,references,doi:10.1007/978-3-642-05089-3_21->doi:10.1007/978-3-540-69166-2_24,doi:10.1007/978-3-642-05089-3_21,doi:10.1007/978-3-540-69166-2_24,10.1007/978-3-642-05089-3_21,10.1007/978-3-540-69166-2_24,10.1007/978-3-642-05089-3_21,10.1007/978-3-540-69166-2_24,062103015875-06303552169,2009,included,raw/cs082-references-p0001-opencitations.json.gz
opencitations,CS082,S202,references,doi:10.1007/978-3-642-05089-3_21->doi:10.1016/j.entcs.2005.04.026,doi:10.1007/978-3-642-05089-3_21,doi:10.1016/j.entcs.2005.04.026,10.1007/978-3-642-05089-3_21,10.1016/j.entcs.2005.04.026,10.1007/978-3-642-05089-3_21,10.1016/j.entcs.2005.04.026,062103015875-06901456981,2009,included,raw/cs082-references-p0001-opencitations.json.gz
opencitations,CS082,S202,references,doi:10.1007/978-3-642-05089-3_21->doi:10.1007/3-540-55179-4_25,doi:10.1007/978-3-642-05089-3_21,doi:10.1007/3-540-55179-4_25,10.1007/978-3-642-05089-3_21,10.1007/3-540-55179-4_25,10.1007/978-3-642-05089-3_21,10.1007/3-540-55179-4_25,062103015875-062502830364,2009,included,raw/cs082-references-p0001-opencitations.json.gz
opencitations,CS082,S202,references,doi:10.1007/978-3-642-05089-3_21->doi:10.1007/978-3-540-73210-5_11,doi:10.1007/978-3-642-05089-3_21,doi:10.1007/978-3-540-73210-5_11,10.1007/978-3-642-05089-3_21,10.1007/978-3-540-73210-5_11,10.1007/978-3-642-05089-3_21,10.1007/978-3-540-73210-5_11,062103015875-06103547527,2009,included,raw/cs082-references-p0001-opencitations.json.gz
opencitations,CS082,S202,references,doi:10.1007/978-3-642-05089-3_21->doi:10.1007/978-3-540-30232-2_7,doi:10.1007/978-3-642-05089-3_21,doi:10.1007/978-3-540-30232-2_7,10.1007/978-3-642-05089-3_21,10.1007/978-3-540-30232-2_7,10.1007/978-3-642-05089-3_21,10.1007/978-3-540-30232-2_7,062103015875-06303043890,2009,included,raw/cs082-references-p0001-opencitations.json.gz
opencitations,CS082,S202,references,doi:10.1007/978-3-642-05089-3_21->doi:10.1016/s1571-0661(05)80296-8,doi:10.1007/978-3-642-05089-3_21,doi:10.1016/s1571-0661(05)80296-8,10.1007/978-3-642-05089-3_21,10.1016/s1571-0661(05)80296-8,10.1007/978-3-642-05089-3_21,10.1016/s1571-0661(05)80296-8,062103015875-06901457129,2009,included,raw/cs082-references-p0001-opencitations.json.gz
opencitations,CS082,S202,references,doi:10.1007/978-3-642-05089-3_21->doi:10.1145/78969.78972,doi:10.1007/978-3-642-05089-3_21,doi:10.1145/78969.78972,10.1007/978-3-642-05089-3_21,10.1145/78969.78972,10.1007/978-3-642-05089-3_21,10.1145/78969.78972,062103015875-06702614122,2009,included,raw/cs082-references-p0001-opencitations.json.gz
opencitations,CS082,S202,citations,doi:10.1007/978-3-642-14295-6_40->doi:10.1007/978-3-642-05089-3_21,doi:10.1007/978-3-642-14295-6_40,doi:10.1007/978-3-642-05089-3_21,10.1007/978-3-642-14295-6_40,10.1007/978-3-642-05089-3_21,10.1007/978-3-642-14295-6_40,10.1007/978-3-642-05089-3_21,061703036727-062103015875,2010,included,raw/cs082-citations-p0001-opencitations.json.gz
opencitations,CS082,S202,citations,doi:10.1007/s10009-015-0373-2->doi:10.1007/978-3-642-05089-3_21,doi:10.1007/s10009-015-0373-2,doi:10.1007/978-3-642-05089-3_21,10.1007/s10009-015-0373-2,10.1007/978-3-642-05089-3_21,10.1007/s10009-015-0373-2,10.1007/978-3-642-05089-3_21,062203120357-062103015875,2015-03-18,included,raw/cs082-citations-p0001-opencitations.json.gz
opencitations,CS082,S202,citations,doi:10.1109/tse.2012.82->doi:10.1007/978-3-642-05089-3_21,doi:10.1109/tse.2012.82,doi:10.1007/978-3-642-05089-3_21,10.1109/tse.2012.82,10.1007/978-3-642-05089-3_21,10.1109/tse.2012.82,10.1007/978-3-642-05089-3_21,062201957194-062103015875,2013-07,included,raw/cs082-citations-p0001-opencitations.json.gz
opencitations,CS082,S202,citations,doi:10.1145/2813885.2737983->doi:10.1007/978-3-642-05089-3_21,doi:10.1145/2813885.2737983,doi:10.1007/978-3-642-05089-3_21,10.1145/2813885.2737983,10.1007/978-3-642-05089-3_21,10.1145/2813885.2737983,10.1007/978-3-642-05089-3_21,0614090636-062103015875,2015-08-07,included,raw/cs082-citations-p0001-opencitations.json.gz
opencitations,CS082,S202,citations,doi:10.1109/tse.2015.2467371->doi:10.1007/978-3-642-05089-3_21,doi:10.1109/tse.2015.2467371,doi:10.1007/978-3-642-05089-3_21,10.1109/tse.2015.2467371,10.1007/978-3-642-05089-3_21,10.1109/tse.2015.2467371,10.1007/978-3-642-05089-3_21,062201957035-062103015875,2015-12-01,included,raw/cs082-citations-p0001-opencitations.json.gz
opencitations,CS082,S202,citations,doi:10.1007/978-3-030-85315-0_4->doi:10.1007/978-3-642-05089-3_21,doi:10.1007/978-3-030-85315-0_4,doi:10.1007/978-3-642-05089-3_21,10.1007/978-3-030-85315-0_4,10.1007/978-3-642-05089-3_21,10.1007/978-3-030-85315-0_4,10.1007/978-3-642-05089-3_21,061701680949-062103015875,2021,included,raw/cs082-citations-p0001-opencitations.json.gz
opencitations,CS082,S202,citations,doi:10.1007/978-3-319-98938-9_7->doi:10.1007/978-3-642-05089-3_21,doi:10.1007/978-3-319-98938-9_7,doi:10.1007/978-3-642-05089-3_21,10.1007/978-3-319-98938-9_7,10.1007/978-3-642-05089-3_21,10.1007/978-3-319-98938-9_7,10.1007/978-3-642-05089-3_21,06202526770-062103015875,2018,included,raw/cs082-citations-p0001-opencitations.json.gz
opencitations,CS082,S202,citations,doi:10.1145/2737924.2737983->doi:10.1007/978-3-642-05089-3_21,doi:10.1145/2737924.2737983,doi:10.1007/978-3-642-05089-3_21,10.1145/2737924.2737983,10.1007/978-3-642-05089-3_21,10.1145/2737924.2737983,10.1007/978-3-642-05089-3_21,062502531891-062103015875,2015-06-03,included,raw/cs082-citations-p0001-opencitations.json.gz
opencitations,CS082,S202,citations,doi:10.1007/978-3-642-05089-3_21->doi:10.1007/978-3-642-05089-3_21,doi:10.1007/978-3-642-05089-3_21,doi:10.1007/978-3-642-05089-3_21,10.1007/978-3-642-05089-3_21,10.1007/978-3-642-05089-3_21,10.1007/978-3-642-05089-3_21,10.1007/978-3-642-05089-3_21,062103015875-062103015875,2009,included,raw/cs082-citations-p0001-opencitations.json.gz
opencitations,CS082,S202,citations,doi:10.1007/s10009-017-0460-7->doi:10.1007/978-3-642-05089-3_21,doi:10.1007/s10009-017-0460-7,doi:10.1007/978-3-642-05089-3_21,10.1007/s10009-017-0460-7,10.1007/978-3-642-05089-3_21,10.1007/s10009-017-0460-7,10.1007/978-3-642-05089-3_21,062203120271-062103015875,2017-06-09,included,raw/cs082-citations-p0001-opencitations.json.gz
opencitations,CS082,S202,citations,doi:10.1145/2491956.2462189->doi:10.1007/978-3-642-05089-3_21,doi:10.1145/2491956.2462189,doi:10.1007/978-3-642-05089-3_21,10.1145/2491956.2462189,10.1007/978-3-642-05089-3_21,10.1145/2491956.2462189,10.1007/978-3-642-05089-3_21,062402933996-062103015875,2013,included,raw/cs082-citations-p0001-opencitations.json.gz
opencitations,CS082,S202,citations,doi:10.1109/icse.2013.6606751->doi:10.1007/978-3-642-05089-3_21,doi:10.1109/icse.2013.6606751,doi:10.1007/978-3-642-05089-3_21,10.1109/icse.2013.6606751,10.1007/978-3-642-05089-3_21,10.1109/icse.2013.6606751,10.1007/978-3-642-05089-3_21,062402920681-062103015875,2013-05,included,raw/cs082-citations-p0001-opencitations.json.gz
opencitations,CS082,S202,citations,doi:10.1007/978-3-319-96145-3_26->doi:10.1007/978-3-642-05089-3_21,doi:10.1007/978-3-319-96145-3_26,doi:10.1007/978-3-642-05089-3_21,10.1007/978-3-319-96145-3_26,10.1007/978-3-642-05089-3_21,10.1007/978-3-319-96145-3_26,10.1007/978-3-642-05089-3_21,061102209769-062103015875,2018,included,raw/cs082-citations-p0001-opencitations.json.gz
opencitations,CS082,S202,citations,doi:10.1145/1993806.1993817->doi:10.1007/978-3-642-05089-3_21,doi:10.1145/1993806.1993817,doi:10.1007/978-3-642-05089-3_21,10.1145/1993806.1993817,10.1007/978-3-642-05089-3_21,10.1145/1993806.1993817,10.1007/978-3-642-05089-3_21,062403133624-062103015875,2011,included,raw/cs082-citations-p0001-opencitations.json.gz
opencitations,CS082,S202,citations,doi:10.1145/3720504->doi:10.1007/978-3-642-05089-3_21,doi:10.1145/3720504,doi:10.1007/978-3-642-05089-3_21,10.1145/3720504,10.1007/978-3-642-05089-3_21,10.1145/3720504,10.1007/978-3-642-05089-3_21,06012326873-062103015875,2025-04-09,included,raw/cs082-citations-p0001-opencitations.json.gz
opencitations,CS082,S202,citations,doi:10.1145/1889997.1890001->doi:10.1007/978-3-642-05089-3_21,doi:10.1145/1889997.1890001,doi:10.1007/978-3-642-05089-3_21,10.1145/1889997.1890001,10.1007/978-3-642-05089-3_21,10.1145/1889997.1890001,10.1007/978-3-642-05089-3_21,06602632664-062103015875,2011-01,included,raw/cs082-citations-p0001-opencitations.json.gz
opencitations,CS082,S202,citations,doi:10.1007/978-3-642-39176-7_20->doi:10.1007/978-3-642-05089-3_21,doi:10.1007/978-3-642-39176-7_20,doi:10.1007/978-3-642-05089-3_21,10.1007/978-3-642-39176-7_20,10.1007/978-3-642-05089-3_21,10.1007/978-3-642-39176-7_20,10.1007/978-3-642-05089-3_21,06503112725-062103015875,2013,included,raw/cs082-citations-p0001-opencitations.json.gz
opencitations,CS082,S202,citations,doi:10.1145/2796550->doi:10.1007/978-3-642-05089-3_21,doi:10.1145/2796550,doi:10.1007/978-3-642-05089-3_21,10.1145/2796550,10.1007/978-3-642-05089-3_21,10.1145/2796550,10.1007/978-3-642-05089-3_21,062601631897-062103015875,2015-11-21,included,raw/cs082-citations-p0001-opencitations.json.gz
opencitations,CS082,S202,citations,doi:10.1109/ase.2013.6693061->doi:10.1007/978-3-642-05089-3_21,doi:10.1109/ase.2013.6693061,doi:10.1007/978-3-642-05089-3_21,10.1109/ase.2013.6693061,10.1007/978-3-642-05089-3_21,10.1109/ase.2013.6693061,10.1007/978-3-642-05089-3_21,062102894499-062103015875,2013-11,included,raw/cs082-citations-p0001-opencitations.json.gz
opencitations,CS082,S202,citations,doi:10.1145/3158113->doi:10.1007/978-3-642-05089-3_21,doi:10.1145/3158113,doi:10.1007/978-3-642-05089-3_21,10.1145/3158113,10.1007/978-3-642-05089-3_21,10.1145/3158113,10.1007/978-3-642-05089-3_21,06202297463-062103015875,2018-01,included,raw/cs082-citations-p0001-opencitations.json.gz
opencitations,CS082,S202,citations,doi:10.1007/978-3-642-37036-6_17->doi:10.1007/978-3-642-05089-3_21,doi:10.1007/978-3-642-37036-6_17,doi:10.1007/978-3-642-05089-3_21,10.1007/978-3-642-37036-6_17,10.1007/978-3-642-05089-3_21,10.1007/978-3-642-37036-6_17,10.1007/978-3-642-05089-3_21,06503137938-062103015875,2013,included,raw/cs082-citations-p0001-opencitations.json.gz
opencitations,CS082,S202,citations,doi:10.1007/978-3-642-14295-6_41->doi:10.1007/978-3-642-05089-3_21,doi:10.1007/978-3-642-14295-6_41,doi:10.1007/978-3-642-05089-3_21,10.1007/978-3-642-14295-6_41,10.1007/978-3-642-05089-3_21,10.1007/978-3-642-14295-6_41,10.1007/978-3-642-05089-3_21,061703036724-062103015875,2010,included,raw/cs082-citations-p0001-opencitations.json.gz
opencitations,CS082,S202,citations,doi:10.1007/s10009-015-0369-y->doi:10.1007/978-3-642-05089-3_21,doi:10.1007/s10009-015-0369-y,doi:10.1007/978-3-642-05089-3_21,10.1007/s10009-015-0369-y,10.1007/978-3-642-05089-3_21,10.1007/s10009-015-0369-y,10.1007/978-3-642-05089-3_21,062203120361-062103015875,2015-02-15,included,raw/cs082-citations-p0001-opencitations.json.gz
opencitations,CS082,S202,citations,doi:10.1007/978-3-642-40184-8_18->doi:10.1007/978-3-642-05089-3_21,doi:10.1007/978-3-642-40184-8_18,doi:10.1007/978-3-642-05089-3_21,10.1007/978-3-642-40184-8_18,10.1007/978-3-642-05089-3_21,10.1007/978-3-642-40184-8_18,10.1007/978-3-642-05089-3_21,062102665341-062103015875,2013,included,raw/cs082-citations-p0001-opencitations.json.gz
opencitations,CS082,S202,citations,doi:10.1145/1835698.1835722->doi:10.1007/978-3-642-05089-3_21,doi:10.1145/1835698.1835722,doi:10.1007/978-3-642-05089-3_21,10.1145/1835698.1835722,10.1007/978-3-642-05089-3_21,10.1145/1835698.1835722,10.1007/978-3-642-05089-3_21,061703185906-062103015875,2010,included,raw/cs082-citations-p0001-opencitations.json.gz
opencitations,CS082,S202,citations,doi:10.1007/978-3-642-39176-7_3->doi:10.1007/978-3-642-05089-3_21,doi:10.1007/978-3-642-39176-7_3,doi:10.1007/978-3-642-05089-3_21,10.1007/978-3-642-39176-7_3,10.1007/978-3-642-05089-3_21,10.1007/978-3-642-39176-7_3,10.1007/978-3-642-05089-3_21,06503112724-062103015875,2013,included,raw/cs082-citations-p0001-opencitations.json.gz
opencitations,CS082,S202,citations,doi:10.1145/1985793.1986037->doi:10.1007/978-3-642-05089-3_21,doi:10.1145/1985793.1986037,doi:10.1007/978-3-642-05089-3_21,10.1145/1985793.1986037,10.1007/978-3-642-05089-3_21,10.1145/1985793.1986037,10.1007/978-3-642-05089-3_21,062203139868-062103015875,2011-05-21,included,raw/cs082-citations-p0001-opencitations.json.gz
opencitations,CS082,S202,citations,doi:10.1145/2775051.2677002->doi:10.1007/978-3-642-05089-3_21,doi:10.1145/2775051.2677002,doi:10.1007/978-3-642-05089-3_21,10.1145/2775051.2677002,10.1007/978-3-642-05089-3_21,10.1145/2775051.2677002,10.1007/978-3-642-05089-3_21,0614090817-062103015875,2015-05-11,included,raw/cs082-citations-p0001-opencitations.json.gz
opencitations,CS082,S202,citations,doi:10.1007/s11704-012-2903-3->doi:10.1007/978-3-642-05089-3_21,doi:10.1007/s11704-012-2903-3,doi:10.1007/978-3-642-05089-3_21,10.1007/s11704-012-2903-3,10.1007/978-3-642-05089-3_21,10.1007/s11704-012-2903-3,10.1007/978-3-642-05089-3_21,0635095286-062103015875,2012-01-27,included,raw/cs082-citations-p0001-opencitations.json.gz
opencitations,CS082,S202,citations,doi:10.1145/2914770.2837645->doi:10.1007/978-3-642-05089-3_21,doi:10.1145/2914770.2837645,doi:10.1007/978-3-642-05089-3_21,10.1145/2914770.2837645,10.1007/978-3-642-05089-3_21,10.1145/2914770.2837645,10.1007/978-3-642-05089-3_21,0614090396-062103015875,2016-04-08,included,raw/cs082-citations-p0001-opencitations.json.gz
opencitations,CS082,S202,citations,doi:10.1007/978-3-642-31759-0_15->doi:10.1007/978-3-642-05089-3_21,doi:10.1007/978-3-642-31759-0_15,doi:10.1007/978-3-642-05089-3_21,10.1007/978-3-642-31759-0_15,10.1007/978-3-642-05089-3_21,10.1007/978-3-642-31759-0_15,10.1007/978-3-642-05089-3_21,061402744406-062103015875,2012,included,raw/cs082-citations-p0001-opencitations.json.gz
opencitations,CS082,S202,citations,doi:10.1145/2676726.2677002->doi:10.1007/978-3-642-05089-3_21,doi:10.1145/2676726.2677002,doi:10.1007/978-3-642-05089-3_21,10.1145/2676726.2677002,10.1007/978-3-642-05089-3_21,10.1145/2676726.2677002,10.1007/978-3-642-05089-3_21,06801942635-062103015875,2015-01-14,included,raw/cs082-citations-p0001-opencitations.json.gz
opencitations,CS082,S202,citations,doi:10.1007/978-3-032-10794-7_7->doi:10.1007/978-3-642-05089-3_21,doi:10.1007/978-3-032-10794-7_7,doi:10.1007/978-3-642-05089-3_21,10.1007/978-3-032-10794-7_7,10.1007/978-3-642-05089-3_21,10.1007/978-3-032-10794-7_7,10.1007/978-3-642-05089-3_21,06013624503-062103015875,2025-11-16,included,raw/cs082-citations-p0001-opencitations.json.gz
opencitations,CS082,S202,citations,doi:10.1007/978-3-642-21437-0_25->doi:10.1007/978-3-642-05089-3_21,doi:10.1007/978-3-642-21437-0_25,doi:10.1007/978-3-642-05089-3_21,10.1007/978-3-642-21437-0_25,10.1007/978-3-642-05089-3_21,10.1007/978-3-642-21437-0_25,10.1007/978-3-642-05089-3_21,062302881724-062103015875,2011,included,raw/cs082-citations-p0001-opencitations.json.gz
opencitations,CS082,S202,citations,doi:10.1007/978-3-319-68690-5_7->doi:10.1007/978-3-642-05089-3_21,doi:10.1007/978-3-319-68690-5_7,doi:10.1007/978-3-642-05089-3_21,10.1007/978-3-319-68690-5_7,10.1007/978-3-642-05089-3_21,10.1007/978-3-319-68690-5_7,10.1007/978-3-642-05089-3_21,06902266154-062103015875,2017,included,raw/cs082-citations-p0001-opencitations.json.gz
opencitations,CS082,S202,citations,doi:10.1145/2499370.2462189->doi:10.1007/978-3-642-05089-3_21,doi:10.1145/2499370.2462189,doi:10.1007/978-3-642-05089-3_21,10.1145/2499370.2462189,10.1007/978-3-642-05089-3_21,10.1145/2499370.2462189,10.1007/978-3-642-05089-3_21,0615093934-062103015875,2013-06-23,included,raw/cs082-citations-p0001-opencitations.json.gz
opencitations,CS082,S202,citations,doi:10.1145/3290371->doi:10.1007/978-3-642-05089-3_21,doi:10.1145/3290371,doi:10.1007/978-3-642-05089-3_21,10.1145/3290371,10.1007/978-3-642-05089-3_21,10.1145/3290371,10.1007/978-3-642-05089-3_21,06202297263-062103015875,2019-01-02,included,raw/cs082-citations-p0001-opencitations.json.gz
opencitations,CS082,S202,citations,doi:10.1007/978-3-642-15643-4_30->doi:10.1007/978-3-642-05089-3_21,doi:10.1007/978-3-642-15643-4_30,doi:10.1007/978-3-642-05089-3_21,10.1007/978-3-642-15643-4_30,10.1007/978-3-642-05089-3_21,10.1007/978-3-642-15643-4_30,10.1007/978-3-642-05089-3_21,061802880374-062103015875,2010,included,raw/cs082-citations-p0001-opencitations.json.gz
opencitations,CS082,S202,citations,doi:10.1109/ssiri-c.2010.12->doi:10.1007/978-3-642-05089-3_21,doi:10.1109/ssiri-c.2010.12,doi:10.1007/978-3-642-05089-3_21,10.1109/ssiri-c.2010.12,10.1007/978-3-642-05089-3_21,10.1109/ssiri-c.2010.12,10.1007/978-3-642-05089-3_21,06503602233-062103015875,2010-06,included,raw/cs082-citations-p0001-opencitations.json.gz
opencitations,CS082,S202,citations,doi:10.1007/978-3-030-67067-2_8->doi:10.1007/978-3-642-05089-3_21,doi:10.1007/978-3-030-67067-2_8,doi:10.1007/978-3-642-05089-3_21,10.1007/978-3-030-67067-2_8,10.1007/978-3-642-05089-3_21,10.1007/978-3-030-67067-2_8,10.1007/978-3-642-05089-3_21,06402210812-062103015875,2021,included,raw/cs082-citations-p0001-opencitations.json.gz
opencitations,CS082,S202,citations,doi:10.1145/2837614.2837645->doi:10.1007/978-3-642-05089-3_21,doi:10.1145/2837614.2837645,doi:10.1007/978-3-642-05089-3_21,10.1145/2837614.2837645,10.1007/978-3-642-05089-3_21,10.1145/2837614.2837645,10.1007/978-3-642-05089-3_21,06101947574-062103015875,2016-01-11,included,raw/cs082-citations-p0001-opencitations.json.gz
opencitations,CS082,S202,citations,doi:10.1007/978-3-319-41591-8_13->doi:10.1007/978-3-642-05089-3_21,doi:10.1007/978-3-319-41591-8_13,doi:10.1007/978-3-642-05089-3_21,10.1007/978-3-319-41591-8_13,10.1007/978-3-642-05089-3_21,10.1007/978-3-319-41591-8_13,10.1007/978-3-642-05089-3_21,062302422325-062103015875,2016,included,raw/cs082-citations-p0001-opencitations.json.gz
opencitations,CS082,S202,citations,doi:10.1109/ssiri.2010.37->doi:10.1007/978-3-642-05089-3_21,doi:10.1109/ssiri.2010.37,doi:10.1007/978-3-642-05089-3_21,10.1109/ssiri.2010.37,10.1007/978-3-642-05089-3_21,10.1109/ssiri.2010.37,10.1007/978-3-642-05089-3_21,06201990106-062103015875,2010,included,raw/cs082-citations-p0001-opencitations.json.gz
opencitations,CS082,S202,citations,doi:10.4230/lipics.disc.2022.5->doi:10.1007/978-3-642-05089-3_21,doi:10.4230/lipics.disc.2022.5,doi:10.1007/978-3-642-05089-3_21,10.4230/lipics.disc.2022.5,10.1007/978-3-642-05089-3_21,10.4230/lipics.disc.2022.5,10.1007/978-3-642-05089-3_21,061103851177-062103015875,2022,included,raw/cs082-citations-p0001-opencitations.json.gz
opencitations,CS083,S203,references,doi:10.1109/dsn.2018.00037->doi:10.1007/978-3-642-14295-6_40,doi:10.1109/dsn.2018.00037,doi:10.1007/978-3-642-14295-6_40,10.1109/dsn.2018.00037,10.1007/978-3-642-14295-6_40,10.1109/dsn.2018.00037,10.1007/978-3-642-14295-6_40,062602357483-061703036727,2018-06,included,raw/cs083-references-p0001-opencitations.json.gz
opencitations,CS083,S203,references,doi:10.1109/dsn.2018.00037->doi:10.1007/s10009-012-0244-z,doi:10.1109/dsn.2018.00037,doi:10.1007/s10009-012-0244-z,10.1109/dsn.2018.00037,10.1007/s10009-012-0244-z,10.1109/dsn.2018.00037,10.1007/s10009-012-0244-z,062602357483-062203120487,2018-06,included,raw/cs083-references-p0001-opencitations.json.gz
opencitations,CS083,S203,references,doi:10.1109/dsn.2018.00037->doi:10.1007/11817963_44,doi:10.1109/dsn.2018.00037,doi:10.1007/11817963_44,10.1109/dsn.2018.00037,10.1007/11817963_44,10.1109/dsn.2018.00037,10.1007/11817963_44,062602357483-06703520820,2018-06,included,raw/cs083-references-p0001-opencitations.json.gz
opencitations,CS083,S203,references,doi:10.1109/dsn.2018.00037->doi:10.1007/3-540-36108-1_18,doi:10.1109/dsn.2018.00037,doi:10.1007/3-540-36108-1_18,10.1109/dsn.2018.00037,10.1007/3-540-36108-1_18,10.1109/dsn.2018.00037,10.1007/3-540-36108-1_18,062602357483-06203526504,2018-06,included,raw/cs083-references-p0001-opencitations.json.gz
opencitations,CS083,S203,references,doi:10.1109/dsn.2018.00037->doi:10.1109/tse.2012.82,doi:10.1109/dsn.2018.00037,doi:10.1109/tse.2012.82,10.1109/dsn.2018.00037,10.1109/tse.2012.82,10.1109/dsn.2018.00037,10.1109/tse.2012.82,062602357483-062201957194,2018-06,included,raw/cs083-references-p0001-opencitations.json.gz
opencitations,CS083,S203,references,doi:10.1109/dsn.2018.00037->doi:10.1007/978-3-642-40184-8_17,doi:10.1109/dsn.2018.00037,doi:10.1007/978-3-642-40184-8_17,10.1109/dsn.2018.00037,10.1007/978-3-642-40184-8_17,10.1109/dsn.2018.00037,10.1007/978-3-642-40184-8_17,062602357483-062102665323,2018-06,included,raw/cs083-references-p0001-opencitations.json.gz
opencitations,CS083,S203,references,doi:10.1109/dsn.2018.00037->doi:10.1145/233551.233556,doi:10.1109/dsn.2018.00037,doi:10.1145/233551.233556,10.1109/dsn.2018.00037,10.1145/233551.233556,10.1109/dsn.2018.00037,10.1145/233551.233556,062602357483-061103496454,2018-06,included,raw/cs083-references-p0001-opencitations.json.gz
opencitations,CS083,S203,references,doi:10.1109/dsn.2018.00037->doi:10.1007/11901433_16,doi:10.1109/dsn.2018.00037,doi:10.1007/11901433_16,10.1109/dsn.2018.00037,10.1007/11901433_16,10.1109/dsn.2018.00037,10.1007/11901433_16,062602357483-06303555666,2018-06,included,raw/cs083-references-p0001-opencitations.json.gz
opencitations,CS083,S203,references,doi:10.1109/dsn.2018.00037->doi:10.1145/3060140,doi:10.1109/dsn.2018.00037,doi:10.1145/3060140,10.1109/dsn.2018.00037,10.1145/3060140,10.1109/dsn.2018.00037,10.1145/3060140,062602357483-061502740913,2018-06,included,raw/cs083-references-p0001-opencitations.json.gz
opencitations,CS083,S203,references,doi:10.1109/dsn.2018.00037->doi:10.1007/bfb0058037,doi:10.1109/dsn.2018.00037,doi:10.1007/bfb0058037,10.1109/dsn.2018.00037,10.1007/bfb0058037,10.1109/dsn.2018.00037,10.1007/bfb0058037,062602357483-062102712468,2018-06,included,raw/cs083-references-p0001-opencitations.json.gz
opencitations,CS083,S203,references,doi:10.1109/dsn.2018.00037->doi:10.1109/tc.1979.1675439,doi:10.1109/dsn.2018.00037,doi:10.1109/tc.1979.1675439,10.1109/dsn.2018.00037,10.1109/tc.1979.1675439,10.1109/dsn.2018.00037,10.1109/tc.1979.1675439,062602357483-062201331177,2018-06,included,raw/cs083-references-p0001-opencitations.json.gz
opencitations,CS083,S203,references,doi:10.1109/dsn.2018.00037->doi:10.1007/3-540-53479-2_17,doi:10.1109/dsn.2018.00037,doi:10.1007/3-540-53479-2_17,10.1109/dsn.2018.00037,10.1007/3-540-53479-2_17,10.1109/dsn.2018.00037,10.1007/3-540-53479-2_17,062602357483-061402745233,2018-06,included,raw/cs083-references-p0001-opencitations.json.gz
opencitations,CS083,S203,references,doi:10.1109/dsn.2018.00037->doi:10.1145/1007912.1007944,doi:10.1109/dsn.2018.00037,doi:10.1145/1007912.1007944,10.1109/dsn.2018.00037,10.1145/1007912.1007944,10.1109/dsn.2018.00037,10.1145/1007912.1007944,062602357483-062503363126,2018-06,included,raw/cs083-references-p0001-opencitations.json.gz
opencitations,CS083,S203,references,doi:10.1109/dsn.2018.00037->doi:10.1145/2737924.2737975,doi:10.1109/dsn.2018.00037,doi:10.1145/2737924.2737975,10.1109/dsn.2018.00037,10.1145/2737924.2737975,10.1109/dsn.2018.00037,10.1145/2737924.2737975,062602357483-062502531850,2018-06,included,raw/cs083-references-p0001-opencitations.json.gz
opencitations,CS083,S203,references,doi:10.1109/dsn.2018.00037->doi:10.1145/2491956.2462189,doi:10.1109/dsn.2018.00037,doi:10.1145/2491956.2462189,10.1109/dsn.2018.00037,10.1145/2491956.2462189,10.1109/dsn.2018.00037,10.1145/2491956.2462189,062602357483-062402933996,2018-06,included,raw/cs083-references-p0001-opencitations.json.gz
opencitations,CS083,S203,references,doi:10.1109/dsn.2018.00037->doi:10.1109/tpds.2004.8,doi:10.1109/dsn.2018.00037,doi:10.1109/tpds.2004.8,10.1109/dsn.2018.00037,10.1109/tpds.2004.8,10.1109/dsn.2018.00037,10.1109/tpds.2004.8,062602357483-061203026926,2018-06,included,raw/cs083-references-p0001-opencitations.json.gz
opencitations,CS083,S203,references,doi:10.1109/dsn.2018.00037->doi:10.1145/1542476.1542493,doi:10.1109/dsn.2018.00037,doi:10.1145/1542476.1542493,10.1109/dsn.2018.00037,10.1145/1542476.1542493,10.1109/dsn.2018.00037,10.1145/1542476.1542493,062602357483-06803619312,2018-06,included,raw/cs083-references-p0001-opencitations.json.gz
opencitations,CS083,S203,references,doi:10.1109/dsn.2018.00037->doi:10.1007/978-3-642-02652-2_21,doi:10.1109/dsn.2018.00037,doi:10.1007/978-3-642-02652-2_21,10.1109/dsn.2018.00037,10.1007/978-3-642-02652-2_21,10.1109/dsn.2018.00037,10.1007/978-3-642-02652-2_21,062602357483-061503089245,2018-06,included,raw/cs083-references-p0001-opencitations.json.gz
opencitations,CS083,S203,references,doi:10.1109/dsn.2018.00037->doi:10.1007/978-3-642-22012-8_36,doi:10.1109/dsn.2018.00037,doi:10.1007/978-3-642-22012-8_36,10.1109/dsn.2018.00037,10.1007/978-3-642-22012-8_36,10.1109/dsn.2018.00037,10.1007/978-3-642-22012-8_36,062602357483-061802808379,2018-06,included,raw/cs083-references-p0001-opencitations.json.gz
opencitations,CS083,S203,references,doi:10.1109/dsn.2018.00037->doi:10.1007/978-3-642-31424-7_21,doi:10.1109/dsn.2018.00037,doi:10.1007/978-3-642-31424-7_21,10.1109/dsn.2018.00037,10.1007/978-3-642-31424-7_21,10.1109/dsn.2018.00037,10.1007/978-3-642-31424-7_21,062602357483-06703085370,2018-06,included,raw/cs083-references-p0001-opencitations.json.gz
opencitations,CS083,S203,references,doi:10.1109/dsn.2018.00037->doi:10.1007/978-3-642-15375-4_27,doi:10.1109/dsn.2018.00037,doi:10.1007/978-3-642-15375-4_27,10.1109/dsn.2018.00037,10.1007/978-3-642-15375-4_27,10.1109/dsn.2018.00037,10.1007/978-3-642-15375-4_27,062602357483-06403455074,2018-06,included,raw/cs083-references-p0001-opencitations.json.gz
opencitations,CS083,S203,references,doi:10.1109/dsn.2018.00037->doi:10.1145/2676726.2676963,doi:10.1109/dsn.2018.00037,doi:10.1145/2676726.2676963,10.1109/dsn.2018.00037,10.1145/2676726.2676963,10.1109/dsn.2018.00037,10.1145/2676726.2676963,062602357483-06801943243,2018-06,included,raw/cs083-references-p0001-opencitations.json.gz
opencitations,CS083,S203,references,doi:10.1109/dsn.2018.00037->doi:10.1145/248052.248106,doi:10.1109/dsn.2018.00037,doi:10.1145/248052.248106,10.1109/dsn.2018.00037,10.1145/248052.248106,10.1109/dsn.2018.00037,10.1145/248052.248106,062602357483-06703784449,2018-06,included,raw/cs083-references-p0001-opencitations.json.gz
opencitations,CS083,S203,references,doi:10.1109/dsn.2018.00037->doi:10.1016/j.tcs.2010.09.021,doi:10.1109/dsn.2018.00037,doi:10.1016/j.tcs.2010.09.021,10.1109/dsn.2018.00037,10.1016/j.tcs.2010.09.021,10.1109/dsn.2018.00037,10.1016/j.tcs.2010.09.021,062602357483-0650807804,2018-06,included,raw/cs083-references-p0001-opencitations.json.gz
opencitations,CS083,S203,references,doi:10.1109/dsn.2018.00037->doi:10.1142/s0129626407003125,doi:10.1109/dsn.2018.00037,doi:10.1142/s0129626407003125,10.1109/dsn.2018.00037,10.1142/s0129626407003125,10.1109/dsn.2018.00037,10.1142/s0129626407003125,062602357483-062401906846,2018-06,included,raw/cs083-references-p0001-opencitations.json.gz
opencitations,CS083,S203,references,doi:10.1109/dsn.2018.00037->doi:10.1007/978-3-662-54434-1_24,doi:10.1109/dsn.2018.00037,doi:10.1007/978-3-662-54434-1_24,10.1109/dsn.2018.00037,10.1007/978-3-662-54434-1_24,10.1109/dsn.2018.00037,10.1007/978-3-662-54434-1_24,062602357483-062302394787,2018-06,included,raw/cs083-references-p0001-opencitations.json.gz
opencitations,CS083,S203,references,doi:10.1109/dsn.2018.00037->doi:10.1007/978-3-642-21437-0_25,doi:10.1109/dsn.2018.00037,doi:10.1007/978-3-642-21437-0_25,10.1109/dsn.2018.00037,10.1007/978-3-642-21437-0_25,10.1109/dsn.2018.00037,10.1007/978-3-642-21437-0_25,062602357483-062302881724,2018-06,included,raw/cs083-references-p0001-opencitations.json.gz
opencitations,CS083,S203,references,doi:10.1109/dsn.2018.00037->doi:10.1007/978-3-540-30232-2_7,doi:10.1109/dsn.2018.00037,doi:10.1007/978-3-540-30232-2_7,10.1109/dsn.2018.00037,10.1007/978-3-540-30232-2_7,10.1109/dsn.2018.00037,10.1007/978-3-540-30232-2_7,062602357483-06303043890,2018-06,included,raw/cs083-references-p0001-opencitations.json.gz
opencitations,CS083,S203,references,doi:10.1109/dsn.2018.00037->doi:10.1145/2603088.2603123,doi:10.1109/dsn.2018.00037,doi:10.1145/2603088.2603123,10.1109/dsn.2018.00037,10.1145/2603088.2603123,10.1109/dsn.2018.00037,10.1145/2603088.2603123,062602357483-062402555344,2018-06,included,raw/cs083-references-p0001-opencitations.json.gz
opencitations,CS083,S203,references,doi:10.1109/dsn.2018.00037->doi:10.1145/78969.78972,doi:10.1109/dsn.2018.00037,doi:10.1145/78969.78972,10.1109/dsn.2018.00037,10.1145/78969.78972,10.1109/dsn.2018.00037,10.1145/78969.78972,062602357483-06702614122,2018-06,included,raw/cs083-references-p0001-opencitations.json.gz
opencitations,CS083,S203,citations,doi:10.1109/iemeconx.2019.8876995->doi:10.1109/dsn.2018.00037,doi:10.1109/iemeconx.2019.8876995,doi:10.1109/dsn.2018.00037,10.1109/iemeconx.2019.8876995,10.1109/dsn.2018.00037,10.1109/iemeconx.2019.8876995,10.1109/dsn.2018.00037,061302276118-062602357483,2019-03,included,raw/cs083-citations-p0001-opencitations.json.gz
opencitations,CS083,S203,citations,doi:10.2478/cait-2019-0037->doi:10.1109/dsn.2018.00037,doi:10.2478/cait-2019-0037,doi:10.1109/dsn.2018.00037,10.2478/cait-2019-0037,10.1109/dsn.2018.00037,10.2478/cait-2019-0037,10.1109/dsn.2018.00037,06101656400-062602357483,2019-11-01,included,raw/cs083-citations-p0001-opencitations.json.gz
opencitations,CS083,S203,citations,doi:10.1007/978-3-031-75775-4_16->doi:10.1109/dsn.2018.00037,doi:10.1007/978-3-031-75775-4_16,doi:10.1109/dsn.2018.00037,10.1007/978-3-031-75775-4_16,10.1109/dsn.2018.00037,10.1007/978-3-031-75775-4_16,10.1109/dsn.2018.00037,06104873225-062602357483,2024-11-13,included,raw/cs083-citations-p0001-opencitations.json.gz
opencitations,CS084,S204,references,doi:10.1145/1889997.1890001->doi:10.1007/bf00263762,doi:10.1145/1889997.1890001,doi:10.1007/bf00263762,10.1145/1889997.1890001,10.1007/bf00263762,10.1145/1889997.1890001,10.1007/bf00263762,06602632664-06901608419,2011-01,included,raw/cs084-references-p0001-opencitations.json.gz
opencitations,CS084,S204,references,doi:10.1145/1889997.1890001->doi:10.1007/11415787_3,doi:10.1145/1889997.1890001,doi:10.1007/11415787_3,10.1145/1889997.1890001,10.1007/11415787_3,10.1145/1889997.1890001,10.1007/11415787_3,06602632664-061203129154,2011-01,included,raw/cs084-references-p0001-opencitations.json.gz
opencitations,CS084,S204,references,doi:10.1145/1889997.1890001->doi:10.1007/11691372_19,doi:10.1145/1889997.1890001,doi:10.1007/11691372_19,10.1145/1889997.1890001,10.1007/11691372_19,10.1145/1889997.1890001,10.1007/11691372_19,06602632664-062203299187,2011-01,included,raw/cs084-references-p0001-opencitations.json.gz
opencitations,CS084,S204,references,doi:10.1145/1889997.1890001->doi:10.1007/978-3-540-30569-9_3,doi:10.1145/1889997.1890001,doi:10.1007/978-3-540-30569-9_3,10.1145/1889997.1890001,10.1007/978-3-540-30569-9_3,10.1145/1889997.1890001,10.1007/978-3-540-30569-9_3,06602632664-062103056053,2011-01,included,raw/cs084-references-p0001-opencitations.json.gz
opencitations,CS084,S204,references,doi:10.1145/1889997.1890001->doi:10.1016/j.entcs.2006.08.044,doi:10.1145/1889997.1890001,doi:10.1016/j.entcs.2006.08.044,10.1145/1889997.1890001,10.1016/j.entcs.2006.08.044,10.1145/1889997.1890001,10.1016/j.entcs.2006.08.044,06602632664-06801442277,2011-01,included,raw/cs084-references-p0001-opencitations.json.gz
opencitations,CS084,S204,references,doi:10.1145/1889997.1890001->doi:10.1007/978-1-4471-0257-1,doi:10.1145/1889997.1890001,doi:10.1007/978-1-4471-0257-1,10.1145/1889997.1890001,10.1007/978-1-4471-0257-1,10.1145/1889997.1890001,10.1007/978-1-4471-0257-1,06602632664-061062784,2011-01,included,raw/cs084-references-p0001-opencitations.json.gz
opencitations,CS084,S204,references,doi:10.1145/1889997.1890001->doi:10.1145/1190216.1190261,doi:10.1145/1889997.1890001,doi:10.1145/1190216.1190261,10.1145/1889997.1890001,10.1145/1190216.1190261,10.1145/1889997.1890001,10.1145/1190216.1190261,06602632664-061603273748,2011-01,included,raw/cs084-references-p0001-opencitations.json.gz
opencitations,CS084,S204,references,doi:10.1145/1889997.1890001->doi:10.1007/s00165-009-0130-y,doi:10.1145/1889997.1890001,doi:10.1007/s00165-009-0130-y,10.1145/1889997.1890001,10.1007/s00165-009-0130-y,10.1145/1889997.1890001,10.1007/s00165-009-0130-y,06602632664-062101754579,2011-01,included,raw/cs084-references-p0001-opencitations.json.gz
opencitations,CS084,S204,references,doi:10.1145/1889997.1890001->doi:10.1007/978-0-387-21798-7_4,doi:10.1145/1889997.1890001,doi:10.1007/978-0-387-21798-7_4,10.1145/1889997.1890001,10.1007/978-0-387-21798-7_4,10.1145/1889997.1890001,10.1007/978-0-387-21798-7_4,06602632664-061502743523,2011-01,included,raw/cs084-references-p0001-opencitations.json.gz
opencitations,CS084,S204,references,doi:10.1145/1889997.1890001->doi:10.1145/41625.41627,doi:10.1145/1889997.1890001,doi:10.1145/41625.41627,10.1145/1889997.1890001,10.1145/41625.41627,10.1145/1889997.1890001,10.1145/41625.41627,06602632664-061203391173,2011-01,included,raw/cs084-references-p0001-opencitations.json.gz
opencitations,CS084,S204,references,doi:10.1145/1889997.1890001->doi:10.1016/j.ic.2006.10.003,doi:10.1145/1889997.1890001,doi:10.1016/j.ic.2006.10.003,10.1145/1889997.1890001,10.1016/j.ic.2006.10.003,10.1145/1889997.1890001,10.1016/j.ic.2006.10.003,06602632664-06601424264,2011-01,included,raw/cs084-references-p0001-opencitations.json.gz
opencitations,CS084,S204,references,doi:10.1145/1889997.1890001->doi:10.1145/1007912.1007944,doi:10.1145/1889997.1890001,doi:10.1145/1007912.1007944,10.1145/1889997.1890001,10.1145/1007912.1007944,10.1145/1889997.1890001,10.1145/1007912.1007944,06602632664-062503363126,2011-01,included,raw/cs084-references-p0001-opencitations.json.gz
opencitations,CS084,S204,references,doi:10.1145/1889997.1890001->doi:10.1145/1122971.1122992,doi:10.1145/1889997.1890001,doi:10.1145/1122971.1122992,10.1145/1889997.1890001,10.1145/1122971.1122992,10.1145/1889997.1890001,10.1145/1122971.1122992,06602632664-061403326036,2011-01,included,raw/cs084-references-p0001-opencitations.json.gz
opencitations,CS084,S204,references,doi:10.1145/1889997.1890001->doi:10.1007/978-3-642-05089-3_21,doi:10.1145/1889997.1890001,doi:10.1007/978-3-642-05089-3_21,10.1145/1889997.1890001,10.1007/978-3-642-05089-3_21,10.1145/1889997.1890001,10.1007/978-3-642-05089-3_21,06602632664-062103015875,2011-01,included,raw/cs084-references-p0001-opencitations.json.gz
opencitations,CS084,S204,references,doi:10.1145/1889997.1890001->doi:10.1145/361227.361234,doi:10.1145/1889997.1890001,doi:10.1145/361227.361234,10.1145/1889997.1890001,10.1145/361227.361234,10.1145/1889997.1890001,10.1145/361227.361234,06602632664-06803891500,2011-01,included,raw/cs084-references-p0001-opencitations.json.gz
opencitations,CS084,S204,references,doi:10.1145/1889997.1890001->doi:10.1145/1065944.1065953,doi:10.1145/1889997.1890001,doi:10.1145/1065944.1065953,10.1145/1889997.1890001,10.1145/1065944.1065953,10.1145/1889997.1890001,10.1145/1065944.1065953,06602632664-061303344850,2011-01,included,raw/cs084-references-p0001-opencitations.json.gz
opencitations,CS084,S204,references,doi:10.1145/1889997.1890001->doi:10.1007/s00236-006-0020-1,doi:10.1145/1889997.1890001,doi:10.1007/s00236-006-0020-1,10.1145/1889997.1890001,10.1007/s00236-006-0020-1,10.1145/1889997.1890001,10.1007/s00236-006-0020-1,06602632664-06701585144,2011-01,included,raw/cs084-references-p0001-opencitations.json.gz
opencitations,CS084,S204,references,doi:10.1145/1889997.1890001->doi:10.1145/1375581.1375598,doi:10.1145/1889997.1890001,doi:10.1145/1375581.1375598,10.1145/1889997.1890001,10.1145/1375581.1375598,10.1145/1889997.1890001,10.1145/1375581.1375598,06602632664-06102026277,2011-01,included,raw/cs084-references-p0001-opencitations.json.gz
opencitations,CS084,S204,references,doi:10.1145/1889997.1890001->doi:10.1006/jpdc.1998.1446,doi:10.1145/1889997.1890001,doi:10.1006/jpdc.1998.1446,10.1145/1889997.1890001,10.1006/jpdc.1998.1446,10.1145/1889997.1890001,10.1006/jpdc.1998.1446,06602632664-062303039323,2011-01,included,raw/cs084-references-p0001-opencitations.json.gz
opencitations,CS084,S204,references,doi:10.1145/1889997.1890001->doi:10.1145/177492.177726,doi:10.1145/1889997.1890001,doi:10.1145/177492.177726,10.1145/1889997.1890001,10.1145/177492.177726,10.1145/1889997.1890001,10.1145/177492.177726,06602632664-06602633051,2011-01,included,raw/cs084-references-p0001-opencitations.json.gz
opencitations,CS084,S204,references,doi:10.1145/1889997.1890001->doi:10.1145/1042038.1042044,doi:10.1145/1889997.1890001,doi:10.1145/1042038.1042044,10.1145/1889997.1890001,10.1145/1042038.1042044,10.1145/1889997.1890001,10.1145/1042038.1042044,06602632664-061502741287,2011-01,included,raw/cs084-references-p0001-opencitations.json.gz
opencitations,CS084,S204,references,doi:10.1145/1889997.1890001->doi:10.1007/bf00268134,doi:10.1145/1889997.1890001,doi:10.1007/bf00268134,10.1145/1889997.1890001,10.1007/bf00268134,10.1145/1889997.1890001,10.1007/bf00268134,06602632664-06901608480,2011-01,included,raw/cs084-references-p0001-opencitations.json.gz
opencitations,CS084,S204,references,doi:10.1145/1889997.1890001->doi:10.1016/j.entcs.2005.04.026,doi:10.1145/1889997.1890001,doi:10.1016/j.entcs.2005.04.026,10.1145/1889997.1890001,10.1016/j.entcs.2005.04.026,10.1145/1889997.1890001,10.1016/j.entcs.2005.04.026,06602632664-06901456981,2011-01,included,raw/cs084-references-p0001-opencitations.json.gz
opencitations,CS084,S204,references,doi:10.1145/1889997.1890001->doi:10.1007/11901433_23,doi:10.1145/1889997.1890001,doi:10.1007/11901433_23,10.1145/1889997.1890001,10.1007/11901433_23,10.1145/1889997.1890001,10.1007/11901433_23,06602632664-06303555644,2011-01,included,raw/cs084-references-p0001-opencitations.json.gz
opencitations,CS084,S204,references,doi:10.1145/1889997.1890001->doi:10.1007/978-3-540-73210-5_11,doi:10.1145/1889997.1890001,doi:10.1007/978-3-540-73210-5_11,10.1145/1889997.1890001,10.1007/978-3-540-73210-5_11,10.1145/1889997.1890001,10.1007/978-3-540-73210-5_11,06602632664-06103547527,2011-01,included,raw/cs084-references-p0001-opencitations.json.gz
opencitations,CS084,S204,references,doi:10.1145/1889997.1890001->doi:10.1016/j.scico.2003.06.001,doi:10.1145/1889997.1890001,doi:10.1016/j.scico.2003.06.001,10.1145/1889997.1890001,10.1016/j.scico.2003.06.001,10.1145/1889997.1890001,10.1016/j.scico.2003.06.001,06602632664-06250453359,2011-01,included,raw/cs084-references-p0001-opencitations.json.gz
opencitations,CS084,S204,references,doi:10.1145/1889997.1890001->doi:10.1007/s00236-007-0044-1,doi:10.1145/1889997.1890001,doi:10.1007/s00236-007-0044-1,10.1145/1889997.1890001,10.1007/s00236-007-0044-1,10.1145/1889997.1890001,10.1007/s00236-007-0044-1,06602632664-06701585122,2011-01,included,raw/cs084-references-p0001-opencitations.json.gz
opencitations,CS084,S204,references,doi:10.1145/1889997.1890001->doi:10.1007/978-3-540-30232-2_7,doi:10.1145/1889997.1890001,doi:10.1007/978-3-540-30232-2_7,10.1145/1889997.1890001,10.1007/978-3-540-30232-2_7,10.1145/1889997.1890001,10.1007/978-3-540-30232-2_7,06602632664-06303043890,2011-01,included,raw/cs084-references-p0001-opencitations.json.gz
opencitations,CS084,S204,references,doi:10.1145/1889997.1890001->doi:10.1017/cbo9780511663079,doi:10.1145/1889997.1890001,doi:10.1017/cbo9780511663079,10.1145/1889997.1890001,10.1017/cbo9780511663079,10.1145/1889997.1890001,10.1017/cbo9780511663079,06602632664-061103072513,2011-01,included,raw/cs084-references-p0001-opencitations.json.gz
opencitations,CS084,S204,references,doi:10.1145/1889997.1890001->doi:10.1007/978-3-540-68863-1_6,doi:10.1145/1889997.1890001,doi:10.1007/978-3-540-68863-1_6,10.1145/1889997.1890001,10.1007/978-3-540-68863-1_6,10.1145/1889997.1890001,10.1007/978-3-540-68863-1_6,06602632664-061403097756,2011-01,included,raw/cs084-references-p0001-opencitations.json.gz
opencitations,CS084,S204,references,doi:10.1145/1889997.1890001->doi:10.1145/78969.78972,doi:10.1145/1889997.1890001,doi:10.1145/78969.78972,10.1145/1889997.1890001,10.1145/78969.78972,10.1145/1889997.1890001,10.1145/78969.78972,06602632664-06702614122,2011-01,included,raw/cs084-references-p0001-opencitations.json.gz
opencitations,CS084,S204,citations,doi:10.1007/978-3-319-41591-8_4->doi:10.1145/1889997.1890001,doi:10.1007/978-3-319-41591-8_4,doi:10.1145/1889997.1890001,10.1007/978-3-319-41591-8_4,10.1145/1889997.1890001,10.1007/978-3-319-41591-8_4,10.1145/1889997.1890001,062302422318-06602632664,2016,included,raw/cs084-citations-p0001-opencitations.json.gz
opencitations,CS084,S204,citations,doi:10.1145/2629496->doi:10.1145/1889997.1890001,doi:10.1145/2629496,doi:10.1145/1889997.1890001,10.1145/2629496,10.1145/1889997.1890001,10.1145/2629496,10.1145/1889997.1890001,061502741006-06602632664,2014-08,included,raw/cs084-citations-p0001-opencitations.json.gz
opencitations,CS084,S204,citations,doi:10.1109/tse.2012.82->doi:10.1145/1889997.1890001,doi:10.1109/tse.2012.82,doi:10.1145/1889997.1890001,10.1109/tse.2012.82,10.1145/1889997.1890001,10.1109/tse.2012.82,10.1145/1889997.1890001,062201957194-06602632664,2013-07,included,raw/cs084-citations-p0001-opencitations.json.gz
opencitations,CS084,S204,citations,doi:10.1007/978-3-319-06410-9_15->doi:10.1145/1889997.1890001,doi:10.1007/978-3-319-06410-9_15,doi:10.1145/1889997.1890001,10.1007/978-3-319-06410-9_15,10.1145/1889997.1890001,10.1007/978-3-319-06410-9_15,10.1145/1889997.1890001,06403080658-06602632664,2014,included,raw/cs084-citations-p0001-opencitations.json.gz
opencitations,CS084,S204,citations,doi:10.1145/2914770.2837635->doi:10.1145/1889997.1890001,doi:10.1145/2914770.2837635,doi:10.1145/1889997.1890001,10.1145/2914770.2837635,10.1145/1889997.1890001,10.1145/2914770.2837635,10.1145/1889997.1890001,0614090397-06602632664,2016-04-08,included,raw/cs084-citations-p0001-opencitations.json.gz
opencitations,CS084,S204,citations,doi:10.1002/cpe.3928->doi:10.1145/1889997.1890001,doi:10.1002/cpe.3928,doi:10.1145/1889997.1890001,10.1002/cpe.3928,10.1145/1889997.1890001,10.1002/cpe.3928,10.1145/1889997.1890001,06240944129-06602632664,2016-12-20,included,raw/cs084-citations-p0001-opencitations.json.gz
opencitations,CS084,S204,citations,doi:10.1007/978-3-319-47846-3_17->doi:10.1145/1889997.1890001,doi:10.1007/978-3-319-47846-3_17,doi:10.1145/1889997.1890001,10.1007/978-3-319-47846-3_17,10.1145/1889997.1890001,10.1007/978-3-319-47846-3_17,10.1145/1889997.1890001,06502794757-06602632664,2016,included,raw/cs084-citations-p0001-opencitations.json.gz
opencitations,CS084,S204,citations,doi:10.1007/s00165-019-00499-8->doi:10.1145/1889997.1890001,doi:10.1007/s00165-019-00499-8,doi:10.1145/1889997.1890001,10.1007/s00165-019-00499-8,10.1145/1889997.1890001,10.1007/s00165-019-00499-8,10.1145/1889997.1890001,062101753793-06602632664,2020-02,included,raw/cs084-citations-p0001-opencitations.json.gz
opencitations,CS084,S204,citations,doi:10.1145/2491956.2462189->doi:10.1145/1889997.1890001,doi:10.1145/2491956.2462189,doi:10.1145/1889997.1890001,10.1145/2491956.2462189,10.1145/1889997.1890001,10.1145/2491956.2462189,10.1145/1889997.1890001,062402933996-06602632664,2013,included,raw/cs084-citations-p0001-opencitations.json.gz
opencitations,CS084,S204,citations,doi:10.1016/j.jlamp.2019.01.002->doi:10.1145/1889997.1890001,doi:10.1016/j.jlamp.2019.01.002,doi:10.1145/1889997.1890001,10.1016/j.jlamp.2019.01.002,10.1145/1889997.1890001,10.1016/j.jlamp.2019.01.002,10.1145/1889997.1890001,06110625207-06602632664,2019-04,included,raw/cs084-citations-p0001-opencitations.json.gz
opencitations,CS084,S204,citations,doi:10.1007/978-3-319-19195-9_4->doi:10.1145/1889997.1890001,doi:10.1007/978-3-319-19195-9_4,doi:10.1145/1889997.1890001,10.1007/978-3-319-19195-9_4,10.1145/1889997.1890001,10.1007/978-3-319-19195-9_4,10.1145/1889997.1890001,061802602872-06602632664,2015,included,raw/cs084-citations-p0001-opencitations.json.gz
opencitations,CS084,S204,citations,doi:10.1007/s00165-017-0418-2->doi:10.1145/1889997.1890001,doi:10.1007/s00165-017-0418-2,doi:10.1145/1889997.1890001,10.1007/s00165-017-0418-2,10.1145/1889997.1890001,10.1007/s00165-017-0418-2,10.1145/1889997.1890001,062101753957-06602632664,2017-11,included,raw/cs084-citations-p0001-opencitations.json.gz
opencitations,CS084,S204,citations,doi:10.1007/978-3-031-92196-4_16->doi:10.1145/1889997.1890001,doi:10.1007/978-3-031-92196-4_16,doi:10.1145/1889997.1890001,10.1007/978-3-031-92196-4_16,10.1145/1889997.1890001,10.1007/978-3-031-92196-4_16,10.1145/1889997.1890001,0609000452-06602632664,2025,included,raw/cs084-citations-p0001-opencitations.json.gz
opencitations,CS084,S204,citations,doi:10.1007/978-3-319-48628-4_4->doi:10.1145/1889997.1890001,doi:10.1007/978-3-319-48628-4_4,doi:10.1145/1889997.1890001,10.1007/978-3-319-48628-4_4,10.1145/1889997.1890001,10.1007/978-3-319-48628-4_4,10.1145/1889997.1890001,061902413527-06602632664,2017,included,raw/cs084-citations-p0001-opencitations.json.gz
opencitations,CS084,S204,citations,doi:10.1007/978-3-319-03077-7_21->doi:10.1145/1889997.1890001,doi:10.1007/978-3-319-03077-7_21,doi:10.1145/1889997.1890001,10.1007/978-3-319-03077-7_21,10.1145/1889997.1890001,10.1007/978-3-319-03077-7_21,10.1145/1889997.1890001,061402662591-06602632664,2013,included,raw/cs084-citations-p0001-opencitations.json.gz
opencitations,CS084,S204,citations,doi:10.1016/j.scico.2014.04.001->doi:10.1145/1889997.1890001,doi:10.1016/j.scico.2014.04.001,doi:10.1145/1889997.1890001,10.1016/j.scico.2014.04.001,10.1145/1889997.1890001,10.1016/j.scico.2014.04.001,10.1145/1889997.1890001,06240449411-06602632664,2014-12,included,raw/cs084-citations-p0001-opencitations.json.gz
opencitations,CS084,S204,citations,doi:10.1016/j.scico.2019.102308->doi:10.1145/1889997.1890001,doi:10.1016/j.scico.2019.102308,doi:10.1145/1889997.1890001,10.1016/j.scico.2019.102308,10.1145/1889997.1890001,10.1016/j.scico.2019.102308,10.1145/1889997.1890001,06240448921-06602632664,2019-10,included,raw/cs084-citations-p0001-opencitations.json.gz
opencitations,CS084,S204,citations,doi:10.1007/978-3-319-60225-7_8->doi:10.1145/1889997.1890001,doi:10.1007/978-3-319-60225-7_8,doi:10.1145/1889997.1890001,10.1007/978-3-319-60225-7_8,10.1145/1889997.1890001,10.1007/978-3-319-60225-7_8,10.1145/1889997.1890001,06402636644-06602632664,2017,included,raw/cs084-citations-p0001-opencitations.json.gz
opencitations,CS084,S204,citations,doi:10.1007/978-3-642-31424-7_21->doi:10.1145/1889997.1890001,doi:10.1007/978-3-642-31424-7_21,doi:10.1145/1889997.1890001,10.1007/978-3-642-31424-7_21,10.1145/1889997.1890001,10.1007/978-3-642-31424-7_21,10.1145/1889997.1890001,06703085370-06602632664,2012,included,raw/cs084-citations-p0001-opencitations.json.gz
opencitations,CS084,S204,citations,doi:10.1145/2796550->doi:10.1145/1889997.1890001,doi:10.1145/2796550,doi:10.1145/1889997.1890001,10.1145/2796550,10.1145/1889997.1890001,10.1145/2796550,10.1145/1889997.1890001,062601631897-06602632664,2015-11-21,included,raw/cs084-citations-p0001-opencitations.json.gz
opencitations,CS084,S204,citations,doi:10.1145/2837614.2837635->doi:10.1145/1889997.1890001,doi:10.1145/2837614.2837635,doi:10.1145/1889997.1890001,10.1145/2837614.2837635,10.1145/1889997.1890001,10.1145/2837614.2837635,10.1145/1889997.1890001,06301934914-06602632664,2016-01-11,included,raw/cs084-citations-p0001-opencitations.json.gz
opencitations,CS084,S204,citations,doi:10.1007/978-1-4471-5355-9_12->doi:10.1145/1889997.1890001,doi:10.1007/978-1-4471-5355-9_12,doi:10.1145/1889997.1890001,10.1007/978-1-4471-5355-9_12,10.1145/1889997.1890001,10.1007/978-1-4471-5355-9_12,10.1145/1889997.1890001,06403130826-06602632664,2014,included,raw/cs084-citations-p0001-opencitations.json.gz
opencitations,CS084,S204,citations,doi:10.1145/3341301.3359644->doi:10.1145/1889997.1890001,doi:10.1145/3341301.3359644,doi:10.1145/1889997.1890001,10.1145/3341301.3359644,10.1145/1889997.1890001,10.1145/3341301.3359644,10.1145/1889997.1890001,062402269837-06602632664,2019-10-27,included,raw/cs084-citations-p0001-opencitations.json.gz
opencitations,CS084,S204,citations,doi:10.1007/978-3-319-10181-1_21->doi:10.1145/1889997.1890001,doi:10.1007/978-3-319-10181-1_21,doi:10.1145/1889997.1890001,10.1007/978-3-319-10181-1_21,10.1145/1889997.1890001,10.1007/978-3-319-10181-1_21,10.1145/1889997.1890001,061902645682-06602632664,2014,included,raw/cs084-citations-p0001-opencitations.json.gz
opencitations,CS084,S204,citations,doi:10.1145/2851613.2851837->doi:10.1145/1889997.1890001,doi:10.1145/2851613.2851837,doi:10.1145/1889997.1890001,10.1145/2851613.2851837,10.1145/1889997.1890001,10.1145/2851613.2851837,10.1145/1889997.1890001,06301928683-06602632664,2016-04-04,included,raw/cs084-citations-p0001-opencitations.json.gz
opencitations,CS084,S204,citations,doi:10.1007/978-3-662-43652-3_6->doi:10.1145/1889997.1890001,doi:10.1007/978-3-662-43652-3_6,doi:10.1145/1889997.1890001,10.1007/978-3-662-43652-3_6,10.1145/1889997.1890001,10.1007/978-3-662-43652-3_6,10.1145/1889997.1890001,06902673640-06602632664,2014,included,raw/cs084-citations-p0001-opencitations.json.gz
opencitations,CS084,S204,citations,doi:10.1007/978-3-319-13338-6_1->doi:10.1145/1889997.1890001,doi:10.1007/978-3-319-13338-6_1,doi:10.1145/1889997.1890001,10.1007/978-3-319-13338-6_1,10.1145/1889997.1890001,10.1007/978-3-319-13338-6_1,10.1145/1889997.1890001,062502635452-06602632664,2014,included,raw/cs084-citations-p0001-opencitations.json.gz
opencitations,CS084,S204,citations,doi:10.1007/978-3-319-19249-9_12->doi:10.1145/1889997.1890001,doi:10.1007/978-3-319-19249-9_12,doi:10.1145/1889997.1890001,10.1007/978-3-319-19249-9_12,10.1145/1889997.1890001,10.1007/978-3-319-19249-9_12,10.1145/1889997.1890001,061102637147-06602632664,2015,included,raw/cs084-citations-p0001-opencitations.json.gz
opencitations,CS084,S204,citations,doi:10.1109/tase.2018.00021->doi:10.1145/1889997.1890001,doi:10.1109/tase.2018.00021,doi:10.1145/1889997.1890001,10.1109/tase.2018.00021,10.1145/1889997.1890001,10.1109/tase.2018.00021,10.1145/1889997.1890001,06102709382-06602632664,2018-08,included,raw/cs084-citations-p0001-opencitations.json.gz
opencitations,CS084,S204,citations,doi:10.1007/978-3-319-15317-9_22->doi:10.1145/1889997.1890001,doi:10.1007/978-3-319-15317-9_22,doi:10.1145/1889997.1890001,10.1007/978-3-319-15317-9_22,10.1145/1889997.1890001,10.1007/978-3-319-15317-9_22,10.1145/1889997.1890001,06103067583-06602632664,2015,included,raw/cs084-citations-p0001-opencitations.json.gz
opencitations,CS084,S204,citations,doi:10.1016/j.scico.2016.04.008->doi:10.1145/1889997.1890001,doi:10.1016/j.scico.2016.04.008,doi:10.1145/1889997.1890001,10.1016/j.scico.2016.04.008,10.1145/1889997.1890001,10.1016/j.scico.2016.04.008,10.1145/1889997.1890001,06240449181-06602632664,2016-12,included,raw/cs084-citations-p0001-opencitations.json.gz
opencitations,CS084,S204,citations,doi:10.1561/2500000041->doi:10.1145/1889997.1890001,doi:10.1561/2500000041,doi:10.1145/1889997.1890001,10.1561/2500000041,10.1145/1889997.1890001,10.1561/2500000041,10.1145/1889997.1890001,061204263774-06602632664,,unknown-date,raw/cs084-citations-p0001-opencitations.json.gz
opencitations,CS084,S204,citations,doi:10.1142/s0129054121500015->doi:10.1145/1889997.1890001,doi:10.1142/s0129054121500015,doi:10.1145/1889997.1890001,10.1142/s0129054121500015,10.1145/1889997.1890001,10.1142/s0129054121500015,10.1145/1889997.1890001,061201912702-06602632664,2021-01,included,raw/cs084-citations-p0001-opencitations.json.gz
opencitations,CS084,S204,citations,doi:10.1007/978-3-319-51046-0_9->doi:10.1145/1889997.1890001,doi:10.1007/978-3-319-51046-0_9,doi:10.1145/1889997.1890001,10.1007/978-3-319-51046-0_9,10.1145/1889997.1890001,10.1007/978-3-319-51046-0_9,10.1145/1889997.1890001,061302405290-06602632664,2016-12-18,included,raw/cs084-citations-p0001-opencitations.json.gz
opencitations,CS084,S204,citations,doi:10.1007/978-3-642-21437-0_25->doi:10.1145/1889997.1890001,doi:10.1007/978-3-642-21437-0_25,doi:10.1145/1889997.1890001,10.1007/978-3-642-21437-0_25,10.1145/1889997.1890001,10.1007/978-3-642-21437-0_25,10.1145/1889997.1890001,062302881724-06602632664,2011,included,raw/cs084-citations-p0001-opencitations.json.gz
opencitations,CS084,S204,citations,doi:10.1145/3360587->doi:10.1145/1889997.1890001,doi:10.1145/3360587,doi:10.1145/1889997.1890001,10.1145/3360587,10.1145/1889997.1890001,10.1145/3360587,10.1145/1889997.1890001,06202297148-06602632664,2019-10-10,included,raw/cs084-citations-p0001-opencitations.json.gz
opencitations,CS084,S204,citations,doi:10.1007/978-3-319-13338-6_11->doi:10.1145/1889997.1890001,doi:10.1007/978-3-319-13338-6_11,doi:10.1145/1889997.1890001,10.1007/978-3-319-13338-6_11,10.1145/1889997.1890001,10.1007/978-3-319-13338-6_11,10.1145/1889997.1890001,062502635450-06602632664,2014,included,raw/cs084-citations-p0001-opencitations.json.gz
opencitations,CS084,S204,citations,doi:10.1145/2499370.2462189->doi:10.1145/1889997.1890001,doi:10.1145/2499370.2462189,doi:10.1145/1889997.1890001,10.1145/2499370.2462189,10.1145/1889997.1890001,10.1145/2499370.2462189,10.1145/1889997.1890001,0615093934-06602632664,2013-06-23,included,raw/cs084-citations-p0001-opencitations.json.gz
opencitations,CS084,S204,citations,doi:10.1145/3290371->doi:10.1145/1889997.1890001,doi:10.1145/3290371,doi:10.1145/1889997.1890001,10.1145/3290371,10.1145/1889997.1890001,10.1145/3290371,10.1145/1889997.1890001,06202297263-06602632664,2019-01-02,included,raw/cs084-citations-p0001-opencitations.json.gz
opencitations,CS084,S204,citations,doi:10.1007/978-3-319-71237-6_14->doi:10.1145/1889997.1890001,doi:10.1007/978-3-319-71237-6_14,doi:10.1145/1889997.1890001,10.1007/978-3-319-71237-6_14,10.1145/1889997.1890001,10.1007/978-3-319-71237-6_14,10.1145/1889997.1890001,061402200224-06602632664,2017,included,raw/cs084-citations-p0001-opencitations.json.gz
opencitations,CS084,S204,citations,doi:10.1007/978-3-319-41591-8_13->doi:10.1145/1889997.1890001,doi:10.1007/978-3-319-41591-8_13,doi:10.1145/1889997.1890001,10.1007/978-3-319-41591-8_13,10.1145/1889997.1890001,10.1007/978-3-319-41591-8_13,10.1145/1889997.1890001,062302422325-06602632664,2016,included,raw/cs084-citations-p0001-opencitations.json.gz
opencitations,CS084,S204,citations,doi:10.1007/978-3-319-42089-9_20->doi:10.1145/1889997.1890001,doi:10.1007/978-3-319-42089-9_20,doi:10.1145/1889997.1890001,10.1007/978-3-319-42089-9_20,10.1145/1889997.1890001,10.1007/978-3-319-42089-9_20,10.1145/1889997.1890001,061202416068-06602632664,2016,included,raw/cs084-citations-p0001-opencitations.json.gz
opencitations,CS084,S204,citations,doi:10.1145/3167132.3167333->doi:10.1145/1889997.1890001,doi:10.1145/3167132.3167333,doi:10.1145/1889997.1890001,10.1145/3167132.3167333,10.1145/1889997.1890001,10.1145/3167132.3167333,10.1145/1889997.1890001,062402327120-06602632664,2018-04-09,included,raw/cs084-citations-p0001-opencitations.json.gz
opencitations,CS085,S205,references,doi:10.1145/2737924.2737964->doi:10.1007/978-3-642-39634-2_5,doi:10.1145/2737924.2737964,doi:10.1007/978-3-642-39634-2_5,10.1145/2737924.2737964,10.1007/978-3-642-39634-2_5,10.1145/2737924.2737964,10.1007/978-3-642-39634-2_5,062502532147-061102722414,2015-06-03,included,raw/cs085-references-p0001-opencitations.json.gz
opencitations,CS085,S205,references,doi:10.1145/2737924.2737964->doi:10.1007/978-3-540-69407-6_39,doi:10.1145/2737924.2737964,doi:10.1007/978-3-540-69407-6_39,10.1145/2737924.2737964,10.1007/978-3-540-69407-6_39,10.1145/2737924.2737964,10.1007/978-3-540-69407-6_39,062502532147-061403074138,2015-06-03,included,raw/cs085-references-p0001-opencitations.json.gz
opencitations,CS085,S205,references,doi:10.1145/2737924.2737964->doi:10.1145/1706299.1706331,doi:10.1145/2737924.2737964,doi:10.1145/1706299.1706331,10.1145/2737924.2737964,10.1145/1706299.1706331,10.1145/2737924.2737964,10.1145/1706299.1706331,062502532147-06703590870,2015-06-03,included,raw/cs085-references-p0001-opencitations.json.gz
opencitations,CS085,S205,references,doi:10.1145/2737924.2737964->doi:10.1007/978-3-662-07964-5,doi:10.1145/2737924.2737964,doi:10.1007/978-3-662-07964-5,10.1145/2737924.2737964,10.1007/978-3-662-07964-5,10.1145/2737924.2737964,10.1007/978-3-662-07964-5,062502532147-0621062837,2015-06-03,included,raw/cs085-references-p0001-opencitations.json.gz
opencitations,CS085,S205,references,doi:10.1145/2737924.2737964->doi:10.1145/2034773.2034798,doi:10.1145/2737924.2737964,doi:10.1145/2034773.2034798,10.1145/2737924.2737964,10.1145/2034773.2034798,10.1145/2737924.2737964,10.1145/2034773.2034798,062502532147-06603424945,2015-06-03,included,raw/cs085-references-p0001-opencitations.json.gz
opencitations,CS085,S205,references,doi:10.1145/2737924.2737964->doi:10.1145/2676726.2676980,doi:10.1145/2737924.2737964,doi:10.1145/2676726.2676980,10.1145/2737924.2737964,10.1145/2676726.2676980,10.1145/2737924.2737964,10.1145/2676726.2676980,062502532147-06801942711,2015-06-03,included,raw/cs085-references-p0001-opencitations.json.gz
opencitations,CS085,S205,references,doi:10.1145/2737924.2737964->doi:10.1145/2429069.2429105,doi:10.1145/2737924.2737964,doi:10.1145/2429069.2429105,10.1145/2737924.2737964,10.1145/2429069.2429105,10.1145/2737924.2737964,10.1145/2429069.2429105,062502532147-061502962518,2015-06-03,included,raw/cs085-references-p0001-opencitations.json.gz
opencitations,CS085,S205,references,doi:10.1145/2737924.2737964->doi:10.1145/1411203.1411237,doi:10.1145/2737924.2737964,doi:10.1145/1411203.1411237,10.1145/2737924.2737964,10.1145/1411203.1411237,10.1145/2737924.2737964,10.1145/1411203.1411237,062502532147-0616095085,2015-06-03,included,raw/cs085-references-p0001-opencitations.json.gz
opencitations,CS085,S205,references,doi:10.1145/2737924.2737964->doi:10.1145/1159803.1159812,doi:10.1145/2737924.2737964,doi:10.1145/1159803.1159812,10.1145/2737924.2737964,10.1145/1159803.1159812,10.1145/2737924.2737964,10.1145/1159803.1159812,062502532147-06503709516,2015-06-03,included,raw/cs085-references-p0001-opencitations.json.gz
opencitations,CS085,S205,references,doi:10.1145/2737924.2737964->doi:10.1007/978-1-84882-912-1_8,doi:10.1145/2737924.2737964,doi:10.1007/978-1-84882-912-1_8,10.1145/2737924.2737964,10.1007/978-1-84882-912-1_8,10.1145/2737924.2737964,10.1007/978-1-84882-912-1_8,062502532147-06902870197,2015-06-03,included,raw/cs085-references-p0001-opencitations.json.gz
opencitations,CS085,S205,references,doi:10.1145/2737924.2737964->doi:10.1145/1926385.1926417,doi:10.1145/2737924.2737964,doi:10.1145/1926385.1926417,10.1145/2737924.2737964,10.1145/1926385.1926417,10.1145/2737924.2737964,10.1145/1926385.1926417,062502532147-061503155782,2015-06-03,included,raw/cs085-references-p0001-opencitations.json.gz
opencitations,CS085,S205,references,doi:10.1145/2737924.2737964->doi:10.1007/978-3-662-46669-8_29,doi:10.1145/2737924.2737964,doi:10.1007/978-3-662-46669-8_29,10.1145/2737924.2737964,10.1007/978-3-662-46669-8_29,10.1145/2737924.2737964,10.1007/978-3-662-46669-8_29,062502532147-062402612755,2015-06-03,included,raw/cs085-references-p0001-opencitations.json.gz
opencitations,CS085,S205,references,doi:10.1145/2737924.2737964->doi:10.1145/1111037.1111042,doi:10.1145/2737924.2737964,doi:10.1145/1111037.1111042,10.1145/2737924.2737964,10.1145/1111037.1111042,10.1145/2737924.2737964,10.1145/1111037.1111042,062502532147-062203341520,2015-06-03,included,raw/cs085-references-p0001-opencitations.json.gz
opencitations,CS085,S205,references,doi:10.1145/2737924.2737964->doi:10.1007/978-3-642-54833-8_9,doi:10.1145/2737924.2737964,doi:10.1007/978-3-642-54833-8_9,10.1145/2737924.2737964,10.1007/978-3-642-54833-8_9,10.1145/2737924.2737964,10.1007/978-3-642-54833-8_9,062502532147-062302661864,2015-06-03,included,raw/cs085-references-p0001-opencitations.json.gz
opencitations,CS085,S205,references,doi:10.1145/2737924.2737964->doi:10.1145/360933.360975,doi:10.1145/2737924.2737964,doi:10.1145/360933.360975,10.1145/2737924.2737964,10.1145/360933.360975,10.1145/2737924.2737964,10.1145/360933.360975,062502532147-06703884208,2015-06-03,included,raw/cs085-references-p0001-opencitations.json.gz
opencitations,CS085,S205,references,doi:10.1145/2737924.2737964->doi:10.1007/978-3-642-35843-2_1,doi:10.1145/2737924.2737964,doi:10.1007/978-3-642-35843-2_1,10.1145/2737924.2737964,10.1007/978-3-642-35843-2_1,10.1145/2737924.2737964,10.1007/978-3-642-35843-2_1,062502532147-06203136776,2015-06-03,included,raw/cs085-references-p0001-opencitations.json.gz
opencitations,CS085,S205,references,doi:10.1145/2737924.2737964->doi:10.1145/1411204.1411237,doi:10.1145/2737924.2737964,doi:10.1145/1411204.1411237,10.1145/2737924.2737964,10.1145/1411204.1411237,10.1145/2737924.2737964,10.1145/1411204.1411237,062502532147-062503215529,2015-06-03,included,raw/cs085-references-p0001-opencitations.json.gz
opencitations,CS085,S205,references,doi:10.1145/2737924.2737964->doi:10.1007/978-3-642-54833-8_16,doi:10.1145/2737924.2737964,doi:10.1007/978-3-642-54833-8_16,10.1145/2737924.2737964,10.1007/978-3-642-54833-8_16,10.1145/2737924.2737964,10.1007/978-3-642-54833-8_16,062502532147-062302661838,2015-06-03,included,raw/cs085-references-p0001-opencitations.json.gz
opencitations,CS085,S205,references,doi:10.1145/2737924.2737964->doi:10.1007/978-3-642-11319-2_25,doi:10.1145/2737924.2737964,doi:10.1007/978-3-642-11319-2_25,10.1145/2737924.2737964,10.1007/978-3-642-11319-2_25,10.1145/2737924.2737964,10.1007/978-3-642-11319-2_25,062502532147-062203060338,2015-06-03,included,raw/cs085-references-p0001-opencitations.json.gz
opencitations,CS085,S205,references,doi:10.1145/2737924.2737964->doi:10.1007/978-3-662-44202-9_9,doi:10.1145/2737924.2737964,doi:10.1007/978-3-662-44202-9_9,10.1145/2737924.2737964,10.1007/978-3-662-44202-9_9,10.1145/2737924.2737964,10.1007/978-3-662-44202-9_9,062502532147-062102644433,2015-06-03,included,raw/cs085-references-p0001-opencitations.json.gz
opencitations,CS085,S205,references,doi:10.1145/2737924.2737964->doi:10.1007/978-3-540-74061-2_15,doi:10.1145/2737924.2737964,doi:10.1007/978-3-540-74061-2_15,10.1145/2737924.2737964,10.1007/978-3-540-74061-2_15,10.1145/2737924.2737964,10.1007/978-3-540-74061-2_15,062502532147-06703502766,2015-06-03,included,raw/cs085-references-p0001-opencitations.json.gz
opencitations,CS085,S205,references,doi:10.1145/2737924.2737964->doi:10.1145/2737924.2737964,doi:10.1145/2737924.2737964,doi:10.1145/2737924.2737964,10.1145/2737924.2737964,10.1145/2737924.2737964,10.1145/2737924.2737964,10.1145/2737924.2737964,062502532147-062502532147,2015-06-03,included,raw/cs085-references-p0001-opencitations.json.gz
opencitations,CS085,S205,references,doi:10.1145/2737924.2737964->doi:10.1145/2491956.2462189,doi:10.1145/2737924.2737964,doi:10.1145/2491956.2462189,10.1145/2737924.2737964,10.1145/2491956.2462189,10.1145/2737924.2737964,10.1145/2491956.2462189,062502532147-062402933996,2015-06-03,included,raw/cs085-references-p0001-opencitations.json.gz
opencitations,CS085,S205,references,doi:10.1145/2737924.2737964->doi:10.1007/978-3-642-00590-9_27,doi:10.1145/2737924.2737964,doi:10.1007/978-3-642-00590-9_27,10.1145/2737924.2737964,10.1007/978-3-642-00590-9_27,10.1145/2737924.2737964,10.1007/978-3-642-00590-9_27,062502532147-062603098723,2015-06-03,included,raw/cs085-references-p0001-opencitations.json.gz
opencitations,CS085,S205,references,doi:10.1145/2737924.2737964->doi:10.1145/2429069.2429104,doi:10.1145/2737924.2737964,doi:10.1145/2429069.2429104,10.1145/2737924.2737964,10.1145/2429069.2429104,10.1145/2737924.2737964,10.1145/2429069.2429104,062502532147-061502963050,2015-06-03,included,raw/cs085-references-p0001-opencitations.json.gz
opencitations,CS085,S205,references,doi:10.1145/2737924.2737964->doi:10.1145/1594834.1480922,doi:10.1145/2737924.2737964,doi:10.1145/1594834.1480922,10.1145/2737924.2737964,10.1145/1594834.1480922,10.1145/2737924.2737964,10.1145/1594834.1480922,062502532147-0616094864,2015-06-03,included,raw/cs085-references-p0001-opencitations.json.gz
opencitations,CS085,S205,references,doi:10.1145/2737924.2737964->doi:10.1007/978-3-642-03829-7_7,doi:10.1145/2737924.2737964,doi:10.1007/978-3-642-03829-7_7,10.1145/2737924.2737964,10.1007/978-3-642-03829-7_7,10.1145/2737924.2737964,10.1007/978-3-642-03829-7_7,062502532147-062203076922,2015-06-03,included,raw/cs085-references-p0001-opencitations.json.gz
opencitations,CS085,S205,references,doi:10.1145/2737924.2737964->doi:10.1145/1810479.1810540,doi:10.1145/2737924.2737964,doi:10.1145/1810479.1810540,10.1145/2737924.2737964,10.1145/1810479.1810540,10.1145/2737924.2737964,10.1145/1810479.1810540,062502532147-062303174930,2015-06-03,included,raw/cs085-references-p0001-opencitations.json.gz
opencitations,CS085,S205,references,doi:10.1145/2737924.2737964->doi:10.1145/1047659.1040327,doi:10.1145/2737924.2737964,doi:10.1145/1047659.1040327,10.1145/2737924.2737964,10.1145/1047659.1040327,10.1145/2737924.2737964,10.1145/1047659.1040327,062502532147-0618095041,2015-06-03,included,raw/cs085-references-p0001-opencitations.json.gz
opencitations,CS085,S205,references,doi:10.1145/2737924.2737964->doi:10.1145/1480881.1480922,doi:10.1145/2737924.2737964,doi:10.1145/1480881.1480922,10.1145/2737924.2737964,10.1145/1480881.1480922,10.1145/2737924.2737964,10.1145/1480881.1480922,062502532147-061503225188,2015-06-03,included,raw/cs085-references-p0001-opencitations.json.gz
opencitations,CS085,S205,references,doi:10.1145/2737924.2737964->doi:10.1007/978-3-540-71316-6_13,doi:10.1145/2737924.2737964,doi:10.1007/978-3-540-71316-6_13,10.1145/2737924.2737964,10.1007/978-3-540-71316-6_13,10.1145/2737924.2737964,10.1007/978-3-540-71316-6_13,062502532147-06903122036,2015-06-03,included,raw/cs085-references-p0001-opencitations.json.gz
opencitations,CS085,S205,references,doi:10.1145/2737924.2737964->doi:10.1145/1993316.1993526,doi:10.1145/2737924.2737964,doi:10.1145/1993316.1993526,10.1145/2737924.2737964,10.1145/1993316.1993526,10.1145/2737924.2737964,10.1145/1993316.1993526,062502532147-0603920646,2015-06-03,included,raw/cs085-references-p0001-opencitations.json.gz
opencitations,CS085,S205,references,doi:10.1145/2737924.2737964->doi:10.1007/978-3-319-08970-6_32,doi:10.1145/2737924.2737964,doi:10.1007/978-3-319-08970-6_32,10.1145/2737924.2737964,10.1007/978-3-319-08970-6_32,10.1145/2737924.2737964,10.1007/978-3-319-08970-6_32,062502532147-062302649668,2015-06-03,included,raw/cs085-references-p0001-opencitations.json.gz
opencitations,CS085,S205,references,doi:10.1145/2737924.2737964->doi:10.7551/mitpress/9153.001.0001,doi:10.1145/2737924.2737964,doi:10.7551/mitpress/9153.001.0001,10.1145/2737924.2737964,10.7551/mitpress/9153.001.0001,10.1145/2737924.2737964,10.7551/mitpress/9153.001.0001,062502532147-062302148909,2015-06-03,included,raw/cs085-references-p0001-opencitations.json.gz
opencitations,CS085,S205,references,doi:10.1145/2737924.2737964->doi:10.1007/978-3-642-20398-5_4,doi:10.1145/2737924.2737964,doi:10.1007/978-3-642-20398-5_4,10.1145/2737924.2737964,10.1007/978-3-642-20398-5_4,10.1145/2737924.2737964,10.1007/978-3-642-20398-5_4,062502532147-062302789714,2015-06-03,included,raw/cs085-references-p0001-opencitations.json.gz
opencitations,CS085,S205,references,doi:10.1145/2737924.2737964->doi:10.1007/978-3-642-14107-2_24,doi:10.1145/2737924.2737964,doi:10.1007/978-3-642-14107-2_24,10.1145/2737924.2737964,10.1007/978-3-642-14107-2_24,10.1145/2737924.2737964,10.1007/978-3-642-14107-2_24,062502532147-062503019140,2015-06-03,included,raw/cs085-references-p0001-opencitations.json.gz
opencitations,CS085,S205,references,doi:10.1145/2737924.2737964->doi:10.1145/2429069.2429134,doi:10.1145/2737924.2737964,doi:10.1145/2429069.2429134,10.1145/2737924.2737964,10.1145/2429069.2429134,10.1145/2737924.2737964,10.1145/2429069.2429134,062502532147-061502962810,2015-06-03,included,raw/cs085-references-p0001-opencitations.json.gz
opencitations,CS085,S205,references,doi:10.1145/2737924.2737964->doi:10.1016/j.tcs.2006.12.034,doi:10.1145/2737924.2737964,doi:10.1016/j.tcs.2006.12.034,10.1145/2737924.2737964,10.1016/j.tcs.2006.12.034,10.1145/2737924.2737964,10.1016/j.tcs.2006.12.034,062502532147-0660805778,2015-06-03,included,raw/cs085-references-p0001-opencitations.json.gz
opencitations,CS085,S205,references,doi:10.1145/2737924.2737964->doi:10.1007/978-3-540-74407-8_18,doi:10.1145/2737924.2737964,doi:10.1007/978-3-540-74407-8_18,10.1145/2737924.2737964,10.1007/978-3-540-74407-8_18,10.1145/2737924.2737964,10.1007/978-3-540-74407-8_18,062502532147-062403101181,2015-06-03,included,raw/cs085-references-p0001-opencitations.json.gz
opencitations,CS085,S205,references,doi:10.1145/2737924.2737964->doi:10.1145/2429069.2429131,doi:10.1145/2737924.2737964,doi:10.1145/2429069.2429131,10.1145/2737924.2737964,10.1145/2429069.2429131,10.1145/2737924.2737964,10.1145/2429069.2429131,062502532147-061502962719,2015-06-03,included,raw/cs085-references-p0001-opencitations.json.gz
opencitations,CS085,S205,references,doi:10.1145/2737924.2737964->doi:10.1145/2544174.2500600,doi:10.1145/2737924.2737964,doi:10.1145/2544174.2500600,10.1145/2737924.2737964,10.1145/2544174.2500600,10.1145/2737924.2737964,10.1145/2544174.2500600,062502532147-0615093688,2015-06-03,included,raw/cs085-references-p0001-opencitations.json.gz
opencitations,CS085,S205,references,doi:10.1145/2737924.2737964->doi:10.1145/360051.360224,doi:10.1145/2737924.2737964,doi:10.1145/360051.360224,10.1145/2737924.2737964,10.1145/360051.360224,10.1145/2737924.2737964,10.1145/360051.360224,062502532147-061203479329,2015-06-03,included,raw/cs085-references-p0001-opencitations.json.gz
opencitations,CS085,S205,references,doi:10.1145/2737924.2737964->doi:10.1145/2775051.2676980,doi:10.1145/2737924.2737964,doi:10.1145/2775051.2676980,10.1145/2737924.2737964,10.1145/2775051.2676980,10.1145/2737924.2737964,10.1145/2775051.2676980,062502532147-0614090765,2015-06-03,included,raw/cs085-references-p0001-opencitations.json.gz
opencitations,CS085,S205,references,doi:10.1145/2737924.2737964->doi:10.1109/lics.2002.1029817,doi:10.1145/2737924.2737964,doi:10.1109/lics.2002.1029817,10.1145/2737924.2737964,10.1109/lics.2002.1029817,10.1145/2737924.2737964,10.1109/lics.2002.1029817,062502532147-06302043364,2015-06-03,included,raw/cs085-references-p0001-opencitations.json.gz
opencitations,CS085,S205,references,doi:10.1145/2737924.2737964->doi:10.1016/j.tcs.2006.12.035,doi:10.1145/2737924.2737964,doi:10.1016/j.tcs.2006.12.035,10.1145/2737924.2737964,10.1016/j.tcs.2006.12.035,10.1145/2737924.2737964,10.1016/j.tcs.2006.12.035,062502532147-0660805781,2015-06-03,included,raw/cs085-references-p0001-opencitations.json.gz
opencitations,CS085,S205,references,doi:10.1145/2737924.2737964->doi:10.1145/1040305.1040327,doi:10.1145/2737924.2737964,doi:10.1145/1040305.1040327,10.1145/2737924.2737964,10.1145/1040305.1040327,10.1145/2737924.2737964,10.1145/1040305.1040327,062502532147-062503355346,2015-06-03,included,raw/cs085-references-p0001-opencitations.json.gz
opencitations,CS085,S205,references,doi:10.1145/2737924.2737964->doi:10.1007/978-3-662-46669-8_14,doi:10.1145/2737924.2737964,doi:10.1007/978-3-662-46669-8_14,10.1145/2737924.2737964,10.1007/978-3-662-46669-8_14,10.1145/2737924.2737964,10.1007/978-3-662-46669-8_14,062502532147-062402612758,2015-06-03,included,raw/cs085-references-p0001-opencitations.json.gz
opencitations,CS085,S205,references,doi:10.1145/2737924.2737964->doi:10.1145/69575.69577,doi:10.1145/2737924.2737964,doi:10.1145/69575.69577,10.1145/2737924.2737964,10.1145/69575.69577,10.1145/2737924.2737964,10.1145/69575.69577,062502532147-06602633320,2015-06-03,included,raw/cs085-references-p0001-opencitations.json.gz
opencitations,CS085,S205,references,doi:10.1145/2737924.2737964->doi:10.1145/1859204.1859226,doi:10.1145/2737924.2737964,doi:10.1145/1859204.1859226,10.1145/2737924.2737964,10.1145/1859204.1859226,10.1145/2737924.2737964,10.1145/1859204.1859226,062502532147-06102780535,2015-06-03,included,raw/cs085-references-p0001-opencitations.json.gz
opencitations,CS085,S205,references,doi:10.1145/2737924.2737964->doi:10.1007/978-3-642-03359-9_2,doi:10.1145/2737924.2737964,doi:10.1007/978-3-642-03359-9_2,10.1145/2737924.2737964,10.1007/978-3-642-03359-9_2,10.1145/2737924.2737964,10.1007/978-3-642-03359-9_2,062502532147-061203081730,2015-06-03,included,raw/cs085-references-p0001-opencitations.json.gz
opencitations,CS085,S205,references,doi:10.1145/2737924.2737964->doi:10.1145/2480359.2429134,doi:10.1145/2737924.2737964,doi:10.1145/2480359.2429134,10.1145/2737924.2737964,10.1145/2480359.2429134,10.1145/2737924.2737964,10.1145/2480359.2429134,062502532147-0614090102,2015-06-03,included,raw/cs085-references-p0001-opencitations.json.gz
opencitations,CS085,S205,references,doi:10.1145/2737924.2737964->doi:10.1145/78969.78972,doi:10.1145/2737924.2737964,doi:10.1145/78969.78972,10.1145/2737924.2737964,10.1145/78969.78972,10.1145/2737924.2737964,10.1145/78969.78972,062502532147-06702614122,2015-06-03,included,raw/cs085-references-p0001-opencitations.json.gz
opencitations,CS085,S205,references,doi:10.1145/2737924.2737964->doi:10.1145/2500365.2500600,doi:10.1145/2737924.2737964,doi:10.1145/2500365.2500600,10.1145/2737924.2737964,10.1145/2500365.2500600,10.1145/2737924.2737964,10.1145/2500365.2500600,062502532147-061102942728,2015-06-03,included,raw/cs085-references-p0001-opencitations.json.gz
opencitations,CS085,S205,references,doi:10.1145/2737924.2737964->doi:10.1017/cbo9781107256552,doi:10.1145/2737924.2737964,doi:10.1017/cbo9781107256552,10.1145/2737924.2737964,10.1017/cbo9781107256552,10.1145/2737924.2737964,10.1017/cbo9781107256552,062502532147-06103103917,2015-06-03,included,raw/cs085-references-p0001-opencitations.json.gz
opencitations,CS085,S205,citations,doi:10.1561/9781680835953->doi:10.1145/2737924.2737964,doi:10.1561/9781680835953,doi:10.1145/2737924.2737964,10.1561/9781680835953,10.1145/2737924.2737964,10.1561/9781680835953,10.1145/2737924.2737964,061702036490-062502532147,2019,included,raw/cs085-citations-p0001-opencitations.json.gz
opencitations,CS085,S205,citations,doi:10.1145/2983990.2983999->doi:10.1145/2737924.2737964,doi:10.1145/2983990.2983999,doi:10.1145/2737924.2737964,10.1145/2983990.2983999,10.1145/2737924.2737964,10.1145/2983990.2983999,10.1145/2737924.2737964,061402461650-062502532147,2016-10-19,included,raw/cs085-citations-p0001-opencitations.json.gz
opencitations,CS085,S205,citations,doi:10.1145/3341301.3359632->doi:10.1145/2737924.2737964,doi:10.1145/3341301.3359632,doi:10.1145/2737924.2737964,10.1145/3341301.3359632,10.1145/2737924.2737964,10.1145/3341301.3359632,10.1145/2737924.2737964,062402269520-062502532147,2019-10-27,included,raw/cs085-citations-p0001-opencitations.json.gz
opencitations,CS085,S205,citations,doi:10.1109/icpc.2019.00041->doi:10.1145/2737924.2737964,doi:10.1109/icpc.2019.00041,doi:10.1145/2737924.2737964,10.1109/icpc.2019.00041,10.1145/2737924.2737964,10.1109/icpc.2019.00041,10.1145/2737924.2737964,061202277554-062502532147,2019-05,included,raw/cs085-citations-p0001-opencitations.json.gz
opencitations,CS085,S205,citations,doi:10.1145/3341709->doi:10.1145/2737924.2737964,doi:10.1145/3341709,doi:10.1145/2737924.2737964,10.1145/3341709,10.1145/2737924.2737964,10.1145/3341709,10.1145/2737924.2737964,06202297232-062502532147,2019-07-26,included,raw/cs085-citations-p0001-opencitations.json.gz
opencitations,CS085,S205,citations,doi:10.1145/2908080.2908129->doi:10.1145/2737924.2737964,doi:10.1145/2908080.2908129,doi:10.1145/2737924.2737964,10.1145/2908080.2908129,10.1145/2737924.2737964,10.1145/2908080.2908129,10.1145/2737924.2737964,06301928944-062502532147,2016-06-02,included,raw/cs085-citations-p0001-opencitations.json.gz
opencitations,CS085,S205,citations,doi:10.1145/3064850->doi:10.1145/2737924.2737964,doi:10.1145/3064850,doi:10.1145/2737924.2737964,10.1145/3064850,10.1145/2737924.2737964,10.1145/3064850,10.1145/2737924.2737964,06602632567-062502532147,2017-09-30,included,raw/cs085-citations-p0001-opencitations.json.gz
opencitations,CS085,S205,citations,doi:10.1145/2984450.2984457->doi:10.1145/2737924.2737964,doi:10.1145/2984450.2984457,doi:10.1145/2737924.2737964,10.1145/2984450.2984457,10.1145/2737924.2737964,10.1145/2984450.2984457,10.1145/2737924.2737964,061702147321-062502532147,2016-08-08,included,raw/cs085-citations-p0001-opencitations.json.gz
opencitations,CS085,S205,citations,doi:10.1145/3158116->doi:10.1145/2737924.2737964,doi:10.1145/3158116,doi:10.1145/2737924.2737964,10.1145/3158116,10.1145/2737924.2737964,10.1145/3158116,10.1145/2737924.2737964,06202297442-062502532147,2018-01,included,raw/cs085-citations-p0001-opencitations.json.gz
opencitations,CS085,S205,citations,doi:10.1007/978-3-031-82700-6_4->doi:10.1145/2737924.2737964,doi:10.1007/978-3-031-82700-6_4,doi:10.1145/2737924.2737964,10.1007/978-3-031-82700-6_4,10.1145/2737924.2737964,10.1007/978-3-031-82700-6_4,10.1145/2737924.2737964,0606629702-062502532147,2025,included,raw/cs085-citations-p0001-opencitations.json.gz
opencitations,CS085,S205,citations,doi:10.1145/3409003->doi:10.1145/2737924.2737964,doi:10.1145/3409003,doi:10.1145/2737924.2737964,10.1145/3409003,10.1145/2737924.2737964,10.1145/3409003,10.1145/2737924.2737964,06202297036-062502532147,2020-08-02,included,raw/cs085-citations-p0001-opencitations.json.gz
opencitations,CS085,S205,citations,doi:10.1561/2500000045->doi:10.1145/2737924.2737964,doi:10.1561/2500000045,doi:10.1145/2737924.2737964,10.1561/2500000045,10.1145/2737924.2737964,10.1561/2500000045,10.1145/2737924.2737964,062502146556-062502532147,2019,included,raw/cs085-citations-p0001-opencitations.json.gz
opencitations,CS085,S205,citations,doi:10.1145/3385412.3386029->doi:10.1145/2737924.2737964,doi:10.1145/3385412.3386029,doi:10.1145/2737924.2737964,10.1145/3385412.3386029,10.1145/2737924.2737964,10.1145/3385412.3386029,10.1145/2737924.2737964,06702087742-062502532147,2020-06-06,included,raw/cs085-citations-p0001-opencitations.json.gz
opencitations,CS085,S205,citations,doi:10.1007/978-3-319-94821-8_5->doi:10.1145/2737924.2737964,doi:10.1007/978-3-319-94821-8_5,doi:10.1145/2737924.2737964,10.1007/978-3-319-94821-8_5,10.1145/2737924.2737964,10.1007/978-3-319-94821-8_5,10.1145/2737924.2737964,06202585720-062502532147,2018,included,raw/cs085-citations-p0001-opencitations.json.gz
opencitations,CS085,S205,citations,doi:10.1145/3276514->doi:10.1145/2737924.2737964,doi:10.1145/3276514,doi:10.1145/2737924.2737964,10.1145/3276514,10.1145/2737924.2737964,10.1145/3276514,10.1145/2737924.2737964,06202297358-062502532147,2018-10-24,included,raw/cs085-citations-p0001-opencitations.json.gz
opencitations,CS085,S205,citations,doi:10.1145/3776719->doi:10.1145/2737924.2737964,doi:10.1145/3776719,doi:10.1145/2737924.2737964,10.1145/3776719,10.1145/2737924.2737964,10.1145/3776719,10.1145/2737924.2737964,06013123388-062502532147,2026-01-08,included,raw/cs085-citations-p0001-opencitations.json.gz
opencitations,CS085,S205,citations,doi:10.1145/3093333.3009855->doi:10.1145/2737924.2737964,doi:10.1145/3093333.3009855,doi:10.1145/2737924.2737964,10.1145/3093333.3009855,10.1145/2737924.2737964,10.1145/3093333.3009855,10.1145/2737924.2737964,0613091264-062502532147,2017-05-11,included,raw/cs085-citations-p0001-opencitations.json.gz
opencitations,CS085,S205,citations,doi:10.1007/978-3-319-72308-2_12->doi:10.1145/2737924.2737964,doi:10.1007/978-3-319-72308-2_12,doi:10.1145/2737924.2737964,10.1007/978-3-319-72308-2_12,10.1145/2737924.2737964,10.1007/978-3-319-72308-2_12,10.1145/2737924.2737964,061202222645-062502532147,2017,included,raw/cs085-citations-p0001-opencitations.json.gz
opencitations,CS085,S205,citations,doi:10.1007/978-3-319-70278-0_30->doi:10.1145/2737924.2737964,doi:10.1007/978-3-319-70278-0_30,doi:10.1145/2737924.2737964,10.1007/978-3-319-70278-0_30,10.1145/2737924.2737964,10.1007/978-3-319-70278-0_30,10.1145/2737924.2737964,06502592932-062502532147,2017,included,raw/cs085-citations-p0001-opencitations.json.gz
opencitations,CS085,S205,citations,doi:10.1145/3498719->doi:10.1145/2737924.2737964,doi:10.1145/3498719,doi:10.1145/2737924.2737964,10.1145/3498719,10.1145/2737924.2737964,10.1145/3498719,10.1145/2737924.2737964,06202296719-062502532147,2022-01-16,included,raw/cs085-citations-p0001-opencitations.json.gz
opencitations,CS085,S205,citations,doi:10.1145/2951913.2951943->doi:10.1145/2737924.2737964,doi:10.1145/2951913.2951943,doi:10.1145/2737924.2737964,10.1145/2951913.2951943,10.1145/2737924.2737964,10.1145/2951913.2951943,10.1145/2737924.2737964,06202906292-062502532147,2016-09-04,included,raw/cs085-citations-p0001-opencitations.json.gz
opencitations,CS085,S205,citations,doi:10.1145/2737924.2737964->doi:10.1145/2737924.2737964,doi:10.1145/2737924.2737964,doi:10.1145/2737924.2737964,10.1145/2737924.2737964,10.1145/2737924.2737964,10.1145/2737924.2737964,10.1145/2737924.2737964,062502532147-062502532147,2015-06-03,included,raw/cs085-citations-p0001-opencitations.json.gz
opencitations,CS085,S205,citations,doi:10.2200/s01089ed1v01y202104csl013->doi:10.1145/2737924.2737964,doi:10.2200/s01089ed1v01y202104csl013,doi:10.1145/2737924.2737964,10.2200/s01089ed1v01y202104csl013,10.1145/2737924.2737964,10.2200/s01089ed1v01y202104csl013,10.1145/2737924.2737964,061501490297-062502532147,2021-06-01,included,raw/cs085-citations-p0001-opencitations.json.gz
opencitations,CS085,S205,citations,doi:10.1145/3729328->doi:10.1145/2737924.2737964,doi:10.1145/3729328,doi:10.1145/2737924.2737964,10.1145/3729328,10.1145/2737924.2737964,10.1145/3729328,10.1145/2737924.2737964,06010419636-062502532147,2025-06-10,included,raw/cs085-citations-p0001-opencitations.json.gz
opencitations,CS085,S205,citations,doi:10.1145/3636501.3636944->doi:10.1145/2737924.2737964,doi:10.1145/3636501.3636944,doi:10.1145/2737924.2737964,10.1145/3636501.3636944,10.1145/2737924.2737964,10.1145/3636501.3636944,10.1145/2737924.2737964,061604139371-062502532147,2024-01-09,included,raw/cs085-citations-p0001-opencitations.json.gz
opencitations,CS085,S205,citations,doi:10.1007/978-3-319-66107-0_31->doi:10.1145/2737924.2737964,doi:10.1007/978-3-319-66107-0_31,doi:10.1145/2737924.2737964,10.1007/978-3-319-66107-0_31,10.1145/2737924.2737964,10.1007/978-3-319-66107-0_31,10.1145/2737924.2737964,06602607795-062502532147,2017,included,raw/cs085-citations-p0001-opencitations.json.gz
opencitations,CS085,S205,citations,doi:10.1145/3519939.3523432->doi:10.1145/2737924.2737964,doi:10.1145/3519939.3523432,doi:10.1145/2737924.2737964,10.1145/3519939.3523432,10.1145/2737924.2737964,10.1145/3519939.3523432,10.1145/2737924.2737964,061502955396-062502532147,2022-06-09,included,raw/cs085-citations-p0001-opencitations.json.gz
opencitations,CS085,S205,citations,doi:10.1007/978-3-030-51054-1_6->doi:10.1145/2737924.2737964,doi:10.1007/978-3-030-51054-1_6,doi:10.1145/2737924.2737964,10.1007/978-3-030-51054-1_6,10.1145/2737924.2737964,10.1007/978-3-030-51054-1_6,10.1145/2737924.2737964,061201984176-062502532147,2020,included,raw/cs085-citations-p0001-opencitations.json.gz
opencitations,CS085,S205,citations,doi:10.1145/3149485.3149511->doi:10.1145/2737924.2737964,doi:10.1145/3149485.3149511,doi:10.1145/2737924.2737964,10.1145/3149485.3149511,10.1145/2737924.2737964,10.1145/3149485.3149511,10.1145/2737924.2737964,0610925279-062502532147,2018-01-11,included,raw/cs085-citations-p0001-opencitations.json.gz
opencitations,CS085,S205,citations,doi:10.1145/3591221->doi:10.1145/2737924.2737964,doi:10.1145/3591221,doi:10.1145/2737924.2737964,10.1145/3591221,10.1145/2737924.2737964,10.1145/3591221,10.1145/2737924.2737964,062203928091-062502532147,2023-06-06,included,raw/cs085-citations-p0001-opencitations.json.gz
opencitations,CS085,S205,citations,doi:10.1007/978-3-662-54434-1_26->doi:10.1145/2737924.2737964,doi:10.1007/978-3-662-54434-1_26,doi:10.1145/2737924.2737964,10.1007/978-3-662-54434-1_26,10.1145/2737924.2737964,10.1007/978-3-662-54434-1_26,10.1145/2737924.2737964,062302394782-062502532147,2017,included,raw/cs085-citations-p0001-opencitations.json.gz
opencitations,CS085,S205,citations,doi:10.1007/s10817-024-09706-5->doi:10.1145/2737924.2737964,doi:10.1007/s10817-024-09706-5,doi:10.1145/2737924.2737964,10.1007/s10817-024-09706-5,10.1145/2737924.2737964,10.1007/s10817-024-09706-5,10.1145/2737924.2737964,062104294359-062502532147,2024-08-10,included,raw/cs085-citations-p0001-opencitations.json.gz
opencitations,CS085,S205,citations,doi:10.1007/978-3-319-96145-3_26->doi:10.1145/2737924.2737964,doi:10.1007/978-3-319-96145-3_26,doi:10.1145/2737924.2737964,10.1007/978-3-319-96145-3_26,10.1145/2737924.2737964,10.1007/978-3-319-96145-3_26,10.1145/2737924.2737964,061102209769-062502532147,2018,included,raw/cs085-citations-p0001-opencitations.json.gz
opencitations,CS085,S205,citations,doi:10.1145/3140568->doi:10.1145/2737924.2737964,doi:10.1145/3140568,doi:10.1145/2737924.2737964,10.1145/3140568,10.1145/2737924.2737964,10.1145/3140568,10.1145/2737924.2737964,06202297552-062502532147,2017-10-12,included,raw/cs085-citations-p0001-opencitations.json.gz
opencitations,CS085,S205,citations,doi:10.1145/3293882.3330560->doi:10.1145/2737924.2737964,doi:10.1145/3293882.3330560,doi:10.1145/2737924.2737964,10.1145/3293882.3330560,10.1145/2737924.2737964,10.1145/3293882.3330560,10.1145/2737924.2737964,062402281371-062502532147,2019-07-10,included,raw/cs085-citations-p0001-opencitations.json.gz
opencitations,CS085,S205,citations,doi:10.1007/978-3-030-05998-9_11->doi:10.1145/2737924.2737964,doi:10.1007/978-3-030-05998-9_11,doi:10.1145/2737924.2737964,10.1007/978-3-030-05998-9_11,10.1145/2737924.2737964,10.1007/978-3-030-05998-9_11,10.1145/2737924.2737964,061502127109-062502532147,2018-12-19,included,raw/cs085-citations-p0001-opencitations.json.gz
opencitations,CS085,S205,citations,doi:10.1007/978-3-030-51054-1_8->doi:10.1145/2737924.2737964,doi:10.1007/978-3-030-51054-1_8,doi:10.1145/2737924.2737964,10.1007/978-3-030-51054-1_8,10.1145/2737924.2737964,10.1007/978-3-030-51054-1_8,10.1145/2737924.2737964,061201984192-062502532147,2020,included,raw/cs085-citations-p0001-opencitations.json.gz
opencitations,CS085,S205,citations,doi:10.1145/3546942->doi:10.1145/2737924.2737964,doi:10.1145/3546942,doi:10.1145/2737924.2737964,10.1145/3546942,10.1145/2737924.2737964,10.1145/3546942,10.1145/2737924.2737964,06120675528-062502532147,2022-07-07,included,raw/cs085-citations-p0001-opencitations.json.gz
opencitations,CS085,S205,citations,doi:10.1145/3158113->doi:10.1145/2737924.2737964,doi:10.1145/3158113,doi:10.1145/2737924.2737964,10.1145/3158113,10.1145/2737924.2737964,10.1145/3158113,10.1145/2737924.2737964,06202297463-062502532147,2018-01,included,raw/cs085-citations-p0001-opencitations.json.gz
opencitations,CS085,S205,citations,doi:10.1145/2813885.2737964->doi:10.1145/2737924.2737964,doi:10.1145/2813885.2737964,doi:10.1145/2737924.2737964,10.1145/2813885.2737964,10.1145/2737924.2737964,10.1145/2813885.2737964,10.1145/2737924.2737964,0614090667-062502532147,2015-08-07,included,raw/cs085-citations-p0001-opencitations.json.gz
opencitations,CS085,S205,citations,doi:10.1016/j.sysarc.2023.103046->doi:10.1145/2737924.2737964,doi:10.1016/j.sysarc.2023.103046,doi:10.1145/2737924.2737964,10.1016/j.sysarc.2023.103046,10.1145/2737924.2737964,10.1016/j.sysarc.2023.103046,10.1145/2737924.2737964,06330382214-062502532147,2024-02,included,raw/cs085-citations-p0001-opencitations.json.gz
opencitations,CS085,S205,citations,doi:10.1007/978-3-319-68690-5_14->doi:10.1145/2737924.2737964,doi:10.1007/978-3-319-68690-5_14,doi:10.1145/2737924.2737964,10.1007/978-3-319-68690-5_14,10.1145/2737924.2737964,10.1007/978-3-319-68690-5_14,10.1145/2737924.2737964,06902266171-062502532147,2017,included,raw/cs085-citations-p0001-opencitations.json.gz
opencitations,CS085,S205,citations,doi:10.1007/978-3-662-54434-1_16->doi:10.1145/2737924.2737964,doi:10.1007/978-3-662-54434-1_16,doi:10.1145/2737924.2737964,10.1007/978-3-662-54434-1_16,10.1145/2737924.2737964,10.1007/978-3-662-54434-1_16,10.1145/2737924.2737964,062302394798-062502532147,2017,included,raw/cs085-citations-p0001-opencitations.json.gz
opencitations,CS085,S205,citations,doi:10.1145/3586043->doi:10.1145/2737924.2737964,doi:10.1145/3586043,doi:10.1145/2737924.2737964,10.1145/3586043,10.1145/2737924.2737964,10.1145/3586043,10.1145/2737924.2737964,062203928157-062502532147,2023-04-06,included,raw/cs085-citations-p0001-opencitations.json.gz
opencitations,CS085,S205,citations,doi:10.1145/3022671.2983999->doi:10.1145/2737924.2737964,doi:10.1145/3022671.2983999,doi:10.1145/2737924.2737964,10.1145/3022671.2983999,10.1145/2737924.2737964,10.1145/3022671.2983999,10.1145/2737924.2737964,0613091409-062502532147,2016-12-05,included,raw/cs085-citations-p0001-opencitations.json.gz
opencitations,CS085,S205,citations,doi:10.1145/3498847->doi:10.1145/2737924.2737964,doi:10.1145/3498847,doi:10.1145/2737924.2737964,10.1145/3498847,10.1145/2737924.2737964,10.1145/3498847,10.1145/2737924.2737964,06602632479-062502532147,2022-09-30,included,raw/cs085-citations-p0001-opencitations.json.gz
opencitations,CS085,S205,citations,doi:10.1007/s10817-018-9489-x->doi:10.1145/2737924.2737964,doi:10.1007/s10817-018-9489-x,doi:10.1145/2737924.2737964,10.1007/s10817-018-9489-x,10.1145/2737924.2737964,10.1007/s10817-018-9489-x,10.1145/2737924.2737964,061302860300-062502532147,2018-11-01,included,raw/cs085-citations-p0001-opencitations.json.gz
opencitations,CS085,S205,citations,doi:10.1007/978-3-030-88806-0_18->doi:10.1145/2737924.2737964,doi:10.1007/978-3-030-88806-0_18,doi:10.1145/2737924.2737964,10.1007/978-3-030-88806-0_18,10.1145/2737924.2737964,10.1007/978-3-030-88806-0_18,10.1145/2737924.2737964,062201396950-062502532147,2021,included,raw/cs085-citations-p0001-opencitations.json.gz
opencitations,CS085,S205,citations,doi:10.1145/3689775->doi:10.1145/2737924.2737964,doi:10.1145/3689775,doi:10.1145/2737924.2737964,10.1145/3689775,10.1145/2737924.2737964,10.1145/3689775,10.1145/2737924.2737964,062404381245-062502532147,2024-10-08,included,raw/cs085-citations-p0001-opencitations.json.gz
opencitations,CS085,S205,citations,doi:10.1145/3497775.3503689->doi:10.1145/2737924.2737964,doi:10.1145/3497775.3503689,doi:10.1145/2737924.2737964,10.1145/3497775.3503689,10.1145/2737924.2737964,10.1145/3497775.3503689,10.1145/2737924.2737964,06902345961-062502532147,2022-01-17,included,raw/cs085-citations-p0001-opencitations.json.gz
opencitations,CS085,S205,citations,doi:10.1016/j.sysarc.2023.103049->doi:10.1145/2737924.2737964,doi:10.1016/j.sysarc.2023.103049,doi:10.1145/2737924.2737964,10.1016/j.sysarc.2023.103049,10.1145/2737924.2737964,10.1016/j.sysarc.2023.103049,10.1145/2737924.2737964,06330382205-062502532147,2024-02,included,raw/cs085-citations-p0001-opencitations.json.gz
opencitations,CS085,S205,citations,doi:10.1145/3453483.3454036->doi:10.1145/2737924.2737964,doi:10.1145/3453483.3454036,doi:10.1145/2737924.2737964,10.1145/3453483.3454036,10.1145/2737924.2737964,10.1145/3453483.3454036,10.1145/2737924.2737964,061102984391-062502532147,2021-06-18,included,raw/cs085-citations-p0001-opencitations.json.gz
opencitations,CS085,S205,citations,doi:10.26226/morressier.604907f41a80aac83ca25d44->doi:10.1145/2737924.2737964,doi:10.26226/morressier.604907f41a80aac83ca25d44,doi:10.1145/2737924.2737964,10.26226/morressier.604907f41a80aac83ca25d44,10.1145/2737924.2737964,10.26226/morressier.604907f41a80aac83ca25d44,10.1145/2737924.2737964,06024179446-062502532147,2021,included,raw/cs085-citations-p0001-opencitations.json.gz
opencitations,CS085,S205,citations,doi:10.1145/3236772->doi:10.1145/2737924.2737964,doi:10.1145/3236772,doi:10.1145/2737924.2737964,10.1145/3236772,10.1145/2737924.2737964,10.1145/3236772,10.1145/2737924.2737964,06202297394-062502532147,2018-07-30,included,raw/cs085-citations-p0001-opencitations.json.gz
opencitations,CS085,S205,citations,doi:10.1145/3296979.3192381->doi:10.1145/2737924.2737964,doi:10.1145/3296979.3192381,doi:10.1145/2737924.2737964,10.1145/3296979.3192381,10.1145/2737924.2737964,10.1145/3296979.3192381,10.1145/2737924.2737964,0613090941-062502532147,2018-12-02,included,raw/cs085-citations-p0001-opencitations.json.gz
opencitations,CS085,S205,citations,doi:10.1145/3704879->doi:10.1145/2737924.2737964,doi:10.1145/3704879,doi:10.1145/2737924.2737964,10.1145/3704879,10.1145/2737924.2737964,10.1145/3704879,10.1145/2737924.2737964,0605577530-062502532147,2025-01-07,included,raw/cs085-citations-p0001-opencitations.json.gz
opencitations,CS085,S205,citations,doi:10.1007/978-3-030-44914-8_13->doi:10.1145/2737924.2737964,doi:10.1007/978-3-030-44914-8_13,doi:10.1145/2737924.2737964,10.1007/978-3-030-44914-8_13,10.1145/2737924.2737964,10.1007/978-3-030-44914-8_13,10.1145/2737924.2737964,062101997312-062502532147,2020,included,raw/cs085-citations-p0001-opencitations.json.gz
opencitations,CS085,S205,citations,doi:10.1145/3022670.2951943->doi:10.1145/2737924.2737964,doi:10.1145/3022670.2951943,doi:10.1145/2737924.2737964,10.1145/3022670.2951943,10.1145/2737924.2737964,10.1145/3022670.2951943,10.1145/2737924.2737964,0613091379-062502532147,2016-12-05,included,raw/cs085-citations-p0001-opencitations.json.gz
opencitations,CS085,S205,citations,doi:10.1007/978-3-319-47958-3_17->doi:10.1145/2737924.2737964,doi:10.1007/978-3-319-47958-3_17,doi:10.1145/2737924.2737964,10.1007/978-3-319-47958-3_17,10.1145/2737924.2737964,10.1007/978-3-319-47958-3_17,10.1145/2737924.2737964,06202802869-062502532147,2016,included,raw/cs085-citations-p0001-opencitations.json.gz
opencitations,CS085,S205,citations,doi:10.1007/978-3-319-72308-2_4->doi:10.1145/2737924.2737964,doi:10.1007/978-3-319-72308-2_4,doi:10.1145/2737924.2737964,10.1007/978-3-319-72308-2_4,10.1145/2737924.2737964,10.1007/978-3-319-72308-2_4,10.1145/2737924.2737964,061202222650-062502532147,2017,included,raw/cs085-citations-p0001-opencitations.json.gz
opencitations,CS085,S205,citations,doi:10.1145/3434286->doi:10.1145/2737924.2737964,doi:10.1145/3434286,doi:10.1145/2737924.2737964,10.1145/3434286,10.1145/2737924.2737964,10.1145/3434286,10.1145/2737924.2737964,06202296881-062502532147,2021-01-04,included,raw/cs085-citations-p0001-opencitations.json.gz
opencitations,CS085,S205,citations,doi:10.1145/3747510->doi:10.1145/2737924.2737964,doi:10.1145/3747510,doi:10.1145/2737924.2737964,10.1145/3747510,10.1145/2737924.2737964,10.1145/3747510,10.1145/2737924.2737964,0609390923-062502532147,2025-08-05,included,raw/cs085-citations-p0001-opencitations.json.gz
opencitations,CS085,S205,citations,doi:10.1145/3605098.3635924->doi:10.1145/2737924.2737964,doi:10.1145/3605098.3635924,doi:10.1145/2737924.2737964,10.1145/3605098.3635924,10.1145/2737924.2737964,10.1145/3605098.3635924,10.1145/2737924.2737964,06204822474-062502532147,2024-04-08,included,raw/cs085-citations-p0001-opencitations.json.gz
opencitations,CS085,S205,citations,doi:10.1145/3360587->doi:10.1145/2737924.2737964,doi:10.1145/3360587,doi:10.1145/2737924.2737964,10.1145/3360587,10.1145/2737924.2737964,10.1145/3360587,10.1145/2737924.2737964,06202297148-062502532147,2019-10-10,included,raw/cs085-citations-p0001-opencitations.json.gz
opencitations,CS085,S205,citations,doi:10.1145/3009837.3009855->doi:10.1145/2737924.2737964,doi:10.1145/3009837.3009855,doi:10.1145/2737924.2737964,10.1145/3009837.3009855,10.1145/2737924.2737964,10.1145/3009837.3009855,10.1145/2737924.2737964,061502479223-062502532147,2017-01,included,raw/cs085-citations-p0001-opencitations.json.gz
opencitations,CS085,S205,citations,doi:10.1145/3290371->doi:10.1145/2737924.2737964,doi:10.1145/3290371,doi:10.1145/2737924.2737964,10.1145/3290371,10.1145/2737924.2737964,10.1145/3290371,10.1145/2737924.2737964,06202297263-062502532147,2019-01-02,included,raw/cs085-citations-p0001-opencitations.json.gz
opencitations,CS085,S205,citations,doi:10.1007/s10009-020-00559-y->doi:10.1145/2737924.2737964,doi:10.1007/s10009-020-00559-y,doi:10.1145/2737924.2737964,10.1007/s10009-020-00559-y,10.1145/2737924.2737964,10.1007/s10009-020-00559-y,10.1145/2737924.2737964,062203120153-062502532147,2020-03-06,included,raw/cs085-citations-p0001-opencitations.json.gz
opencitations,CS085,S205,citations,doi:10.1007/978-3-319-71237-6_14->doi:10.1145/2737924.2737964,doi:10.1007/978-3-319-71237-6_14,doi:10.1145/2737924.2737964,10.1007/978-3-319-71237-6_14,10.1145/2737924.2737964,10.1007/978-3-319-71237-6_14,10.1145/2737924.2737964,061402200224-062502532147,2017,included,raw/cs085-citations-p0001-opencitations.json.gz
opencitations,CS085,S205,citations,doi:10.1145/3192366.3192381->doi:10.1145/2737924.2737964,doi:10.1145/3192366.3192381,doi:10.1145/2737924.2737964,10.1145/3192366.3192381,10.1145/2737924.2737964,10.1145/3192366.3192381,10.1145/2737924.2737964,061102349547-062502532147,2018-06-11,included,raw/cs085-citations-p0001-opencitations.json.gz
opencitations,CS085,S205,citations,doi:10.1145/2980983.2908129->doi:10.1145/2737924.2737964,doi:10.1145/2980983.2908129,doi:10.1145/2737924.2737964,10.1145/2980983.2908129,10.1145/2737924.2737964,10.1145/2980983.2908129,10.1145/2737924.2737964,0614090262-062502532147,2016-08,included,raw/cs085-citations-p0001-opencitations.json.gz
opencitations,CS085,S205,citations,doi:10.1007/978-3-319-66107-0_19->doi:10.1145/2737924.2737964,doi:10.1007/978-3-319-66107-0_19,doi:10.1145/2737924.2737964,10.1007/978-3-319-66107-0_19,10.1145/2737924.2737964,10.1007/978-3-319-66107-0_19,10.1145/2737924.2737964,06602607805-062502532147,2017,included,raw/cs085-citations-p0001-opencitations.json.gz
opencitations,CS085,S205,citations,doi:10.1145/3211968->doi:10.1145/2737924.2737964,doi:10.1145/3211968,doi:10.1145/2737924.2737964,10.1145/3211968,10.1145/2737924.2737964,10.1145/3211968,10.1145/2737924.2737964,062502379614-062502532147,2019-01-28,included,raw/cs085-citations-p0001-opencitations.json.gz
opencitations,CS085,S205,citations,doi:10.1145/3167132.3167333->doi:10.1145/2737924.2737964,doi:10.1145/3167132.3167333,doi:10.1145/2737924.2737964,10.1145/3167132.3167333,10.1145/2737924.2737964,10.1145/3167132.3167333,10.1145/2737924.2737964,062402327120-062502532147,2018-04-09,included,raw/cs085-citations-p0001-opencitations.json.gz
opencitations,CS086,S206,references,doi:10.1145/3519939.3523432->doi:10.1007/978-3-540-30538-5_9,doi:10.1145/3519939.3523432,doi:10.1007/978-3-540-30538-5_9,10.1145/3519939.3523432,10.1007/978-3-540-30538-5_9,10.1145/3519939.3523432,10.1007/978-3-540-30538-5_9,061502955396-061803086760,2022-06-09,included,raw/cs086-references-p0001-opencitations.json.gz
opencitations,CS086,S206,references,doi:10.1145/3519939.3523432->doi:10.1007/978-3-319-63046-5_29,doi:10.1145/3519939.3523432,doi:10.1007/978-3-319-63046-5_29,10.1145/3519939.3523432,10.1007/978-3-319-63046-5_29,10.1145/3519939.3523432,10.1007/978-3-319-63046-5_29,061502955396-06502634022,2022-06-09,included,raw/cs086-references-p0001-opencitations.json.gz
opencitations,CS086,S206,references,doi:10.1145/3519939.3523432->doi:10.1007/978-3-319-63387-9_27,doi:10.1145/3519939.3523432,doi:10.1007/978-3-319-63387-9_27,10.1145/3519939.3523432,10.1007/978-3-319-63387-9_27,10.1145/3519939.3523432,10.1007/978-3-319-63387-9_27,061502955396-06302631791,2022-06-09,included,raw/cs086-references-p0001-opencitations.json.gz
opencitations,CS086,S206,references,doi:10.1145/3519939.3523432->doi:10.1017/s0956796818000151,doi:10.1145/3519939.3523432,doi:10.1017/s0956796818000151,10.1145/3519939.3523432,10.1017/s0956796818000151,10.1145/3519939.3523432,10.1017/s0956796818000151,061502955396-061902665994,2022-06-09,included,raw/cs086-references-p0001-opencitations.json.gz
opencitations,CS086,S206,references,doi:10.1145/3519939.3523432->doi:10.1145/103727.103729,doi:10.1145/3519939.3523432,doi:10.1145/103727.103729,10.1145/3519939.3523432,10.1145/103727.103729,10.1145/3519939.3523432,10.1145/103727.103729,061502955396-061903526786,2022-06-09,included,raw/cs086-references-p0001-opencitations.json.gz
opencitations,CS086,S206,references,doi:10.1145/3519939.3523432->doi:10.1145/2676726.2676980,doi:10.1145/3519939.3523432,doi:10.1145/2676726.2676980,10.1145/3519939.3523432,10.1145/2676726.2676980,10.1145/3519939.3523432,10.1145/2676726.2676980,061502955396-06801942711,2022-06-09,included,raw/cs086-references-p0001-opencitations.json.gz
opencitations,CS086,S206,references,doi:10.1145/3519939.3523432->doi:10.1145/3371113,doi:10.1145/3519939.3523432,doi:10.1145/3371113,10.1145/3519939.3523432,10.1145/3371113,10.1145/3519939.3523432,10.1145/3371113,061502955396-06202297127,2022-06-09,included,raw/cs086-references-p0001-opencitations.json.gz
opencitations,CS086,S206,references,doi:10.1145/3519939.3523432->doi:10.1007/978-3-319-89960-2_11,doi:10.1145/3519939.3523432,doi:10.1007/978-3-319-89960-2_11,10.1145/3519939.3523432,10.1007/978-3-319-89960-2_11,10.1145/3519939.3523432,10.1007/978-3-319-89960-2_11,061502955396-061402186431,2022-06-09,included,raw/cs086-references-p0001-opencitations.json.gz
opencitations,CS086,S206,references,doi:10.1145/3519939.3523432->doi:10.1007/s10817-018-9457-5,doi:10.1145/3519939.3523432,doi:10.1007/s10817-018-9457-5,10.1145/3519939.3523432,10.1007/s10817-018-9457-5,10.1145/3519939.3523432,10.1007/s10817-018-9457-5,061502955396-061302860331,2022-06-09,included,raw/cs086-references-p0001-opencitations.json.gz
opencitations,CS086,S206,references,doi:10.1145/3519939.3523432->doi:10.1007/978-3-319-08867-9_47,doi:10.1145/3519939.3523432,doi:10.1007/978-3-319-08867-9_47,10.1145/3519939.3523432,10.1007/978-3-319-08867-9_47,10.1145/3519939.3523432,10.1007/978-3-319-08867-9_47,061502955396-062402637530,2022-06-09,included,raw/cs086-references-p0001-opencitations.json.gz
opencitations,CS086,S206,references,doi:10.1145/3519939.3523432->doi:10.1007/978-3-662-46669-8_29,doi:10.1145/3519939.3523432,doi:10.1007/978-3-662-46669-8_29,10.1145/3519939.3523432,10.1007/978-3-662-46669-8_29,10.1145/3519939.3523432,10.1007/978-3-662-46669-8_29,061502955396-062402612755,2022-06-09,included,raw/cs086-references-p0001-opencitations.json.gz
opencitations,CS086,S206,references,doi:10.1145/3519939.3523432->doi:10.1145/3409003,doi:10.1145/3519939.3523432,doi:10.1145/3409003,10.1145/3519939.3523432,10.1145/3409003,10.1145/3519939.3523432,10.1145/3409003,061502955396-06202297036,2022-06-09,included,raw/cs086-references-p0001-opencitations.json.gz
opencitations,CS086,S206,references,doi:10.1145/3519939.3523432->doi:10.1016/j.tcs.2009.07.041,doi:10.1145/3519939.3523432,doi:10.1016/j.tcs.2009.07.041,10.1145/3519939.3523432,10.1016/j.tcs.2009.07.041,10.1145/3519939.3523432,10.1016/j.tcs.2009.07.041,061502955396-0650808230,2022-06-09,included,raw/cs086-references-p0001-opencitations.json.gz
opencitations,CS086,S206,references,doi:10.1145/3519939.3523432->doi:10.1007/978-3-662-49122-5_2,doi:10.1145/3519939.3523432,doi:10.1007/978-3-662-49122-5_2,10.1145/3519939.3523432,10.1007/978-3-662-49122-5_2,10.1145/3519939.3523432,10.1007/978-3-662-49122-5_2,061502955396-06502603582,2022-06-09,included,raw/cs086-references-p0001-opencitations.json.gz
opencitations,CS086,S206,references,doi:10.1145/3519939.3523432->doi:10.1007/978-3-642-54833-8_9,doi:10.1145/3519939.3523432,doi:10.1007/978-3-642-54833-8_9,10.1145/3519939.3523432,10.1007/978-3-642-54833-8_9,10.1145/3519939.3523432,10.1007/978-3-642-54833-8_9,061502955396-062302661864,2022-06-09,included,raw/cs086-references-p0001-opencitations.json.gz
opencitations,CS086,S206,references,doi:10.1145/3519939.3523432->doi:10.1007/978-3-319-46520-3_16,doi:10.1145/3519939.3523432,doi:10.1007/978-3-319-46520-3_16,10.1145/3519939.3523432,10.1007/978-3-319-46520-3_16,10.1145/3519939.3523432,10.1007/978-3-319-46520-3_16,061502955396-061202407571,2022-06-09,included,raw/cs086-references-p0001-opencitations.json.gz
opencitations,CS086,S206,references,doi:10.1145/3519939.3523432->doi:10.1007/978-3-642-54833-8_16,doi:10.1145/3519939.3523432,doi:10.1007/978-3-642-54833-8_16,10.1145/3519939.3523432,10.1007/978-3-642-54833-8_16,10.1145/3519939.3523432,10.1007/978-3-642-54833-8_16,061502955396-062302661838,2022-06-09,included,raw/cs086-references-p0001-opencitations.json.gz
opencitations,CS086,S206,references,doi:10.1145/3519939.3523432->doi:10.1007/978-3-319-72308-2_12,doi:10.1145/3519939.3523432,doi:10.1007/978-3-319-72308-2_12,10.1145/3519939.3523432,10.1007/978-3-319-72308-2_12,10.1145/3519939.3523432,10.1007/978-3-319-72308-2_12,061502955396-061202222645,2022-06-09,included,raw/cs086-references-p0001-opencitations.json.gz
opencitations,CS086,S206,references,doi:10.1145/3519939.3523432->doi:10.1145/3158097,doi:10.1145/3519939.3523432,doi:10.1145/3158097,10.1145/3519939.3523432,10.1145/3158097,10.1145/3519939.3523432,10.1145/3158097,061502955396-06202297491,2022-06-09,included,raw/cs086-references-p0001-opencitations.json.gz
opencitations,CS086,S206,references,doi:10.1145/3519939.3523432->doi:10.1007/978-3-662-44202-9_9,doi:10.1145/3519939.3523432,doi:10.1007/978-3-662-44202-9_9,10.1145/3519939.3523432,10.1007/978-3-662-44202-9_9,10.1145/3519939.3523432,10.1007/978-3-662-44202-9_9,061502955396-062102644433,2022-06-09,included,raw/cs086-references-p0001-opencitations.json.gz
opencitations,CS086,S206,references,doi:10.1145/3519939.3523432->doi:10.1145/2951913.2951943,doi:10.1145/3519939.3523432,doi:10.1145/2951913.2951943,10.1145/3519939.3523432,10.1145/2951913.2951943,10.1145/3519939.3523432,10.1145/2951913.2951943,061502955396-06202906292,2022-06-09,included,raw/cs086-references-p0001-opencitations.json.gz
opencitations,CS086,S206,references,doi:10.1145/3519939.3523432->doi:10.1007/978-3-540-74061-2_15,doi:10.1145/3519939.3523432,doi:10.1007/978-3-540-74061-2_15,10.1145/3519939.3523432,10.1007/978-3-540-74061-2_15,10.1145/3519939.3523432,10.1007/978-3-540-74061-2_15,061502955396-06703502766,2022-06-09,included,raw/cs086-references-p0001-opencitations.json.gz
opencitations,CS086,S206,references,doi:10.1145/3519939.3523432->doi:10.1007/978-3-319-89960-2_3,doi:10.1145/3519939.3523432,doi:10.1007/978-3-319-89960-2_3,10.1145/3519939.3523432,10.1007/978-3-319-89960-2_3,10.1145/3519939.3523432,10.1007/978-3-319-89960-2_3,061502955396-061402186420,2022-06-09,included,raw/cs086-references-p0001-opencitations.json.gz
opencitations,CS086,S206,references,doi:10.1145/3519939.3523432->doi:10.1145/2737924.2737964,doi:10.1145/3519939.3523432,doi:10.1145/2737924.2737964,10.1145/3519939.3523432,10.1145/2737924.2737964,10.1145/3519939.3523432,10.1145/2737924.2737964,061502955396-062502532147,2022-06-09,included,raw/cs086-references-p0001-opencitations.json.gz
opencitations,CS086,S206,references,doi:10.1145/3519939.3523432->doi:10.1145/2737924.2737984,doi:10.1145/3519939.3523432,doi:10.1145/2737924.2737984,10.1145/3519939.3523432,10.1145/2737924.2737984,10.1145/3519939.3523432,10.1145/2737924.2737984,061502955396-062502532140,2022-06-09,included,raw/cs086-references-p0001-opencitations.json.gz
opencitations,CS086,S206,references,doi:10.1145/3519939.3523432->doi:10.1145/2660193.2660243,doi:10.1145/3519939.3523432,doi:10.1145/2660193.2660243,10.1145/3519939.3523432,10.1145/2660193.2660243,10.1145/3519939.3523432,10.1145/2660193.2660243,061502955396-06402985784,2022-06-09,included,raw/cs086-references-p0001-opencitations.json.gz
opencitations,CS086,S206,references,doi:10.1145/3519939.3523432->doi:10.1109/lics.1991.151628,doi:10.1145/3519939.3523432,doi:10.1109/lics.1991.151628,10.1145/3519939.3523432,10.1109/lics.1991.151628,10.1145/3519939.3523432,10.1109/lics.1991.151628,061502955396-062103396230,2022-06-09,included,raw/cs086-references-p0001-opencitations.json.gz
opencitations,CS086,S206,references,doi:10.1145/3519939.3523432->doi:10.1145/2429069.2429104,doi:10.1145/3519939.3523432,doi:10.1145/2429069.2429104,10.1145/3519939.3523432,10.1145/2429069.2429104,10.1145/3519939.3523432,10.1145/2429069.2429104,061502955396-061502963050,2022-06-09,included,raw/cs086-references-p0001-opencitations.json.gz
opencitations,CS086,S206,references,doi:10.1145/3519939.3523432->doi:10.1016/s0304-3975(99)00173-5,doi:10.1145/3519939.3523432,doi:10.1016/s0304-3975(99)00173-5,10.1145/3519939.3523432,10.1016/s0304-3975(99)00173-5,10.1145/3519939.3523432,10.1016/s0304-3975(99)00173-5,061502955396-06230796754,2022-06-09,included,raw/cs086-references-p0001-opencitations.json.gz
opencitations,CS086,S206,references,doi:10.1145/3519939.3523432->doi:10.1145/1480881.1480917,doi:10.1145/3519939.3523432,doi:10.1145/1480881.1480917,10.1145/3519939.3523432,10.1145/1480881.1480917,10.1145/3519939.3523432,10.1145/1480881.1480917,061502955396-061603230883,2022-06-09,included,raw/cs086-references-p0001-opencitations.json.gz
opencitations,CS086,S206,references,doi:10.1145/3519939.3523432->doi:10.1145/3133911,doi:10.1145/3519939.3523432,doi:10.1145/3133911,10.1145/3519939.3523432,10.1145/3133911,10.1145/3519939.3523432,10.1145/3133911,061502955396-06202297522,2022-06-09,included,raw/cs086-references-p0001-opencitations.json.gz
opencitations,CS086,S206,references,doi:10.1145/3519939.3523432->doi:10.1145/3408978,doi:10.1145/3519939.3523432,doi:10.1145/3408978,10.1145/3519939.3523432,10.1145/3408978,10.1145/3519939.3523432,10.1145/3408978,061502955396-06202297040,2022-06-09,included,raw/cs086-references-p0001-opencitations.json.gz
opencitations,CS086,S206,references,doi:10.1145/3519939.3523432->doi:10.1007/978-3-030-34968-4_23,doi:10.1145/3519939.3523432,doi:10.1007/978-3-030-34968-4_23,10.1145/3519939.3523432,10.1007/978-3-030-34968-4_23,10.1145/3519939.3523432,10.1007/978-3-030-34968-4_23,061502955396-06402464603,2022-06-09,included,raw/cs086-references-p0001-opencitations.json.gz
opencitations,CS086,S206,references,doi:10.1145/3519939.3523432->doi:10.1007/978-3-662-54434-1_26,doi:10.1145/3519939.3523432,doi:10.1007/978-3-662-54434-1_26,10.1145/3519939.3523432,10.1007/978-3-662-54434-1_26,10.1145/3519939.3523432,10.1007/978-3-662-54434-1_26,061502955396-062302394782,2022-06-09,included,raw/cs086-references-p0001-opencitations.json.gz
opencitations,CS086,S206,references,doi:10.1145/3519939.3523432->doi:10.1145/1190216.1190235,doi:10.1145/3519939.3523432,doi:10.1145/1190216.1190235,10.1145/3519939.3523432,10.1145/1190216.1190235,10.1145/3519939.3523432,10.1145/1190216.1190235,061502955396-061603273995,2022-06-09,included,raw/cs086-references-p0001-opencitations.json.gz
opencitations,CS086,S206,references,doi:10.1145/3519939.3523432->doi:10.1109/lics.2000.855774,doi:10.1145/3519939.3523432,doi:10.1109/lics.2000.855774,10.1145/3519939.3523432,10.1109/lics.2000.855774,10.1145/3519939.3523432,10.1109/lics.2000.855774,061502955396-062303424238,2022-06-09,included,raw/cs086-references-p0001-opencitations.json.gz
opencitations,CS086,S206,references,doi:10.1145/3519939.3523432->doi:10.1109/ipps.1994.288305,doi:10.1145/3519939.3523432,doi:10.1109/ipps.1994.288305,10.1145/3519939.3523432,10.1109/ipps.1994.288305,10.1145/3519939.3523432,10.1109/ipps.1994.288305,061502955396-061903419783,2022-06-09,included,raw/cs086-references-p0001-opencitations.json.gz
opencitations,CS086,S206,references,doi:10.1145/3519939.3523432->doi:10.1007/978-3-540-71316-6_13,doi:10.1145/3519939.3523432,doi:10.1007/978-3-540-71316-6_13,10.1145/3519939.3523432,10.1007/978-3-540-71316-6_13,10.1145/3519939.3523432,10.1007/978-3-540-71316-6_13,061502955396-06903122036,2022-06-09,included,raw/cs086-references-p0001-opencitations.json.gz
opencitations,CS086,S206,references,doi:10.1145/3519939.3523432->doi:10.1145/3371102,doi:10.1145/3519939.3523432,doi:10.1145/3371102,10.1145/3519939.3523432,10.1145/3371102,10.1145/3519939.3523432,10.1145/3371102,061502955396-06202297114,2022-06-09,included,raw/cs086-references-p0001-opencitations.json.gz
opencitations,CS086,S206,references,doi:10.1145/3519939.3523432->doi:10.1145/1993316.1993526,doi:10.1145/3519939.3523432,doi:10.1145/1993316.1993526,10.1145/3519939.3523432,10.1145/1993316.1993526,10.1145/3519939.3523432,10.1145/1993316.1993526,061502955396-0603920646,2022-06-09,included,raw/cs086-references-p0001-opencitations.json.gz
opencitations,CS086,S206,references,doi:10.1145/3519939.3523432->doi:10.1145/3356903,doi:10.1145/3519939.3523432,doi:10.1145/3356903,10.1145/3519939.3523432,10.1145/3356903,10.1145/3519939.3523432,10.1145/3356903,061502955396-062502379483,2022-06-09,included,raw/cs086-references-p0001-opencitations.json.gz
opencitations,CS086,S206,references,doi:10.1145/3519939.3523432->doi:10.1007/978-3-319-28934-2_8,doi:10.1145/3519939.3523432,doi:10.1007/978-3-319-28934-2_8,10.1145/3519939.3523432,10.1007/978-3-319-28934-2_8,10.1145/3519939.3523432,10.1007/978-3-319-28934-2_8,061502955396-061602460499,2022-06-09,included,raw/cs086-references-p0001-opencitations.json.gz
opencitations,CS086,S206,references,doi:10.1145/3519939.3523432->doi:10.1007/978-3-030-90870-6_22,doi:10.1145/3519939.3523432,doi:10.1007/978-3-030-90870-6_22,10.1145/3519939.3523432,10.1007/978-3-030-90870-6_22,10.1145/3519939.3523432,10.1007/978-3-030-90870-6_22,061502955396-062401697984,2022-06-09,included,raw/cs086-references-p0001-opencitations.json.gz
opencitations,CS086,S206,references,doi:10.1145/3519939.3523432->doi:10.1007/3-540-45744-5_21,doi:10.1145/3519939.3523432,doi:10.1007/3-540-45744-5_21,10.1145/3519939.3523432,10.1007/3-540-45744-5_21,10.1145/3519939.3523432,10.1007/3-540-45744-5_21,061502955396-06803518553,2022-06-09,included,raw/cs086-references-p0001-opencitations.json.gz
opencitations,CS086,S206,references,doi:10.1145/3519939.3523432->doi:10.1007/bfb0014329,doi:10.1145/3519939.3523432,doi:10.1007/bfb0014329,10.1145/3519939.3523432,10.1007/bfb0014329,10.1145/3519939.3523432,10.1007/bfb0014329,061502955396-061502827419,2022-06-09,included,raw/cs086-references-p0001-opencitations.json.gz
opencitations,CS086,S206,references,doi:10.1145/3519939.3523432->doi:10.4230/lipics.ecoop.2017.17,doi:10.1145/3519939.3523432,doi:10.4230/lipics.ecoop.2017.17,10.1145/3519939.3523432,10.4230/lipics.ecoop.2017.17,10.1145/3519939.3523432,10.4230/lipics.ecoop.2017.17,061502955396-062503561954,2022-06-09,included,raw/cs086-references-p0001-opencitations.json.gz
opencitations,CS086,S206,references,doi:10.1145/3519939.3523432->doi:10.1007/978-3-662-54434-1_17,doi:10.1145/3519939.3523432,doi:10.1007/978-3-662-54434-1_17,10.1145/3519939.3523432,10.1007/978-3-662-54434-1_17,10.1145/3519939.3523432,10.1007/978-3-662-54434-1_17,061502955396-062302394799,2022-06-09,included,raw/cs086-references-p0001-opencitations.json.gz
opencitations,CS086,S206,references,doi:10.1145/3519939.3523432->doi:10.1007/3-540-44898-5_4,doi:10.1145/3519939.3523432,doi:10.1007/3-540-44898-5_4,10.1145/3519939.3523432,10.1007/3-540-44898-5_4,10.1145/3519939.3523432,10.1007/3-540-44898-5_4,061502955396-061503112784,2022-06-09,included,raw/cs086-references-p0001-opencitations.json.gz
opencitations,CS086,S206,references,doi:10.1145/3519939.3523432->doi:10.1007/978-3-642-20398-5_4,doi:10.1145/3519939.3523432,doi:10.1007/978-3-642-20398-5_4,10.1145/3519939.3523432,10.1007/978-3-642-20398-5_4,10.1145/3519939.3523432,10.1007/978-3-642-20398-5_4,061502955396-062302789714,2022-06-09,included,raw/cs086-references-p0001-opencitations.json.gz
opencitations,CS086,S206,references,doi:10.1145/3519939.3523432->doi:10.1007/978-3-642-14107-2_24,doi:10.1145/3519939.3523432,doi:10.1007/978-3-642-14107-2_24,10.1145/3519939.3523432,10.1007/978-3-642-14107-2_24,10.1145/3519939.3523432,10.1007/978-3-642-14107-2_24,061502955396-062503019140,2022-06-09,included,raw/cs086-references-p0001-opencitations.json.gz
opencitations,CS086,S206,references,doi:10.1145/3519939.3523432->doi:10.1007/978-3-642-00590-9_26,doi:10.1145/3519939.3523432,doi:10.1007/978-3-642-00590-9_26,10.1145/3519939.3523432,10.1007/978-3-642-00590-9_26,10.1145/3519939.3523432,10.1007/978-3-642-00590-9_26,061502955396-062603098720,2022-06-09,included,raw/cs086-references-p0001-opencitations.json.gz
opencitations,CS086,S206,references,doi:10.1145/3519939.3523432->doi:10.1016/j.tcs.2006.12.034,doi:10.1145/3519939.3523432,doi:10.1016/j.tcs.2006.12.034,10.1145/3519939.3523432,10.1016/j.tcs.2006.12.034,10.1145/3519939.3523432,10.1016/j.tcs.2006.12.034,061502955396-0660805778,2022-06-09,included,raw/cs086-references-p0001-opencitations.json.gz
opencitations,CS086,S206,references,doi:10.1145/3519939.3523432->doi:10.1145/2034574.2034811,doi:10.1145/3519939.3523432,doi:10.1145/2034574.2034811,10.1145/3519939.3523432,10.1145/2034574.2034811,10.1145/3519939.3523432,10.1145/2034574.2034811,061502955396-0615094588,2022-06-09,included,raw/cs086-references-p0001-opencitations.json.gz
opencitations,CS086,S206,references,doi:10.1145/3519939.3523432->doi:10.1007/978-3-540-74407-8_18,doi:10.1145/3519939.3523432,doi:10.1007/978-3-540-74407-8_18,10.1145/3519939.3523432,10.1007/978-3-540-74407-8_18,10.1145/3519939.3523432,10.1007/978-3-540-74407-8_18,061502955396-062403101181,2022-06-09,included,raw/cs086-references-p0001-opencitations.json.gz
opencitations,CS086,S206,references,doi:10.1145/3519939.3523432->doi:10.1007/978-3-662-54434-1_16,doi:10.1145/3519939.3523432,doi:10.1007/978-3-662-54434-1_16,10.1145/3519939.3523432,10.1007/978-3-662-54434-1_16,10.1145/3519939.3523432,10.1007/978-3-662-54434-1_16,061502955396-062302394798,2022-06-09,included,raw/cs086-references-p0001-opencitations.json.gz
opencitations,CS086,S206,references,doi:10.1145/3519939.3523432->doi:10.46298/lmcs-17(3:9)2021,doi:10.1145/3519939.3523432,doi:10.46298/lmcs-17(3:9)2021,10.1145/3519939.3523432,10.46298/lmcs-17(3:9)2021,10.1145/3519939.3523432,10.46298/lmcs-17(3:9)2021,061502955396-06801394623,2022-06-09,included,raw/cs086-references-p0001-opencitations.json.gz
opencitations,CS086,S206,references,doi:10.1145/3519939.3523432->doi:10.1007/978-3-642-37036-6_11,doi:10.1145/3519939.3523432,doi:10.1007/978-3-642-37036-6_11,10.1145/3519939.3523432,10.1007/978-3-642-37036-6_11,10.1145/3519939.3523432,10.1007/978-3-642-37036-6_11,061502955396-06503137934,2022-06-09,included,raw/cs086-references-p0001-opencitations.json.gz
opencitations,CS086,S206,references,doi:10.1145/3519939.3523432->doi:10.1145/2429069.2429131,doi:10.1145/3519939.3523432,doi:10.1145/2429069.2429131,10.1145/3519939.3523432,10.1145/2429069.2429131,10.1145/3519939.3523432,10.1145/2429069.2429131,061502955396-061502962719,2022-06-09,included,raw/cs086-references-p0001-opencitations.json.gz
opencitations,CS086,S206,references,doi:10.1145/3519939.3523432->doi:10.1007/11804192_6,doi:10.1145/3519939.3523432,doi:10.1007/11804192_6,10.1145/3519939.3523432,10.1007/11804192_6,10.1145/3519939.3523432,10.1007/11804192_6,061502955396-06903144097,2022-06-09,included,raw/cs086-references-p0001-opencitations.json.gz
opencitations,CS086,S206,references,doi:10.1145/3519939.3523432->doi:10.1093/logcom/2.3.297,doi:10.1145/3519939.3523432,doi:10.1093/logcom/2.3.297,10.1145/3519939.3523432,10.1093/logcom/2.3.297,10.1145/3519939.3523432,10.1093/logcom/2.3.297,061502955396-06403754578,2022-06-09,included,raw/cs086-references-p0001-opencitations.json.gz
opencitations,CS086,S206,references,doi:10.1145/3519939.3523432->doi:10.1007/978-3-540-78800-3_24,doi:10.1145/3519939.3523432,doi:10.1007/978-3-540-78800-3_24,10.1145/3519939.3523432,10.1007/978-3-540-78800-3_24,10.1145/3519939.3523432,10.1007/978-3-540-78800-3_24,061502955396-061503099945,2022-06-09,included,raw/cs086-references-p0001-opencitations.json.gz
opencitations,CS086,S206,references,doi:10.1145/3519939.3523432->doi:10.1145/248052.248106,doi:10.1145/3519939.3523432,doi:10.1145/248052.248106,10.1145/3519939.3523432,10.1145/248052.248106,10.1145/3519939.3523432,10.1145/248052.248106,061502955396-06703784449,2022-06-09,included,raw/cs086-references-p0001-opencitations.json.gz
opencitations,CS086,S206,references,doi:10.1145/3519939.3523432->doi:10.1145/2509136.2509532,doi:10.1145/3519939.3523432,doi:10.1145/2509136.2509532,10.1145/3519939.3523432,10.1145/2509136.2509532,10.1145/3519939.3523432,10.1145/2509136.2509532,061502955396-06303346490,2022-06-09,included,raw/cs086-references-p0001-opencitations.json.gz
opencitations,CS086,S206,references,doi:10.1145/3519939.3523432->doi:10.1145/3453483.3454036,doi:10.1145/3519939.3523432,doi:10.1145/3453483.3454036,10.1145/3519939.3523432,10.1145/3453483.3454036,10.1145/3519939.3523432,10.1145/3453483.3454036,061502955396-061102984391,2022-06-09,included,raw/cs086-references-p0001-opencitations.json.gz
opencitations,CS086,S206,references,doi:10.1145/3519939.3523432->doi:10.1007/978-3-540-78739-6_27,doi:10.1145/3519939.3523432,doi:10.1007/978-3-540-78739-6_27,10.1145/3519939.3523432,10.1007/978-3-540-78739-6_27,10.1145/3519939.3523432,10.1007/978-3-540-78739-6_27,061502955396-061503099594,2022-06-09,included,raw/cs086-references-p0001-opencitations.json.gz
opencitations,CS086,S206,references,doi:10.1145/3519939.3523432->doi:10.1007/978-3-642-03359-9_24,doi:10.1145/3519939.3523432,doi:10.1007/978-3-642-03359-9_24,10.1145/3519939.3523432,10.1007/978-3-642-03359-9_24,10.1145/3519939.3523432,10.1007/978-3-642-03359-9_24,061502955396-061203081752,2022-06-09,included,raw/cs086-references-p0001-opencitations.json.gz
opencitations,CS086,S206,references,doi:10.1145/3519939.3523432->doi:10.1145/3236772,doi:10.1145/3519939.3523432,doi:10.1145/3236772,10.1145/3519939.3523432,10.1145/3236772,10.1145/3519939.3523432,10.1145/3236772,061502955396-06202297394,2022-06-09,included,raw/cs086-references-p0001-opencitations.json.gz
opencitations,CS086,S206,references,doi:10.1145/3519939.3523432->doi:10.1007/978-3-662-49122-5_20,doi:10.1145/3519939.3523432,doi:10.1007/978-3-662-49122-5_20,10.1145/3519939.3523432,10.1007/978-3-662-49122-5_20,10.1145/3519939.3523432,10.1007/978-3-662-49122-5_20,061502955396-06502603578,2022-06-09,included,raw/cs086-references-p0001-opencitations.json.gz
opencitations,CS086,S206,references,doi:10.1145/3519939.3523432->doi:10.1145/3408998,doi:10.1145/3519939.3523432,doi:10.1145/3408998,10.1145/3519939.3523432,10.1145/3408998,10.1145/3519939.3523432,10.1145/3408998,061502955396-06202297034,2022-06-09,included,raw/cs086-references-p0001-opencitations.json.gz
opencitations,CS086,S206,references,doi:10.1145/3519939.3523432->doi:10.1145/362759.362813,doi:10.1145/3519939.3523432,doi:10.1145/362759.362813,10.1145/3519939.3523432,10.1145/362759.362813,10.1145/3519939.3523432,10.1145/362759.362813,061502955396-06703883871,2022-06-09,included,raw/cs086-references-p0001-opencitations.json.gz
opencitations,CS086,S206,references,doi:10.1145/3519939.3523432->doi:10.1145/3473590,doi:10.1145/3519939.3523432,doi:10.1145/3473590,10.1145/3519939.3523432,10.1145/3473590,10.1145/3519939.3523432,10.1145/3473590,061502955396-06202296831,2022-06-09,included,raw/cs086-references-p0001-opencitations.json.gz
opencitations,CS086,S206,references,doi:10.1145/3519939.3523432->doi:10.5281/zenodo.6330596,doi:10.1145/3519939.3523432,doi:10.5281/zenodo.6330596,10.1145/3519939.3523432,10.5281/zenodo.6330596,10.1145/3519939.3523432,10.5281/zenodo.6330596,061502955396-062403584029,2022-06-09,included,raw/cs086-references-p0001-opencitations.json.gz
opencitations,CS086,S206,references,doi:10.1145/3519939.3523432->doi:10.1145/2676726.2677003,doi:10.1145/3519939.3523432,doi:10.1145/2676726.2677003,10.1145/3519939.3523432,10.1145/2676726.2677003,10.1145/3519939.3523432,10.1145/2676726.2677003,061502955396-06601942138,2022-06-09,included,raw/cs086-references-p0001-opencitations.json.gz
opencitations,CS086,S206,references,doi:10.1145/3519939.3523432->doi:10.1007/978-3-540-71067-7_23,doi:10.1145/3519939.3523432,doi:10.1007/978-3-540-71067-7_23,10.1145/3519939.3523432,10.1007/978-3-540-71067-7_23,10.1145/3519939.3523432,10.1007/978-3-540-71067-7_23,061502955396-062203055607,2022-06-09,included,raw/cs086-references-p0001-opencitations.json.gz
opencitations,CS086,S206,references,doi:10.1145/3519939.3523432->doi:10.1145/3209108.3209174,doi:10.1145/3519939.3523432,doi:10.1145/3209108.3209174,10.1145/3519939.3523432,10.1145/3209108.3209174,10.1145/3519939.3523432,10.1145/3209108.3209174,061502955396-061602348291,2022-06-09,included,raw/cs086-references-p0001-opencitations.json.gz
opencitations,CS086,S206,references,doi:10.1145/3519939.3523432->doi:10.1145/2535838.2535871,doi:10.1145/3519939.3523432,doi:10.1145/2535838.2535871,10.1145/3519939.3523432,10.1145/2535838.2535871,10.1145/3519939.3523432,10.1145/2535838.2535871,061502955396-06103334276,2022-06-09,included,raw/cs086-references-p0001-opencitations.json.gz
opencitations,CS086,S206,references,doi:10.1145/3519939.3523432->doi:10.1016/j.tcs.2006.12.035,doi:10.1145/3519939.3523432,doi:10.1016/j.tcs.2006.12.035,10.1145/3519939.3523432,10.1016/j.tcs.2006.12.035,10.1145/3519939.3523432,10.1016/j.tcs.2006.12.035,061502955396-0660805781,2022-06-09,included,raw/cs086-references-p0001-opencitations.json.gz
opencitations,CS086,S206,references,doi:10.1145/3519939.3523432->doi:10.1145/1040305.1040327,doi:10.1145/3519939.3523432,doi:10.1145/1040305.1040327,10.1145/3519939.3523432,10.1145/1040305.1040327,10.1145/3519939.3523432,10.1145/1040305.1040327,061502955396-062503355346,2022-06-09,included,raw/cs086-references-p0001-opencitations.json.gz
opencitations,CS086,S206,references,doi:10.1145/3519939.3523432->doi:10.1145/3009837.3009855,doi:10.1145/3519939.3523432,doi:10.1145/3009837.3009855,10.1145/3519939.3523432,10.1145/3009837.3009855,10.1145/3519939.3523432,10.1145/3009837.3009855,061502955396-061502479223,2022-06-09,included,raw/cs086-references-p0001-opencitations.json.gz
opencitations,CS086,S206,references,doi:10.1145/3519939.3523432->doi:10.1016/0020-0190(81)90106-x,doi:10.1145/3519939.3523432,doi:10.1016/0020-0190(81)90106-x,10.1145/3519939.3523432,10.1016/0020-0190(81)90106-x,10.1145/3519939.3523432,10.1016/0020-0190(81)90106-x,061502955396-0660941034,2022-06-09,included,raw/cs086-references-p0001-opencitations.json.gz
opencitations,CS086,S206,references,doi:10.1145/3519939.3523432->doi:10.1007/978-3-642-54862-8_9,doi:10.1145/3519939.3523432,doi:10.1007/978-3-642-54862-8_9,10.1145/3519939.3523432,10.1007/978-3-642-54862-8_9,10.1145/3519939.3523432,10.1007/978-3-642-54862-8_9,061502955396-061102660838,2022-06-09,included,raw/cs086-references-p0001-opencitations.json.gz
opencitations,CS086,S206,references,doi:10.1145/3519939.3523432->doi:10.1007/978-3-319-71237-6_14,doi:10.1145/3519939.3523432,doi:10.1007/978-3-319-71237-6_14,10.1145/3519939.3523432,10.1007/978-3-319-71237-6_14,10.1145/3519939.3523432,10.1007/978-3-319-71237-6_14,061502955396-061402200224,2022-06-09,included,raw/cs086-references-p0001-opencitations.json.gz
opencitations,CS086,S206,references,doi:10.1145/3519939.3523432->doi:10.1007/978-3-642-32347-8_21,doi:10.1145/3519939.3523432,doi:10.1007/978-3-642-32347-8_21,10.1145/3519939.3523432,10.1007/978-3-642-32347-8_21,10.1145/3519939.3523432,10.1007/978-3-642-32347-8_21,061502955396-062502754080,2022-06-09,included,raw/cs086-references-p0001-opencitations.json.gz
opencitations,CS086,S206,references,doi:10.1145/3519939.3523432->doi:10.1145/2500365.2500600,doi:10.1145/3519939.3523432,doi:10.1145/2500365.2500600,10.1145/3519939.3523432,10.1145/2500365.2500600,10.1145/3519939.3523432,10.1145/2500365.2500600,061502955396-061102942728,2022-06-09,included,raw/cs086-references-p0001-opencitations.json.gz
opencitations,CS086,S206,references,doi:10.1145/3519939.3523432->doi:10.1017/cbo9781107256552,doi:10.1145/3519939.3523432,doi:10.1017/cbo9781107256552,10.1145/3519939.3523432,10.1017/cbo9781107256552,10.1145/3519939.3523432,10.1017/cbo9781107256552,061502955396-06103103917,2022-06-09,included,raw/cs086-references-p0001-opencitations.json.gz
opencitations,CS086,S206,references,doi:10.1145/3519939.3523432->doi:10.1007/3-540-44404-1_7,doi:10.1145/3519939.3523432,doi:10.1007/3-540-44404-1_7,10.1145/3519939.3523432,10.1007/3-540-44404-1_7,10.1145/3519939.3523432,10.1007/3-540-44404-1_7,061502955396-06203533190,2022-06-09,included,raw/cs086-references-p0001-opencitations.json.gz
opencitations,CS086,S206,citations,doi:10.1145/3704903->doi:10.1145/3519939.3523432,doi:10.1145/3704903,doi:10.1145/3519939.3523432,10.1145/3704903,10.1145/3519939.3523432,10.1145/3704903,10.1145/3519939.3523432,0606812273-061502955396,2025-01-07,included,raw/cs086-citations-p0001-opencitations.json.gz
opencitations,CS086,S206,citations,doi:10.1145/3576915.3616602->doi:10.1145/3519939.3523432,doi:10.1145/3576915.3616602,doi:10.1145/3519939.3523432,10.1145/3576915.3616602,10.1145/3519939.3523432,10.1145/3576915.3616602,10.1145/3519939.3523432,06604679827-061502955396,2023-11-15,included,raw/cs086-citations-p0001-opencitations.json.gz
opencitations,CS086,S206,citations,doi:10.1145/3729284->doi:10.1145/3519939.3523432,doi:10.1145/3729284,doi:10.1145/3519939.3523432,10.1145/3729284,10.1145/3519939.3523432,10.1145/3729284,10.1145/3519939.3523432,0608944521-061502955396,2025-06-10,included,raw/cs086-citations-p0001-opencitations.json.gz
opencitations,CS086,S206,citations,doi:10.1145/3563337->doi:10.1145/3519939.3523432,doi:10.1145/3563337,doi:10.1145/3519939.3523432,10.1145/3563337,10.1145/3519939.3523432,10.1145/3563337,10.1145/3519939.3523432,061203551039-061502955396,2022-10-31,included,raw/cs086-citations-p0001-opencitations.json.gz
opencitations,CS086,S206,citations,doi:10.1145/3623510->doi:10.1145/3519939.3523432,doi:10.1145/3623510,doi:10.1145/3519939.3523432,10.1145/3623510,10.1145/3519939.3523432,10.1145/3623510,10.1145/3519939.3523432,0635087443-061502955396,2023-09-14,included,raw/cs086-citations-p0001-opencitations.json.gz
opencitations,CS086,S206,citations,doi:10.1145/3571218->doi:10.1145/3519939.3523432,doi:10.1145/3571218,doi:10.1145/3519939.3523432,10.1145/3571218,10.1145/3519939.3523432,10.1145/3571218,10.1145/3519939.3523432,062203928163-061502955396,2023-01-09,included,raw/cs086-citations-p0001-opencitations.json.gz
opencitations,CS086,S206,citations,doi:10.1145/3591275->doi:10.1145/3519939.3523432,doi:10.1145/3591275,doi:10.1145/3519939.3523432,10.1145/3591275,10.1145/3519939.3523432,10.1145/3591275,10.1145/3519939.3523432,062203928090-061502955396,2023-06-06,included,raw/cs086-citations-p0001-opencitations.json.gz
opencitations,CS086,S206,citations,doi:10.1145/3656384->doi:10.1145/3519939.3523432,doi:10.1145/3656384,doi:10.1145/3519939.3523432,10.1145/3656384,10.1145/3519939.3523432,10.1145/3656384,10.1145/3519939.3523432,062404381372-061502955396,2024-06-20,included,raw/cs086-citations-p0001-opencitations.json.gz
opencitations,CS086,S206,citations,doi:10.1145/3632853->doi:10.1145/3519939.3523432,doi:10.1145/3632853,doi:10.1145/3519939.3523432,10.1145/3632853,10.1145/3519939.3523432,10.1145/3632853,10.1145/3519939.3523432,062204192517-061502955396,2024-01-05,included,raw/cs086-citations-p0001-opencitations.json.gz
opencitations,CS086,S206,citations,doi:10.1145/3776701->doi:10.1145/3519939.3523432,doi:10.1145/3776701,doi:10.1145/3519939.3523432,10.1145/3776701,10.1145/3519939.3523432,10.1145/3776701,10.1145/3519939.3523432,06015362618-061502955396,2026-01-08,included,raw/cs086-citations-p0001-opencitations.json.gz
opencitations,CS086,S206,citations,doi:10.1145/3716312->doi:10.1145/3519939.3523432,doi:10.1145/3716312,doi:10.1145/3519939.3523432,10.1145/3716312,10.1145/3519939.3523432,10.1145/3716312,10.1145/3519939.3523432,0606931258-061502955396,2025-02-10,included,raw/cs086-citations-p0001-opencitations.json.gz
opencitations,CS086,S206,citations,doi:10.1145/3632848->doi:10.1145/3519939.3523432,doi:10.1145/3632848,doi:10.1145/3519939.3523432,10.1145/3632848,10.1145/3519939.3523432,10.1145/3632848,10.1145/3519939.3523432,062204192522-061502955396,2024-01-05,included,raw/cs086-citations-p0001-opencitations.json.gz
opencitations,CS086,S206,citations,doi:10.1007/978-3-031-98682-6_2->doi:10.1145/3519939.3523432,doi:10.1007/978-3-031-98682-6_2,doi:10.1145/3519939.3523432,10.1007/978-3-031-98682-6_2,10.1145/3519939.3523432,10.1007/978-3-031-98682-6_2,10.1145/3519939.3523432,0609249510-061502955396,2025,included,raw/cs086-citations-p0001-opencitations.json.gz
opencitations,CS086,S206,citations,doi:10.1145/3591221->doi:10.1145/3519939.3523432,doi:10.1145/3591221,doi:10.1145/3519939.3523432,10.1145/3591221,10.1145/3519939.3523432,10.1145/3591221,10.1145/3519939.3523432,062203928091-061502955396,2023-06-06,included,raw/cs086-citations-p0001-opencitations.json.gz
opencitations,CS086,S206,citations,doi:10.1007/978-3-031-98668-0_4->doi:10.1145/3519939.3523432,doi:10.1007/978-3-031-98668-0_4,doi:10.1145/3519939.3523432,10.1007/978-3-031-98668-0_4,10.1145/3519939.3523432,10.1007/978-3-031-98668-0_4,10.1145/3519939.3523432,06011391476-061502955396,2025,included,raw/cs086-citations-p0001-opencitations.json.gz
opencitations,CS086,S206,citations,doi:10.1007/s10703-023-00427-w->doi:10.1145/3519939.3523432,doi:10.1007/s10703-023-00427-w,doi:10.1145/3519939.3523432,10.1007/s10703-023-00427-w,10.1145/3519939.3523432,10.1007/s10703-023-00427-w,10.1145/3519939.3523432,06704343545-061502955396,2023-07-31,included,raw/cs086-citations-p0001-opencitations.json.gz
opencitations,CS086,S206,citations,doi:10.1145/3632927->doi:10.1145/3519939.3523432,doi:10.1145/3632927,doi:10.1145/3519939.3523432,10.1145/3632927,10.1145/3519939.3523432,10.1145/3632927,10.1145/3519939.3523432,062204192524-061502955396,2024-01-05,included,raw/cs086-citations-p0001-opencitations.json.gz
opencitations,CS086,S206,citations,doi:10.1145/3586043->doi:10.1145/3519939.3523432,doi:10.1145/3586043,doi:10.1145/3519939.3523432,10.1145/3586043,10.1145/3519939.3523432,10.1145/3586043,10.1145/3519939.3523432,062203928157-061502955396,2023-04-06,included,raw/cs086-citations-p0001-opencitations.json.gz
opencitations,CS086,S206,citations,doi:10.1145/3689775->doi:10.1145/3519939.3523432,doi:10.1145/3689775,doi:10.1145/3519939.3523432,10.1145/3689775,10.1145/3519939.3523432,10.1145/3689775,10.1145/3519939.3523432,062404381245-061502955396,2024-10-08,included,raw/cs086-citations-p0001-opencitations.json.gz
opencitations,CS086,S206,citations,doi:10.1145/3689755->doi:10.1145/3519939.3523432,doi:10.1145/3689755,doi:10.1145/3519939.3523432,10.1145/3689755,10.1145/3519939.3523432,10.1145/3689755,10.1145/3519939.3523432,062404381238-061502955396,2024-10-08,included,raw/cs086-citations-p0001-opencitations.json.gz
opencitations,CS086,S206,citations,doi:10.1145/3656398->doi:10.1145/3519939.3523432,doi:10.1145/3656398,doi:10.1145/3519939.3523432,10.1145/3656398,10.1145/3519939.3523432,10.1145/3656398,10.1145/3519939.3523432,062404381382-061502955396,2024-06-20,included,raw/cs086-citations-p0001-opencitations.json.gz
opencitations,CS086,S206,citations,doi:10.1145/3622827->doi:10.1145/3519939.3523432,doi:10.1145/3622827,doi:10.1145/3519939.3523432,10.1145/3622827,10.1145/3519939.3523432,10.1145/3622827,10.1145/3519939.3523432,061604166201-061502955396,,unknown-date,raw/cs086-citations-p0001-opencitations.json.gz
opencitations,CS086,S206,citations,doi:10.1145/3636501.3636950->doi:10.1145/3519939.3523432,doi:10.1145/3636501.3636950,doi:10.1145/3519939.3523432,10.1145/3636501.3636950,10.1145/3519939.3523432,10.1145/3636501.3636950,10.1145/3519939.3523432,061404137776-061502955396,2024-01-09,included,raw/cs086-citations-p0001-opencitations.json.gz
opencitations,CS086,S206,citations,doi:10.1145/3591265->doi:10.1145/3519939.3523432,doi:10.1145/3591265,doi:10.1145/3519939.3523432,10.1145/3591265,10.1145/3519939.3523432,10.1145/3591265,10.1145/3519939.3523432,062203928076-061502955396,2023-06-06,included,raw/cs086-citations-p0001-opencitations.json.gz
opencitations,CS086,S206,citations,doi:10.1017/s1471068423000303->doi:10.1145/3519939.3523432,doi:10.1017/s1471068423000303,doi:10.1145/3519939.3523432,10.1017/s1471068423000303,10.1145/3519939.3523432,10.1017/s1471068423000303,10.1145/3519939.3523432,062503903496-061502955396,2023-07,included,raw/cs086-citations-p0001-opencitations.json.gz
opencitations,CS086,S206,citations,doi:10.1145/3729248->doi:10.1145/3519939.3523432,doi:10.1145/3729248,doi:10.1145/3519939.3523432,10.1145/3729248,10.1145/3519939.3523432,10.1145/3729248,10.1145/3519939.3523432,06010617324-061502955396,2025-06-10,included,raw/cs086-citations-p0001-opencitations.json.gz
opencitations,CS086,S206,citations,doi:10.1145/3632911->doi:10.1145/3519939.3523432,doi:10.1145/3632911,doi:10.1145/3519939.3523432,10.1145/3632911,10.1145/3519939.3523432,10.1145/3632911,10.1145/3519939.3523432,062204192509-061502955396,2024-01-05,included,raw/cs086-citations-p0001-opencitations.json.gz
opencitations,CS086,S206,citations,doi:10.1145/3563768.3563956->doi:10.1145/3519939.3523432,doi:10.1145/3563768.3563956,doi:10.1145/3519939.3523432,10.1145/3563768.3563956,10.1145/3519939.3523432,10.1145/3563768.3563956,10.1145/3519939.3523432,0653085402-061502955396,2022-11-29,included,raw/cs086-citations-p0001-opencitations.json.gz
opencitations,CS087,S207,references,doi:10.1145/3586043->doi:10.1109/lics.2010.24,doi:10.1145/3586043,doi:10.1109/lics.2010.24,10.1145/3586043,10.1109/lics.2010.24,10.1145/3586043,10.1109/lics.2010.24,062203928157-061103890504,2023-04-06,included,raw/cs087-references-p0001-opencitations.json.gz
opencitations,CS087,S207,references,doi:10.1145/3586043->doi:10.1007/978-3-642-14295-6_40,doi:10.1145/3586043,doi:10.1007/978-3-642-14295-6_40,10.1145/3586043,10.1007/978-3-642-14295-6_40,10.1145/3586043,10.1007/978-3-642-14295-6_40,062203928157-061703036727,2023-04-06,included,raw/cs087-references-p0001-opencitations.json.gz
opencitations,CS087,S207,references,doi:10.1145/3586043->doi:10.1017/s0956796818000151,doi:10.1145/3586043,doi:10.1017/s0956796818000151,10.1145/3586043,10.1017/s0956796818000151,10.1145/3586043,10.1017/s0956796818000151,062203928157-061902665994,2023-04-06,included,raw/cs087-references-p0001-opencitations.json.gz
opencitations,CS087,S207,references,doi:10.1145/3586043->doi:10.1007/978-3-319-21668-3_26,doi:10.1145/3586043,doi:10.1007/978-3-319-21668-3_26,10.1145/3586043,10.1007/978-3-319-21668-3_26,10.1145/3586043,10.1007/978-3-319-21668-3_26,062203928157-062102590922,2023-04-06,included,raw/cs087-references-p0001-opencitations.json.gz
opencitations,CS087,S207,references,doi:10.1145/3586043->doi:10.1145/2034773.2034798,doi:10.1145/3586043,doi:10.1145/2034773.2034798,10.1145/3586043,10.1145/2034773.2034798,10.1145/3586043,10.1145/2034773.2034798,062203928157-06603424945,2023-04-06,included,raw/cs087-references-p0001-opencitations.json.gz
opencitations,CS087,S207,references,doi:10.1145/3586043->doi:10.1145/2676726.2676980,doi:10.1145/3586043,doi:10.1145/2676726.2676980,10.1145/3586043,10.1145/2676726.2676980,10.1145/3586043,10.1145/2676726.2676980,062203928157-06801942711,2023-04-06,included,raw/cs087-references-p0001-opencitations.json.gz
opencitations,CS087,S207,references,doi:10.1145/3586043->doi:10.1145/3371113,doi:10.1145/3586043,doi:10.1145/3371113,10.1145/3586043,10.1145/3371113,10.1145/3586043,10.1145/3371113,062203928157-06202297127,2023-04-06,included,raw/cs087-references-p0001-opencitations.json.gz
opencitations,CS087,S207,references,doi:10.1145/3586043->doi:10.1145/1926385.1926417,doi:10.1145/3586043,doi:10.1145/1926385.1926417,10.1145/3586043,10.1145/1926385.1926417,10.1145/3586043,10.1145/1926385.1926417,062203928157-061503155782,2023-04-06,included,raw/cs087-references-p0001-opencitations.json.gz
opencitations,CS087,S207,references,doi:10.1145/3586043->doi:10.1145/2676726.2676975,doi:10.1145/3586043,doi:10.1145/2676726.2676975,10.1145/3586043,10.1145/2676726.2676975,10.1145/3586043,10.1145/2676726.2676975,062203928157-06201942554,2023-04-06,included,raw/cs087-references-p0001-opencitations.json.gz
opencitations,CS087,S207,references,doi:10.1145/3586043->doi:10.25560/47923,doi:10.1145/3586043,doi:10.25560/47923,10.1145/3586043,10.25560/47923,10.1145/3586043,10.25560/47923,062203928157-06903984023,2023-04-06,included,raw/cs087-references-p0001-opencitations.json.gz
opencitations,CS087,S207,references,doi:10.1145/3586043->doi:10.1007/3-540-36108-1_18,doi:10.1145/3586043,doi:10.1007/3-540-36108-1_18,10.1145/3586043,10.1007/3-540-36108-1_18,10.1145/3586043,10.1007/3-540-36108-1_18,062203928157-06203526504,2023-04-06,included,raw/cs087-references-p0001-opencitations.json.gz
opencitations,CS087,S207,references,doi:10.1145/3586043->doi:10.1007/978-3-030-81685-8_34,doi:10.1145/3586043,doi:10.1007/978-3-030-81685-8_34,10.1145/3586043,10.1007/978-3-030-81685-8_34,10.1145/3586043,10.1007/978-3-030-81685-8_34,062203928157-06702106977,2023-04-06,included,raw/cs087-references-p0001-opencitations.json.gz
opencitations,CS087,S207,references,doi:10.1145/3586043->doi:10.1145/3497775.3503681,doi:10.1145/3586043,doi:10.1145/3497775.3503681,10.1145/3586043,10.1145/3497775.3503681,10.1145/3586043,10.1145/3497775.3503681,062203928157-06902345852,2023-04-06,included,raw/cs087-references-p0001-opencitations.json.gz
opencitations,CS087,S207,references,doi:10.1145/3586043->doi:10.1145/3385412.3386029,doi:10.1145/3586043,doi:10.1145/3385412.3386029,10.1145/3586043,10.1145/3385412.3386029,10.1145/3586043,10.1145/3385412.3386029,062203928157-06702087742,2023-04-06,included,raw/cs087-references-p0001-opencitations.json.gz
opencitations,CS087,S207,references,doi:10.1145/3586043->doi:10.1007/978-3-662-49122-5_2,doi:10.1145/3586043,doi:10.1007/978-3-662-49122-5_2,10.1145/3586043,10.1007/978-3-662-49122-5_2,10.1145/3586043,10.1007/978-3-662-49122-5_2,062203928157-06502603582,2023-04-06,included,raw/cs087-references-p0001-opencitations.json.gz
opencitations,CS087,S207,references,doi:10.1145/3586043->doi:10.1007/978-3-319-21668-3_1,doi:10.1145/3586043,doi:10.1007/978-3-319-21668-3_1,10.1145/3586043,10.1007/978-3-319-21668-3_1,10.1145/3586043,10.1007/978-3-319-21668-3_1,062203928157-062102590921,2023-04-06,included,raw/cs087-references-p0001-opencitations.json.gz
opencitations,CS087,S207,references,doi:10.1145/3586043->doi:10.1007/978-3-642-54833-8_9,doi:10.1145/3586043,doi:10.1007/978-3-642-54833-8_9,10.1145/3586043,10.1007/978-3-642-54833-8_9,10.1145/3586043,10.1007/978-3-642-54833-8_9,062203928157-062302661864,2023-04-06,included,raw/cs087-references-p0001-opencitations.json.gz
opencitations,CS087,S207,references,doi:10.1145/3586043->doi:10.1145/3473586,doi:10.1145/3586043,doi:10.1145/3473586,10.1145/3586043,10.1145/3473586,10.1145/3586043,10.1145/3473586,062203928157-06202296832,2023-04-06,included,raw/cs087-references-p0001-opencitations.json.gz
opencitations,CS087,S207,references,doi:10.1145/3586043->doi:10.1017/s0960129511000119,doi:10.1145/3586043,doi:10.1017/s0960129511000119,10.1145/3586043,10.1017/s0960129511000119,10.1145/3586043,10.1017/s0960129511000119,062203928157-06190561079,2023-04-06,included,raw/cs087-references-p0001-opencitations.json.gz
opencitations,CS087,S207,references,doi:10.1145/3586043->doi:10.1007/978-3-662-44202-9_9,doi:10.1145/3586043,doi:10.1007/978-3-662-44202-9_9,10.1145/3586043,10.1007/978-3-662-44202-9_9,10.1145/3586043,10.1007/978-3-662-44202-9_9,062203928157-062102644433,2023-04-06,included,raw/cs087-references-p0001-opencitations.json.gz
opencitations,CS087,S207,references,doi:10.1145/3586043->doi:10.1145/2951913.2951943,doi:10.1145/3586043,doi:10.1145/2951913.2951943,10.1145/3586043,10.1145/2951913.2951943,10.1145/3586043,10.1145/2951913.2951943,062203928157-06202906292,2023-04-06,included,raw/cs087-references-p0001-opencitations.json.gz
opencitations,CS087,S207,references,doi:10.1145/3586043->doi:10.1145/3434291,doi:10.1145/3586043,doi:10.1145/3434291,10.1145/3586043,10.1145/3434291,10.1145/3586043,10.1145/3434291,062203928157-06202296864,2023-04-06,included,raw/cs087-references-p0001-opencitations.json.gz
opencitations,CS087,S207,references,doi:10.1145/3586043->doi:10.1145/3437992.3439930,doi:10.1145/3586043,doi:10.1145/3437992.3439930,10.1145/3586043,10.1145/3437992.3439930,10.1145/3586043,10.1145/3437992.3439930,062203928157-061703288564,2023-04-06,included,raw/cs087-references-p0001-opencitations.json.gz
opencitations,CS087,S207,references,doi:10.1145/3586043->doi:10.1145/2737924.2737964,doi:10.1145/3586043,doi:10.1145/2737924.2737964,10.1145/3586043,10.1145/2737924.2737964,10.1145/3586043,10.1145/2737924.2737964,062203928157-062502532147,2023-04-06,included,raw/cs087-references-p0001-opencitations.json.gz
opencitations,CS087,S207,references,doi:10.1145/3586043->doi:10.1145/2491956.2462189,doi:10.1145/3586043,doi:10.1145/2491956.2462189,10.1145/3586043,10.1145/2491956.2462189,10.1145/3586043,10.1145/2491956.2462189,062203928157-062402933996,2023-04-06,included,raw/cs087-references-p0001-opencitations.json.gz
opencitations,CS087,S207,references,doi:10.1145/3586043->doi:10.1145/3519939.3523432,doi:10.1145/3586043,doi:10.1145/3519939.3523432,10.1145/3586043,10.1145/3519939.3523432,10.1145/3586043,10.1145/3519939.3523432,062203928157-061502955396,2023-04-06,included,raw/cs087-references-p0001-opencitations.json.gz
opencitations,CS087,S207,references,doi:10.1145/3586043->doi:10.1145/3527318,doi:10.1145/3586043,doi:10.1145/3527318,10.1145/3586043,10.1145/3527318,10.1145/3586043,10.1145/3527318,062203928157-06202296669,2023-04-06,included,raw/cs087-references-p0001-opencitations.json.gz
opencitations,CS087,S207,references,doi:10.1145/3586043->doi:10.1007/978-3-030-51054-1_3,doi:10.1145/3586043,doi:10.1007/978-3-030-51054-1_3,10.1145/3586043,10.1007/978-3-030-51054-1_3,10.1145/3586043,10.1007/978-3-030-51054-1_3,062203928157-061201984189,2023-04-06,included,raw/cs087-references-p0001-opencitations.json.gz
opencitations,CS087,S207,references,doi:10.1145/3586043->doi:10.1007/978-3-662-54434-1_26,doi:10.1145/3586043,doi:10.1007/978-3-662-54434-1_26,10.1145/3586043,10.1007/978-3-662-54434-1_26,10.1145/3586043,10.1007/978-3-662-54434-1_26,062203928157-062302394782,2023-04-06,included,raw/cs087-references-p0001-opencitations.json.gz
opencitations,CS087,S207,references,doi:10.1145/3586043->doi:10.1145/1190216.1190235,doi:10.1145/3586043,doi:10.1145/1190216.1190235,10.1145/3586043,10.1145/1190216.1190235,10.1145/3586043,10.1145/1190216.1190235,062203928157-061603273995,2023-04-06,included,raw/cs087-references-p0001-opencitations.json.gz
opencitations,CS087,S207,references,doi:10.1145/3586043->doi:10.1109/lics.2000.855774,doi:10.1145/3586043,doi:10.1109/lics.2000.855774,10.1145/3586043,10.1109/lics.2000.855774,10.1145/3586043,10.1109/lics.2000.855774,062203928157-062303424238,2023-04-06,included,raw/cs087-references-p0001-opencitations.json.gz
opencitations,CS087,S207,references,doi:10.1145/3586043->doi:10.1145/3158154,doi:10.1145/3586043,doi:10.1145/3158154,10.1145/3586043,10.1145/3158154,10.1145/3586043,10.1145/3158154,062203928157-06202297484,2023-04-06,included,raw/cs087-references-p0001-opencitations.json.gz
opencitations,CS087,S207,references,doi:10.1145/3586043->doi:10.34727/2021/isbn.978-3-85448-046-4_23,doi:10.1145/3586043,doi:10.34727/2021/isbn.978-3-85448-046-4_23,10.1145/3586043,10.34727/2021/isbn.978-3-85448-046-4_23,10.1145/3586043,10.34727/2021/isbn.978-3-85448-046-4_23,062203928157-06290132026,2023-04-06,included,raw/cs087-references-p0001-opencitations.json.gz
opencitations,CS087,S207,references,doi:10.1145/3586043->doi:10.1145/2796550,doi:10.1145/3586043,doi:10.1145/2796550,10.1145/3586043,10.1145/2796550,10.1145/3586043,10.1145/2796550,062203928157-062601631897,2023-04-06,included,raw/cs087-references-p0001-opencitations.json.gz
opencitations,CS087,S207,references,doi:10.1145/3586043->doi:10.1145/1706299.1706323,doi:10.1145/3586043,doi:10.1145/1706299.1706323,10.1145/3586043,10.1145/1706299.1706323,10.1145/3586043,10.1145/1706299.1706323,062203928157-06803599308,2023-04-06,included,raw/cs087-references-p0001-opencitations.json.gz
opencitations,CS087,S207,references,doi:10.1145/3586043->doi:10.1007/978-3-642-19718-5_23,doi:10.1145/3586043,doi:10.1007/978-3-642-19718-5_23,10.1145/3586043,10.1007/978-3-642-19718-5_23,10.1145/3586043,10.1007/978-3-642-19718-5_23,062203928157-061603031432,2023-04-06,included,raw/cs087-references-p0001-opencitations.json.gz
opencitations,CS087,S207,references,doi:10.1145/3586043->doi:10.1007/978-3-030-90870-6_22,doi:10.1145/3586043,doi:10.1007/978-3-030-90870-6_22,10.1145/3586043,10.1007/978-3-030-90870-6_22,10.1145/3586043,10.1007/978-3-030-90870-6_22,062203928157-062401697984,2023-04-06,included,raw/cs087-references-p0001-opencitations.json.gz
opencitations,CS087,S207,references,doi:10.1145/3586043->doi:10.1007/978-3-319-63390-9_7,doi:10.1145/3586043,doi:10.1007/978-3-319-63390-9_7,10.1145/3586043,10.1007/978-3-319-63390-9_7,10.1145/3586043,10.1007/978-3-319-63390-9_7,062203928157-06302631819,2023-04-06,included,raw/cs087-references-p0001-opencitations.json.gz
opencitations,CS087,S207,references,doi:10.1145/3586043->doi:10.1007/11804192_17,doi:10.1145/3586043,doi:10.1007/11804192_17,10.1145/3586043,10.1007/11804192_17,10.1145/3586043,10.1007/11804192_17,062203928157-06903144108,2023-04-06,included,raw/cs087-references-p0001-opencitations.json.gz
opencitations,CS087,S207,references,doi:10.1145/3586043->doi:10.1145/3498689,doi:10.1145/3586043,doi:10.1145/3498689,10.1145/3586043,10.1145/3498689,10.1145/3586043,10.1145/3498689,062203928157-06202296718,2023-04-06,included,raw/cs087-references-p0001-opencitations.json.gz
opencitations,CS087,S207,references,doi:10.1145/3586043->doi:10.1145/3519939.3523451,doi:10.1145/3586043,doi:10.1145/3519939.3523451,10.1145/3586043,10.1145/3519939.3523451,10.1145/3586043,10.1145/3519939.3523451,062203928157-061502954671,2023-04-06,included,raw/cs087-references-p0001-opencitations.json.gz
opencitations,CS087,S207,references,doi:10.1145/3586043->doi:10.46298/lmcs-17(3:9)2021,doi:10.1145/3586043,doi:10.46298/lmcs-17(3:9)2021,10.1145/3586043,10.46298/lmcs-17(3:9)2021,10.1145/3586043,10.46298/lmcs-17(3:9)2021,062203928157-06801394623,2023-04-06,included,raw/cs087-references-p0001-opencitations.json.gz
opencitations,CS087,S207,references,doi:10.1145/3586043->doi:10.1007/978-3-642-37036-6_11,doi:10.1145/3586043,doi:10.1007/978-3-642-37036-6_11,10.1145/3586043,10.1007/978-3-642-37036-6_11,10.1145/3586043,10.1007/978-3-642-37036-6_11,062203928157-06503137934,2023-04-06,included,raw/cs087-references-p0001-opencitations.json.gz
opencitations,CS087,S207,references,doi:10.1145/3586043->doi:10.1007/978-3-642-40184-8_18,doi:10.1145/3586043,doi:10.1007/978-3-642-40184-8_18,10.1145/3586043,10.1007/978-3-642-40184-8_18,10.1145/3586043,10.1007/978-3-642-40184-8_18,062203928157-062102665341,2023-04-06,included,raw/cs087-references-p0001-opencitations.json.gz
opencitations,CS087,S207,references,doi:10.1145/3586043->doi:10.1145/248052.248106,doi:10.1145/3586043,doi:10.1145/248052.248106,10.1145/3586043,10.1145/248052.248106,10.1145/3586043,10.1145/248052.248106,062203928157-06703784449,2023-04-06,included,raw/cs087-references-p0001-opencitations.json.gz
opencitations,CS087,S207,references,doi:10.1145/3586043->doi:10.1145/3497775.3503689,doi:10.1145/3586043,doi:10.1145/3497775.3503689,10.1145/3586043,10.1145/3497775.3503689,10.1145/3586043,10.1145/3497775.3503689,062203928157-06902345961,2023-04-06,included,raw/cs087-references-p0001-opencitations.json.gz
opencitations,CS087,S207,references,doi:10.1145/3586043->doi:10.1145/3453483.3454036,doi:10.1145/3586043,doi:10.1145/3453483.3454036,10.1145/3586043,10.1145/3453483.3454036,10.1145/3586043,10.1145/3453483.3454036,062203928157-061102984391,2023-04-06,included,raw/cs087-references-p0001-opencitations.json.gz
opencitations,CS087,S207,references,doi:10.1145/3586043->doi:10.1145/3236772,doi:10.1145/3586043,doi:10.1145/3236772,10.1145/3586043,10.1145/3236772,10.1145/3586043,10.1145/3236772,062203928157-06202297394,2023-04-06,included,raw/cs087-references-p0001-opencitations.json.gz
opencitations,CS087,S207,references,doi:10.1145/3586043->doi:10.1016/j.tcs.2010.09.021,doi:10.1145/3586043,doi:10.1016/j.tcs.2010.09.021,10.1145/3586043,10.1016/j.tcs.2010.09.021,10.1145/3586043,10.1016/j.tcs.2010.09.021,062203928157-0650807804,2023-04-06,included,raw/cs087-references-p0001-opencitations.json.gz
opencitations,CS087,S207,references,doi:10.1145/3586043->doi:10.1007/978-3-540-71067-7_23,doi:10.1145/3586043,doi:10.1007/978-3-540-71067-7_23,10.1145/3586043,10.1007/978-3-540-71067-7_23,10.1145/3586043,10.1007/978-3-540-71067-7_23,062203928157-062203055607,2023-04-06,included,raw/cs087-references-p0001-opencitations.json.gz
opencitations,CS087,S207,references,doi:10.1145/3586043->doi:10.4230/lipics.itp.2021.9,doi:10.1145/3586043,doi:10.4230/lipics.itp.2021.9,10.1145/3586043,10.4230/lipics.itp.2021.9,10.1145/3586043,10.4230/lipics.itp.2021.9,062203928157-0601854,2023-04-06,included,raw/cs087-references-p0001-opencitations.json.gz
opencitations,CS087,S207,references,doi:10.1145/3586043->doi:10.1145/3209108.3209174,doi:10.1145/3586043,doi:10.1145/3209108.3209174,10.1145/3586043,10.1145/3209108.3209174,10.1145/3586043,10.1145/3209108.3209174,062203928157-061602348291,2023-04-06,included,raw/cs087-references-p0001-opencitations.json.gz
opencitations,CS087,S207,references,doi:10.1145/3586043->doi:10.1109/sp40001.2021.00003,doi:10.1145/3586043,doi:10.1109/sp40001.2021.00003,10.1145/3586043,10.1109/sp40001.2021.00003,10.1145/3586043,10.1109/sp40001.2021.00003,062203928157-06703307776,2023-04-06,included,raw/cs087-references-p0001-opencitations.json.gz
opencitations,CS087,S207,references,doi:10.1145/3586043->doi:10.1145/1806596.1806634,doi:10.1145/3586043,doi:10.1145/1806596.1806634,10.1145/3586043,10.1145/1806596.1806634,10.1145/3586043,10.1145/1806596.1806634,062203928157-061103187976,2023-04-06,included,raw/cs087-references-p0001-opencitations.json.gz
opencitations,CS087,S207,references,doi:10.1145/3586043->doi:10.1109/lics.2001.932501,doi:10.1145/3586043,doi:10.1109/lics.2001.932501,10.1145/3586043,10.1109/lics.2001.932501,10.1145/3586043,10.1109/lics.2001.932501,062203928157-061903433803,2023-04-06,included,raw/cs087-references-p0001-opencitations.json.gz
opencitations,CS087,S207,references,doi:10.1145/3586043->doi:10.1145/3360587,doi:10.1145/3586043,doi:10.1145/3360587,10.1145/3586043,10.1145/3360587,10.1145/3586043,10.1145/3360587,062203928157-06202297148,2023-04-06,included,raw/cs087-references-p0001-opencitations.json.gz
opencitations,CS087,S207,references,doi:10.1145/3586043->doi:10.1145/3009837.3009855,doi:10.1145/3586043,doi:10.1145/3009837.3009855,10.1145/3586043,10.1145/3009837.3009855,10.1145/3586043,10.1145/3009837.3009855,062203928157-061502479223,2023-04-06,included,raw/cs087-references-p0001-opencitations.json.gz
opencitations,CS087,S207,references,doi:10.1145/3586043->doi:10.1007/978-3-642-54862-8_9,doi:10.1145/3586043,doi:10.1007/978-3-642-54862-8_9,10.1145/3586043,10.1007/978-3-642-54862-8_9,10.1145/3586043,10.1007/978-3-642-54862-8_9,062203928157-061102660838,2023-04-06,included,raw/cs087-references-p0001-opencitations.json.gz
opencitations,CS087,S207,references,doi:10.1145/3586043->doi:10.1007/978-3-319-71237-6_14,doi:10.1145/3586043,doi:10.1007/978-3-319-71237-6_14,10.1145/3586043,10.1007/978-3-319-71237-6_14,10.1145/3586043,10.1007/978-3-319-71237-6_14,062203928157-061402200224,2023-04-06,included,raw/cs087-references-p0001-opencitations.json.gz
opencitations,CS087,S207,references,doi:10.1145/3586043->doi:10.5281/zenodo.7712620,doi:10.1145/3586043,doi:10.5281/zenodo.7712620,10.1145/3586043,10.5281/zenodo.7712620,10.1145/3586043,10.5281/zenodo.7712620,062203928157-06903984025,2023-04-06,included,raw/cs087-references-p0001-opencitations.json.gz
opencitations,CS087,S207,references,doi:10.1145/3586043->doi:10.1145/3547631,doi:10.1145/3586043,doi:10.1145/3547631,10.1145/3586043,10.1145/3547631,10.1145/3586043,10.1145/3547631,062203928157-061903471653,2023-04-06,included,raw/cs087-references-p0001-opencitations.json.gz
opencitations,CS087,S207,references,doi:10.1145/3586043->doi:10.1007/978-3-031-01806-0,doi:10.1145/3586043,doi:10.1007/978-3-031-01806-0,10.1145/3586043,10.1007/978-3-031-01806-0,10.1145/3586043,10.1007/978-3-031-01806-0,062203928157-06903984024,2023-04-06,included,raw/cs087-references-p0001-opencitations.json.gz
opencitations,CS087,S207,references,doi:10.1145/3586043->doi:10.1145/78969.78972,doi:10.1145/3586043,doi:10.1145/78969.78972,10.1145/3586043,10.1145/78969.78972,10.1145/3586043,10.1145/78969.78972,062203928157-06702614122,2023-04-06,included,raw/cs087-references-p0001-opencitations.json.gz
opencitations,CS087,S207,references,doi:10.1145/3586043->doi:10.1145/2500365.2500600,doi:10.1145/3586043,doi:10.1145/2500365.2500600,10.1145/3586043,10.1145/2500365.2500600,10.1145/3586043,10.1145/2500365.2500600,062203928157-061102942728,2023-04-06,included,raw/cs087-references-p0001-opencitations.json.gz
opencitations,CS087,S207,references,doi:10.1145/3586043->doi:10.1007/3-540-44404-1_7,doi:10.1145/3586043,doi:10.1007/3-540-44404-1_7,10.1145/3586043,10.1007/3-540-44404-1_7,10.1145/3586043,10.1007/3-540-44404-1_7,062203928157-06203533190,2023-04-06,included,raw/cs087-references-p0001-opencitations.json.gz
opencitations,CS087,S207,citations,doi:10.1145/3623510->doi:10.1145/3586043,doi:10.1145/3623510,doi:10.1145/3586043,10.1145/3623510,10.1145/3586043,10.1145/3623510,10.1145/3586043,0635087443-062203928157,2023-09-14,included,raw/cs087-citations-p0001-opencitations.json.gz
opencitations,CS087,S207,citations,doi:10.1145/3591275->doi:10.1145/3586043,doi:10.1145/3591275,doi:10.1145/3586043,10.1145/3591275,10.1145/3586043,10.1145/3591275,10.1145/3586043,062203928090-062203928157,2023-06-06,included,raw/cs087-citations-p0001-opencitations.json.gz
opencitations,CS087,S207,citations,doi:10.1145/3656384->doi:10.1145/3586043,doi:10.1145/3656384,doi:10.1145/3586043,10.1145/3656384,10.1145/3586043,10.1145/3656384,10.1145/3586043,062404381372-062203928157,2024-06-20,included,raw/cs087-citations-p0001-opencitations.json.gz
opencitations,CS087,S207,citations,doi:10.1145/3776701->doi:10.1145/3586043,doi:10.1145/3776701,doi:10.1145/3586043,10.1145/3776701,10.1145/3586043,10.1145/3776701,10.1145/3586043,06015362618-062203928157,2026-01-08,included,raw/cs087-citations-p0001-opencitations.json.gz
opencitations,CS087,S207,citations,doi:10.1007/978-3-031-98668-0_4->doi:10.1145/3586043,doi:10.1007/978-3-031-98668-0_4,doi:10.1145/3586043,10.1007/978-3-031-98668-0_4,10.1145/3586043,10.1007/978-3-031-98668-0_4,10.1145/3586043,06011391476-062203928157,2025,included,raw/cs087-citations-p0001-opencitations.json.gz
opencitations,CS087,S207,citations,doi:10.1145/3622827->doi:10.1145/3586043,doi:10.1145/3622827,doi:10.1145/3586043,10.1145/3622827,10.1145/3586043,10.1145/3622827,10.1145/3586043,061604166201-062203928157,,unknown-date,raw/cs087-citations-p0001-opencitations.json.gz
opencitations,CS087,S207,citations,doi:10.1145/3636501.3636950->doi:10.1145/3586043,doi:10.1145/3636501.3636950,doi:10.1145/3586043,10.1145/3636501.3636950,10.1145/3586043,10.1145/3636501.3636950,10.1145/3586043,061404137776-062203928157,2024-01-09,included,raw/cs087-citations-p0001-opencitations.json.gz
opencitations,CS087,S207,citations,doi:10.1145/3729248->doi:10.1145/3586043,doi:10.1145/3729248,doi:10.1145/3586043,10.1145/3729248,10.1145/3586043,10.1145/3729248,10.1145/3586043,06010617324-062203928157,2025-06-10,included,raw/cs087-citations-p0001-opencitations.json.gz
opencitations,CS090,S210,references,doi:10.1007/s00165-009-0130-y->doi:10.1007/978-3-540-39910-0_26,doi:10.1007/s00165-009-0130-y,doi:10.1007/978-3-540-39910-0_26,10.1007/s00165-009-0130-y,10.1007/978-3-540-39910-0_26,10.1007/s00165-009-0130-y,10.1007/978-3-540-39910-0_26,062101754579-061703147056,2011-01,included,raw/cs090-references-p0001-opencitations.json.gz
opencitations,CS090,S210,references,doi:10.1007/s00165-009-0130-y->doi:10.1007/978-94-017-0435-9_1,doi:10.1007/s00165-009-0130-y,doi:10.1007/978-94-017-0435-9_1,10.1007/s00165-009-0130-y,10.1007/978-94-017-0435-9_1,10.1007/s00165-009-0130-y,10.1007/978-94-017-0435-9_1,062101754579-061102743313,2011-01,included,raw/cs090-references-p0001-opencitations.json.gz
opencitations,CS090,S210,references,doi:10.1007/s00165-009-0130-y->doi:10.1016/j.scico.2006.10.001,doi:10.1007/s00165-009-0130-y,doi:10.1016/j.scico.2006.10.001,10.1007/s00165-009-0130-y,10.1016/j.scico.2006.10.001,10.1007/s00165-009-0130-y,10.1016/j.scico.2006.10.001,062101754579-06250453153,2011-01,included,raw/cs090-references-p0001-opencitations.json.gz
opencitations,CS090,S210,references,doi:10.1007/s00165-009-0130-y->doi:10.1007/11691372_19,doi:10.1007/s00165-009-0130-y,doi:10.1007/11691372_19,10.1007/s00165-009-0130-y,10.1007/11691372_19,10.1007/s00165-009-0130-y,10.1007/11691372_19,062101754579-062203299187,2011-01,included,raw/cs090-references-p0001-opencitations.json.gz
opencitations,CS090,S210,references,doi:10.1007/s00165-009-0130-y->doi:10.1007/978-3-540-70545-1_37,doi:10.1007/s00165-009-0130-y,doi:10.1007/978-3-540-70545-1_37,10.1007/s00165-009-0130-y,10.1007/978-3-540-70545-1_37,10.1007/s00165-009-0130-y,10.1007/978-3-540-70545-1_37,062101754579-06803506974,2011-01,included,raw/cs090-references-p0001-opencitations.json.gz
opencitations,CS090,S210,references,doi:10.1007/s00165-009-0130-y->doi:10.1145/365559.365617,doi:10.1007/s00165-009-0130-y,doi:10.1145/365559.365617,10.1007/s00165-009-0130-y,10.1145/365559.365617,10.1007/s00165-009-0130-y,10.1145/365559.365617,062101754579-06703884164,2011-01,included,raw/cs090-references-p0001-opencitations.json.gz
opencitations,CS090,S210,references,doi:10.1007/s00165-009-0130-y->doi:10.1016/j.entcs.2006.08.044,doi:10.1007/s00165-009-0130-y,doi:10.1016/j.entcs.2006.08.044,10.1007/s00165-009-0130-y,10.1016/j.entcs.2006.08.044,10.1007/s00165-009-0130-y,10.1016/j.entcs.2006.08.044,062101754579-06801442277,2011-01,included,raw/cs090-references-p0001-opencitations.json.gz
opencitations,CS090,S210,references,doi:10.1007/s00165-009-0130-y->doi:10.1007/978-3-540-73368-3_49,doi:10.1007/s00165-009-0130-y,doi:10.1007/978-3-540-73368-3_49,10.1007/s00165-009-0130-y,10.1007/978-3-540-73368-3_49,10.1007/s00165-009-0130-y,10.1007/978-3-540-73368-3_49,062101754579-061503105533,2011-01,included,raw/cs090-references-p0001-opencitations.json.gz
opencitations,CS090,S210,references,doi:10.1007/s00165-009-0130-y->doi:10.1145/1007912.1007944,doi:10.1007/s00165-009-0130-y,doi:10.1145/1007912.1007944,10.1007/s00165-009-0130-y,10.1145/1007912.1007944,10.1007/s00165-009-0130-y,10.1145/1007912.1007944,062101754579-062503363126,2011-01,included,raw/cs090-references-p0001-opencitations.json.gz
opencitations,CS090,S210,references,doi:10.1007/s00165-009-0130-y->doi:10.1145/1122971.1122992,doi:10.1007/s00165-009-0130-y,doi:10.1145/1122971.1122992,10.1007/s00165-009-0130-y,10.1145/1122971.1122992,10.1007/s00165-009-0130-y,10.1145/1122971.1122992,062101754579-061403326036,2011-01,included,raw/cs090-references-p0001-opencitations.json.gz
opencitations,CS090,S210,references,doi:10.1007/s00165-009-0130-y->doi:10.1007/978-3-540-74061-2_15,doi:10.1007/s00165-009-0130-y,doi:10.1007/978-3-540-74061-2_15,10.1007/s00165-009-0130-y,10.1007/978-3-540-74061-2_15,10.1007/s00165-009-0130-y,10.1007/978-3-540-74061-2_15,062101754579-06703502766,2011-01,included,raw/cs090-references-p0001-opencitations.json.gz
opencitations,CS090,S210,references,doi:10.1007/s00165-009-0130-y->doi:10.1007/s00236-006-0020-1,doi:10.1007/s00165-009-0130-y,doi:10.1007/s00236-006-0020-1,10.1007/s00165-009-0130-y,10.1007/s00236-006-0020-1,10.1007/s00165-009-0130-y,10.1007/s00236-006-0020-1,062101754579-06701585144,2011-01,included,raw/cs090-references-p0001-opencitations.json.gz
opencitations,CS090,S210,references,doi:10.1007/s00165-009-0130-y->doi:10.1007/s002360050039,doi:10.1007/s00165-009-0130-y,doi:10.1007/s002360050039,10.1007/s00165-009-0130-y,10.1007/s002360050039,10.1007/s00165-009-0130-y,10.1007/s002360050039,062101754579-06901608756,2011-01,included,raw/cs090-references-p0001-opencitations.json.gz
opencitations,CS090,S210,references,doi:10.1007/s00165-009-0130-y->doi:10.1023/a:1008700623084,doi:10.1007/s00165-009-0130-y,doi:10.1023/a:1008700623084,10.1007/s00165-009-0130-y,10.1023/a:1008700623084,10.1007/s00165-009-0130-y,10.1023/a:1008700623084,062101754579-0680344617,2011-01,included,raw/cs090-references-p0001-opencitations.json.gz
opencitations,CS090,S210,references,doi:10.1007/s00165-009-0130-y->doi:10.1145/177492.177726,doi:10.1007/s00165-009-0130-y,doi:10.1145/177492.177726,10.1007/s00165-009-0130-y,10.1145/177492.177726,10.1007/s00165-009-0130-y,10.1145/177492.177726,062101754579-06602633051,2011-01,included,raw/cs090-references-p0001-opencitations.json.gz
opencitations,CS090,S210,references,doi:10.1007/s00165-009-0130-y->doi:10.1007/978-3-540-74407-8_18,doi:10.1007/s00165-009-0130-y,doi:10.1007/978-3-540-74407-8_18,10.1007/s00165-009-0130-y,10.1007/978-3-540-74407-8_18,10.1007/s00165-009-0130-y,10.1007/978-3-540-74407-8_18,062101754579-062403101181,2011-01,included,raw/cs090-references-p0001-opencitations.json.gz
opencitations,CS090,S210,references,doi:10.1007/s00165-009-0130-y->doi:10.1007/11888116_2,doi:10.1007/s00165-009-0130-y,doi:10.1007/11888116_2,10.1007/s00165-009-0130-y,10.1007/11888116_2,10.1007/s00165-009-0130-y,10.1007/11888116_2,062101754579-06903159327,2011-01,included,raw/cs090-references-p0001-opencitations.json.gz
opencitations,CS090,S210,references,doi:10.1007/s00165-009-0130-y->doi:10.1007/978-3-642-18216-7,doi:10.1007/s00165-009-0130-y,doi:10.1007/978-3-642-18216-7,10.1007/s00165-009-0130-y,10.1007/978-3-642-18216-7,10.1007/s00165-009-0130-y,10.1007/978-3-642-18216-7,062101754579-062058188,2011-01,included,raw/cs090-references-p0001-opencitations.json.gz
opencitations,CS090,S210,references,doi:10.1007/s00165-009-0130-y->doi:10.1145/248052.248106,doi:10.1007/s00165-009-0130-y,doi:10.1145/248052.248106,10.1007/s00165-009-0130-y,10.1145/248052.248106,10.1007/s00165-009-0130-y,10.1145/248052.248106,062101754579-06703784449,2011-01,included,raw/cs090-references-p0001-opencitations.json.gz
opencitations,CS090,S210,references,doi:10.1007/s00165-009-0130-y->doi:10.1007/bf00268134,doi:10.1007/s00165-009-0130-y,doi:10.1007/bf00268134,10.1007/s00165-009-0130-y,10.1007/bf00268134,10.1007/s00165-009-0130-y,10.1007/bf00268134,062101754579-06901608480,2011-01,included,raw/cs090-references-p0001-opencitations.json.gz
opencitations,CS090,S210,references,doi:10.1007/s00165-009-0130-y->doi:10.1016/j.entcs.2005.04.026,doi:10.1007/s00165-009-0130-y,doi:10.1016/j.entcs.2005.04.026,10.1007/s00165-009-0130-y,10.1016/j.entcs.2005.04.026,10.1007/s00165-009-0130-y,10.1016/j.entcs.2005.04.026,062101754579-06901456981,2011-01,included,raw/cs090-references-p0001-opencitations.json.gz
opencitations,CS090,S210,references,doi:10.1007/s00165-009-0130-y->doi:10.1145/203095.201069,doi:10.1007/s00165-009-0130-y,doi:10.1145/203095.201069,10.1007/s00165-009-0130-y,10.1145/203095.201069,10.1007/s00165-009-0130-y,10.1145/203095.201069,062101754579-06602633461,2011-01,included,raw/cs090-references-p0001-opencitations.json.gz
opencitations,CS090,S210,references,doi:10.1007/s00165-009-0130-y->doi:10.1109/tse.1981.230844,doi:10.1007/s00165-009-0130-y,doi:10.1109/tse.1981.230844,10.1007/s00165-009-0130-y,10.1109/tse.1981.230844,10.1007/s00165-009-0130-y,10.1109/tse.1981.230844,062101754579-062401956678,2011-01,included,raw/cs090-references-p0001-opencitations.json.gz
opencitations,CS090,S210,references,doi:10.1007/s00165-009-0130-y->doi:10.1016/0304-3975(96)00069-2,doi:10.1007/s00165-009-0130-y,doi:10.1016/0304-3975(96)00069-2,10.1007/s00165-009-0130-y,10.1016/0304-3975(96)00069-2,10.1007/s00165-009-0130-y,10.1016/0304-3975(96)00069-2,062101754579-0680803335,2011-01,included,raw/cs090-references-p0001-opencitations.json.gz
opencitations,CS090,S210,references,doi:10.1007/s00165-009-0130-y->doi:10.1007/s00165-008-0092-5,doi:10.1007/s00165-009-0130-y,doi:10.1007/s00165-008-0092-5,10.1007/s00165-009-0130-y,10.1007/s00165-008-0092-5,10.1007/s00165-009-0130-y,10.1007/s00165-008-0092-5,062101754579-062201749863,2011-01,included,raw/cs090-references-p0001-opencitations.json.gz
opencitations,CS090,S210,references,doi:10.1007/s00165-009-0130-y->doi:10.1109/lics.2002.1029817,doi:10.1007/s00165-009-0130-y,doi:10.1109/lics.2002.1029817,10.1007/s00165-009-0130-y,10.1109/lics.2002.1029817,10.1007/s00165-009-0130-y,10.1109/lics.2002.1029817,062101754579-06302043364,2011-01,included,raw/cs090-references-p0001-opencitations.json.gz
opencitations,CS090,S210,references,doi:10.1007/s00165-009-0130-y->doi:10.1007/3-540-60275-5_67,doi:10.1007/s00165-009-0130-y,doi:10.1007/3-540-60275-5_67,10.1007/s00165-009-0130-y,10.1007/3-540-60275-5_67,10.1007/s00165-009-0130-y,10.1007/3-540-60275-5_67,062101754579-062402845880,2011-01,included,raw/cs090-references-p0001-opencitations.json.gz
opencitations,CS090,S210,references,doi:10.1007/s00165-009-0130-y->doi:10.1145/69575.69577,doi:10.1007/s00165-009-0130-y,doi:10.1145/69575.69577,10.1007/s00165-009-0130-y,10.1145/69575.69577,10.1007/s00165-009-0130-y,10.1145/69575.69577,062101754579-06602633320,2011-01,included,raw/cs090-references-p0001-opencitations.json.gz
opencitations,CS090,S210,references,doi:10.1007/s00165-009-0130-y->doi:10.1007/978-3-540-73210-5_11,doi:10.1007/s00165-009-0130-y,doi:10.1007/978-3-540-73210-5_11,10.1007/s00165-009-0130-y,10.1007/978-3-540-73210-5_11,10.1007/s00165-009-0130-y,10.1007/978-3-540-73210-5_11,062101754579-06103547527,2011-01,included,raw/cs090-references-p0001-opencitations.json.gz
opencitations,CS090,S210,references,doi:10.1007/s00165-009-0130-y->doi:10.1007/978-3-540-30232-2_7,doi:10.1007/s00165-009-0130-y,doi:10.1007/978-3-540-30232-2_7,10.1007/s00165-009-0130-y,10.1007/978-3-540-30232-2_7,10.1007/s00165-009-0130-y,10.1007/978-3-540-30232-2_7,062101754579-06303043890,2011-01,included,raw/cs090-references-p0001-opencitations.json.gz
opencitations,CS090,S210,references,doi:10.1007/s00165-009-0130-y->doi:10.1007/bf01782772,doi:10.1007/s00165-009-0130-y,doi:10.1007/bf01782772,10.1007/s00165-009-0130-y,10.1007/bf01782772,10.1007/s00165-009-0130-y,10.1007/bf01782772,062101754579-06603246520,2011-01,included,raw/cs090-references-p0001-opencitations.json.gz
opencitations,CS090,S210,references,doi:10.1007/s00165-009-0130-y->doi:10.1007/978-3-540-68863-1_6,doi:10.1007/s00165-009-0130-y,doi:10.1007/978-3-540-68863-1_6,10.1007/s00165-009-0130-y,10.1007/978-3-540-68863-1_6,10.1007/s00165-009-0130-y,10.1007/978-3-540-68863-1_6,062101754579-061403097756,2011-01,included,raw/cs090-references-p0001-opencitations.json.gz
opencitations,CS090,S210,references,doi:10.1007/s00165-009-0130-y->doi:10.1145/78969.78972,doi:10.1007/s00165-009-0130-y,doi:10.1145/78969.78972,10.1007/s00165-009-0130-y,10.1145/78969.78972,10.1007/s00165-009-0130-y,10.1145/78969.78972,062101754579-06702614122,2011-01,included,raw/cs090-references-p0001-opencitations.json.gz
opencitations,CS090,S210,citations,doi:10.1109/icpc.2019.00041->doi:10.1007/s00165-009-0130-y,doi:10.1109/icpc.2019.00041,doi:10.1007/s00165-009-0130-y,10.1109/icpc.2019.00041,10.1007/s00165-009-0130-y,10.1109/icpc.2019.00041,10.1007/s00165-009-0130-y,061202277554-062101754579,2019-05,included,raw/cs090-citations-p0001-opencitations.json.gz
opencitations,CS090,S210,citations,doi:10.1109/time.2011.25->doi:10.1007/s00165-009-0130-y,doi:10.1109/time.2011.25,doi:10.1007/s00165-009-0130-y,10.1109/time.2011.25,10.1007/s00165-009-0130-y,10.1109/time.2011.25,10.1007/s00165-009-0130-y,06101999105-062101754579,2011-09,included,raw/cs090-citations-p0001-opencitations.json.gz
opencitations,CS090,S210,citations,doi:10.1007/s10472-014-9417-7->doi:10.1007/s00165-009-0130-y,doi:10.1007/s10472-014-9417-7,doi:10.1007/s00165-009-0130-y,10.1007/s10472-014-9417-7,10.1007/s00165-009-0130-y,10.1007/s10472-014-9417-7,10.1007/s00165-009-0130-y,06702389281-062101754579,2014-04-10,included,raw/cs090-citations-p0001-opencitations.json.gz
opencitations,CS090,S210,citations,doi:10.1016/j.ipl.2013.02.005->doi:10.1007/s00165-009-0130-y,doi:10.1016/j.ipl.2013.02.005,doi:10.1007/s00165-009-0130-y,10.1016/j.ipl.2013.02.005,10.1007/s00165-009-0130-y,10.1016/j.ipl.2013.02.005,10.1007/s00165-009-0130-y,0690948747-062101754579,2013-05,included,raw/cs090-citations-p0001-opencitations.json.gz
opencitations,CS090,S210,citations,doi:10.1016/j.scico.2014.04.001->doi:10.1007/s00165-009-0130-y,doi:10.1016/j.scico.2014.04.001,doi:10.1007/s00165-009-0130-y,10.1016/j.scico.2014.04.001,10.1007/s00165-009-0130-y,10.1016/j.scico.2014.04.001,10.1007/s00165-009-0130-y,06240449411-062101754579,2014-12,included,raw/cs090-citations-p0001-opencitations.json.gz
opencitations,CS090,S210,citations,doi:10.4204/eptcs.115.2->doi:10.1007/s00165-009-0130-y,doi:10.4204/eptcs.115.2,doi:10.1007/s00165-009-0130-y,10.4204/eptcs.115.2,10.1007/s00165-009-0130-y,10.4204/eptcs.115.2,10.1007/s00165-009-0130-y,06130294995-062101754579,2013-05-24,included,raw/cs090-citations-p0001-opencitations.json.gz
opencitations,CS090,S210,citations,doi:10.1145/1889997.1890001->doi:10.1007/s00165-009-0130-y,doi:10.1145/1889997.1890001,doi:10.1007/s00165-009-0130-y,10.1145/1889997.1890001,10.1007/s00165-009-0130-y,10.1145/1889997.1890001,10.1007/s00165-009-0130-y,06602632664-062101754579,2011-01,included,raw/cs090-citations-p0001-opencitations.json.gz
opencitations,CS090,S210,citations,doi:10.1007/978-3-319-25942-0_10->doi:10.1007/s00165-009-0130-y,doi:10.1007/978-3-319-25942-0_10,doi:10.1007/s00165-009-0130-y,10.1007/978-3-319-25942-0_10,10.1007/s00165-009-0130-y,10.1007/978-3-319-25942-0_10,10.1007/s00165-009-0130-y,062202573284-062101754579,2015,included,raw/cs090-citations-p0001-opencitations.json.gz
opencitations,CS090,S210,citations,doi:10.1145/2796550->doi:10.1007/s00165-009-0130-y,doi:10.1145/2796550,doi:10.1007/s00165-009-0130-y,10.1145/2796550,10.1007/s00165-009-0130-y,10.1145/2796550,10.1007/s00165-009-0130-y,062601631897-062101754579,2015-11-21,included,raw/cs090-citations-p0001-opencitations.json.gz
opencitations,CS090,S210,citations,doi:10.2168/lmcs-8(3:10)2012->doi:10.1007/s00165-009-0130-y,doi:10.2168/lmcs-8(3:10)2012,doi:10.1007/s00165-009-0130-y,10.2168/lmcs-8(3:10)2012,10.1007/s00165-009-0130-y,10.2168/lmcs-8(3:10)2012,10.1007/s00165-009-0130-y,06801394863-062101754579,2012-08-13,included,raw/cs090-citations-p0001-opencitations.json.gz
opencitations,CS090,S210,citations,doi:10.1109/acsd.2009.10->doi:10.1007/s00165-009-0130-y,doi:10.1109/acsd.2009.10,doi:10.1007/s00165-009-0130-y,10.1109/acsd.2009.10,10.1007/s00165-009-0130-y,10.1109/acsd.2009.10,10.1007/s00165-009-0130-y,06502008145-062101754579,2009-07,included,raw/cs090-citations-p0001-opencitations.json.gz
opencitations,CS090,S210,citations,doi:10.1007/978-3-642-36249-1_4->doi:10.1007/s00165-009-0130-y,doi:10.1007/978-3-642-36249-1_4,doi:10.1007/s00165-009-0130-y,10.1007/978-3-642-36249-1_4,10.1007/s00165-009-0130-y,10.1007/978-3-642-36249-1_4,10.1007/s00165-009-0130-y,06503140352-062101754579,2013,included,raw/cs090-citations-p0001-opencitations.json.gz
opencitations,CS090,S210,citations,doi:10.1016/j.scico.2015.05.005->doi:10.1007/s00165-009-0130-y,doi:10.1016/j.scico.2015.05.005,doi:10.1007/s00165-009-0130-y,10.1016/j.scico.2015.05.005,10.1007/s00165-009-0130-y,10.1016/j.scico.2015.05.005,10.1007/s00165-009-0130-y,06240449288-062101754579,2015-11,included,raw/cs090-citations-p0001-opencitations.json.gz
opencitations,CS090,S210,citations,doi:10.1007/s00165-017-0417-3->doi:10.1007/s00165-009-0130-y,doi:10.1007/s00165-017-0417-3,doi:10.1007/s00165-009-0130-y,10.1007/s00165-017-0417-3,10.1007/s00165-009-0130-y,10.1007/s00165-017-0417-3,10.1007/s00165-009-0130-y,062101753943-062101754579,2017-07,included,raw/cs090-citations-p0001-opencitations.json.gz
opencitations,CS090,S210,citations,doi:10.1145/3290371->doi:10.1007/s00165-009-0130-y,doi:10.1145/3290371,doi:10.1007/s00165-009-0130-y,10.1145/3290371,10.1007/s00165-009-0130-y,10.1145/3290371,10.1007/s00165-009-0130-y,06202297263-062101754579,2019-01-02,included,raw/cs090-citations-p0001-opencitations.json.gz
opencitations,CS090,S210,citations,doi:10.1007/s10472-013-9356-8->doi:10.1007/s00165-009-0130-y,doi:10.1007/s10472-013-9356-8,doi:10.1007/s00165-009-0130-y,10.1007/s10472-013-9356-8,10.1007/s00165-009-0130-y,10.1007/s10472-013-9356-8,10.1007/s00165-009-0130-y,06702389326-062101754579,2013-06-05,included,raw/cs090-citations-p0001-opencitations.json.gz
opencitations,CS094,S214,references,doi:10.1007/978-3-031-47115-5_17->doi:10.1007/978-3-030-44914-8_22,doi:10.1007/978-3-031-47115-5_17,doi:10.1007/978-3-030-44914-8_22,10.1007/978-3-031-47115-5_17,10.1007/978-3-030-44914-8_22,10.1007/978-3-031-47115-5_17,10.1007/978-3-030-44914-8_22,0608844959-062101997305,,included,raw/cs094-references-p0001-opencitations.json.gz
opencitations,CS094,S214,references,doi:10.1007/978-3-031-47115-5_17->doi:10.4108/icst.collaboratecom.2011.247161,doi:10.1007/978-3-031-47115-5_17,doi:10.4108/icst.collaboratecom.2011.247161,10.1007/978-3-031-47115-5_17,10.4108/icst.collaboratecom.2011.247161,10.1007/978-3-031-47115-5_17,10.4108/icst.collaboratecom.2011.247161,0608844959-061202976179,,included,raw/cs094-references-p0001-opencitations.json.gz
opencitations,CS094,S214,references,doi:10.1007/978-3-031-47115-5_17->doi:10.1109/isorc.2010.10,doi:10.1007/978-3-031-47115-5_17,doi:10.1109/isorc.2010.10,10.1007/978-3-031-47115-5_17,10.1109/isorc.2010.10,10.1007/978-3-031-47115-5_17,10.1109/isorc.2010.10,0608844959-062403165939,,included,raw/cs094-references-p0001-opencitations.json.gz
opencitations,CS094,S214,references,doi:10.1007/978-3-031-47115-5_17->doi:10.1007/978-3-030-90870-6_13,doi:10.1007/978-3-031-47115-5_17,doi:10.1007/978-3-030-90870-6_13,10.1007/978-3-031-47115-5_17,10.1007/978-3-030-90870-6_13,10.1007/978-3-031-47115-5_17,10.1007/978-3-030-90870-6_13,0608844959-062401697991,,included,raw/cs094-references-p0001-opencitations.json.gz
opencitations,CS094,S214,references,doi:10.1007/978-3-031-47115-5_17->doi:10.1145/1190216.1190261,doi:10.1007/978-3-031-47115-5_17,doi:10.1145/1190216.1190261,10.1007/978-3-031-47115-5_17,10.1145/1190216.1190261,10.1007/978-3-031-47115-5_17,10.1145/1190216.1190261,0608844959-061603273748,,included,raw/cs094-references-p0001-opencitations.json.gz
opencitations,CS094,S214,references,doi:10.1007/978-3-031-47115-5_17->doi:10.1007/978-3-642-23283-1_16,doi:10.1007/978-3-031-47115-5_17,doi:10.1007/978-3-642-23283-1_16,10.1007/978-3-031-47115-5_17,10.1007/978-3-642-23283-1_16,10.1007/978-3-031-47115-5_17,10.1007/978-3-642-23283-1_16,0608844959-061402803012,,included,raw/cs094-references-p0001-opencitations.json.gz
opencitations,CS094,S214,references,doi:10.1007/978-3-031-47115-5_17->doi:10.1007/s10817-021-09610-2,doi:10.1007/978-3-031-47115-5_17,doi:10.1007/s10817-021-09610-2,10.1007/978-3-031-47115-5_17,10.1007/s10817-021-09610-2,10.1007/978-3-031-47115-5_17,10.1007/s10817-021-09610-2,0608844959-061302860194,,included,raw/cs094-references-p0001-opencitations.json.gz
opencitations,CS094,S214,references,doi:10.1007/978-3-031-47115-5_17->doi:10.1109/tpds.2004.8,doi:10.1007/978-3-031-47115-5_17,doi:10.1109/tpds.2004.8,10.1007/978-3-031-47115-5_17,10.1109/tpds.2004.8,10.1007/978-3-031-47115-5_17,10.1109/tpds.2004.8,0608844959-061203026926,,included,raw/cs094-references-p0001-opencitations.json.gz
opencitations,CS094,S214,references,doi:10.1007/978-3-031-47115-5_17->doi:10.1145/3290380,doi:10.1007/978-3-031-47115-5_17,doi:10.1145/3290380,10.1007/978-3-031-47115-5_17,10.1145/3290380,10.1007/978-3-031-47115-5_17,10.1145/3290380,0608844959-06202297265,,included,raw/cs094-references-p0001-opencitations.json.gz
opencitations,CS094,S214,references,doi:10.1007/978-3-031-47115-5_17->doi:10.1145/2660193.2660243,doi:10.1007/978-3-031-47115-5_17,doi:10.1145/2660193.2660243,10.1007/978-3-031-47115-5_17,10.1145/2660193.2660243,10.1007/978-3-031-47115-5_17,10.1145/2660193.2660243,0608844959-06402985784,,included,raw/cs094-references-p0001-opencitations.json.gz
opencitations,CS094,S214,references,doi:10.1007/978-3-031-47115-5_17->doi:10.1145/2813885.2737992,doi:10.1007/978-3-031-47115-5_17,doi:10.1145/2813885.2737992,10.1007/978-3-031-47115-5_17,10.1145/2813885.2737992,10.1007/978-3-031-47115-5_17,10.1145/2813885.2737992,0608844959-0614090616,,included,raw/cs094-references-p0001-opencitations.json.gz
opencitations,CS094,S214,references,doi:10.1007/978-3-031-47115-5_17->doi:10.4230/lipics.ecoop.2020.11,doi:10.1007/978-3-031-47115-5_17,doi:10.4230/lipics.ecoop.2020.11,10.1007/978-3-031-47115-5_17,10.4230/lipics.ecoop.2020.11,10.1007/978-3-031-47115-5_17,10.4230/lipics.ecoop.2020.11,0608844959-060625,,included,raw/cs094-references-p0001-opencitations.json.gz
opencitations,CS094,S214,references,doi:10.1007/978-3-031-47115-5_17->doi:10.1007/978-3-030-99336-8_9,doi:10.1007/978-3-031-47115-5_17,doi:10.1007/978-3-030-99336-8_9,10.1007/978-3-031-47115-5_17,10.1007/978-3-030-99336-8_9,10.1007/978-3-031-47115-5_17,10.1007/978-3-030-99336-8_9,0608844959-062301471164,,included,raw/cs094-references-p0001-opencitations.json.gz
opencitations,CS094,S214,references,doi:10.1007/978-3-031-47115-5_17->doi:10.1145/3563352,doi:10.1007/978-3-031-47115-5_17,doi:10.1145/3563352,10.1007/978-3-031-47115-5_17,10.1145/3563352,10.1007/978-3-031-47115-5_17,10.1145/3563352,0608844959-061203551066,,included,raw/cs094-references-p0001-opencitations.json.gz
opencitations,CS094,S214,references,doi:10.1007/978-3-031-47115-5_17->doi:10.1145/3009837.3009850,doi:10.1007/978-3-031-47115-5_17,doi:10.1145/3009837.3009850,10.1007/978-3-031-47115-5_17,10.1145/3009837.3009850,10.1007/978-3-031-47115-5_17,10.1145/3009837.3009850,0608844959-061502479414,,included,raw/cs094-references-p0001-opencitations.json.gz
opencitations,CS094,S214,references,doi:10.1007/978-3-031-47115-5_17->doi:10.1145/1062247.1062249,doi:10.1007/978-3-031-47115-5_17,doi:10.1145/1062247.1062249,10.1007/978-3-031-47115-5_17,10.1145/1062247.1062249,10.1007/978-3-031-47115-5_17,10.1145/1062247.1062249,0608844959-06260241343,,included,raw/cs094-references-p0001-opencitations.json.gz
opencitations,CS094,S214,references,doi:10.1007/978-3-031-47115-5_17->doi:10.1145/2914770.2837643,doi:10.1007/978-3-031-47115-5_17,doi:10.1145/2914770.2837643,10.1007/978-3-031-47115-5_17,10.1145/2914770.2837643,10.1007/978-3-031-47115-5_17,10.1145/2914770.2837643,0608844959-0614090422,,included,raw/cs094-references-p0001-opencitations.json.gz
opencitations,CS094,S214,references,doi:10.1007/978-3-031-47115-5_17->doi:10.1016/j.jpdc.2007.04.010,doi:10.1007/978-3-031-47115-5_17,doi:10.1016/j.jpdc.2007.04.010,10.1007/978-3-031-47115-5_17,10.1016/j.jpdc.2007.04.010,10.1007/978-3-031-47115-5_17,10.1016/j.jpdc.2007.04.010,0608844959-062203035504,,included,raw/cs094-references-p0001-opencitations.json.gz
opencitations,CS094,S214,references,doi:10.1007/978-3-031-47115-5_17->doi:10.1007/978-3-319-89884-1_13,doi:10.1007/978-3-031-47115-5_17,doi:10.1007/978-3-319-89884-1_13,10.1007/978-3-031-47115-5_17,10.1007/978-3-319-89884-1_13,10.1007/978-3-031-47115-5_17,10.1007/978-3-319-89884-1_13,0608844959-061702211240,,included,raw/cs094-references-p0001-opencitations.json.gz
opencitations,CS094,S214,references,doi:10.1007/978-3-031-47115-5_17->doi:10.1145/248052.248106,doi:10.1007/978-3-031-47115-5_17,doi:10.1145/248052.248106,10.1007/978-3-031-47115-5_17,10.1145/248052.248106,10.1007/978-3-031-47115-5_17,10.1145/248052.248106,0608844959-06703784449,,included,raw/cs094-references-p0001-opencitations.json.gz
opencitations,CS094,S214,references,doi:10.1007/978-3-031-47115-5_17->doi:10.1145/3062341.3062352,doi:10.1007/978-3-031-47115-5_17,doi:10.1145/3062341.3062352,10.1007/978-3-031-47115-5_17,10.1145/3062341.3062352,10.1007/978-3-031-47115-5_17,10.1145/3062341.3062352,0608844959-06801863793,,included,raw/cs094-references-p0001-opencitations.json.gz
opencitations,CS094,S214,references,doi:10.1007/978-3-031-47115-5_17->doi:10.1007/978-3-642-37036-6_15,doi:10.1007/978-3-031-47115-5_17,doi:10.1007/978-3-642-37036-6_15,10.1007/978-3-031-47115-5_17,10.1007/978-3-642-37036-6_15,10.1007/978-3-031-47115-5_17,10.1007/978-3-642-37036-6_15,0608844959-06503137918,,included,raw/cs094-references-p0001-opencitations.json.gz
opencitations,CS094,S214,references,doi:10.1007/978-3-031-47115-5_17->doi:10.1145/571825.571829,doi:10.1007/978-3-031-47115-5_17,doi:10.1145/571825.571829,10.1007/978-3-031-47115-5_17,10.1145/571825.571829,10.1007/978-3-031-47115-5_17,10.1145/571825.571829,0608844959-06603794322,,included,raw/cs094-references-p0001-opencitations.json.gz
opencitations,CS094,S214,references,doi:10.1007/978-3-031-47115-5_17->doi:10.1007/978-3-319-51046-0_9,doi:10.1007/978-3-031-47115-5_17,doi:10.1007/978-3-319-51046-0_9,10.1007/978-3-031-47115-5_17,10.1007/978-3-319-51046-0_9,10.1007/978-3-031-47115-5_17,10.1007/978-3-319-51046-0_9,0608844959-061302405290,,included,raw/cs094-references-p0001-opencitations.json.gz
opencitations,CS094,S214,references,doi:10.1007/978-3-031-47115-5_17->doi:10.1145/3555776.3577636,doi:10.1007/978-3-031-47115-5_17,doi:10.1145/3555776.3577636,10.1007/978-3-031-47115-5_17,10.1145/3555776.3577636,10.1007/978-3-031-47115-5_17,10.1145/3555776.3577636,0608844959-061403834808,,included,raw/cs094-references-p0001-opencitations.json.gz
opencitations,CS094,S214,references,doi:10.1007/978-3-031-47115-5_17->doi:10.1145/3580285,doi:10.1007/978-3-031-47115-5_17,doi:10.1145/3580285,10.1007/978-3-031-47115-5_17,10.1145/3580285,10.1007/978-3-031-47115-5_17,10.1145/3580285,0608844959-061603843525,,included,raw/cs094-references-p0001-opencitations.json.gz
opencitations,CS094,S214,citations,doi:10.1145/3729246->doi:10.1007/978-3-031-47115-5_17,doi:10.1145/3729246,doi:10.1007/978-3-031-47115-5_17,10.1145/3729246,10.1007/978-3-031-47115-5_17,10.1145/3729246,10.1007/978-3-031-47115-5_17,06010619743-0608844959,2025-06-10,included,raw/cs094-citations-p0001-opencitations.json.gz
opencitations,CS095,S215,references,doi:10.1007/978-3-031-65941-6_3->doi:10.1017/s0956796818000151,doi:10.1007/978-3-031-65941-6_3,doi:10.1017/s0956796818000151,10.1007/978-3-031-65941-6_3,10.1017/s0956796818000151,10.1007/978-3-031-65941-6_3,10.1017/s0956796818000151,062504296243-061902665994,2024,included,raw/cs095-references-p0001-opencitations.json.gz
opencitations,CS095,S215,references,doi:10.1007/978-3-031-65941-6_3->doi:10.1016/j.cose.2022.102909,doi:10.1007/978-3-031-65941-6_3,doi:10.1016/j.cose.2022.102909,10.1007/978-3-031-65941-6_3,10.1016/j.cose.2022.102909,10.1007/978-3-031-65941-6_3,10.1016/j.cose.2022.102909,062504296243-062503425062,2024,included,raw/cs095-references-p0001-opencitations.json.gz
opencitations,CS095,S215,references,doi:10.1007/978-3-031-65941-6_3->doi:10.1145/1190216.1190261,doi:10.1007/978-3-031-65941-6_3,doi:10.1145/1190216.1190261,10.1007/978-3-031-65941-6_3,10.1145/1190216.1190261,10.1007/978-3-031-65941-6_3,10.1145/1190216.1190261,062504296243-061603273748,2024,included,raw/cs095-references-p0001-opencitations.json.gz
opencitations,CS095,S215,references,doi:10.1007/978-3-031-65941-6_3->doi:10.1007/978-3-642-23283-1_16,doi:10.1007/978-3-031-65941-6_3,doi:10.1007/978-3-642-23283-1_16,10.1007/978-3-031-65941-6_3,10.1007/978-3-642-23283-1_16,10.1007/978-3-031-65941-6_3,10.1007/978-3-642-23283-1_16,062504296243-061402803012,2024,included,raw/cs095-references-p0001-opencitations.json.gz
opencitations,CS095,S215,references,doi:10.1007/978-3-031-65941-6_3->doi:10.1007/978-3-030-64276-1_4,doi:10.1007/978-3-031-65941-6_3,doi:10.1007/978-3-030-64276-1_4,10.1007/978-3-031-65941-6_3,10.1007/978-3-030-64276-1_4,10.1007/978-3-031-65941-6_3,10.1007/978-3-030-64276-1_4,062504296243-06302238019,2024,included,raw/cs095-references-p0001-opencitations.json.gz
opencitations,CS095,S215,references,doi:10.1007/978-3-031-65941-6_3->doi:10.1016/j.jlamp.2019.100497,doi:10.1007/978-3-031-65941-6_3,doi:10.1016/j.jlamp.2019.100497,10.1007/978-3-031-65941-6_3,10.1016/j.jlamp.2019.100497,10.1007/978-3-031-65941-6_3,10.1016/j.jlamp.2019.100497,062504296243-06110625161,2024,included,raw/cs095-references-p0001-opencitations.json.gz
opencitations,CS095,S215,references,doi:10.1007/978-3-031-65941-6_3->doi:10.1007/978-3-540-71999-1,doi:10.1007/978-3-031-65941-6_3,doi:10.1007/978-3-540-71999-1,10.1007/978-3-031-65941-6_3,10.1007/978-3-540-71999-1,10.1007/978-3-031-65941-6_3,10.1007/978-3-540-71999-1,062504296243-0622059333,2024,included,raw/cs095-references-p0001-opencitations.json.gz
opencitations,CS095,S215,references,doi:10.1007/978-3-031-65941-6_3->doi:10.1007/s00165-016-0398-7,doi:10.1007/978-3-031-65941-6_3,doi:10.1007/s00165-016-0398-7,10.1007/978-3-031-65941-6_3,10.1007/s00165-016-0398-7,10.1007/978-3-031-65941-6_3,10.1007/s00165-016-0398-7,062504296243-062101753982,2024,included,raw/cs095-references-p0001-opencitations.json.gz
opencitations,CS095,S215,references,doi:10.1007/978-3-031-65941-6_3->doi:10.1109/tpds.2004.8,doi:10.1007/978-3-031-65941-6_3,doi:10.1109/tpds.2004.8,10.1007/978-3-031-65941-6_3,10.1109/tpds.2004.8,10.1007/978-3-031-65941-6_3,10.1109/tpds.2004.8,062504296243-061203026926,2024,included,raw/cs095-references-p0001-opencitations.json.gz
opencitations,CS095,S215,references,doi:10.1007/978-3-031-65941-6_3->doi:10.1142/3831,doi:10.1007/978-3-031-65941-6_3,doi:10.1142/3831,10.1007/978-3-031-65941-6_3,10.1142/3831,10.1007/978-3-031-65941-6_3,10.1142/3831,062504296243-062202771569,2024,included,raw/cs095-references-p0001-opencitations.json.gz
opencitations,CS095,S215,references,doi:10.1007/978-3-031-65941-6_3->doi:10.4230/lipics.disc.2021.60,doi:10.1007/978-3-031-65941-6_3,doi:10.4230/lipics.disc.2021.60,10.1007/978-3-031-65941-6_3,10.4230/lipics.disc.2021.60,10.1007/978-3-031-65941-6_3,10.4230/lipics.disc.2021.60,062504296243-060600,2024,included,raw/cs095-references-p0001-opencitations.json.gz
opencitations,CS095,S215,references,doi:10.1007/978-3-031-65941-6_3->doi:10.1007/978-3-642-15375-4_27,doi:10.1007/978-3-031-65941-6_3,doi:10.1007/978-3-642-15375-4_27,10.1007/978-3-031-65941-6_3,10.1007/978-3-642-15375-4_27,10.1007/978-3-031-65941-6_3,10.1007/978-3-642-15375-4_27,062504296243-06403455074,2024,included,raw/cs095-references-p0001-opencitations.json.gz
opencitations,CS095,S215,references,doi:10.1007/978-3-031-65941-6_3->doi:10.1007/978-3-642-59851-7,doi:10.1007/978-3-031-65941-6_3,doi:10.1007/978-3-642-59851-7,10.1007/978-3-031-65941-6_3,10.1007/978-3-642-59851-7,10.1007/978-3-031-65941-6_3,10.1007/978-3-642-59851-7,062504296243-0612055480,2024,included,raw/cs095-references-p0001-opencitations.json.gz
opencitations,CS095,S215,references,doi:10.1007/978-3-031-65941-6_3->doi:10.3217/jucs-012-11-1618,doi:10.1007/978-3-031-65941-6_3,doi:10.3217/jucs-012-11-1618,10.1007/978-3-031-65941-6_3,10.3217/jucs-012-11-1618,10.1007/978-3-031-65941-6_3,10.3217/jucs-012-11-1618,062504296243-06604253180,2024,included,raw/cs095-references-p0001-opencitations.json.gz
opencitations,CS095,S215,references,doi:10.1007/978-3-031-65941-6_3->doi:10.1016/j.tcs.2006.12.034,doi:10.1007/978-3-031-65941-6_3,doi:10.1016/j.tcs.2006.12.034,10.1007/978-3-031-65941-6_3,10.1016/j.tcs.2006.12.034,10.1007/978-3-031-65941-6_3,10.1016/j.tcs.2006.12.034,062504296243-0660805778,2024,included,raw/cs095-references-p0001-opencitations.json.gz
opencitations,CS095,S215,references,doi:10.1007/978-3-031-65941-6_3->doi:10.1145/1538788.1538814,doi:10.1007/978-3-031-65941-6_3,doi:10.1145/1538788.1538814,10.1007/978-3-031-65941-6_3,10.1145/1538788.1538814,10.1007/978-3-031-65941-6_3,10.1145/1538788.1538814,062504296243-06202769295,2024,included,raw/cs095-references-p0001-opencitations.json.gz
opencitations,CS095,S215,references,doi:10.1007/978-3-031-65941-6_3->doi:10.1007/978-3-642-37036-6_15,doi:10.1007/978-3-031-65941-6_3,doi:10.1007/978-3-642-37036-6_15,10.1007/978-3-031-65941-6_3,10.1007/978-3-642-37036-6_15,10.1007/978-3-031-65941-6_3,10.1007/978-3-642-37036-6_15,062504296243-06503137918,2024,included,raw/cs095-references-p0001-opencitations.json.gz
opencitations,CS095,S215,references,doi:10.1007/978-3-031-65941-6_3->doi:10.1145/3332466.3374540,doi:10.1007/978-3-031-65941-6_3,doi:10.1145/3332466.3374540,10.1007/978-3-031-65941-6_3,10.1145/3332466.3374540,10.1007/978-3-031-65941-6_3,10.1145/3332466.3374540,062504296243-06302645750,2024,included,raw/cs095-references-p0001-opencitations.json.gz
opencitations,CS095,S215,references,doi:10.1007/978-3-031-65941-6_3->doi:10.1145/3622827,doi:10.1007/978-3-031-65941-6_3,doi:10.1145/3622827,10.1007/978-3-031-65941-6_3,10.1145/3622827,10.1007/978-3-031-65941-6_3,10.1145/3622827,062504296243-061604166201,2024,included,raw/cs095-references-p0001-opencitations.json.gz
opencitations,CS095,S215,references,doi:10.1007/978-3-031-65941-6_3->doi:10.1007/978-3-540-39958-2_12,doi:10.1007/978-3-031-65941-6_3,doi:10.1007/978-3-540-39958-2_12,10.1007/978-3-031-65941-6_3,10.1007/978-3-540-39958-2_12,10.1007/978-3-031-65941-6_3,10.1007/978-3-540-39958-2_12,062504296243-06203449405,2024,included,raw/cs095-references-p0001-opencitations.json.gz
opencitations,CS096,S216,references,doi:10.1007/978-3-540-69166-2_24->doi:10.1145/373243.360206,doi:10.1007/978-3-540-69166-2_24,doi:10.1145/373243.360206,10.1007/978-3-540-69166-2_24,10.1145/373243.360206,10.1007/978-3-540-69166-2_24,10.1145/373243.360206,06303552169-0619097441,,included,raw/cs096-references-p0001-opencitations.json.gz
opencitations,CS096,S216,references,doi:10.1007/978-3-540-69166-2_24->doi:10.1007/978-3-540-71209-1_3,doi:10.1007/978-3-540-69166-2_24,doi:10.1007/978-3-540-71209-1_3,10.1007/978-3-540-69166-2_24,10.1007/978-3-540-71209-1_3,10.1007/978-3-540-69166-2_24,10.1007/978-3-540-71209-1_3,06303552169-06103548291,,included,raw/cs096-references-p0001-opencitations.json.gz
opencitations,CS096,S216,references,doi:10.1007/978-3-540-69166-2_24->doi:10.1007/978-3-540-93900-9_27,doi:10.1007/978-3-540-69166-2_24,doi:10.1007/978-3-540-93900-9_27,10.1007/978-3-540-69166-2_24,10.1007/978-3-540-93900-9_27,10.1007/978-3-540-69166-2_24,10.1007/978-3-540-93900-9_27,06303552169-061403070942,,included,raw/cs096-references-p0001-opencitations.json.gz
opencitations,CS096,S216,references,doi:10.1007/978-3-540-69166-2_24->doi:10.1007/978-3-540-73368-3_49,doi:10.1007/978-3-540-69166-2_24,doi:10.1007/978-3-540-73368-3_49,10.1007/978-3-540-69166-2_24,10.1007/978-3-540-73368-3_49,10.1007/978-3-540-69166-2_24,10.1007/978-3-540-73368-3_49,06303552169-061503105533,,included,raw/cs096-references-p0001-opencitations.json.gz
opencitations,CS096,S216,references,doi:10.1007/978-3-540-69166-2_24->doi:10.1145/1122971.1122992,doi:10.1007/978-3-540-69166-2_24,doi:10.1145/1122971.1122992,10.1007/978-3-540-69166-2_24,10.1145/1122971.1122992,10.1007/978-3-540-69166-2_24,10.1145/1122971.1122992,06303552169-061403326036,,included,raw/cs096-references-p0001-opencitations.json.gz
opencitations,CS096,S216,references,doi:10.1007/978-3-540-69166-2_24->doi:10.1145/1250734.1250765,doi:10.1007/978-3-540-69166-2_24,doi:10.1145/1250734.1250765,10.1007/978-3-540-69166-2_24,10.1145/1250734.1250765,10.1007/978-3-540-69166-2_24,10.1145/1250734.1250765,06303552169-06603674211,,included,raw/cs096-references-p0001-opencitations.json.gz
opencitations,CS096,S216,references,doi:10.1007/978-3-540-69166-2_24->doi:10.1007/978-3-662-03811-6,doi:10.1007/978-3-540-69166-2_24,doi:10.1007/978-3-662-03811-6,10.1007/978-3-540-69166-2_24,10.1007/978-3-662-03811-6,10.1007/978-3-540-69166-2_24,10.1007/978-3-662-03811-6,06303552169-0624054332,,included,raw/cs096-references-p0001-opencitations.json.gz
opencitations,CS096,S216,references,doi:10.1007/978-3-540-69166-2_24->doi:10.1145/514188.514190,doi:10.1007/978-3-540-69166-2_24,doi:10.1145/514188.514190,10.1007/978-3-540-69166-2_24,10.1145/514188.514190,10.1007/978-3-540-69166-2_24,10.1145/514188.514190,06303552169-06602633193,,included,raw/cs096-references-p0001-opencitations.json.gz
opencitations,CS096,S216,references,doi:10.1007/978-3-540-69166-2_24->doi:10.1145/248052.248106,doi:10.1007/978-3-540-69166-2_24,doi:10.1145/248052.248106,10.1007/978-3-540-69166-2_24,10.1145/248052.248106,10.1007/978-3-540-69166-2_24,10.1145/248052.248106,06303552169-06703784449,,included,raw/cs096-references-p0001-opencitations.json.gz
opencitations,CS096,S216,references,doi:10.1007/978-3-540-69166-2_24->doi:10.1016/j.entcs.2005.04.026,doi:10.1007/978-3-540-69166-2_24,doi:10.1016/j.entcs.2005.04.026,10.1007/978-3-540-69166-2_24,10.1016/j.entcs.2005.04.026,10.1007/978-3-540-69166-2_24,10.1016/j.entcs.2005.04.026,06303552169-06901456981,,included,raw/cs096-references-p0001-opencitations.json.gz
opencitations,CS096,S216,references,doi:10.1007/978-3-540-69166-2_24->doi:10.1007/978-3-540-27864-1_20,doi:10.1007/978-3-540-69166-2_24,doi:10.1007/978-3-540-27864-1_20,10.1007/978-3-540-69166-2_24,10.1007/978-3-540-27864-1_20,10.1007/978-3-540-69166-2_24,10.1007/978-3-540-27864-1_20,06303552169-061903038359,,included,raw/cs096-references-p0001-opencitations.json.gz
opencitations,CS096,S216,references,doi:10.1007/978-3-540-69166-2_24->doi:10.1145/1040305.1040331,doi:10.1007/978-3-540-69166-2_24,doi:10.1145/1040305.1040331,10.1007/978-3-540-69166-2_24,10.1145/1040305.1040331,10.1007/978-3-540-69166-2_24,10.1145/1040305.1040331,06303552169-062503355064,,included,raw/cs096-references-p0001-opencitations.json.gz
opencitations,CS096,S216,references,doi:10.1007/978-3-540-69166-2_24->doi:10.1007/978-3-540-45099-3_15,doi:10.1007/978-3-540-69166-2_24,doi:10.1007/978-3-540-45099-3_15,10.1007/978-3-540-69166-2_24,10.1007/978-3-540-45099-3_15,10.1007/978-3-540-69166-2_24,10.1007/978-3-540-45099-3_15,06303552169-062402861210,,included,raw/cs096-references-p0001-opencitations.json.gz
opencitations,CS096,S216,references,doi:10.1007/978-3-540-69166-2_24->doi:10.1007/978-3-540-30232-2_7,doi:10.1007/978-3-540-69166-2_24,doi:10.1007/978-3-540-30232-2_7,10.1007/978-3-540-69166-2_24,10.1007/978-3-540-30232-2_7,10.1007/978-3-540-69166-2_24,10.1007/978-3-540-30232-2_7,06303552169-06303043890,,included,raw/cs096-references-p0001-opencitations.json.gz
opencitations,CS096,S216,references,doi:10.1007/978-3-540-69166-2_24->doi:10.1145/1007912.1007945,doi:10.1007/978-3-540-69166-2_24,doi:10.1145/1007912.1007945,10.1007/978-3-540-69166-2_24,10.1145/1007912.1007945,10.1007/978-3-540-69166-2_24,10.1145/1007912.1007945,06303552169-062303370509,,included,raw/cs096-references-p0001-opencitations.json.gz
opencitations,CS096,S216,references,doi:10.1007/978-3-540-69166-2_24->doi:10.1145/996841.996846,doi:10.1007/978-3-540-69166-2_24,doi:10.1145/996841.996846,10.1007/978-3-540-69166-2_24,10.1145/996841.996846,10.1007/978-3-540-69166-2_24,10.1145/996841.996846,06303552169-062503362642,,included,raw/cs096-references-p0001-opencitations.json.gz
opencitations,CS096,S216,references,doi:10.1007/978-3-540-69166-2_24->doi:10.1145/78969.78972,doi:10.1007/978-3-540-69166-2_24,doi:10.1145/78969.78972,10.1007/978-3-540-69166-2_24,10.1145/78969.78972,10.1007/978-3-540-69166-2_24,10.1145/78969.78972,06303552169-06702614122,,included,raw/cs096-references-p0001-opencitations.json.gz
opencitations,CS096,S216,citations,doi:10.1007/978-3-540-93900-9_27->doi:10.1007/978-3-540-69166-2_24,doi:10.1007/978-3-540-93900-9_27,doi:10.1007/978-3-540-69166-2_24,10.1007/978-3-540-93900-9_27,10.1007/978-3-540-69166-2_24,10.1007/978-3-540-93900-9_27,10.1007/978-3-540-69166-2_24,061403070942-06303552169,2008,included,raw/cs096-citations-p0001-opencitations.json.gz
opencitations,CS096,S216,citations,doi:10.1109/tse.2012.82->doi:10.1007/978-3-540-69166-2_24,doi:10.1109/tse.2012.82,doi:10.1007/978-3-540-69166-2_24,10.1109/tse.2012.82,10.1007/978-3-540-69166-2_24,10.1109/tse.2012.82,10.1007/978-3-540-69166-2_24,062201957194-06303552169,2013-07,included,raw/cs096-citations-p0001-opencitations.json.gz
opencitations,CS096,S216,citations,doi:10.1007/978-3-642-54833-8_17->doi:10.1007/978-3-540-69166-2_24,doi:10.1007/978-3-642-54833-8_17,doi:10.1007/978-3-540-69166-2_24,10.1007/978-3-642-54833-8_17,10.1007/978-3-540-69166-2_24,10.1007/978-3-642-54833-8_17,10.1007/978-3-540-69166-2_24,062302661855-06303552169,2014,included,raw/cs096-citations-p0001-opencitations.json.gz
opencitations,CS096,S216,citations,doi:10.1007/978-3-540-70545-1_37->doi:10.1007/978-3-540-69166-2_24,doi:10.1007/978-3-540-70545-1_37,doi:10.1007/978-3-540-69166-2_24,10.1007/978-3-540-70545-1_37,10.1007/978-3-540-69166-2_24,10.1007/978-3-540-70545-1_37,10.1007/978-3-540-69166-2_24,06803506974-06303552169,,unknown-date,raw/cs096-citations-p0001-opencitations.json.gz
opencitations,CS096,S216,citations,doi:10.1145/2259016.2259049->doi:10.1007/978-3-540-69166-2_24,doi:10.1145/2259016.2259049,doi:10.1007/978-3-540-69166-2_24,10.1145/2259016.2259049,10.1007/978-3-540-69166-2_24,10.1145/2259016.2259049,10.1007/978-3-540-69166-2_24,06103414395-06303552169,2012,included,raw/cs096-citations-p0001-opencitations.json.gz
opencitations,CS096,S216,citations,doi:10.1145/1706299.1706305->doi:10.1007/978-3-540-69166-2_24,doi:10.1145/1706299.1706305,doi:10.1007/978-3-540-69166-2_24,10.1145/1706299.1706305,10.1007/978-3-540-69166-2_24,10.1145/1706299.1706305,10.1007/978-3-540-69166-2_24,06703590933-06303552169,2010,included,raw/cs096-citations-p0001-opencitations.json.gz
opencitations,CS096,S216,citations,doi:10.1007/978-3-642-38856-9_16->doi:10.1007/978-3-540-69166-2_24,doi:10.1007/978-3-642-38856-9_16,doi:10.1007/978-3-540-69166-2_24,10.1007/978-3-642-38856-9_16,10.1007/978-3-540-69166-2_24,10.1007/978-3-642-38856-9_16,10.1007/978-3-540-69166-2_24,062602732162-06303552169,2013,included,raw/cs096-citations-p0001-opencitations.json.gz
opencitations,CS096,S216,citations,doi:10.1007/978-3-642-11319-2_25->doi:10.1007/978-3-540-69166-2_24,doi:10.1007/978-3-642-11319-2_25,doi:10.1007/978-3-540-69166-2_24,10.1007/978-3-642-11319-2_25,10.1007/978-3-540-69166-2_24,10.1007/978-3-642-11319-2_25,10.1007/978-3-540-69166-2_24,062203060338-06303552169,2010,included,raw/cs096-citations-p0001-opencitations.json.gz
opencitations,CS096,S216,citations,doi:10.1007/978-3-642-05089-3_21->doi:10.1007/978-3-540-69166-2_24,doi:10.1007/978-3-642-05089-3_21,doi:10.1007/978-3-540-69166-2_24,10.1007/978-3-642-05089-3_21,10.1007/978-3-540-69166-2_24,10.1007/978-3-642-05089-3_21,10.1007/978-3-540-69166-2_24,062103015875-06303552169,2009,included,raw/cs096-citations-p0001-opencitations.json.gz
opencitations,CS096,S216,citations,doi:10.1007/978-3-662-46081-8_8->doi:10.1007/978-3-540-69166-2_24,doi:10.1007/978-3-662-46081-8_8,doi:10.1007/978-3-540-69166-2_24,10.1007/978-3-662-46081-8_8,10.1007/978-3-540-69166-2_24,10.1007/978-3-662-46081-8_8,10.1007/978-3-540-69166-2_24,062302620283-06303552169,2015,included,raw/cs096-citations-p0001-opencitations.json.gz
opencitations,CS096,S216,citations,doi:10.1007/978-3-642-10672-9_5->doi:10.1007/978-3-540-69166-2_24,doi:10.1007/978-3-642-10672-9_5,doi:10.1007/978-3-540-69166-2_24,10.1007/978-3-642-10672-9_5,10.1007/978-3-540-69166-2_24,10.1007/978-3-642-10672-9_5,10.1007/978-3-540-69166-2_24,06403458081-06303552169,2009,included,raw/cs096-citations-p0001-opencitations.json.gz
opencitations,CS096,S216,citations,doi:10.1007/978-3-540-70545-1_36->doi:10.1007/978-3-540-69166-2_24,doi:10.1007/978-3-540-70545-1_36,doi:10.1007/978-3-540-69166-2_24,10.1007/978-3-540-70545-1_36,10.1007/978-3-540-69166-2_24,10.1007/978-3-540-70545-1_36,10.1007/978-3-540-69166-2_24,06803506976-06303552169,,unknown-date,raw/cs096-citations-p0001-opencitations.json.gz
opencitations,CS096,S216,citations,doi:10.1007/s10703-010-0096-7->doi:10.1007/978-3-540-69166-2_24,doi:10.1007/s10703-010-0096-7,doi:10.1007/978-3-540-69166-2_24,10.1007/s10703-010-0096-7,10.1007/978-3-540-69166-2_24,10.1007/s10703-010-0096-7,10.1007/978-3-540-69166-2_24,0680344321-06303552169,2010-06-11,included,raw/cs096-citations-p0001-opencitations.json.gz
opencitations,CS096,S216,citations,doi:10.1145/2970276.2970337->doi:10.1007/978-3-540-69166-2_24,doi:10.1145/2970276.2970337,doi:10.1007/978-3-540-69166-2_24,10.1145/2970276.2970337,10.1007/978-3-540-69166-2_24,10.1145/2970276.2970337,10.1007/978-3-540-69166-2_24,06402910101-06303552169,2016-08-25,included,raw/cs096-citations-p0001-opencitations.json.gz
opencitations,CS096,S216,citations,doi:10.1007/978-3-642-03237-0_13->doi:10.1007/978-3-540-69166-2_24,doi:10.1007/978-3-642-03237-0_13,doi:10.1007/978-3-540-69166-2_24,10.1007/978-3-642-03237-0_13,10.1007/978-3-540-69166-2_24,10.1007/978-3-642-03237-0_13,10.1007/978-3-540-69166-2_24,061703086657-06303552169,2009,included,raw/cs096-citations-p0001-opencitations.json.gz
opencitations,CS096,S216,citations,doi:10.1145/2610384.2610402->doi:10.1007/978-3-540-69166-2_24,doi:10.1145/2610384.2610402,doi:10.1007/978-3-540-69166-2_24,10.1145/2610384.2610402,10.1007/978-3-540-69166-2_24,10.1145/2610384.2610402,10.1007/978-3-540-69166-2_24,061802558725-06303552169,2014,included,raw/cs096-citations-p0001-opencitations.json.gz
opencitations,CS096,S216,citations,doi:10.1145/1707801.1706305->doi:10.1007/978-3-540-69166-2_24,doi:10.1145/1707801.1706305,doi:10.1007/978-3-540-69166-2_24,10.1145/1707801.1706305,10.1007/978-3-540-69166-2_24,10.1145/1707801.1706305,10.1007/978-3-540-69166-2_24,0616094731-06303552169,2010-01-02,included,raw/cs096-citations-p0001-opencitations.json.gz
opencitations,CS096,S216,citations,doi:10.1145/1985793.1986037->doi:10.1007/978-3-540-69166-2_24,doi:10.1145/1985793.1986037,doi:10.1007/978-3-540-69166-2_24,10.1145/1985793.1986037,10.1007/978-3-540-69166-2_24,10.1145/1985793.1986037,10.1007/978-3-540-69166-2_24,062203139868-06303552169,2011-05-21,included,raw/cs096-citations-p0001-opencitations.json.gz
opencitations,CS096,S216,citations,doi:10.1007/978-3-319-66706-5_13->doi:10.1007/978-3-540-69166-2_24,doi:10.1007/978-3-319-66706-5_13,doi:10.1007/978-3-540-69166-2_24,10.1007/978-3-319-66706-5_13,10.1007/978-3-540-69166-2_24,10.1007/978-3-319-66706-5_13,10.1007/978-3-540-69166-2_24,06302630355-06303552169,2017,included,raw/cs096-citations-p0001-opencitations.json.gz
opencitations,CS096,S216,citations,doi:10.1007/978-3-642-11319-2_17->doi:10.1007/978-3-540-69166-2_24,doi:10.1007/978-3-642-11319-2_17,doi:10.1007/978-3-540-69166-2_24,10.1007/978-3-642-11319-2_17,10.1007/978-3-540-69166-2_24,10.1007/978-3-642-11319-2_17,10.1007/978-3-540-69166-2_24,062203060331-06303552169,2010,included,raw/cs096-citations-p0001-opencitations.json.gz
opencitations,CS096,S216,citations,doi:10.1145/1745312.1745315->doi:10.1007/978-3-540-69166-2_24,doi:10.1145/1745312.1745315,doi:10.1007/978-3-540-69166-2_24,10.1145/1745312.1745315,10.1007/978-3-540-69166-2_24,10.1145/1745312.1745315,10.1007/978-3-540-69166-2_24,06602632677-06303552169,2010-05,included,raw/cs096-citations-p0001-opencitations.json.gz
opencitations,CS097,S217,references,doi:10.1007/978-3-540-70545-1_37->doi:10.1007/978-3-540-78800-3_4,doi:10.1007/978-3-540-70545-1_37,doi:10.1007/978-3-540-78800-3_4,10.1007/978-3-540-70545-1_37,10.1007/978-3-540-78800-3_4,10.1007/978-3-540-70545-1_37,10.1007/978-3-540-78800-3_4,06803506974-061503099964,,included,raw/cs097-references-p0001-opencitations.json.gz
opencitations,CS097,S217,references,doi:10.1007/978-3-540-70545-1_37->doi:10.1145/996841.996844,doi:10.1007/978-3-540-70545-1_37,doi:10.1145/996841.996844,10.1007/978-3-540-70545-1_37,10.1145/996841.996844,10.1007/978-3-540-70545-1_37,10.1145/996841.996844,06803506974-062503363524,,included,raw/cs097-references-p0001-opencitations.json.gz
opencitations,CS097,S217,references,doi:10.1007/978-3-540-70545-1_37->doi:10.1145/373243.360206,doi:10.1007/978-3-540-70545-1_37,doi:10.1145/373243.360206,10.1007/978-3-540-70545-1_37,10.1145/373243.360206,10.1007/978-3-540-70545-1_37,10.1145/373243.360206,06803506974-0619097441,,included,raw/cs097-references-p0001-opencitations.json.gz
opencitations,CS097,S217,references,doi:10.1007/978-3-540-70545-1_37->doi:10.1007/3-540-45319-9_7,doi:10.1007/978-3-540-70545-1_37,doi:10.1007/3-540-45319-9_7,10.1007/978-3-540-70545-1_37,10.1007/3-540-45319-9_7,10.1007/978-3-540-70545-1_37,10.1007/3-540-45319-9_7,06803506974-061503113275,,included,raw/cs097-references-p0001-opencitations.json.gz
opencitations,CS097,S217,references,doi:10.1007/978-3-540-70545-1_37->doi:10.1145/503272.503291,doi:10.1007/978-3-540-70545-1_37,doi:10.1145/503272.503291,10.1007/978-3-540-70545-1_37,10.1145/503272.503291,10.1007/978-3-540-70545-1_37,10.1145/503272.503291,06803506974-061203391297,,included,raw/cs097-references-p0001-opencitations.json.gz
opencitations,CS097,S217,references,doi:10.1007/978-3-540-70545-1_37->doi:10.1007/978-3-540-73368-3_49,doi:10.1007/978-3-540-70545-1_37,doi:10.1007/978-3-540-73368-3_49,10.1007/978-3-540-70545-1_37,10.1007/978-3-540-73368-3_49,10.1007/978-3-540-70545-1_37,10.1007/978-3-540-73368-3_49,06803506974-061503105533,,included,raw/cs097-references-p0001-opencitations.json.gz
opencitations,CS097,S217,references,doi:10.1007/978-3-540-70545-1_37->doi:10.1007/bf00289237,doi:10.1007/978-3-540-70545-1_37,doi:10.1007/bf00289237,10.1007/978-3-540-70545-1_37,10.1007/bf00289237,10.1007/978-3-540-70545-1_37,10.1007/bf00289237,06803506974-06701585568,,included,raw/cs097-references-p0001-opencitations.json.gz
opencitations,CS097,S217,references,doi:10.1007/978-3-540-70545-1_37->doi:10.1145/1328438.1328468,doi:10.1007/978-3-540-70545-1_37,doi:10.1145/1328438.1328468,10.1007/978-3-540-70545-1_37,10.1145/1328438.1328468,10.1007/978-3-540-70545-1_37,10.1145/1328438.1328468,06803506974-06602014409,,included,raw/cs097-references-p0001-opencitations.json.gz
opencitations,CS097,S217,references,doi:10.1007/978-3-540-70545-1_37->doi:10.1007/978-3-540-74061-2_15,doi:10.1007/978-3-540-70545-1_37,doi:10.1007/978-3-540-74061-2_15,10.1007/978-3-540-70545-1_37,10.1007/978-3-540-74061-2_15,10.1007/978-3-540-70545-1_37,10.1007/978-3-540-74061-2_15,06803506974-06703502766,,included,raw/cs097-references-p0001-opencitations.json.gz
opencitations,CS097,S217,references,doi:10.1007/978-3-540-70545-1_37->doi:10.1145/1250734.1250765,doi:10.1007/978-3-540-70545-1_37,doi:10.1145/1250734.1250765,10.1007/978-3-540-70545-1_37,10.1145/1250734.1250765,10.1007/978-3-540-70545-1_37,10.1145/1250734.1250765,06803506974-06603674211,,included,raw/cs097-references-p0001-opencitations.json.gz
opencitations,CS097,S217,references,doi:10.1007/978-3-540-70545-1_37->doi:10.1007/3-540-44829-2_14,doi:10.1007/978-3-540-70545-1_37,doi:10.1007/3-540-44829-2_14,10.1007/978-3-540-70545-1_37,10.1007/3-540-44829-2_14,10.1007/978-3-540-70545-1_37,10.1007/3-540-44829-2_14,06803506974-062503103592,,included,raw/cs097-references-p0001-opencitations.json.gz
opencitations,CS097,S217,references,doi:10.1007/978-3-540-70545-1_37->doi:10.1145/514188.514190,doi:10.1007/978-3-540-70545-1_37,doi:10.1145/514188.514190,10.1007/978-3-540-70545-1_37,10.1145/514188.514190,10.1007/978-3-540-70545-1_37,10.1145/514188.514190,06803506974-06602633193,,included,raw/cs097-references-p0001-opencitations.json.gz
opencitations,CS097,S217,references,doi:10.1007/978-3-540-70545-1_37->doi:10.1007/978-3-540-69166-2_24,doi:10.1007/978-3-540-70545-1_37,doi:10.1007/978-3-540-69166-2_24,10.1007/978-3-540-70545-1_37,10.1007/978-3-540-69166-2_24,10.1007/978-3-540-70545-1_37,10.1007/978-3-540-69166-2_24,06803506974-06303552169,,included,raw/cs097-references-p0001-opencitations.json.gz
opencitations,CS097,S217,references,doi:10.1007/978-3-540-70545-1_37->doi:10.1145/357103.357109,doi:10.1007/978-3-540-70545-1_37,doi:10.1145/357103.357109,10.1007/978-3-540-70545-1_37,10.1145/357103.357109,10.1007/978-3-540-70545-1_37,10.1145/357103.357109,06803506974-06602633262,,included,raw/cs097-references-p0001-opencitations.json.gz
opencitations,CS097,S217,references,doi:10.1007/978-3-540-70545-1_37->doi:10.1007/978-3-540-24730-2_39,doi:10.1007/978-3-540-70545-1_37,doi:10.1007/978-3-540-24730-2_39,10.1007/978-3-540-70545-1_37,10.1007/978-3-540-24730-2_39,10.1007/978-3-540-70545-1_37,10.1007/978-3-540-24730-2_39,06803506974-061602811435,,included,raw/cs097-references-p0001-opencitations.json.gz
opencitations,CS097,S217,references,doi:10.1007/978-3-540-70545-1_37->doi:10.1007/11609773_9,doi:10.1007/978-3-540-70545-1_37,doi:10.1007/11609773_9,10.1007/978-3-540-70545-1_37,10.1007/11609773_9,10.1007/978-3-540-70545-1_37,10.1007/11609773_9,06803506974-061503142482,,included,raw/cs097-references-p0001-opencitations.json.gz
opencitations,CS097,S217,references,doi:10.1007/978-3-540-70545-1_37->doi:10.1145/248052.248106,doi:10.1007/978-3-540-70545-1_37,doi:10.1145/248052.248106,10.1007/978-3-540-70545-1_37,10.1145/248052.248106,10.1007/978-3-540-70545-1_37,10.1145/248052.248106,06803506974-06703784449,,included,raw/cs097-references-p0001-opencitations.json.gz
opencitations,CS097,S217,references,doi:10.1007/978-3-540-70545-1_37->doi:10.1145/360051.360224,doi:10.1007/978-3-540-70545-1_37,doi:10.1145/360051.360224,10.1007/978-3-540-70545-1_37,10.1145/360051.360224,10.1007/978-3-540-70545-1_37,10.1145/360051.360224,06803506974-061203479329,,included,raw/cs097-references-p0001-opencitations.json.gz
opencitations,CS097,S217,references,doi:10.1007/978-3-540-70545-1_37->doi:10.1007/11547662_19,doi:10.1007/978-3-540-70545-1_37,doi:10.1007/11547662_19,10.1007/978-3-540-70545-1_37,10.1007/11547662_19,10.1007/978-3-540-70545-1_37,10.1007/11547662_19,06803506974-06203733884,,included,raw/cs097-references-p0001-opencitations.json.gz
opencitations,CS097,S217,references,doi:10.1007/978-3-540-70545-1_37->doi:10.1145/1297658.1297662,doi:10.1007/978-3-540-70545-1_37,doi:10.1145/1297658.1297662,10.1007/978-3-540-70545-1_37,10.1145/1297658.1297662,10.1007/978-3-540-70545-1_37,10.1145/1297658.1297662,06803506974-061502741210,,included,raw/cs097-references-p0001-opencitations.json.gz
opencitations,CS097,S217,references,doi:10.1007/978-3-540-70545-1_37->doi:10.1007/978-3-540-69738-1_13,doi:10.1007/978-3-540-70545-1_37,doi:10.1007/978-3-540-69738-1_13,10.1007/978-3-540-70545-1_37,10.1007/978-3-540-69738-1_13,10.1007/978-3-540-70545-1_37,10.1007/978-3-540-69738-1_13,06803506974-062603154083,,included,raw/cs097-references-p0001-opencitations.json.gz
opencitations,CS097,S217,references,doi:10.1007/978-3-540-70545-1_37->doi:10.1007/978-3-540-45099-3_15,doi:10.1007/978-3-540-70545-1_37,doi:10.1007/978-3-540-45099-3_15,10.1007/978-3-540-70545-1_37,10.1007/978-3-540-45099-3_15,10.1007/978-3-540-70545-1_37,10.1007/978-3-540-45099-3_15,06803506974-062402861210,,included,raw/cs097-references-p0001-opencitations.json.gz
opencitations,CS097,S217,references,doi:10.1007/978-3-540-70545-1_37->doi:10.1007/978-3-540-69738-1_22,doi:10.1007/978-3-540-70545-1_37,doi:10.1007/978-3-540-69738-1_22,10.1007/978-3-540-70545-1_37,10.1007/978-3-540-69738-1_22,10.1007/978-3-540-70545-1_37,10.1007/978-3-540-69738-1_22,06803506974-062603154081,,included,raw/cs097-references-p0001-opencitations.json.gz
opencitations,CS097,S217,references,doi:10.1007/978-3-540-70545-1_37->doi:10.1007/978-3-540-30232-2_7,doi:10.1007/978-3-540-70545-1_37,doi:10.1007/978-3-540-30232-2_7,10.1007/978-3-540-70545-1_37,10.1007/978-3-540-30232-2_7,10.1007/978-3-540-70545-1_37,10.1007/978-3-540-30232-2_7,06803506974-06303043890,,included,raw/cs097-references-p0001-opencitations.json.gz
opencitations,CS097,S217,references,doi:10.1007/978-3-540-70545-1_37->doi:10.1145/996841.996846,doi:10.1007/978-3-540-70545-1_37,doi:10.1145/996841.996846,10.1007/978-3-540-70545-1_37,10.1145/996841.996846,10.1007/978-3-540-70545-1_37,10.1145/996841.996846,06803506974-062503362642,,included,raw/cs097-references-p0001-opencitations.json.gz
opencitations,CS097,S217,references,doi:10.1007/978-3-540-70545-1_37->doi:10.1145/78969.78972,doi:10.1007/978-3-540-70545-1_37,doi:10.1145/78969.78972,10.1007/978-3-540-70545-1_37,10.1145/78969.78972,10.1007/978-3-540-70545-1_37,10.1145/78969.78972,06803506974-06702614122,,included,raw/cs097-references-p0001-opencitations.json.gz
opencitations,CS097,S217,references,doi:10.1007/978-3-540-70545-1_37->doi:10.1007/978-1-4757-3472-0_6,doi:10.1007/978-3-540-70545-1_37,doi:10.1007/978-1-4757-3472-0_6,10.1007/978-3-540-70545-1_37,10.1007/978-1-4757-3472-0_6,10.1007/978-3-540-70545-1_37,10.1007/978-1-4757-3472-0_6,06803506974-06903098865,,included,raw/cs097-references-p0001-opencitations.json.gz
opencitations,CS097,S217,citations,doi:10.1145/1806596.1806613->doi:10.1007/978-3-540-70545-1_37,doi:10.1145/1806596.1806613,doi:10.1007/978-3-540-70545-1_37,10.1145/1806596.1806613,10.1007/978-3-540-70545-1_37,10.1145/1806596.1806613,10.1007/978-3-540-70545-1_37,061103187792-06803506974,2010,included,raw/cs097-citations-p0001-opencitations.json.gz
opencitations,CS097,S217,citations,doi:10.1007/978-3-642-14295-6_40->doi:10.1007/978-3-540-70545-1_37,doi:10.1007/978-3-642-14295-6_40,doi:10.1007/978-3-540-70545-1_37,10.1007/978-3-642-14295-6_40,10.1007/978-3-540-70545-1_37,10.1007/978-3-642-14295-6_40,10.1007/978-3-540-70545-1_37,061703036727-06803506974,2010,included,raw/cs097-citations-p0001-opencitations.json.gz
opencitations,CS097,S217,citations,doi:10.1145/3498695->doi:10.1007/978-3-540-70545-1_37,doi:10.1145/3498695,doi:10.1007/978-3-540-70545-1_37,10.1145/3498695,10.1007/978-3-540-70545-1_37,10.1145/3498695,10.1007/978-3-540-70545-1_37,06202296685-06803506974,2022-01-16,included,raw/cs097-citations-p0001-opencitations.json.gz
opencitations,CS097,S217,citations,doi:10.1007/978-3-031-98668-0_3->doi:10.1007/978-3-540-70545-1_37,doi:10.1007/978-3-031-98668-0_3,doi:10.1007/978-3-540-70545-1_37,10.1007/978-3-031-98668-0_3,10.1007/978-3-540-70545-1_37,10.1007/978-3-031-98668-0_3,10.1007/978-3-540-70545-1_37,06010958481-06803506974,2025,included,raw/cs097-citations-p0001-opencitations.json.gz
opencitations,CS097,S217,citations,doi:10.1145/2578855.2535885->doi:10.1007/978-3-540-70545-1_37,doi:10.1145/2578855.2535885,doi:10.1007/978-3-540-70545-1_37,10.1145/2578855.2535885,10.1007/978-3-540-70545-1_37,10.1145/2578855.2535885,10.1007/978-3-540-70545-1_37,0613090667-06803506974,2014-01-13,included,raw/cs097-citations-p0001-opencitations.json.gz
opencitations,CS097,S217,citations,doi:10.1007/978-3-540-93900-9_27->doi:10.1007/978-3-540-70545-1_37,doi:10.1007/978-3-540-93900-9_27,doi:10.1007/978-3-540-70545-1_37,10.1007/978-3-540-93900-9_27,10.1007/978-3-540-70545-1_37,10.1007/978-3-540-93900-9_27,10.1007/978-3-540-70545-1_37,061403070942-06803506974,2008,included,raw/cs097-citations-p0001-opencitations.json.gz
opencitations,CS097,S217,citations,doi:10.1145/1809028.1806613->doi:10.1007/978-3-540-70545-1_37,doi:10.1145/1809028.1806613,doi:10.1007/978-3-540-70545-1_37,10.1145/1809028.1806613,10.1007/978-3-540-70545-1_37,10.1145/1809028.1806613,10.1007/978-3-540-70545-1_37,0616094645-06803506974,2010-06-12,included,raw/cs097-citations-p0001-opencitations.json.gz
opencitations,CS097,S217,citations,doi:10.1109/tse.2012.82->doi:10.1007/978-3-540-70545-1_37,doi:10.1109/tse.2012.82,doi:10.1007/978-3-540-70545-1_37,10.1109/tse.2012.82,10.1007/978-3-540-70545-1_37,10.1109/tse.2012.82,10.1007/978-3-540-70545-1_37,062201957194-06803506974,2013-07,included,raw/cs097-citations-p0001-opencitations.json.gz
opencitations,CS097,S217,citations,doi:10.1007/978-3-642-54833-8_17->doi:10.1007/978-3-540-70545-1_37,doi:10.1007/978-3-642-54833-8_17,doi:10.1007/978-3-540-70545-1_37,10.1007/978-3-642-54833-8_17,10.1007/978-3-540-70545-1_37,10.1007/978-3-642-54833-8_17,10.1007/978-3-540-70545-1_37,062302661855-06803506974,2014,included,raw/cs097-citations-p0001-opencitations.json.gz
opencitations,CS097,S217,citations,doi:10.1007/s00165-009-0130-y->doi:10.1007/978-3-540-70545-1_37,doi:10.1007/s00165-009-0130-y,doi:10.1007/978-3-540-70545-1_37,10.1007/s00165-009-0130-y,10.1007/978-3-540-70545-1_37,10.1007/s00165-009-0130-y,10.1007/978-3-540-70545-1_37,062101754579-06803506974,2011-01,included,raw/cs097-citations-p0001-opencitations.json.gz
opencitations,CS097,S217,citations,doi:10.1007/978-3-319-66706-5_9->doi:10.1007/978-3-540-70545-1_37,doi:10.1007/978-3-319-66706-5_9,doi:10.1007/978-3-540-70545-1_37,10.1007/978-3-319-66706-5_9,10.1007/978-3-540-70545-1_37,10.1007/978-3-319-66706-5_9,10.1007/978-3-540-70545-1_37,06302630358-06803506974,2017,included,raw/cs097-citations-p0001-opencitations.json.gz
opencitations,CS097,S217,citations,doi:10.1145/2775051.2677012->doi:10.1007/978-3-540-70545-1_37,doi:10.1145/2775051.2677012,doi:10.1007/978-3-540-70545-1_37,10.1145/2775051.2677012,10.1007/978-3-540-70545-1_37,10.1145/2775051.2677012,10.1007/978-3-540-70545-1_37,0614090793-06803506974,2015-05-11,included,raw/cs097-citations-p0001-opencitations.json.gz
opencitations,CS097,S217,citations,doi:10.1007/s10009-022-00648-0->doi:10.1007/978-3-540-70545-1_37,doi:10.1007/s10009-022-00648-0,doi:10.1007/978-3-540-70545-1_37,10.1007/s10009-022-00648-0,10.1007/978-3-540-70545-1_37,10.1007/s10009-022-00648-0,10.1007/978-3-540-70545-1_37,062203120070-06803506974,2022-02-26,included,raw/cs097-citations-p0001-opencitations.json.gz
opencitations,CS097,S217,citations,doi:10.1145/1706299.1706305->doi:10.1007/978-3-540-70545-1_37,doi:10.1145/1706299.1706305,doi:10.1007/978-3-540-70545-1_37,10.1145/1706299.1706305,10.1007/978-3-540-70545-1_37,10.1145/1706299.1706305,10.1007/978-3-540-70545-1_37,06703590933-06803506974,2010,included,raw/cs097-citations-p0001-opencitations.json.gz
opencitations,CS097,S217,citations,doi:10.1007/978-3-642-11319-2_25->doi:10.1007/978-3-540-70545-1_37,doi:10.1007/978-3-642-11319-2_25,doi:10.1007/978-3-540-70545-1_37,10.1007/978-3-642-11319-2_25,10.1007/978-3-540-70545-1_37,10.1007/978-3-642-11319-2_25,10.1007/978-3-540-70545-1_37,062203060338-06803506974,2010,included,raw/cs097-citations-p0001-opencitations.json.gz
opencitations,CS097,S217,citations,doi:10.1007/978-3-662-53413-7_4->doi:10.1007/978-3-540-70545-1_37,doi:10.1007/978-3-662-53413-7_4,doi:10.1007/978-3-540-70545-1_37,10.1007/978-3-662-53413-7_4,10.1007/978-3-540-70545-1_37,10.1007/978-3-662-53413-7_4,10.1007/978-3-540-70545-1_37,06802460122-06803506974,2016,included,raw/cs097-citations-p0001-opencitations.json.gz
opencitations,CS097,S217,citations,doi:10.1007/978-3-642-05089-3_21->doi:10.1007/978-3-540-70545-1_37,doi:10.1007/978-3-642-05089-3_21,doi:10.1007/978-3-540-70545-1_37,10.1007/978-3-642-05089-3_21,10.1007/978-3-540-70545-1_37,10.1007/978-3-642-05089-3_21,10.1007/978-3-540-70545-1_37,062103015875-06803506974,2009,included,raw/cs097-citations-p0001-opencitations.json.gz
opencitations,CS097,S217,citations,doi:10.1145/3009837.3009893->doi:10.1007/978-3-540-70545-1_37,doi:10.1145/3009837.3009893,doi:10.1007/978-3-540-70545-1_37,10.1145/3009837.3009893,10.1007/978-3-540-70545-1_37,10.1145/3009837.3009893,10.1007/978-3-540-70545-1_37,061502479287-06803506974,2017-01,included,raw/cs097-citations-p0001-opencitations.json.gz
opencitations,CS097,S217,citations,doi:10.1007/978-3-319-19195-9_4->doi:10.1007/978-3-540-70545-1_37,doi:10.1007/978-3-319-19195-9_4,doi:10.1007/978-3-540-70545-1_37,10.1007/978-3-319-19195-9_4,10.1007/978-3-540-70545-1_37,10.1007/978-3-319-19195-9_4,10.1007/978-3-540-70545-1_37,061802602872-06803506974,2015,included,raw/cs097-citations-p0001-opencitations.json.gz
opencitations,CS097,S217,citations,doi:10.1145/3018743.3018749->doi:10.1007/978-3-540-70545-1_37,doi:10.1145/3018743.3018749,doi:10.1007/978-3-540-70545-1_37,10.1145/3018743.3018749,10.1007/978-3-540-70545-1_37,10.1145/3018743.3018749,10.1007/978-3-540-70545-1_37,06701903425-06803506974,2017-01-26,included,raw/cs097-citations-p0001-opencitations.json.gz
opencitations,CS097,S217,citations,doi:10.1007/978-3-662-46081-8_8->doi:10.1007/978-3-540-70545-1_37,doi:10.1007/978-3-662-46081-8_8,doi:10.1007/978-3-540-70545-1_37,10.1007/978-3-662-46081-8_8,10.1007/978-3-540-70545-1_37,10.1007/978-3-662-46081-8_8,10.1007/978-3-540-70545-1_37,062302620283-06803506974,2015,included,raw/cs097-citations-p0001-opencitations.json.gz
opencitations,CS097,S217,citations,doi:10.1007/s10703-021-00370-8->doi:10.1007/978-3-540-70545-1_37,doi:10.1007/s10703-021-00370-8,doi:10.1007/978-3-540-70545-1_37,10.1007/s10703-021-00370-8,10.1007/978-3-540-70545-1_37,10.1007/s10703-021-00370-8,10.1007/978-3-540-70545-1_37,0680344067-06803506974,2021-04-06,included,raw/cs097-citations-p0001-opencitations.json.gz
opencitations,CS097,S217,citations,doi:10.1007/978-3-319-89884-1_16->doi:10.1007/978-3-540-70545-1_37,doi:10.1007/978-3-319-89884-1_16,doi:10.1007/978-3-540-70545-1_37,10.1007/978-3-319-89884-1_16,10.1007/978-3-540-70545-1_37,10.1007/978-3-319-89884-1_16,10.1007/978-3-540-70545-1_37,061702211225-06803506974,2018,included,raw/cs097-citations-p0001-opencitations.json.gz
opencitations,CS097,S217,citations,doi:10.1145/2429069.2429086->doi:10.1007/978-3-540-70545-1_37,doi:10.1145/2429069.2429086,doi:10.1007/978-3-540-70545-1_37,10.1145/2429069.2429086,10.1007/978-3-540-70545-1_37,10.1145/2429069.2429086,10.1007/978-3-540-70545-1_37,061502963005-06803506974,2013,included,raw/cs097-citations-p0001-opencitations.json.gz
opencitations,CS097,S217,citations,doi:10.1007/978-3-642-02652-2_21->doi:10.1007/978-3-540-70545-1_37,doi:10.1007/978-3-642-02652-2_21,doi:10.1007/978-3-540-70545-1_37,10.1007/978-3-642-02652-2_21,10.1007/978-3-540-70545-1_37,10.1007/978-3-642-02652-2_21,10.1007/978-3-540-70545-1_37,061503089245-06803506974,2009,included,raw/cs097-citations-p0001-opencitations.json.gz
opencitations,CS097,S217,citations,doi:10.1007/978-3-642-10672-9_5->doi:10.1007/978-3-540-70545-1_37,doi:10.1007/978-3-642-10672-9_5,doi:10.1007/978-3-540-70545-1_37,10.1007/978-3-642-10672-9_5,10.1007/978-3-540-70545-1_37,10.1007/978-3-642-10672-9_5,10.1007/978-3-540-70545-1_37,06403458081-06803506974,2009,included,raw/cs097-citations-p0001-opencitations.json.gz
opencitations,CS097,S217,citations,doi:10.1007/978-3-540-70545-1_36->doi:10.1007/978-3-540-70545-1_37,doi:10.1007/978-3-540-70545-1_36,doi:10.1007/978-3-540-70545-1_37,10.1007/978-3-540-70545-1_36,10.1007/978-3-540-70545-1_37,10.1007/978-3-540-70545-1_36,10.1007/978-3-540-70545-1_37,06803506976-06803506974,,unknown-date,raw/cs097-citations-p0001-opencitations.json.gz
opencitations,CS097,S217,citations,doi:10.1145/2535838.2535885->doi:10.1007/978-3-540-70545-1_37,doi:10.1145/2535838.2535885,doi:10.1007/978-3-540-70545-1_37,10.1145/2535838.2535885,10.1007/978-3-540-70545-1_37,10.1145/2535838.2535885,10.1007/978-3-540-70545-1_37,06103334291-06803506974,2014-01-08,included,raw/cs097-citations-p0001-opencitations.json.gz
opencitations,CS097,S217,citations,doi:10.1007/978-3-642-39176-7_20->doi:10.1007/978-3-540-70545-1_37,doi:10.1007/978-3-642-39176-7_20,doi:10.1007/978-3-540-70545-1_37,10.1007/978-3-642-39176-7_20,10.1007/978-3-540-70545-1_37,10.1007/978-3-642-39176-7_20,10.1007/978-3-540-70545-1_37,06503112725-06803506974,2013,included,raw/cs097-citations-p0001-opencitations.json.gz
opencitations,CS097,S217,citations,doi:10.1145/2103656.2103693->doi:10.1007/978-3-540-70545-1_37,doi:10.1145/2103656.2103693,doi:10.1007/978-3-540-70545-1_37,10.1145/2103656.2103693,10.1007/978-3-540-70545-1_37,10.1145/2103656.2103693,10.1007/978-3-540-70545-1_37,061402975825-06803506974,2012,included,raw/cs097-citations-p0001-opencitations.json.gz
opencitations,CS097,S217,citations,doi:10.1145/2103621.2103693->doi:10.1007/978-3-540-70545-1_37,doi:10.1145/2103621.2103693,doi:10.1007/978-3-540-70545-1_37,10.1145/2103621.2103693,10.1007/978-3-540-70545-1_37,10.1145/2103621.2103693,10.1007/978-3-540-70545-1_37,0615094123-06803506974,2012-01-18,included,raw/cs097-citations-p0001-opencitations.json.gz
opencitations,CS097,S217,citations,doi:10.1007/s10472-016-9531-9->doi:10.1007/978-3-540-70545-1_37,doi:10.1007/s10472-016-9531-9,doi:10.1007/978-3-540-70545-1_37,10.1007/s10472-016-9531-9,10.1007/978-3-540-70545-1_37,10.1007/s10472-016-9531-9,10.1007/978-3-540-70545-1_37,06702389173-06803506974,2016-11-15,included,raw/cs097-citations-p0001-opencitations.json.gz
opencitations,CS097,S217,citations,doi:10.1145/3155284.3018749->doi:10.1007/978-3-540-70545-1_37,doi:10.1145/3155284.3018749,doi:10.1007/978-3-540-70545-1_37,10.1145/3155284.3018749,10.1007/978-3-540-70545-1_37,10.1145/3155284.3018749,10.1007/978-3-540-70545-1_37,0613091085-06803506974,2017-10-26,included,raw/cs097-citations-p0001-opencitations.json.gz
opencitations,CS097,S217,citations,doi:10.1145/2610384.2610402->doi:10.1007/978-3-540-70545-1_37,doi:10.1145/2610384.2610402,doi:10.1007/978-3-540-70545-1_37,10.1145/2610384.2610402,10.1007/978-3-540-70545-1_37,10.1145/2610384.2610402,10.1007/978-3-540-70545-1_37,061802558725-06803506974,2014,included,raw/cs097-citations-p0001-opencitations.json.gz
opencitations,CS097,S217,citations,doi:10.1007/978-3-642-37036-6_17->doi:10.1007/978-3-540-70545-1_37,doi:10.1007/978-3-642-37036-6_17,doi:10.1007/978-3-540-70545-1_37,10.1007/978-3-642-37036-6_17,10.1007/978-3-540-70545-1_37,10.1007/978-3-642-37036-6_17,10.1007/978-3-540-70545-1_37,06503137938-06803506974,2013,included,raw/cs097-citations-p0001-opencitations.json.gz
opencitations,CS097,S217,citations,doi:10.1007/978-3-642-33125-1_12->doi:10.1007/978-3-540-70545-1_37,doi:10.1007/978-3-642-33125-1_12,doi:10.1007/978-3-540-70545-1_37,10.1007/978-3-642-33125-1_12,10.1007/978-3-540-70545-1_37,10.1007/978-3-642-33125-1_12,10.1007/978-3-540-70545-1_37,061602774287-06803506974,2012,included,raw/cs097-citations-p0001-opencitations.json.gz
opencitations,CS097,S217,citations,doi:10.1007/s10009-016-0415-4->doi:10.1007/978-3-540-70545-1_37,doi:10.1007/s10009-016-0415-4,doi:10.1007/978-3-540-70545-1_37,10.1007/s10009-016-0415-4,10.1007/978-3-540-70545-1_37,10.1007/s10009-016-0415-4,10.1007/978-3-540-70545-1_37,062203120313-06803506974,2016-03-16,included,raw/cs097-citations-p0001-opencitations.json.gz
opencitations,CS097,S217,citations,doi:10.1145/1707801.1706305->doi:10.1007/978-3-540-70545-1_37,doi:10.1145/1707801.1706305,doi:10.1007/978-3-540-70545-1_37,10.1145/1707801.1706305,10.1007/978-3-540-70545-1_37,10.1145/1707801.1706305,10.1007/978-3-540-70545-1_37,0616094731-06803506974,2010-01-02,included,raw/cs097-citations-p0001-opencitations.json.gz
opencitations,CS097,S217,citations,doi:10.1007/s10009-015-0369-y->doi:10.1007/978-3-540-70545-1_37,doi:10.1007/s10009-015-0369-y,doi:10.1007/978-3-540-70545-1_37,10.1007/s10009-015-0369-y,10.1007/978-3-540-70545-1_37,10.1007/s10009-015-0369-y,10.1007/978-3-540-70545-1_37,062203120361-06803506974,2015-02-15,included,raw/cs097-citations-p0001-opencitations.json.gz
opencitations,CS097,S217,citations,doi:10.1007/978-3-642-39799-8_11->doi:10.1007/978-3-540-70545-1_37,doi:10.1007/978-3-642-39799-8_11,doi:10.1007/978-3-540-70545-1_37,10.1007/978-3-642-39799-8_11,10.1007/978-3-540-70545-1_37,10.1007/978-3-642-39799-8_11,10.1007/978-3-540-70545-1_37,06503130815-06803506974,2013,included,raw/cs097-citations-p0001-opencitations.json.gz
opencitations,CS097,S217,citations,doi:10.1145/1835698.1835722->doi:10.1007/978-3-540-70545-1_37,doi:10.1145/1835698.1835722,doi:10.1007/978-3-540-70545-1_37,10.1145/1835698.1835722,10.1007/978-3-540-70545-1_37,10.1145/1835698.1835722,10.1007/978-3-540-70545-1_37,061703185906-06803506974,2010,included,raw/cs097-citations-p0001-opencitations.json.gz
opencitations,CS097,S217,citations,doi:10.1145/3591296->doi:10.1007/978-3-540-70545-1_37,doi:10.1145/3591296,doi:10.1007/978-3-540-70545-1_37,10.1145/3591296,10.1007/978-3-540-70545-1_37,10.1145/3591296,10.1007/978-3-540-70545-1_37,062203928095-06803506974,2023-06-06,included,raw/cs097-citations-p0001-opencitations.json.gz
opencitations,CS097,S217,citations,doi:10.1145/1985793.1986037->doi:10.1007/978-3-540-70545-1_37,doi:10.1145/1985793.1986037,doi:10.1007/978-3-540-70545-1_37,10.1145/1985793.1986037,10.1007/978-3-540-70545-1_37,10.1145/1985793.1986037,10.1007/978-3-540-70545-1_37,062203139868-06803506974,2011-05-21,included,raw/cs097-citations-p0001-opencitations.json.gz
opencitations,CS097,S217,citations,doi:10.1109/acsd.2009.10->doi:10.1007/978-3-540-70545-1_37,doi:10.1109/acsd.2009.10,doi:10.1007/978-3-540-70545-1_37,10.1109/acsd.2009.10,10.1007/978-3-540-70545-1_37,10.1109/acsd.2009.10,10.1007/978-3-540-70545-1_37,06502008145-06803506974,2009-07,included,raw/cs097-citations-p0001-opencitations.json.gz
opencitations,CS097,S217,citations,doi:10.1145/2676726.2677012->doi:10.1007/978-3-540-70545-1_37,doi:10.1145/2676726.2677012,doi:10.1007/978-3-540-70545-1_37,10.1145/2676726.2677012,10.1007/978-3-540-70545-1_37,10.1145/2676726.2677012,10.1007/978-3-540-70545-1_37,06201942560-06803506974,2015-01-14,included,raw/cs097-citations-p0001-opencitations.json.gz
opencitations,CS097,S217,citations,doi:10.1007/978-3-642-31759-0_15->doi:10.1007/978-3-540-70545-1_37,doi:10.1007/978-3-642-31759-0_15,doi:10.1007/978-3-540-70545-1_37,10.1007/978-3-642-31759-0_15,10.1007/978-3-540-70545-1_37,10.1007/978-3-642-31759-0_15,10.1007/978-3-540-70545-1_37,061402744406-06803506974,2012,included,raw/cs097-citations-p0001-opencitations.json.gz
opencitations,CS097,S217,citations,doi:10.1007/978-3-642-36742-7_23->doi:10.1007/978-3-540-70545-1_37,doi:10.1007/978-3-642-36742-7_23,doi:10.1007/978-3-540-70545-1_37,10.1007/978-3-642-36742-7_23,10.1007/978-3-540-70545-1_37,10.1007/978-3-642-36742-7_23,10.1007/978-3-540-70545-1_37,061302718148-06803506974,2013,included,raw/cs097-citations-p0001-opencitations.json.gz
opencitations,CS097,S217,citations,doi:10.1145/3290371->doi:10.1007/978-3-540-70545-1_37,doi:10.1145/3290371,doi:10.1007/978-3-540-70545-1_37,10.1145/3290371,10.1007/978-3-540-70545-1_37,10.1145/3290371,10.1007/978-3-540-70545-1_37,06202297263-06803506974,2019-01-02,included,raw/cs097-citations-p0001-opencitations.json.gz
opencitations,CS097,S217,citations,doi:10.1145/2480359.2429086->doi:10.1007/978-3-540-70545-1_37,doi:10.1145/2480359.2429086,doi:10.1007/978-3-540-70545-1_37,10.1145/2480359.2429086,10.1007/978-3-540-70545-1_37,10.1145/2480359.2429086,10.1007/978-3-540-70545-1_37,0614090159-06803506974,2013-01-23,included,raw/cs097-citations-p0001-opencitations.json.gz
opencitations,CS097,S217,citations,doi:10.23919/fmcad.2018.8603020->doi:10.1007/978-3-540-70545-1_37,doi:10.23919/fmcad.2018.8603020,doi:10.1007/978-3-540-70545-1_37,10.23919/fmcad.2018.8603020,10.1007/978-3-540-70545-1_37,10.23919/fmcad.2018.8603020,10.1007/978-3-540-70545-1_37,061302313560-06803506974,2018-10,included,raw/cs097-citations-p0001-opencitations.json.gz
opencitations,CS097,S217,citations,doi:10.1007/978-3-642-11319-2_17->doi:10.1007/978-3-540-70545-1_37,doi:10.1007/978-3-642-11319-2_17,doi:10.1007/978-3-540-70545-1_37,10.1007/978-3-642-11319-2_17,10.1007/978-3-540-70545-1_37,10.1007/978-3-642-11319-2_17,10.1007/978-3-540-70545-1_37,062203060331-06803506974,2010,included,raw/cs097-citations-p0001-opencitations.json.gz
opencitations,CS097,S217,citations,doi:10.1145/3093333.3009893->doi:10.1007/978-3-540-70545-1_37,doi:10.1145/3093333.3009893,doi:10.1007/978-3-540-70545-1_37,10.1145/3093333.3009893,10.1007/978-3-540-70545-1_37,10.1145/3093333.3009893,10.1007/978-3-540-70545-1_37,0613091206-06803506974,2017-05-11,included,raw/cs097-citations-p0001-opencitations.json.gz
opencitations,CS097,S217,citations,doi:10.1145/1745312.1745315->doi:10.1007/978-3-540-70545-1_37,doi:10.1145/1745312.1745315,doi:10.1007/978-3-540-70545-1_37,10.1145/1745312.1745315,10.1007/978-3-540-70545-1_37,10.1145/1745312.1745315,10.1007/978-3-540-70545-1_37,06602632677-06803506974,2010-05,included,raw/cs097-citations-p0001-opencitations.json.gz
opencitations,CS097,S217,citations,doi:10.1007/s00236-015-0222-5->doi:10.1007/978-3-540-70545-1_37,doi:10.1007/s00236-015-0222-5,doi:10.1007/978-3-540-70545-1_37,10.1007/s00236-015-0222-5,10.1007/978-3-540-70545-1_37,10.1007/s00236-015-0222-5,10.1007/978-3-540-70545-1_37,06701584919-06803506974,2015-02-25,included,raw/cs097-citations-p0001-opencitations.json.gz
opencitations,CS097,S217,citations,doi:10.1007/978-3-030-67067-2_9->doi:10.1007/978-3-540-70545-1_37,doi:10.1007/978-3-030-67067-2_9,doi:10.1007/978-3-540-70545-1_37,10.1007/978-3-030-67067-2_9,10.1007/978-3-540-70545-1_37,10.1007/978-3-030-67067-2_9,10.1007/978-3-540-70545-1_37,06402210831-06803506974,2021,included,raw/cs097-citations-p0001-opencitations.json.gz
opencitations,CS098,S218,references,doi:10.1007/978-3-540-73210-5_11->doi:10.1007/s001650050007,doi:10.1007/978-3-540-73210-5_11,doi:10.1007/s001650050007,10.1007/978-3-540-73210-5_11,10.1007/s001650050007,10.1007/978-3-540-73210-5_11,10.1007/s001650050007,06103547527-062501756589,,included,raw/cs098-references-p0001-opencitations.json.gz
opencitations,CS098,S218,references,doi:10.1007/978-3-540-73210-5_11->doi:10.1016/j.entcs.2006.08.044,doi:10.1007/978-3-540-73210-5_11,doi:10.1016/j.entcs.2006.08.044,10.1007/978-3-540-73210-5_11,10.1016/j.entcs.2006.08.044,10.1007/978-3-540-73210-5_11,10.1016/j.entcs.2006.08.044,06103547527-06801442277,,included,raw/cs098-references-p0001-opencitations.json.gz
opencitations,CS098,S218,references,doi:10.1007/978-3-540-73210-5_11->doi:10.1145/1007912.1007944,doi:10.1007/978-3-540-73210-5_11,doi:10.1145/1007912.1007944,10.1007/978-3-540-73210-5_11,10.1145/1007912.1007944,10.1007/978-3-540-73210-5_11,10.1145/1007912.1007944,06103547527-062503363126,,included,raw/cs098-references-p0001-opencitations.json.gz
opencitations,CS098,S218,references,doi:10.1007/978-3-540-73210-5_11->doi:10.1145/361227.361234,doi:10.1007/978-3-540-73210-5_11,doi:10.1145/361227.361234,10.1007/978-3-540-73210-5_11,10.1145/361227.361234,10.1007/978-3-540-73210-5_11,10.1145/361227.361234,06103547527-06803891500,,included,raw/cs098-references-p0001-opencitations.json.gz
opencitations,CS098,S218,references,doi:10.1007/978-3-540-73210-5_11->doi:10.1007/3-540-44880-2_10,doi:10.1007/978-3-540-73210-5_11,doi:10.1007/3-540-44880-2_10,10.1007/978-3-540-73210-5_11,10.1007/3-540-44880-2_10,10.1007/978-3-540-73210-5_11,10.1007/3-540-44880-2_10,06103547527-061403092380,,included,raw/cs098-references-p0001-opencitations.json.gz
opencitations,CS098,S218,references,doi:10.1007/978-3-540-73210-5_11->doi:10.1016/0920-5489(95)00024-o,doi:10.1007/978-3-540-73210-5_11,doi:10.1016/0920-5489(95)00024-o,10.1007/978-3-540-73210-5_11,10.1016/0920-5489(95)00024-o,10.1007/978-3-540-73210-5_11,10.1016/0920-5489(95)00024-o,06103547527-06503231668,,included,raw/cs098-references-p0001-opencitations.json.gz
opencitations,CS098,S218,references,doi:10.1007/978-3-540-73210-5_11->doi:10.1007/11415787_14,doi:10.1007/978-3-540-73210-5_11,doi:10.1007/11415787_14,10.1007/978-3-540-73210-5_11,10.1007/11415787_14,10.1007/978-3-540-73210-5_11,10.1007/11415787_14,06103547527-061203129146,,included,raw/cs098-references-p0001-opencitations.json.gz
opencitations,CS098,S218,references,doi:10.1007/978-3-540-73210-5_11->doi:10.1007/978-0-387-35261-9_29,doi:10.1007/978-3-540-73210-5_11,doi:10.1007/978-0-387-35261-9_29,10.1007/978-3-540-73210-5_11,10.1007/978-0-387-35261-9_29,10.1007/978-3-540-73210-5_11,10.1007/978-0-387-35261-9_29,06103547527-06403011710,,included,raw/cs098-references-p0001-opencitations.json.gz
opencitations,CS098,S218,references,doi:10.1007/978-3-540-73210-5_11->doi:10.1007/978-1-4615-5265-9,doi:10.1007/978-3-540-73210-5_11,doi:10.1007/978-1-4615-5265-9,10.1007/978-3-540-73210-5_11,10.1007/978-1-4615-5265-9,10.1007/978-3-540-73210-5_11,10.1007/978-1-4615-5265-9,06103547527-0624059588,,included,raw/cs098-references-p0001-opencitations.json.gz
opencitations,CS098,S218,references,doi:10.1007/978-3-540-73210-5_11->doi:10.1007/978-3-540-30232-2_7,doi:10.1007/978-3-540-73210-5_11,doi:10.1007/978-3-540-30232-2_7,10.1007/978-3-540-73210-5_11,10.1007/978-3-540-30232-2_7,10.1007/978-3-540-73210-5_11,10.1007/978-3-540-30232-2_7,06103547527-06303043890,,included,raw/cs098-references-p0001-opencitations.json.gz
opencitations,CS098,S218,references,doi:10.1007/978-3-540-73210-5_11->doi:10.1145/78969.78972,doi:10.1007/978-3-540-73210-5_11,doi:10.1145/78969.78972,10.1007/978-3-540-73210-5_11,10.1145/78969.78972,10.1007/978-3-540-73210-5_11,10.1145/78969.78972,06103547527-06702614122,,included,raw/cs098-references-p0001-opencitations.json.gz
opencitations,CS098,S218,citations,doi:10.1109/tse.2012.82->doi:10.1007/978-3-540-73210-5_11,doi:10.1109/tse.2012.82,doi:10.1007/978-3-540-73210-5_11,10.1109/tse.2012.82,10.1007/978-3-540-73210-5_11,10.1109/tse.2012.82,10.1007/978-3-540-73210-5_11,062201957194-06103547527,2013-07,included,raw/cs098-citations-p0001-opencitations.json.gz
opencitations,CS098,S218,citations,doi:10.1007/s00165-009-0130-y->doi:10.1007/978-3-540-73210-5_11,doi:10.1007/s00165-009-0130-y,doi:10.1007/978-3-540-73210-5_11,10.1007/s00165-009-0130-y,10.1007/978-3-540-73210-5_11,10.1007/s00165-009-0130-y,10.1007/978-3-540-73210-5_11,062101754579-06103547527,2011-01,included,raw/cs098-citations-p0001-opencitations.json.gz
opencitations,CS098,S218,citations,doi:10.1007/978-3-642-05089-3_21->doi:10.1007/978-3-540-73210-5_11,doi:10.1007/978-3-642-05089-3_21,doi:10.1007/978-3-540-73210-5_11,10.1007/978-3-642-05089-3_21,10.1007/978-3-540-73210-5_11,10.1007/978-3-642-05089-3_21,10.1007/978-3-540-73210-5_11,062103015875-06103547527,2009,included,raw/cs098-citations-p0001-opencitations.json.gz
opencitations,CS098,S218,citations,doi:10.1007/978-3-031-92196-4_16->doi:10.1007/978-3-540-73210-5_11,doi:10.1007/978-3-031-92196-4_16,doi:10.1007/978-3-540-73210-5_11,10.1007/978-3-031-92196-4_16,10.1007/978-3-540-73210-5_11,10.1007/978-3-031-92196-4_16,10.1007/978-3-540-73210-5_11,0609000452-06103547527,2025,included,raw/cs098-citations-p0001-opencitations.json.gz
opencitations,CS098,S218,citations,doi:10.1007/978-3-319-48628-4_4->doi:10.1007/978-3-540-73210-5_11,doi:10.1007/978-3-319-48628-4_4,doi:10.1007/978-3-540-73210-5_11,10.1007/978-3-319-48628-4_4,10.1007/978-3-540-73210-5_11,10.1007/978-3-319-48628-4_4,10.1007/978-3-540-73210-5_11,061902413527-06103547527,2017,included,raw/cs098-citations-p0001-opencitations.json.gz
opencitations,CS098,S218,citations,doi:10.1007/978-3-319-03077-7_21->doi:10.1007/978-3-540-73210-5_11,doi:10.1007/978-3-319-03077-7_21,doi:10.1007/978-3-540-73210-5_11,10.1007/978-3-319-03077-7_21,10.1007/978-3-540-73210-5_11,10.1007/978-3-319-03077-7_21,10.1007/978-3-540-73210-5_11,061402662591-06103547527,2013,included,raw/cs098-citations-p0001-opencitations.json.gz
opencitations,CS098,S218,citations,doi:10.1145/1993806.1993817->doi:10.1007/978-3-540-73210-5_11,doi:10.1145/1993806.1993817,doi:10.1007/978-3-540-73210-5_11,10.1145/1993806.1993817,10.1007/978-3-540-73210-5_11,10.1145/1993806.1993817,10.1007/978-3-540-73210-5_11,062403133624-06103547527,2011,included,raw/cs098-citations-p0001-opencitations.json.gz
opencitations,CS098,S218,citations,doi:10.1145/1889997.1890001->doi:10.1007/978-3-540-73210-5_11,doi:10.1145/1889997.1890001,doi:10.1007/978-3-540-73210-5_11,10.1145/1889997.1890001,10.1007/978-3-540-73210-5_11,10.1145/1889997.1890001,10.1007/978-3-540-73210-5_11,06602632664-06103547527,2011-01,included,raw/cs098-citations-p0001-opencitations.json.gz
opencitations,CS098,S218,citations,doi:10.1007/978-1-4471-5355-9_12->doi:10.1007/978-3-540-73210-5_11,doi:10.1007/978-1-4471-5355-9_12,doi:10.1007/978-3-540-73210-5_11,10.1007/978-1-4471-5355-9_12,10.1007/978-3-540-73210-5_11,10.1007/978-1-4471-5355-9_12,10.1007/978-3-540-73210-5_11,06403130826-06103547527,2014,included,raw/cs098-citations-p0001-opencitations.json.gz
opencitations,CS098,S218,citations,doi:10.1007/978-3-319-10181-1_21->doi:10.1007/978-3-540-73210-5_11,doi:10.1007/978-3-319-10181-1_21,doi:10.1007/978-3-540-73210-5_11,10.1007/978-3-319-10181-1_21,10.1007/978-3-540-73210-5_11,10.1007/978-3-319-10181-1_21,10.1007/978-3-540-73210-5_11,061902645682-06103547527,2014,included,raw/cs098-citations-p0001-opencitations.json.gz
opencitations,CS098,S218,citations,doi:10.1145/2851613.2851837->doi:10.1007/978-3-540-73210-5_11,doi:10.1145/2851613.2851837,doi:10.1007/978-3-540-73210-5_11,10.1145/2851613.2851837,10.1007/978-3-540-73210-5_11,10.1145/2851613.2851837,10.1007/978-3-540-73210-5_11,06301928683-06103547527,2016-04-04,included,raw/cs098-citations-p0001-opencitations.json.gz
opencitations,CS098,S218,citations,doi:10.1007/978-3-319-13338-6_1->doi:10.1007/978-3-540-73210-5_11,doi:10.1007/978-3-319-13338-6_1,doi:10.1007/978-3-540-73210-5_11,10.1007/978-3-319-13338-6_1,10.1007/978-3-540-73210-5_11,10.1007/978-3-319-13338-6_1,10.1007/978-3-540-73210-5_11,062502635452-06103547527,2014,included,raw/cs098-citations-p0001-opencitations.json.gz
opencitations,CS098,S218,citations,doi:10.1109/tase.2018.00021->doi:10.1007/978-3-540-73210-5_11,doi:10.1109/tase.2018.00021,doi:10.1007/978-3-540-73210-5_11,10.1109/tase.2018.00021,10.1007/978-3-540-73210-5_11,10.1109/tase.2018.00021,10.1007/978-3-540-73210-5_11,06102709382-06103547527,2018-08,included,raw/cs098-citations-p0001-opencitations.json.gz
opencitations,CS098,S218,citations,doi:10.1007/978-3-642-13321-3_21->doi:10.1007/978-3-540-73210-5_11,doi:10.1007/978-3-642-13321-3_21,doi:10.1007/978-3-540-73210-5_11,10.1007/978-3-642-13321-3_21,10.1007/978-3-540-73210-5_11,10.1007/978-3-642-13321-3_21,10.1007/978-3-540-73210-5_11,061303017499-06103547527,2010,included,raw/cs098-citations-p0001-opencitations.json.gz
opencitations,CS098,S218,citations,doi:10.1007/978-3-540-68863-1_6->doi:10.1007/978-3-540-73210-5_11,doi:10.1007/978-3-540-68863-1_6,doi:10.1007/978-3-540-73210-5_11,10.1007/978-3-540-68863-1_6,10.1007/978-3-540-73210-5_11,10.1007/978-3-540-68863-1_6,10.1007/978-3-540-73210-5_11,061403097756-06103547527,2008,included,raw/cs098-citations-p0001-opencitations.json.gz
opencitations,CS098,S218,citations,doi:10.1109/ssiri.2010.37->doi:10.1007/978-3-540-73210-5_11,doi:10.1109/ssiri.2010.37,doi:10.1007/978-3-540-73210-5_11,10.1109/ssiri.2010.37,10.1007/978-3-540-73210-5_11,10.1109/ssiri.2010.37,10.1007/978-3-540-73210-5_11,06201990106-06103547527,2010,included,raw/cs098-citations-p0001-opencitations.json.gz
opencitations,CS099,S219,references,doi:10.1007/978-3-540-93900-9_27->doi:10.1007/11691372_19,doi:10.1007/978-3-540-93900-9_27,doi:10.1007/11691372_19,10.1007/978-3-540-93900-9_27,10.1007/11691372_19,10.1007/978-3-540-93900-9_27,10.1007/11691372_19,061403070942-062203299187,2008,included,raw/cs099-references-p0001-opencitations.json.gz
opencitations,CS099,S219,references,doi:10.1007/978-3-540-93900-9_27->doi:10.1007/s00446-004-0115-2,doi:10.1007/978-3-540-93900-9_27,doi:10.1007/s00446-004-0115-2,10.1007/978-3-540-93900-9_27,10.1007/s00446-004-0115-2,10.1007/978-3-540-93900-9_27,10.1007/s00446-004-0115-2,061403070942-06603246561,2008,included,raw/cs099-references-p0001-opencitations.json.gz
opencitations,CS099,S219,references,doi:10.1007/978-3-540-93900-9_27->doi:10.1007/11817963_44,doi:10.1007/978-3-540-93900-9_27,doi:10.1007/11817963_44,10.1007/978-3-540-93900-9_27,10.1007/11817963_44,10.1007/978-3-540-93900-9_27,10.1007/11817963_44,061403070942-06703520820,2008,included,raw/cs099-references-p0001-opencitations.json.gz
opencitations,CS099,S219,references,doi:10.1007/978-3-540-93900-9_27->doi:10.1007/3-540-36108-1_18,doi:10.1007/978-3-540-93900-9_27,doi:10.1007/3-540-36108-1_18,10.1007/978-3-540-93900-9_27,10.1007/3-540-36108-1_18,10.1007/978-3-540-93900-9_27,10.1007/3-540-36108-1_18,061403070942-06203526504,2008,included,raw/cs099-references-p0001-opencitations.json.gz
opencitations,CS099,S219,references,doi:10.1007/978-3-540-93900-9_27->doi:10.1007/978-3-540-70545-1_37,doi:10.1007/978-3-540-93900-9_27,doi:10.1007/978-3-540-70545-1_37,10.1007/978-3-540-93900-9_27,10.1007/978-3-540-70545-1_37,10.1007/978-3-540-93900-9_27,10.1007/978-3-540-70545-1_37,061403070942-06803506974,2008,included,raw/cs099-references-p0001-opencitations.json.gz
opencitations,CS099,S219,references,doi:10.1007/978-3-540-93900-9_27->doi:10.1007/978-3-540-73368-3_49,doi:10.1007/978-3-540-93900-9_27,doi:10.1007/978-3-540-73368-3_49,10.1007/978-3-540-93900-9_27,10.1007/978-3-540-73368-3_49,10.1007/978-3-540-93900-9_27,10.1007/978-3-540-73368-3_49,061403070942-061503105533,2008,included,raw/cs099-references-p0001-opencitations.json.gz
opencitations,CS099,S219,references,doi:10.1007/978-3-540-93900-9_27->doi:10.1007/978-3-540-74061-2_15,doi:10.1007/978-3-540-93900-9_27,doi:10.1007/978-3-540-74061-2_15,10.1007/978-3-540-93900-9_27,10.1007/978-3-540-74061-2_15,10.1007/978-3-540-93900-9_27,10.1007/978-3-540-74061-2_15,061403070942-06703502766,2008,included,raw/cs099-references-p0001-opencitations.json.gz
opencitations,CS099,S219,references,doi:10.1007/978-3-540-93900-9_27->doi:10.1016/s1571-0661(05)80006-4,doi:10.1007/978-3-540-93900-9_27,doi:10.1016/s1571-0661(05)80006-4,10.1007/978-3-540-93900-9_27,10.1016/s1571-0661(05)80006-4,10.1007/978-3-540-93900-9_27,10.1016/s1571-0661(05)80006-4,061403070942-06901457298,2008,included,raw/cs099-references-p0001-opencitations.json.gz
opencitations,CS099,S219,references,doi:10.1007/978-3-540-93900-9_27->doi:10.1007/978-3-540-69166-2_24,doi:10.1007/978-3-540-93900-9_27,doi:10.1007/978-3-540-69166-2_24,10.1007/978-3-540-93900-9_27,10.1007/978-3-540-69166-2_24,10.1007/978-3-540-93900-9_27,10.1007/978-3-540-69166-2_24,061403070942-06303552169,2008,included,raw/cs099-references-p0001-opencitations.json.gz
opencitations,CS099,S219,references,doi:10.1007/978-3-540-93900-9_27->doi:10.1007/978-3-540-74407-8_18,doi:10.1007/978-3-540-93900-9_27,doi:10.1007/978-3-540-74407-8_18,10.1007/978-3-540-93900-9_27,10.1007/978-3-540-74407-8_18,10.1007/978-3-540-93900-9_27,10.1007/978-3-540-74407-8_18,061403070942-062403101181,2008,included,raw/cs099-references-p0001-opencitations.json.gz
opencitations,CS099,S219,references,doi:10.1007/978-3-540-93900-9_27->doi:10.1145/248052.248106,doi:10.1007/978-3-540-93900-9_27,doi:10.1145/248052.248106,10.1007/978-3-540-93900-9_27,10.1145/248052.248106,10.1007/978-3-540-93900-9_27,10.1145/248052.248106,061403070942-06703784449,2008,included,raw/cs099-references-p0001-opencitations.json.gz
opencitations,CS099,S219,references,doi:10.1007/978-3-540-93900-9_27->doi:10.1007/978-3-540-30232-2_7,doi:10.1007/978-3-540-93900-9_27,doi:10.1007/978-3-540-30232-2_7,10.1007/978-3-540-93900-9_27,10.1007/978-3-540-30232-2_7,10.1007/978-3-540-93900-9_27,10.1007/978-3-540-30232-2_7,061403070942-06303043890,2008,included,raw/cs099-references-p0001-opencitations.json.gz
opencitations,CS099,S219,references,doi:10.1007/978-3-540-93900-9_27->doi:10.1145/78969.78972,doi:10.1007/978-3-540-93900-9_27,doi:10.1145/78969.78972,10.1007/978-3-540-93900-9_27,10.1145/78969.78972,10.1007/978-3-540-93900-9_27,10.1145/78969.78972,061403070942-06702614122,2008,included,raw/cs099-references-p0001-opencitations.json.gz
opencitations,CS099,S219,citations,doi:10.1007/978-3-642-22110-1_53->doi:10.1007/978-3-540-93900-9_27,doi:10.1007/978-3-642-22110-1_53,doi:10.1007/978-3-540-93900-9_27,10.1007/978-3-642-22110-1_53,10.1007/978-3-540-93900-9_27,10.1007/978-3-642-22110-1_53,10.1007/978-3-540-93900-9_27,061802877600-061403070942,2011,included,raw/cs099-citations-p0001-opencitations.json.gz
opencitations,CS099,S219,citations,doi:10.1007/978-3-642-14295-6_40->doi:10.1007/978-3-540-93900-9_27,doi:10.1007/978-3-642-14295-6_40,doi:10.1007/978-3-540-93900-9_27,10.1007/978-3-642-14295-6_40,10.1007/978-3-540-93900-9_27,10.1007/978-3-642-14295-6_40,10.1007/978-3-540-93900-9_27,061703036727-061403070942,2010,included,raw/cs099-citations-p0001-opencitations.json.gz
opencitations,CS099,S219,citations,doi:10.1145/1993316.1993566->doi:10.1007/978-3-540-93900-9_27,doi:10.1145/1993316.1993566,doi:10.1007/978-3-540-93900-9_27,10.1145/1993316.1993566,10.1007/978-3-540-93900-9_27,10.1145/1993316.1993566,10.1007/978-3-540-93900-9_27,0603920653-061403070942,2011,included,raw/cs099-citations-p0001-opencitations.json.gz
opencitations,CS099,S219,citations,doi:10.1145/3428196->doi:10.1007/978-3-540-93900-9_27,doi:10.1145/3428196,doi:10.1007/978-3-540-93900-9_27,10.1145/3428196,10.1007/978-3-540-93900-9_27,10.1145/3428196,10.1007/978-3-540-93900-9_27,06202296976-061403070942,2020-11-13,included,raw/cs099-citations-p0001-opencitations.json.gz
opencitations,CS099,S219,citations,doi:10.1007/s10009-015-0373-2->doi:10.1007/978-3-540-93900-9_27,doi:10.1007/s10009-015-0373-2,doi:10.1007/978-3-540-93900-9_27,10.1007/s10009-015-0373-2,10.1007/978-3-540-93900-9_27,10.1007/s10009-015-0373-2,10.1007/978-3-540-93900-9_27,062203120357-061403070942,2015-03-18,included,raw/cs099-citations-p0001-opencitations.json.gz
opencitations,CS099,S219,citations,doi:10.1007/978-3-642-11319-2_21->doi:10.1007/978-3-540-93900-9_27,doi:10.1007/978-3-642-11319-2_21,doi:10.1007/978-3-540-93900-9_27,10.1007/978-3-642-11319-2_21,10.1007/978-3-540-93900-9_27,10.1007/978-3-642-11319-2_21,10.1007/978-3-540-93900-9_27,062203060332-061403070942,2010,included,raw/cs099-citations-p0001-opencitations.json.gz
opencitations,CS099,S219,citations,doi:10.1145/3632924->doi:10.1007/978-3-540-93900-9_27,doi:10.1145/3632924,doi:10.1007/978-3-540-93900-9_27,10.1145/3632924,10.1007/978-3-540-93900-9_27,10.1145/3632924,10.1007/978-3-540-93900-9_27,062204192449-061403070942,2024-01-05,included,raw/cs099-citations-p0001-opencitations.json.gz
opencitations,CS099,S219,citations,doi:10.1109/tse.2012.82->doi:10.1007/978-3-540-93900-9_27,doi:10.1109/tse.2012.82,doi:10.1007/978-3-540-93900-9_27,10.1109/tse.2012.82,10.1007/978-3-540-93900-9_27,10.1109/tse.2012.82,10.1007/978-3-540-93900-9_27,062201957194-061403070942,2013-07,included,raw/cs099-citations-p0001-opencitations.json.gz
opencitations,CS099,S219,citations,doi:10.1145/3563337->doi:10.1007/978-3-540-93900-9_27,doi:10.1145/3563337,doi:10.1007/978-3-540-93900-9_27,10.1145/3563337,10.1007/978-3-540-93900-9_27,10.1145/3563337,10.1007/978-3-540-93900-9_27,061203551039-061403070942,2022-10-31,included,raw/cs099-citations-p0001-opencitations.json.gz
opencitations,CS099,S219,citations,doi:10.1007/978-3-319-66706-5_9->doi:10.1007/978-3-540-93900-9_27,doi:10.1007/978-3-319-66706-5_9,doi:10.1007/978-3-540-93900-9_27,10.1007/978-3-319-66706-5_9,10.1007/978-3-540-93900-9_27,10.1007/978-3-319-66706-5_9,10.1007/978-3-540-93900-9_27,06302630358-061403070942,2017,included,raw/cs099-citations-p0001-opencitations.json.gz
opencitations,CS099,S219,citations,doi:10.1109/tc.2012.248->doi:10.1007/978-3-540-93900-9_27,doi:10.1109/tc.2012.248,doi:10.1007/978-3-540-93900-9_27,10.1109/tc.2012.248,10.1007/978-3-540-93900-9_27,10.1109/tc.2012.248,10.1007/978-3-540-93900-9_27,061801337244-061403070942,2013-09,included,raw/cs099-citations-p0001-opencitations.json.gz
opencitations,CS099,S219,citations,doi:10.1145/3385412.3386029->doi:10.1007/978-3-540-93900-9_27,doi:10.1145/3385412.3386029,doi:10.1007/978-3-540-93900-9_27,10.1145/3385412.3386029,10.1007/978-3-540-93900-9_27,10.1145/3385412.3386029,10.1007/978-3-540-93900-9_27,06702087742-061403070942,2020-06-06,included,raw/cs099-citations-p0001-opencitations.json.gz
opencitations,CS099,S219,citations,doi:10.1145/1706299.1706305->doi:10.1007/978-3-540-93900-9_27,doi:10.1145/1706299.1706305,doi:10.1007/978-3-540-93900-9_27,10.1145/1706299.1706305,10.1007/978-3-540-93900-9_27,10.1145/1706299.1706305,10.1007/978-3-540-93900-9_27,06703590933-061403070942,2010,included,raw/cs099-citations-p0001-opencitations.json.gz
opencitations,CS099,S219,citations,doi:10.1007/978-3-662-48288-9_6->doi:10.1007/978-3-540-93900-9_27,doi:10.1007/978-3-662-48288-9_6,doi:10.1007/978-3-540-93900-9_27,10.1007/978-3-662-48288-9_6,10.1007/978-3-540-93900-9_27,10.1007/978-3-662-48288-9_6,10.1007/978-3-540-93900-9_27,06602813631-061403070942,2015,included,raw/cs099-citations-p0001-opencitations.json.gz
opencitations,CS099,S219,citations,doi:10.1145/1809028.1806634->doi:10.1007/978-3-540-93900-9_27,doi:10.1145/1809028.1806634,doi:10.1007/978-3-540-93900-9_27,10.1145/1809028.1806634,10.1007/978-3-540-93900-9_27,10.1145/1809028.1806634,10.1007/978-3-540-93900-9_27,0616094649-061403070942,2010-06-12,included,raw/cs099-citations-p0001-opencitations.json.gz
opencitations,CS099,S219,citations,doi:10.1007/978-3-642-11319-2_25->doi:10.1007/978-3-540-93900-9_27,doi:10.1007/978-3-642-11319-2_25,doi:10.1007/978-3-540-93900-9_27,10.1007/978-3-642-11319-2_25,10.1007/978-3-540-93900-9_27,10.1007/978-3-642-11319-2_25,10.1007/978-3-540-93900-9_27,062203060338-061403070942,2010,included,raw/cs099-citations-p0001-opencitations.json.gz
opencitations,CS099,S219,citations,doi:10.1007/978-3-662-53413-7_4->doi:10.1007/978-3-540-93900-9_27,doi:10.1007/978-3-662-53413-7_4,doi:10.1007/978-3-540-93900-9_27,10.1007/978-3-662-53413-7_4,10.1007/978-3-540-93900-9_27,10.1007/978-3-662-53413-7_4,10.1007/978-3-540-93900-9_27,06802460122-061403070942,2016,included,raw/cs099-citations-p0001-opencitations.json.gz
opencitations,CS099,S219,citations,doi:10.1145/1950365.1950377->doi:10.1007/978-3-540-93900-9_27,doi:10.1145/1950365.1950377,doi:10.1007/978-3-540-93900-9_27,10.1145/1950365.1950377,10.1007/978-3-540-93900-9_27,10.1145/1950365.1950377,10.1007/978-3-540-93900-9_27,062303845367-061403070942,2011,included,raw/cs099-citations-p0001-opencitations.json.gz
opencitations,CS099,S219,citations,doi:10.1145/1993498.1993545->doi:10.1007/978-3-540-93900-9_27,doi:10.1145/1993498.1993545,doi:10.1007/978-3-540-93900-9_27,10.1145/1993498.1993545,10.1007/978-3-540-93900-9_27,10.1145/1993498.1993545,10.1007/978-3-540-93900-9_27,062503131253-061403070942,2011,included,raw/cs099-citations-p0001-opencitations.json.gz
opencitations,CS099,S219,citations,doi:10.1007/978-3-642-05089-3_21->doi:10.1007/978-3-540-93900-9_27,doi:10.1007/978-3-642-05089-3_21,doi:10.1007/978-3-540-93900-9_27,10.1007/978-3-642-05089-3_21,10.1007/978-3-540-93900-9_27,10.1007/978-3-642-05089-3_21,10.1007/978-3-540-93900-9_27,062103015875-061403070942,2009,included,raw/cs099-citations-p0001-opencitations.json.gz
opencitations,CS099,S219,citations,doi:10.1093/logcom/exu032->doi:10.1007/978-3-540-93900-9_27,doi:10.1093/logcom/exu032,doi:10.1007/978-3-540-93900-9_27,10.1093/logcom/exu032,10.1007/978-3-540-93900-9_27,10.1093/logcom/exu032,10.1007/978-3-540-93900-9_27,06303755215-061403070942,2014-05-28,included,raw/cs099-citations-p0001-opencitations.json.gz
opencitations,CS099,S219,citations,doi:10.1007/978-3-031-37706-8_9->doi:10.1007/978-3-540-93900-9_27,doi:10.1007/978-3-031-37706-8_9,doi:10.1007/978-3-540-93900-9_27,10.1007/978-3-031-37706-8_9,10.1007/978-3-540-93900-9_27,10.1007/978-3-031-37706-8_9,10.1007/978-3-540-93900-9_27,062603979008-061403070942,2023,included,raw/cs099-citations-p0001-opencitations.json.gz
opencitations,CS099,S219,citations,doi:10.1007/978-3-662-49122-5_19->doi:10.1007/978-3-540-93900-9_27,doi:10.1007/978-3-662-49122-5_19,doi:10.1007/978-3-540-93900-9_27,10.1007/978-3-662-49122-5_19,10.1007/978-3-540-93900-9_27,10.1007/978-3-662-49122-5_19,10.1007/978-3-540-93900-9_27,06502603572-061403070942,2015-12-25,included,raw/cs099-citations-p0001-opencitations.json.gz
opencitations,CS099,S219,citations,doi:10.1007/978-3-319-19195-9_4->doi:10.1007/978-3-540-93900-9_27,doi:10.1007/978-3-319-19195-9_4,doi:10.1007/978-3-540-93900-9_27,10.1007/978-3-319-19195-9_4,10.1007/978-3-540-93900-9_27,10.1007/978-3-319-19195-9_4,10.1007/978-3-540-93900-9_27,061802602872-061403070942,2015,included,raw/cs099-citations-p0001-opencitations.json.gz
opencitations,CS099,S219,citations,doi:10.1145/3018743.3018749->doi:10.1007/978-3-540-93900-9_27,doi:10.1145/3018743.3018749,doi:10.1007/978-3-540-93900-9_27,10.1145/3018743.3018749,10.1007/978-3-540-93900-9_27,10.1145/3018743.3018749,10.1007/978-3-540-93900-9_27,06701903425-061403070942,2017-01-26,included,raw/cs099-citations-p0001-opencitations.json.gz
opencitations,CS099,S219,citations,doi:10.1145/1787275.1787286->doi:10.1007/978-3-540-93900-9_27,doi:10.1145/1787275.1787286,doi:10.1007/978-3-540-93900-9_27,10.1145/1787275.1787286,10.1007/978-3-540-93900-9_27,10.1145/1787275.1787286,10.1007/978-3-540-93900-9_27,06803588612-061403070942,2010,included,raw/cs099-citations-p0001-opencitations.json.gz
opencitations,CS099,S219,citations,doi:10.1007/s10703-021-00370-8->doi:10.1007/978-3-540-93900-9_27,doi:10.1007/s10703-021-00370-8,doi:10.1007/978-3-540-93900-9_27,10.1007/s10703-021-00370-8,10.1007/978-3-540-93900-9_27,10.1007/s10703-021-00370-8,10.1007/978-3-540-93900-9_27,0680344067-061403070942,2021-04-06,included,raw/cs099-citations-p0001-opencitations.json.gz
opencitations,CS099,S219,citations,doi:10.1007/978-3-642-41202-8_26->doi:10.1007/978-3-540-93900-9_27,doi:10.1007/978-3-642-41202-8_26,doi:10.1007/978-3-540-93900-9_27,10.1007/978-3-642-41202-8_26,10.1007/978-3-540-93900-9_27,10.1007/978-3-642-41202-8_26,10.1007/978-3-540-93900-9_27,062402680700-061403070942,2013,included,raw/cs099-citations-p0001-opencitations.json.gz
opencitations,CS099,S219,citations,doi:10.1007/978-3-031-44245-2_15->doi:10.1007/978-3-540-93900-9_27,doi:10.1007/978-3-031-44245-2_15,doi:10.1007/978-3-540-93900-9_27,10.1007/978-3-031-44245-2_15,10.1007/978-3-540-93900-9_27,10.1007/978-3-031-44245-2_15,10.1007/978-3-540-93900-9_27,06104638250-061403070942,2023,included,raw/cs099-citations-p0001-opencitations.json.gz
opencitations,CS099,S219,citations,doi:10.1007/978-3-642-02652-2_21->doi:10.1007/978-3-540-93900-9_27,doi:10.1007/978-3-642-02652-2_21,doi:10.1007/978-3-540-93900-9_27,10.1007/978-3-642-02652-2_21,10.1007/978-3-540-93900-9_27,10.1007/978-3-642-02652-2_21,10.1007/978-3-540-93900-9_27,061503089245-061403070942,2009,included,raw/cs099-citations-p0001-opencitations.json.gz
opencitations,CS099,S219,citations,doi:10.1007/978-3-642-10672-9_5->doi:10.1007/978-3-540-93900-9_27,doi:10.1007/978-3-642-10672-9_5,doi:10.1007/978-3-540-93900-9_27,10.1007/978-3-642-10672-9_5,10.1007/978-3-540-93900-9_27,10.1007/978-3-642-10672-9_5,10.1007/978-3-540-93900-9_27,06403458081-061403070942,2009,included,raw/cs099-citations-p0001-opencitations.json.gz
opencitations,CS099,S219,citations,doi:10.1007/978-3-642-39176-7_20->doi:10.1007/978-3-540-93900-9_27,doi:10.1007/978-3-642-39176-7_20,doi:10.1007/978-3-540-93900-9_27,10.1007/978-3-642-39176-7_20,10.1007/978-3-540-93900-9_27,10.1007/978-3-642-39176-7_20,10.1007/978-3-540-93900-9_27,06503112725-061403070942,2013,included,raw/cs099-citations-p0001-opencitations.json.gz
opencitations,CS099,S219,citations,doi:10.1145/2796550->doi:10.1007/978-3-540-93900-9_27,doi:10.1145/2796550,doi:10.1007/978-3-540-93900-9_27,10.1145/2796550,10.1007/978-3-540-93900-9_27,10.1145/2796550,10.1007/978-3-540-93900-9_27,062601631897-061403070942,2015-11-21,included,raw/cs099-citations-p0001-opencitations.json.gz
opencitations,CS099,S219,citations,doi:10.1007/978-3-642-14295-6_8->doi:10.1007/978-3-540-93900-9_27,doi:10.1007/978-3-642-14295-6_8,doi:10.1007/978-3-540-93900-9_27,10.1007/978-3-642-14295-6_8,10.1007/978-3-540-93900-9_27,10.1007/978-3-642-14295-6_8,10.1007/978-3-540-93900-9_27,061703036721-061403070942,2010,included,raw/cs099-citations-p0001-opencitations.json.gz
opencitations,CS099,S219,citations,doi:10.1145/1961296.1950377->doi:10.1007/978-3-540-93900-9_27,doi:10.1145/1961296.1950377,doi:10.1007/978-3-540-93900-9_27,10.1145/1961296.1950377,10.1007/978-3-540-93900-9_27,10.1145/1961296.1950377,10.1007/978-3-540-93900-9_27,0615094197-061403070942,2011-03-17,included,raw/cs099-citations-p0001-opencitations.json.gz
opencitations,CS099,S219,citations,doi:10.1109/ase.2013.6693061->doi:10.1007/978-3-540-93900-9_27,doi:10.1109/ase.2013.6693061,doi:10.1007/978-3-540-93900-9_27,10.1109/ase.2013.6693061,10.1007/978-3-540-93900-9_27,10.1109/ase.2013.6693061,10.1007/978-3-540-93900-9_27,062102894499-061403070942,2013-11,included,raw/cs099-citations-p0001-opencitations.json.gz
opencitations,CS099,S219,citations,doi:10.1145/3155284.3018749->doi:10.1007/978-3-540-93900-9_27,doi:10.1145/3155284.3018749,doi:10.1007/978-3-540-93900-9_27,10.1145/3155284.3018749,10.1007/978-3-540-93900-9_27,10.1145/3155284.3018749,10.1007/978-3-540-93900-9_27,0613091085-061403070942,2017-10-26,included,raw/cs099-citations-p0001-opencitations.json.gz
opencitations,CS099,S219,citations,doi:10.1007/978-3-540-69166-2_24->doi:10.1007/978-3-540-93900-9_27,doi:10.1007/978-3-540-69166-2_24,doi:10.1007/978-3-540-93900-9_27,10.1007/978-3-540-69166-2_24,10.1007/978-3-540-93900-9_27,10.1007/978-3-540-69166-2_24,10.1007/978-3-540-93900-9_27,06303552169-061403070942,,unknown-date,raw/cs099-citations-p0001-opencitations.json.gz
opencitations,CS099,S219,citations,doi:10.1007/978-3-642-27940-9_1->doi:10.1007/978-3-540-93900-9_27,doi:10.1007/978-3-642-27940-9_1,doi:10.1007/978-3-540-93900-9_27,10.1007/978-3-642-27940-9_1,10.1007/978-3-540-93900-9_27,10.1007/978-3-642-27940-9_1,10.1007/978-3-540-93900-9_27,06403222845-061403070942,2012,included,raw/cs099-citations-p0001-opencitations.json.gz
opencitations,CS099,S219,citations,doi:10.1007/s10009-016-0415-4->doi:10.1007/978-3-540-93900-9_27,doi:10.1007/s10009-016-0415-4,doi:10.1007/978-3-540-93900-9_27,10.1007/s10009-016-0415-4,10.1007/978-3-540-93900-9_27,10.1007/s10009-016-0415-4,10.1007/978-3-540-93900-9_27,062203120313-061403070942,2016-03-16,included,raw/cs099-citations-p0001-opencitations.json.gz
opencitations,CS099,S219,citations,doi:10.1145/1707801.1706305->doi:10.1007/978-3-540-93900-9_27,doi:10.1145/1707801.1706305,doi:10.1007/978-3-540-93900-9_27,10.1145/1707801.1706305,10.1007/978-3-540-93900-9_27,10.1145/1707801.1706305,10.1007/978-3-540-93900-9_27,0616094731-061403070942,2010-01-02,included,raw/cs099-citations-p0001-opencitations.json.gz
opencitations,CS099,S219,citations,doi:10.1007/s10009-015-0369-y->doi:10.1007/978-3-540-93900-9_27,doi:10.1007/s10009-015-0369-y,doi:10.1007/978-3-540-93900-9_27,10.1007/s10009-015-0369-y,10.1007/978-3-540-93900-9_27,10.1007/s10009-015-0369-y,10.1007/978-3-540-93900-9_27,062203120361-061403070942,2015-02-15,included,raw/cs099-citations-p0001-opencitations.json.gz
opencitations,CS099,S219,citations,doi:10.1007/978-3-642-12002-2_25->doi:10.1007/978-3-540-93900-9_27,doi:10.1007/978-3-642-12002-2_25,doi:10.1007/978-3-540-93900-9_27,10.1007/978-3-642-12002-2_25,10.1007/978-3-540-93900-9_27,10.1007/978-3-642-12002-2_25,10.1007/978-3-540-93900-9_27,061703036202-061403070942,2010,included,raw/cs099-citations-p0001-opencitations.json.gz
opencitations,CS099,S219,citations,doi:10.1007/978-3-642-40184-8_18->doi:10.1007/978-3-540-93900-9_27,doi:10.1007/978-3-642-40184-8_18,doi:10.1007/978-3-540-93900-9_27,10.1007/978-3-642-40184-8_18,10.1007/978-3-540-93900-9_27,10.1007/978-3-642-40184-8_18,10.1007/978-3-540-93900-9_27,062102665341-061403070942,2013,included,raw/cs099-citations-p0001-opencitations.json.gz
opencitations,CS099,S219,citations,doi:10.1145/3371136->doi:10.1007/978-3-540-93900-9_27,doi:10.1145/3371136,doi:10.1007/978-3-540-93900-9_27,10.1145/3371136,10.1007/978-3-540-93900-9_27,10.1145/3371136,10.1007/978-3-540-93900-9_27,06202297117-061403070942,2020-01,included,raw/cs099-citations-p0001-opencitations.json.gz
opencitations,CS099,S219,citations,doi:10.1145/1835698.1835722->doi:10.1007/978-3-540-93900-9_27,doi:10.1145/1835698.1835722,doi:10.1007/978-3-540-93900-9_27,10.1145/1835698.1835722,10.1007/978-3-540-93900-9_27,10.1145/1835698.1835722,10.1007/978-3-540-93900-9_27,061703185906-061403070942,2010,included,raw/cs099-citations-p0001-opencitations.json.gz
opencitations,CS099,S219,citations,doi:10.1007/978-3-642-39176-7_3->doi:10.1007/978-3-540-93900-9_27,doi:10.1007/978-3-642-39176-7_3,doi:10.1007/978-3-540-93900-9_27,10.1007/978-3-642-39176-7_3,10.1007/978-3-540-93900-9_27,10.1007/978-3-642-39176-7_3,10.1007/978-3-540-93900-9_27,06503112724-061403070942,2013,included,raw/cs099-citations-p0001-opencitations.json.gz
opencitations,CS099,S219,citations,doi:10.1145/1985793.1986037->doi:10.1007/978-3-540-93900-9_27,doi:10.1145/1985793.1986037,doi:10.1007/978-3-540-93900-9_27,10.1145/1985793.1986037,10.1007/978-3-540-93900-9_27,10.1145/1985793.1986037,10.1007/978-3-540-93900-9_27,062203139868-061403070942,2011-05-21,included,raw/cs099-citations-p0001-opencitations.json.gz
opencitations,CS099,S219,citations,doi:10.1109/acsd.2009.10->doi:10.1007/978-3-540-93900-9_27,doi:10.1109/acsd.2009.10,doi:10.1007/978-3-540-93900-9_27,10.1109/acsd.2009.10,10.1007/978-3-540-93900-9_27,10.1109/acsd.2009.10,10.1007/978-3-540-93900-9_27,06502008145-061403070942,2009-07,included,raw/cs099-citations-p0001-opencitations.json.gz
opencitations,CS099,S219,citations,doi:10.1007/978-3-319-63390-9_28->doi:10.1007/978-3-540-93900-9_27,doi:10.1007/978-3-319-63390-9_28,doi:10.1007/978-3-540-93900-9_27,10.1007/978-3-319-63390-9_28,10.1007/978-3-540-93900-9_27,10.1007/978-3-319-63390-9_28,10.1007/978-3-540-93900-9_27,06302631836-061403070942,2017,included,raw/cs099-citations-p0001-opencitations.json.gz
opencitations,CS099,S219,citations,doi:10.1007/978-3-642-31759-0_15->doi:10.1007/978-3-540-93900-9_27,doi:10.1007/978-3-642-31759-0_15,doi:10.1007/978-3-540-93900-9_27,10.1007/978-3-642-31759-0_15,10.1007/978-3-540-93900-9_27,10.1007/978-3-642-31759-0_15,10.1007/978-3-540-93900-9_27,061402744406-061403070942,2012,included,raw/cs099-citations-p0001-opencitations.json.gz
opencitations,CS099,S219,citations,doi:10.1145/3704906->doi:10.1007/978-3-540-93900-9_27,doi:10.1145/3704906,doi:10.1007/978-3-540-93900-9_27,10.1145/3704906,10.1007/978-3-540-93900-9_27,10.1145/3704906,10.1007/978-3-540-93900-9_27,0605577529-061403070942,2025-01-07,included,raw/cs099-citations-p0001-opencitations.json.gz
opencitations,CS099,S219,citations,doi:10.1007/978-3-642-36742-7_23->doi:10.1007/978-3-540-93900-9_27,doi:10.1007/978-3-642-36742-7_23,doi:10.1007/978-3-540-93900-9_27,10.1007/978-3-642-36742-7_23,10.1007/978-3-540-93900-9_27,10.1007/978-3-642-36742-7_23,10.1007/978-3-540-93900-9_27,061302718148-061403070942,2013,included,raw/cs099-citations-p0001-opencitations.json.gz
opencitations,CS099,S219,citations,doi:10.1145/1806596.1806634->doi:10.1007/978-3-540-93900-9_27,doi:10.1145/1806596.1806634,doi:10.1007/978-3-540-93900-9_27,10.1145/1806596.1806634,10.1007/978-3-540-93900-9_27,10.1145/1806596.1806634,10.1007/978-3-540-93900-9_27,061103187976-061403070942,2010,included,raw/cs099-citations-p0001-opencitations.json.gz
opencitations,CS099,S219,citations,doi:10.1007/978-3-319-68690-5_7->doi:10.1007/978-3-540-93900-9_27,doi:10.1007/978-3-319-68690-5_7,doi:10.1007/978-3-540-93900-9_27,10.1007/978-3-319-68690-5_7,10.1007/978-3-540-93900-9_27,10.1007/978-3-319-68690-5_7,10.1007/978-3-540-93900-9_27,06902266154-061403070942,2017,included,raw/cs099-citations-p0001-opencitations.json.gz
opencitations,CS099,S219,citations,doi:10.1145/1745312.1745315->doi:10.1007/978-3-540-93900-9_27,doi:10.1145/1745312.1745315,doi:10.1007/978-3-540-93900-9_27,10.1145/1745312.1745315,10.1007/978-3-540-93900-9_27,10.1145/1745312.1745315,10.1007/978-3-540-93900-9_27,06602632677-061403070942,2010-05,included,raw/cs099-citations-p0001-opencitations.json.gz
opencitations,CS099,S219,citations,doi:10.1007/978-3-030-44914-8_11->doi:10.1007/978-3-540-93900-9_27,doi:10.1007/978-3-030-44914-8_11,doi:10.1007/978-3-540-93900-9_27,10.1007/978-3-030-44914-8_11,10.1007/978-3-540-93900-9_27,10.1007/978-3-030-44914-8_11,10.1007/978-3-540-93900-9_27,062101997306-061403070942,2020,included,raw/cs099-citations-p0001-opencitations.json.gz
opencitations,CS099,S219,citations,doi:10.1145/3158125->doi:10.1007/978-3-540-93900-9_27,doi:10.1145/3158125,doi:10.1007/978-3-540-93900-9_27,10.1145/3158125,10.1007/978-3-540-93900-9_27,10.1145/3158125,10.1007/978-3-540-93900-9_27,06202297497-061403070942,2018-01,included,raw/cs099-citations-p0001-opencitations.json.gz
opencitations,CS099,S219,citations,doi:10.1145/1993316.1993545->doi:10.1007/978-3-540-93900-9_27,doi:10.1145/1993316.1993545,doi:10.1007/978-3-540-93900-9_27,10.1145/1993316.1993545,10.1007/978-3-540-93900-9_27,10.1145/1993316.1993545,10.1007/978-3-540-93900-9_27,0615094145-061403070942,2011-06-04,included,raw/cs099-citations-p0001-opencitations.json.gz
opencitations,CS099,S219,citations,doi:10.1007/978-3-319-42089-9_20->doi:10.1007/978-3-540-93900-9_27,doi:10.1007/978-3-319-42089-9_20,doi:10.1007/978-3-540-93900-9_27,10.1007/978-3-319-42089-9_20,10.1007/978-3-540-93900-9_27,10.1007/978-3-319-42089-9_20,10.1007/978-3-540-93900-9_27,061202416068-061403070942,2016,included,raw/cs099-citations-p0001-opencitations.json.gz
opencitations,CS099,S219,citations,doi:10.1007/s00236-015-0222-5->doi:10.1007/978-3-540-93900-9_27,doi:10.1007/s00236-015-0222-5,doi:10.1007/978-3-540-93900-9_27,10.1007/s00236-015-0222-5,10.1007/978-3-540-93900-9_27,10.1007/s00236-015-0222-5,10.1007/978-3-540-93900-9_27,06701584919-061403070942,2015-02-25,included,raw/cs099-citations-p0001-opencitations.json.gz
opencitations,CS099,S219,citations,doi:10.1145/3485490->doi:10.1007/978-3-540-93900-9_27,doi:10.1145/3485490,doi:10.1007/978-3-540-93900-9_27,10.1145/3485490,10.1007/978-3-540-93900-9_27,10.1145/3485490,10.1007/978-3-540-93900-9_27,06202296786-061403070942,2021-10-20,included,raw/cs099-citations-p0001-opencitations.json.gz
opencitations,CS099,S219,citations,doi:10.4230/lipics.disc.2022.5->doi:10.1007/978-3-540-93900-9_27,doi:10.4230/lipics.disc.2022.5,doi:10.1007/978-3-540-93900-9_27,10.4230/lipics.disc.2022.5,10.1007/978-3-540-93900-9_27,10.4230/lipics.disc.2022.5,10.1007/978-3-540-93900-9_27,061103851177-061403070942,2022,included,raw/cs099-citations-p0001-opencitations.json.gz
opencitations,CS100,S220,references,doi:10.1007/978-3-642-14295-6_40->doi:10.1007/978-3-642-14295-6_40,doi:10.1007/978-3-642-14295-6_40,doi:10.1007/978-3-642-14295-6_40,10.1007/978-3-642-14295-6_40,10.1007/978-3-642-14295-6_40,10.1007/978-3-642-14295-6_40,10.1007/978-3-642-14295-6_40,061703036727-061703036727,2010,included,raw/cs100-references-p0001-opencitations.json.gz
opencitations,CS100,S220,references,doi:10.1007/978-3-642-14295-6_40->doi:10.1007/978-3-540-93900-9_27,doi:10.1007/978-3-642-14295-6_40,doi:10.1007/978-3-540-93900-9_27,10.1007/978-3-642-14295-6_40,10.1007/978-3-540-93900-9_27,10.1007/978-3-642-14295-6_40,10.1007/978-3-540-93900-9_27,061703036727-061403070942,2010,included,raw/cs100-references-p0001-opencitations.json.gz
opencitations,CS100,S220,references,doi:10.1007/978-3-642-14295-6_40->doi:10.1007/3-540-36108-1_18,doi:10.1007/978-3-642-14295-6_40,doi:10.1007/3-540-36108-1_18,10.1007/978-3-642-14295-6_40,10.1007/3-540-36108-1_18,10.1007/978-3-642-14295-6_40,10.1007/3-540-36108-1_18,061703036727-06203526504,2010,included,raw/cs100-references-p0001-opencitations.json.gz
opencitations,CS100,S220,references,doi:10.1007/978-3-642-14295-6_40->doi:10.1007/978-3-540-70545-1_37,doi:10.1007/978-3-642-14295-6_40,doi:10.1007/978-3-540-70545-1_37,10.1007/978-3-642-14295-6_40,10.1007/978-3-540-70545-1_37,10.1007/978-3-642-14295-6_40,10.1007/978-3-540-70545-1_37,061703036727-06803506974,2010,included,raw/cs100-references-p0001-opencitations.json.gz
opencitations,CS100,S220,references,doi:10.1007/978-3-642-14295-6_40->doi:10.1016/0304-3975(91)90224-p,doi:10.1007/978-3-642-14295-6_40,doi:10.1016/0304-3975(91)90224-p,10.1007/978-3-642-14295-6_40,10.1016/0304-3975(91)90224-p,10.1007/978-3-642-14295-6_40,10.1016/0304-3975(91)90224-p,061703036727-06240781465,2010,included,raw/cs100-references-p0001-opencitations.json.gz
opencitations,CS100,S220,references,doi:10.1007/978-3-642-14295-6_40->doi:10.1007/978-3-540-73368-3_49,doi:10.1007/978-3-642-14295-6_40,doi:10.1007/978-3-540-73368-3_49,10.1007/978-3-642-14295-6_40,10.1007/978-3-540-73368-3_49,10.1007/978-3-642-14295-6_40,10.1007/978-3-540-73368-3_49,061703036727-061503105533,2010,included,raw/cs100-references-p0001-opencitations.json.gz
opencitations,CS100,S220,references,doi:10.1007/978-3-642-14295-6_40->doi:10.1145/1065010.1065015,doi:10.1007/978-3-642-14295-6_40,doi:10.1145/1065010.1065015,10.1007/978-3-642-14295-6_40,10.1145/1065010.1065015,10.1007/978-3-642-14295-6_40,10.1145/1065010.1065015,061703036727-061403340270,2010,included,raw/cs100-references-p0001-opencitations.json.gz
opencitations,CS100,S220,references,doi:10.1007/978-3-642-14295-6_40->doi:10.1145/1007912.1007944,doi:10.1007/978-3-642-14295-6_40,doi:10.1145/1007912.1007944,10.1007/978-3-642-14295-6_40,10.1145/1007912.1007944,10.1007/978-3-642-14295-6_40,10.1145/1007912.1007944,061703036727-062503363126,2010,included,raw/cs100-references-p0001-opencitations.json.gz
opencitations,CS100,S220,references,doi:10.1007/978-3-642-14295-6_40->doi:10.1007/978-3-642-11319-2_25,doi:10.1007/978-3-642-14295-6_40,doi:10.1007/978-3-642-11319-2_25,10.1007/978-3-642-14295-6_40,10.1007/978-3-642-11319-2_25,10.1007/978-3-642-14295-6_40,10.1007/978-3-642-11319-2_25,061703036727-062203060338,2010,included,raw/cs100-references-p0001-opencitations.json.gz
opencitations,CS100,S220,references,doi:10.1007/978-3-642-14295-6_40->doi:10.1007/978-3-642-05089-3_21,doi:10.1007/978-3-642-14295-6_40,doi:10.1007/978-3-642-05089-3_21,10.1007/978-3-642-14295-6_40,10.1007/978-3-642-05089-3_21,10.1007/978-3-642-14295-6_40,10.1007/978-3-642-05089-3_21,061703036727-062103015875,2010,included,raw/cs100-references-p0001-opencitations.json.gz
opencitations,CS100,S220,references,doi:10.1007/978-3-642-14295-6_40->doi:10.1109/tse.2005.47,doi:10.1007/978-3-642-14295-6_40,doi:10.1109/tse.2005.47,10.1007/978-3-642-14295-6_40,10.1109/tse.2005.47,10.1007/978-3-642-14295-6_40,10.1109/tse.2005.47,061703036727-062401956933,2010,included,raw/cs100-references-p0001-opencitations.json.gz
opencitations,CS100,S220,references,doi:10.1007/978-3-642-14295-6_40->doi:10.1145/1375581.1375598,doi:10.1007/978-3-642-14295-6_40,doi:10.1145/1375581.1375598,10.1007/978-3-642-14295-6_40,10.1145/1375581.1375598,10.1007/978-3-642-14295-6_40,10.1145/1375581.1375598,061703036727-06102026277,2010,included,raw/cs100-references-p0001-opencitations.json.gz
opencitations,CS100,S220,references,doi:10.1007/978-3-642-14295-6_40->doi:10.1007/978-3-642-00590-9_19,doi:10.1007/978-3-642-14295-6_40,doi:10.1007/978-3-642-00590-9_19,10.1007/978-3-642-14295-6_40,10.1007/978-3-642-00590-9_19,10.1007/978-3-642-14295-6_40,10.1007/978-3-642-00590-9_19,061703036727-062603098710,2010,included,raw/cs100-references-p0001-opencitations.json.gz
opencitations,CS100,S220,references,doi:10.1007/978-3-642-14295-6_40->doi:10.1145/292540.292552,doi:10.1007/978-3-642-14295-6_40,doi:10.1145/292540.292552,10.1007/978-3-642-14295-6_40,10.1145/292540.292552,10.1007/978-3-642-14295-6_40,10.1145/292540.292552,061703036727-061103405226,2010,included,raw/cs100-references-p0001-opencitations.json.gz
opencitations,CS100,S220,references,doi:10.1007/978-3-642-14295-6_40->doi:10.1007/978-3-540-30232-2_7,doi:10.1007/978-3-642-14295-6_40,doi:10.1007/978-3-540-30232-2_7,10.1007/978-3-642-14295-6_40,10.1007/978-3-540-30232-2_7,10.1007/978-3-642-14295-6_40,10.1007/978-3-540-30232-2_7,061703036727-06303043890,2010,included,raw/cs100-references-p0001-opencitations.json.gz
opencitations,CS100,S220,references,doi:10.1007/978-3-642-14295-6_40->doi:10.1145/78969.78972,doi:10.1007/978-3-642-14295-6_40,doi:10.1145/78969.78972,10.1007/978-3-642-14295-6_40,10.1145/78969.78972,10.1007/978-3-642-14295-6_40,10.1145/78969.78972,061703036727-06702614122,2010,included,raw/cs100-references-p0001-opencitations.json.gz
opencitations,CS100,S220,citations,doi:10.1007/978-3-642-14295-6_40->doi:10.1007/978-3-642-14295-6_40,doi:10.1007/978-3-642-14295-6_40,doi:10.1007/978-3-642-14295-6_40,10.1007/978-3-642-14295-6_40,10.1007/978-3-642-14295-6_40,10.1007/978-3-642-14295-6_40,10.1007/978-3-642-14295-6_40,061703036727-061703036727,2010,included,raw/cs100-citations-p0001-opencitations.json.gz
opencitations,CS100,S220,citations,doi:10.1007/978-3-642-40184-8_16->doi:10.1007/978-3-642-14295-6_40,doi:10.1007/978-3-642-40184-8_16,doi:10.1007/978-3-642-14295-6_40,10.1007/978-3-642-40184-8_16,10.1007/978-3-642-14295-6_40,10.1007/978-3-642-40184-8_16,10.1007/978-3-642-14295-6_40,062102665322-061703036727,2013,included,raw/cs100-citations-p0001-opencitations.json.gz
opencitations,CS100,S220,citations,doi:10.1145/3428196->doi:10.1007/978-3-642-14295-6_40,doi:10.1145/3428196,doi:10.1007/978-3-642-14295-6_40,10.1145/3428196,10.1007/978-3-642-14295-6_40,10.1145/3428196,10.1007/978-3-642-14295-6_40,06202296976-061703036727,2020-11-13,included,raw/cs100-citations-p0001-opencitations.json.gz
opencitations,CS100,S220,citations,doi:10.1145/2983990.2983999->doi:10.1007/978-3-642-14295-6_40,doi:10.1145/2983990.2983999,doi:10.1007/978-3-642-14295-6_40,10.1145/2983990.2983999,10.1007/978-3-642-14295-6_40,10.1145/2983990.2983999,10.1007/978-3-642-14295-6_40,061402461650-061703036727,2016-10-19,included,raw/cs100-citations-p0001-opencitations.json.gz
opencitations,CS100,S220,citations,doi:10.1007/978-3-030-39322-9_19->doi:10.1007/978-3-642-14295-6_40,doi:10.1007/978-3-030-39322-9_19,doi:10.1007/978-3-642-14295-6_40,10.1007/978-3-030-39322-9_19,10.1007/978-3-642-14295-6_40,10.1007/978-3-030-39322-9_19,10.1007/978-3-642-14295-6_40,06302416341-061703036727,2020,included,raw/cs100-citations-p0001-opencitations.json.gz
opencitations,CS100,S220,citations,doi:10.1007/978-3-031-98668-0_3->doi:10.1007/978-3-642-14295-6_40,doi:10.1007/978-3-031-98668-0_3,doi:10.1007/978-3-642-14295-6_40,10.1007/978-3-031-98668-0_3,10.1007/978-3-642-14295-6_40,10.1007/978-3-031-98668-0_3,10.1007/978-3-642-14295-6_40,06010958481-061703036727,2025,included,raw/cs100-citations-p0001-opencitations.json.gz
opencitations,CS100,S220,citations,doi:10.1007/978-3-319-22969-0_6->doi:10.1007/978-3-642-14295-6_40,doi:10.1007/978-3-319-22969-0_6,doi:10.1007/978-3-642-14295-6_40,10.1007/978-3-319-22969-0_6,10.1007/978-3-642-14295-6_40,10.1007/978-3-319-22969-0_6,10.1007/978-3-642-14295-6_40,06503018500-061703036727,2015,included,raw/cs100-citations-p0001-opencitations.json.gz
opencitations,CS100,S220,citations,doi:10.1145/1926385.1926417->doi:10.1007/978-3-642-14295-6_40,doi:10.1145/1926385.1926417,doi:10.1007/978-3-642-14295-6_40,10.1145/1926385.1926417,10.1007/978-3-642-14295-6_40,10.1145/1926385.1926417,10.1007/978-3-642-14295-6_40,061503155782-061703036727,2011,included,raw/cs100-citations-p0001-opencitations.json.gz
opencitations,CS100,S220,citations,doi:10.1007/s00607-018-0596-7->doi:10.1007/978-3-642-14295-6_40,doi:10.1007/s00607-018-0596-7,doi:10.1007/978-3-642-14295-6_40,10.1007/s00607-018-0596-7,10.1007/978-3-642-14295-6_40,10.1007/s00607-018-0596-7,10.1007/978-3-642-14295-6_40,06601611331-061703036727,2018-03-01,included,raw/cs100-citations-p0001-opencitations.json.gz
opencitations,CS100,S220,citations,doi:10.1145/3293883.3295726->doi:10.1007/978-3-642-14295-6_40,doi:10.1145/3293883.3295726,doi:10.1007/978-3-642-14295-6_40,10.1145/3293883.3295726,10.1007/978-3-642-14295-6_40,10.1145/3293883.3295726,10.1007/978-3-642-14295-6_40,061802301032-061703036727,2019-02-16,included,raw/cs100-citations-p0001-opencitations.json.gz
opencitations,CS100,S220,citations,doi:10.1145/2629496->doi:10.1007/978-3-642-14295-6_40,doi:10.1145/2629496,doi:10.1007/978-3-642-14295-6_40,10.1145/2629496,10.1007/978-3-642-14295-6_40,10.1145/2629496,10.1007/978-3-642-14295-6_40,061502741006-061703036727,2014-08,included,raw/cs100-citations-p0001-opencitations.json.gz
opencitations,CS100,S220,citations,doi:10.1109/tse.2012.82->doi:10.1007/978-3-642-14295-6_40,doi:10.1109/tse.2012.82,doi:10.1007/978-3-642-14295-6_40,10.1109/tse.2012.82,10.1007/978-3-642-14295-6_40,10.1109/tse.2012.82,10.1007/978-3-642-14295-6_40,062201957194-061703036727,2013-07,included,raw/cs100-citations-p0001-opencitations.json.gz
opencitations,CS100,S220,citations,doi:10.1145/2813885.2737983->doi:10.1007/978-3-642-14295-6_40,doi:10.1145/2813885.2737983,doi:10.1007/978-3-642-14295-6_40,10.1145/2813885.2737983,10.1007/978-3-642-14295-6_40,10.1145/2813885.2737983,10.1007/978-3-642-14295-6_40,0614090636-061703036727,2015-08-07,included,raw/cs100-citations-p0001-opencitations.json.gz
opencitations,CS100,S220,citations,doi:10.1007/978-3-642-54833-8_17->doi:10.1007/978-3-642-14295-6_40,doi:10.1007/978-3-642-54833-8_17,doi:10.1007/978-3-642-14295-6_40,10.1007/978-3-642-54833-8_17,10.1007/978-3-642-14295-6_40,10.1007/978-3-642-54833-8_17,10.1007/978-3-642-14295-6_40,062302661855-061703036727,2014,included,raw/cs100-citations-p0001-opencitations.json.gz
opencitations,CS100,S220,citations,doi:10.1007/978-3-031-33163-3_6->doi:10.1007/978-3-642-14295-6_40,doi:10.1007/978-3-031-33163-3_6,doi:10.1007/978-3-642-14295-6_40,10.1007/978-3-031-33163-3_6,10.1007/978-3-642-14295-6_40,10.1007/978-3-031-33163-3_6,10.1007/978-3-642-14295-6_40,06290193790-061703036727,2023,included,raw/cs100-citations-p0001-opencitations.json.gz
opencitations,CS100,S220,citations,doi:10.1145/3563337->doi:10.1007/978-3-642-14295-6_40,doi:10.1145/3563337,doi:10.1007/978-3-642-14295-6_40,10.1145/3563337,10.1007/978-3-642-14295-6_40,10.1145/3563337,10.1007/978-3-642-14295-6_40,061203551039-061703036727,2022-10-31,included,raw/cs100-citations-p0001-opencitations.json.gz
opencitations,CS100,S220,citations,doi:10.1007/978-3-319-66706-5_9->doi:10.1007/978-3-642-14295-6_40,doi:10.1007/978-3-319-66706-5_9,doi:10.1007/978-3-642-14295-6_40,10.1007/978-3-319-66706-5_9,10.1007/978-3-642-14295-6_40,10.1007/978-3-319-66706-5_9,10.1007/978-3-642-14295-6_40,06302630358-061703036727,2017,included,raw/cs100-citations-p0001-opencitations.json.gz
opencitations,CS100,S220,citations,doi:10.1007/978-3-319-21668-3_1->doi:10.1007/978-3-642-14295-6_40,doi:10.1007/978-3-319-21668-3_1,doi:10.1007/978-3-642-14295-6_40,10.1007/978-3-319-21668-3_1,10.1007/978-3-642-14295-6_40,10.1007/978-3-319-21668-3_1,10.1007/978-3-642-14295-6_40,062102590921-061703036727,2015,included,raw/cs100-citations-p0001-opencitations.json.gz
opencitations,CS100,S220,citations,doi:10.1145/3656384->doi:10.1007/978-3-642-14295-6_40,doi:10.1145/3656384,doi:10.1007/978-3-642-14295-6_40,10.1145/3656384,10.1007/978-3-642-14295-6_40,10.1145/3656384,10.1007/978-3-642-14295-6_40,062404381372-061703036727,2024-06-20,included,raw/cs100-citations-p0001-opencitations.json.gz
opencitations,CS100,S220,citations,doi:10.1002/cpe.3928->doi:10.1007/978-3-642-14295-6_40,doi:10.1002/cpe.3928,doi:10.1007/978-3-642-14295-6_40,10.1002/cpe.3928,10.1007/978-3-642-14295-6_40,10.1002/cpe.3928,10.1007/978-3-642-14295-6_40,06240944129-061703036727,2016-12-20,included,raw/cs100-citations-p0001-opencitations.json.gz
opencitations,CS100,S220,citations,doi:10.14279/tuj.eceasst.66.889->doi:10.1007/978-3-642-14295-6_40,doi:10.14279/tuj.eceasst.66.889,doi:10.1007/978-3-642-14295-6_40,10.14279/tuj.eceasst.66.889,10.1007/978-3-642-14295-6_40,10.14279/tuj.eceasst.66.889,10.1007/978-3-642-14295-6_40,06803985571-061703036727,2014-02-10,included,raw/cs100-citations-p0001-opencitations.json.gz
opencitations,CS100,S220,citations,doi:10.1007/978-3-030-85315-0_4->doi:10.1007/978-3-642-14295-6_40,doi:10.1007/978-3-030-85315-0_4,doi:10.1007/978-3-642-14295-6_40,10.1007/978-3-030-85315-0_4,10.1007/978-3-642-14295-6_40,10.1007/978-3-030-85315-0_4,10.1007/978-3-642-14295-6_40,061701680949-061703036727,2021,included,raw/cs100-citations-p0001-opencitations.json.gz
opencitations,CS100,S220,citations,doi:10.1007/978-3-662-47666-6_8->doi:10.1007/978-3-642-14295-6_40,doi:10.1007/978-3-662-47666-6_8,doi:10.1007/978-3-642-14295-6_40,10.1007/978-3-662-47666-6_8,10.1007/978-3-642-14295-6_40,10.1007/978-3-662-47666-6_8,10.1007/978-3-642-14295-6_40,06603021726-061703036727,2015,included,raw/cs100-citations-p0001-opencitations.json.gz
opencitations,CS100,S220,citations,doi:10.1007/978-3-319-98938-9_7->doi:10.1007/978-3-642-14295-6_40,doi:10.1007/978-3-319-98938-9_7,doi:10.1007/978-3-642-14295-6_40,10.1007/978-3-319-98938-9_7,10.1007/978-3-642-14295-6_40,10.1007/978-3-319-98938-9_7,10.1007/978-3-642-14295-6_40,06202526770-061703036727,2018,included,raw/cs100-citations-p0001-opencitations.json.gz
opencitations,CS100,S220,citations,doi:10.1145/2737924.2737983->doi:10.1007/978-3-642-14295-6_40,doi:10.1145/2737924.2737983,doi:10.1007/978-3-642-14295-6_40,10.1145/2737924.2737983,10.1007/978-3-642-14295-6_40,10.1145/2737924.2737983,10.1007/978-3-642-14295-6_40,062502531891-061703036727,2015-06-03,included,raw/cs100-citations-p0001-opencitations.json.gz
opencitations,CS100,S220,citations,doi:10.1007/978-3-662-53413-7_4->doi:10.1007/978-3-642-14295-6_40,doi:10.1007/978-3-662-53413-7_4,doi:10.1007/978-3-642-14295-6_40,10.1007/978-3-662-53413-7_4,10.1007/978-3-642-14295-6_40,10.1007/978-3-662-53413-7_4,10.1007/978-3-642-14295-6_40,06802460122-061703036727,2016,included,raw/cs100-citations-p0001-opencitations.json.gz
opencitations,CS100,S220,citations,doi:10.1007/978-3-030-25543-5_30->doi:10.1007/978-3-642-14295-6_40,doi:10.1007/978-3-030-25543-5_30,doi:10.1007/978-3-642-14295-6_40,10.1007/978-3-030-25543-5_30,10.1007/978-3-642-14295-6_40,10.1007/978-3-030-25543-5_30,10.1007/978-3-642-14295-6_40,061102097857-061703036727,2019,included,raw/cs100-citations-p0001-opencitations.json.gz
opencitations,CS100,S220,citations,doi:10.1145/2851613.2851774->doi:10.1007/978-3-642-14295-6_40,doi:10.1145/2851613.2851774,doi:10.1007/978-3-642-14295-6_40,10.1145/2851613.2851774,10.1007/978-3-642-14295-6_40,10.1145/2851613.2851774,10.1007/978-3-642-14295-6_40,06401942468-061703036727,2016-04-04,included,raw/cs100-citations-p0001-opencitations.json.gz
opencitations,CS100,S220,citations,doi:10.1007/s11432-016-9062-x->doi:10.1007/978-3-642-14295-6_40,doi:10.1007/s11432-016-9062-x,doi:10.1007/978-3-642-14295-6_40,10.1007/s11432-016-9062-x,10.1007/978-3-642-14295-6_40,10.1007/s11432-016-9062-x,10.1007/978-3-642-14295-6_40,062502058098-061703036727,2017-09-01,included,raw/cs100-citations-p0001-opencitations.json.gz
opencitations,CS100,S220,citations,doi:10.1007/s10009-017-0460-7->doi:10.1007/978-3-642-14295-6_40,doi:10.1007/s10009-017-0460-7,doi:10.1007/978-3-642-14295-6_40,10.1007/s10009-017-0460-7,10.1007/978-3-642-14295-6_40,10.1007/s10009-017-0460-7,10.1007/978-3-642-14295-6_40,062203120271-061703036727,2017-06-09,included,raw/cs100-citations-p0001-opencitations.json.gz
opencitations,CS100,S220,citations,doi:10.1007/978-3-319-10181-1_22->doi:10.1007/978-3-642-14295-6_40,doi:10.1007/978-3-319-10181-1_22,doi:10.1007/978-3-642-14295-6_40,10.1007/978-3-319-10181-1_22,10.1007/978-3-642-14295-6_40,10.1007/978-3-319-10181-1_22,10.1007/978-3-642-14295-6_40,061902645667-061703036727,2014,included,raw/cs100-citations-p0001-opencitations.json.gz
opencitations,CS100,S220,citations,doi:10.1007/978-3-319-91908-9_18->doi:10.1007/978-3-642-14295-6_40,doi:10.1007/978-3-319-91908-9_18,doi:10.1007/978-3-642-14295-6_40,10.1007/978-3-319-91908-9_18,10.1007/978-3-642-14295-6_40,10.1007/978-3-319-91908-9_18,10.1007/978-3-642-14295-6_40,06402576202-061703036727,2019,included,raw/cs100-citations-p0001-opencitations.json.gz
opencitations,CS100,S220,citations,doi:10.1145/2491956.2462189->doi:10.1007/978-3-642-14295-6_40,doi:10.1145/2491956.2462189,doi:10.1007/978-3-642-14295-6_40,10.1145/2491956.2462189,10.1007/978-3-642-14295-6_40,10.1145/2491956.2462189,10.1007/978-3-642-14295-6_40,062402933996-061703036727,2013,included,raw/cs100-citations-p0001-opencitations.json.gz
opencitations,CS100,S220,citations,doi:10.1145/3729328->doi:10.1007/978-3-642-14295-6_40,doi:10.1145/3729328,doi:10.1007/978-3-642-14295-6_40,10.1145/3729328,10.1007/978-3-642-14295-6_40,10.1145/3729328,10.1007/978-3-642-14295-6_40,06010419636-061703036727,2025-06-10,included,raw/cs100-citations-p0001-opencitations.json.gz
opencitations,CS100,S220,citations,doi:10.1145/2635631.2635849->doi:10.1007/978-3-642-14295-6_40,doi:10.1145/2635631.2635849,doi:10.1007/978-3-642-14295-6_40,10.1145/2635631.2635849,10.1007/978-3-642-14295-6_40,10.1145/2635631.2635849,10.1007/978-3-642-14295-6_40,061802559129-061703036727,2014,included,raw/cs100-citations-p0001-opencitations.json.gz
opencitations,CS100,S220,citations,doi:10.1007/978-3-031-37706-8_9->doi:10.1007/978-3-642-14295-6_40,doi:10.1007/978-3-031-37706-8_9,doi:10.1007/978-3-642-14295-6_40,10.1007/978-3-031-37706-8_9,10.1007/978-3-642-14295-6_40,10.1007/978-3-031-37706-8_9,10.1007/978-3-642-14295-6_40,062603979008-061703036727,2023,included,raw/cs100-citations-p0001-opencitations.json.gz
opencitations,CS100,S220,citations,doi:10.1007/978-3-319-19195-9_4->doi:10.1007/978-3-642-14295-6_40,doi:10.1007/978-3-319-19195-9_4,doi:10.1007/978-3-642-14295-6_40,10.1007/978-3-319-19195-9_4,10.1007/978-3-642-14295-6_40,10.1007/978-3-319-19195-9_4,10.1007/978-3-642-14295-6_40,061802602872-061703036727,2015,included,raw/cs100-citations-p0001-opencitations.json.gz
opencitations,CS100,S220,citations,doi:10.1145/3018743.3018749->doi:10.1007/978-3-642-14295-6_40,doi:10.1145/3018743.3018749,doi:10.1007/978-3-642-14295-6_40,10.1145/3018743.3018749,10.1007/978-3-642-14295-6_40,10.1145/3018743.3018749,10.1007/978-3-642-14295-6_40,06701903425-061703036727,2017-01-26,included,raw/cs100-citations-p0001-opencitations.json.gz
opencitations,CS100,S220,citations,doi:10.1007/s10703-021-00370-8->doi:10.1007/978-3-642-14295-6_40,doi:10.1007/s10703-021-00370-8,doi:10.1007/978-3-642-14295-6_40,10.1007/s10703-021-00370-8,10.1007/978-3-642-14295-6_40,10.1007/s10703-021-00370-8,10.1007/978-3-642-14295-6_40,0680344067-061703036727,2021-04-06,included,raw/cs100-citations-p0001-opencitations.json.gz
opencitations,CS100,S220,citations,doi:10.1007/978-3-319-26850-7_21->doi:10.1007/978-3-642-14295-6_40,doi:10.1007/978-3-319-26850-7_21,doi:10.1007/978-3-642-14295-6_40,10.1007/978-3-319-26850-7_21,10.1007/978-3-642-14295-6_40,10.1007/978-3-319-26850-7_21,10.1007/978-3-642-14295-6_40,06103013663-061703036727,2015,included,raw/cs100-citations-p0001-opencitations.json.gz
opencitations,CS100,S220,citations,doi:10.1145/3563349->doi:10.1007/978-3-642-14295-6_40,doi:10.1145/3563349,doi:10.1007/978-3-642-14295-6_40,10.1145/3563349,10.1007/978-3-642-14295-6_40,10.1145/3563349,10.1007/978-3-642-14295-6_40,061203551067-061703036727,2022-10-31,included,raw/cs100-citations-p0001-opencitations.json.gz
opencitations,CS100,S220,citations,doi:10.1007/978-3-319-89884-1_16->doi:10.1007/978-3-642-14295-6_40,doi:10.1007/978-3-319-89884-1_16,doi:10.1007/978-3-642-14295-6_40,10.1007/978-3-319-89884-1_16,10.1007/978-3-642-14295-6_40,10.1007/978-3-319-89884-1_16,10.1007/978-3-642-14295-6_40,061702211225-061703036727,2018,included,raw/cs100-citations-p0001-opencitations.json.gz
opencitations,CS100,S220,citations,doi:10.1007/978-3-319-96145-3_26->doi:10.1007/978-3-642-14295-6_40,doi:10.1007/978-3-319-96145-3_26,doi:10.1007/978-3-642-14295-6_40,10.1007/978-3-319-96145-3_26,10.1007/978-3-642-14295-6_40,10.1007/978-3-319-96145-3_26,10.1007/978-3-642-14295-6_40,061102209769-061703036727,2018,included,raw/cs100-citations-p0001-opencitations.json.gz
opencitations,CS100,S220,citations,doi:10.1007/978-3-642-22012-8_36->doi:10.1007/978-3-642-14295-6_40,doi:10.1007/978-3-642-22012-8_36,doi:10.1007/978-3-642-14295-6_40,10.1007/978-3-642-22012-8_36,10.1007/978-3-642-14295-6_40,10.1007/978-3-642-22012-8_36,10.1007/978-3-642-14295-6_40,061802808379-061703036727,2011,included,raw/cs100-citations-p0001-opencitations.json.gz
opencitations,CS100,S220,citations,doi:10.1007/978-3-642-31424-7_21->doi:10.1007/978-3-642-14295-6_40,doi:10.1007/978-3-642-31424-7_21,doi:10.1007/978-3-642-14295-6_40,10.1007/978-3-642-31424-7_21,10.1007/978-3-642-14295-6_40,10.1007/978-3-642-31424-7_21,10.1007/978-3-642-14295-6_40,06703085370-061703036727,2012,included,raw/cs100-citations-p0001-opencitations.json.gz
opencitations,CS100,S220,citations,doi:10.1007/978-3-642-39176-7_20->doi:10.1007/978-3-642-14295-6_40,doi:10.1007/978-3-642-39176-7_20,doi:10.1007/978-3-642-14295-6_40,10.1007/978-3-642-39176-7_20,10.1007/978-3-642-14295-6_40,10.1007/978-3-642-39176-7_20,10.1007/978-3-642-14295-6_40,06503112725-061703036727,2013,included,raw/cs100-citations-p0001-opencitations.json.gz
opencitations,CS100,S220,citations,doi:10.1007/978-3-030-30942-8_12->doi:10.1007/978-3-642-14295-6_40,doi:10.1007/978-3-030-30942-8_12,doi:10.1007/978-3-642-14295-6_40,10.1007/978-3-030-30942-8_12,10.1007/978-3-642-14295-6_40,10.1007/978-3-030-30942-8_12,10.1007/978-3-642-14295-6_40,06602467740-061703036727,2019,included,raw/cs100-citations-p0001-opencitations.json.gz
opencitations,CS100,S220,citations,doi:10.1145/2796550->doi:10.1007/978-3-642-14295-6_40,doi:10.1145/2796550,doi:10.1007/978-3-642-14295-6_40,10.1145/2796550,10.1007/978-3-642-14295-6_40,10.1145/2796550,10.1007/978-3-642-14295-6_40,062601631897-061703036727,2015-11-21,included,raw/cs100-citations-p0001-opencitations.json.gz
opencitations,CS100,S220,citations,doi:10.1007/s10703-023-00427-w->doi:10.1007/978-3-642-14295-6_40,doi:10.1007/s10703-023-00427-w,doi:10.1007/978-3-642-14295-6_40,10.1007/s10703-023-00427-w,10.1007/978-3-642-14295-6_40,10.1007/s10703-023-00427-w,10.1007/978-3-642-14295-6_40,06704343545-061703036727,2023-07-31,included,raw/cs100-citations-p0001-opencitations.json.gz
opencitations,CS100,S220,citations,doi:10.1145/2676724.2693179->doi:10.1007/978-3-642-14295-6_40,doi:10.1145/2676724.2693179,doi:10.1007/978-3-642-14295-6_40,10.1145/2676724.2693179,10.1007/978-3-642-14295-6_40,10.1145/2676724.2693179,10.1007/978-3-642-14295-6_40,061102557921-061703036727,2015-01-13,included,raw/cs100-citations-p0001-opencitations.json.gz
opencitations,CS100,S220,citations,doi:10.1007/978-3-319-21668-3_9->doi:10.1007/978-3-642-14295-6_40,doi:10.1007/978-3-319-21668-3_9,doi:10.1007/978-3-642-14295-6_40,10.1007/978-3-319-21668-3_9,10.1007/978-3-642-14295-6_40,10.1007/978-3-319-21668-3_9,10.1007/978-3-642-14295-6_40,062102590915-061703036727,2015,included,raw/cs100-citations-p0001-opencitations.json.gz
opencitations,CS100,S220,citations,doi:10.1007/978-3-030-90870-6_22->doi:10.1007/978-3-642-14295-6_40,doi:10.1007/978-3-030-90870-6_22,doi:10.1007/978-3-642-14295-6_40,10.1007/978-3-030-90870-6_22,10.1007/978-3-642-14295-6_40,10.1007/978-3-030-90870-6_22,10.1007/978-3-642-14295-6_40,062401697984-061703036727,2021,included,raw/cs100-citations-p0001-opencitations.json.gz
opencitations,CS100,S220,citations,doi:10.1007/978-3-642-32940-1_19->doi:10.1007/978-3-642-14295-6_40,doi:10.1007/978-3-642-32940-1_19,doi:10.1007/978-3-642-14295-6_40,10.1007/978-3-642-32940-1_19,10.1007/978-3-642-14295-6_40,10.1007/978-3-642-32940-1_19,10.1007/978-3-642-14295-6_40,061602767134-061703036727,2012,included,raw/cs100-citations-p0001-opencitations.json.gz
opencitations,CS100,S220,citations,doi:10.3390/app10113928->doi:10.1007/978-3-642-14295-6_40,doi:10.3390/app10113928,doi:10.1007/978-3-642-14295-6_40,10.3390/app10113928,10.1007/978-3-642-14295-6_40,10.3390/app10113928,10.1007/978-3-642-14295-6_40,062302596186-061703036727,2020-06-05,included,raw/cs100-citations-p0001-opencitations.json.gz
opencitations,CS100,S220,citations,doi:10.1145/3155284.3018749->doi:10.1007/978-3-642-14295-6_40,doi:10.1145/3155284.3018749,doi:10.1007/978-3-642-14295-6_40,10.1145/3155284.3018749,10.1007/978-3-642-14295-6_40,10.1145/3155284.3018749,10.1007/978-3-642-14295-6_40,0613091085-061703036727,2017-10-26,included,raw/cs100-citations-p0001-opencitations.json.gz
opencitations,CS100,S220,citations,doi:10.1145/3158113->doi:10.1007/978-3-642-14295-6_40,doi:10.1145/3158113,doi:10.1007/978-3-642-14295-6_40,10.1145/3158113,10.1007/978-3-642-14295-6_40,10.1145/3158113,10.1007/978-3-642-14295-6_40,06202297463-061703036727,2018-01,included,raw/cs100-citations-p0001-opencitations.json.gz
opencitations,CS100,S220,citations,doi:10.1145/2610384.2610402->doi:10.1007/978-3-642-14295-6_40,doi:10.1145/2610384.2610402,doi:10.1007/978-3-642-14295-6_40,10.1145/2610384.2610402,10.1007/978-3-642-14295-6_40,10.1145/2610384.2610402,10.1007/978-3-642-14295-6_40,061802558725-061703036727,2014,included,raw/cs100-citations-p0001-opencitations.json.gz
opencitations,CS100,S220,citations,doi:10.1007/978-3-642-37036-6_17->doi:10.1007/978-3-642-14295-6_40,doi:10.1007/978-3-642-37036-6_17,doi:10.1007/978-3-642-14295-6_40,10.1007/978-3-642-37036-6_17,10.1007/978-3-642-14295-6_40,10.1007/978-3-642-37036-6_17,10.1007/978-3-642-14295-6_40,06503137938-061703036727,2013,included,raw/cs100-citations-p0001-opencitations.json.gz
opencitations,CS100,S220,citations,doi:10.1109/dsn.2018.00037->doi:10.1007/978-3-642-14295-6_40,doi:10.1109/dsn.2018.00037,doi:10.1007/978-3-642-14295-6_40,10.1109/dsn.2018.00037,10.1007/978-3-642-14295-6_40,10.1109/dsn.2018.00037,10.1007/978-3-642-14295-6_40,062602357483-061703036727,2018-06,included,raw/cs100-citations-p0001-opencitations.json.gz
opencitations,CS100,S220,citations,doi:10.1007/s10009-016-0415-4->doi:10.1007/978-3-642-14295-6_40,doi:10.1007/s10009-016-0415-4,doi:10.1007/978-3-642-14295-6_40,10.1007/s10009-016-0415-4,10.1007/978-3-642-14295-6_40,10.1007/s10009-016-0415-4,10.1007/978-3-642-14295-6_40,062203120313-061703036727,2016-03-16,included,raw/cs100-citations-p0001-opencitations.json.gz
opencitations,CS100,S220,citations,doi:10.1007/978-3-662-54434-1_16->doi:10.1007/978-3-642-14295-6_40,doi:10.1007/978-3-662-54434-1_16,doi:10.1007/978-3-642-14295-6_40,10.1007/978-3-662-54434-1_16,10.1007/978-3-642-14295-6_40,10.1007/978-3-662-54434-1_16,10.1007/978-3-642-14295-6_40,062302394798-061703036727,2017,included,raw/cs100-citations-p0001-opencitations.json.gz
opencitations,CS100,S220,citations,doi:10.1145/3586043->doi:10.1007/978-3-642-14295-6_40,doi:10.1145/3586043,doi:10.1007/978-3-642-14295-6_40,10.1145/3586043,10.1007/978-3-642-14295-6_40,10.1145/3586043,10.1007/978-3-642-14295-6_40,062203928157-061703036727,2023-04-06,included,raw/cs100-citations-p0001-opencitations.json.gz
opencitations,CS100,S220,citations,doi:10.1145/3022671.2983999->doi:10.1007/978-3-642-14295-6_40,doi:10.1145/3022671.2983999,doi:10.1007/978-3-642-14295-6_40,10.1145/3022671.2983999,10.1007/978-3-642-14295-6_40,10.1145/3022671.2983999,10.1007/978-3-642-14295-6_40,0613091409-061703036727,2016-12-05,included,raw/cs100-citations-p0001-opencitations.json.gz
opencitations,CS100,S220,citations,doi:10.1007/s10009-015-0369-y->doi:10.1007/978-3-642-14295-6_40,doi:10.1007/s10009-015-0369-y,doi:10.1007/978-3-642-14295-6_40,10.1007/s10009-015-0369-y,10.1007/978-3-642-14295-6_40,10.1007/s10009-015-0369-y,10.1007/978-3-642-14295-6_40,062203120361-061703036727,2015-02-15,included,raw/cs100-citations-p0001-opencitations.json.gz
opencitations,CS100,S220,citations,doi:10.1007/978-3-642-40184-8_18->doi:10.1007/978-3-642-14295-6_40,doi:10.1007/978-3-642-40184-8_18,doi:10.1007/978-3-642-14295-6_40,10.1007/978-3-642-40184-8_18,10.1007/978-3-642-14295-6_40,10.1007/978-3-642-40184-8_18,10.1007/978-3-642-14295-6_40,062102665341-061703036727,2013,included,raw/cs100-citations-p0001-opencitations.json.gz
opencitations,CS100,S220,citations,doi:10.1007/978-3-642-39799-8_11->doi:10.1007/978-3-642-14295-6_40,doi:10.1007/978-3-642-39799-8_11,doi:10.1007/978-3-642-14295-6_40,10.1007/978-3-642-39799-8_11,10.1007/978-3-642-14295-6_40,10.1007/978-3-642-39799-8_11,10.1007/978-3-642-14295-6_40,06503130815-061703036727,2013,included,raw/cs100-citations-p0001-opencitations.json.gz
opencitations,CS100,S220,citations,doi:10.1145/3371136->doi:10.1007/978-3-642-14295-6_40,doi:10.1145/3371136,doi:10.1007/978-3-642-14295-6_40,10.1145/3371136,10.1007/978-3-642-14295-6_40,10.1145/3371136,10.1007/978-3-642-14295-6_40,06202297117-061703036727,2020-01,included,raw/cs100-citations-p0001-opencitations.json.gz
opencitations,CS100,S220,citations,doi:10.1007/978-3-030-67067-2_5->doi:10.1007/978-3-642-14295-6_40,doi:10.1007/978-3-030-67067-2_5,doi:10.1007/978-3-642-14295-6_40,10.1007/978-3-030-67067-2_5,10.1007/978-3-642-14295-6_40,10.1007/978-3-030-67067-2_5,10.1007/978-3-642-14295-6_40,06402210828-061703036727,2021,included,raw/cs100-citations-p0001-opencitations.json.gz
opencitations,CS100,S220,citations,doi:10.1145/1835698.1835722->doi:10.1007/978-3-642-14295-6_40,doi:10.1145/1835698.1835722,doi:10.1007/978-3-642-14295-6_40,10.1145/1835698.1835722,10.1007/978-3-642-14295-6_40,10.1145/1835698.1835722,10.1007/978-3-642-14295-6_40,061703185906-061703036727,2010,included,raw/cs100-citations-p0001-opencitations.json.gz
opencitations,CS100,S220,citations,doi:10.1007/978-3-319-66845-1_7->doi:10.1007/978-3-642-14295-6_40,doi:10.1007/978-3-319-66845-1_7,doi:10.1007/978-3-642-14295-6_40,10.1007/978-3-319-66845-1_7,10.1007/978-3-642-14295-6_40,10.1007/978-3-319-66845-1_7,10.1007/978-3-642-14295-6_40,061302184668-061703036727,2017,included,raw/cs100-citations-p0001-opencitations.json.gz
opencitations,CS100,S220,citations,doi:10.1145/1985793.1986037->doi:10.1007/978-3-642-14295-6_40,doi:10.1145/1985793.1986037,doi:10.1007/978-3-642-14295-6_40,10.1145/1985793.1986037,10.1007/978-3-642-14295-6_40,10.1145/1985793.1986037,10.1007/978-3-642-14295-6_40,062203139868-061703036727,2011-05-21,included,raw/cs100-citations-p0001-opencitations.json.gz
opencitations,CS100,S220,citations,doi:10.1145/3158115->doi:10.1007/978-3-642-14295-6_40,doi:10.1145/3158115,doi:10.1007/978-3-642-14295-6_40,10.1145/3158115,10.1007/978-3-642-14295-6_40,10.1145/3158115,10.1007/978-3-642-14295-6_40,06202297453-061703036727,2018-01,included,raw/cs100-citations-p0001-opencitations.json.gz
opencitations,CS100,S220,citations,doi:10.1007/978-3-319-63390-9_28->doi:10.1007/978-3-642-14295-6_40,doi:10.1007/978-3-319-63390-9_28,doi:10.1007/978-3-642-14295-6_40,10.1007/978-3-319-63390-9_28,10.1007/978-3-642-14295-6_40,10.1007/978-3-319-63390-9_28,10.1007/978-3-642-14295-6_40,06302631836-061703036727,2017,included,raw/cs100-citations-p0001-opencitations.json.gz
opencitations,CS100,S220,citations,doi:10.1007/978-3-642-28869-2_5->doi:10.1007/978-3-642-14295-6_40,doi:10.1007/978-3-642-28869-2_5,doi:10.1007/978-3-642-14295-6_40,10.1007/978-3-642-28869-2_5,10.1007/978-3-642-14295-6_40,10.1007/978-3-642-28869-2_5,10.1007/978-3-642-14295-6_40,06203136104-061703036727,2012,included,raw/cs100-citations-p0001-opencitations.json.gz
opencitations,CS100,S220,citations,doi:10.1145/2775051.2677002->doi:10.1007/978-3-642-14295-6_40,doi:10.1145/2775051.2677002,doi:10.1007/978-3-642-14295-6_40,10.1145/2775051.2677002,10.1007/978-3-642-14295-6_40,10.1145/2775051.2677002,10.1007/978-3-642-14295-6_40,0614090817-061703036727,2015-05-11,included,raw/cs100-citations-p0001-opencitations.json.gz
opencitations,CS100,S220,citations,doi:10.1145/2914770.2837645->doi:10.1007/978-3-642-14295-6_40,doi:10.1145/2914770.2837645,doi:10.1007/978-3-642-14295-6_40,10.1145/2914770.2837645,10.1007/978-3-642-14295-6_40,10.1145/2914770.2837645,10.1007/978-3-642-14295-6_40,0614090396-061703036727,2016-04-08,included,raw/cs100-citations-p0001-opencitations.json.gz
opencitations,CS100,S220,citations,doi:10.1145/3477132.3483549->doi:10.1007/978-3-642-14295-6_40,doi:10.1145/3477132.3483549,doi:10.1007/978-3-642-14295-6_40,10.1145/3477132.3483549,10.1007/978-3-642-14295-6_40,10.1145/3477132.3483549,10.1007/978-3-642-14295-6_40,06102972236-061703036727,2021-10-26,included,raw/cs100-citations-p0001-opencitations.json.gz
opencitations,CS100,S220,citations,doi:10.1007/978-3-319-26850-7_11->doi:10.1007/978-3-642-14295-6_40,doi:10.1007/978-3-319-26850-7_11,doi:10.1007/978-3-642-14295-6_40,10.1007/978-3-319-26850-7_11,10.1007/978-3-642-14295-6_40,10.1007/978-3-319-26850-7_11,10.1007/978-3-642-14295-6_40,06103013674-061703036727,2015,included,raw/cs100-citations-p0001-opencitations.json.gz
opencitations,CS100,S220,citations,doi:10.1145/2676726.2677002->doi:10.1007/978-3-642-14295-6_40,doi:10.1145/2676726.2677002,doi:10.1007/978-3-642-14295-6_40,10.1145/2676726.2677002,10.1007/978-3-642-14295-6_40,10.1145/2676726.2677002,10.1007/978-3-642-14295-6_40,06801942635-061703036727,2015-01-14,included,raw/cs100-citations-p0001-opencitations.json.gz
opencitations,CS100,S220,citations,doi:10.1145/3704906->doi:10.1007/978-3-642-14295-6_40,doi:10.1145/3704906,doi:10.1007/978-3-642-14295-6_40,10.1145/3704906,10.1007/978-3-642-14295-6_40,10.1145/3704906,10.1007/978-3-642-14295-6_40,0605577529-061703036727,2025-01-07,included,raw/cs100-citations-p0001-opencitations.json.gz
opencitations,CS100,S220,citations,doi:10.1145/3290381->doi:10.1007/978-3-642-14295-6_40,doi:10.1145/3290381,doi:10.1007/978-3-642-14295-6_40,10.1145/3290381,10.1007/978-3-642-14295-6_40,10.1145/3290381,10.1007/978-3-642-14295-6_40,06202297318-061703036727,2019-01-02,included,raw/cs100-citations-p0001-opencitations.json.gz
opencitations,CS100,S220,citations,doi:10.1145/3622827->doi:10.1007/978-3-642-14295-6_40,doi:10.1145/3622827,doi:10.1007/978-3-642-14295-6_40,10.1145/3622827,10.1007/978-3-642-14295-6_40,10.1145/3622827,10.1007/978-3-642-14295-6_40,061604166201-061703036727,,unknown-date,raw/cs100-citations-p0001-opencitations.json.gz
opencitations,CS100,S220,citations,doi:10.4204/eptcs.94.4->doi:10.1007/978-3-642-14295-6_40,doi:10.4204/eptcs.94.4,doi:10.1007/978-3-642-14295-6_40,10.4204/eptcs.94.4,10.1007/978-3-642-14295-6_40,10.4204/eptcs.94.4,10.1007/978-3-642-14295-6_40,06130295183-061703036727,2012-09-08,included,raw/cs100-citations-p0001-opencitations.json.gz
opencitations,CS100,S220,citations,doi:10.1007/978-3-319-51046-0_9->doi:10.1007/978-3-642-14295-6_40,doi:10.1007/978-3-319-51046-0_9,doi:10.1007/978-3-642-14295-6_40,10.1007/978-3-319-51046-0_9,10.1007/978-3-642-14295-6_40,10.1007/978-3-319-51046-0_9,10.1007/978-3-642-14295-6_40,061302405290-061703036727,2016-12-18,included,raw/cs100-citations-p0001-opencitations.json.gz
opencitations,CS100,S220,citations,doi:10.1007/978-3-642-36742-7_23->doi:10.1007/978-3-642-14295-6_40,doi:10.1007/978-3-642-36742-7_23,doi:10.1007/978-3-642-14295-6_40,10.1007/978-3-642-36742-7_23,10.1007/978-3-642-14295-6_40,10.1007/978-3-642-36742-7_23,10.1007/978-3-642-14295-6_40,061302718148-061703036727,2013,included,raw/cs100-citations-p0001-opencitations.json.gz
opencitations,CS100,S220,citations,doi:10.1007/978-3-642-21437-0_25->doi:10.1007/978-3-642-14295-6_40,doi:10.1007/978-3-642-21437-0_25,doi:10.1007/978-3-642-14295-6_40,10.1007/978-3-642-21437-0_25,10.1007/978-3-642-14295-6_40,10.1007/978-3-642-21437-0_25,10.1007/978-3-642-14295-6_40,062302881724-061703036727,2011,included,raw/cs100-citations-p0001-opencitations.json.gz
opencitations,CS100,S220,citations,doi:10.1145/2499370.2462189->doi:10.1007/978-3-642-14295-6_40,doi:10.1145/2499370.2462189,doi:10.1007/978-3-642-14295-6_40,10.1145/2499370.2462189,10.1007/978-3-642-14295-6_40,10.1145/2499370.2462189,10.1007/978-3-642-14295-6_40,0615093934-061703036727,2013-06-23,included,raw/cs100-citations-p0001-opencitations.json.gz
opencitations,CS100,S220,citations,doi:10.1145/3290371->doi:10.1007/978-3-642-14295-6_40,doi:10.1145/3290371,doi:10.1007/978-3-642-14295-6_40,10.1145/3290371,10.1007/978-3-642-14295-6_40,10.1145/3290371,10.1007/978-3-642-14295-6_40,06202297263-061703036727,2019-01-02,included,raw/cs100-citations-p0001-opencitations.json.gz
opencitations,CS100,S220,citations,doi:10.23919/fmcad.2018.8603020->doi:10.1007/978-3-642-14295-6_40,doi:10.23919/fmcad.2018.8603020,doi:10.1007/978-3-642-14295-6_40,10.23919/fmcad.2018.8603020,10.1007/978-3-642-14295-6_40,10.23919/fmcad.2018.8603020,10.1007/978-3-642-14295-6_40,061302313560-061703036727,2018-10,included,raw/cs100-citations-p0001-opencitations.json.gz
opencitations,CS100,S220,citations,doi:10.1145/1925844.1926417->doi:10.1007/978-3-642-14295-6_40,doi:10.1145/1925844.1926417,doi:10.1007/978-3-642-14295-6_40,10.1145/1925844.1926417,10.1007/978-3-642-14295-6_40,10.1145/1925844.1926417,10.1007/978-3-642-14295-6_40,0616094559-061703036727,2011-01-26,included,raw/cs100-citations-p0001-opencitations.json.gz
opencitations,CS100,S220,citations,doi:10.1007/978-3-030-67067-2_8->doi:10.1007/978-3-642-14295-6_40,doi:10.1007/978-3-030-67067-2_8,doi:10.1007/978-3-642-14295-6_40,10.1007/978-3-030-67067-2_8,10.1007/978-3-642-14295-6_40,10.1007/978-3-030-67067-2_8,10.1007/978-3-642-14295-6_40,06402210812-061703036727,2021,included,raw/cs100-citations-p0001-opencitations.json.gz
opencitations,CS100,S220,citations,doi:10.1007/978-3-030-53288-8_14->doi:10.1007/978-3-642-14295-6_40,doi:10.1007/978-3-030-53288-8_14,doi:10.1007/978-3-642-14295-6_40,10.1007/978-3-030-53288-8_14,10.1007/978-3-642-14295-6_40,10.1007/978-3-030-53288-8_14,10.1007/978-3-642-14295-6_40,062401964750-061703036727,2020,included,raw/cs100-citations-p0001-opencitations.json.gz
opencitations,CS100,S220,citations,doi:10.1007/978-3-030-44914-8_11->doi:10.1007/978-3-642-14295-6_40,doi:10.1007/978-3-030-44914-8_11,doi:10.1007/978-3-642-14295-6_40,10.1007/978-3-030-44914-8_11,10.1007/978-3-642-14295-6_40,10.1007/978-3-030-44914-8_11,10.1007/978-3-642-14295-6_40,062101997306-061703036727,2020,included,raw/cs100-citations-p0001-opencitations.json.gz
opencitations,CS100,S220,citations,doi:10.1145/2837614.2837645->doi:10.1007/978-3-642-14295-6_40,doi:10.1145/2837614.2837645,doi:10.1007/978-3-642-14295-6_40,10.1145/2837614.2837645,10.1007/978-3-642-14295-6_40,10.1145/2837614.2837645,10.1007/978-3-642-14295-6_40,06101947574-061703036727,2016-01-11,included,raw/cs100-citations-p0001-opencitations.json.gz
opencitations,CS100,S220,citations,doi:10.1007/978-3-319-42089-9_20->doi:10.1007/978-3-642-14295-6_40,doi:10.1007/978-3-319-42089-9_20,doi:10.1007/978-3-642-14295-6_40,10.1007/978-3-319-42089-9_20,10.1007/978-3-642-14295-6_40,10.1007/978-3-319-42089-9_20,10.1007/978-3-642-14295-6_40,061202416068-061703036727,2016,included,raw/cs100-citations-p0001-opencitations.json.gz
opencitations,CS100,S220,citations,doi:10.1007/s00236-015-0222-5->doi:10.1007/978-3-642-14295-6_40,doi:10.1007/s00236-015-0222-5,doi:10.1007/978-3-642-14295-6_40,10.1007/s00236-015-0222-5,10.1007/978-3-642-14295-6_40,10.1007/s00236-015-0222-5,10.1007/978-3-642-14295-6_40,06701584919-061703036727,2015-02-25,included,raw/cs100-citations-p0001-opencitations.json.gz
opencitations,CS100,S220,citations,doi:10.1145/1966445.1966465->doi:10.1007/978-3-642-14295-6_40,doi:10.1145/1966445.1966465,doi:10.1007/978-3-642-14295-6_40,10.1145/1966445.1966465,10.1007/978-3-642-14295-6_40,10.1145/1966445.1966465,10.1007/978-3-642-14295-6_40,061203012064-061703036727,2011,included,raw/cs100-citations-p0001-opencitations.json.gz
opencitations,CS101,S221,references,doi:10.1007/978-3-642-15375-4_27->doi:10.1145/114005.102808,doi:10.1007/978-3-642-15375-4_27,doi:10.1145/114005.102808,10.1007/978-3-642-15375-4_27,10.1145/114005.102808,10.1007/978-3-642-15375-4_27,10.1145/114005.102808,06403455074-06602633243,2010,included,raw/cs101-references-p0001-opencitations.json.gz
opencitations,CS101,S221,references,doi:10.1007/978-3-642-15375-4_27->doi:10.1007/3-540-15648-8_16,doi:10.1007/978-3-642-15375-4_27,doi:10.1007/3-540-15648-8_16,10.1007/978-3-642-15375-4_27,10.1007/3-540-15648-8_16,10.1007/978-3-642-15375-4_27,10.1007/3-540-15648-8_16,06403455074-061102834173,2010,included,raw/cs101-references-p0001-opencitations.json.gz
opencitations,CS101,S221,references,doi:10.1007/978-3-642-15375-4_27->doi:10.1007/11864219_14,doi:10.1007/978-3-642-15375-4_27,doi:10.1007/11864219_14,10.1007/978-3-642-15375-4_27,10.1007/11864219_14,10.1007/978-3-642-15375-4_27,10.1007/11864219_14,06403455074-06903159712,2010,included,raw/cs101-references-p0001-opencitations.json.gz
opencitations,CS101,S221,references,doi:10.1007/978-3-642-15375-4_27->doi:10.1109/tpds.2004.8,doi:10.1007/978-3-642-15375-4_27,doi:10.1109/tpds.2004.8,10.1007/978-3-642-15375-4_27,10.1109/tpds.2004.8,10.1007/978-3-642-15375-4_27,10.1109/tpds.2004.8,06403455074-061203026926,2010,included,raw/cs101-references-p0001-opencitations.json.gz
opencitations,CS101,S221,references,doi:10.1007/978-3-642-15375-4_27->doi:10.1145/2993.357247,doi:10.1007/978-3-642-15375-4_27,doi:10.1145/2993.357247,10.1007/978-3-642-15375-4_27,10.1145/2993.357247,10.1007/978-3-642-15375-4_27,10.1145/2993.357247,06403455074-06602632986,2010,included,raw/cs101-references-p0001-opencitations.json.gz
opencitations,CS101,S221,references,doi:10.1007/978-3-642-15375-4_27->doi:10.1007/978-3-540-71316-6_13,doi:10.1007/978-3-642-15375-4_27,doi:10.1007/978-3-540-71316-6_13,10.1007/978-3-642-15375-4_27,10.1007/978-3-540-71316-6_13,10.1007/978-3-642-15375-4_27,10.1007/978-3-540-71316-6_13,06403455074-06903122036,2010,included,raw/cs101-references-p0001-opencitations.json.gz
opencitations,CS101,S221,references,doi:10.1007/978-3-642-15375-4_27->doi:10.1007/978-3-642-15375-4_27,doi:10.1007/978-3-642-15375-4_27,doi:10.1007/978-3-642-15375-4_27,10.1007/978-3-642-15375-4_27,10.1007/978-3-642-15375-4_27,10.1007/978-3-642-15375-4_27,10.1007/978-3-642-15375-4_27,06403455074-06403455074,2010,included,raw/cs101-references-p0001-opencitations.json.gz
opencitations,CS101,S221,references,doi:10.1007/978-3-642-15375-4_27->doi:10.1007/978-3-540-28644-8_4,doi:10.1007/978-3-642-15375-4_27,doi:10.1007/978-3-540-28644-8_4,10.1007/978-3-642-15375-4_27,10.1007/978-3-540-28644-8_4,10.1007/978-3-642-15375-4_27,10.1007/978-3-540-28644-8_4,06403455074-061203025818,2010,included,raw/cs101-references-p0001-opencitations.json.gz
opencitations,CS101,S221,references,doi:10.1007/978-3-642-15375-4_27->doi:10.1007/978-3-540-74407-8_18,doi:10.1007/978-3-642-15375-4_27,doi:10.1007/978-3-540-74407-8_18,10.1007/978-3-642-15375-4_27,10.1007/978-3-540-74407-8_18,10.1007/978-3-642-15375-4_27,10.1007/978-3-540-74407-8_18,06403455074-062403101181,2010,included,raw/cs101-references-p0001-opencitations.json.gz
opencitations,CS101,S221,references,doi:10.1007/978-3-642-15375-4_27->doi:10.1109/lics.2006.52,doi:10.1007/978-3-642-15375-4_27,doi:10.1109/lics.2006.52,10.1007/978-3-642-15375-4_27,10.1109/lics.2006.52,10.1007/978-3-642-15375-4_27,10.1109/lics.2006.52,06403455074-06303702772,2010,included,raw/cs101-references-p0001-opencitations.json.gz
opencitations,CS101,S221,references,doi:10.1007/978-3-642-15375-4_27->doi:10.1109/tse.1981.230844,doi:10.1007/978-3-642-15375-4_27,doi:10.1109/tse.1981.230844,10.1007/978-3-642-15375-4_27,10.1109/tse.1981.230844,10.1007/978-3-642-15375-4_27,10.1109/tse.1981.230844,06403455074-062401956678,2010,included,raw/cs101-references-p0001-opencitations.json.gz
opencitations,CS101,S221,references,doi:10.1007/978-3-642-15375-4_27->doi:10.1109/lics.2002.1029817,doi:10.1007/978-3-642-15375-4_27,doi:10.1109/lics.2002.1029817,10.1007/978-3-642-15375-4_27,10.1109/lics.2002.1029817,10.1007/978-3-642-15375-4_27,10.1109/lics.2002.1029817,06403455074-06302043364,2010,included,raw/cs101-references-p0001-opencitations.json.gz
opencitations,CS101,S221,references,doi:10.1007/978-3-642-15375-4_27->doi:10.1145/173682.165164,doi:10.1007/978-3-642-15375-4_27,doi:10.1145/173682.165164,10.1007/978-3-642-15375-4_27,10.1145/173682.165164,10.1007/978-3-642-15375-4_27,10.1145/173682.165164,06403455074-0660915524,2010,included,raw/cs101-references-p0001-opencitations.json.gz
opencitations,CS101,S221,references,doi:10.1007/978-3-642-15375-4_27->doi:10.1145/69575.69577,doi:10.1007/978-3-642-15375-4_27,doi:10.1145/69575.69577,10.1007/978-3-642-15375-4_27,10.1145/69575.69577,10.1007/978-3-642-15375-4_27,10.1145/69575.69577,06403455074-06602633320,2010,included,raw/cs101-references-p0001-opencitations.json.gz
opencitations,CS101,S221,citations,doi:10.1145/2983990.2983999->doi:10.1007/978-3-642-15375-4_27,doi:10.1145/2983990.2983999,doi:10.1007/978-3-642-15375-4_27,10.1145/2983990.2983999,10.1007/978-3-642-15375-4_27,10.1145/2983990.2983999,10.1007/978-3-642-15375-4_27,061402461650-06403455074,2016-10-19,included,raw/cs101-citations-p0001-opencitations.json.gz
opencitations,CS101,S221,citations,doi:10.1145/2676726.2676980->doi:10.1007/978-3-642-15375-4_27,doi:10.1145/2676726.2676980,doi:10.1007/978-3-642-15375-4_27,10.1145/2676726.2676980,10.1007/978-3-642-15375-4_27,10.1145/2676726.2676980,10.1007/978-3-642-15375-4_27,06801942711-06403455074,2015-01-14,included,raw/cs101-citations-p0001-opencitations.json.gz
opencitations,CS101,S221,citations,doi:10.1109/lics.2013.18->doi:10.1007/978-3-642-15375-4_27,doi:10.1109/lics.2013.18,doi:10.1007/978-3-642-15375-4_27,10.1109/lics.2013.18,10.1007/978-3-642-15375-4_27,10.1109/lics.2013.18,10.1007/978-3-642-15375-4_27,06803346172-06403455074,2013-06,included,raw/cs101-citations-p0001-opencitations.json.gz
opencitations,CS101,S221,citations,doi:10.1145/3563337->doi:10.1007/978-3-642-15375-4_27,doi:10.1145/3563337,doi:10.1007/978-3-642-15375-4_27,10.1145/3563337,10.1007/978-3-642-15375-4_27,10.1145/3563337,10.1007/978-3-642-15375-4_27,061203551039-06403455074,2022-10-31,included,raw/cs101-citations-p0001-opencitations.json.gz
opencitations,CS101,S221,citations,doi:10.1007/978-3-031-65941-6_3->doi:10.1007/978-3-642-15375-4_27,doi:10.1007/978-3-031-65941-6_3,doi:10.1007/978-3-642-15375-4_27,10.1007/978-3-031-65941-6_3,10.1007/978-3-642-15375-4_27,10.1007/978-3-031-65941-6_3,10.1007/978-3-642-15375-4_27,062504296243-06403455074,2024,included,raw/cs101-citations-p0001-opencitations.json.gz
opencitations,CS101,S221,citations,doi:10.1145/3385412.3386029->doi:10.1007/978-3-642-15375-4_27,doi:10.1145/3385412.3386029,doi:10.1007/978-3-642-15375-4_27,10.1145/3385412.3386029,10.1007/978-3-642-15375-4_27,10.1145/3385412.3386029,10.1007/978-3-642-15375-4_27,06702087742-06403455074,2020-06-06,included,raw/cs101-citations-p0001-opencitations.json.gz
opencitations,CS101,S221,citations,doi:10.1145/3473586->doi:10.1007/978-3-642-15375-4_27,doi:10.1145/3473586,doi:10.1007/978-3-642-15375-4_27,10.1145/3473586,10.1007/978-3-642-15375-4_27,10.1145/3473586,10.1007/978-3-642-15375-4_27,06202296832-06403455074,2021-08-22,included,raw/cs101-citations-p0001-opencitations.json.gz
opencitations,CS101,S221,citations,doi:10.1007/978-3-642-23283-1_16->doi:10.1007/978-3-642-15375-4_27,doi:10.1007/978-3-642-23283-1_16,doi:10.1007/978-3-642-15375-4_27,10.1007/978-3-642-23283-1_16,10.1007/978-3-642-15375-4_27,10.1007/978-3-642-23283-1_16,10.1007/978-3-642-15375-4_27,061402803012-06403455074,2011,included,raw/cs101-citations-p0001-opencitations.json.gz
opencitations,CS101,S221,citations,doi:10.1145/3632853->doi:10.1007/978-3-642-15375-4_27,doi:10.1145/3632853,doi:10.1007/978-3-642-15375-4_27,10.1145/3632853,10.1007/978-3-642-15375-4_27,10.1145/3632853,10.1007/978-3-642-15375-4_27,062204192517-06403455074,2024-01-05,included,raw/cs101-citations-p0001-opencitations.json.gz
opencitations,CS101,S221,citations,doi:10.1145/3093333.3009855->doi:10.1007/978-3-642-15375-4_27,doi:10.1145/3093333.3009855,doi:10.1007/978-3-642-15375-4_27,10.1145/3093333.3009855,10.1007/978-3-642-15375-4_27,10.1145/3093333.3009855,10.1007/978-3-642-15375-4_27,0613091264-06403455074,2017-05-11,included,raw/cs101-citations-p0001-opencitations.json.gz
opencitations,CS101,S221,citations,doi:10.1145/2951913.2951943->doi:10.1007/978-3-642-15375-4_27,doi:10.1145/2951913.2951943,doi:10.1007/978-3-642-15375-4_27,10.1145/2951913.2951943,10.1007/978-3-642-15375-4_27,10.1145/2951913.2951943,10.1007/978-3-642-15375-4_27,06202906292-06403455074,2016-09-04,included,raw/cs101-citations-p0001-opencitations.json.gz
opencitations,CS101,S221,citations,doi:10.1145/3716312->doi:10.1007/978-3-642-15375-4_27,doi:10.1145/3716312,doi:10.1007/978-3-642-15375-4_27,10.1145/3716312,10.1007/978-3-642-15375-4_27,10.1145/3716312,10.1007/978-3-642-15375-4_27,0606931258-06403455074,2025-02-10,included,raw/cs101-citations-p0001-opencitations.json.gz
opencitations,CS101,S221,citations,doi:10.1145/3290378->doi:10.1007/978-3-642-15375-4_27,doi:10.1145/3290378,doi:10.1007/978-3-642-15375-4_27,10.1145/3290378,10.1007/978-3-642-15375-4_27,10.1145/3290378,10.1007/978-3-642-15375-4_27,06202297260-06403455074,2019-01-02,included,raw/cs101-citations-p0001-opencitations.json.gz
opencitations,CS101,S221,citations,doi:10.1145/3571231->doi:10.1007/978-3-642-15375-4_27,doi:10.1145/3571231,doi:10.1007/978-3-642-15375-4_27,10.1145/3571231,10.1007/978-3-642-15375-4_27,10.1145/3571231,10.1007/978-3-642-15375-4_27,062203928177-06403455074,2023-01-09,included,raw/cs101-citations-p0001-opencitations.json.gz
opencitations,CS101,S221,citations,doi:10.1007/978-3-319-02726-5_2->doi:10.1007/978-3-642-15375-4_27,doi:10.1007/978-3-319-02726-5_2,doi:10.1007/978-3-642-15375-4_27,10.1007/978-3-319-02726-5_2,10.1007/978-3-642-15375-4_27,10.1007/978-3-319-02726-5_2,10.1007/978-3-642-15375-4_27,06803090237-06403455074,2013,included,raw/cs101-citations-p0001-opencitations.json.gz
opencitations,CS101,S221,citations,doi:10.1145/3290377->doi:10.1007/978-3-642-15375-4_27,doi:10.1145/3290377,doi:10.1007/978-3-642-15375-4_27,10.1145/3290377,10.1007/978-3-642-15375-4_27,10.1145/3290377,10.1007/978-3-642-15375-4_27,06202297261-06403455074,2019-01-02,included,raw/cs101-citations-p0001-opencitations.json.gz
opencitations,CS101,S221,citations,doi:10.1007/978-3-642-31424-7_21->doi:10.1007/978-3-642-15375-4_27,doi:10.1007/978-3-642-31424-7_21,doi:10.1007/978-3-642-15375-4_27,10.1007/978-3-642-31424-7_21,10.1007/978-3-642-15375-4_27,10.1007/978-3-642-31424-7_21,10.1007/978-3-642-15375-4_27,06703085370-06403455074,2012,included,raw/cs101-citations-p0001-opencitations.json.gz
opencitations,CS101,S221,citations,doi:10.1145/2837614.2837625->doi:10.1007/978-3-642-15375-4_27,doi:10.1145/2837614.2837625,doi:10.1007/978-3-642-15375-4_27,10.1145/2837614.2837625,10.1007/978-3-642-15375-4_27,10.1145/2837614.2837625,10.1007/978-3-642-15375-4_27,06301934984-06403455074,2016-01-11,included,raw/cs101-citations-p0001-opencitations.json.gz
opencitations,CS101,S221,citations,doi:10.1109/icra.2012.6225285->doi:10.1007/978-3-642-15375-4_27,doi:10.1109/icra.2012.6225285,doi:10.1007/978-3-642-15375-4_27,10.1109/icra.2012.6225285,10.1007/978-3-642-15375-4_27,10.1109/icra.2012.6225285,10.1007/978-3-642-15375-4_27,061802975017-06403455074,2012-05,included,raw/cs101-citations-p0001-opencitations.json.gz
opencitations,CS101,S221,citations,doi:10.1007/978-3-642-15375-4_27->doi:10.1007/978-3-642-15375-4_27,doi:10.1007/978-3-642-15375-4_27,doi:10.1007/978-3-642-15375-4_27,10.1007/978-3-642-15375-4_27,10.1007/978-3-642-15375-4_27,10.1007/978-3-642-15375-4_27,10.1007/978-3-642-15375-4_27,06403455074-06403455074,2010,included,raw/cs101-citations-p0001-opencitations.json.gz
opencitations,CS101,S221,citations,doi:10.1109/dsn.2018.00037->doi:10.1007/978-3-642-15375-4_27,doi:10.1109/dsn.2018.00037,doi:10.1007/978-3-642-15375-4_27,10.1109/dsn.2018.00037,10.1007/978-3-642-15375-4_27,10.1109/dsn.2018.00037,10.1007/978-3-642-15375-4_27,062602357483-06403455074,2018-06,included,raw/cs101-citations-p0001-opencitations.json.gz
opencitations,CS101,S221,citations,doi:10.1145/3729246->doi:10.1007/978-3-642-15375-4_27,doi:10.1145/3729246,doi:10.1007/978-3-642-15375-4_27,10.1145/3729246,10.1007/978-3-642-15375-4_27,10.1145/3729246,10.1007/978-3-642-15375-4_27,06010619743-06403455074,2025-06-10,included,raw/cs101-citations-p0001-opencitations.json.gz
opencitations,CS101,S221,citations,doi:10.1145/3676954->doi:10.1007/978-3-642-15375-4_27,doi:10.1145/3676954,doi:10.1007/978-3-642-15375-4_27,10.1145/3676954,10.1007/978-3-642-15375-4_27,10.1145/3676954,10.1007/978-3-642-15375-4_27,061904312728-06403455074,2024-11-11,included,raw/cs101-citations-p0001-opencitations.json.gz
opencitations,CS101,S221,citations,doi:10.1016/j.sysarc.2023.103046->doi:10.1007/978-3-642-15375-4_27,doi:10.1016/j.sysarc.2023.103046,doi:10.1007/978-3-642-15375-4_27,10.1016/j.sysarc.2023.103046,10.1007/978-3-642-15375-4_27,10.1016/j.sysarc.2023.103046,10.1007/978-3-642-15375-4_27,06330382214-06403455074,2024-02,included,raw/cs101-citations-p0001-opencitations.json.gz
opencitations,CS101,S221,citations,doi:10.1145/2676724.2693180->doi:10.1007/978-3-642-15375-4_27,doi:10.1145/2676724.2693180,doi:10.1007/978-3-642-15375-4_27,10.1145/2676724.2693180,10.1007/978-3-642-15375-4_27,10.1145/2676724.2693180,10.1007/978-3-642-15375-4_27,061102557539-06403455074,2015-01-13,included,raw/cs101-citations-p0001-opencitations.json.gz
opencitations,CS101,S221,citations,doi:10.1007/s10703-021-00366-4->doi:10.1007/978-3-642-15375-4_27,doi:10.1007/s10703-021-00366-4,doi:10.1007/978-3-642-15375-4_27,10.1007/s10703-021-00366-4,10.1007/978-3-642-15375-4_27,10.1007/s10703-021-00366-4,10.1007/978-3-642-15375-4_27,0680344065-06403455074,2021-04-24,included,raw/cs101-citations-p0001-opencitations.json.gz
opencitations,CS101,S221,citations,doi:10.1145/3022671.2983999->doi:10.1007/978-3-642-15375-4_27,doi:10.1145/3022671.2983999,doi:10.1007/978-3-642-15375-4_27,10.1145/3022671.2983999,10.1007/978-3-642-15375-4_27,10.1145/3022671.2983999,10.1007/978-3-642-15375-4_27,0613091409-06403455074,2016-12-05,included,raw/cs101-citations-p0001-opencitations.json.gz
opencitations,CS101,S221,citations,doi:10.1145/3591296->doi:10.1007/978-3-642-15375-4_27,doi:10.1145/3591296,doi:10.1007/978-3-642-15375-4_27,10.1145/3591296,10.1007/978-3-642-15375-4_27,10.1145/3591296,10.1007/978-3-642-15375-4_27,062203928095-06403455074,2023-06-06,included,raw/cs101-citations-p0001-opencitations.json.gz
opencitations,CS101,S221,citations,doi:10.1007/978-3-642-37036-6_15->doi:10.1007/978-3-642-15375-4_27,doi:10.1007/978-3-642-37036-6_15,doi:10.1007/978-3-642-15375-4_27,10.1007/978-3-642-37036-6_15,10.1007/978-3-642-15375-4_27,10.1007/978-3-642-37036-6_15,10.1007/978-3-642-15375-4_27,06503137918-06403455074,2013,included,raw/cs101-citations-p0001-opencitations.json.gz
opencitations,CS101,S221,citations,doi:10.1145/3296979.3192381->doi:10.1007/978-3-642-15375-4_27,doi:10.1145/3296979.3192381,doi:10.1007/978-3-642-15375-4_27,10.1145/3296979.3192381,10.1007/978-3-642-15375-4_27,10.1145/3296979.3192381,10.1007/978-3-642-15375-4_27,0613090941-06403455074,2018-12-02,included,raw/cs101-citations-p0001-opencitations.json.gz
opencitations,CS101,S221,citations,doi:10.1007/978-3-642-25379-9_19->doi:10.1007/978-3-642-15375-4_27,doi:10.1007/978-3-642-25379-9_19,doi:10.1007/978-3-642-15375-4_27,10.1007/978-3-642-25379-9_19,10.1007/978-3-642-15375-4_27,10.1007/978-3-642-25379-9_19,10.1007/978-3-642-15375-4_27,06203259274-06403455074,2011,included,raw/cs101-citations-p0001-opencitations.json.gz
opencitations,CS101,S221,citations,doi:10.1145/2775051.2676980->doi:10.1007/978-3-642-15375-4_27,doi:10.1145/2775051.2676980,doi:10.1007/978-3-642-15375-4_27,10.1145/2775051.2676980,10.1007/978-3-642-15375-4_27,10.1145/2775051.2676980,10.1007/978-3-642-15375-4_27,0614090765-06403455074,2015-05-11,included,raw/cs101-citations-p0001-opencitations.json.gz
opencitations,CS101,S221,citations,doi:10.1145/3022670.2951943->doi:10.1007/978-3-642-15375-4_27,doi:10.1145/3022670.2951943,doi:10.1007/978-3-642-15375-4_27,10.1145/3022670.2951943,10.1007/978-3-642-15375-4_27,10.1145/3022670.2951943,10.1007/978-3-642-15375-4_27,0613091379-06403455074,2016-12-05,included,raw/cs101-citations-p0001-opencitations.json.gz
opencitations,CS101,S221,citations,doi:10.1145/2914770.2837625->doi:10.1007/978-3-642-15375-4_27,doi:10.1145/2914770.2837625,doi:10.1007/978-3-642-15375-4_27,10.1145/2914770.2837625,10.1007/978-3-642-15375-4_27,10.1145/2914770.2837625,10.1007/978-3-642-15375-4_27,0614090418-06403455074,2016-04-08,included,raw/cs101-citations-p0001-opencitations.json.gz
opencitations,CS101,S221,citations,doi:10.1145/3622827->doi:10.1007/978-3-642-15375-4_27,doi:10.1145/3622827,doi:10.1007/978-3-642-15375-4_27,10.1145/3622827,10.1007/978-3-642-15375-4_27,10.1145/3622827,10.1007/978-3-642-15375-4_27,061604166201-06403455074,,unknown-date,raw/cs101-citations-p0001-opencitations.json.gz
opencitations,CS101,S221,citations,doi:10.1145/3643668->doi:10.1007/978-3-642-15375-4_27,doi:10.1145/3643668,doi:10.1007/978-3-642-15375-4_27,10.1145/3643668,10.1007/978-3-642-15375-4_27,10.1145/3643668,10.1007/978-3-642-15375-4_27,06604683443-06403455074,2024-01-27,included,raw/cs101-citations-p0001-opencitations.json.gz
opencitations,CS101,S221,citations,doi:10.1145/3009837.3009855->doi:10.1007/978-3-642-15375-4_27,doi:10.1145/3009837.3009855,doi:10.1007/978-3-642-15375-4_27,10.1145/3009837.3009855,10.1007/978-3-642-15375-4_27,10.1145/3009837.3009855,10.1007/978-3-642-15375-4_27,061502479223-06403455074,2017-01,included,raw/cs101-citations-p0001-opencitations.json.gz
opencitations,CS101,S221,citations,doi:10.1007/978-3-662-46669-8_14->doi:10.1007/978-3-642-15375-4_27,doi:10.1007/978-3-662-46669-8_14,doi:10.1007/978-3-642-15375-4_27,10.1007/978-3-662-46669-8_14,10.1007/978-3-642-15375-4_27,10.1007/978-3-662-46669-8_14,10.1007/978-3-642-15375-4_27,062402612758-06403455074,2015,included,raw/cs101-citations-p0001-opencitations.json.gz
opencitations,CS101,S221,citations,doi:10.1145/3290371->doi:10.1007/978-3-642-15375-4_27,doi:10.1145/3290371,doi:10.1007/978-3-642-15375-4_27,10.1145/3290371,10.1007/978-3-642-15375-4_27,10.1145/3290371,10.1007/978-3-642-15375-4_27,06202297263-06403455074,2019-01-02,included,raw/cs101-citations-p0001-opencitations.json.gz
opencitations,CS101,S221,citations,doi:10.1007/978-3-030-17184-1_4->doi:10.1007/978-3-642-15375-4_27,doi:10.1007/978-3-030-17184-1_4,doi:10.1007/978-3-642-15375-4_27,10.1007/978-3-030-17184-1_4,10.1007/978-3-642-15375-4_27,10.1007/978-3-030-17184-1_4,10.1007/978-3-642-15375-4_27,062302090468-06403455074,2019,included,raw/cs101-citations-p0001-opencitations.json.gz
opencitations,CS101,S221,citations,doi:10.1145/2480359.2429134->doi:10.1007/978-3-642-15375-4_27,doi:10.1145/2480359.2429134,doi:10.1007/978-3-642-15375-4_27,10.1145/2480359.2429134,10.1007/978-3-642-15375-4_27,10.1145/2480359.2429134,10.1007/978-3-642-15375-4_27,0614090102-06403455074,2013-01-23,included,raw/cs101-citations-p0001-opencitations.json.gz
opencitations,CS101,S221,citations,doi:10.1145/3704847->doi:10.1007/978-3-642-15375-4_27,doi:10.1145/3704847,doi:10.1007/978-3-642-15375-4_27,10.1145/3704847,10.1007/978-3-642-15375-4_27,10.1145/3704847,10.1007/978-3-642-15375-4_27,0606812553-06403455074,2025-01-07,included,raw/cs101-citations-p0001-opencitations.json.gz
opencitations,CS102,S222,references,doi:10.1007/978-3-642-39799-8_11->doi:10.1007/978-3-642-14295-6_40,doi:10.1007/978-3-642-39799-8_11,doi:10.1007/978-3-642-14295-6_40,10.1007/978-3-642-39799-8_11,10.1007/978-3-642-14295-6_40,10.1007/978-3-642-39799-8_11,10.1007/978-3-642-14295-6_40,06503130815-061703036727,2013,included,raw/cs102-references-p0001-opencitations.json.gz
opencitations,CS102,S222,references,doi:10.1007/978-3-642-39799-8_11->doi:10.1145/1993316.1993566,doi:10.1007/978-3-642-39799-8_11,doi:10.1145/1993316.1993566,10.1007/978-3-642-39799-8_11,10.1145/1993316.1993566,10.1007/978-3-642-39799-8_11,10.1145/1993316.1993566,06503130815-0603920653,2013,included,raw/cs102-references-p0001-opencitations.json.gz
opencitations,CS102,S222,references,doi:10.1007/978-3-642-39799-8_11->doi:10.1145/512950.512973,doi:10.1007/978-3-642-39799-8_11,doi:10.1145/512950.512973,10.1007/978-3-642-39799-8_11,10.1145/512950.512973,10.1007/978-3-642-39799-8_11,10.1145/512950.512973,06503130815-061203391378,2013,included,raw/cs102-references-p0001-opencitations.json.gz
opencitations,CS102,S222,references,doi:10.1007/978-3-642-39799-8_11->doi:10.1007/978-3-540-70545-1_37,doi:10.1007/978-3-642-39799-8_11,doi:10.1007/978-3-540-70545-1_37,10.1007/978-3-642-39799-8_11,10.1007/978-3-540-70545-1_37,10.1007/978-3-642-39799-8_11,10.1007/978-3-540-70545-1_37,06503130815-06803506974,2013,included,raw/cs102-references-p0001-opencitations.json.gz
opencitations,CS102,S222,references,doi:10.1007/978-3-642-39799-8_11->doi:10.1007/978-3-540-73368-3_49,doi:10.1007/978-3-642-39799-8_11,doi:10.1007/978-3-540-73368-3_49,10.1007/978-3-642-39799-8_11,10.1007/978-3-540-73368-3_49,10.1007/978-3-642-39799-8_11,10.1007/978-3-540-73368-3_49,06503130815-061503105533,2013,included,raw/cs102-references-p0001-opencitations.json.gz
opencitations,CS102,S222,references,doi:10.1007/978-3-642-39799-8_11->doi:10.1145/1007912.1007944,doi:10.1007/978-3-642-39799-8_11,doi:10.1145/1007912.1007944,10.1007/978-3-642-39799-8_11,10.1145/1007912.1007944,10.1007/978-3-642-39799-8_11,10.1145/1007912.1007944,06503130815-062503363126,2013,included,raw/cs102-references-p0001-opencitations.json.gz
opencitations,CS102,S222,references,doi:10.1007/978-3-642-39799-8_11->doi:10.1145/1810479.1810540,doi:10.1007/978-3-642-39799-8_11,doi:10.1145/1810479.1810540,10.1007/978-3-642-39799-8_11,10.1145/1810479.1810540,10.1007/978-3-642-39799-8_11,10.1145/1810479.1810540,06503130815-062303174930,2013,included,raw/cs102-references-p0001-opencitations.json.gz
opencitations,CS102,S222,references,doi:10.1007/978-3-642-39799-8_11->doi:10.1006/jpdc.2000.1621,doi:10.1007/978-3-642-39799-8_11,doi:10.1006/jpdc.2000.1621,10.1007/978-3-642-39799-8_11,10.1006/jpdc.2000.1621,10.1007/978-3-642-39799-8_11,10.1006/jpdc.2000.1621,06503130815-062603065846,2013,included,raw/cs102-references-p0001-opencitations.json.gz
opencitations,CS102,S222,references,doi:10.1007/978-3-642-39799-8_11->doi:10.1007/978-3-642-31424-7_21,doi:10.1007/978-3-642-39799-8_11,doi:10.1007/978-3-642-31424-7_21,10.1007/978-3-642-39799-8_11,10.1007/978-3-642-31424-7_21,10.1007/978-3-642-39799-8_11,10.1007/978-3-642-31424-7_21,06503130815-06703085370,2013,included,raw/cs102-references-p0001-opencitations.json.gz
opencitations,CS102,S222,references,doi:10.1007/978-3-642-39799-8_11->doi:10.1145/322154.322158,doi:10.1007/978-3-642-39799-8_11,doi:10.1145/322154.322158,10.1007/978-3-642-39799-8_11,10.1145/322154.322158,10.1007/978-3-642-39799-8_11,10.1145/322154.322158,06503130815-061103496372,2013,included,raw/cs102-references-p0001-opencitations.json.gz
opencitations,CS102,S222,references,doi:10.1007/978-3-642-39799-8_11->doi:10.1007/978-3-540-45069-6_27,doi:10.1007/978-3-642-39799-8_11,doi:10.1007/978-3-540-45069-6_27,10.1007/978-3-642-39799-8_11,10.1007/978-3-540-45069-6_27,10.1007/978-3-642-39799-8_11,10.1007/978-3-540-45069-6_27,06503130815-06403532112,2013,included,raw/cs102-references-p0001-opencitations.json.gz
opencitations,CS102,S222,references,doi:10.1007/978-3-642-39799-8_11->doi:10.1145/1073970.1074013,doi:10.1007/978-3-642-39799-8_11,doi:10.1145/1073970.1074013,10.1007/978-3-642-39799-8_11,10.1145/1073970.1074013,10.1007/978-3-642-39799-8_11,10.1145/1073970.1074013,06503130815-061703367212,2013,included,raw/cs102-references-p0001-opencitations.json.gz
opencitations,CS102,S222,references,doi:10.1007/978-3-642-39799-8_11->doi:10.1007/978-3-642-14295-6_41,doi:10.1007/978-3-642-39799-8_11,doi:10.1007/978-3-642-14295-6_41,10.1007/978-3-642-39799-8_11,10.1007/978-3-642-14295-6_41,10.1007/978-3-642-39799-8_11,10.1007/978-3-642-14295-6_41,06503130815-061703036724,2013,included,raw/cs102-references-p0001-opencitations.json.gz
opencitations,CS102,S222,references,doi:10.1007/978-3-642-39799-8_11->doi:10.1145/1835698.1835722,doi:10.1007/978-3-642-39799-8_11,doi:10.1145/1835698.1835722,10.1007/978-3-642-39799-8_11,10.1145/1835698.1835722,10.1007/978-3-642-39799-8_11,10.1145/1835698.1835722,06503130815-061703185906,2013,included,raw/cs102-references-p0001-opencitations.json.gz
opencitations,CS102,S222,references,doi:10.1007/978-3-642-39799-8_11->doi:10.1145/146637.146681,doi:10.1007/978-3-642-39799-8_11,doi:10.1145/146637.146681,10.1007/978-3-642-39799-8_11,10.1145/146637.146681,10.1007/978-3-642-39799-8_11,10.1145/146637.146681,06503130815-06903508983,2013,included,raw/cs102-references-p0001-opencitations.json.gz
opencitations,CS102,S222,references,doi:10.1007/978-3-642-39799-8_11->doi:10.1145/78969.78972,doi:10.1007/978-3-642-39799-8_11,doi:10.1145/78969.78972,10.1007/978-3-642-39799-8_11,10.1145/78969.78972,10.1007/978-3-642-39799-8_11,10.1145/78969.78972,06503130815-06702614122,2013,included,raw/cs102-references-p0001-opencitations.json.gz
opencitations,CS102,S222,citations,doi:10.1145/2983990.2983999->doi:10.1007/978-3-642-39799-8_11,doi:10.1145/2983990.2983999,doi:10.1007/978-3-642-39799-8_11,10.1145/2983990.2983999,10.1007/978-3-642-39799-8_11,10.1145/2983990.2983999,10.1007/978-3-642-39799-8_11,061402461650-06503130815,2016-10-19,included,raw/cs102-citations-p0001-opencitations.json.gz
opencitations,CS102,S222,citations,doi:10.1145/2813885.2737983->doi:10.1007/978-3-642-39799-8_11,doi:10.1145/2813885.2737983,doi:10.1007/978-3-642-39799-8_11,10.1145/2813885.2737983,10.1007/978-3-642-39799-8_11,10.1145/2813885.2737983,10.1007/978-3-642-39799-8_11,0614090636-06503130815,2015-08-07,included,raw/cs102-citations-p0001-opencitations.json.gz
opencitations,CS102,S222,citations,doi:10.1145/3385412.3386029->doi:10.1007/978-3-642-39799-8_11,doi:10.1145/3385412.3386029,doi:10.1007/978-3-642-39799-8_11,10.1145/3385412.3386029,10.1007/978-3-642-39799-8_11,10.1145/3385412.3386029,10.1007/978-3-642-39799-8_11,06702087742-06503130815,2020-06-06,included,raw/cs102-citations-p0001-opencitations.json.gz
opencitations,CS102,S222,citations,doi:10.1007/978-3-319-21668-3_1->doi:10.1007/978-3-642-39799-8_11,doi:10.1007/978-3-319-21668-3_1,doi:10.1007/978-3-642-39799-8_11,10.1007/978-3-319-21668-3_1,10.1007/978-3-642-39799-8_11,10.1007/978-3-319-21668-3_1,10.1007/978-3-642-39799-8_11,062102590921-06503130815,2015,included,raw/cs102-citations-p0001-opencitations.json.gz
opencitations,CS102,S222,citations,doi:10.1145/2737924.2737983->doi:10.1007/978-3-642-39799-8_11,doi:10.1145/2737924.2737983,doi:10.1007/978-3-642-39799-8_11,10.1145/2737924.2737983,10.1007/978-3-642-39799-8_11,10.1145/2737924.2737983,10.1007/978-3-642-39799-8_11,062502531891-06503130815,2015-06-03,included,raw/cs102-citations-p0001-opencitations.json.gz
opencitations,CS102,S222,citations,doi:10.1007/978-3-662-53413-7_4->doi:10.1007/978-3-642-39799-8_11,doi:10.1007/978-3-662-53413-7_4,doi:10.1007/978-3-642-39799-8_11,10.1007/978-3-662-53413-7_4,10.1007/978-3-642-39799-8_11,10.1007/978-3-662-53413-7_4,10.1007/978-3-642-39799-8_11,06802460122-06503130815,2016,included,raw/cs102-citations-p0001-opencitations.json.gz
opencitations,CS102,S222,citations,doi:10.1145/3729328->doi:10.1007/978-3-642-39799-8_11,doi:10.1145/3729328,doi:10.1007/978-3-642-39799-8_11,10.1145/3729328,10.1007/978-3-642-39799-8_11,10.1145/3729328,10.1007/978-3-642-39799-8_11,06010419636-06503130815,2025-06-10,included,raw/cs102-citations-p0001-opencitations.json.gz
opencitations,CS102,S222,citations,doi:10.1145/3018743.3018749->doi:10.1007/978-3-642-39799-8_11,doi:10.1145/3018743.3018749,doi:10.1007/978-3-642-39799-8_11,10.1145/3018743.3018749,10.1007/978-3-642-39799-8_11,10.1145/3018743.3018749,10.1007/978-3-642-39799-8_11,06701903425-06503130815,2017-01-26,included,raw/cs102-citations-p0001-opencitations.json.gz
opencitations,CS102,S222,citations,doi:10.1007/978-3-319-96145-3_26->doi:10.1007/978-3-642-39799-8_11,doi:10.1007/978-3-319-96145-3_26,doi:10.1007/978-3-642-39799-8_11,10.1007/978-3-319-96145-3_26,10.1007/978-3-642-39799-8_11,10.1007/978-3-319-96145-3_26,10.1007/978-3-642-39799-8_11,061102209769-06503130815,2018,included,raw/cs102-citations-p0001-opencitations.json.gz
opencitations,CS102,S222,citations,doi:10.1145/2796550->doi:10.1007/978-3-642-39799-8_11,doi:10.1145/2796550,doi:10.1007/978-3-642-39799-8_11,10.1145/2796550,10.1007/978-3-642-39799-8_11,10.1145/2796550,10.1007/978-3-642-39799-8_11,062601631897-06503130815,2015-11-21,included,raw/cs102-citations-p0001-opencitations.json.gz
opencitations,CS102,S222,citations,doi:10.1007/978-3-030-31157-5_10->doi:10.1007/978-3-642-39799-8_11,doi:10.1007/978-3-030-31157-5_10,doi:10.1007/978-3-642-39799-8_11,10.1007/978-3-030-31157-5_10,10.1007/978-3-642-39799-8_11,10.1007/978-3-030-31157-5_10,10.1007/978-3-642-39799-8_11,062102012839-06503130815,2019,included,raw/cs102-citations-p0001-opencitations.json.gz
opencitations,CS102,S222,citations,doi:10.1145/3155284.3018749->doi:10.1007/978-3-642-39799-8_11,doi:10.1145/3155284.3018749,doi:10.1007/978-3-642-39799-8_11,10.1145/3155284.3018749,10.1007/978-3-642-39799-8_11,10.1145/3155284.3018749,10.1007/978-3-642-39799-8_11,0613091085-06503130815,2017-10-26,included,raw/cs102-citations-p0001-opencitations.json.gz
opencitations,CS102,S222,citations,doi:10.1145/3158113->doi:10.1007/978-3-642-39799-8_11,doi:10.1145/3158113,doi:10.1007/978-3-642-39799-8_11,10.1145/3158113,10.1007/978-3-642-39799-8_11,10.1145/3158113,10.1007/978-3-642-39799-8_11,06202297463-06503130815,2018-01,included,raw/cs102-citations-p0001-opencitations.json.gz
opencitations,CS102,S222,citations,doi:10.1145/3341301.3359644->doi:10.1007/978-3-642-39799-8_11,doi:10.1145/3341301.3359644,doi:10.1007/978-3-642-39799-8_11,10.1145/3341301.3359644,10.1007/978-3-642-39799-8_11,10.1145/3341301.3359644,10.1007/978-3-642-39799-8_11,062402269837-06503130815,2019-10-27,included,raw/cs102-citations-p0001-opencitations.json.gz
opencitations,CS102,S222,citations,doi:10.1007/978-3-662-48653-5_25->doi:10.1007/978-3-642-39799-8_11,doi:10.1007/978-3-662-48653-5_25,doi:10.1007/978-3-642-39799-8_11,10.1007/978-3-662-48653-5_25,10.1007/978-3-642-39799-8_11,10.1007/978-3-662-48653-5_25,10.1007/978-3-642-39799-8_11,061402577688-06503130815,2015,included,raw/cs102-citations-p0001-opencitations.json.gz
opencitations,CS102,S222,citations,doi:10.1145/3022671.2983999->doi:10.1007/978-3-642-39799-8_11,doi:10.1145/3022671.2983999,doi:10.1007/978-3-642-39799-8_11,10.1145/3022671.2983999,10.1007/978-3-642-39799-8_11,10.1145/3022671.2983999,10.1007/978-3-642-39799-8_11,0613091409-06503130815,2016-12-05,included,raw/cs102-citations-p0001-opencitations.json.gz
opencitations,CS102,S222,citations,doi:10.1007/978-3-319-63390-9_28->doi:10.1007/978-3-642-39799-8_11,doi:10.1007/978-3-319-63390-9_28,doi:10.1007/978-3-642-39799-8_11,10.1007/978-3-319-63390-9_28,10.1007/978-3-642-39799-8_11,10.1007/978-3-319-63390-9_28,10.1007/978-3-642-39799-8_11,06302631836-06503130815,2017,included,raw/cs102-citations-p0001-opencitations.json.gz
opencitations,CS102,S222,citations,doi:10.1007/978-3-030-34992-9_6->doi:10.1007/978-3-642-39799-8_11,doi:10.1007/978-3-030-34992-9_6,doi:10.1007/978-3-642-39799-8_11,10.1007/978-3-030-34992-9_6,10.1007/978-3-642-39799-8_11,10.1007/978-3-030-34992-9_6,10.1007/978-3-642-39799-8_11,061102047448-06503130815,2019,included,raw/cs102-citations-p0001-opencitations.json.gz
opencitations,CS102,S222,citations,doi:10.1145/2914770.2837645->doi:10.1007/978-3-642-39799-8_11,doi:10.1145/2914770.2837645,doi:10.1007/978-3-642-39799-8_11,10.1145/2914770.2837645,10.1007/978-3-642-39799-8_11,10.1145/2914770.2837645,10.1007/978-3-642-39799-8_11,0614090396-06503130815,2016-04-08,included,raw/cs102-citations-p0001-opencitations.json.gz
opencitations,CS102,S222,citations,doi:10.1007/978-3-030-44914-8_11->doi:10.1007/978-3-642-39799-8_11,doi:10.1007/978-3-030-44914-8_11,doi:10.1007/978-3-642-39799-8_11,10.1007/978-3-030-44914-8_11,10.1007/978-3-642-39799-8_11,10.1007/978-3-030-44914-8_11,10.1007/978-3-642-39799-8_11,062101997306-06503130815,2020,included,raw/cs102-citations-p0001-opencitations.json.gz
opencitations,CS102,S222,citations,doi:10.1145/2837614.2837645->doi:10.1007/978-3-642-39799-8_11,doi:10.1145/2837614.2837645,doi:10.1007/978-3-642-39799-8_11,10.1145/2837614.2837645,10.1007/978-3-642-39799-8_11,10.1145/2837614.2837645,10.1007/978-3-642-39799-8_11,06101947574-06503130815,2016-01-11,included,raw/cs102-citations-p0001-opencitations.json.gz
opencitations,CS102,S222,citations,doi:10.1007/978-3-319-42089-9_20->doi:10.1007/978-3-642-39799-8_11,doi:10.1007/978-3-319-42089-9_20,doi:10.1007/978-3-642-39799-8_11,10.1007/978-3-319-42089-9_20,10.1007/978-3-642-39799-8_11,10.1007/978-3-319-42089-9_20,10.1007/978-3-642-39799-8_11,061202416068-06503130815,2016,included,raw/cs102-citations-p0001-opencitations.json.gz
opencitations,CS102,S222,citations,doi:10.1145/3485490->doi:10.1007/978-3-642-39799-8_11,doi:10.1145/3485490,doi:10.1007/978-3-642-39799-8_11,10.1145/3485490,10.1007/978-3-642-39799-8_11,10.1145/3485490,10.1007/978-3-642-39799-8_11,06202296786-06503130815,2021-10-20,included,raw/cs102-citations-p0001-opencitations.json.gz
opencitations,CS103,S223,references,doi:10.1007/978-3-662-46669-8_14->doi:10.1109/lics.2007.30,doi:10.1007/978-3-662-46669-8_14,doi:10.1109/lics.2007.30,10.1007/978-3-662-46669-8_14,10.1109/lics.2007.30,10.1007/978-3-662-46669-8_14,10.1109/lics.2007.30,062402612758-062603260709,2015,included,raw/cs103-references-p0001-opencitations.json.gz
opencitations,CS103,S223,references,doi:10.1007/978-3-662-46669-8_14->doi:10.1145/1926385.1926417,doi:10.1007/978-3-662-46669-8_14,doi:10.1145/1926385.1926417,10.1007/978-3-662-46669-8_14,10.1145/1926385.1926417,10.1007/978-3-662-46669-8_14,10.1145/1926385.1926417,062402612758-061503155782,2015,included,raw/cs103-references-p0001-opencitations.json.gz
opencitations,CS103,S223,references,doi:10.1007/978-3-662-46669-8_14->doi:10.1007/978-3-642-15769-1_10,doi:10.1007/978-3-662-46669-8_14,doi:10.1007/978-3-642-15769-1_10,10.1007/978-3-662-46669-8_14,10.1007/978-3-642-15769-1_10,10.1007/978-3-662-46669-8_14,10.1007/978-3-642-15769-1_10,062402612758-062503019880,2015,included,raw/cs103-references-p0001-opencitations.json.gz
opencitations,CS103,S223,references,doi:10.1007/978-3-662-46669-8_14->doi:10.1007/978-3-642-54833-8_9,doi:10.1007/978-3-662-46669-8_14,doi:10.1007/978-3-642-54833-8_9,10.1007/978-3-662-46669-8_14,10.1007/978-3-642-54833-8_9,10.1007/978-3-662-46669-8_14,10.1007/978-3-642-54833-8_9,062402612758-062302661864,2015,included,raw/cs103-references-p0001-opencitations.json.gz
opencitations,CS103,S223,references,doi:10.1007/978-3-662-46669-8_14->doi:10.1007/978-3-642-54833-8_16,doi:10.1007/978-3-662-46669-8_14,doi:10.1007/978-3-642-54833-8_16,10.1007/978-3-662-46669-8_14,10.1007/978-3-642-54833-8_16,10.1007/978-3-662-46669-8_14,10.1007/978-3-642-54833-8_16,062402612758-062302661838,2015,included,raw/cs103-references-p0001-opencitations.json.gz
opencitations,CS103,S223,references,doi:10.1007/978-3-662-46669-8_14->doi:10.1007/978-3-662-44202-9_9,doi:10.1007/978-3-662-46669-8_14,doi:10.1007/978-3-662-44202-9_9,10.1007/978-3-662-46669-8_14,10.1007/978-3-662-44202-9_9,10.1007/978-3-662-46669-8_14,10.1007/978-3-662-44202-9_9,062402612758-062102644433,2015,included,raw/cs103-references-p0001-opencitations.json.gz
opencitations,CS103,S223,references,doi:10.1007/978-3-662-46669-8_14->doi:10.1145/2491956.2462189,doi:10.1007/978-3-662-46669-8_14,doi:10.1145/2491956.2462189,10.1007/978-3-662-46669-8_14,10.1145/2491956.2462189,10.1007/978-3-662-46669-8_14,10.1145/2491956.2462189,062402612758-062402933996,2015,included,raw/cs103-references-p0001-opencitations.json.gz
opencitations,CS103,S223,references,doi:10.1007/978-3-662-46669-8_14->doi:10.1145/1810479.1810540,doi:10.1007/978-3-662-46669-8_14,doi:10.1145/1810479.1810540,10.1007/978-3-662-46669-8_14,10.1145/1810479.1810540,10.1007/978-3-662-46669-8_14,10.1145/1810479.1810540,062402612758-062303174930,2015,included,raw/cs103-references-p0001-opencitations.json.gz
opencitations,CS103,S223,references,doi:10.1007/978-3-662-46669-8_14->doi:10.1145/1480881.1480922,doi:10.1007/978-3-662-46669-8_14,doi:10.1145/1480881.1480922,10.1007/978-3-662-46669-8_14,10.1145/1480881.1480922,10.1007/978-3-662-46669-8_14,10.1145/1480881.1480922,062402612758-061503225188,2015,included,raw/cs103-references-p0001-opencitations.json.gz
opencitations,CS103,S223,references,doi:10.1007/978-3-662-46669-8_14->doi:10.1145/2103656.2103711,doi:10.1007/978-3-662-46669-8_14,doi:10.1145/2103656.2103711,10.1007/978-3-662-46669-8_14,10.1145/2103656.2103711,10.1007/978-3-662-46669-8_14,10.1145/2103656.2103711,062402612758-061402975819,2015,included,raw/cs103-references-p0001-opencitations.json.gz
opencitations,CS103,S223,references,doi:10.1007/978-3-662-46669-8_14->doi:10.1007/978-3-540-71316-6_13,doi:10.1007/978-3-662-46669-8_14,doi:10.1007/978-3-540-71316-6_13,10.1007/978-3-662-46669-8_14,10.1007/978-3-540-71316-6_13,10.1007/978-3-662-46669-8_14,10.1007/978-3-540-71316-6_13,062402612758-06903122036,2015,included,raw/cs103-references-p0001-opencitations.json.gz
opencitations,CS103,S223,references,doi:10.1007/978-3-662-46669-8_14->doi:10.1145/2429069.2429111,doi:10.1007/978-3-662-46669-8_14,doi:10.1145/2429069.2429111,10.1007/978-3-662-46669-8_14,10.1145/2429069.2429111,10.1007/978-3-662-46669-8_14,10.1145/2429069.2429111,062402612758-061502962516,2015,included,raw/cs103-references-p0001-opencitations.json.gz
opencitations,CS103,S223,references,doi:10.1007/978-3-662-46669-8_14->doi:10.1007/978-3-642-15375-4_27,doi:10.1007/978-3-662-46669-8_14,doi:10.1007/978-3-642-15375-4_27,10.1007/978-3-662-46669-8_14,10.1007/978-3-642-15375-4_27,10.1007/978-3-662-46669-8_14,10.1007/978-3-642-15375-4_27,062402612758-06403455074,2015,included,raw/cs103-references-p0001-opencitations.json.gz
opencitations,CS103,S223,references,doi:10.1007/978-3-662-46669-8_14->doi:10.1007/978-3-642-32940-1_19,doi:10.1007/978-3-662-46669-8_14,doi:10.1007/978-3-642-32940-1_19,10.1007/978-3-662-46669-8_14,10.1007/978-3-642-32940-1_19,10.1007/978-3-662-46669-8_14,10.1007/978-3-642-32940-1_19,062402612758-061602767134,2015,included,raw/cs103-references-p0001-opencitations.json.gz
opencitations,CS103,S223,references,doi:10.1007/978-3-662-46669-8_14->doi:10.1007/978-3-642-14107-2_24,doi:10.1007/978-3-662-46669-8_14,doi:10.1007/978-3-642-14107-2_24,10.1007/978-3-662-46669-8_14,10.1007/978-3-642-14107-2_24,10.1007/978-3-662-46669-8_14,10.1007/978-3-642-14107-2_24,062402612758-062503019140,2015,included,raw/cs103-references-p0001-opencitations.json.gz
opencitations,CS103,S223,references,doi:10.1007/978-3-662-46669-8_14->doi:10.1145/2429069.2429134,doi:10.1007/978-3-662-46669-8_14,doi:10.1145/2429069.2429134,10.1007/978-3-662-46669-8_14,10.1145/2429069.2429134,10.1007/978-3-662-46669-8_14,10.1145/2429069.2429134,062402612758-061502962810,2015,included,raw/cs103-references-p0001-opencitations.json.gz
opencitations,CS103,S223,references,doi:10.1007/978-3-662-46669-8_14->doi:10.1016/j.tcs.2006.12.034,doi:10.1007/978-3-662-46669-8_14,doi:10.1016/j.tcs.2006.12.034,10.1007/978-3-662-46669-8_14,10.1016/j.tcs.2006.12.034,10.1007/978-3-662-46669-8_14,10.1016/j.tcs.2006.12.034,062402612758-0660805778,2015,included,raw/cs103-references-p0001-opencitations.json.gz
opencitations,CS103,S223,references,doi:10.1007/978-3-662-46669-8_14->doi:10.1007/978-3-540-74407-8_18,doi:10.1007/978-3-662-46669-8_14,doi:10.1007/978-3-540-74407-8_18,10.1007/978-3-662-46669-8_14,10.1007/978-3-540-74407-8_18,10.1007/978-3-662-46669-8_14,10.1007/978-3-540-74407-8_18,062402612758-062403101181,2015,included,raw/cs103-references-p0001-opencitations.json.gz
opencitations,CS103,S223,references,doi:10.1007/978-3-662-46669-8_14->doi:10.1007/978-3-642-37036-6_11,doi:10.1007/978-3-662-46669-8_14,doi:10.1007/978-3-642-37036-6_11,10.1007/978-3-662-46669-8_14,10.1007/978-3-642-37036-6_11,10.1007/978-3-662-46669-8_14,10.1007/978-3-642-37036-6_11,062402612758-06503137934,2015,included,raw/cs103-references-p0001-opencitations.json.gz
opencitations,CS103,S223,references,doi:10.1007/978-3-662-46669-8_14->doi:10.1007/978-3-642-12002-2_25,doi:10.1007/978-3-662-46669-8_14,doi:10.1007/978-3-642-12002-2_25,10.1007/978-3-662-46669-8_14,10.1007/978-3-642-12002-2_25,10.1007/978-3-662-46669-8_14,10.1007/978-3-642-12002-2_25,062402612758-061703036202,2015,included,raw/cs103-references-p0001-opencitations.json.gz
opencitations,CS103,S223,references,doi:10.1007/978-3-662-46669-8_14->doi:10.1145/1835698.1835722,doi:10.1007/978-3-662-46669-8_14,doi:10.1145/1835698.1835722,10.1007/978-3-662-46669-8_14,10.1145/1835698.1835722,10.1007/978-3-662-46669-8_14,10.1145/1835698.1835722,062402612758-061703185906,2015,included,raw/cs103-references-p0001-opencitations.json.gz
opencitations,CS103,S223,references,doi:10.1007/978-3-662-46669-8_14->doi:10.1007/978-3-642-37036-6_15,doi:10.1007/978-3-662-46669-8_14,doi:10.1007/978-3-642-37036-6_15,10.1007/978-3-662-46669-8_14,10.1007/978-3-642-37036-6_15,10.1007/978-3-662-46669-8_14,10.1007/978-3-642-37036-6_15,062402612758-06503137918,2015,included,raw/cs103-references-p0001-opencitations.json.gz
opencitations,CS103,S223,references,doi:10.1007/978-3-662-46669-8_14->doi:10.1007/978-3-662-43951-7_9,doi:10.1007/978-3-662-46669-8_14,doi:10.1007/978-3-662-43951-7_9,10.1007/978-3-662-46669-8_14,10.1007/978-3-662-43951-7_9,10.1007/978-3-662-46669-8_14,10.1007/978-3-662-43951-7_9,062402612758-06603066929,2015,included,raw/cs103-references-p0001-opencitations.json.gz
opencitations,CS103,S223,references,doi:10.1007/978-3-662-46669-8_14->doi:10.1145/360051.360224,doi:10.1007/978-3-662-46669-8_14,doi:10.1145/360051.360224,10.1007/978-3-662-46669-8_14,10.1145/360051.360224,10.1007/978-3-662-46669-8_14,10.1145/360051.360224,062402612758-061203479329,2015,included,raw/cs103-references-p0001-opencitations.json.gz
opencitations,CS103,S223,references,doi:10.1007/978-3-662-46669-8_14->doi:10.1016/j.tcs.2010.09.021,doi:10.1007/978-3-662-46669-8_14,doi:10.1016/j.tcs.2010.09.021,10.1007/978-3-662-46669-8_14,10.1016/j.tcs.2010.09.021,10.1007/978-3-662-46669-8_14,10.1016/j.tcs.2010.09.021,062402612758-0650807804,2015,included,raw/cs103-references-p0001-opencitations.json.gz
opencitations,CS103,S223,references,doi:10.1007/978-3-662-46669-8_14->doi:10.1016/j.tcs.2006.12.035,doi:10.1007/978-3-662-46669-8_14,doi:10.1016/j.tcs.2006.12.035,10.1007/978-3-662-46669-8_14,10.1016/j.tcs.2006.12.035,10.1007/978-3-662-46669-8_14,10.1016/j.tcs.2006.12.035,062402612758-0660805781,2015,included,raw/cs103-references-p0001-opencitations.json.gz
opencitations,CS103,S223,references,doi:10.1007/978-3-662-46669-8_14->doi:10.1145/78969.78972,doi:10.1007/978-3-662-46669-8_14,doi:10.1145/78969.78972,10.1007/978-3-662-46669-8_14,10.1145/78969.78972,10.1007/978-3-662-46669-8_14,10.1145/78969.78972,062402612758-06702614122,2015,included,raw/cs103-references-p0001-opencitations.json.gz
opencitations,CS103,S223,references,doi:10.1007/978-3-662-46669-8_14->doi:10.1145/2500365.2500600,doi:10.1007/978-3-662-46669-8_14,doi:10.1145/2500365.2500600,10.1007/978-3-662-46669-8_14,10.1145/2500365.2500600,10.1007/978-3-662-46669-8_14,10.1145/2500365.2500600,062402612758-061102942728,2015,included,raw/cs103-references-p0001-opencitations.json.gz
opencitations,CS103,S223,citations,doi:10.1007/978-3-662-54434-1_36->doi:10.1007/978-3-662-46669-8_14,doi:10.1007/978-3-662-54434-1_36,doi:10.1007/978-3-662-46669-8_14,10.1007/978-3-662-54434-1_36,10.1007/978-3-662-46669-8_14,10.1007/978-3-662-54434-1_36,10.1007/978-3-662-46669-8_14,062302394780-062402612758,2017,included,raw/cs103-citations-p0001-opencitations.json.gz
opencitations,CS103,S223,citations,doi:10.1007/978-3-030-44914-8_16->doi:10.1007/978-3-662-46669-8_14,doi:10.1007/978-3-030-44914-8_16,doi:10.1007/978-3-662-46669-8_14,10.1007/978-3-030-44914-8_16,10.1007/978-3-662-46669-8_14,10.1007/978-3-030-44914-8_16,10.1007/978-3-662-46669-8_14,062101997301-062402612758,2020,included,raw/cs103-citations-p0001-opencitations.json.gz
opencitations,CS103,S223,citations,doi:10.1145/3428196->doi:10.1007/978-3-662-46669-8_14,doi:10.1145/3428196,doi:10.1007/978-3-662-46669-8_14,10.1145/3428196,10.1007/978-3-662-46669-8_14,10.1145/3428196,10.1007/978-3-662-46669-8_14,06202296976-062402612758,2020-11-13,included,raw/cs103-citations-p0001-opencitations.json.gz
opencitations,CS103,S223,citations,doi:10.1145/2983990.2983999->doi:10.1007/978-3-662-46669-8_14,doi:10.1145/2983990.2983999,doi:10.1007/978-3-662-46669-8_14,10.1145/2983990.2983999,10.1007/978-3-662-46669-8_14,10.1145/2983990.2983999,10.1007/978-3-662-46669-8_14,061402461650-062402612758,2016-10-19,included,raw/cs103-citations-p0001-opencitations.json.gz
opencitations,CS103,S223,citations,doi:10.1007/978-3-030-39322-9_19->doi:10.1007/978-3-662-46669-8_14,doi:10.1007/978-3-030-39322-9_19,doi:10.1007/978-3-662-46669-8_14,10.1007/978-3-030-39322-9_19,10.1007/978-3-662-46669-8_14,10.1007/978-3-030-39322-9_19,10.1007/978-3-662-46669-8_14,06302416341-062402612758,2020,included,raw/cs103-citations-p0001-opencitations.json.gz
opencitations,CS103,S223,citations,doi:10.1145/3371113->doi:10.1007/978-3-662-46669-8_14,doi:10.1145/3371113,doi:10.1007/978-3-662-46669-8_14,10.1145/3371113,10.1007/978-3-662-46669-8_14,10.1145/3371113,10.1007/978-3-662-46669-8_14,06202297127-062402612758,2020-01,included,raw/cs103-citations-p0001-opencitations.json.gz
opencitations,CS103,S223,citations,doi:10.1007/978-3-030-03418-4_22->doi:10.1007/978-3-662-46669-8_14,doi:10.1007/978-3-030-03418-4_22,doi:10.1007/978-3-662-46669-8_14,10.1007/978-3-030-03418-4_22,10.1007/978-3-662-46669-8_14,10.1007/978-3-030-03418-4_22,10.1007/978-3-662-46669-8_14,062102146439-062402612758,2018,included,raw/cs103-citations-p0001-opencitations.json.gz
opencitations,CS103,S223,citations,doi:10.1109/icpc.2019.00041->doi:10.1007/978-3-662-46669-8_14,doi:10.1109/icpc.2019.00041,doi:10.1007/978-3-662-46669-8_14,10.1109/icpc.2019.00041,10.1007/978-3-662-46669-8_14,10.1109/icpc.2019.00041,10.1007/978-3-662-46669-8_14,061202277554-062402612758,2019-05,included,raw/cs103-citations-p0001-opencitations.json.gz
opencitations,CS103,S223,citations,doi:10.1145/3064850->doi:10.1007/978-3-662-46669-8_14,doi:10.1145/3064850,doi:10.1007/978-3-662-46669-8_14,10.1145/3064850,10.1007/978-3-662-46669-8_14,10.1145/3064850,10.1007/978-3-662-46669-8_14,06602632567-062402612758,2017-09-30,included,raw/cs103-citations-p0001-opencitations.json.gz
opencitations,CS103,S223,citations,doi:10.1145/3563337->doi:10.1007/978-3-662-46669-8_14,doi:10.1145/3563337,doi:10.1007/978-3-662-46669-8_14,10.1145/3563337,10.1007/978-3-662-46669-8_14,10.1145/3563337,10.1007/978-3-662-46669-8_14,061203551039-062402612758,2022-10-31,included,raw/cs103-citations-p0001-opencitations.json.gz
opencitations,CS103,S223,citations,doi:10.1145/3636501.3636940->doi:10.1007/978-3-662-46669-8_14,doi:10.1145/3636501.3636940,doi:10.1007/978-3-662-46669-8_14,10.1145/3636501.3636940,10.1007/978-3-662-46669-8_14,10.1145/3636501.3636940,10.1007/978-3-662-46669-8_14,061604139261-062402612758,2024-01-09,included,raw/cs103-citations-p0001-opencitations.json.gz
opencitations,CS103,S223,citations,doi:10.1145/3473586->doi:10.1007/978-3-662-46669-8_14,doi:10.1145/3473586,doi:10.1007/978-3-662-46669-8_14,10.1145/3473586,10.1007/978-3-662-46669-8_14,10.1145/3473586,10.1007/978-3-662-46669-8_14,06202296832-062402612758,2021-08-22,included,raw/cs103-citations-p0001-opencitations.json.gz
opencitations,CS103,S223,citations,doi:10.1007/978-3-319-72308-2_12->doi:10.1007/978-3-662-46669-8_14,doi:10.1007/978-3-319-72308-2_12,doi:10.1007/978-3-662-46669-8_14,10.1007/978-3-319-72308-2_12,10.1007/978-3-662-46669-8_14,10.1007/978-3-319-72308-2_12,10.1007/978-3-662-46669-8_14,061202222645-062402612758,2017,included,raw/cs103-citations-p0001-opencitations.json.gz
opencitations,CS103,S223,citations,doi:10.1145/2737924.2737964->doi:10.1007/978-3-662-46669-8_14,doi:10.1145/2737924.2737964,doi:10.1007/978-3-662-46669-8_14,10.1145/2737924.2737964,10.1007/978-3-662-46669-8_14,10.1145/2737924.2737964,10.1007/978-3-662-46669-8_14,062502532147-062402612758,2015-06-03,included,raw/cs103-citations-p0001-opencitations.json.gz
opencitations,CS103,S223,citations,doi:10.1145/3133911->doi:10.1007/978-3-662-46669-8_14,doi:10.1145/3133911,doi:10.1007/978-3-662-46669-8_14,10.1145/3133911,10.1007/978-3-662-46669-8_14,10.1145/3133911,10.1007/978-3-662-46669-8_14,06202297522-062402612758,2017-10-12,included,raw/cs103-citations-p0001-opencitations.json.gz
opencitations,CS103,S223,citations,doi:10.1007/978-3-319-96145-3_26->doi:10.1007/978-3-662-46669-8_14,doi:10.1007/978-3-319-96145-3_26,doi:10.1007/978-3-662-46669-8_14,10.1007/978-3-319-96145-3_26,10.1007/978-3-662-46669-8_14,10.1007/978-3-319-96145-3_26,10.1007/978-3-662-46669-8_14,061102209769-062402612758,2018,included,raw/cs103-citations-p0001-opencitations.json.gz
opencitations,CS103,S223,citations,doi:10.1145/3477082->doi:10.1007/978-3-662-46669-8_14,doi:10.1145/3477082,doi:10.1007/978-3-662-46669-8_14,10.1145/3477082,10.1007/978-3-662-46669-8_14,10.1145/3477082,10.1007/978-3-662-46669-8_14,06602632488-062402612758,2021-12-31,included,raw/cs103-citations-p0001-opencitations.json.gz
opencitations,CS103,S223,citations,doi:10.1145/3158113->doi:10.1007/978-3-662-46669-8_14,doi:10.1145/3158113,doi:10.1007/978-3-662-46669-8_14,10.1145/3158113,10.1007/978-3-662-46669-8_14,10.1145/3158113,10.1007/978-3-662-46669-8_14,06202297463-062402612758,2018-01,included,raw/cs103-citations-p0001-opencitations.json.gz
opencitations,CS103,S223,citations,doi:10.1145/2813885.2737964->doi:10.1007/978-3-662-46669-8_14,doi:10.1145/2813885.2737964,doi:10.1007/978-3-662-46669-8_14,10.1145/2813885.2737964,10.1007/978-3-662-46669-8_14,10.1145/2813885.2737964,10.1007/978-3-662-46669-8_14,0614090667-062402612758,2015-08-07,included,raw/cs103-citations-p0001-opencitations.json.gz
opencitations,CS103,S223,citations,doi:10.1145/3519939.3523451->doi:10.1007/978-3-662-46669-8_14,doi:10.1145/3519939.3523451,doi:10.1007/978-3-662-46669-8_14,10.1145/3519939.3523451,10.1007/978-3-662-46669-8_14,10.1145/3519939.3523451,10.1007/978-3-662-46669-8_14,061502954671-062402612758,2022-06-09,included,raw/cs103-citations-p0001-opencitations.json.gz
opencitations,CS103,S223,citations,doi:10.1007/978-3-662-48653-5_25->doi:10.1007/978-3-662-46669-8_14,doi:10.1007/978-3-662-48653-5_25,doi:10.1007/978-3-662-46669-8_14,10.1007/978-3-662-48653-5_25,10.1007/978-3-662-46669-8_14,10.1007/978-3-662-48653-5_25,10.1007/978-3-662-46669-8_14,061402577688-062402612758,2015,included,raw/cs103-citations-p0001-opencitations.json.gz
opencitations,CS103,S223,citations,doi:10.1145/3022671.2983999->doi:10.1007/978-3-662-46669-8_14,doi:10.1145/3022671.2983999,doi:10.1007/978-3-662-46669-8_14,10.1145/3022671.2983999,10.1007/978-3-662-46669-8_14,10.1145/3022671.2983999,10.1007/978-3-662-46669-8_14,0613091409-062402612758,2016-12-05,included,raw/cs103-citations-p0001-opencitations.json.gz
opencitations,CS103,S223,citations,doi:10.1145/3591296->doi:10.1007/978-3-662-46669-8_14,doi:10.1145/3591296,doi:10.1007/978-3-662-46669-8_14,10.1145/3591296,10.1007/978-3-662-46669-8_14,10.1145/3591296,10.1007/978-3-662-46669-8_14,062203928095-062402612758,2023-06-06,included,raw/cs103-citations-p0001-opencitations.json.gz
opencitations,CS103,S223,citations,doi:10.1016/j.sysarc.2023.103049->doi:10.1007/978-3-662-46669-8_14,doi:10.1016/j.sysarc.2023.103049,doi:10.1007/978-3-662-46669-8_14,10.1016/j.sysarc.2023.103049,10.1007/978-3-662-46669-8_14,10.1016/j.sysarc.2023.103049,10.1007/978-3-662-46669-8_14,06330382205-062402612758,2024-02,included,raw/cs103-citations-p0001-opencitations.json.gz
opencitations,CS103,S223,citations,doi:10.1007/978-3-319-48989-6_26->doi:10.1007/978-3-662-46669-8_14,doi:10.1007/978-3-319-48989-6_26,doi:10.1007/978-3-662-46669-8_14,10.1007/978-3-319-48989-6_26,10.1007/978-3-662-46669-8_14,10.1007/978-3-319-48989-6_26,10.1007/978-3-662-46669-8_14,06602804397-062402612758,2016,included,raw/cs103-citations-p0001-opencitations.json.gz
opencitations,CS103,S223,citations,doi:10.1145/3236772->doi:10.1007/978-3-662-46669-8_14,doi:10.1145/3236772,doi:10.1007/978-3-662-46669-8_14,10.1145/3236772,10.1007/978-3-662-46669-8_14,10.1145/3236772,10.1007/978-3-662-46669-8_14,06202297394-062402612758,2018-07-30,included,raw/cs103-citations-p0001-opencitations.json.gz
opencitations,CS103,S223,citations,doi:10.1145/3296979.3192381->doi:10.1007/978-3-662-46669-8_14,doi:10.1145/3296979.3192381,doi:10.1007/978-3-662-46669-8_14,10.1145/3296979.3192381,10.1007/978-3-662-46669-8_14,10.1145/3296979.3192381,10.1007/978-3-662-46669-8_14,0613090941-062402612758,2018-12-02,included,raw/cs103-citations-p0001-opencitations.json.gz
opencitations,CS103,S223,citations,doi:10.1007/978-3-030-61362-4_24->doi:10.1007/978-3-662-46669-8_14,doi:10.1007/978-3-030-61362-4_24,doi:10.1007/978-3-662-46669-8_14,10.1007/978-3-030-61362-4_24,10.1007/978-3-662-46669-8_14,10.1007/978-3-030-61362-4_24,10.1007/978-3-662-46669-8_14,061601897239-062402612758,2020,included,raw/cs103-citations-p0001-opencitations.json.gz
opencitations,CS103,S223,citations,doi:10.1109/iceccs51672.2020.00013->doi:10.1007/978-3-662-46669-8_14,doi:10.1109/iceccs51672.2020.00013,doi:10.1007/978-3-662-46669-8_14,10.1109/iceccs51672.2020.00013,10.1007/978-3-662-46669-8_14,10.1109/iceccs51672.2020.00013,10.1007/978-3-662-46669-8_14,06203614343-062402612758,2020-10,included,raw/cs103-citations-p0001-opencitations.json.gz
opencitations,CS103,S223,citations,doi:10.1145/3290381->doi:10.1007/978-3-662-46669-8_14,doi:10.1145/3290381,doi:10.1007/978-3-662-46669-8_14,10.1145/3290381,10.1007/978-3-662-46669-8_14,10.1145/3290381,10.1007/978-3-662-46669-8_14,06202297318-062402612758,2019-01-02,included,raw/cs103-citations-p0001-opencitations.json.gz
opencitations,CS103,S223,citations,doi:10.1145/3434286->doi:10.1007/978-3-662-46669-8_14,doi:10.1145/3434286,doi:10.1007/978-3-662-46669-8_14,10.1145/3434286,10.1007/978-3-662-46669-8_14,10.1145/3434286,10.1007/978-3-662-46669-8_14,06202296881-062402612758,2021-01-04,included,raw/cs103-citations-p0001-opencitations.json.gz
opencitations,CS103,S223,citations,doi:10.1145/3747510->doi:10.1007/978-3-662-46669-8_14,doi:10.1145/3747510,doi:10.1007/978-3-662-46669-8_14,10.1145/3747510,10.1007/978-3-662-46669-8_14,10.1145/3747510,10.1007/978-3-662-46669-8_14,0609390923-062402612758,2025-08-05,included,raw/cs103-citations-p0001-opencitations.json.gz
opencitations,CS103,S223,citations,doi:10.1145/3360587->doi:10.1007/978-3-662-46669-8_14,doi:10.1145/3360587,doi:10.1007/978-3-662-46669-8_14,10.1145/3360587,10.1007/978-3-662-46669-8_14,10.1145/3360587,10.1007/978-3-662-46669-8_14,06202297148-062402612758,2019-10-10,included,raw/cs103-citations-p0001-opencitations.json.gz
opencitations,CS103,S223,citations,doi:10.1145/3290371->doi:10.1007/978-3-662-46669-8_14,doi:10.1145/3290371,doi:10.1007/978-3-662-46669-8_14,10.1145/3290371,10.1007/978-3-662-46669-8_14,10.1145/3290371,10.1007/978-3-662-46669-8_14,06202297263-062402612758,2019-01-02,included,raw/cs103-citations-p0001-opencitations.json.gz
opencitations,CS103,S223,citations,doi:10.1145/3192366.3192381->doi:10.1007/978-3-662-46669-8_14,doi:10.1145/3192366.3192381,doi:10.1007/978-3-662-46669-8_14,10.1145/3192366.3192381,10.1007/978-3-662-46669-8_14,10.1145/3192366.3192381,10.1007/978-3-662-46669-8_14,061102349547-062402612758,2018-06-11,included,raw/cs103-citations-p0001-opencitations.json.gz
opencitations,CS103,S223,citations,doi:10.1145/3547631->doi:10.1007/978-3-662-46669-8_14,doi:10.1145/3547631,doi:10.1007/978-3-662-46669-8_14,10.1145/3547631,10.1007/978-3-662-46669-8_14,10.1145/3547631,10.1007/978-3-662-46669-8_14,061903471653-062402612758,2022-08-29,included,raw/cs103-citations-p0001-opencitations.json.gz
opencitations,CS103,S223,citations,doi:10.1145/3485490->doi:10.1007/978-3-662-46669-8_14,doi:10.1145/3485490,doi:10.1007/978-3-662-46669-8_14,10.1145/3485490,10.1007/978-3-662-46669-8_14,10.1145/3485490,10.1007/978-3-662-46669-8_14,06202296786-062402612758,2021-10-20,included,raw/cs103-citations-p0001-opencitations.json.gz
opencitations,CS104,S224,references,doi:10.1007/s11704-023-2774-9->doi:10.1145/1583991.1584048,doi:10.1007/s11704-023-2774-9,doi:10.1145/1583991.1584048,10.1007/s11704-023-2774-9,10.1145/1583991.1584048,10.1007/s11704-023-2774-9,10.1145/1583991.1584048,06015656398-06103633878,2023-12-28,included,raw/cs104-references-p0001-opencitations.json.gz
opencitations,CS104,S224,references,doi:10.1007/s11704-023-2774-9->doi:10.1007/s00446-017-0301-7,doi:10.1007/s11704-023-2774-9,doi:10.1007/s00446-017-0301-7,10.1007/s11704-023-2774-9,10.1007/s00446-017-0301-7,10.1007/s11704-023-2774-9,10.1007/s00446-017-0301-7,06015656398-06603246066,2023-12-28,included,raw/cs104-references-p0001-opencitations.json.gz
opencitations,CS104,S224,references,doi:10.1007/s11704-023-2774-9->doi:10.1109/tse.1977.229904,doi:10.1007/s11704-023-2774-9,doi:10.1109/tse.1977.229904,10.1007/s11704-023-2774-9,10.1109/tse.1977.229904,10.1007/s11704-023-2774-9,10.1109/tse.1977.229904,06015656398-062301965499,2023-12-28,included,raw/cs104-references-p0001-opencitations.json.gz
opencitations,CS104,S224,references,doi:10.1007/s11704-023-2774-9->doi:10.1145/114005.102808,doi:10.1007/s11704-023-2774-9,doi:10.1145/114005.102808,10.1007/s11704-023-2774-9,10.1145/114005.102808,10.1007/s11704-023-2774-9,10.1145/114005.102808,06015656398-06602633243,2023-12-28,included,raw/cs104-references-p0001-opencitations.json.gz
opencitations,CS104,S224,references,doi:10.1007/s11704-023-2774-9->doi:10.1007/978-3-642-40184-8_17,doi:10.1007/s11704-023-2774-9,doi:10.1007/978-3-642-40184-8_17,10.1007/s11704-023-2774-9,10.1007/978-3-642-40184-8_17,10.1007/s11704-023-2774-9,10.1007/978-3-642-40184-8_17,06015656398-062102665323,2023-12-28,included,raw/cs104-references-p0001-opencitations.json.gz
opencitations,CS104,S224,references,doi:10.1007/s11704-023-2774-9->doi:10.1109/lics.2013.18,doi:10.1007/s11704-023-2774-9,doi:10.1109/lics.2013.18,10.1007/s11704-023-2774-9,10.1109/lics.2013.18,10.1007/s11704-023-2774-9,10.1109/lics.2013.18,06015656398-06803346172,2023-12-28,included,raw/cs104-references-p0001-opencitations.json.gz
opencitations,CS104,S224,references,doi:10.1007/s11704-023-2774-9->doi:10.1007/978-3-662-49498-1_8,doi:10.1007/s11704-023-2774-9,doi:10.1007/978-3-662-49498-1_8,10.1007/s11704-023-2774-9,10.1007/978-3-662-49498-1_8,10.1007/s11704-023-2774-9,10.1007/978-3-662-49498-1_8,06015656398-062502439163,2023-12-28,included,raw/cs104-references-p0001-opencitations.json.gz
opencitations,CS104,S224,references,doi:10.1007/s11704-023-2774-9->doi:10.1145/1233307.1233309,doi:10.1007/s11704-023-2774-9,doi:10.1145/1233307.1233309,10.1007/s11704-023-2774-9,10.1145/1233307.1233309,10.1007/s11704-023-2774-9,10.1145/1233307.1233309,06015656398-06260241314,2023-12-28,included,raw/cs104-references-p0001-opencitations.json.gz
opencitations,CS104,S224,references,doi:10.1007/s11704-023-2774-9->doi:10.1007/978-3-662-44202-9_9,doi:10.1007/s11704-023-2774-9,doi:10.1007/978-3-662-44202-9_9,10.1007/s11704-023-2774-9,10.1007/978-3-662-44202-9_9,10.1007/s11704-023-2774-9,10.1007/978-3-662-44202-9_9,06015656398-062102644433,2023-12-28,included,raw/cs104-references-p0001-opencitations.json.gz
opencitations,CS104,S224,references,doi:10.1007/s11704-023-2774-9->doi:10.1007/s00446-007-0042-0,doi:10.1007/s11704-023-2774-9,doi:10.1007/s00446-007-0042-0,10.1007/s11704-023-2774-9,10.1007/s00446-007-0042-0,10.1007/s11704-023-2774-9,10.1007/s00446-007-0042-0,06015656398-06603246306,2023-12-28,included,raw/cs104-references-p0001-opencitations.json.gz
opencitations,CS104,S224,references,doi:10.1007/s11704-023-2774-9->doi:10.1145/2491956.2462189,doi:10.1007/s11704-023-2774-9,doi:10.1145/2491956.2462189,10.1007/s11704-023-2774-9,10.1145/2491956.2462189,10.1007/s11704-023-2774-9,10.1145/2491956.2462189,06015656398-062402933996,2023-12-28,included,raw/cs104-references-p0001-opencitations.json.gz
opencitations,CS104,S224,references,doi:10.1007/s11704-023-2774-9->doi:10.1145/2837614.2837635,doi:10.1007/s11704-023-2774-9,doi:10.1145/2837614.2837635,10.1007/s11704-023-2774-9,10.1145/2837614.2837635,10.1007/s11704-023-2774-9,10.1145/2837614.2837635,06015656398-06301934914,2023-12-28,included,raw/cs104-references-p0001-opencitations.json.gz
opencitations,CS104,S224,references,doi:10.1007/s11704-023-2774-9->doi:10.1007/11561927_8,doi:10.1007/s11704-023-2774-9,doi:10.1007/11561927_8,10.1007/s11704-023-2774-9,10.1007/11561927_8,10.1007/s11704-023-2774-9,10.1007/11561927_8,06015656398-06503533323,2023-12-28,included,raw/cs104-references-p0001-opencitations.json.gz
opencitations,CS104,S224,references,doi:10.1007/s11704-023-2774-9->doi:10.7873/date.2013.167,doi:10.1007/s11704-023-2774-9,doi:10.7873/date.2013.167,10.1007/s11704-023-2774-9,10.7873/date.2013.167,10.1007/s11704-023-2774-9,10.7873/date.2013.167,06015656398-06603359355,2023-12-28,included,raw/cs104-references-p0001-opencitations.json.gz
opencitations,CS104,S224,references,doi:10.1007/s11704-023-2774-9->doi:10.1007/11561927_26,doi:10.1007/s11704-023-2774-9,doi:10.1007/11561927_26,10.1007/s11704-023-2774-9,10.1007/11561927_26,10.1007/s11704-023-2774-9,10.1007/11561927_26,06015656398-06503533326,2023-12-28,included,raw/cs104-references-p0001-opencitations.json.gz
opencitations,CS104,S224,references,doi:10.1007/s11704-023-2774-9->doi:10.1016/j.tcs.2010.09.021,doi:10.1007/s11704-023-2774-9,doi:10.1016/j.tcs.2010.09.021,10.1007/s11704-023-2774-9,10.1016/j.tcs.2010.09.021,10.1007/s11704-023-2774-9,10.1016/j.tcs.2010.09.021,06015656398-0650807804,2023-12-28,included,raw/cs104-references-p0001-opencitations.json.gz
opencitations,CS104,S224,references,doi:10.1007/s11704-023-2774-9->doi:10.1561/2500000041,doi:10.1007/s11704-023-2774-9,doi:10.1561/2500000041,10.1007/s11704-023-2774-9,10.1561/2500000041,10.1007/s11704-023-2774-9,10.1561/2500000041,06015656398-061204263774,2023-12-28,included,raw/cs104-references-p0001-opencitations.json.gz
opencitations,CS104,S224,references,doi:10.1007/s11704-023-2774-9->doi:10.1145/2775051.2676980,doi:10.1007/s11704-023-2774-9,doi:10.1145/2775051.2676980,10.1007/s11704-023-2774-9,10.1145/2775051.2676980,10.1007/s11704-023-2774-9,10.1145/2775051.2676980,06015656398-0614090765,2023-12-28,included,raw/cs104-references-p0001-opencitations.json.gz
opencitations,CS104,S224,references,doi:10.1007/s11704-023-2774-9->doi:10.1007/s11390-021-1671-7,doi:10.1007/s11704-023-2774-9,doi:10.1007/s11390-021-1671-7,10.1007/s11704-023-2774-9,10.1007/s11390-021-1671-7,10.1007/s11704-023-2774-9,10.1007/s11390-021-1671-7,06015656398-062202058594,2023-12-28,included,raw/cs104-references-p0001-opencitations.json.gz
opencitations,CS104,S224,references,doi:10.1007/s11704-023-2774-9->doi:10.1145/1375581.1375626,doi:10.1007/s11704-023-2774-9,doi:10.1145/1375581.1375626,10.1007/s11704-023-2774-9,10.1145/1375581.1375626,10.1007/s11704-023-2774-9,10.1145/1375581.1375626,06015656398-06602011315,2023-12-28,included,raw/cs104-references-p0001-opencitations.json.gz
opencitations,CS104,S224,references,doi:10.1007/s11704-023-2774-9->doi:10.1007/978-3-642-36071-8_20,doi:10.1007/s11704-023-2774-9,doi:10.1007/978-3-642-36071-8_20,10.1007/s11704-023-2774-9,10.1007/978-3-642-36071-8_20,10.1007/s11704-023-2774-9,10.1007/978-3-642-36071-8_20,06015656398-06503147864,2023-12-28,included,raw/cs104-references-p0001-opencitations.json.gz
opencitations,CS104,S224,references,doi:10.1007/s11704-023-2774-9->doi:10.1145/1480881.1480886,doi:10.1007/s11704-023-2774-9,doi:10.1145/1480881.1480886,10.1007/s11704-023-2774-9,10.1145/1480881.1480886,10.1007/s11704-023-2774-9,10.1145/1480881.1480886,06015656398-061403201126,2023-12-28,included,raw/cs104-references-p0001-opencitations.json.gz
opencitations,CS104,S224,references,doi:10.1007/s11704-023-2774-9->doi:10.1145/2603088.2603123,doi:10.1007/s11704-023-2774-9,doi:10.1145/2603088.2603123,10.1007/s11704-023-2774-9,10.1145/2603088.2603123,10.1007/s11704-023-2774-9,10.1145/2603088.2603123,06015656398-062402555344,2023-12-28,included,raw/cs104-references-p0001-opencitations.json.gz
opencitations,CS104,S224,references,doi:10.1007/s11704-023-2774-9->doi:10.1145/78969.78972,doi:10.1007/s11704-023-2774-9,doi:10.1145/78969.78972,10.1007/s11704-023-2774-9,10.1145/78969.78972,10.1007/s11704-023-2774-9,10.1145/78969.78972,06015656398-06702614122,2023-12-28,included,raw/cs104-references-p0001-opencitations.json.gz
opencitations,CS105,S225,references,doi:10.1016/j.entcs.2005.04.026->doi:10.1109/icdcs.2003.1203503,doi:10.1016/j.entcs.2005.04.026,doi:10.1109/icdcs.2003.1203503,10.1016/j.entcs.2005.04.026,10.1109/icdcs.2003.1203503,10.1016/j.entcs.2005.04.026,10.1109/icdcs.2003.1203503,06901456981-061603385517,2005-07,included,raw/cs105-references-p0001-opencitations.json.gz
opencitations,CS105,S225,references,doi:10.1016/j.entcs.2005.04.026->doi:10.1016/0304-3975(91)90224-p,doi:10.1016/j.entcs.2005.04.026,doi:10.1016/0304-3975(91)90224-p,10.1016/j.entcs.2005.04.026,10.1016/0304-3975(91)90224-p,10.1016/j.entcs.2005.04.026,10.1016/0304-3975(91)90224-p,06901456981-06240781465,2005-07,included,raw/cs105-references-p0001-opencitations.json.gz
opencitations,CS105,S225,references,doi:10.1016/j.entcs.2005.04.026->doi:10.1109/icpads.2000.857731,doi:10.1016/j.entcs.2005.04.026,doi:10.1109/icpads.2000.857731,10.1016/j.entcs.2005.04.026,10.1109/icpads.2000.857731,10.1016/j.entcs.2005.04.026,10.1109/icpads.2000.857731,06901456981-062403414751,2005-07,included,raw/cs105-references-p0001-opencitations.json.gz
opencitations,CS105,S225,references,doi:10.1016/j.entcs.2005.04.026->doi:10.1109/iceccs.2005.49,doi:10.1016/j.entcs.2005.04.026,doi:10.1109/iceccs.2005.49,10.1016/j.entcs.2005.04.026,10.1109/iceccs.2005.49,10.1016/j.entcs.2005.04.026,10.1109/iceccs.2005.49,06901456981-061803355988,2005-07,included,raw/cs105-references-p0001-opencitations.json.gz
opencitations,CS105,S225,references,doi:10.1016/j.entcs.2005.04.026->doi:10.1007/s00446-002-0079-z,doi:10.1016/j.entcs.2005.04.026,doi:10.1007/s00446-002-0079-z,10.1016/j.entcs.2005.04.026,10.1007/s00446-002-0079-z,10.1016/j.entcs.2005.04.026,10.1007/s00446-002-0079-z,06901456981-06603246609,2005-07,included,raw/cs105-references-p0001-opencitations.json.gz
opencitations,CS105,S225,references,doi:10.1016/j.entcs.2005.04.026->doi:10.1016/s1571-0661(05)80001-5,doi:10.1016/j.entcs.2005.04.026,doi:10.1016/s1571-0661(05)80001-5,10.1016/j.entcs.2005.04.026,10.1016/s1571-0661(05)80001-5,10.1016/j.entcs.2005.04.026,10.1016/s1571-0661(05)80001-5,06901456981-06901457313,2005-07,included,raw/cs105-references-p0001-opencitations.json.gz
opencitations,CS105,S225,references,doi:10.1016/j.entcs.2005.04.026->doi:10.1007/3-540-40026-5_4,doi:10.1016/j.entcs.2005.04.026,doi:10.1007/3-540-40026-5_4,10.1016/j.entcs.2005.04.026,10.1007/3-540-40026-5_4,10.1016/j.entcs.2005.04.026,10.1007/3-540-40026-5_4,06901456981-061403095581,2005-07,included,raw/cs105-references-p0001-opencitations.json.gz
opencitations,CS105,S225,references,doi:10.1016/j.entcs.2005.04.026->doi:10.1145/248052.248106,doi:10.1016/j.entcs.2005.04.026,doi:10.1145/248052.248106,10.1016/j.entcs.2005.04.026,10.1145/248052.248106,10.1016/j.entcs.2005.04.026,10.1145/248052.248106,06901456981-06703784449,2005-07,included,raw/cs105-references-p0001-opencitations.json.gz
opencitations,CS105,S225,references,doi:10.1016/j.entcs.2005.04.026->doi:10.1109/32.588521,doi:10.1016/j.entcs.2005.04.026,doi:10.1109/32.588521,10.1016/j.entcs.2005.04.026,10.1109/32.588521,10.1016/j.entcs.2005.04.026,10.1109/32.588521,06901456981-062501962062,2005-07,included,raw/cs105-references-p0001-opencitations.json.gz
opencitations,CS105,S225,references,doi:10.1016/j.entcs.2005.04.026->doi:10.1145/78969.78972,doi:10.1016/j.entcs.2005.04.026,doi:10.1145/78969.78972,10.1016/j.entcs.2005.04.026,10.1145/78969.78972,10.1016/j.entcs.2005.04.026,10.1145/78969.78972,06901456981-06702614122,2005-07,included,raw/cs105-references-p0001-opencitations.json.gz
opencitations,CS105,S225,citations,doi:10.1007/978-3-540-75292-9_9->doi:10.1016/j.entcs.2005.04.026,doi:10.1007/978-3-540-75292-9_9,doi:10.1016/j.entcs.2005.04.026,10.1007/978-3-540-75292-9_9,10.1016/j.entcs.2005.04.026,10.1007/978-3-540-75292-9_9,10.1016/j.entcs.2005.04.026,061903119237-06901456981,,unknown-date,raw/cs105-citations-p0001-opencitations.json.gz
opencitations,CS105,S225,citations,doi:10.2168/lmcs-11(1:20)2015->doi:10.1016/j.entcs.2005.04.026,doi:10.2168/lmcs-11(1:20)2015,doi:10.1016/j.entcs.2005.04.026,10.2168/lmcs-11(1:20)2015,10.1016/j.entcs.2005.04.026,10.2168/lmcs-11(1:20)2015,10.1016/j.entcs.2005.04.026,06801394750-06901456981,2015-04-01,included,raw/cs105-citations-p0001-opencitations.json.gz
opencitations,CS105,S225,citations,doi:10.1145/2629496->doi:10.1016/j.entcs.2005.04.026,doi:10.1145/2629496,doi:10.1016/j.entcs.2005.04.026,10.1145/2629496,10.1016/j.entcs.2005.04.026,10.1145/2629496,10.1016/j.entcs.2005.04.026,061502741006-06901456981,2014-08,included,raw/cs105-citations-p0001-opencitations.json.gz
opencitations,CS105,S225,citations,doi:10.1109/tse.2012.82->doi:10.1016/j.entcs.2005.04.026,doi:10.1109/tse.2012.82,doi:10.1016/j.entcs.2005.04.026,10.1109/tse.2012.82,10.1016/j.entcs.2005.04.026,10.1109/tse.2012.82,10.1016/j.entcs.2005.04.026,062201957194-06901456981,2013-07,included,raw/cs105-citations-p0001-opencitations.json.gz
opencitations,CS105,S225,citations,doi:10.1007/s00165-009-0130-y->doi:10.1016/j.entcs.2005.04.026,doi:10.1007/s00165-009-0130-y,doi:10.1016/j.entcs.2005.04.026,10.1007/s00165-009-0130-y,10.1016/j.entcs.2005.04.026,10.1007/s00165-009-0130-y,10.1016/j.entcs.2005.04.026,062101754579-06901456981,2011-01,included,raw/cs105-citations-p0001-opencitations.json.gz
opencitations,CS105,S225,citations,doi:10.1002/cpe.3928->doi:10.1016/j.entcs.2005.04.026,doi:10.1002/cpe.3928,doi:10.1016/j.entcs.2005.04.026,10.1002/cpe.3928,10.1016/j.entcs.2005.04.026,10.1002/cpe.3928,10.1016/j.entcs.2005.04.026,06240944129-06901456981,2016-12-20,included,raw/cs105-citations-p0001-opencitations.json.gz
opencitations,CS105,S225,citations,doi:10.1007/978-3-319-47846-3_17->doi:10.1016/j.entcs.2005.04.026,doi:10.1007/978-3-319-47846-3_17,doi:10.1016/j.entcs.2005.04.026,10.1007/978-3-319-47846-3_17,10.1016/j.entcs.2005.04.026,10.1007/978-3-319-47846-3_17,10.1016/j.entcs.2005.04.026,06502794757-06901456981,2016,included,raw/cs105-citations-p0001-opencitations.json.gz
opencitations,CS105,S225,citations,doi:10.1007/978-3-642-05089-3_21->doi:10.1016/j.entcs.2005.04.026,doi:10.1007/978-3-642-05089-3_21,doi:10.1016/j.entcs.2005.04.026,10.1007/978-3-642-05089-3_21,10.1016/j.entcs.2005.04.026,10.1007/978-3-642-05089-3_21,10.1016/j.entcs.2005.04.026,062103015875-06901456981,2009,included,raw/cs105-citations-p0001-opencitations.json.gz
opencitations,CS105,S225,citations,doi:10.1007/978-3-319-19195-9_4->doi:10.1016/j.entcs.2005.04.026,doi:10.1007/978-3-319-19195-9_4,doi:10.1016/j.entcs.2005.04.026,10.1007/978-3-319-19195-9_4,10.1016/j.entcs.2005.04.026,10.1007/978-3-319-19195-9_4,10.1016/j.entcs.2005.04.026,061802602872-06901456981,2015,included,raw/cs105-citations-p0001-opencitations.json.gz
opencitations,CS105,S225,citations,doi:10.1016/j.scico.2014.04.001->doi:10.1016/j.entcs.2005.04.026,doi:10.1016/j.scico.2014.04.001,doi:10.1016/j.entcs.2005.04.026,10.1016/j.scico.2014.04.001,10.1016/j.entcs.2005.04.026,10.1016/j.scico.2014.04.001,10.1016/j.entcs.2005.04.026,06240449411-06901456981,2014-12,included,raw/cs105-citations-p0001-opencitations.json.gz
opencitations,CS105,S225,citations,doi:10.1145/1889997.1890001->doi:10.1016/j.entcs.2005.04.026,doi:10.1145/1889997.1890001,doi:10.1016/j.entcs.2005.04.026,10.1145/1889997.1890001,10.1016/j.entcs.2005.04.026,10.1145/1889997.1890001,10.1016/j.entcs.2005.04.026,06602632664-06901456981,2011-01,included,raw/cs105-citations-p0001-opencitations.json.gz
opencitations,CS105,S225,citations,doi:10.1145/2796550->doi:10.1016/j.entcs.2005.04.026,doi:10.1145/2796550,doi:10.1016/j.entcs.2005.04.026,10.1145/2796550,10.1016/j.entcs.2005.04.026,10.1145/2796550,10.1016/j.entcs.2005.04.026,062601631897-06901456981,2015-11-21,included,raw/cs105-citations-p0001-opencitations.json.gz
opencitations,CS105,S225,citations,doi:10.1007/978-1-4471-5355-9_12->doi:10.1016/j.entcs.2005.04.026,doi:10.1007/978-1-4471-5355-9_12,doi:10.1016/j.entcs.2005.04.026,10.1007/978-1-4471-5355-9_12,10.1016/j.entcs.2005.04.026,10.1007/978-1-4471-5355-9_12,10.1016/j.entcs.2005.04.026,06403130826-06901456981,2014,included,raw/cs105-citations-p0001-opencitations.json.gz
opencitations,CS105,S225,citations,doi:10.1145/3715162->doi:10.1016/j.entcs.2005.04.026,doi:10.1145/3715162,doi:10.1016/j.entcs.2005.04.026,10.1145/3715162,10.1016/j.entcs.2005.04.026,10.1145/3715162,10.1016/j.entcs.2005.04.026,0606082563-06901456981,2025-01-31,included,raw/cs105-citations-p0001-opencitations.json.gz
opencitations,CS105,S225,citations,doi:10.1007/978-3-540-69166-2_24->doi:10.1016/j.entcs.2005.04.026,doi:10.1007/978-3-540-69166-2_24,doi:10.1016/j.entcs.2005.04.026,10.1007/978-3-540-69166-2_24,10.1016/j.entcs.2005.04.026,10.1007/978-3-540-69166-2_24,10.1016/j.entcs.2005.04.026,06303552169-06901456981,,unknown-date,raw/cs105-citations-p0001-opencitations.json.gz
opencitations,CS105,S225,citations,doi:10.1109/sefm.2007.2->doi:10.1016/j.entcs.2005.04.026,doi:10.1109/sefm.2007.2,doi:10.1016/j.entcs.2005.04.026,10.1109/sefm.2007.2,10.1016/j.entcs.2005.04.026,10.1109/sefm.2007.2,10.1016/j.entcs.2005.04.026,06903281960-06901456981,2007-09,included,raw/cs105-citations-p0001-opencitations.json.gz
opencitations,CS105,S225,citations,doi:10.1145/1985793.1986037->doi:10.1016/j.entcs.2005.04.026,doi:10.1145/1985793.1986037,doi:10.1016/j.entcs.2005.04.026,10.1145/1985793.1986037,10.1016/j.entcs.2005.04.026,10.1145/1985793.1986037,10.1016/j.entcs.2005.04.026,062203139868-06901456981,2011-05-21,included,raw/cs105-citations-p0001-opencitations.json.gz
opencitations,CS105,S225,citations,doi:10.1109/acsd.2009.10->doi:10.1016/j.entcs.2005.04.026,doi:10.1109/acsd.2009.10,doi:10.1016/j.entcs.2005.04.026,10.1109/acsd.2009.10,10.1016/j.entcs.2005.04.026,10.1109/acsd.2009.10,10.1016/j.entcs.2005.04.026,06502008145-06901456981,2009-07,included,raw/cs105-citations-p0001-opencitations.json.gz
opencitations,CS105,S225,citations,doi:10.1007/s00165-012-0225-8->doi:10.1016/j.entcs.2005.04.026,doi:10.1007/s00165-012-0225-8,doi:10.1016/j.entcs.2005.04.026,10.1007/s00165-012-0225-8,10.1016/j.entcs.2005.04.026,10.1007/s00165-012-0225-8,10.1016/j.entcs.2005.04.026,062101754356-06901456981,2013-09,included,raw/cs105-citations-p0001-opencitations.json.gz
opencitations,CS105,S225,citations,doi:10.1016/j.entcs.2010.01.001->doi:10.1016/j.entcs.2005.04.026,doi:10.1016/j.entcs.2010.01.001,doi:10.1016/j.entcs.2005.04.026,10.1016/j.entcs.2010.01.001,10.1016/j.entcs.2005.04.026,10.1016/j.entcs.2010.01.001,10.1016/j.entcs.2005.04.026,06601447887-06901456981,2009-12,included,raw/cs105-citations-p0001-opencitations.json.gz
opencitations,CS105,S225,citations,doi:10.1007/978-3-031-27481-7_18->doi:10.1016/j.entcs.2005.04.026,doi:10.1007/978-3-031-27481-7_18,doi:10.1016/j.entcs.2005.04.026,10.1007/978-3-031-27481-7_18,10.1016/j.entcs.2005.04.026,10.1007/978-3-031-27481-7_18,10.1016/j.entcs.2005.04.026,0641084259-06901456981,2023,included,raw/cs105-citations-p0001-opencitations.json.gz
opencitations,CS105,S225,citations,doi:10.1007/978-3-319-51046-0_9->doi:10.1016/j.entcs.2005.04.026,doi:10.1007/978-3-319-51046-0_9,doi:10.1016/j.entcs.2005.04.026,10.1007/978-3-319-51046-0_9,10.1016/j.entcs.2005.04.026,10.1007/978-3-319-51046-0_9,10.1016/j.entcs.2005.04.026,061302405290-06901456981,2016-12-18,included,raw/cs105-citations-p0001-opencitations.json.gz
opencitations,CS105,S225,citations,doi:10.1007/978-3-319-17404-4_9->doi:10.1016/j.entcs.2005.04.026,doi:10.1007/978-3-319-17404-4_9,doi:10.1016/j.entcs.2005.04.026,10.1007/978-3-319-17404-4_9,10.1016/j.entcs.2005.04.026,10.1007/978-3-319-17404-4_9,10.1016/j.entcs.2005.04.026,062302619375-06901456981,2015,included,raw/cs105-citations-p0001-opencitations.json.gz
opencitations,CS105,S225,citations,doi:10.1145/3290371->doi:10.1016/j.entcs.2005.04.026,doi:10.1145/3290371,doi:10.1016/j.entcs.2005.04.026,10.1145/3290371,10.1016/j.entcs.2005.04.026,10.1145/3290371,10.1016/j.entcs.2005.04.026,06202297263-06901456981,2019-01-02,included,raw/cs105-citations-p0001-opencitations.json.gz
opencitations,CS105,S225,citations,doi:10.1007/978-3-319-42089-9_20->doi:10.1016/j.entcs.2005.04.026,doi:10.1007/978-3-319-42089-9_20,doi:10.1016/j.entcs.2005.04.026,10.1007/978-3-319-42089-9_20,10.1016/j.entcs.2005.04.026,10.1007/978-3-319-42089-9_20,10.1016/j.entcs.2005.04.026,061202416068-06901456981,2016,included,raw/cs105-citations-p0001-opencitations.json.gz
opencitations,CS106,S226,references,doi:10.1145/3314221.3314624->doi:10.1145/2442516.2442524,doi:10.1145/3314221.3314624,doi:10.1145/2442516.2442524,10.1145/3314221.3314624,10.1145/2442516.2442524,10.1145/3314221.3314624,10.1145/2442516.2442524,062602316638-06303375051,2019-06-08,included,raw/cs106-references-p0001-opencitations.json.gz
opencitations,CS106,S226,references,doi:10.1145/3314221.3314624->doi:10.1145/3173162.3177156,doi:10.1145/3314221.3314624,doi:10.1145/3173162.3177156,10.1145/3314221.3314624,10.1145/3173162.3177156,10.1145/3314221.3314624,10.1145/3173162.3177156,062602316638-061102358079,2019-06-08,included,raw/cs106-references-p0001-opencitations.json.gz
opencitations,CS106,S226,references,doi:10.1145/3314221.3314624->doi:10.1145/3158107,doi:10.1145/3314221.3314624,doi:10.1145/3158107,10.1145/3314221.3314624,10.1145/3158107,10.1145/3314221.3314624,10.1145/3158107,062602316638-06202297469,2019-06-08,included,raw/cs106-references-p0001-opencitations.json.gz
opencitations,CS106,S226,references,doi:10.1145/3314221.3314624->doi:10.1145/2837614.2837616,doi:10.1145/3314221.3314624,doi:10.1145/2837614.2837616,10.1145/3314221.3314624,10.1145/2837614.2837616,10.1145/3314221.3314624,10.1145/2837614.2837616,062602316638-062503858157,2019-06-08,included,raw/cs106-references-p0001-opencitations.json.gz
opencitations,CS106,S226,references,doi:10.1145/3314221.3314624->doi:10.1145/1353522.1353528,doi:10.1145/3314221.3314624,doi:10.1145/1353522.1353528,10.1145/3314221.3314624,10.1145/1353522.1353528,10.1145/3314221.3314624,10.1145/1353522.1353528,062602316638-06503672717,2019-06-08,included,raw/cs106-references-p0001-opencitations.json.gz
opencitations,CS106,S226,references,doi:10.1145/3314221.3314624->doi:10.1145/3158105,doi:10.1145/3314221.3314624,doi:10.1145/3158105,10.1145/3314221.3314624,10.1145/3158105,10.1145/3314221.3314624,10.1145/3158105,062602316638-06202297467,2019-06-08,included,raw/cs106-references-p0001-opencitations.json.gz
opencitations,CS106,S226,references,doi:10.1145/3314221.3314624->doi:10.1145/1040305.1040315,doi:10.1145/3314221.3314624,doi:10.1145/1040305.1040315,10.1145/3314221.3314624,10.1145/1040305.1040315,10.1145/3314221.3314624,10.1145/1040305.1040315,062602316638-062503355367,2019-06-08,included,raw/cs106-references-p0001-opencitations.json.gz
opencitations,CS106,S226,references,doi:10.1145/3314221.3314624->doi:10.1145/2830772.2830775,doi:10.1145/3314221.3314624,doi:10.1145/2830772.2830775,10.1145/3314221.3314624,10.1145/2830772.2830775,10.1145/3314221.3314624,10.1145/2830772.2830775,062602316638-06101945392,2019-06-08,included,raw/cs106-references-p0001-opencitations.json.gz
opencitations,CS106,S226,references,doi:10.1145/3314221.3314624->doi:10.1145/2806886,doi:10.1145/3314221.3314624,doi:10.1145/2806886,10.1145/3314221.3314624,10.1145/2806886,10.1145/3314221.3314624,10.1145/2806886,062602316638-06602632580,2019-06-08,included,raw/cs106-references-p0001-opencitations.json.gz
opencitations,CS106,S226,references,doi:10.1145/3314221.3314624->doi:10.1007/s00236-016-0275-0,doi:10.1145/3314221.3314624,doi:10.1007/s00236-016-0275-0,10.1145/3314221.3314624,10.1007/s00236-016-0275-0,10.1145/3314221.3314624,10.1007/s00236-016-0275-0,062602316638-06701584870,2019-06-08,included,raw/cs106-references-p0001-opencitations.json.gz
opencitations,CS106,S226,references,doi:10.1145/3314221.3314624->doi:10.1145/3009837.3009850,doi:10.1145/3314221.3314624,doi:10.1145/3009837.3009850,10.1145/3314221.3314624,10.1145/3009837.3009850,10.1145/3314221.3314624,10.1145/3009837.3009850,062602316638-061502479414,2019-06-08,included,raw/cs106-references-p0001-opencitations.json.gz
opencitations,CS106,S226,references,doi:10.1145/3314221.3314624->doi:10.1145/3009837.3009839,doi:10.1145/3314221.3314624,doi:10.1145/3009837.3009839,10.1145/3314221.3314624,10.1145/3009837.3009839,10.1145/3314221.3314624,10.1145/3009837.3009839,062602316638-0603920908,2019-06-08,included,raw/cs106-references-p0001-opencitations.json.gz
opencitations,CS106,S226,references,doi:10.1145/3314221.3314624->doi:10.1145/2933575.2934536,doi:10.1145/3314221.3314624,doi:10.1145/2933575.2934536,10.1145/3314221.3314624,10.1145/2933575.2934536,10.1145/3314221.3314624,10.1145/2933575.2934536,062602316638-062202477435,2019-06-08,included,raw/cs106-references-p0001-opencitations.json.gz
opencitations,CS106,S226,references,doi:10.1145/3314221.3314624->doi:10.1145/2837614.2837643,doi:10.1145/3314221.3314624,doi:10.1145/2837614.2837643,10.1145/3314221.3314624,10.1145/2837614.2837643,10.1145/3314221.3314624,10.1145/2837614.2837643,062602316638-06301935237,2019-06-08,included,raw/cs106-references-p0001-opencitations.json.gz
opencitations,CS106,S226,references,doi:10.1145/3314221.3314624->doi:10.1007/978-3-642-31424-7_36,doi:10.1145/3314221.3314624,doi:10.1007/978-3-642-31424-7_36,10.1145/3314221.3314624,10.1007/978-3-642-31424-7_36,10.1145/3314221.3314624,10.1007/978-3-642-31424-7_36,062602316638-06703085374,2019-06-08,included,raw/cs106-references-p0001-opencitations.json.gz
opencitations,CS106,S226,references,doi:10.1145/3314221.3314624->doi:10.1109/tpds.2003.1199067,doi:10.1145/3314221.3314624,doi:10.1109/tpds.2003.1199067,10.1145/3314221.3314624,10.1109/tpds.2003.1199067,10.1145/3314221.3314624,10.1109/tpds.2003.1199067,062602316638-061203027030,2019-06-08,included,raw/cs106-references-p0001-opencitations.json.gz
opencitations,CS106,S226,references,doi:10.1145/3314221.3314624->doi:10.1145/1993498.1993520,doi:10.1145/3314221.3314624,doi:10.1145/1993498.1993520,10.1145/3314221.3314624,10.1145/1993498.1993520,10.1145/3314221.3314624,10.1145/1993498.1993520,062602316638-062503131723,2019-06-08,included,raw/cs106-references-p0001-opencitations.json.gz
opencitations,CS106,S226,references,doi:10.1145/3314221.3314624->doi:10.1145/1481839.1481842,doi:10.1145/3314221.3314624,doi:10.1145/1481839.1481842,10.1145/3314221.3314624,10.1145/1481839.1481842,10.1145/3314221.3314624,10.1145/1481839.1481842,062602316638-061403201314,2019-06-08,included,raw/cs106-references-p0001-opencitations.json.gz
opencitations,CS106,S226,references,doi:10.1145/3314221.3314624->doi:10.1145/1926385.1926394,doi:10.1145/3314221.3314624,doi:10.1145/1926385.1926394,10.1145/3314221.3314624,10.1145/1926385.1926394,10.1145/3314221.3314624,10.1145/1926385.1926394,062602316638-061503155181,2019-06-08,included,raw/cs106-references-p0001-opencitations.json.gz
opencitations,CS106,S226,references,doi:10.1145/3314221.3314624->doi:10.1145/2837614.2837615,doi:10.1145/3314221.3314624,doi:10.1145/2837614.2837615,10.1145/3314221.3314624,10.1145/2837614.2837615,10.1145/3314221.3314624,10.1145/2837614.2837615,062602316638-062503817199,2019-06-08,included,raw/cs106-references-p0001-opencitations.json.gz
opencitations,CS106,S226,references,doi:10.1145/3314221.3314624->doi:10.1145/2594291.2594347,doi:10.1145/3314221.3314624,doi:10.1145/2594291.2594347,10.1145/3314221.3314624,10.1145/2594291.2594347,10.1145/3314221.3314624,10.1145/2594291.2594347,062602316638-061202888323,2019-06-08,included,raw/cs106-references-p0001-opencitations.json.gz
opencitations,CS106,S226,references,doi:10.1145/3314221.3314624->doi:10.1145/3290384,doi:10.1145/3314221.3314624,doi:10.1145/3290384,10.1145/3314221.3314624,10.1145/3290384,10.1145/3314221.3314624,10.1145/3290384,062602316638-06202297274,2019-06-08,included,raw/cs106-references-p0001-opencitations.json.gz
opencitations,CS106,S226,references,doi:10.1145/3314221.3314624->doi:10.1007/978-3-642-19835-9_5,doi:10.1145/3314221.3314624,doi:10.1007/978-3-642-19835-9_5,10.1145/3314221.3314624,10.1007/978-3-642-19835-9_5,10.1145/3314221.3314624,10.1007/978-3-642-19835-9_5,062602316638-061902889511,2019-06-08,included,raw/cs106-references-p0001-opencitations.json.gz
opencitations,CS106,S226,references,doi:10.1145/3314221.3314624->doi:10.1109/pact.2017.29,doi:10.1145/3314221.3314624,doi:10.1109/pact.2017.29,10.1145/3314221.3314624,10.1109/pact.2017.29,10.1145/3314221.3314624,10.1109/pact.2017.29,062602316638-061902365769,2019-06-08,included,raw/cs106-references-p0001-opencitations.json.gz
opencitations,CS106,S226,references,doi:10.1145/3314221.3314624->doi:10.1109/isca.2006.26,doi:10.1145/3314221.3314624,doi:10.1109/isca.2006.26,10.1145/3314221.3314624,10.1109/isca.2006.26,10.1145/3314221.3314624,10.1109/isca.2006.26,062602316638-06903307977,2019-06-08,included,raw/cs106-references-p0001-opencitations.json.gz
opencitations,CS106,S226,references,doi:10.1145/3314221.3314624->doi:10.1145/2254064.2254102,doi:10.1145/3314221.3314624,doi:10.1145/2254064.2254102,10.1145/3314221.3314624,10.1145/2254064.2254102,10.1145/3314221.3314624,10.1145/2254064.2254102,062602316638-06203401384,2019-06-08,included,raw/cs106-references-p0001-opencitations.json.gz
opencitations,CS106,S226,citations,doi:10.1007/978-3-030-99336-8_6->doi:10.1145/3314221.3314624,doi:10.1007/978-3-030-99336-8_6,doi:10.1145/3314221.3314624,10.1007/978-3-030-99336-8_6,10.1145/3314221.3314624,10.1007/978-3-030-99336-8_6,10.1145/3314221.3314624,062301471161-062602316638,2022,included,raw/cs106-citations-p0001-opencitations.json.gz
opencitations,CS106,S226,citations,doi:10.1007/978-3-031-27481-7_17->doi:10.1145/3314221.3314624,doi:10.1007/978-3-031-27481-7_17,doi:10.1145/3314221.3314624,10.1007/978-3-031-27481-7_17,10.1145/3314221.3314624,10.1007/978-3-031-27481-7_17,10.1145/3314221.3314624,0641084258-062602316638,2023,included,raw/cs106-citations-p0001-opencitations.json.gz
opencitations,CS106,S226,citations,doi:10.1145/3591297->doi:10.1145/3314221.3314624,doi:10.1145/3591297,doi:10.1145/3314221.3314624,10.1145/3591297,10.1145/3314221.3314624,10.1145/3591297,10.1145/3314221.3314624,062203928098-062602316638,2023-06-06,included,raw/cs106-citations-p0001-opencitations.json.gz
opencitations,CS106,S226,citations,doi:10.1142/s0218126625300089->doi:10.1145/3314221.3314624,doi:10.1142/s0218126625300089,doi:10.1145/3314221.3314624,10.1142/s0218126625300089,10.1145/3314221.3314624,10.1142/s0218126625300089,10.1145/3314221.3314624,0609677293-062602316638,2025-06-23,included,raw/cs106-citations-p0001-opencitations.json.gz
opencitations,CS106,S226,citations,doi:10.3390/technologies11030076->doi:10.1145/3314221.3314624,doi:10.3390/technologies11030076,doi:10.1145/3314221.3314624,10.3390/technologies11030076,10.1145/3314221.3314624,10.3390/technologies11030076,10.1145/3314221.3314624,06350180806-062602316638,2023-06-12,included,raw/cs106-citations-p0001-opencitations.json.gz
opencitations,CS106,S226,citations,doi:10.1145/3563315->doi:10.1145/3314221.3314624,doi:10.1145/3563315,doi:10.1145/3314221.3314624,10.1145/3563315,10.1145/3314221.3314624,10.1145/3563315,10.1145/3314221.3314624,061203551038-062602316638,2022-10-31,included,raw/cs106-citations-p0001-opencitations.json.gz
opencitations,CS106,S226,citations,doi:10.1145/3704908->doi:10.1145/3314221.3314624,doi:10.1145/3704908,doi:10.1145/3314221.3314624,10.1145/3704908,10.1145/3314221.3314624,10.1145/3704908,10.1145/3314221.3314624,0606817939-062602316638,2025-01-07,included,raw/cs106-citations-p0001-opencitations.json.gz
opencitations,CS106,S226,citations,doi:10.1145/3776650->doi:10.1145/3314221.3314624,doi:10.1145/3776650,doi:10.1145/3314221.3314624,10.1145/3776650,10.1145/3314221.3314624,10.1145/3776650,10.1145/3314221.3314624,06014139724-062602316638,2026-01-08,included,raw/cs106-citations-p0001-opencitations.json.gz
opencitations,CS106,S226,citations,doi:10.4230/lipics.ecoop.2020.5->doi:10.1145/3314221.3314624,doi:10.4230/lipics.ecoop.2020.5,doi:10.1145/3314221.3314624,10.4230/lipics.ecoop.2020.5,10.1145/3314221.3314624,10.4230/lipics.ecoop.2020.5,10.1145/3314221.3314624,060646-062602316638,2020,included,raw/cs106-citations-p0001-opencitations.json.gz
opencitations,CS106,S226,citations,doi:10.1007/s10703-023-00409-y->doi:10.1145/3314221.3314624,doi:10.1007/s10703-023-00409-y,doi:10.1145/3314221.3314624,10.1007/s10703-023-00409-y,10.1145/3314221.3314624,10.1007/s10703-023-00409-y,10.1145/3314221.3314624,06704343546-062602316638,2023-05-12,included,raw/cs106-citations-p0001-opencitations.json.gz
opencitations,CS106,S226,citations,doi:10.1145/3786762->doi:10.1145/3314221.3314624,doi:10.1145/3786762,doi:10.1145/3314221.3314624,10.1145/3786762,10.1145/3314221.3314624,10.1145/3786762,10.1145/3314221.3314624,06013427268-062602316638,2026-01-19,included,raw/cs106-citations-p0001-opencitations.json.gz
opencitations,CS106,S226,citations,doi:10.1145/3689781->doi:10.1145/3314221.3314624,doi:10.1145/3689781,doi:10.1145/3314221.3314624,10.1145/3689781,10.1145/3314221.3314624,10.1145/3689781,10.1145/3314221.3314624,062404381251-062602316638,2024-10-08,included,raw/cs106-citations-p0001-opencitations.json.gz
opencitations,CS106,S226,citations,doi:10.1145/3571212->doi:10.1145/3314221.3314624,doi:10.1145/3571212,doi:10.1145/3314221.3314624,10.1145/3571212,10.1145/3314221.3314624,10.1145/3571212,10.1145/3314221.3314624,062203928176-062602316638,2023-01-09,included,raw/cs106-citations-p0001-opencitations.json.gz
opencitations,CS106,S226,citations,doi:10.1145/3632863->doi:10.1145/3314221.3314624,doi:10.1145/3632863,doi:10.1145/3314221.3314624,10.1145/3632863,10.1145/3314221.3314624,10.1145/3632863,10.1145/3314221.3314624,062204192515-062602316638,2024-01-05,included,raw/cs106-citations-p0001-opencitations.json.gz
opencitations,CS106,S226,citations,doi:10.1145/3485497->doi:10.1145/3314221.3314624,doi:10.1145/3485497,doi:10.1145/3314221.3314624,10.1145/3485497,10.1145/3314221.3314624,10.1145/3485497,10.1145/3314221.3314624,06202296745-062602316638,2021-10-20,included,raw/cs106-citations-p0001-opencitations.json.gz
opencitations,CS106,S226,citations,doi:10.1007/978-3-031-50521-8_2->doi:10.1145/3314221.3314624,doi:10.1007/978-3-031-50521-8_2,doi:10.1145/3314221.3314624,10.1007/978-3-031-50521-8_2,10.1145/3314221.3314624,10.1007/978-3-031-50521-8_2,10.1145/3314221.3314624,06204643406-062602316638,2023-12-30,included,raw/cs106-citations-p0001-opencitations.json.gz
opencitations,CS106,S226,citations,doi:10.1145/3642963.3652204->doi:10.1145/3314221.3314624,doi:10.1145/3642963.3652204,doi:10.1145/3314221.3314624,10.1145/3642963.3652204,10.1145/3314221.3314624,10.1145/3642963.3652204,10.1145/3314221.3314624,06310567130-062602316638,2024-04-22,included,raw/cs106-citations-p0001-opencitations.json.gz
opencitations,CS106,S226,citations,doi:10.1145/3703595.3705890->doi:10.1145/3314221.3314624,doi:10.1145/3703595.3705890,doi:10.1145/3314221.3314624,10.1145/3703595.3705890,10.1145/3314221.3314624,10.1145/3703595.3705890,10.1145/3314221.3314624,0604891294-062602316638,2025-01-10,included,raw/cs106-citations-p0001-opencitations.json.gz
opencitations,CS106,S226,citations,doi:10.1145/3458926->doi:10.1145/3314221.3314624,doi:10.1145/3458926,doi:10.1145/3314221.3314624,10.1145/3458926,10.1145/3314221.3314624,10.1145/3458926,10.1145/3314221.3314624,06602632495-062602316638,2021-06-30,included,raw/cs106-citations-p0001-opencitations.json.gz
opencitations,CS106,S226,citations,doi:10.1145/3477132.3483560->doi:10.1145/3314221.3314624,doi:10.1145/3477132.3483560,doi:10.1145/3314221.3314624,10.1145/3477132.3483560,10.1145/3314221.3314624,10.1145/3477132.3483560,10.1145/3314221.3314624,06102972576-062602316638,2021-10-26,included,raw/cs106-citations-p0001-opencitations.json.gz
opencitations,CS106,S226,citations,doi:10.1145/3519939.3523451->doi:10.1145/3314221.3314624,doi:10.1145/3519939.3523451,doi:10.1145/3314221.3314624,10.1145/3519939.3523451,10.1145/3314221.3314624,10.1145/3519939.3523451,10.1145/3314221.3314624,061502954671-062602316638,2022-06-09,included,raw/cs106-citations-p0001-opencitations.json.gz
opencitations,CS106,S226,citations,doi:10.1002/cpe.70484->doi:10.1145/3314221.3314624,doi:10.1002/cpe.70484,doi:10.1145/3314221.3314624,10.1002/cpe.70484,10.1145/3314221.3314624,10.1002/cpe.70484,10.1145/3314221.3314624,06015640494-062602316638,2026-01,included,raw/cs106-citations-p0001-opencitations.json.gz
opencitations,CS106,S226,citations,doi:10.1109/access.2020.3024681->doi:10.1145/3314221.3314624,doi:10.1109/access.2020.3024681,doi:10.1145/3314221.3314624,10.1109/access.2020.3024681,10.1145/3314221.3314624,10.1109/access.2020.3024681,10.1145/3314221.3314624,062601160836-062602316638,2020,included,raw/cs106-citations-p0001-opencitations.json.gz
opencitations,CS106,S226,citations,doi:10.1007/s10766-021-00692-4->doi:10.1145/3314221.3314624,doi:10.1007/s10766-021-00692-4,doi:10.1145/3314221.3314624,10.1007/s10766-021-00692-4,10.1145/3314221.3314624,10.1007/s10766-021-00692-4,10.1145/3314221.3314624,06601160720-062602316638,2021-04-16,included,raw/cs106-citations-p0001-opencitations.json.gz
opencitations,CS106,S226,citations,doi:10.1007/978-981-97-8943-6_17->doi:10.1145/3314221.3314624,doi:10.1007/978-981-97-8943-6_17,doi:10.1145/3314221.3314624,10.1007/978-981-97-8943-6_17,10.1145/3314221.3314624,10.1007/978-981-97-8943-6_17,10.1145/3314221.3314624,06280442737-062602316638,2024-10-28,included,raw/cs106-citations-p0001-opencitations.json.gz
opencitations,CS106,S226,citations,doi:10.1145/3428262->doi:10.1145/3314221.3314624,doi:10.1145/3428262,doi:10.1145/3314221.3314624,10.1145/3428262,10.1145/3314221.3314624,10.1145/3428262,10.1145/3314221.3314624,06202296928-062602316638,2020-11-13,included,raw/cs106-citations-p0001-opencitations.json.gz
opencitations,CS106,S226,citations,doi:10.1109/tse.2023.3326056->doi:10.1145/3314221.3314624,doi:10.1109/tse.2023.3326056,doi:10.1145/3314221.3314624,10.1109/tse.2023.3326056,10.1145/3314221.3314624,10.1109/tse.2023.3326056,10.1145/3314221.3314624,06504765422-062602316638,2023,included,raw/cs106-citations-p0001-opencitations.json.gz
opencitations,CS106,S226,citations,doi:10.1007/978-3-030-81685-8_14->doi:10.1145/3314221.3314624,doi:10.1007/978-3-030-81685-8_14,doi:10.1145/3314221.3314624,10.1007/978-3-030-81685-8_14,10.1145/3314221.3314624,10.1007/978-3-030-81685-8_14,10.1145/3314221.3314624,06702106981-062602316638,2021,included,raw/cs106-citations-p0001-opencitations.json.gz
opencitations,CS106,S226,citations,doi:10.1007/978-3-031-27481-7_18->doi:10.1145/3314221.3314624,doi:10.1007/978-3-031-27481-7_18,doi:10.1145/3314221.3314624,10.1007/978-3-031-27481-7_18,10.1145/3314221.3314624,10.1007/978-3-031-27481-7_18,10.1145/3314221.3314624,0641084259-062602316638,2023,included,raw/cs106-citations-p0001-opencitations.json.gz
opencitations,CS106,S226,citations,doi:10.1007/978-3-030-92124-8_12->doi:10.1145/3314221.3314624,doi:10.1007/978-3-030-92124-8_12,doi:10.1145/3314221.3314624,10.1007/978-3-030-92124-8_12,10.1145/3314221.3314624,10.1007/978-3-030-92124-8_12,10.1145/3314221.3314624,06401712405-062602316638,2021,included,raw/cs106-citations-p0001-opencitations.json.gz
opencitations,CS106,S226,citations,doi:10.1109/tpds.2025.3556861->doi:10.1145/3314221.3314624,doi:10.1109/tpds.2025.3556861,doi:10.1145/3314221.3314624,10.1109/tpds.2025.3556861,10.1145/3314221.3314624,10.1109/tpds.2025.3556861,10.1145/3314221.3314624,06012982837-062602316638,2025-06,included,raw/cs106-citations-p0001-opencitations.json.gz
opencitations,CS106,S226,citations,doi:10.1145/3453483.3454027->doi:10.1145/3314221.3314624,doi:10.1145/3453483.3454027,doi:10.1145/3314221.3314624,10.1145/3453483.3454027,10.1145/3314221.3314624,10.1145/3453483.3454027,10.1145/3314221.3314624,061102983759-062602316638,2021-06-18,included,raw/cs106-citations-p0001-opencitations.json.gz
opencitations,CS106,S226,citations,doi:10.1145/3545117->doi:10.1145/3314221.3314624,doi:10.1145/3545117,doi:10.1145/3314221.3314624,10.1145/3545117,10.1145/3314221.3314624,10.1145/3545117,10.1145/3314221.3314624,061502740758-062602316638,2022-06-27,included,raw/cs106-citations-p0001-opencitations.json.gz
opencitations,CS106,S226,citations,doi:10.1007/978-3-031-98668-0_18->doi:10.1145/3314221.3314624,doi:10.1007/978-3-031-98668-0_18,doi:10.1145/3314221.3314624,10.1007/978-3-031-98668-0_18,10.1145/3314221.3314624,10.1007/978-3-031-98668-0_18,10.1145/3314221.3314624,0608688472-062602316638,2025,included,raw/cs106-citations-p0001-opencitations.json.gz
