edge_key,source_work_key,target_work_key,source_doi,target_doi,providers,seed_ids,screening_record_ids,directions,provider_edge_ids,citing_publication_date,cutoff_status,cutoff_statuses
arxiv:1212.5116->doi:10.1007/978-3-540-75292-9_9,arxiv:1212.5116,doi:10.1007/978-3-540-75292-9_9,,10.1007/978-3-540-75292-9_9,semanticscholar,CS024,A29,citations,,2012-12-20,included,included
arxiv:1212.5116->doi:10.1016/j.scico.2008.09.013,arxiv:1212.5116,doi:10.1016/j.scico.2008.09.013,,10.1016/j.scico.2008.09.013,semanticscholar,CS025,A30,citations,,2012-12-20,included,included
arxiv:1410.6268->doi:10.1007/978-3-642-23283-1_16,arxiv:1410.6268,doi:10.1007/978-3-642-23283-1_16,,10.1007/978-3-642-23283-1_16,semanticscholar,CS018,S28,citations,,2014-10-23,included,included
arxiv:1410.6268->doi:10.1145/1480881.1480886,arxiv:1410.6268,doi:10.1145/1480881.1480886,,10.1145/1480881.1480886,semanticscholar,CS009,S10,citations,,2014-10-23,included,included
arxiv:1410.6268->doi:10.26686/wgtn.17004076,arxiv:1410.6268,doi:10.26686/wgtn.17004076,,10.26686/wgtn.17004076,semanticscholar,CS030,S44,citations,,2014-10-23,included,included
arxiv:1512.09186->doi:10.26686/wgtn.17004076,arxiv:1512.09186,doi:10.26686/wgtn.17004076,,10.26686/wgtn.17004076,semanticscholar,CS030,S44,citations,,2015-12-31,included,included
arxiv:1609.07546->doi:10.1145/1542476.1542493,arxiv:1609.07546,doi:10.1145/1542476.1542493,,10.1145/1542476.1542493,semanticscholar,CS029,S42,citations,,2016-09-24,included,included
arxiv:1701.06104->doi:10.1145/1542476.1542493,arxiv:1701.06104,doi:10.1145/1542476.1542493,,10.1145/1542476.1542493,semanticscholar,CS029,S42,citations,,2017-01-21,included,included
arxiv:2001.10022->doi:10.1145/2837614.2837635,arxiv:2001.10022,doi:10.1145/2837614.2837635,,10.1145/2837614.2837635,semanticscholar,CS014,S19,citations,,2020-01-27,included,included
arxiv:2010.11762->doi:10.1007/978-3-662-49498-1_8,arxiv:2010.11762,doi:10.1007/978-3-662-49498-1_8,,10.1007/978-3-662-49498-1_8,semanticscholar,CS013,S17,citations,,2020-10-22,included,included
arxiv:2010.11762->doi:10.1145/2837614.2837635,arxiv:2010.11762,doi:10.1145/2837614.2837635,,10.1145/2837614.2837635,semanticscholar,CS014,S19,citations,,2020-10-22,included,included
arxiv:2208.00315->doi:10.1145/3437801.3441619,arxiv:2208.00315,doi:10.1145/3437801.3441619,10.48550/arxiv.2208.00315,10.1145/3437801.3441619,semanticscholar,CS008,S09,citations,,2022-07-30,included,included
arxiv:2208.00315->doi:10.1145/3485475,arxiv:2208.00315,doi:10.1145/3485475,10.48550/arxiv.2208.00315,10.1145/3485475,semanticscholar,CS001,S01,citations,,2022-07-30,included,included
arxiv:2208.00315->doi:10.1145/3519939.3523451,arxiv:2208.00315,doi:10.1145/3519939.3523451,10.48550/arxiv.2208.00315,10.1145/3519939.3523451,semanticscholar,CS006,S07,citations,,2022-07-30,included,included
arxiv:2212.14126->doi:10.1007/3-540-36108-1_18,arxiv:2212.14126,doi:10.1007/3-540-36108-1_18,,10.1007/3-540-36108-1_18,semanticscholar,CS012,S16,references,,2022,included,included
arxiv:2212.14126->doi:10.1007/978-3-030-17184-1_1,arxiv:2212.14126,doi:10.1007/978-3-030-17184-1_1,,10.1007/978-3-030-17184-1_1,semanticscholar,CS012,S16,references,,2022,included,included
arxiv:2212.14126->doi:10.1007/978-3-030-72019-3_20,arxiv:2212.14126,doi:10.1007/978-3-030-72019-3_20,,10.1007/978-3-030-72019-3_20,semanticscholar,CS012,S16,references,,2022,included,included
arxiv:2212.14126->doi:10.1007/978-3-030-81688-9_2,arxiv:2212.14126,doi:10.1007/978-3-030-81688-9_2,,10.1007/978-3-030-81688-9_2,semanticscholar,CS012,S16,references,,2022,included,included
arxiv:2212.14126->doi:10.1007/978-3-030-99336-8_8,arxiv:2212.14126,doi:10.1007/978-3-030-99336-8_8,,10.1007/978-3-030-99336-8_8,semanticscholar,CS012,S16,references,,2022,included,included
arxiv:2212.14126->doi:10.1007/978-3-540-28644-8_4,arxiv:2212.14126,doi:10.1007/978-3-540-28644-8_4,,10.1007/978-3-540-28644-8_4,semanticscholar,CS012,S16,references,,2022,included,included
arxiv:2212.14126->doi:10.1007/978-3-642-37036-6_11,arxiv:2212.14126,doi:10.1007/978-3-642-37036-6_11,,10.1007/978-3-642-37036-6_11,semanticscholar,CS012,S16,references,,2022,included,included
arxiv:2212.14126->doi:10.1007/978-3-642-71549-5,arxiv:2212.14126,doi:10.1007/978-3-642-71549-5,,10.1007/978-3-642-71549-5,semanticscholar,CS012,S16,references,,2022,included,included
arxiv:2212.14126->doi:10.1007/978-3-662-44202-9_9,arxiv:2212.14126,doi:10.1007/978-3-662-44202-9_9,,10.1007/978-3-662-44202-9_9,semanticscholar,CS012,S16,references,,2022,included,included
arxiv:2212.14126->doi:10.1007/978-3-662-49498-1_8,arxiv:2212.14126,doi:10.1007/978-3-662-49498-1_8,10.48550/arxiv.2212.14126,10.1007/978-3-662-49498-1_8,semanticscholar,CS012;CS013,S16;S17,citations;references,,2022-12-28,included,included
arxiv:2212.14126->doi:10.1007/978-3-662-54434-1_26,arxiv:2212.14126,doi:10.1007/978-3-662-54434-1_26,,10.1007/978-3-662-54434-1_26,semanticscholar,CS012,S16,references,,2022,included,included
arxiv:2212.14126->doi:10.1007/978-3-662-54434-1_34,arxiv:2212.14126,doi:10.1007/978-3-662-54434-1_34,,10.1007/978-3-662-54434-1_34,semanticscholar,CS012,S16,references,,2022,included,included
arxiv:2212.14126->doi:10.1007/978-94-011-1793-7_4,arxiv:2212.14126,doi:10.1007/978-94-011-1793-7_4,,10.1007/978-94-011-1793-7_4,semanticscholar,CS012,S16,references,,2022,included,included
arxiv:2212.14126->doi:10.1007/s10703-023-00427-w,arxiv:2212.14126,doi:10.1007/s10703-023-00427-w,,10.1007/s10703-023-00427-w,semanticscholar,CS012,S16,references,,2022,included,included
arxiv:2212.14126->doi:10.1016/0020-0190(85)90056-0,arxiv:2212.14126,doi:10.1016/0020-0190(85)90056-0,,10.1016/0020-0190(85)90056-0,semanticscholar,CS012,S16,references,,2022,included,included
arxiv:2212.14126->doi:10.1109/icdcs.2003.1203503,arxiv:2212.14126,doi:10.1109/icdcs.2003.1203503,,10.1109/icdcs.2003.1203503,semanticscholar,CS012,S16,references,,2022,included,included
arxiv:2212.14126->doi:10.1109/lics.2002.1029817,arxiv:2212.14126,doi:10.1109/lics.2002.1029817,,10.1109/lics.2002.1029817,semanticscholar,CS012,S16,references,,2022,included,included
arxiv:2212.14126->doi:10.1109/mahc.1984.10017,arxiv:2212.14126,doi:10.1109/mahc.1984.10017,,10.1109/mahc.1984.10017,semanticscholar,CS012,S16,references,,2022,included,included
arxiv:2212.14126->doi:10.1145/1480881.1480925,arxiv:2212.14126,doi:10.1145/1480881.1480925,,10.1145/1480881.1480925,semanticscholar,CS012,S16,references,,2022,included,included
arxiv:2212.14126->doi:10.1145/2775051.2676980,arxiv:2212.14126,doi:10.1145/2775051.2676980,,10.1145/2775051.2676980,semanticscholar,CS012,S16,references,,2022,included,included
arxiv:2212.14126->doi:10.1145/2951913.2951943,arxiv:2212.14126,doi:10.1145/2951913.2951943,,10.1145/2951913.2951943,semanticscholar,CS012,S16,references,,2022,included,included
arxiv:2212.14126->doi:10.1145/3009837.3009855,arxiv:2212.14126,doi:10.1145/3009837.3009855,,10.1145/3009837.3009855,semanticscholar,CS012,S16,references,,2022,included,included
arxiv:2212.14126->doi:10.1145/3158154,arxiv:2212.14126,doi:10.1145/3158154,,10.1145/3158154,semanticscholar,CS012,S16,references,,2022,included,included
arxiv:2212.14126->doi:10.1145/3210258,arxiv:2212.14126,doi:10.1145/3210258,,10.1145/3210258,semanticscholar,CS012,S16,references,,2022,included,included
arxiv:2212.14126->doi:10.1145/3290378,arxiv:2212.14126,doi:10.1145/3290378,,10.1145/3290378,semanticscholar,CS012,S16,references,,2022,included,included
arxiv:2212.14126->doi:10.1145/3371113,arxiv:2212.14126,doi:10.1145/3371113,,10.1145/3371113,semanticscholar,CS012,S16,references,,2022,included,included
arxiv:2212.14126->doi:10.1145/3453483.3454031,arxiv:2212.14126,doi:10.1145/3453483.3454031,,10.1145/3453483.3454031,semanticscholar,CS012,S16,references,,2022,included,included
arxiv:2212.14126->doi:10.1145/3477082,arxiv:2212.14126,doi:10.1145/3477082,,10.1145/3477082,semanticscholar,CS012,S16,references,,2022,included,included
arxiv:2212.14126->doi:10.1145/3547631,arxiv:2212.14126,doi:10.1145/3547631,,10.1145/3547631,semanticscholar,CS012,S16,references,,2022,included,included
arxiv:2212.14126->doi:10.1145/357980.358001,arxiv:2212.14126,doi:10.1145/357980.358001,,10.1145/357980.358001,semanticscholar,CS012,S16,references,,2022,included,included
arxiv:2212.14126->doi:10.1145/359104.359106,arxiv:2212.14126,doi:10.1145/359104.359106,,10.1145/359104.359106,semanticscholar,CS012,S16,references,,2022,included,included
arxiv:2212.14126->doi:10.1145/359138.359142,arxiv:2212.14126,doi:10.1145/359138.359142,,10.1145/359138.359142,semanticscholar,CS012,S16,references,,2022,included,included
arxiv:2212.14126->doi:10.1145/504709.504712,arxiv:2212.14126,doi:10.1145/504709.504712,,10.1145/504709.504712,semanticscholar,CS012,S16,references,,2022,included,included
arxiv:2212.14126->doi:10.2168/lmcs-7(2:16)2011,arxiv:2212.14126,doi:10.2168/lmcs-7(2:16)2011,,10.2168/lmcs-7(2:16)2011,semanticscholar,CS012,S16,references,,2022,included,included
arxiv:2212.14126->doi:10.2168/lmcs-8(4:1)2012,arxiv:2212.14126,doi:10.2168/lmcs-8(4:1)2012,,10.2168/lmcs-8(4:1)2012,semanticscholar,CS012,S16,references,,2022,included,included
arxiv:2212.14126->doi:10.4230/lipics.fscd.2017.11,arxiv:2212.14126,doi:10.4230/lipics.fscd.2017.11,,10.4230/lipics.fscd.2017.11,semanticscholar,CS012,S16,references,,2022,included,included
arxiv:2212.14126->s2:cece43c07c30bb003c97e3933783e3f1439477a0,arxiv:2212.14126,s2:cece43c07c30bb003c97e3933783e3f1439477a0,,,semanticscholar,CS012,S16,references,,2022,included,included
arxiv:2212.14126->s2:ec34b36be557d2a14fb91f170d28b87b765160ca,arxiv:2212.14126,s2:ec34b36be557d2a14fb91f170d28b87b765160ca,,,semanticscholar,CS012,S16,references,,2022,included,included
arxiv:2212.14126->unknown:semanticscholar:cs012:references:0:33,arxiv:2212.14126,unknown:semanticscholar:cs012:references:0:33,,,semanticscholar,CS012,S16,references,,2022,included,included
arxiv:2212.14126->unknown:semanticscholar:cs012:references:0:34,arxiv:2212.14126,unknown:semanticscholar:cs012:references:0:34,,,semanticscholar,CS012,S16,references,,2022,included,included
arxiv:2212.14126->unknown:semanticscholar:cs012:references:0:37,arxiv:2212.14126,unknown:semanticscholar:cs012:references:0:37,,,semanticscholar,CS012,S16,references,,2022,included,included
arxiv:2212.14126->unknown:semanticscholar:cs012:references:0:41,arxiv:2212.14126,unknown:semanticscholar:cs012:references:0:41,,,semanticscholar,CS012,S16,references,,2022,included,included
arxiv:2212.14126->unknown:semanticscholar:cs012:references:0:42,arxiv:2212.14126,unknown:semanticscholar:cs012:references:0:42,,,semanticscholar,CS012,S16,references,,2022,included,included
arxiv:2212.14126->unknown:semanticscholar:cs012:references:0:43,arxiv:2212.14126,unknown:semanticscholar:cs012:references:0:43,,,semanticscholar,CS012,S16,references,,2022,included,included
arxiv:2212.14126->unknown:semanticscholar:cs012:references:0:44,arxiv:2212.14126,unknown:semanticscholar:cs012:references:0:44,,,semanticscholar,CS012,S16,references,,2022,included,included
arxiv:2305.17605->doi:10.1145/3485475,arxiv:2305.17605,doi:10.1145/3485475,,10.1145/3485475,semanticscholar,CS001,S01,citations,,2023-05-28,included,included
arxiv:2306.01614->doi:10.1145/3519939.3523451,arxiv:2306.01614,doi:10.1145/3519939.3523451,10.48550/arxiv.2306.01614,10.1145/3519939.3523451,semanticscholar,CS006,S07,citations,,2023-06-02,included,included
arxiv:2309.03642->doi:10.1145/3519939.3523451,arxiv:2309.03642,doi:10.1145/3519939.3523451,10.48550/arxiv.2309.03642,10.1145/3519939.3523451,semanticscholar,CS006,S07,citations,,2023-05-20,included,included
arxiv:2311.15250->doi:10.1007/978-3-540-68863-1_6,arxiv:2311.15250,doi:10.1007/978-3-540-68863-1_6,10.48550/arxiv.2311.15250,10.1007/978-3-540-68863-1_6,semanticscholar,CS027,S38,citations,,2023-11-26,included,included
arxiv:2311.17037->doi:10.1145/3485475,arxiv:2311.17037,doi:10.1145/3485475,10.48550/arxiv.2311.17037,10.1145/3485475,semanticscholar,CS001,S01,citations,,2023-11-28,included,included
arxiv:2405.16611->doi:10.1145/3485475,arxiv:2405.16611,doi:10.1145/3485475,10.48550/arxiv.2405.16611,10.1145/3485475,semanticscholar,CS001,S01,citations,,2024-05-26,included,included
arxiv:2406.18939->doi:10.1145/3591253,arxiv:2406.18939,doi:10.1145/3591253,10.48550/arxiv.2406.18939,10.1145/3591253,semanticscholar,CS002,S02,citations,,2024-06-27,included,included
arxiv:2407.20559->doi:10.1145/2837614.2837635,arxiv:2407.20559,doi:10.1145/2837614.2837635,10.48550/arxiv.2407.20559,10.1145/2837614.2837635,semanticscholar,CS014,S19,citations,,2024-07-30,included,included
arxiv:2502.03320->doi:10.1145/1480881.1480886,arxiv:2502.03320,doi:10.1145/1480881.1480886,10.48550/arxiv.2502.03320,10.1145/1480881.1480886,semanticscholar,CS009,S10,citations,,2025-02-05,included,included
arxiv:2507.04298->doi:10.1145/2837614.2837635,arxiv:2507.04298,doi:10.1145/2837614.2837635,10.48550/arxiv.2507.04298,10.1145/2837614.2837635,semanticscholar,CS014,S19,citations,,2025-07-06,included,included
arxiv:2601.11836->doi:10.1145/3704906,arxiv:2601.11836,doi:10.1145/3704906,10.48550/arxiv.2601.11836,10.1145/3704906,semanticscholar,CS022,S33,citations,,2026-01-16,included,included
arxiv:2602.19609->doi:10.1145/3485475,arxiv:2602.19609,doi:10.1145/3485475,10.48550/arxiv.2602.19609,10.1145/3485475,semanticscholar,CS001,S01,citations,,2026-02-23,included,included
arxiv:2602.19609->doi:10.1145/3776687,arxiv:2602.19609,doi:10.1145/3776687,10.48550/arxiv.2602.19609,10.1145/3776687,semanticscholar,CS004,S05,citations,,2026-02-23,included,included
arxiv:2605.01124->doi:10.1145/3704906,arxiv:2605.01124,doi:10.1145/3704906,10.48550/arxiv.2605.01124,10.1145/3704906,semanticscholar,CS022,S33,citations,,2026-05-01,included,included
arxiv:2605.23633->doi:10.1145/3591253,arxiv:2605.23633,doi:10.1145/3591253,10.48550/arxiv.2605.23633,10.1145/3591253,semanticscholar,CS002,S02,citations,,2026-05-22,included,included
arxiv:2605.23633->doi:10.1145/3720525,arxiv:2605.23633,doi:10.1145/3720525,10.48550/arxiv.2605.23633,10.1145/3720525,semanticscholar,CS010,S14,citations,,2026-05-22,included,included
arxiv:2607.11582->doi:10.1007/3-540-44898-5_4,arxiv:2607.11582,doi:10.1007/3-540-44898-5_4,10.1145/3828679,10.1007/3-540-44898-5_4,semanticscholar,CS023,S35,references,,2026-07-13,included,included
arxiv:2607.11582->doi:10.1007/978-3-030-17184-1_1,arxiv:2607.11582,doi:10.1007/978-3-030-17184-1_1,10.1145/3828679,10.1007/978-3-030-17184-1_1,semanticscholar,CS023,S35,references,,2026-07-13,included,included
arxiv:2607.11582->doi:10.1007/978-3-319-22102-1_9,arxiv:2607.11582,doi:10.1007/978-3-319-22102-1_9,10.1145/3828679,10.1007/978-3-319-22102-1_9,semanticscholar,CS023,S35,references,,2026-07-13,included,included
arxiv:2607.11582->doi:10.1007/978-3-319-89884-1_19,arxiv:2607.11582,doi:10.1007/978-3-319-89884-1_19,10.1145/3828679,10.1007/978-3-319-89884-1_19,semanticscholar,CS023,S35,references,,2026-07-13,included,included
arxiv:2607.11582->doi:10.1007/978-3-319-89960-2_9,arxiv:2607.11582,doi:10.1007/978-3-319-89960-2_9,10.1145/3828679,10.1007/978-3-319-89960-2_9,semanticscholar,CS023,S35,references,,2026-07-13,included,included
arxiv:2607.11582->doi:10.1007/978-3-642-00590-9_14,arxiv:2607.11582,doi:10.1007/978-3-642-00590-9_14,10.1145/3828679,10.1007/978-3-642-00590-9_14,semanticscholar,CS023,S35,references,,2026-07-13,included,included
arxiv:2607.11582->doi:10.1007/978-3-642-31424-7_64,arxiv:2607.11582,doi:10.1007/978-3-642-31424-7_64,10.1145/3828679,10.1007/978-3-642-31424-7_64,semanticscholar,CS023,S35,references,,2026-07-13,included,included
arxiv:2607.11582->doi:10.1007/978-3-662-44202-9_9,arxiv:2607.11582,doi:10.1007/978-3-662-44202-9_9,10.1145/3828679,10.1007/978-3-662-44202-9_9,semanticscholar,CS023,S35,references,,2026-07-13,included,included
arxiv:2607.11582->doi:10.1007/978-3-662-46669-8_6,arxiv:2607.11582,doi:10.1007/978-3-662-46669-8_6,10.1145/3828679,10.1007/978-3-662-46669-8_6,semanticscholar,CS023,S35,references,,2026-07-13,included,included
arxiv:2607.11582->doi:10.1007/s10817-017-9431-7,arxiv:2607.11582,doi:10.1007/s10817-017-9431-7,10.1145/3828679,10.1007/s10817-017-9431-7,semanticscholar,CS023,S35,references,,2026-07-13,included,included
arxiv:2607.11582->doi:10.1016/0167-6423(87)90029-3,arxiv:2607.11582,doi:10.1016/0167-6423(87)90029-3,10.1145/3828679,10.1016/0167-6423(87)90029-3,semanticscholar,CS023,S35,references,,2026-07-13,included,included
arxiv:2607.11582->doi:10.1017/s0956796818000151,arxiv:2607.11582,doi:10.1017/s0956796818000151,10.1145/3828679,10.1017/s0956796818000151,semanticscholar,CS023,S35,references,,2026-07-13,included,included
arxiv:2607.11582->doi:10.1109/lics.1999.782641,arxiv:2607.11582,doi:10.1109/lics.1999.782641,10.1145/3828679,10.1109/lics.1999.782641,semanticscholar,CS023,S35,references,,2026-07-13,included,included
arxiv:2607.11582->doi:10.1109/lics.2013.18,arxiv:2607.11582,doi:10.1109/lics.2013.18,10.1145/3828679,10.1109/lics.2013.18,semanticscholar,CS023,S35,references,,2026-07-13,included,included
arxiv:2607.11582->doi:10.1109/sfcs.1994.365680,arxiv:2607.11582,doi:10.1109/sfcs.1994.365680,10.1145/3828679,10.1109/sfcs.1994.365680,semanticscholar,CS023,S35,references,,2026-07-13,included,included
arxiv:2607.11582->doi:10.1109/superc.1990.130084,arxiv:2607.11582,doi:10.1109/superc.1990.130084,10.1145/3828679,10.1109/superc.1990.130084,semanticscholar,CS023,S35,references,,2026-07-13,included,included
arxiv:2607.11582->doi:10.1145/1040305.1040327,arxiv:2607.11582,doi:10.1145/1040305.1040327,10.1145/3828679,10.1145/1040305.1040327,semanticscholar,CS023,S35,references,,2026-07-13,included,included
arxiv:2607.11582->doi:10.1145/1411203.1411224,arxiv:2607.11582,doi:10.1145/1411203.1411224,10.1145/3828679,10.1145/1411203.1411224,semanticscholar,CS023,S35,references,,2026-07-13,included,included
arxiv:2607.11582->doi:10.1145/155332.155343,arxiv:2607.11582,doi:10.1145/155332.155343,10.1145/3828679,10.1145/155332.155343,semanticscholar,CS023,S35,references,,2026-07-13,included,included
arxiv:2607.11582->doi:10.1145/1929553.1929565,arxiv:2607.11582,doi:10.1145/1929553.1929565,10.1145/3828679,10.1145/1929553.1929565,semanticscholar,CS023,S35,references,,2026-07-13,included,included
arxiv:2607.11582->doi:10.1145/232627.232650,arxiv:2607.11582,doi:10.1145/232627.232650,10.1145/3828679,10.1145/232627.232650,semanticscholar,CS023,S35,references,,2026-07-13,included,included
arxiv:2607.11582->doi:10.1145/2594291.2594301,arxiv:2607.11582,doi:10.1145/2594291.2594301,10.1145/3828679,10.1145/2594291.2594301,semanticscholar,CS023,S35,references,,2026-07-13,included,included
arxiv:2607.11582->doi:10.1145/2676724.2693179,arxiv:2607.11582,doi:10.1145/2676724.2693179,10.1145/3828679,10.1145/2676724.2693179,semanticscholar,CS023,S35,references,,2026-07-13,included,included
arxiv:2607.11582->doi:10.1145/2775051.2676980,arxiv:2607.11582,doi:10.1145/2775051.2676980,10.1145/3828679,10.1145/2775051.2676980,semanticscholar,CS023,S35,references,,2026-07-13,included,included
arxiv:2607.11582->doi:10.1145/2837614.2837646,arxiv:2607.11582,doi:10.1145/2837614.2837646,10.1145/3828679,10.1145/2837614.2837646,semanticscholar,CS023,S35,references,,2026-07-13,included,included
arxiv:2607.11582->doi:10.1145/3062341.3062354,arxiv:2607.11582,doi:10.1145/3062341.3062354,10.1145/3828679,10.1145/3062341.3062354,semanticscholar,CS023,S35,references,,2026-07-13,included,included
arxiv:2607.11582->doi:10.1145/3209108.3209146,arxiv:2607.11582,doi:10.1145/3209108.3209146,10.1145/3828679,10.1145/3209108.3209146,semanticscholar,CS023,S35,references,,2026-07-13,included,included
arxiv:2607.11582->doi:10.1145/321812.321815,arxiv:2607.11582,doi:10.1145/321812.321815,10.1145/3828679,10.1145/321812.321815,semanticscholar,CS023,S35,references,,2026-07-13,included,included
arxiv:2607.11582->doi:10.1145/3236786,arxiv:2607.11582,doi:10.1145/3236786,10.1145/3828679,10.1145/3236786,semanticscholar,CS023,S35,references,,2026-07-13,included,included
arxiv:2607.11582->doi:10.1145/3350755.3400227,arxiv:2607.11582,doi:10.1145/3350755.3400227,10.1145/3828679,10.1145/3350755.3400227,semanticscholar,CS023,S35,references,,2026-07-13,included,included
arxiv:2607.11582->doi:10.1145/3408995,arxiv:2607.11582,doi:10.1145/3408995,10.1145/3828679,10.1145/3408995,semanticscholar,CS023,S35,references,,2026-07-13,included,included
arxiv:2607.11582->doi:10.1145/3473586,arxiv:2607.11582,doi:10.1145/3473586,10.1145/3828679,10.1145/3473586,semanticscholar,CS023,S35,references,,2026-07-13,included,included
arxiv:2607.11582->doi:10.1145/3495529,arxiv:2607.11582,doi:10.1145/3495529,10.1145/3828679,10.1145/3495529,semanticscholar,CS023,S35,references,,2026-07-13,included,included
arxiv:2607.11582->doi:10.1145/3497775.3503677,arxiv:2607.11582,doi:10.1145/3497775.3503677,10.1145/3828679,10.1145/3497775.3503677,semanticscholar,CS023,S35,references,,2026-07-13,included,included
arxiv:2607.11582->doi:10.1145/3498672,arxiv:2607.11582,doi:10.1145/3498672,10.1145/3828679,10.1145/3498672,semanticscholar,CS023,S35,references,,2026-07-13,included,included
arxiv:2607.11582->doi:10.1145/3547631,arxiv:2607.11582,doi:10.1145/3547631,10.1145/3828679,10.1145/3547631,semanticscholar,CS023,S35,references,,2026-07-13,included,included
arxiv:2607.11582->doi:10.1145/3571218,arxiv:2607.11582,doi:10.1145/3571218,10.1145/3828679,10.1145/3571218,semanticscholar,CS023,S35,references,,2026-07-13,included,included
arxiv:2607.11582->doi:10.1145/3632852,arxiv:2607.11582,doi:10.1145/3632852,10.1145/3828679,10.1145/3632852,semanticscholar,CS023,S35,references,,2026-07-13,included,included
arxiv:2607.11582->doi:10.1145/3632853,arxiv:2607.11582,doi:10.1145/3632853,10.1145/3828679,10.1145/3632853,semanticscholar,CS023,S35,references,,2026-07-13,included,included
arxiv:2607.11582->doi:10.1145/3632892,arxiv:2607.11582,doi:10.1145/3632892,10.1145/3828679,10.1145/3632892,semanticscholar,CS023,S35,references,,2026-07-13,included,included
arxiv:2607.11582->doi:10.1145/3674635,arxiv:2607.11582,doi:10.1145/3674635,10.1145/3828679,10.1145/3674635,semanticscholar,CS023,S35,references,,2026-07-13,included,included
arxiv:2607.11582->doi:10.1145/3689753,arxiv:2607.11582,doi:10.1145/3689753,10.1145/3828679,10.1145/3689753,semanticscholar,CS023,S35,references,,2026-07-13,included,included
arxiv:2607.11582->doi:10.1145/3716312,arxiv:2607.11582,doi:10.1145/3716312,10.1145/3828679,10.1145/3716312,semanticscholar,CS023,S35,references,,2026-07-13,included,included
arxiv:2607.11582->doi:10.1145/3747514,arxiv:2607.11582,doi:10.1145/3747514,10.1145/3828679,10.1145/3747514,semanticscholar,CS023,S35,references,,2026-07-13,included,included
arxiv:2607.11582->doi:10.1145/604131.604148,arxiv:2607.11582,doi:10.1145/604131.604148,10.1145/3828679,10.1145/604131.604148,semanticscholar,CS023,S35,references,,2026-07-13,included,included
arxiv:2607.11582->doi:10.1145/78969.78972,arxiv:2607.11582,doi:10.1145/78969.78972,10.1145/3828679,10.1145/78969.78972,semanticscholar,CS023,S35,references,,2026-07-13,included,included
arxiv:2607.11582->doi:10.1184/r1/6608579.v1,arxiv:2607.11582,doi:10.1184/r1/6608579.v1,10.1145/3828679,10.1184/r1/6608579.v1,semanticscholar,CS023,S35,references,,2026-07-13,included,included
arxiv:2607.11582->doi:10.2168/lmcs-7(2:17)2011,arxiv:2607.11582,doi:10.2168/lmcs-7(2:17)2011,10.1145/3828679,10.2168/lmcs-7(2:17)2011,semanticscholar,CS023,S35,references,,2026-07-13,included,included
arxiv:2607.11582->doi:10.29007/xkwx,arxiv:2607.11582,doi:10.29007/xkwx,10.1145/3828679,10.29007/xkwx,semanticscholar,CS023,S35,references,,2026-07-13,included,included
arxiv:2607.11582->s2:3bf19c75f4e2f7fa85e5e2d0557a0e4c2d790ad3,arxiv:2607.11582,s2:3bf19c75f4e2f7fa85e5e2d0557a0e4c2d790ad3,10.1145/3828679,,semanticscholar,CS023,S35,references,,2026-07-13,included,included
arxiv:2607.11582->s2:88ac3e29deb6c25afccca936dc9d9cb719f3c0d5,arxiv:2607.11582,s2:88ac3e29deb6c25afccca936dc9d9cb719f3c0d5,10.1145/3828679,,semanticscholar,CS023,S35,references,,2026-07-13,included,included
arxiv:2607.11582->s2:fdbae42fddad6fbd979527cb4878b891d161312b,arxiv:2607.11582,s2:fdbae42fddad6fbd979527cb4878b891d161312b,10.1145/3828679,,semanticscholar,CS023,S35,references,,2026-07-13,included,included
arxiv:2607.11582->unknown:semanticscholar:cs023:references:0:47,arxiv:2607.11582,unknown:semanticscholar:cs023:references:0:47,10.1145/3828679,,semanticscholar,CS023,S35,references,,2026-07-13,included,included
arxiv:2607.11582->unknown:semanticscholar:cs023:references:0:48,arxiv:2607.11582,unknown:semanticscholar:cs023:references:0:48,10.1145/3828679,,semanticscholar,CS023,S35,references,,2026-07-13,included,included
arxiv:2607.11582->unknown:semanticscholar:cs023:references:0:52,arxiv:2607.11582,unknown:semanticscholar:cs023:references:0:52,10.1145/3828679,,semanticscholar,CS023,S35,references,,2026-07-13,included,included
arxiv:2607.11582->unknown:semanticscholar:cs023:references:0:54,arxiv:2607.11582,unknown:semanticscholar:cs023:references:0:54,10.1145/3828679,,semanticscholar,CS023,S35,references,,2026-07-13,included,included
arxiv:2607.11582->unknown:semanticscholar:cs023:references:0:55,arxiv:2607.11582,unknown:semanticscholar:cs023:references:0:55,10.1145/3828679,,semanticscholar,CS023,S35,references,,2026-07-13,included,included
arxiv:2607.11582->unknown:semanticscholar:cs023:references:0:57,arxiv:2607.11582,unknown:semanticscholar:cs023:references:0:57,10.1145/3828679,,semanticscholar,CS023,S35,references,,2026-07-13,included,included
arxiv:2607.12642->doi:10.1145/3519939.3523451,arxiv:2607.12642,doi:10.1145/3519939.3523451,,10.1145/3519939.3523451,semanticscholar,CS006,S07,citations,,2026-07-14,included,included
arxiv:2607.18727->doi:10.1145/3519939.3523451,arxiv:2607.18727,doi:10.1145/3519939.3523451,,10.1145/3519939.3523451,semanticscholar,CS006,S07,citations,,2026-07-21,included,included
arxiv:2607.18727->doi:10.1145/3656384,arxiv:2607.18727,doi:10.1145/3656384,,10.1145/3656384,semanticscholar,CS007,S08,citations,,2026-07-21,included,included
doi:10.1002/cpe.70484->doi:10.1145/3437801.3441619,doi:10.1002/cpe.70484,doi:10.1145/3437801.3441619,10.1002/cpe.70484,10.1145/3437801.3441619,semanticscholar,CS008,S09,citations,,2025-08-06,included,included
doi:10.1002/cpe.70484->doi:10.1145/3485475,doi:10.1002/cpe.70484,doi:10.1145/3485475,10.1002/cpe.70484,10.1145/3485475,semanticscholar,CS001,S01,citations,,2025-08-06,included,included
doi:10.1002/cpe.70484->doi:10.1145/3519939.3523451,doi:10.1002/cpe.70484,doi:10.1145/3519939.3523451,10.1002/cpe.70484,10.1145/3519939.3523451,semanticscholar,CS006,S07,citations,,2025-08-06,included,included
doi:10.1007/978-3-030-17184-1_1->doi:10.1109/lics.2013.18,doi:10.1007/978-3-030-17184-1_1,doi:10.1109/lics.2013.18,10.1007/978-3-030-17184-1_1,10.1109/lics.2013.18,semanticscholar,CS016,A27,citations,,2019-04-08,included,included
doi:10.1007/978-3-030-32505-3_11->doi:10.1007/978-3-662-49498-1_8,doi:10.1007/978-3-030-32505-3_11,doi:10.1007/978-3-662-49498-1_8,10.1007/978-3-030-32505-3_11,10.1007/978-3-662-49498-1_8,semanticscholar,CS013,S17,citations,,2019-10-31,included,included
doi:10.1007/978-3-030-32505-3_11->doi:10.1109/lics.2013.18,doi:10.1007/978-3-030-32505-3_11,doi:10.1109/lics.2013.18,10.1007/978-3-030-32505-3_11,10.1109/lics.2013.18,semanticscholar,CS016,A27,citations,,2019-10-31,included,included
doi:10.1007/978-3-030-48077-6_2->doi:10.1007/978-3-642-23283-1_16,doi:10.1007/978-3-030-48077-6_2,doi:10.1007/978-3-642-23283-1_16,10.1007/978-3-030-48077-6_2,10.1007/978-3-642-23283-1_16,semanticscholar,CS018,S28,citations,,2020-04-22,included,included
doi:10.1007/978-3-030-81688-9_2->doi:10.1007/978-3-662-49498-1_8,doi:10.1007/978-3-030-81688-9_2,doi:10.1007/978-3-662-49498-1_8,10.1007/978-3-030-81688-9_2,10.1007/978-3-662-49498-1_8,semanticscholar,CS013,S17,citations,,2021,included,included
doi:10.1007/978-3-030-99336-8_12->doi:10.1145/3485475,doi:10.1007/978-3-030-99336-8_12,doi:10.1145/3485475,10.1007/978-3-030-99336-8_12,10.1145/3485475,semanticscholar,CS001,S01,citations,,2022-01-25,included,included
doi:10.1007/978-3-030-99336-8_12->doi:10.1145/3766061,doi:10.1007/978-3-030-99336-8_12,doi:10.1145/3766061,10.1007/978-3-030-99336-8_12,10.1145/3766061,semanticscholar,CS031,S45,citations,,2022-01-25,included,included
doi:10.1007/978-3-031-08166-8_20->doi:10.1007/978-3-642-23283-1_16,doi:10.1007/978-3-031-08166-8_20,doi:10.1007/978-3-642-23283-1_16,10.1007/978-3-031-08166-8_20,10.1007/978-3-642-23283-1_16,semanticscholar,CS018,S28,citations,,2022,included,included
doi:10.1007/978-3-031-37706-8_12->doi:10.1145/3485475,doi:10.1007/978-3-031-37706-8_12,doi:10.1145/3485475,10.1007/978-3-031-37706-8_12,10.1145/3485475,semanticscholar,CS001,S01,citations,,2023,included,included
doi:10.1007/978-3-031-37706-8_6->doi:10.1007/s10703-021-00370-8,doi:10.1007/978-3-031-37706-8_6,doi:10.1007/s10703-021-00370-8,10.1007/978-3-031-37706-8_6,10.1007/s10703-021-00370-8,semanticscholar,CS028,S40,citations,,2023,included,included
doi:10.1007/978-3-031-91118-7_3->doi:10.1145/3622820,doi:10.1007/978-3-031-91118-7_3,doi:10.1145/3622820,10.1007/978-3-031-91118-7_3,10.1145/3622820,semanticscholar,CS026,S27,citations,,2025,included,included
doi:10.1007/978-3-031-98208-8_8->doi:10.1145/3485475,doi:10.1007/978-3-031-98208-8_8,doi:10.1145/3485475,10.1007/978-3-031-98208-8_8,10.1145/3485475,semanticscholar,CS001,S01,citations,,2025-04-24,included,included
doi:10.1007/978-3-319-06251-8_1->doi:10.1145/1480881.1480886,doi:10.1007/978-3-319-06251-8_1,doi:10.1145/1480881.1480886,10.1007/978-3-319-06251-8_1,10.1145/1480881.1480886,semanticscholar,CS009,S10,citations,,2014-04-28,included,included
doi:10.1007/978-3-319-06410-9_15->doi:10.1007/978-3-540-68863-1_6,doi:10.1007/978-3-319-06410-9_15,doi:10.1007/978-3-540-68863-1_6,10.1007/978-3-319-06410-9_15,10.1007/978-3-540-68863-1_6,semanticscholar,CS027,S38,citations,,2014-05-12,included,included
doi:10.1007/978-3-319-06410-9_15->doi:10.1007/978-3-642-23283-1_16,doi:10.1007/978-3-319-06410-9_15,doi:10.1007/978-3-642-23283-1_16,10.1007/978-3-319-06410-9_15,10.1007/978-3-642-23283-1_16,semanticscholar,CS018,S28,citations,,2014-05-12,included,included
doi:10.1007/978-3-319-10181-1_22->doi:10.1007/978-3-642-23283-1_16,doi:10.1007/978-3-319-10181-1_22,doi:10.1007/978-3-642-23283-1_16,10.1007/978-3-319-10181-1_22,10.1007/978-3-642-23283-1_16,semanticscholar,CS018,S28,citations,,2014-09-09,included,included
doi:10.1007/978-3-319-13338-6_1->doi:10.1007/978-3-540-68863-1_6,doi:10.1007/978-3-319-13338-6_1,doi:10.1007/978-3-540-68863-1_6,10.1007/978-3-319-13338-6_1,10.1007/978-3-540-68863-1_6,semanticscholar,CS027,S38,citations,,2014-11-18,included,included
doi:10.1007/978-3-319-33693-0_13->doi:10.1145/1480881.1480886,doi:10.1007/978-3-319-33693-0_13,doi:10.1145/1480881.1480886,10.1007/978-3-319-33693-0_13,10.1145/1480881.1480886,semanticscholar,CS009,S10,citations,,2016-06-01,included,included
doi:10.1007/978-3-319-33693-0_13->doi:10.1145/2837614.2837635,doi:10.1007/978-3-319-33693-0_13,doi:10.1145/2837614.2837635,10.1007/978-3-319-33693-0_13,10.1145/2837614.2837635,semanticscholar,CS014,S19,citations,,2016-06-01,included,included
doi:10.1007/978-3-319-47677-3_3->doi:10.1007/978-3-642-23283-1_16,doi:10.1007/978-3-319-47677-3_3,doi:10.1007/978-3-642-23283-1_16,10.1007/978-3-319-47677-3_3,10.1007/978-3-642-23283-1_16,semanticscholar,CS018,S28,citations,,2016-11-09,included,included
doi:10.1007/978-3-319-70278-0_30->doi:10.1145/1480881.1480886,doi:10.1007/978-3-319-70278-0_30,doi:10.1145/1480881.1480886,10.1007/978-3-319-70278-0_30,10.1145/1480881.1480886,semanticscholar,CS009,S10,citations,,2017-02-17,included,included
doi:10.1007/978-3-319-70278-0_30->doi:10.1145/2837614.2837635,doi:10.1007/978-3-319-70278-0_30,doi:10.1145/2837614.2837635,10.1007/978-3-319-70278-0_30,10.1145/2837614.2837635,semanticscholar,CS014,S19,citations,,2017-02-17,included,included
doi:10.1007/978-3-319-71237-6_14->doi:10.1007/978-3-662-49498-1_8,doi:10.1007/978-3-319-71237-6_14,doi:10.1007/978-3-662-49498-1_8,10.1007/978-3-319-71237-6_14,10.1007/978-3-662-49498-1_8,semanticscholar,CS013,S17,citations,,2017-11-27,included,included
doi:10.1007/978-3-319-71237-6_14->doi:10.1145/2837614.2837635,doi:10.1007/978-3-319-71237-6_14,doi:10.1145/2837614.2837635,10.1007/978-3-319-71237-6_14,10.1145/2837614.2837635,semanticscholar,CS014,S19,citations,,2017-11-27,included,included
doi:10.1007/978-3-319-89884-1_15->doi:10.1007/978-3-662-49498-1_8,doi:10.1007/978-3-319-89884-1_15,doi:10.1007/978-3-662-49498-1_8,10.1007/978-3-319-89884-1_15,10.1007/978-3-662-49498-1_8,semanticscholar,CS013,S17,citations,,2018-04-16,included,included
doi:10.1007/978-3-319-89884-1_15->doi:10.1109/lics.2013.18,doi:10.1007/978-3-319-89884-1_15,doi:10.1109/lics.2013.18,10.1007/978-3-319-89884-1_15,10.1109/lics.2013.18,semanticscholar,CS016,A27,citations,,2018-04-16,included,included
doi:10.1007/978-3-319-89884-1_32->doi:10.1145/2837614.2837635,doi:10.1007/978-3-319-89884-1_32,doi:10.1145/2837614.2837635,10.1007/978-3-319-89884-1_32,10.1145/2837614.2837635,semanticscholar,CS014,S19,citations,,2018-02-16,included,included
doi:10.1007/978-3-319-89960-2_9->doi:10.1109/lics.2013.18,doi:10.1007/978-3-319-89960-2_9,doi:10.1109/lics.2013.18,10.1007/978-3-319-89960-2_9,10.1109/lics.2013.18,semanticscholar,CS016,A27,citations,,2018-04-14,included,included
doi:10.1007/978-3-319-91280-6_1757->doi:10.1145/3519939.3523451,doi:10.1007/978-3-319-91280-6_1757,doi:10.1145/3519939.3523451,10.1007/978-3-319-91280-6_1757,10.1145/3519939.3523451,semanticscholar,CS006,S07,citations,,1932-12-01,included,included
doi:10.1007/978-3-319-95582-7_33->doi:10.1145/2837614.2837635,doi:10.1007/978-3-319-95582-7_33,doi:10.1145/2837614.2837635,10.1007/978-3-319-95582-7_33,10.1145/2837614.2837635,semanticscholar,CS014,S19,citations,,2018-07-15,included,included
doi:10.1007/978-3-540-73368-3_1->doi:10.1145/1480881.1480886,doi:10.1007/978-3-540-73368-3_1,doi:10.1145/1480881.1480886,10.1007/978-3-540-73368-3_1,10.1145/1480881.1480886,semanticscholar,CS009,S10,citations,,2007,included,included
doi:10.1007/978-3-540-87603-8_4->doi:10.1007/978-3-540-68863-1_6,doi:10.1007/978-3-540-87603-8_4,doi:10.1007/978-3-540-68863-1_6,10.1007/978-3-540-87603-8_4,10.1007/978-3-540-68863-1_6,semanticscholar,CS027,S38,citations,,2008-09-16,included,included
doi:10.1007/978-3-540-93900-9_6->doi:10.1145/1480881.1480886,doi:10.1007/978-3-540-93900-9_6,doi:10.1145/1480881.1480886,10.1007/978-3-540-93900-9_6,10.1145/1480881.1480886,semanticscholar,CS009,S10,citations,,2008-12-16,included,included
doi:10.1007/978-3-642-11319-2_25->doi:10.1145/1480881.1480886,doi:10.1007/978-3-642-11319-2_25,doi:10.1145/1480881.1480886,10.1007/978-3-642-11319-2_25,10.1145/1480881.1480886,semanticscholar,CS009,S10,citations,,2010-01-17,included,included
doi:10.1007/978-3-642-11957-6_32->doi:10.1145/1480881.1480886,doi:10.1007/978-3-642-11957-6_32,doi:10.1145/1480881.1480886,10.1007/978-3-642-11957-6_32,10.1145/1480881.1480886,semanticscholar,CS009,S10,citations,,2010-03-20,included,included
doi:10.1007/978-3-642-13321-3_21->doi:10.1007/978-3-540-75292-9_9,doi:10.1007/978-3-642-13321-3_21,doi:10.1007/978-3-540-75292-9_9,10.1007/978-3-642-13321-3_21,10.1007/978-3-540-75292-9_9,semanticscholar,CS024,A29,citations,,2010-06-21,included,included
doi:10.1007/978-3-642-13321-3_21->doi:10.1016/j.scico.2008.09.013,doi:10.1007/978-3-642-13321-3_21,doi:10.1016/j.scico.2008.09.013,10.1007/978-3-642-13321-3_21,10.1016/j.scico.2008.09.013,semanticscholar,CS025,A30,citations,,2010-06-21,included,included
doi:10.1007/978-3-642-13321-3_21->doi:10.1145/1480881.1480886,doi:10.1007/978-3-642-13321-3_21,doi:10.1145/1480881.1480886,10.1007/978-3-642-13321-3_21,10.1145/1480881.1480886,semanticscholar,CS009,S10,citations,,2010-06-21,included,included
doi:10.1007/978-3-642-15375-4_27->doi:10.1145/1480881.1480886,doi:10.1007/978-3-642-15375-4_27,doi:10.1145/1480881.1480886,10.1007/978-3-642-15375-4_27,10.1145/1480881.1480886,semanticscholar,CS009,S10,citations,,2010-08-31,included,included
doi:10.1007/978-3-642-15769-1_19->doi:10.1145/1480881.1480886,doi:10.1007/978-3-642-15769-1_19,doi:10.1145/1480881.1480886,10.1007/978-3-642-15769-1_19,10.1145/1480881.1480886,semanticscholar,CS009,S10,citations,,2010-09-14,included,included
doi:10.1007/978-3-642-15769-1_4->doi:10.1145/1480881.1480886,doi:10.1007/978-3-642-15769-1_4,doi:10.1145/1480881.1480886,10.1007/978-3-642-15769-1_4,10.1145/1480881.1480886,semanticscholar,CS009,S10,citations,,2010-09-14,included,included
doi:10.1007/978-3-642-18275-4_16->doi:10.1145/1480881.1480886,doi:10.1007/978-3-642-18275-4_16,doi:10.1145/1480881.1480886,10.1007/978-3-642-18275-4_16,10.1145/1480881.1480886,semanticscholar,CS009,S10,citations,,2011-01-23,included,included
doi:10.1007/978-3-642-21437-0_25->doi:10.1007/978-3-540-68863-1_6,doi:10.1007/978-3-642-21437-0_25,doi:10.1007/978-3-540-68863-1_6,10.1007/978-3-642-21437-0_25,10.1007/978-3-540-68863-1_6,semanticscholar,CS027,S38,citations,,2011-06-20,included,included
doi:10.1007/978-3-642-22012-8_36->doi:10.1145/1480881.1480886,doi:10.1007/978-3-642-22012-8_36,doi:10.1145/1480881.1480886,10.1007/978-3-642-22012-8_36,10.1145/1480881.1480886,semanticscholar,CS009,S10,citations,,2011-07-04,included,included
doi:10.1007/978-3-642-22012-8_36->doi:10.1145/1542476.1542493,doi:10.1007/978-3-642-22012-8_36,doi:10.1145/1542476.1542493,10.1007/978-3-642-22012-8_36,10.1145/1542476.1542493,semanticscholar,CS029,S42,citations,,2011-07-04,included,included
doi:10.1007/978-3-642-23397-5_15->doi:10.1145/1542476.1542493,doi:10.1007/978-3-642-23397-5_15,doi:10.1145/1542476.1542493,10.1007/978-3-642-23397-5_15,10.1145/1542476.1542493,semanticscholar,CS029,S42,citations,,2011-08-29,included,included
doi:10.1007/978-3-642-24690-6_10->doi:10.1145/1480881.1480886,doi:10.1007/978-3-642-24690-6_10,doi:10.1145/1480881.1480886,10.1007/978-3-642-24690-6_10,10.1145/1480881.1480886,semanticscholar,CS009,S10,citations,,2011-11-14,included,included
doi:10.1007/978-3-642-25379-9_19->doi:10.1145/1480881.1480886,doi:10.1007/978-3-642-25379-9_19,doi:10.1145/1480881.1480886,10.1007/978-3-642-25379-9_19,10.1145/1480881.1480886,semanticscholar,CS009,S10,citations,,2011-12-07,included,included
doi:10.1007/978-3-642-28756-5_17->doi:10.1145/1480881.1480886,doi:10.1007/978-3-642-28756-5_17,doi:10.1145/1480881.1480886,10.1007/978-3-642-28756-5_17,10.1145/1480881.1480886,semanticscholar,CS009,S10,citations,,2012-03-24,included,included
doi:10.1007/978-3-642-31424-7_21->doi:10.1007/978-3-642-23283-1_16,doi:10.1007/978-3-642-31424-7_21,doi:10.1007/978-3-642-23283-1_16,10.1007/978-3-642-31424-7_21,10.1007/978-3-642-23283-1_16,semanticscholar,CS018,S28,citations,,2012-07-07,included,included
doi:10.1007/978-3-642-31762-0->doi:10.1007/978-3-642-23283-1_16,doi:10.1007/978-3-642-31762-0,doi:10.1007/978-3-642-23283-1_16,10.1007/978-3-642-31762-0,10.1007/978-3-642-23283-1_16,semanticscholar,CS018,S28,citations,,2011,included,included
doi:10.1007/978-3-642-31762-0->doi:10.1145/1480881.1480886,doi:10.1007/978-3-642-31762-0,doi:10.1145/1480881.1480886,10.1007/978-3-642-31762-0,10.1145/1480881.1480886,semanticscholar,CS009,S10,citations,,2011,included,included
doi:10.1007/978-3-642-32027-9_10->doi:10.1016/j.scico.2008.09.013,doi:10.1007/978-3-642-32027-9_10,doi:10.1016/j.scico.2008.09.013,10.1007/978-3-642-32027-9_10,10.1016/j.scico.2008.09.013,semanticscholar,CS025,A30,citations,,2012,included,included
doi:10.1007/978-3-642-32027-9_10->doi:10.1145/1542476.1542493,doi:10.1007/978-3-642-32027-9_10,doi:10.1145/1542476.1542493,10.1007/978-3-642-32027-9_10,10.1145/1542476.1542493,semanticscholar,CS029,S42,citations,,2012,included,included
doi:10.1007/978-3-642-32940-1_21->doi:10.1145/1480881.1480886,doi:10.1007/978-3-642-32940-1_21,doi:10.1145/1480881.1480886,10.1007/978-3-642-32940-1_21,10.1145/1480881.1480886,semanticscholar,CS009,S10,citations,,2012-09-04,included,included
doi:10.1007/978-3-642-32940-1_21->doi:10.1145/1542476.1542493,doi:10.1007/978-3-642-32940-1_21,doi:10.1145/1542476.1542493,10.1007/978-3-642-32940-1_21,10.1145/1542476.1542493,semanticscholar,CS029,S42,citations,,2012-09-04,included,included
doi:10.1007/978-3-642-36742-7_5->doi:10.1145/1480881.1480886,doi:10.1007/978-3-642-36742-7_5,doi:10.1145/1480881.1480886,10.1007/978-3-642-36742-7_5,10.1145/1480881.1480886,semanticscholar,CS009,S10,citations,,2013-03-16,included,included
doi:10.1007/978-3-642-37036-6_15->doi:10.1007/978-3-642-23283-1_16,doi:10.1007/978-3-642-37036-6_15,doi:10.1007/978-3-642-23283-1_16,10.1007/978-3-642-37036-6_15,10.1007/978-3-642-23283-1_16,semanticscholar,CS018,S28,citations,,2013-03-16,included,included
doi:10.1007/978-3-642-40184-8_17->doi:10.1145/1542476.1542493,doi:10.1007/978-3-642-40184-8_17,doi:10.1145/1542476.1542493,10.1007/978-3-642-40184-8_17,10.1145/1542476.1542493,semanticscholar,CS029,S42,citations,,2013-08-27,included,included
doi:10.1007/978-3-662-46681-0_30->doi:10.1145/1480881.1480886,doi:10.1007/978-3-662-46681-0_30,doi:10.1145/1480881.1480886,10.1007/978-3-662-46681-0_30,10.1145/1480881.1480886,semanticscholar,CS009,S10,citations,,2015-04-11,included,included
doi:10.1007/978-3-662-49498-1_8->doi:10.1109/lics.2013.18,doi:10.1007/978-3-662-49498-1_8,doi:10.1109/lics.2013.18,10.1007/978-3-662-49498-1_8,10.1109/lics.2013.18,semanticscholar,CS016,A27,citations,,2016-04-02,included,included
doi:10.1007/978-3-662-49498-1_8->doi:10.1145/1480881.1480886,doi:10.1007/978-3-662-49498-1_8,doi:10.1145/1480881.1480886,10.1007/978-3-662-49498-1_8,10.1145/1480881.1480886,semanticscholar,CS009,S10,citations,,2016-04-02,included,included
doi:10.1007/978-3-662-54434-1_34->doi:10.1007/978-3-662-49498-1_8,doi:10.1007/978-3-662-54434-1_34,doi:10.1007/978-3-662-49498-1_8,10.1007/978-3-662-54434-1_34,10.1007/978-3-662-49498-1_8,semanticscholar,CS013,S17,citations,,2017-01-20,included,included
doi:10.1007/978-3-662-54434-1_34->doi:10.1109/lics.2013.18,doi:10.1007/978-3-662-54434-1_34,doi:10.1109/lics.2013.18,10.1007/978-3-662-54434-1_34,10.1109/lics.2013.18,semanticscholar,CS016,A27,citations,,2017-01-20,included,included
doi:10.1007/978-3-662-54434-1_34->doi:10.1145/2837614.2837635,doi:10.1007/978-3-662-54434-1_34,doi:10.1145/2837614.2837635,10.1007/978-3-662-54434-1_34,10.1145/2837614.2837635,semanticscholar,CS014,S19,citations,,2017-01-20,included,included
doi:10.1007/978-3-662-54434-1_36->doi:10.1007/978-3-662-49498-1_8,doi:10.1007/978-3-662-54434-1_36,doi:10.1007/978-3-662-49498-1_8,10.1007/978-3-662-54434-1_36,10.1007/978-3-662-49498-1_8,semanticscholar,CS013,S17,citations,,2017-04-22,included,included
doi:10.1007/s00165-014-0310-2->doi:10.1145/1480881.1480886,doi:10.1007/s00165-014-0310-2,doi:10.1145/1480881.1480886,10.1007/s00165-014-0310-2,10.1145/1480881.1480886,semanticscholar,CS009,S10,citations,,2014-08-29,included,included
doi:10.1007/s10009-014-0308-3->doi:10.1007/978-3-540-68863-1_6,doi:10.1007/s10009-014-0308-3,doi:10.1007/978-3-540-68863-1_6,10.1007/s10009-014-0308-3,10.1007/978-3-540-68863-1_6,semanticscholar,CS027,S38,citations,,2014-04-16,included,included
doi:10.1007/s10009-014-0308-3->doi:10.1007/978-3-642-23283-1_16,doi:10.1007/s10009-014-0308-3,doi:10.1007/978-3-642-23283-1_16,10.1007/s10009-014-0308-3,10.1007/978-3-642-23283-1_16,semanticscholar,CS018,S28,citations,,2014-04-16,included,included
doi:10.1007/s10472-013-9389-z->doi:10.1007/978-3-642-23283-1_16,doi:10.1007/s10472-013-9389-z,doi:10.1007/978-3-642-23283-1_16,10.1007/s10472-013-9389-z,10.1007/978-3-642-23283-1_16,semanticscholar,CS018,S28,citations,,2014-01-29,included,included
doi:10.1007/s10472-013-9389-z->doi:10.1145/1480881.1480886,doi:10.1007/s10472-013-9389-z,doi:10.1145/1480881.1480886,10.1007/s10472-013-9389-z,10.1145/1480881.1480886,semanticscholar,CS009,S10,citations,,2014-01-29,included,included
doi:10.1007/s10472-016-9531-9->doi:10.1145/1480881.1480886,doi:10.1007/s10472-016-9531-9,doi:10.1145/1480881.1480886,10.1007/s10472-016-9531-9,10.1145/1480881.1480886,semanticscholar,CS009,S10,citations,,2017-08-01,included,included
doi:10.1007/s10703-021-00370-8->doi:10.1007/10703.1572-8102,doi:10.1007/s10703-021-00370-8,doi:10.1007/10703.1572-8102,10.1007/s10703-021-00370-8,10.1007/10703.1572-8102,semanticscholar,CS028,S40,references,,2021-04-06,included,included
doi:10.1007/s10703-021-00370-8->doi:10.1007/11921240_13,doi:10.1007/s10703-021-00370-8,doi:10.1007/11921240_13,10.1007/s10703-021-00370-8,10.1007/11921240_13,semanticscholar,CS028,S40,references,,2021-04-06,included,included
doi:10.1007/s10703-021-00370-8->doi:10.1007/3-540-44829-2_14,doi:10.1007/s10703-021-00370-8,doi:10.1007/3-540-44829-2_14,10.1007/s10703-021-00370-8,10.1007/3-540-44829-2_14,semanticscholar,CS028,S40,references,,2021-04-06,included,included
doi:10.1007/s10703-021-00370-8->doi:10.1007/3-540-45927-8_19,doi:10.1007/s10703-021-00370-8,doi:10.1007/3-540-45927-8_19,10.1007/s10703-021-00370-8,10.1007/3-540-45927-8_19,semanticscholar,CS028,S40,references,,2021-04-06,included,included
doi:10.1007/s10703-021-00370-8->doi:10.1007/3-540-48153-2_30,doi:10.1007/s10703-021-00370-8,doi:10.1007/3-540-48153-2_30,10.1007/s10703-021-00370-8,10.1007/3-540-48153-2_30,semanticscholar,CS028,S40,references,,2021-04-06,included,included
doi:10.1007/s10703-021-00370-8->doi:10.1007/978-3-319-12736-1_15,doi:10.1007/s10703-021-00370-8,doi:10.1007/978-3-319-12736-1_15,10.1007/s10703-021-00370-8,10.1007/978-3-319-12736-1_15,semanticscholar,CS028,S40,references,,2021-04-06,included,included
doi:10.1007/s10703-021-00370-8->doi:10.1007/978-3-319-63390-9_4,doi:10.1007/s10703-021-00370-8,doi:10.1007/978-3-319-63390-9_4,10.1007/s10703-021-00370-8,10.1007/978-3-319-63390-9_4,semanticscholar,CS028,S40,references,,2021-04-06,included,included
doi:10.1007/s10703-021-00370-8->doi:10.1007/978-3-319-66706-5_9,doi:10.1007/s10703-021-00370-8,doi:10.1007/978-3-319-66706-5_9,10.1007/s10703-021-00370-8,10.1007/978-3-319-66706-5_9,semanticscholar,CS028,S40,references,,2021-04-06,included,included
doi:10.1007/s10703-021-00370-8->doi:10.1007/978-3-319-73721-8_10,doi:10.1007/s10703-021-00370-8,doi:10.1007/978-3-319-73721-8_10,10.1007/s10703-021-00370-8,10.1007/978-3-319-73721-8_10,semanticscholar,CS028,S40,references,,2021-04-06,included,included
doi:10.1007/s10703-021-00370-8->doi:10.1007/978-3-540-30232-2_7,doi:10.1007/s10703-021-00370-8,doi:10.1007/978-3-540-30232-2_7,10.1007/s10703-021-00370-8,10.1007/978-3-540-30232-2_7,semanticscholar,CS028,S40,references,,2021-04-06,included,included
doi:10.1007/s10703-021-00370-8->doi:10.1007/978-3-540-70545-1_37,doi:10.1007/s10703-021-00370-8,doi:10.1007/978-3-540-70545-1_37,10.1007/s10703-021-00370-8,10.1007/978-3-540-70545-1_37,semanticscholar,CS028,S40,references,,2021-04-06,included,included
doi:10.1007/s10703-021-00370-8->doi:10.1007/978-3-540-74061-2_15,doi:10.1007/s10703-021-00370-8,doi:10.1007/978-3-540-74061-2_15,10.1007/s10703-021-00370-8,10.1007/978-3-540-74061-2_15,semanticscholar,CS028,S40,references,,2021-04-06,included,included
doi:10.1007/s10703-021-00370-8->doi:10.1007/978-3-540-93900-9_27,doi:10.1007/s10703-021-00370-8,doi:10.1007/978-3-540-93900-9_27,10.1007/s10703-021-00370-8,10.1007/978-3-540-93900-9_27,semanticscholar,CS028,S40,references,,2021-04-06,included,included
doi:10.1007/s10703-021-00370-8->doi:10.1007/978-3-642-11319-2_25,doi:10.1007/s10703-021-00370-8,doi:10.1007/978-3-642-11319-2_25,10.1007/s10703-021-00370-8,10.1007/978-3-642-11319-2_25,semanticscholar,CS028,S40,references,,2021-04-06,included,included
doi:10.1007/s10703-021-00370-8->doi:10.1007/978-3-642-14295-6_40,doi:10.1007/s10703-021-00370-8,doi:10.1007/978-3-642-14295-6_40,10.1007/s10703-021-00370-8,10.1007/978-3-642-14295-6_40,semanticscholar,CS028,S40,references,,2021-04-06,included,included
doi:10.1007/s10703-021-00370-8->doi:10.1007/978-3-642-15769-1_8,doi:10.1007/s10703-021-00370-8,doi:10.1007/978-3-642-15769-1_8,10.1007/s10703-021-00370-8,10.1007/978-3-642-15769-1_8,semanticscholar,CS028,S40,references,,2021-04-06,included,included
doi:10.1007/s10703-021-00370-8->doi:10.1007/978-3-642-19718-5_21,doi:10.1007/s10703-021-00370-8,doi:10.1007/978-3-642-19718-5_21,10.1007/s10703-021-00370-8,10.1007/978-3-642-19718-5_21,semanticscholar,CS028,S40,references,,2021-04-06,included,included
doi:10.1007/s10703-021-00370-8->doi:10.1007/978-3-642-28717-6_1,doi:10.1007/s10703-021-00370-8,doi:10.1007/978-3-642-28717-6_1,10.1007/s10703-021-00370-8,10.1007/978-3-642-28717-6_1,semanticscholar,CS028,S40,references,,2021-04-06,included,included
doi:10.1007/s10703-021-00370-8->doi:10.1007/bf01211617,doi:10.1007/s10703-021-00370-8,doi:10.1007/bf01211617,10.1007/s10703-021-00370-8,10.1007/bf01211617,semanticscholar,CS028,S40,references,,2021-04-06,included,included
doi:10.1007/s10703-021-00370-8->doi:10.1007/s10009-016-0415-4,doi:10.1007/s10703-021-00370-8,doi:10.1007/s10009-016-0415-4,10.1007/s10703-021-00370-8,10.1007/s10009-016-0415-4,semanticscholar,CS028,S40,references,,2021-04-06,included,included
doi:10.1007/s10703-021-00370-8->doi:10.1007/s10703-011-0111-7,doi:10.1007/s10703-021-00370-8,doi:10.1007/s10703-011-0111-7,10.1007/s10703-021-00370-8,10.1007/s10703-011-0111-7,semanticscholar,CS028,S40,references,,2021-04-06,included,included
doi:10.1007/s10703-021-00370-8->doi:10.1007/s10817-010-9174-1,doi:10.1007/s10703-021-00370-8,doi:10.1007/s10817-010-9174-1,10.1007/s10703-021-00370-8,10.1007/s10817-010-9174-1,semanticscholar,CS028,S40,references,,2021-04-06,included,included
doi:10.1007/s10703-021-00370-8->doi:10.1007/s10817-016-9389-x,doi:10.1007/s10703-021-00370-8,doi:10.1007/s10817-016-9389-x,10.1007/s10703-021-00370-8,10.1007/s10817-016-9389-x,semanticscholar,CS028,S40,references,,2021-04-06,included,included
doi:10.1007/s10703-021-00370-8->doi:10.1007/s10817-016-9400-6,doi:10.1007/s10703-021-00370-8,doi:10.1007/s10817-016-9400-6,10.1007/s10703-021-00370-8,10.1007/s10817-016-9400-6,semanticscholar,CS028,S40,references,,2021-04-06,included,included
doi:10.1007/s10703-021-00370-8->doi:10.1007/s10817-016-9402-4,doi:10.1007/s10703-021-00370-8,doi:10.1007/s10817-016-9402-4,10.1007/s10703-021-00370-8,10.1007/s10817-016-9402-4,semanticscholar,CS028,S40,references,,2021-04-06,included,included
doi:10.1007/s10703-021-00370-8->doi:10.1109/lics.2002.1029817,doi:10.1007/s10703-021-00370-8,doi:10.1109/lics.2002.1029817,10.1007/s10703-021-00370-8,10.1109/lics.2002.1029817,semanticscholar,CS028,S40,references,,2021-04-06,included,included
doi:10.1007/s10703-021-00370-8->doi:10.1145/1007912.1007944,doi:10.1007/s10703-021-00370-8,doi:10.1145/1007912.1007944,10.1007/s10703-021-00370-8,10.1145/1007912.1007944,semanticscholar,CS028,S40,references,,2021-04-06,included,included
doi:10.1007/s10703-021-00370-8->doi:10.1145/1250734.1250765,doi:10.1007/s10703-021-00370-8,doi:10.1145/1250734.1250765,10.1007/s10703-021-00370-8,10.1145/1250734.1250765,semanticscholar,CS028,S40,references,,2021-04-06,included,included
doi:10.1007/s10703-021-00370-8->doi:10.1145/1250734.1250771,doi:10.1007/s10703-021-00370-8,doi:10.1145/1250734.1250771,10.1007/s10703-021-00370-8,10.1145/1250734.1250771,semanticscholar,CS028,S40,references,,2021-04-06,included,included
doi:10.1007/s10703-021-00370-8->doi:10.1145/1480881.1480886,doi:10.1007/s10703-021-00370-8,doi:10.1145/1480881.1480886,10.1007/s10703-021-00370-8,10.1145/1480881.1480886,semanticscholar,CS009;CS028,S10;S40,citations;references,,2021-04-06,included,included
doi:10.1007/s10703-021-00370-8->doi:10.1145/1480881.1480917,doi:10.1007/s10703-021-00370-8,doi:10.1145/1480881.1480917,10.1007/s10703-021-00370-8,10.1145/1480881.1480917,semanticscholar,CS028,S40,references,,2021-04-06,included,included
doi:10.1007/s10703-021-00370-8->doi:10.1145/1542476.1542493,doi:10.1007/s10703-021-00370-8,doi:10.1145/1542476.1542493,10.1007/s10703-021-00370-8,10.1145/1542476.1542493,semanticscholar,CS028;CS029,S40;S42,citations;references,,2021-04-06,included,included
doi:10.1007/s10703-021-00370-8->doi:10.1145/1806596.1806630,doi:10.1007/s10703-021-00370-8,doi:10.1145/1806596.1806630,10.1007/s10703-021-00370-8,10.1145/1806596.1806630,semanticscholar,CS028,S40,references,,2021-04-06,included,included
doi:10.1007/s10703-021-00370-8->doi:10.1145/2020976.2021006,doi:10.1007/s10703-021-00370-8,doi:10.1145/2020976.2021006,10.1007/s10703-021-00370-8,10.1145/2020976.2021006,semanticscholar,CS028,S40,references,,2021-04-06,included,included
doi:10.1007/s10703-021-00370-8->doi:10.1145/203095.201069,doi:10.1007/s10703-021-00370-8,doi:10.1145/203095.201069,10.1007/s10703-021-00370-8,10.1145/203095.201069,semanticscholar,CS028,S40,references,,2021-04-06,included,included
doi:10.1007/s10703-021-00370-8->doi:10.1145/248052.248106,doi:10.1007/s10703-021-00370-8,doi:10.1145/248052.248106,10.1007/s10703-021-00370-8,10.1145/248052.248106,semanticscholar,CS028,S40,references,,2021-04-06,included,included
doi:10.1007/s10703-021-00370-8->doi:10.1145/2676724.2693179,doi:10.1007/s10703-021-00370-8,doi:10.1145/2676724.2693179,10.1007/s10703-021-00370-8,10.1145/2676724.2693179,semanticscholar,CS017;CS028,A28;S40,citations;references,,2021-04-06,included,included
doi:10.1007/s10703-021-00370-8->doi:10.1145/2866575,doi:10.1007/s10703-021-00370-8,doi:10.1145/2866575,10.1007/s10703-021-00370-8,10.1145/2866575,semanticscholar,CS028,S40,references,,2021-04-06,included,included
doi:10.1007/s10703-021-00370-8->doi:10.2168/lmcs-11(1:20)2015,doi:10.1007/s10703-021-00370-8,doi:10.2168/lmcs-11(1:20)2015,10.1007/s10703-021-00370-8,10.2168/lmcs-11(1:20)2015,semanticscholar,CS028,S40,references,,2021-04-06,included,included
doi:10.1007/s10703-021-00370-8->doi:10.23919/fmcad.2018.8603020,doi:10.1007/s10703-021-00370-8,doi:10.23919/fmcad.2018.8603020,10.1007/s10703-021-00370-8,10.23919/fmcad.2018.8603020,semanticscholar,CS028,S40,references,,2021-04-06,included,included
doi:10.1007/s10703-021-00370-8->s2:4f704b7a56b4fe543c8a4ebf88422428361db736,doi:10.1007/s10703-021-00370-8,s2:4f704b7a56b4fe543c8a4ebf88422428361db736,10.1007/s10703-021-00370-8,,semanticscholar,CS028,S40,references,,2021-04-06,included,included
doi:10.1007/s10703-021-00370-8->s2:931f9f1b07322530d191b21d4935a4c99300d48d,doi:10.1007/s10703-021-00370-8,s2:931f9f1b07322530d191b21d4935a4c99300d48d,10.1007/s10703-021-00370-8,,semanticscholar,CS028,S40,references,,2021-04-06,included,included
doi:10.1007/s10703-021-00370-8->unknown:semanticscholar:cs028:references:0:40,doi:10.1007/s10703-021-00370-8,unknown:semanticscholar:cs028:references:0:40,10.1007/s10703-021-00370-8,,semanticscholar,CS028,S40,references,,2021-04-06,included,included
doi:10.1007/s10703-021-00370-8->unknown:semanticscholar:cs028:references:0:41,doi:10.1007/s10703-021-00370-8,unknown:semanticscholar:cs028:references:0:41,10.1007/s10703-021-00370-8,,semanticscholar,CS028,S40,references,,2021-04-06,included,included
doi:10.1007/s10703-021-00370-8->unknown:semanticscholar:cs028:references:0:43,doi:10.1007/s10703-021-00370-8,unknown:semanticscholar:cs028:references:0:43,10.1007/s10703-021-00370-8,,semanticscholar,CS028,S40,references,,2021-04-06,included,included
doi:10.1007/s10703-021-00370-8->unknown:semanticscholar:cs028:references:0:45,doi:10.1007/s10703-021-00370-8,unknown:semanticscholar:cs028:references:0:45,10.1007/s10703-021-00370-8,,semanticscholar,CS028,S40,references,,2021-04-06,included,included
doi:10.1007/s10703-021-00370-8->unknown:semanticscholar:cs028:references:0:46,doi:10.1007/s10703-021-00370-8,unknown:semanticscholar:cs028:references:0:46,10.1007/s10703-021-00370-8,,semanticscholar,CS028,S40,references,,2021-04-06,included,included
doi:10.1007/s10703-021-00370-8->unknown:semanticscholar:cs028:references:0:47,doi:10.1007/s10703-021-00370-8,unknown:semanticscholar:cs028:references:0:47,10.1007/s10703-021-00370-8,,semanticscholar,CS028,S40,references,,2021-04-06,included,included
doi:10.1007/s10703-021-00370-8->unknown:semanticscholar:cs028:references:0:48,doi:10.1007/s10703-021-00370-8,unknown:semanticscholar:cs028:references:0:48,10.1007/s10703-021-00370-8,,semanticscholar,CS028,S40,references,,2021-04-06,included,included
doi:10.1007/s10703-021-00370-8->unknown:semanticscholar:cs028:references:0:49,doi:10.1007/s10703-021-00370-8,unknown:semanticscholar:cs028:references:0:49,10.1007/s10703-021-00370-8,,semanticscholar,CS028,S40,references,,2021-04-06,included,included
doi:10.1007/s10703-023-00427-w->doi:10.1007/978-3-662-49498-1_8,doi:10.1007/s10703-023-00427-w,doi:10.1007/978-3-662-49498-1_8,10.1007/s10703-023-00427-w,10.1007/978-3-662-49498-1_8,semanticscholar,CS013,S17,citations,,2020-10-14,included,included
doi:10.1007/s10703-023-00439-6->doi:10.1145/1542476.1542493,doi:10.1007/s10703-023-00439-6,doi:10.1145/1542476.1542493,10.1007/s10703-023-00439-6,10.1145/1542476.1542493,semanticscholar,CS029,S42,citations,,2023-10-06,included,included
doi:10.1007/s10703-024-00462-1->doi:10.1145/3622820,doi:10.1007/s10703-024-00462-1,doi:10.1145/3622820,10.1007/s10703-024-00462-1,10.1145/3622820,semanticscholar,CS026,S27,citations,,2024-07-31,included,included
doi:10.1007/s10817-016-9400-6->doi:10.1145/1480881.1480886,doi:10.1007/s10817-016-9400-6,doi:10.1145/1480881.1480886,10.1007/s10817-016-9400-6,10.1145/1480881.1480886,semanticscholar,CS009,S10,citations,,2016-12-17,included,included
doi:10.1007/s10817-017-9431-7->doi:10.1109/lics.2013.18,doi:10.1007/s10817-017-9431-7,doi:10.1109/lics.2013.18,10.1007/s10817-017-9431-7,10.1109/lics.2013.18,semanticscholar,CS016,A27,citations,,2017-09-22,included,included
doi:10.1007/s11390-021-1671-7->doi:10.1145/2837614.2837635,doi:10.1007/s11390-021-1671-7,doi:10.1145/2837614.2837635,10.1007/s11390-021-1671-7,10.1145/2837614.2837635,semanticscholar,CS014,S19,citations,,2021-11-30,included,included
doi:10.1007/s11704-023-2774-9->doi:10.1007/978-3-662-49498-1_8,doi:10.1007/s11704-023-2774-9,doi:10.1007/978-3-662-49498-1_8,10.1007/s11704-023-2774-9,10.1007/978-3-662-49498-1_8,semanticscholar,CS013,S17,citations,,2023-12-28,included,included
doi:10.1007/s11704-023-2774-9->doi:10.1109/lics.2013.18,doi:10.1007/s11704-023-2774-9,doi:10.1109/lics.2013.18,10.1007/s11704-023-2774-9,10.1109/lics.2013.18,semanticscholar,CS016,A27,citations,,2023-12-28,included,included
doi:10.1007/s11704-023-2774-9->doi:10.1145/1480881.1480886,doi:10.1007/s11704-023-2774-9,doi:10.1145/1480881.1480886,10.1007/s11704-023-2774-9,10.1145/1480881.1480886,semanticscholar,CS009,S10,citations,,2023-12-28,included,included
doi:10.1007/s11704-023-2774-9->doi:10.1145/2837614.2837635,doi:10.1007/s11704-023-2774-9,doi:10.1145/2837614.2837635,10.1007/s11704-023-2774-9,10.1145/2837614.2837635,semanticscholar,CS014,S19,citations,,2023-12-28,included,included
doi:10.1007/s12652-021-03454-9->doi:10.1145/2837614.2837635,doi:10.1007/s12652-021-03454-9,doi:10.1145/2837614.2837635,10.1007/s12652-021-03454-9,10.1145/2837614.2837635,semanticscholar,CS014,S19,citations,,2021-08-29,included,included
doi:10.1016/j.camwa.2011.09.024->doi:10.1145/1480881.1480886,doi:10.1016/j.camwa.2011.09.024,doi:10.1145/1480881.1480886,10.1016/j.camwa.2011.09.024,10.1145/1480881.1480886,semanticscholar,CS009,S10,citations,,2011-06-30,included,included
doi:10.1016/j.jlamp.2018.03.003->doi:10.1007/978-3-662-49498-1_8,doi:10.1016/j.jlamp.2018.03.003,doi:10.1007/978-3-662-49498-1_8,10.1016/j.jlamp.2018.03.003,10.1007/978-3-662-49498-1_8,semanticscholar,CS013,S17,citations,,2018-08-01,included,included
doi:10.1016/j.jlamp.2020.100617->doi:10.1145/2837614.2837635,doi:10.1016/j.jlamp.2020.100617,doi:10.1145/2837614.2837635,10.1016/j.jlamp.2020.100617,10.1145/2837614.2837635,semanticscholar,CS014,S19,citations,,2021-01-01,included,included
doi:10.1016/j.jpdc.2010.06.006->doi:10.1016/j.scico.2008.09.013,doi:10.1016/j.jpdc.2010.06.006,doi:10.1016/j.scico.2008.09.013,10.1016/j.jpdc.2010.06.006,10.1016/j.scico.2008.09.013,semanticscholar,CS025,A30,citations,,2010-10-01,included,included
doi:10.1016/j.jpdc.2010.06.006->doi:10.1145/1542476.1542493,doi:10.1016/j.jpdc.2010.06.006,doi:10.1145/1542476.1542493,10.1016/j.jpdc.2010.06.006,10.1145/1542476.1542493,semanticscholar,CS029,S42,citations,,2010-10-01,included,included
doi:10.1016/j.scico.2008.09.013->doi:10.1007/978-3-540-75292-9_9,doi:10.1016/j.scico.2008.09.013,doi:10.1007/978-3-540-75292-9_9,10.1016/j.scico.2008.09.013,10.1007/978-3-540-75292-9_9,semanticscholar,CS024,A29,citations,,2009,included,included
doi:10.1016/j.scico.2014.04.001->doi:10.1007/978-3-540-68863-1_6,doi:10.1016/j.scico.2014.04.001,doi:10.1007/978-3-540-68863-1_6,10.1016/j.scico.2014.04.001,10.1007/978-3-540-68863-1_6,semanticscholar,CS027,S38,citations,,2014-12-15,included,included
doi:10.1016/j.scico.2014.04.001->doi:10.1007/978-3-642-23283-1_16,doi:10.1016/j.scico.2014.04.001,doi:10.1007/978-3-642-23283-1_16,10.1016/j.scico.2014.04.001,10.1007/978-3-642-23283-1_16,semanticscholar,CS018,S28,citations,,2014-12-15,included,included
doi:10.1016/j.scico.2024.103227->doi:10.1007/978-3-642-23283-1_16,doi:10.1016/j.scico.2024.103227,doi:10.1007/978-3-642-23283-1_16,10.1016/j.scico.2024.103227,10.1007/978-3-642-23283-1_16,semanticscholar,CS018,S28,citations,,2025-04-01,included,included
doi:10.1016/j.scico.2024.103227->doi:10.1145/1480881.1480886,doi:10.1016/j.scico.2024.103227,doi:10.1145/1480881.1480886,10.1016/j.scico.2024.103227,10.1145/1480881.1480886,semanticscholar,CS009,S10,citations,,2025-04-01,included,included
doi:10.1016/j.sysarc.2023.103046->doi:10.1145/2837614.2837635,doi:10.1016/j.sysarc.2023.103046,doi:10.1145/2837614.2837635,10.1016/j.sysarc.2023.103046,10.1145/2837614.2837635,semanticscholar,CS014,S19,citations,,2023-12-01,included,included
doi:10.1016/j.sysarc.2023.103046->doi:10.1145/3591253,doi:10.1016/j.sysarc.2023.103046,doi:10.1145/3591253,10.1016/j.sysarc.2023.103046,10.1145/3591253,semanticscholar,CS002,S02,citations,,2023-12-01,included,included
doi:10.1016/j.sysarc.2023.103049->doi:10.1145/2837614.2837635,doi:10.1016/j.sysarc.2023.103049,doi:10.1145/2837614.2837635,10.1016/j.sysarc.2023.103049,10.1145/2837614.2837635,semanticscholar,CS014,S19,citations,,2023-12-01,included,included
doi:10.1017/s0960129521000487->doi:10.1109/lics.2013.18,doi:10.1017/s0960129521000487,doi:10.1109/lics.2013.18,10.1017/s0960129521000487,10.1109/lics.2013.18,semanticscholar,CS016,A27,citations,,2022-03-16,included,included
doi:10.1109/acsd.2009.10->doi:10.1007/978-3-540-68863-1_6,doi:10.1109/acsd.2009.10,doi:10.1007/978-3-540-68863-1_6,10.1109/acsd.2009.10,10.1007/978-3-540-68863-1_6,semanticscholar,CS027,S38,citations,,2009-07-01,included,included
doi:10.1109/acsd.2009.10->doi:10.1016/j.scico.2008.09.013,doi:10.1109/acsd.2009.10,doi:10.1016/j.scico.2008.09.013,10.1109/acsd.2009.10,10.1016/j.scico.2008.09.013,semanticscholar,CS025,A30,citations,,2009-07-01,included,included
doi:10.1109/acsd.2009.10->doi:10.1145/1480881.1480886,doi:10.1109/acsd.2009.10,doi:10.1145/1480881.1480886,10.1109/acsd.2009.10,10.1145/1480881.1480886,semanticscholar,CS009,S10,citations,,2009-07-01,included,included
doi:10.1109/dsn.2018.00037->doi:10.1145/1542476.1542493,doi:10.1109/dsn.2018.00037,doi:10.1145/1542476.1542493,10.1109/dsn.2018.00037,10.1145/1542476.1542493,semanticscholar,CS029,S42,citations,,2018-06-01,included,included
doi:10.1109/fmcad.2014.6987598->doi:10.1145/1480881.1480886,doi:10.1109/fmcad.2014.6987598,doi:10.1145/1480881.1480886,10.1109/fmcad.2014.6987598,10.1145/1480881.1480886,semanticscholar,CS009,S10,citations,,2014-10-21,included,included
doi:10.1109/ispa.2010.13->doi:10.1145/1480881.1480886,doi:10.1109/ispa.2010.13,doi:10.1145/1480881.1480886,10.1109/ispa.2010.13,10.1145/1480881.1480886,semanticscholar,CS009,S10,citations,,2010-09-06,included,included
doi:10.1109/lics.2013.18->doi:10.1007/978-3-540-75292-9_9,doi:10.1109/lics.2013.18,doi:10.1007/978-3-540-75292-9_9,10.1109/lics.2013.18,10.1007/978-3-540-75292-9_9,semanticscholar,CS024,A29,citations,,2013-06-25,included,included
doi:10.1109/lics.2013.18->doi:10.1016/j.scico.2008.09.013,doi:10.1109/lics.2013.18,doi:10.1016/j.scico.2008.09.013,10.1109/lics.2013.18,10.1016/j.scico.2008.09.013,semanticscholar,CS025,A30,citations,,2013-06-25,included,included
doi:10.1109/lics.2013.18->doi:10.1145/1480881.1480886,doi:10.1109/lics.2013.18,doi:10.1145/1480881.1480886,10.1109/lics.2013.18,10.1145/1480881.1480886,semanticscholar,CS009,S10,citations,,2013-06-25,included,included
doi:10.1109/lics.2013.18->doi:10.1145/1542476.1542493,doi:10.1109/lics.2013.18,doi:10.1145/1542476.1542493,10.1109/lics.2013.18,10.1145/1542476.1542493,semanticscholar,CS029,S42,citations,,2013-06-25,included,included
doi:10.1109/mascots.2019.00019->doi:10.1007/978-3-662-49498-1_8,doi:10.1109/mascots.2019.00019,doi:10.1007/978-3-662-49498-1_8,10.1109/mascots.2019.00019,10.1007/978-3-662-49498-1_8,semanticscholar,CS013,S17,citations,,2019-10-01,included,included
doi:10.1109/mascots.2019.00019->doi:10.1109/lics.2013.18,doi:10.1109/mascots.2019.00019,doi:10.1109/lics.2013.18,10.1109/mascots.2019.00019,10.1109/lics.2013.18,semanticscholar,CS016,A27,citations,,2019-10-01,included,included
doi:10.1109/mascots.2019.00019->doi:10.1145/1480881.1480886,doi:10.1109/mascots.2019.00019,doi:10.1145/1480881.1480886,10.1109/mascots.2019.00019,10.1145/1480881.1480886,semanticscholar,CS009,S10,citations,,2019-10-01,included,included
doi:10.1109/mascots.2019.00019->doi:10.1145/2676724.2693179,doi:10.1109/mascots.2019.00019,doi:10.1145/2676724.2693179,10.1109/mascots.2019.00019,10.1145/2676724.2693179,semanticscholar,CS017,A28,citations,,2019-10-01,included,included
doi:10.1109/nvmsa.2017.8064467->doi:10.1145/2837614.2837635,doi:10.1109/nvmsa.2017.8064467,doi:10.1145/2837614.2837635,10.1109/nvmsa.2017.8064467,10.1145/2837614.2837635,semanticscholar,CS014,S19,citations,,2017-08-01,included,included
doi:10.1109/time.2011.12->doi:10.1145/1480881.1480886,doi:10.1109/time.2011.12,doi:10.1145/1480881.1480886,10.1109/time.2011.12,10.1145/1480881.1480886,semanticscholar,CS009,S10,citations,,2011-09-12,included,included
doi:10.1109/tits.2022.3224385->doi:10.1145/2837614.2837635,doi:10.1109/tits.2022.3224385,doi:10.1145/2837614.2837635,10.1109/tits.2022.3224385,10.1145/2837614.2837635,semanticscholar,CS014,S19,citations,,2023-12-01,included,included
doi:10.1109/tse.2012.82->doi:10.1007/978-3-540-68863-1_6,doi:10.1109/tse.2012.82,doi:10.1007/978-3-540-68863-1_6,10.1109/tse.2012.82,10.1007/978-3-540-68863-1_6,semanticscholar,CS027,S38,citations,,2013-07-01,included,included
doi:10.1134/s0361768821060050->doi:10.1145/3485475,doi:10.1134/s0361768821060050,doi:10.1145/3485475,10.1134/s0361768821060050,10.1145/3485475,semanticscholar,CS001,S01,citations,,2021-11-01,included,included
doi:10.1145/1480881.1480886->doi:10.1007/978-3-540-75292-9_9,doi:10.1145/1480881.1480886,doi:10.1007/978-3-540-75292-9_9,10.1145/1480881.1480886,10.1007/978-3-540-75292-9_9,semanticscholar,CS024,A29,citations,,2009-01-21,included,included
doi:10.1145/1480881.1480922->doi:10.1145/1480881.1480886,doi:10.1145/1480881.1480922,doi:10.1145/1480881.1480886,10.1145/1480881.1480922,10.1145/1480881.1480886,semanticscholar,CS009,S10,citations,,2009-01-21,included,included
doi:10.1145/1542476.1542493->doi:10.1145/1480881.1480886,doi:10.1145/1542476.1542493,doi:10.1145/1480881.1480886,10.1145/1542476.1542493,10.1145/1480881.1480886,semanticscholar,CS009,S10,citations,,2009-06-15,included,included
doi:10.1145/1745312.1745315->doi:10.1145/1480881.1480886,doi:10.1145/1745312.1745315,doi:10.1145/1480881.1480886,10.1145/1745312.1745315,10.1145/1480881.1480886,semanticscholar,CS009,S10,citations,,2010-05-01,included,included
doi:10.1145/1889997.1890001->doi:10.1007/978-3-540-68863-1_6,doi:10.1145/1889997.1890001,doi:10.1007/978-3-540-68863-1_6,10.1145/1889997.1890001,10.1007/978-3-540-68863-1_6,semanticscholar,CS027,S38,citations,,2011,included,included
doi:10.1145/1941487.1941509->doi:10.1145/1480881.1480886,doi:10.1145/1941487.1941509,doi:10.1145/1480881.1480886,10.1145/1941487.1941509,10.1145/1480881.1480886,semanticscholar,CS009,S10,citations,,2011-05-01,included,included
doi:10.1145/2103776.2103785->doi:10.1145/1480881.1480886,doi:10.1145/2103776.2103785,doi:10.1145/1480881.1480886,10.1145/2103776.2103785,10.1145/1480881.1480886,semanticscholar,CS009,S10,citations,,2012-01-24,included,included
doi:10.1145/2247684.2247685->doi:10.1145/1542476.1542493,doi:10.1145/2247684.2247685,doi:10.1145/1542476.1542493,10.1145/2247684.2247685,10.1145/1542476.1542493,semanticscholar,CS029,S42,citations,,2012-06-16,included,included
doi:10.1145/2312005.2312016->doi:10.1145/1542476.1542493,doi:10.1145/2312005.2312016,doi:10.1145/1542476.1542493,10.1145/2312005.2312016,10.1145/1542476.1542493,semanticscholar,CS029,S42,citations,,2012-06-25,included,included
doi:10.1145/2483852.2483868->doi:10.1145/1480881.1480886,doi:10.1145/2483852.2483868,doi:10.1145/1480881.1480886,10.1145/2483852.2483868,10.1145/1480881.1480886,semanticscholar,CS009,S10,citations,,2013-05-01,included,included
doi:10.1145/2542667->doi:10.1145/1480881.1480886,doi:10.1145/2542667,doi:10.1145/1480881.1480886,10.1145/2542667,10.1145/1480881.1480886,semanticscholar,CS009,S10,citations,,2010-07-11,included,included
doi:10.1145/2594291.2594301->doi:10.1109/lics.2013.18,doi:10.1145/2594291.2594301,doi:10.1109/lics.2013.18,10.1145/2594291.2594301,10.1109/lics.2013.18,semanticscholar,CS016,A27,citations,,2014-06-09,included,included
doi:10.1145/2603088.2603123->doi:10.1109/lics.2013.18,doi:10.1145/2603088.2603123,doi:10.1109/lics.2013.18,10.1145/2603088.2603123,10.1109/lics.2013.18,semanticscholar,CS016,A27,citations,,2014-07-14,included,included
doi:10.1145/2603088.2603123->doi:10.1145/1480881.1480886,doi:10.1145/2603088.2603123,doi:10.1145/1480881.1480886,10.1145/2603088.2603123,10.1145/1480881.1480886,semanticscholar,CS009,S10,citations,,2014-07-14,included,included
doi:10.1145/2629496->doi:10.1007/978-3-540-68863-1_6,doi:10.1145/2629496,doi:10.1007/978-3-540-68863-1_6,10.1145/2629496,10.1007/978-3-540-68863-1_6,semanticscholar,CS027,S38,citations,,2014-08-01,included,included
doi:10.1145/2629496->doi:10.1007/978-3-642-23283-1_16,doi:10.1145/2629496,doi:10.1007/978-3-642-23283-1_16,10.1145/2629496,10.1007/978-3-642-23283-1_16,semanticscholar,CS018,S28,citations,,2014-08-01,included,included
doi:10.1145/2676724.2693179->doi:10.1007/978-3-540-75292-9_9,doi:10.1145/2676724.2693179,doi:10.1007/978-3-540-75292-9_9,10.1145/2676724.2693179,10.1007/978-3-540-75292-9_9,semanticscholar,CS024,A29,citations,,2015-01-13,included,included
doi:10.1145/2676724.2693179->doi:10.1016/j.scico.2008.09.013,doi:10.1145/2676724.2693179,doi:10.1016/j.scico.2008.09.013,10.1145/2676724.2693179,10.1016/j.scico.2008.09.013,semanticscholar,CS025,A30,citations,,2015-01-13,included,included
doi:10.1145/2676724.2693179->doi:10.1109/lics.2013.18,doi:10.1145/2676724.2693179,doi:10.1109/lics.2013.18,10.1145/2676724.2693179,10.1109/lics.2013.18,semanticscholar,CS016,A27,citations,,2015-01-13,included,included
doi:10.1145/2676724.2693179->doi:10.1145/1480881.1480886,doi:10.1145/2676724.2693179,doi:10.1145/1480881.1480886,10.1145/2676724.2693179,10.1145/1480881.1480886,semanticscholar,CS009,S10,citations,,2015-01-13,included,included
doi:10.1145/2676724.2693180->doi:10.1109/lics.2013.18,doi:10.1145/2676724.2693180,doi:10.1109/lics.2013.18,10.1145/2676724.2693180,10.1109/lics.2013.18,semanticscholar,CS016,A27,citations,,2015-01-13,included,included
doi:10.1145/2737924.2737955->doi:10.1109/lics.2013.18,doi:10.1145/2737924.2737955,doi:10.1109/lics.2013.18,10.1145/2737924.2737955,10.1109/lics.2013.18,semanticscholar,CS016,A27,citations,,2015-06-03,included,included
doi:10.1145/2796550->doi:10.1007/978-3-642-23283-1_16,doi:10.1145/2796550,doi:10.1007/978-3-642-23283-1_16,10.1145/2796550,10.1007/978-3-642-23283-1_16,semanticscholar,CS018,S28,citations,,2015-09-24,included,included
doi:10.1145/2796550->doi:10.1145/1480881.1480886,doi:10.1145/2796550,doi:10.1145/1480881.1480886,10.1145/2796550,10.1145/1480881.1480886,semanticscholar,CS009,S10,citations,,2015-09-24,included,included
doi:10.1145/2796550->doi:10.26686/wgtn.17004076,doi:10.1145/2796550,doi:10.26686/wgtn.17004076,10.1145/2796550,10.26686/wgtn.17004076,semanticscholar,CS030,S44,citations,,2015-09-24,included,included
doi:10.1145/2837614.2837635->doi:10.1007/978-3-662-49498-1_8,doi:10.1145/2837614.2837635,doi:10.1007/978-3-662-49498-1_8,10.1145/2837614.2837635,10.1007/978-3-662-49498-1_8,semanticscholar,CS013,S17,citations,,2016-01-11,included,included
doi:10.1145/2837614.2837635->doi:10.1109/lics.2013.18,doi:10.1145/2837614.2837635,doi:10.1109/lics.2013.18,10.1145/2837614.2837635,10.1109/lics.2013.18,semanticscholar,CS016,A27,citations,,2016-01-11,included,included
doi:10.1145/2837614.2837635->doi:10.1145/1480881.1480886,doi:10.1145/2837614.2837635,doi:10.1145/1480881.1480886,10.1145/2837614.2837635,10.1145/1480881.1480886,semanticscholar,CS009,S10,citations,,2016-01-11,included,included
doi:10.1145/2928275.2928285->doi:10.1145/1542476.1542493,doi:10.1145/2928275.2928285,doi:10.1145/1542476.1542493,10.1145/2928275.2928285,10.1145/1542476.1542493,semanticscholar,CS029,S42,citations,,2016-06-06,included,included
doi:10.1145/2983990.2984037->doi:10.1145/1480881.1480886,doi:10.1145/2983990.2984037,doi:10.1145/1480881.1480886,10.1145/2983990.2984037,10.1145/1480881.1480886,semanticscholar,CS009,S10,citations,,2016-10-19,included,included
doi:10.1145/2984450.2984457->doi:10.1007/978-3-662-49498-1_8,doi:10.1145/2984450.2984457,doi:10.1007/978-3-662-49498-1_8,10.1145/2984450.2984457,10.1007/978-3-662-49498-1_8,semanticscholar,CS013,S17,citations,,2016-08-08,included,included
doi:10.1145/2984450.2984457->doi:10.1145/2837614.2837635,doi:10.1145/2984450.2984457,doi:10.1145/2837614.2837635,10.1145/2984450.2984457,10.1145/2837614.2837635,semanticscholar,CS014,S19,citations,,2016-08-08,included,included
doi:10.1145/3018610.3018623->doi:10.1007/978-3-662-49498-1_8,doi:10.1145/3018610.3018623,doi:10.1007/978-3-662-49498-1_8,10.1145/3018610.3018623,10.1007/978-3-662-49498-1_8,semanticscholar,CS013,S17,citations,,2017-01-16,included,included
doi:10.1145/3158108->doi:10.1007/978-3-662-49498-1_8,doi:10.1145/3158108,doi:10.1007/978-3-662-49498-1_8,10.1145/3158108,10.1007/978-3-662-49498-1_8,semanticscholar,CS013,S17,citations,,2017-12-27,included,included
doi:10.1145/3158108->doi:10.1109/lics.2013.18,doi:10.1145/3158108,doi:10.1109/lics.2013.18,10.1145/3158108,10.1109/lics.2013.18,semanticscholar,CS016,A27,citations,,2017-12-27,included,included
doi:10.1145/3158108->doi:10.1145/1480881.1480886,doi:10.1145/3158108,doi:10.1145/1480881.1480886,10.1145/3158108,10.1145/1480881.1480886,semanticscholar,CS009,S10,citations,,2017-12-27,included,included
doi:10.1145/3158108->doi:10.1145/2837614.2837635,doi:10.1145/3158108,doi:10.1145/2837614.2837635,10.1145/3158108,10.1145/2837614.2837635,semanticscholar,CS014,S19,citations,,2017-12-27,included,included
doi:10.1145/3158114->doi:10.1145/1480881.1480886,doi:10.1145/3158114,doi:10.1145/1480881.1480886,10.1145/3158114,10.1145/1480881.1480886,semanticscholar,CS009,S10,citations,,2017-12-27,included,included
doi:10.1145/3158116->doi:10.1145/2837614.2837635,doi:10.1145/3158116,doi:10.1145/2837614.2837635,10.1145/3158116,10.1145/2837614.2837635,semanticscholar,CS014,S19,citations,,2017-12-27,included,included
doi:10.1145/3158125->doi:10.1007/978-3-662-49498-1_8,doi:10.1145/3158125,doi:10.1007/978-3-662-49498-1_8,10.1145/3158125,10.1007/978-3-662-49498-1_8,semanticscholar,CS013,S17,citations,,2017-11-09,included,included
doi:10.1145/3192366.3192381->doi:10.1007/978-3-662-49498-1_8,doi:10.1145/3192366.3192381,doi:10.1007/978-3-662-49498-1_8,10.1145/3192366.3192381,10.1007/978-3-662-49498-1_8,semanticscholar,CS013,S17,citations,,2018-06-11,included,included
doi:10.1145/3192366.3192381->doi:10.1145/2837614.2837635,doi:10.1145/3192366.3192381,doi:10.1145/2837614.2837635,10.1145/3192366.3192381,10.1145/2837614.2837635,semanticscholar,CS014,S19,citations,,2018-06-11,included,included
doi:10.1145/3210258->doi:10.1007/978-3-662-49498-1_8,doi:10.1145/3210258,doi:10.1007/978-3-662-49498-1_8,10.1145/3210258,10.1007/978-3-662-49498-1_8,semanticscholar,CS013,S17,citations,,2018-07-05,included,included
doi:10.1145/3210258->doi:10.1109/lics.2013.18,doi:10.1145/3210258,doi:10.1109/lics.2013.18,10.1145/3210258,10.1109/lics.2013.18,semanticscholar,CS016,A27,citations,,2018-07-05,included,included
doi:10.1145/3290371->doi:10.1007/978-3-642-23283-1_16,doi:10.1145/3290371,doi:10.1007/978-3-642-23283-1_16,10.1145/3290371,10.1007/978-3-642-23283-1_16,semanticscholar,CS018,S28,citations,,2018-10-25,included,included
doi:10.1145/3290378->doi:10.1109/lics.2013.18,doi:10.1145/3290378,doi:10.1109/lics.2013.18,10.1145/3290378,10.1109/lics.2013.18,semanticscholar,CS016,A27,citations,,2019-01-02,included,included
doi:10.1145/3290387->doi:10.1109/lics.2013.18,doi:10.1145/3290387,doi:10.1109/lics.2013.18,10.1145/3290387,10.1109/lics.2013.18,semanticscholar,CS016,A27,citations,,2019-01-02,included,included
doi:10.1145/3356903->doi:10.1145/2837614.2837635,doi:10.1145/3356903,doi:10.1145/2837614.2837635,10.1145/3356903,10.1145/2837614.2837635,semanticscholar,CS014,S19,citations,,2019-09-24,included,included
doi:10.1145/3371136->doi:10.1007/978-3-642-23283-1_16,doi:10.1145/3371136,doi:10.1007/978-3-642-23283-1_16,10.1145/3371136,10.1007/978-3-642-23283-1_16,semanticscholar,CS018,S28,citations,,2019-10-25,included,included
doi:10.1145/3427761.3428345->doi:10.1145/2837614.2837635,doi:10.1145/3427761.3428345,doi:10.1145/2837614.2837635,10.1145/3427761.3428345,10.1145/2837614.2837635,semanticscholar,CS014,S19,citations,,2020-07-20,included,included
doi:10.1145/3434294->doi:10.1007/978-3-662-49498-1_8,doi:10.1145/3434294,doi:10.1007/978-3-662-49498-1_8,10.1145/3434294,10.1007/978-3-662-49498-1_8,semanticscholar,CS013,S17,citations,,2021-01-04,included,included
doi:10.1145/3437801.3441619->arxiv:1606.01400,doi:10.1145/3437801.3441619,arxiv:1606.01400,10.1145/3437801.3441619,,semanticscholar,CS008,S09,references,,2020-12-28,included,included
doi:10.1145/3437801.3441619->arxiv:2004.02983,doi:10.1145/3437801.3441619,arxiv:2004.02983,10.1145/3437801.3441619,,semanticscholar,CS008,S09,references,,2020-12-28,included,included
doi:10.1145/3437801.3441619->doi:10.1007/978-3-030-44914-8_11,doi:10.1145/3437801.3441619,doi:10.1007/978-3-030-44914-8_11,10.1145/3437801.3441619,10.1007/978-3-030-44914-8_11,semanticscholar,CS008,S09,references,,2020-12-28,included,included
doi:10.1145/3437801.3441619->doi:10.1007/978-3-030-44914-8_22,doi:10.1145/3437801.3441619,doi:10.1007/978-3-030-44914-8_22,10.1145/3437801.3441619,10.1007/978-3-030-44914-8_22,semanticscholar,CS008,S09,references,,2020-12-28,included,included
doi:10.1145/3437801.3441619->doi:10.1007/978-3-319-47846-3_17,doi:10.1145/3437801.3441619,doi:10.1007/978-3-319-47846-3_17,10.1145/3437801.3441619,10.1007/978-3-319-47846-3_17,semanticscholar,CS008,S09,references,,2020-12-28,included,included
doi:10.1145/3437801.3441619->doi:10.1007/978-3-319-73721-8_9,doi:10.1145/3437801.3441619,doi:10.1007/978-3-319-73721-8_9,10.1145/3437801.3441619,10.1007/978-3-319-73721-8_9,semanticscholar,CS008,S09,references,,2020-12-28,included,included
doi:10.1145/3437801.3441619->doi:10.1007/978-3-319-89884-1_13,doi:10.1145/3437801.3441619,doi:10.1007/978-3-319-89884-1_13,10.1145/3437801.3441619,10.1007/978-3-319-89884-1_13,semanticscholar,CS008,S09,references,,2020-12-28,included,included
doi:10.1145/3437801.3441619->doi:10.1007/978-3-319-98938-9_7,doi:10.1145/3437801.3441619,doi:10.1007/978-3-319-98938-9_7,10.1145/3437801.3441619,10.1007/978-3-319-98938-9_7,semanticscholar,CS008,S09,references,,2020-12-28,included,included
doi:10.1145/3437801.3441619->doi:10.1007/978-3-642-22012-8_36,doi:10.1145/3437801.3441619,doi:10.1007/978-3-642-22012-8_36,10.1145/3437801.3441619,10.1007/978-3-642-22012-8_36,semanticscholar,CS008,S09,references,,2020-12-28,included,included
doi:10.1145/3437801.3441619->doi:10.1007/978-3-662-47666-6_25,doi:10.1145/3437801.3441619,doi:10.1007/978-3-662-47666-6_25,10.1145/3437801.3441619,10.1007/978-3-662-47666-6_25,semanticscholar,CS008,S09,references,,2020-12-28,included,included
doi:10.1145/3437801.3441619->doi:10.1007/978-3-662-49122-5_20,doi:10.1145/3437801.3441619,doi:10.1007/978-3-662-49122-5_20,10.1145/3437801.3441619,10.1007/978-3-662-49122-5_20,semanticscholar,CS008,S09,references,,2020-12-28,included,included
doi:10.1145/3437801.3441619->doi:10.1007/978-3-662-54434-1_17,doi:10.1145/3437801.3441619,doi:10.1007/978-3-662-54434-1_17,10.1145/3437801.3441619,10.1007/978-3-662-54434-1_17,semanticscholar,CS008,S09,references,,2020-12-28,included,included
doi:10.1145/3437801.3441619->doi:10.1007/bf00268134,doi:10.1145/3437801.3441619,doi:10.1007/bf00268134,10.1145/3437801.3441619,10.1007/bf00268134,semanticscholar,CS008,S09,references,,2020-12-28,included,included
doi:10.1145/3437801.3441619->doi:10.1007/s10009-020-00559-y,doi:10.1145/3437801.3441619,doi:10.1007/s10009-020-00559-y,10.1145/3437801.3441619,10.1007/s10009-020-00559-y,semanticscholar,CS008,S09,references,,2020-12-28,included,included
doi:10.1145/3437801.3441619->doi:10.1016/j.tcs.2010.09.021,doi:10.1145/3437801.3441619,doi:10.1016/j.tcs.2010.09.021,10.1145/3437801.3441619,10.1016/j.tcs.2010.09.021,semanticscholar,CS008,S09,references,,2020-12-28,included,included
doi:10.1145/3437801.3441619->doi:10.1136/bjo.46.11.704,doi:10.1145/3437801.3441619,doi:10.1136/bjo.46.11.704,10.1145/3437801.3441619,10.1136/bjo.46.11.704,semanticscholar,CS008,S09,references,,2020-12-28,included,included
doi:10.1145/3437801.3441619->doi:10.1145/1007912.1007944,doi:10.1145/3437801.3441619,doi:10.1145/1007912.1007944,10.1145/3437801.3441619,10.1145/1007912.1007944,semanticscholar,CS008,S09,references,,2020-12-28,included,included
doi:10.1145/3437801.3441619->doi:10.1145/1785414.1785443,doi:10.1145/3437801.3441619,doi:10.1145/1785414.1785443,10.1145/3437801.3441619,10.1145/1785414.1785443,semanticscholar,CS008,S09,references,,2020-12-28,included,included
doi:10.1145/3437801.3441619->doi:10.1145/1926385.1926394,doi:10.1145/3437801.3441619,doi:10.1145/1926385.1926394,10.1145/3437801.3441619,10.1145/1926385.1926394,semanticscholar,CS008,S09,references,,2020-12-28,included,included
doi:10.1145/3437801.3441619->doi:10.1145/2429069.2429099,doi:10.1145/3437801.3441619,doi:10.1145/2429069.2429099,10.1145/3437801.3441619,10.1145/2429069.2429099,semanticscholar,CS008,S09,references,,2020-12-28,included,included
doi:10.1145/3437801.3441619->doi:10.1145/2627752,doi:10.1145/3437801.3441619,doi:10.1145/2627752,10.1145/3437801.3441619,10.1145/2627752,semanticscholar,CS008,S09,references,,2020-12-28,included,included
doi:10.1145/3437801.3441619->doi:10.1145/2737924.2737992,doi:10.1145/3437801.3441619,doi:10.1145/2737924.2737992,10.1145/3437801.3441619,10.1145/2737924.2737992,semanticscholar,CS008,S09,references,,2020-12-28,included,included
doi:10.1145/3437801.3441619->doi:10.1145/2837614.2837643,doi:10.1145/3437801.3441619,doi:10.1145/2837614.2837643,10.1145/3437801.3441619,10.1145/2837614.2837643,semanticscholar,CS008,S09,references,,2020-12-28,included,included
doi:10.1145/3437801.3441619->doi:10.1145/3009837.3009850,doi:10.1145/3437801.3441619,doi:10.1145/3009837.3009850,10.1145/3437801.3441619,10.1145/3009837.3009850,semanticscholar,CS008,S09,references,,2020-12-28,included,included
doi:10.1145/3437801.3441619->doi:10.1145/3009837.3009883,doi:10.1145/3437801.3441619,doi:10.1145/3009837.3009883,10.1145/3437801.3441619,10.1145/3009837.3009883,semanticscholar,CS008,S09,references,,2020-12-28,included,included
doi:10.1145/3437801.3441619->doi:10.1145/3062341.3062352,doi:10.1145/3437801.3441619,doi:10.1145/3062341.3062352,10.1145/3437801.3441619,10.1145/3062341.3062352,semanticscholar,CS008,S09,references,,2020-12-28,included,included
doi:10.1145/3437801.3441619->doi:10.1145/3192366.3192421,doi:10.1145/3437801.3441619,doi:10.1145/3192366.3192421,10.1145/3437801.3441619,10.1145/3192366.3192421,semanticscholar,CS008,S09,references,,2020-12-28,included,included
doi:10.1145/3437801.3441619->doi:10.1145/3290373,doi:10.1145/3437801.3441619,doi:10.1145/3290373,10.1145/3437801.3441619,10.1145/3290373,semanticscholar,CS008,S09,references,,2020-12-28,included,included
doi:10.1145/3437801.3441619->doi:10.1145/3290381,doi:10.1145/3437801.3441619,doi:10.1145/3290381,10.1145/3437801.3441619,10.1145/3290381,semanticscholar,CS008,S09,references,,2020-12-28,included,included
doi:10.1145/3437801.3441619->doi:10.1145/3293883.3295702,doi:10.1145/3437801.3441619,doi:10.1145/3293883.3295702,10.1145/3437801.3441619,10.1145/3293883.3295702,semanticscholar,CS008,S09,references,,2020-12-28,included,included
doi:10.1145/3437801.3441619->doi:10.1145/3314221.3314609,doi:10.1145/3437801.3441619,doi:10.1145/3314221.3314609,10.1145/3437801.3441619,10.1145/3314221.3314609,semanticscholar,CS008,S09,references,,2020-12-28,included,included
doi:10.1145/3437801.3441619->doi:10.1145/3314221.3314649,doi:10.1145/3437801.3441619,doi:10.1145/3314221.3314649,10.1145/3437801.3441619,10.1145/3314221.3314649,semanticscholar,CS008,S09,references,,2020-12-28,included,included
doi:10.1145/3437801.3441619->doi:10.1145/3385412.3386010,doi:10.1145/3437801.3441619,doi:10.1145/3385412.3386010,10.1145/3437801.3441619,10.1145/3385412.3386010,semanticscholar,CS008,S09,references,,2020-12-28,included,included
doi:10.1145/3437801.3441619->doi:10.1145/3428262,doi:10.1145/3437801.3441619,doi:10.1145/3428262,10.1145/3437801.3441619,10.1145/3428262,semanticscholar,CS008,S09,references,,2020-12-28,included,included
doi:10.1145/3437801.3441619->doi:10.1145/3434285,doi:10.1145/3437801.3441619,doi:10.1145/3434285,10.1145/3437801.3441619,10.1145/3434285,semanticscholar,CS008,S09,references,,2020-12-28,included,included
doi:10.1145/3437801.3441619->doi:10.1145/78969.78972,doi:10.1145/3437801.3441619,doi:10.1145/78969.78972,10.1145/3437801.3441619,10.1145/78969.78972,semanticscholar,CS008,S09,references,,2020-12-28,included,included
doi:10.1145/3437801.3441619->doi:10.4230/darts.3.2.15,doi:10.1145/3437801.3441619,doi:10.4230/darts.3.2.15,10.1145/3437801.3441619,10.4230/darts.3.2.15,semanticscholar,CS008,S09,references,,2020-12-28,included,included
doi:10.1145/3437801.3441619->doi:10.4230/darts.6.2.15,doi:10.1145/3437801.3441619,doi:10.4230/darts.6.2.15,10.1145/3437801.3441619,10.4230/darts.6.2.15,semanticscholar,CS008,S09,references,,2020-12-28,included,included
doi:10.1145/3437801.3441619->doi:10.4230/lipics.ecoop.2020.11,doi:10.1145/3437801.3441619,doi:10.4230/lipics.ecoop.2020.11,10.1145/3437801.3441619,10.4230/lipics.ecoop.2020.11,semanticscholar,CS008,S09,references,,2020-12-28,included,included
doi:10.1145/3437801.3441619->s2:2fff5a0da495638b70dbecfb13f10030b6a57f48,doi:10.1145/3437801.3441619,s2:2fff5a0da495638b70dbecfb13f10030b6a57f48,10.1145/3437801.3441619,,semanticscholar,CS008,S09,references,,2020-12-28,included,included
doi:10.1145/3437801.3441619->unknown:semanticscholar:cs008:references:0:39,doi:10.1145/3437801.3441619,unknown:semanticscholar:cs008:references:0:39,10.1145/3437801.3441619,,semanticscholar,CS008,S09,references,,2020-12-28,included,included
doi:10.1145/3437801.3441619->unknown:semanticscholar:cs008:references:0:40,doi:10.1145/3437801.3441619,unknown:semanticscholar:cs008:references:0:40,10.1145/3437801.3441619,,semanticscholar,CS008,S09,references,,2020-12-28,included,included
doi:10.1145/3437801.3441619->unknown:semanticscholar:cs008:references:0:42,doi:10.1145/3437801.3441619,unknown:semanticscholar:cs008:references:0:42,10.1145/3437801.3441619,,semanticscholar,CS008,S09,references,,2020-12-28,included,included
doi:10.1145/3437801.3441619->unknown:semanticscholar:cs008:references:0:43,doi:10.1145/3437801.3441619,unknown:semanticscholar:cs008:references:0:43,10.1145/3437801.3441619,,semanticscholar,CS008,S09,references,,2020-12-28,included,included
doi:10.1145/3453483.3454031->doi:10.1007/978-3-662-49498-1_8,doi:10.1145/3453483.3454031,doi:10.1007/978-3-662-49498-1_8,10.1145/3453483.3454031,10.1007/978-3-662-49498-1_8,semanticscholar,CS013,S17,citations,,2021-06-18,included,included
doi:10.1145/3453483.3454031->doi:10.1145/2837614.2837635,doi:10.1145/3453483.3454031,doi:10.1145/2837614.2837635,10.1145/3453483.3454031,10.1145/2837614.2837635,semanticscholar,CS014,S19,citations,,2021-06-18,included,included
doi:10.1145/3477082->doi:10.1007/978-3-662-49498-1_8,doi:10.1145/3477082,doi:10.1007/978-3-662-49498-1_8,10.1145/3477082,10.1007/978-3-662-49498-1_8,semanticscholar,CS013,S17,citations,,2019-01-17,included,included
doi:10.1145/3477082->doi:10.1145/2837614.2837635,doi:10.1145/3477082,doi:10.1145/2837614.2837635,10.1145/3477082,10.1145/2837614.2837635,semanticscholar,CS014,S19,citations,,2019-01-17,included,included
doi:10.1145/3485475->arxiv:1606.05416,doi:10.1145/3485475,arxiv:1606.05416,10.1145/3485475,,semanticscholar,CS001,S01,references,,2021,included,included
doi:10.1145/3485475->doi:10.1007/3-540-10007-5_47,doi:10.1145/3485475,doi:10.1007/3-540-10007-5_47,10.1145/3485475,10.1007/3-540-10007-5_47,semanticscholar,CS001,S01,references,,2021,included,included
doi:10.1145/3485475->doi:10.1007/978-3-030-03592-1_19,doi:10.1145/3485475,doi:10.1007/978-3-030-03592-1_19,10.1145/3485475,10.1007/978-3-030-03592-1_19,semanticscholar,CS001,S01,references,,2021,included,included
doi:10.1145/3485475->doi:10.1007/978-3-030-81685-8_20,doi:10.1145/3485475,doi:10.1007/978-3-030-81685-8_20,10.1145/3485475,10.1007/978-3-030-81685-8_20,semanticscholar,CS001,S01,references,,2021,included,included
doi:10.1145/3485475->doi:10.1007/978-3-030-91014-3_17,doi:10.1145/3485475,doi:10.1007/978-3-030-91014-3_17,10.1145/3485475,10.1007/978-3-030-91014-3_17,semanticscholar,CS001,S01,references,,2021,included,included
doi:10.1145/3485475->doi:10.1007/978-3-319-96142-2_21,doi:10.1145/3485475,doi:10.1007/978-3-319-96142-2_21,10.1145/3485475,10.1007/978-3-319-96142-2_21,semanticscholar,CS001,S01,references,,2021,included,included
doi:10.1145/3485475->doi:10.1007/978-3-642-03359-9_27,doi:10.1145/3485475,doi:10.1007/978-3-642-03359-9_27,10.1145/3485475,10.1007/978-3-642-03359-9_27,semanticscholar,CS001,S01,references,,2021,included,included
doi:10.1145/3485475->doi:10.1007/978-3-642-22012-8_34,doi:10.1145/3485475,doi:10.1007/978-3-642-22012-8_34,10.1145/3485475,10.1007/978-3-642-22012-8_34,semanticscholar,CS001,S01,references,,2021,included,included
doi:10.1145/3485475->doi:10.1007/978-3-642-37036-6_29,doi:10.1145/3485475,doi:10.1007/978-3-642-37036-6_29,10.1145/3485475,10.1007/978-3-642-37036-6_29,semanticscholar,CS001,S01,references,,2021,included,included
doi:10.1145/3485475->doi:10.1007/978-3-662-43951-7_14,doi:10.1145/3485475,doi:10.1007/978-3-662-43951-7_14,10.1145/3485475,10.1007/978-3-662-43951-7_14,semanticscholar,CS001,S01,references,,2021,included,included
doi:10.1145/3485475->doi:10.1109/tse.1977.229904,doi:10.1145/3485475,doi:10.1109/tse.1977.229904,10.1145/3485475,10.1109/tse.1977.229904,semanticscholar,CS001,S01,references,,2021,included,included
doi:10.1145/3485475->doi:10.1145/103727.103729,doi:10.1145/3485475,doi:10.1145/103727.103729,10.1145/3485475,10.1145/103727.103729,semanticscholar,CS001,S01,references,,2021,included,included
doi:10.1145/3485475->doi:10.1145/1040305.1040336,doi:10.1145/3485475,doi:10.1145/1040305.1040336,10.1145/3485475,10.1145/1040305.1040336,semanticscholar,CS001,S01,references,,2021,included,included
doi:10.1145/3485475->doi:10.1145/1785414.1785443,doi:10.1145/3485475,doi:10.1145/1785414.1785443,10.1145/3485475,10.1145/1785414.1785443,semanticscholar,CS001,S01,references,,2021,included,included
doi:10.1145/3485475->doi:10.1145/1926385.1926394,doi:10.1145/3485475,doi:10.1145/1926385.1926394,10.1145/3485475,10.1145/1926385.1926394,semanticscholar,CS001,S01,references,,2021,included,included
doi:10.1145/3485475->doi:10.1145/2103656.2103717,doi:10.1145/3485475,doi:10.1145/2103656.2103717,10.1145/3485475,10.1145/2103656.2103717,semanticscholar,CS001,S01,references,,2021,included,included
doi:10.1145/3485475->doi:10.1145/2535838.2535877,doi:10.1145/3485475,doi:10.1145/2535838.2535877,10.1145/3485475,10.1145/2535838.2535877,semanticscholar,CS001,S01,references,,2021,included,included
doi:10.1145/3485475->doi:10.1145/2627752,doi:10.1145/3485475,doi:10.1145/2627752,10.1145/3485475,10.1145/2627752,semanticscholar,CS001,S01,references,,2021,included,included
doi:10.1145/3485475->doi:10.1145/2688500.2688503,doi:10.1145/3485475,doi:10.1145/2688500.2688503,10.1145/3485475,10.1145/2688500.2688503,semanticscholar,CS001,S01,references,,2021,included,included
doi:10.1145/3485475->doi:10.1145/2775051.2676995,doi:10.1145/3485475,doi:10.1145/2775051.2676995,10.1145/3485475,10.1145/2775051.2676995,semanticscholar,CS001,S01,references,,2021,included,included
doi:10.1145/3485475->doi:10.1145/2837614.2837615,doi:10.1145/3485475,doi:10.1145/2837614.2837615,10.1145/3485475,10.1145/2837614.2837615,semanticscholar,CS001,S01,references,,2021,included,included
doi:10.1145/3485475->doi:10.1145/2837614.2837643,doi:10.1145/3485475,doi:10.1145/2837614.2837643,10.1145/3485475,10.1145/2837614.2837643,semanticscholar,CS001,S01,references,,2021,included,included
doi:10.1145/3485475->doi:10.1145/3009837.3009850,doi:10.1145/3485475,doi:10.1145/3009837.3009850,10.1145/3485475,10.1145/3009837.3009850,semanticscholar,CS001,S01,references,,2021,included,included
doi:10.1145/3485475->doi:10.1145/3062341.3062352,doi:10.1145/3485475,doi:10.1145/3062341.3062352,10.1145/3485475,10.1145/3062341.3062352,semanticscholar,CS001,S01,references,,2021,included,included
doi:10.1145/3485475->doi:10.1145/3158105,doi:10.1145/3485475,doi:10.1145/3158105,10.1145/3485475,10.1145/3158105,semanticscholar,CS001,S01,references,,2021,included,included
doi:10.1145/3485475->doi:10.1145/3158107,doi:10.1145/3485475,doi:10.1145/3158107,10.1145/3485475,10.1145/3158107,semanticscholar,CS001,S01,references,,2021,included,included
doi:10.1145/3485475->doi:10.1145/3173162.3177156,doi:10.1145/3485475,doi:10.1145/3173162.3177156,10.1145/3485475,10.1145/3173162.3177156,semanticscholar,CS001,S01,references,,2021,included,included
doi:10.1145/3485475->doi:10.1145/3192366.3192421,doi:10.1145/3485475,doi:10.1145/3192366.3192421,10.1145/3485475,10.1145/3192366.3192421,semanticscholar,CS001,S01,references,,2021,included,included
doi:10.1145/3485475->doi:10.1145/3290382,doi:10.1145/3485475,doi:10.1145/3290382,10.1145/3485475,10.1145/3290382,semanticscholar,CS001,S01,references,,2021,included,included
doi:10.1145/3485475->doi:10.1145/3290383,doi:10.1145/3485475,doi:10.1145/3290383,10.1145/3485475,10.1145/3290383,semanticscholar,CS001,S01,references,,2021,included,included
doi:10.1145/3485475->doi:10.1145/3314221.3314604,doi:10.1145/3485475,doi:10.1145/3314221.3314604,10.1145/3485475,10.1145/3314221.3314604,semanticscholar,CS001,S01,references,,2021,included,included
doi:10.1145/3485475->doi:10.1145/3314221.3314609,doi:10.1145/3485475,doi:10.1145/3314221.3314609,10.1145/3485475,10.1145/3314221.3314609,semanticscholar,CS001,S01,references,,2021,included,included
doi:10.1145/3485475->doi:10.1145/3335772.3335935,doi:10.1145/3485475,doi:10.1145/3335772.3335935,10.1145/3485475,10.1145/3335772.3335935,semanticscholar,CS001,S01,references,,2021,included,included
doi:10.1145/3485475->doi:10.1145/3360559,doi:10.1145/3485475,doi:10.1145/3360559,10.1145/3485475,10.1145/3360559,semanticscholar,CS001,S01,references,,2021,included,included
doi:10.1145/3485475->doi:10.1145/3360568,doi:10.1145/3485475,doi:10.1145/3360568,10.1145/3485475,10.1145/3360568,semanticscholar,CS001,S01,references,,2021,included,included
doi:10.1145/3485475->doi:10.1145/3385412.3385973,doi:10.1145/3485475,doi:10.1145/3385412.3385973,10.1145/3485475,10.1145/3385412.3385973,semanticscholar,CS001,S01,references,,2021,included,included
doi:10.1145/3485475->doi:10.1145/3428262,doi:10.1145/3485475,doi:10.1145/3428262,10.1145/3485475,10.1145/3428262,semanticscholar,CS001,S01,references,,2021,included,included
doi:10.1145/3485475->doi:10.1145/3434285,doi:10.1145/3485475,doi:10.1145/3434285,10.1145/3485475,10.1145/3434285,semanticscholar,CS001,S01,references,,2021,included,included
doi:10.1145/3485475->doi:10.1145/3445814.3446748,doi:10.1145/3485475,doi:10.1145/3445814.3446748,10.1145/3485475,10.1145/3445814.3446748,semanticscholar,CS001,S01,references,,2021,included,included
doi:10.1145/3485475->doi:10.4135/9781473915077.n19,doi:10.1145/3485475,doi:10.4135/9781473915077.n19,10.1145/3485475,10.4135/9781473915077.n19,semanticscholar,CS001,S01,references,,2021,included,included
doi:10.1145/3485475->doi:10.4230/darts.3.2.15,doi:10.1145/3485475,doi:10.4230/darts.3.2.15,10.1145/3485475,10.4230/darts.3.2.15,semanticscholar,CS001,S01,references,,2021,included,included
doi:10.1145/3485475->doi:10.4230/lipics.concur.2015.58,doi:10.1145/3485475,doi:10.4230/lipics.concur.2015.58,10.1145/3485475,10.4230/lipics.concur.2015.58,semanticscholar,CS001,S01,references,,2021,included,included
doi:10.1145/3485475->doi:10.4230/lipics.disc.2017.23,doi:10.1145/3485475,doi:10.4230/lipics.disc.2017.23,10.1145/3485475,10.4230/lipics.disc.2017.23,semanticscholar,CS001,S01,references,,2021,included,included
doi:10.1145/3485475->s2:a35ac7d78910d40b8df2ebae8c2ac0bd3a131164,doi:10.1145/3485475,s2:a35ac7d78910d40b8df2ebae8c2ac0bd3a131164,10.1145/3485475,,semanticscholar,CS001,S01,references,,2021,included,included
doi:10.1145/3485475->s2:fdfb5caf6102324e8e727805a786a7654512c3f0,doi:10.1145/3485475,s2:fdfb5caf6102324e8e727805a786a7654512c3f0,10.1145/3485475,,semanticscholar,CS001,S01,references,,2021,included,included
doi:10.1145/3485475->unknown:semanticscholar:cs001:references:0:45,doi:10.1145/3485475,unknown:semanticscholar:cs001:references:0:45,10.1145/3485475,,semanticscholar,CS001,S01,references,,2021,included,included
doi:10.1145/3485475->unknown:semanticscholar:cs001:references:0:47,doi:10.1145/3485475,unknown:semanticscholar:cs001:references:0:47,10.1145/3485475,,semanticscholar,CS001,S01,references,,2021,included,included
doi:10.1145/3485475->unknown:semanticscholar:cs001:references:0:48,doi:10.1145/3485475,unknown:semanticscholar:cs001:references:0:48,10.1145/3485475,,semanticscholar,CS001,S01,references,,2021,included,included
doi:10.1145/3485475->unknown:semanticscholar:cs001:references:0:49,doi:10.1145/3485475,unknown:semanticscholar:cs001:references:0:49,10.1145/3485475,,semanticscholar,CS001,S01,references,,2021,included,included
doi:10.1145/3485508->doi:10.1145/3485475,doi:10.1145/3485508,doi:10.1145/3485475,10.1145/3485508,10.1145/3485475,semanticscholar,CS001,S01,citations,,2021-09-13,included,included
doi:10.1145/3498689->doi:10.1145/2837614.2837635,doi:10.1145/3498689,doi:10.1145/2837614.2837635,10.1145/3498689,10.1145/2837614.2837635,semanticscholar,CS014,S19,citations,,2022-01-11,included,included
doi:10.1145/3519939.3523451->arxiv:1606.01400,doi:10.1145/3519939.3523451,arxiv:1606.01400,10.1145/3519939.3523451,,semanticscholar,CS006,S07,references,,2022-06-09,included,included
doi:10.1145/3519939.3523451->doi:10.1007/978-3-030-44914-8_11,doi:10.1145/3519939.3523451,doi:10.1007/978-3-030-44914-8_11,10.1145/3519939.3523451,10.1007/978-3-030-44914-8_11,semanticscholar,CS006,S07,references,,2022-06-09,included,included
doi:10.1145/3519939.3523451->doi:10.1007/978-3-319-06410-9_15,doi:10.1145/3519939.3523451,doi:10.1007/978-3-319-06410-9_15,10.1145/3519939.3523451,10.1007/978-3-319-06410-9_15,semanticscholar,CS006,S07,references,,2022-06-09,included,included
doi:10.1145/3519939.3523451->doi:10.1007/978-3-319-73721-8_9,doi:10.1145/3519939.3523451,doi:10.1007/978-3-319-73721-8_9,10.1145/3519939.3523451,10.1007/978-3-319-73721-8_9,semanticscholar,CS006,S07,references,,2022-06-09,included,included
doi:10.1145/3519939.3523451->doi:10.1007/978-3-319-89884-1_13,doi:10.1145/3519939.3523451,doi:10.1007/978-3-319-89884-1_13,10.1145/3519939.3523451,10.1007/978-3-319-89884-1_13,semanticscholar,CS006,S07,references,,2022-06-09,included,included
doi:10.1145/3519939.3523451->doi:10.1007/978-3-319-98938-9_7,doi:10.1145/3519939.3523451,doi:10.1007/978-3-319-98938-9_7,10.1145/3519939.3523451,10.1007/978-3-319-98938-9_7,semanticscholar,CS006,S07,references,,2022-06-09,included,included
doi:10.1145/3519939.3523451->doi:10.1007/978-3-642-17653-1_29,doi:10.1145/3519939.3523451,doi:10.1007/978-3-642-17653-1_29,10.1145/3519939.3523451,10.1007/978-3-642-17653-1_29,semanticscholar,CS006,S07,references,,2022-06-09,included,included
doi:10.1145/3519939.3523451->doi:10.1007/978-3-642-28869-2_5,doi:10.1145/3519939.3523451,doi:10.1007/978-3-642-28869-2_5,10.1145/3519939.3523451,10.1007/978-3-642-28869-2_5,semanticscholar,CS006,S07,references,,2022-06-09,included,included
doi:10.1145/3519939.3523451->doi:10.1007/978-3-642-37036-6_27,doi:10.1145/3519939.3523451,doi:10.1007/978-3-642-37036-6_27,10.1145/3519939.3523451,10.1007/978-3-642-37036-6_27,semanticscholar,CS006,S07,references,,2022-06-09,included,included
doi:10.1145/3519939.3523451->doi:10.1007/978-3-642-54833-8_9,doi:10.1145/3519939.3523451,doi:10.1007/978-3-642-54833-8_9,10.1145/3519939.3523451,10.1007/978-3-642-54833-8_9,semanticscholar,CS006,S07,references,,2022-06-09,included,included
doi:10.1145/3519939.3523451->doi:10.1007/978-3-662-43951-7_19,doi:10.1145/3519939.3523451,doi:10.1007/978-3-662-43951-7_19,10.1145/3519939.3523451,10.1007/978-3-662-43951-7_19,semanticscholar,CS006,S07,references,,2022-06-09,included,included
doi:10.1145/3519939.3523451->doi:10.1007/978-3-662-44202-9_9,doi:10.1145/3519939.3523451,doi:10.1007/978-3-662-44202-9_9,10.1145/3519939.3523451,10.1007/978-3-662-44202-9_9,semanticscholar,CS006,S07,references,,2022-06-09,included,included
doi:10.1145/3519939.3523451->doi:10.1007/978-3-662-46669-8_14,doi:10.1145/3519939.3523451,doi:10.1007/978-3-662-46669-8_14,10.1145/3519939.3523451,10.1007/978-3-662-46669-8_14,semanticscholar,CS006,S07,references,,2022-06-09,included,included
doi:10.1145/3519939.3523451->doi:10.1007/978-3-662-48653-5_25,doi:10.1145/3519939.3523451,doi:10.1007/978-3-662-48653-5_25,10.1145/3519939.3523451,10.1007/978-3-662-48653-5_25,semanticscholar,CS006,S07,references,,2022-06-09,included,included
doi:10.1145/3519939.3523451->doi:10.1007/978-3-662-48653-5_28,doi:10.1145/3519939.3523451,doi:10.1007/978-3-662-48653-5_28,10.1145/3519939.3523451,10.1007/978-3-662-48653-5_28,semanticscholar,CS006,S07,references,,2022-06-09,included,included
doi:10.1145/3519939.3523451->doi:10.1007/978-3-662-49122-5_20,doi:10.1145/3519939.3523451,doi:10.1007/978-3-662-49122-5_20,10.1145/3519939.3523451,10.1007/978-3-662-49122-5_20,semanticscholar,CS006,S07,references,,2022-06-09,included,included
doi:10.1145/3519939.3523451->doi:10.1007/978-3-662-54434-1_17,doi:10.1145/3519939.3523451,doi:10.1007/978-3-662-54434-1_17,10.1145/3519939.3523451,10.1007/978-3-662-54434-1_17,semanticscholar,CS006,S07,references,,2022-06-09,included,included
doi:10.1145/3519939.3523451->doi:10.1007/978-3-662-54434-1_24,doi:10.1145/3519939.3523451,doi:10.1007/978-3-662-54434-1_24,10.1145/3519939.3523451,10.1007/978-3-662-54434-1_24,semanticscholar,CS006,S07,references,,2022-06-09,included,included
doi:10.1145/3519939.3523451->doi:10.1007/978-3-662-54434-1_26,doi:10.1145/3519939.3523451,doi:10.1007/978-3-662-54434-1_26,10.1145/3519939.3523451,10.1007/978-3-662-54434-1_26,semanticscholar,CS006,S07,references,,2022-06-09,included,included
doi:10.1145/3519939.3523451->doi:10.1007/s10766-017-0518-x,doi:10.1145/3519939.3523451,doi:10.1007/s10766-017-0518-x,10.1145/3519939.3523451,10.1007/s10766-017-0518-x,semanticscholar,CS006,S07,references,,2022-06-09,included,included
doi:10.1145/3519939.3523451->doi:10.1016/0304-3975(91)90224-p,doi:10.1145/3519939.3523451,doi:10.1016/0304-3975(91)90224-p,10.1145/3519939.3523451,10.1016/0304-3975(91)90224-p,semanticscholar,CS006,S07,references,,2022-06-09,included,included
doi:10.1145/3519939.3523451->doi:10.1017/s0956796818000151,doi:10.1145/3519939.3523451,doi:10.1017/s0956796818000151,10.1145/3519939.3523451,10.1017/s0956796818000151,semanticscholar,CS006,S07,references,,2022-06-09,included,included
doi:10.1145/3519939.3523451->doi:10.1109/pdp.2016.103,doi:10.1145/3519939.3523451,doi:10.1109/pdp.2016.103,10.1145/3519939.3523451,10.1109/pdp.2016.103,semanticscholar,CS006,S07,references,,2022-06-09,included,included
doi:10.1145/3519939.3523451->doi:10.1109/tpds.2004.8,doi:10.1145/3519939.3523451,doi:10.1109/tpds.2004.8,10.1145/3519939.3523451,10.1109/tpds.2004.8,semanticscholar,CS006,S07,references,,2022-06-09,included,included
doi:10.1145/3519939.3523451->doi:10.1145/1007912.1007944,doi:10.1145/3519939.3523451,doi:10.1145/1007912.1007944,10.1145/3519939.3523451,10.1145/1007912.1007944,semanticscholar,CS006,S07,references,,2022-06-09,included,included
doi:10.1145/3519939.3523451->doi:10.1145/1017460.1017464,doi:10.1145/3519939.3523451,doi:10.1145/1017460.1017464,10.1145/3519939.3523451,10.1145/1017460.1017464,semanticscholar,CS006,S07,references,,2022-06-09,included,included
doi:10.1145/3519939.3523451->doi:10.1145/1073970.1073974,doi:10.1145/3519939.3523451,doi:10.1145/1073970.1073974,10.1145/3519939.3523451,10.1145/1073970.1073974,semanticscholar,CS006,S07,references,,2022-06-09,included,included
doi:10.1145/3519939.3523451->doi:10.1145/1926385.1926394,doi:10.1145/3519939.3523451,doi:10.1145/1926385.1926394,10.1145/3519939.3523451,10.1145/1926385.1926394,semanticscholar,CS006,S07,references,,2022-06-09,included,included
doi:10.1145/3519939.3523451->doi:10.1145/197917.198176,doi:10.1145/3519939.3523451,doi:10.1145/197917.198176,10.1145/3519939.3523451,10.1145/197917.198176,semanticscholar,CS006,S07,references,,2022-06-09,included,included
doi:10.1145/3519939.3523451->doi:10.1145/2429069.2429099,doi:10.1145/3519939.3523451,doi:10.1145/2429069.2429099,10.1145/3519939.3523451,10.1145/2429069.2429099,semanticscholar,CS006,S07,references,,2022-06-09,included,included
doi:10.1145/3519939.3523451->doi:10.1145/2429069.2429109,doi:10.1145/3519939.3523451,doi:10.1145/2429069.2429109,10.1145/3519939.3523451,10.1145/2429069.2429109,semanticscholar,CS006,S07,references,,2022-06-09,included,included
doi:10.1145/3519939.3523451->doi:10.1145/2442516.2442524,doi:10.1145/3519939.3523451,doi:10.1145/2442516.2442524,10.1145/3519939.3523451,10.1145/2442516.2442524,semanticscholar,CS006,S07,references,,2022-06-09,included,included
doi:10.1145/3519939.3523451->doi:10.1145/248052.248106,doi:10.1145/3519939.3523451,doi:10.1145/248052.248106,10.1145/3519939.3523451,10.1145/248052.248106,semanticscholar,CS006,S07,references,,2022-06-09,included,included
doi:10.1145/3519939.3523451->doi:10.1145/2491956.2462189,doi:10.1145/3519939.3523451,doi:10.1145/2491956.2462189,10.1145/3519939.3523451,10.1145/2491956.2462189,semanticscholar,CS006,S07,references,,2022-06-09,included,included
doi:10.1145/3519939.3523451->doi:10.1145/2500365.2500600,doi:10.1145/3519939.3523451,doi:10.1145/2500365.2500600,10.1145/3519939.3523451,10.1145/2500365.2500600,semanticscholar,CS006,S07,references,,2022-06-09,included,included
doi:10.1145/3519939.3523451->doi:10.1145/2509136.2509532,doi:10.1145/3519939.3523451,doi:10.1145/2509136.2509532,10.1145/3519939.3523451,10.1145/2509136.2509532,semanticscholar,CS006,S07,references,,2022-06-09,included,included
doi:10.1145/3519939.3523451->doi:10.1145/2535838.2535848,doi:10.1145/3519939.3523451,doi:10.1145/2535838.2535848,10.1145/3519939.3523451,10.1145/2535838.2535848,semanticscholar,CS006,S07,references,,2022-06-09,included,included
doi:10.1145/3519939.3523451->doi:10.1145/2714064.2660243,doi:10.1145/3519939.3523451,doi:10.1145/2714064.2660243,10.1145/3519939.3523451,10.1145/2714064.2660243,semanticscholar,CS006,S07,references,,2022-06-09,included,included
doi:10.1145/3519939.3523451->doi:10.1145/2737924.2737992,doi:10.1145/3519939.3523451,doi:10.1145/2737924.2737992,10.1145/3519939.3523451,10.1145/2737924.2737992,semanticscholar,CS006,S07,references,,2022-06-09,included,included
doi:10.1145/3519939.3523451->doi:10.1145/2775051.2676980,doi:10.1145/3519939.3523451,doi:10.1145/2775051.2676980,10.1145/3519939.3523451,10.1145/2775051.2676980,semanticscholar,CS006,S07,references,,2022-06-09,included,included
doi:10.1145/3519939.3523451->doi:10.1145/2837614.2837643,doi:10.1145/3519939.3523451,doi:10.1145/2837614.2837643,10.1145/3519939.3523451,10.1145/2837614.2837643,semanticscholar,CS006,S07,references,,2022-06-09,included,included
doi:10.1145/3519939.3523451->doi:10.1145/2951913.2951943,doi:10.1145/3519939.3523451,doi:10.1145/2951913.2951943,10.1145/3519939.3523451,10.1145/2951913.2951943,semanticscholar,CS006,S07,references,,2022-06-09,included,included
doi:10.1145/3519939.3523451->doi:10.1145/2983990.2983999,doi:10.1145/3519939.3523451,doi:10.1145/2983990.2983999,10.1145/3519939.3523451,10.1145/2983990.2983999,semanticscholar,CS006,S07,references,,2022-06-09,included,included
doi:10.1145/3519939.3523451->doi:10.1145/3009837.3009850,doi:10.1145/3519939.3523451,doi:10.1145/3009837.3009850,10.1145/3519939.3523451,10.1145/3009837.3009850,semanticscholar,CS006,S07,references,,2022-06-09,included,included
doi:10.1145/3519939.3523451->doi:10.1145/3009837.3009877,doi:10.1145/3519939.3523451,doi:10.1145/3009837.3009877,10.1145/3519939.3523451,10.1145/3009837.3009877,semanticscholar,CS006,S07,references,,2022-06-09,included,included
doi:10.1145/3519939.3523451->doi:10.1145/3062341.3062352,doi:10.1145/3519939.3523451,doi:10.1145/3062341.3062352,10.1145/3519939.3523451,10.1145/3062341.3062352,semanticscholar,CS006,S07,references,,2022-06-09,included,included
doi:10.1145/3519939.3523451->doi:10.1145/3158107,doi:10.1145/3519939.3523451,doi:10.1145/3158107,10.1145/3519939.3523451,10.1145/3158107,semanticscholar,CS006,S07,references,,2022-06-09,included,included
doi:10.1145/3519939.3523451->doi:10.1145/3192366.3192421,doi:10.1145/3519939.3523451,doi:10.1145/3192366.3192421,10.1145/3519939.3523451,10.1145/3192366.3192421,semanticscholar,CS006,S07,references,,2022-06-09,included,included
doi:10.1145/3519939.3523451->doi:10.1145/3209108.3209174,doi:10.1145/3519939.3523451,doi:10.1145/3209108.3209174,10.1145/3519939.3523451,10.1145/3209108.3209174,semanticscholar,CS006,S07,references,,2022-06-09,included,included
doi:10.1145/3519939.3523451->doi:10.1145/3290373,doi:10.1145/3519939.3523451,doi:10.1145/3290373,10.1145/3519939.3523451,10.1145/3290373,semanticscholar,CS006,S07,references,,2022-06-09,included,included
doi:10.1145/3519939.3523451->doi:10.1145/3290381,doi:10.1145/3519939.3523451,doi:10.1145/3290381,10.1145/3519939.3523451,10.1145/3290381,semanticscholar,CS006,S07,references,,2022-06-09,included,included
doi:10.1145/3519939.3523451->doi:10.1145/3290383,doi:10.1145/3519939.3523451,doi:10.1145/3290383,10.1145/3519939.3523451,10.1145/3290383,semanticscholar,CS006,S07,references,,2022-06-09,included,included
doi:10.1145/3519939.3523451->doi:10.1145/3314221.3314624,doi:10.1145/3519939.3523451,doi:10.1145/3314221.3314624,10.1145/3519939.3523451,10.1145/3314221.3314624,semanticscholar,CS006,S07,references,,2022-06-09,included,included
doi:10.1145/3519939.3523451->doi:10.1145/3335772.3335935,doi:10.1145/3519939.3523451,doi:10.1145/3335772.3335935,10.1145/3519939.3523451,10.1145/3335772.3335935,semanticscholar,CS006,S07,references,,2022-06-09,included,included
doi:10.1145/3519939.3523451->doi:10.1145/3360568,doi:10.1145/3519939.3523451,doi:10.1145/3360568,10.1145/3519939.3523451,10.1145/3360568,semanticscholar,CS006,S07,references,,2022-06-09,included,included
doi:10.1145/3519939.3523451->doi:10.1145/3371102,doi:10.1145/3519939.3523451,doi:10.1145/3371102,10.1145/3519939.3523451,10.1145/3371102,semanticscholar,CS006,S07,references,,2022-06-09,included,included
doi:10.1145/3519939.3523451->doi:10.1145/3371113,doi:10.1145/3519939.3523451,doi:10.1145/3371113,10.1145/3519939.3523451,10.1145/3371113,semanticscholar,CS006,S07,references,,2022-06-09,included,included
doi:10.1145/3519939.3523451->doi:10.1145/3385412.3385973,doi:10.1145/3519939.3523451,doi:10.1145/3385412.3385973,10.1145/3519939.3523451,10.1145/3385412.3385973,semanticscholar,CS006,S07,references,,2022-06-09,included,included
doi:10.1145/3519939.3523451->doi:10.1145/3385412.3386010,doi:10.1145/3519939.3523451,doi:10.1145/3385412.3386010,10.1145/3519939.3523451,10.1145/3385412.3386010,semanticscholar,CS006,S07,references,,2022-06-09,included,included
doi:10.1145/3519939.3523451->doi:10.1145/3408978,doi:10.1145/3519939.3523451,doi:10.1145/3408978,10.1145/3519939.3523451,10.1145/3408978,semanticscholar,CS006,S07,references,,2022-06-09,included,included
doi:10.1145/3519939.3523451->doi:10.1145/3437801.3441619,doi:10.1145/3519939.3523451,doi:10.1145/3437801.3441619,10.1145/3519939.3523451,10.1145/3437801.3441619,semanticscholar,CS006;CS008,S07;S09,citations;references,,2022-06-09,included,included
doi:10.1145/3519939.3523451->doi:10.1145/3473571,doi:10.1145/3519939.3523451,doi:10.1145/3473571,10.1145/3519939.3523451,10.1145/3473571,semanticscholar,CS006,S07,references,,2022-06-09,included,included
doi:10.1145/3519939.3523451->doi:10.1145/3473586,doi:10.1145/3519939.3523451,doi:10.1145/3473586,10.1145/3519939.3523451,10.1145/3473586,semanticscholar,CS006,S07,references,,2022-06-09,included,included
doi:10.1145/3519939.3523451->doi:10.1145/3498694,doi:10.1145/3519939.3523451,doi:10.1145/3498694,10.1145/3519939.3523451,10.1145/3498694,semanticscholar,CS006,S07,references,,2022-06-09,included,included
doi:10.1145/3519939.3523451->doi:10.1145/78969.78972,doi:10.1145/3519939.3523451,doi:10.1145/78969.78972,10.1145/3519939.3523451,10.1145/78969.78972,semanticscholar,CS006,S07,references,,2022-06-09,included,included
doi:10.1145/3519939.3523451->doi:10.4230/darts.3.2.15,doi:10.1145/3519939.3523451,doi:10.4230/darts.3.2.15,10.1145/3519939.3523451,10.4230/darts.3.2.15,semanticscholar,CS006,S07,references,,2022-06-09,included,included
doi:10.1145/3519939.3523451->doi:10.4230/lipics.concur.2016.6,doi:10.1145/3519939.3523451,doi:10.4230/lipics.concur.2016.6,10.1145/3519939.3523451,10.4230/lipics.concur.2016.6,semanticscholar,CS006,S07,references,,2022-06-09,included,included
doi:10.1145/3519939.3523451->doi:10.4230/lipics.ecoop.2017.8,doi:10.1145/3519939.3523451,doi:10.4230/lipics.ecoop.2017.8,10.1145/3519939.3523451,10.4230/lipics.ecoop.2017.8,semanticscholar,CS006,S07,references,,2022-06-09,included,included
doi:10.1145/3519939.3523451->doi:10.4230/lipics.ecoop.2020.11,doi:10.1145/3519939.3523451,doi:10.4230/lipics.ecoop.2020.11,10.1145/3519939.3523451,10.4230/lipics.ecoop.2020.11,semanticscholar,CS006,S07,references,,2022-06-09,included,included
doi:10.1145/3519939.3523451->s2:6ee36af9d07b2979af49d32f70ece380486490c1,doi:10.1145/3519939.3523451,s2:6ee36af9d07b2979af49d32f70ece380486490c1,10.1145/3519939.3523451,,semanticscholar,CS006,S07,references,,2022-06-09,included,included
doi:10.1145/3519939.3523451->s2:88085676d6f9c1903d25eac49d4eb2a9e324d71f,doi:10.1145/3519939.3523451,s2:88085676d6f9c1903d25eac49d4eb2a9e324d71f,10.1145/3519939.3523451,,semanticscholar,CS006,S07,references,,2022-06-09,included,included
doi:10.1145/3519939.3523451->unknown:semanticscholar:cs006:references:0:67,doi:10.1145/3519939.3523451,unknown:semanticscholar:cs006:references:0:67,10.1145/3519939.3523451,,semanticscholar,CS006,S07,references,,2022-06-09,included,included
doi:10.1145/3519939.3523451->unknown:semanticscholar:cs006:references:0:71,doi:10.1145/3519939.3523451,unknown:semanticscholar:cs006:references:0:71,10.1145/3519939.3523451,,semanticscholar,CS006,S07,references,,2022-06-09,included,included
doi:10.1145/3519939.3523451->unknown:semanticscholar:cs006:references:0:73,doi:10.1145/3519939.3523451,unknown:semanticscholar:cs006:references:0:73,10.1145/3519939.3523451,,semanticscholar,CS006,S07,references,,2022-06-09,included,included
doi:10.1145/3519939.3523451->unknown:semanticscholar:cs006:references:0:74,doi:10.1145/3519939.3523451,unknown:semanticscholar:cs006:references:0:74,10.1145/3519939.3523451,,semanticscholar,CS006,S07,references,,2022-06-09,included,included
doi:10.1145/3519939.3523451->unknown:semanticscholar:cs006:references:0:75,doi:10.1145/3519939.3523451,unknown:semanticscholar:cs006:references:0:75,10.1145/3519939.3523451,,semanticscholar,CS006,S07,references,,2022-06-09,included,included
doi:10.1145/3519939.3523718->doi:10.1145/3485475,doi:10.1145/3519939.3523718,doi:10.1145/3485475,10.1145/3519939.3523718,10.1145/3485475,semanticscholar,CS001,S01,citations,,2022-06-09,included,included
doi:10.1145/3533724->doi:10.1145/1542476.1542493,doi:10.1145/3533724,doi:10.1145/1542476.1542493,10.1145/3533724,10.1145/1542476.1542493,semanticscholar,CS029,S42,citations,,2022-05-04,included,included
doi:10.1145/3547628->doi:10.1145/1480881.1480886,doi:10.1145/3547628,doi:10.1145/1480881.1480886,10.1145/3547628,10.1145/1480881.1480886,semanticscholar,CS009,S10,citations,,2022-08-29,included,included
doi:10.1145/3555776.3577636->doi:10.1007/978-3-540-75292-9_9,doi:10.1145/3555776.3577636,doi:10.1007/978-3-540-75292-9_9,10.1145/3555776.3577636,10.1007/978-3-540-75292-9_9,semanticscholar,CS024,A29,citations,,2023-03-27,included,included
doi:10.1145/3555776.3577636->doi:10.1016/j.scico.2008.09.013,doi:10.1145/3555776.3577636,doi:10.1016/j.scico.2008.09.013,10.1145/3555776.3577636,10.1016/j.scico.2008.09.013,semanticscholar,CS025,A30,citations,,2023-03-27,included,included
doi:10.1145/3563352->doi:10.1145/3437801.3441619,doi:10.1145/3563352,doi:10.1145/3437801.3441619,10.1145/3563352,10.1145/3437801.3441619,semanticscholar,CS008,S09,citations,,2022-10-31,included,included
doi:10.1145/3563352->doi:10.1145/3485475,doi:10.1145/3563352,doi:10.1145/3485475,10.1145/3563352,10.1145/3485475,semanticscholar,CS001,S01,citations,,2022-10-31,included,included
doi:10.1145/3563352->doi:10.1145/3519939.3523451,doi:10.1145/3563352,doi:10.1145/3519939.3523451,10.1145/3563352,10.1145/3519939.3523451,semanticscholar,CS006,S07,citations,,2022-10-31,included,included
doi:10.1145/3571231->doi:10.1145/2837614.2837635,doi:10.1145/3571231,doi:10.1145/2837614.2837635,10.1145/3571231,10.1145/2837614.2837635,semanticscholar,CS014,S19,citations,,2023-01-09,included,included
doi:10.1145/3571232->doi:10.1145/2837614.2837635,doi:10.1145/3571232,doi:10.1145/2837614.2837635,10.1145/3571232,10.1145/2837614.2837635,semanticscholar,CS014,S19,citations,,2023-01-09,included,included
doi:10.1145/3571246->doi:10.1145/3437801.3441619,doi:10.1145/3571246,doi:10.1145/3437801.3441619,10.1145/3571246,10.1145/3437801.3441619,semanticscholar,CS008,S09,citations,,2023-01-09,included,included
doi:10.1145/3571246->doi:10.1145/3519939.3523451,doi:10.1145/3571246,doi:10.1145/3519939.3523451,10.1145/3571246,10.1145/3519939.3523451,semanticscholar,CS006,S07,citations,,2023-01-09,included,included
doi:10.1145/3586043->doi:10.1145/3519939.3523451,doi:10.1145/3586043,doi:10.1145/3519939.3523451,10.1145/3586043,10.1145/3519939.3523451,semanticscholar,CS006,S07,citations,,2023-04-06,included,included
doi:10.1145/3591230->doi:10.1145/2676724.2693179,doi:10.1145/3591230,doi:10.1145/2676724.2693179,10.1145/3591230,10.1145/2676724.2693179,semanticscholar,CS017,A28,citations,,2021-11-22,included,included
doi:10.1145/3591232->doi:10.1145/3622820,doi:10.1145/3591232,doi:10.1145/3622820,10.1145/3591232,10.1145/3622820,semanticscholar,CS026,S27,citations,,2023-06-06,included,included
doi:10.1145/3591253->doi:10.1007/3-540-10843-2_22,doi:10.1145/3591253,doi:10.1007/3-540-10843-2_22,10.1145/3591253,10.1007/3-540-10843-2_22,semanticscholar,CS002,S02,references,,2023-06-06,included,included
doi:10.1145/3591253->doi:10.1007/978-3-540-28644-8_2,doi:10.1145/3591253,doi:10.1007/978-3-540-28644-8_2,10.1145/3591253,10.1007/978-3-540-28644-8_2,semanticscholar,CS002,S02,references,,2023-06-06,included,included
doi:10.1145/3591253->doi:10.1007/978-3-540-28644-8_4,doi:10.1145/3591253,doi:10.1007/978-3-540-28644-8_4,10.1145/3591253,10.1007/978-3-540-28644-8_4,semanticscholar,CS002,S02,references,,2023-06-06,included,included
doi:10.1145/3591253->doi:10.1007/978-3-642-22012-8_36,doi:10.1145/3591253,doi:10.1007/978-3-642-22012-8_36,10.1145/3591253,10.1007/978-3-642-22012-8_36,semanticscholar,CS002,S02,references,,2023-06-06,included,included
doi:10.1145/3591253->doi:10.1007/978-3-642-25873-2_22,doi:10.1145/3591253,doi:10.1007/978-3-642-25873-2_22,10.1145/3591253,10.1007/978-3-642-25873-2_22,semanticscholar,CS002,S02,references,,2023-06-06,included,included
doi:10.1145/3591253->doi:10.1007/978-3-642-40184-8_17,doi:10.1145/3591253,doi:10.1007/978-3-642-40184-8_17,10.1145/3591253,10.1007/978-3-642-40184-8_17,semanticscholar,CS002,S02,references,,2023-06-06,included,included
doi:10.1145/3591253->doi:10.1007/978-3-662-49498-1_8,doi:10.1145/3591253,doi:10.1007/978-3-662-49498-1_8,10.1145/3591253,10.1007/978-3-662-49498-1_8,semanticscholar,CS002;CS013,S02;S17,citations;references,,2023-06-06,included,included
doi:10.1145/3591253->doi:10.1007/978-3-662-54434-1_34,doi:10.1145/3591253,doi:10.1007/978-3-662-54434-1_34,10.1145/3591253,10.1007/978-3-662-54434-1_34,semanticscholar,CS002,S02,references,,2023-06-06,included,included
doi:10.1145/3591253->doi:10.1007/bfb0055036,doi:10.1145/3591253,doi:10.1007/bfb0055036,10.1145/3591253,10.1007/bfb0055036,semanticscholar,CS002,S02,references,,2023-06-06,included,included
doi:10.1145/3591253->doi:10.1017/s0956796818000151,doi:10.1145/3591253,doi:10.1017/s0956796818000151,10.1145/3591253,10.1017/s0956796818000151,semanticscholar,CS002,S02,references,,2023-06-06,included,included
doi:10.1145/3591253->doi:10.1109/tse.1977.229904,doi:10.1145/3591253,doi:10.1109/tse.1977.229904,10.1145/3591253,10.1109/tse.1977.229904,semanticscholar,CS002,S02,references,,2023-06-06,included,included
doi:10.1145/3591253->doi:10.1145/1111037.1111042,doi:10.1145/3591253,doi:10.1145/1111037.1111042,10.1145/3591253,10.1145/1111037.1111042,semanticscholar,CS002,S02,references,,2023-06-06,included,included
doi:10.1145/3591253->doi:10.1145/2775051.2676975,doi:10.1145/3591253,doi:10.1145/2775051.2676975,10.1145/3591253,10.1145/2775051.2676975,semanticscholar,CS002,S02,references,,2023-06-06,included,included
doi:10.1145/3591253->doi:10.1145/2775051.2676980,doi:10.1145/3591253,doi:10.1145/2775051.2676980,10.1145/3591253,10.1145/2775051.2676980,semanticscholar,CS002,S02,references,,2023-06-06,included,included
doi:10.1145/3591253->doi:10.1145/2837614.2837635,doi:10.1145/3591253,doi:10.1145/2837614.2837635,10.1145/3591253,10.1145/2837614.2837635,semanticscholar,CS002;CS014,S02;S19,citations;references,,2023-06-06,included,included
doi:10.1145/3591253->doi:10.1145/3009837.3009850,doi:10.1145/3591253,doi:10.1145/3009837.3009850,10.1145/3591253,10.1145/3009837.3009850,semanticscholar,CS002,S02,references,,2023-06-06,included,included
doi:10.1145/3591253->doi:10.1145/3062341.3062352,doi:10.1145/3591253,doi:10.1145/3062341.3062352,10.1145/3591253,10.1145/3062341.3062352,semanticscholar,CS002,S02,references,,2023-06-06,included,included
doi:10.1145/3591253->doi:10.1145/3158108,doi:10.1145/3591253,doi:10.1145/3158108,10.1145/3591253,10.1145/3158108,semanticscholar,CS002,S02,references,,2023-06-06,included,included
doi:10.1145/3591253->doi:10.1145/3371119,doi:10.1145/3591253,doi:10.1145/3371119,10.1145/3591253,10.1145/3371119,semanticscholar,CS002,S02,references,,2023-06-06,included,included
doi:10.1145/3591253->doi:10.1145/3385412.3386010,doi:10.1145/3591253,doi:10.1145/3385412.3386010,10.1145/3591253,10.1145/3385412.3386010,semanticscholar,CS002,S02,references,,2023-06-06,included,included
doi:10.1145/3591253->doi:10.1145/3437992.3439931,doi:10.1145/3591253,doi:10.1145/3437992.3439931,10.1145/3591253,10.1145/3437992.3439931,semanticscholar,CS002,S02,references,,2023-06-06,included,included
doi:10.1145/3591253->doi:10.1145/3477082,doi:10.1145/3591253,doi:10.1145/3477082,10.1145/3591253,10.1145/3477082,semanticscholar,CS002,S02,references,,2023-06-06,included,included
doi:10.1145/3591253->doi:10.1145/3485475,doi:10.1145/3591253,doi:10.1145/3485475,10.1145/3591253,10.1145/3485475,semanticscholar,CS001;CS002,S01;S02,citations;references,,2023-06-06,included,included
doi:10.1145/3591253->doi:10.1145/3498689,doi:10.1145/3591253,doi:10.1145/3498689,10.1145/3591253,10.1145/3498689,semanticscholar,CS002,S02,references,,2023-06-06,included,included
doi:10.1145/3591253->doi:10.1145/3519939.3523718,doi:10.1145/3591253,doi:10.1145/3519939.3523718,10.1145/3591253,10.1145/3519939.3523718,semanticscholar,CS002,S02,references,,2023-06-06,included,included
doi:10.1145/3591253->doi:10.1145/3571232,doi:10.1145/3591253,doi:10.1145/3571232,10.1145/3591253,10.1145/3571232,semanticscholar,CS002,S02,references,,2023-06-06,included,included
doi:10.1145/3591253->doi:10.1145/357172.357178,doi:10.1145/3591253,doi:10.1145/357172.357178,10.1145/3591253,10.1145/357172.357178,semanticscholar,CS002,S02,references,,2023-06-06,included,included
doi:10.1145/3591253->doi:10.1145/362759.362813,doi:10.1145/3591253,doi:10.1145/362759.362813,10.1145/3591253,10.1145/362759.362813,semanticscholar,CS002,S02,references,,2023-06-06,included,included
doi:10.1145/3591253->s2:1550382c593e4553da57eb38d5a901d021cbc80a,doi:10.1145/3591253,s2:1550382c593e4553da57eb38d5a901d021cbc80a,10.1145/3591253,,semanticscholar,CS002,S02,references,,2023-06-06,included,included
doi:10.1145/3591253->s2:f1269591359fddc20f95da10c7bd4c054080b447,doi:10.1145/3591253,s2:f1269591359fddc20f95da10c7bd4c054080b447,10.1145/3591253,,semanticscholar,CS002,S02,references,,2023-06-06,included,included
doi:10.1145/3591253->unknown:semanticscholar:cs002:references:0:28,doi:10.1145/3591253,unknown:semanticscholar:cs002:references:0:28,10.1145/3591253,,semanticscholar,CS002,S02,references,,2023-06-06,included,included
doi:10.1145/3591253->unknown:semanticscholar:cs002:references:0:30,doi:10.1145/3591253,unknown:semanticscholar:cs002:references:0:30,10.1145/3591253,,semanticscholar,CS002,S02,references,,2023-06-06,included,included
doi:10.1145/3591253->unknown:semanticscholar:cs002:references:0:31,doi:10.1145/3591253,unknown:semanticscholar:cs002:references:0:31,10.1145/3591253,,semanticscholar,CS002,S02,references,,2023-06-06,included,included
doi:10.1145/3591253->unknown:semanticscholar:cs002:references:0:33,doi:10.1145/3591253,unknown:semanticscholar:cs002:references:0:33,10.1145/3591253,,semanticscholar,CS002,S02,references,,2023-06-06,included,included
doi:10.1145/3591253->unknown:semanticscholar:cs002:references:0:34,doi:10.1145/3591253,unknown:semanticscholar:cs002:references:0:34,10.1145/3591253,,semanticscholar,CS002,S02,references,,2023-06-06,included,included
doi:10.1145/3591253->unknown:semanticscholar:cs002:references:0:35,doi:10.1145/3591253,unknown:semanticscholar:cs002:references:0:35,10.1145/3591253,,semanticscholar,CS002,S02,references,,2023-06-06,included,included
doi:10.1145/3591253->unknown:semanticscholar:cs002:references:0:36,doi:10.1145/3591253,unknown:semanticscholar:cs002:references:0:36,10.1145/3591253,,semanticscholar,CS002,S02,references,,2023-06-06,included,included
doi:10.1145/3591297->doi:10.1145/3519939.3523451,doi:10.1145/3591297,doi:10.1145/3519939.3523451,10.1145/3591297,10.1145/3519939.3523451,semanticscholar,CS006,S07,citations,,2023-06-06,included,included
doi:10.1145/3622781.3674174->doi:10.1145/3485475,doi:10.1145/3622781.3674174,doi:10.1145/3485475,10.1145/3622781.3674174,10.1145/3485475,semanticscholar,CS001,S01,citations,,2024-04-27,included,included
doi:10.1145/3622820->doi:10.1007/978-3-030-99336-8_9,doi:10.1145/3622820,doi:10.1007/978-3-030-99336-8_9,10.1145/3622820,10.1007/978-3-030-99336-8_9,semanticscholar,CS026,S27,references,,2023-10-16,included,included
doi:10.1145/3622820->doi:10.1007/978-3-662-49122-5_20,doi:10.1145/3622820,doi:10.1007/978-3-662-49122-5_20,10.1145/3622820,10.1007/978-3-662-49122-5_20,semanticscholar,CS026,S27,references,,2023-10-16,included,included
doi:10.1145/3622820->doi:10.1007/978-3-662-53426-7_23,doi:10.1145/3622820,doi:10.1007/978-3-662-53426-7_23,10.1145/3622820,10.1007/978-3-662-53426-7_23,semanticscholar,CS026,S27,references,,2023-10-16,included,included
doi:10.1145/3622820->doi:10.1017/s0956796818000151,doi:10.1145/3622820,doi:10.1017/s0956796818000151,10.1145/3622820,10.1017/s0956796818000151,semanticscholar,CS026,S27,references,,2023-10-16,included,included
doi:10.1145/3622820->doi:10.1109/mm.2015.46,doi:10.1145/3622820,doi:10.1109/mm.2015.46,10.1145/3622820,10.1109/mm.2015.46,semanticscholar,CS026,S27,references,,2023-10-16,included,included
doi:10.1145/3622820->doi:10.1145/1950365.1950379,doi:10.1145/3622820,doi:10.1145/1950365.1950379,10.1145/3622820,10.1145/1950365.1950379,semanticscholar,CS026,S27,references,,2023-10-16,included,included
doi:10.1145/3622820->doi:10.1145/2509136.2509532,doi:10.1145/3622820,doi:10.1145/2509136.2509532,10.1145/3622820,10.1145/2509136.2509532,semanticscholar,CS026,S27,references,,2023-10-16,included,included
doi:10.1145/3622820->doi:10.1145/2714064.2660243,doi:10.1145/3622820,doi:10.1145/2714064.2660243,10.1145/3622820,10.1145/2714064.2660243,semanticscholar,CS026,S27,references,,2023-10-16,included,included
doi:10.1145/3622820->doi:10.1145/2815400.2815402,doi:10.1145/3622820,doi:10.1145/2815400.2815402,10.1145/3622820,10.1145/2815400.2815402,semanticscholar,CS026,S27,references,,2023-10-16,included,included
doi:10.1145/3622820->doi:10.1145/3009837.3009855,doi:10.1145/3622820,doi:10.1145/3009837.3009855,10.1145/3622820,10.1145/3009837.3009855,semanticscholar,CS026,S27,references,,2023-10-16,included,included
doi:10.1145/3622820->doi:10.1145/3178487.3178490,doi:10.1145/3622820,doi:10.1145/3178487.3178490,10.1145/3622820,10.1145/3178487.3178490,semanticscholar,CS026,S27,references,,2023-10-16,included,included
doi:10.1145/3622820->doi:10.1145/3341301.3359632,doi:10.1145/3622820,doi:10.1145/3341301.3359632,10.1145/3622820,10.1145/3341301.3359632,semanticscholar,CS026,S27,references,,2023-10-16,included,included
doi:10.1145/3622820->doi:10.1145/3360561,doi:10.1145/3622820,doi:10.1145/3360561,10.1145/3622820,10.1145/3360561,semanticscholar,CS026,S27,references,,2023-10-16,included,included
doi:10.1145/3622820->doi:10.1145/3371079,doi:10.1145/3622820,doi:10.1145/3371079,10.1145/3622820,10.1145/3371079,semanticscholar,CS026,S27,references,,2023-10-16,included,included
doi:10.1145/3622820->doi:10.1145/3371102,doi:10.1145/3622820,doi:10.1145/3371102,10.1145/3622820,10.1145/3371102,semanticscholar,CS026,S27,references,,2023-10-16,included,included
doi:10.1145/3622820->doi:10.1145/3373376.3378515,doi:10.1145/3622820,doi:10.1145/3373376.3378515,10.1145/3622820,10.1145/3373376.3378515,semanticscholar,CS026,S27,references,,2023-10-16,included,included
doi:10.1145/3622820->doi:10.1145/3381898.3397212,doi:10.1145/3622820,doi:10.1145/3381898.3397212,10.1145/3622820,10.1145/3381898.3397212,semanticscholar,CS026,S27,references,,2023-10-16,included,included
doi:10.1145/3622820->doi:10.1145/3385412.3386031,doi:10.1145/3622820,doi:10.1145/3385412.3386031,10.1145/3622820,10.1145/3385412.3386031,semanticscholar,CS026,S27,references,,2023-10-16,included,included
doi:10.1145/3622820->doi:10.1145/3428219,doi:10.1145/3622820,doi:10.1145/3428219,10.1145/3622820,10.1145/3428219,semanticscholar,CS026,S27,references,,2023-10-16,included,included
doi:10.1145/3622820->doi:10.1145/3434328,doi:10.1145/3622820,doi:10.1145/3434328,10.1145/3622820,10.1145/3434328,semanticscholar,CS026,S27,references,,2023-10-16,included,included
doi:10.1145/3622820->doi:10.1145/3437801.3441586,doi:10.1145/3622820,doi:10.1145/3437801.3441586,10.1145/3622820,10.1145/3437801.3441586,semanticscholar,CS026,S27,references,,2023-10-16,included,included
doi:10.1145/3622820->doi:10.1145/3453483.3454027,doi:10.1145/3622820,doi:10.1145/3453483.3454027,10.1145/3622820,10.1145/3453483.3454027,semanticscholar,CS026,S27,references,,2023-10-16,included,included
doi:10.1145/3622820->doi:10.1145/3473571,doi:10.1145/3622820,doi:10.1145/3473571,10.1145/3622820,10.1145/3473571,semanticscholar,CS026,S27,references,,2023-10-16,included,included
doi:10.1145/3622820->doi:10.1145/3519939.3523451,doi:10.1145/3622820,doi:10.1145/3519939.3523451,10.1145/3622820,10.1145/3519939.3523451,semanticscholar,CS006;CS026,S07;S27,citations;references,,2023-10-16,included,included
doi:10.1145/3622820->doi:10.4230/darts.3.2.15,doi:10.1145/3622820,doi:10.4230/darts.3.2.15,10.1145/3622820,10.4230/darts.3.2.15,semanticscholar,CS026,S27,references,,2023-10-16,included,included
doi:10.1145/3622820->doi:10.4230/lipics.disc.2021.14,doi:10.1145/3622820,doi:10.4230/lipics.disc.2021.14,10.1145/3622820,10.4230/lipics.disc.2021.14,semanticscholar,CS026,S27,references,,2023-10-16,included,included
doi:10.1145/3622820->s2:069c65cead573e71029467c21b0bc86a9f965603,doi:10.1145/3622820,s2:069c65cead573e71029467c21b0bc86a9f965603,10.1145/3622820,,semanticscholar,CS026,S27,references,,2023-10-16,included,included
doi:10.1145/3622820->s2:1d00b3a1030a653b22cd40659ca1ad59cba5aa5f,doi:10.1145/3622820,s2:1d00b3a1030a653b22cd40659ca1ad59cba5aa5f,10.1145/3622820,,semanticscholar,CS026,S27,references,,2023-10-16,included,included
doi:10.1145/3622820->s2:4c078d0b2f7b1aa0a882013259e845a773db14dd,doi:10.1145/3622820,s2:4c078d0b2f7b1aa0a882013259e845a773db14dd,10.1145/3622820,,semanticscholar,CS026,S27,references,,2023-10-16,included,included
doi:10.1145/3622820->s2:9b406452109d22e745b0958b11e5ef228561d4f3,doi:10.1145/3622820,s2:9b406452109d22e745b0958b11e5ef228561d4f3,10.1145/3622820,,semanticscholar,CS026,S27,references,,2023-10-16,included,included
doi:10.1145/3622820->s2:e23204329c83db72aca1e57bea696cdf2701dc03,doi:10.1145/3622820,s2:e23204329c83db72aca1e57bea696cdf2701dc03,10.1145/3622820,,semanticscholar,CS026,S27,references,,2023-10-16,included,included
doi:10.1145/3622820->unknown:semanticscholar:cs026:references:0:24,doi:10.1145/3622820,unknown:semanticscholar:cs026:references:0:24,10.1145/3622820,,semanticscholar,CS026,S27,references,,2023-10-16,included,included
doi:10.1145/3622820->unknown:semanticscholar:cs026:references:0:28,doi:10.1145/3622820,unknown:semanticscholar:cs026:references:0:28,10.1145/3622820,,semanticscholar,CS026,S27,references,,2023-10-16,included,included
doi:10.1145/3622820->unknown:semanticscholar:cs026:references:0:33,doi:10.1145/3622820,unknown:semanticscholar:cs026:references:0:33,10.1145/3622820,,semanticscholar,CS026,S27,references,,2023-10-16,included,included
doi:10.1145/3622820->unknown:semanticscholar:cs026:references:0:34,doi:10.1145/3622820,unknown:semanticscholar:cs026:references:0:34,10.1145/3622820,,semanticscholar,CS026,S27,references,,2023-10-16,included,included
doi:10.1145/3622827->doi:10.1007/978-3-642-23283-1_16,doi:10.1145/3622827,doi:10.1007/978-3-642-23283-1_16,10.1145/3622827,10.1007/978-3-642-23283-1_16,semanticscholar,CS018,S28,citations,,2023-10-16,included,included
doi:10.1145/3622827->doi:10.1145/3519939.3523451,doi:10.1145/3622827,doi:10.1145/3519939.3523451,10.1145/3622827,10.1145/3519939.3523451,semanticscholar,CS006,S07,citations,,2023-10-16,included,included
doi:10.1145/3622855->doi:10.1145/3485475,doi:10.1145/3622855,doi:10.1145/3485475,10.1145/3622855,10.1145/3485475,semanticscholar,CS001,S01,citations,,2023-10-16,included,included
doi:10.1145/3622857->doi:10.1145/3591253,doi:10.1145/3622857,doi:10.1145/3591253,10.1145/3622857,10.1145/3591253,semanticscholar,CS002,S02,citations,,2023-10-16,included,included
doi:10.1145/3632851->doi:10.1145/2837614.2837635,doi:10.1145/3632851,doi:10.1145/2837614.2837635,10.1145/3632851,10.1145/2837614.2837635,semanticscholar,CS014,S19,citations,,2021-09-16,included,included
doi:10.1145/3632863->doi:10.1145/3519939.3523451,doi:10.1145/3632863,doi:10.1145/3519939.3523451,10.1145/3632863,10.1145/3519939.3523451,semanticscholar,CS006,S07,citations,,2024-01-02,included,included
doi:10.1145/3632864->doi:10.1007/s10703-021-00370-8,doi:10.1145/3632864,doi:10.1007/s10703-021-00370-8,10.1145/3632864,10.1007/s10703-021-00370-8,semanticscholar,CS028,S40,citations,,2024-01-02,included,included
doi:10.1145/3632889->doi:10.1145/2837614.2837635,doi:10.1145/3632889,doi:10.1145/2837614.2837635,10.1145/3632889,10.1145/2837614.2837635,semanticscholar,CS014,S19,citations,,2024-01-02,included,included
doi:10.1145/3632892->doi:10.1109/lics.2013.18,doi:10.1145/3632892,doi:10.1109/lics.2013.18,10.1145/3632892,10.1109/lics.2013.18,semanticscholar,CS016,A27,citations,,2024-01-02,included,included
doi:10.1145/3632898->doi:10.1145/2837614.2837635,doi:10.1145/3632898,doi:10.1145/2837614.2837635,10.1145/3632898,10.1145/2837614.2837635,semanticscholar,CS014,S19,citations,,2024-01-02,included,included
doi:10.1145/3636501.3636940->doi:10.1145/3519939.3523451,doi:10.1145/3636501.3636940,doi:10.1145/3519939.3523451,10.1145/3636501.3636940,10.1145/3519939.3523451,semanticscholar,CS006,S07,citations,,2024-01-09,included,included
doi:10.1145/3641399.3641443->doi:10.1145/3519939.3523451,doi:10.1145/3641399.3641443,doi:10.1145/3519939.3523451,10.1145/3641399.3641443,10.1145/3519939.3523451,semanticscholar,CS006,S07,citations,,2024-02-22,included,included
doi:10.1145/3656384->doi:10.1007/978-3-319-21668-3_1,doi:10.1145/3656384,doi:10.1007/978-3-319-21668-3_1,10.1145/3656384,10.1007/978-3-319-21668-3_1,semanticscholar,CS007,S08,references,,2024,included,included
doi:10.1145/3656384->doi:10.1007/978-3-319-73721-8_9,doi:10.1145/3656384,doi:10.1007/978-3-319-73721-8_9,10.1145/3656384,10.1007/978-3-319-73721-8_9,semanticscholar,CS007,S08,references,,2024,included,included
doi:10.1145/3656384->doi:10.1007/978-3-540-28644-8_2,doi:10.1145/3656384,doi:10.1007/978-3-540-28644-8_2,10.1145/3656384,10.1007/978-3-540-28644-8_2,semanticscholar,CS007,S08,references,,2024,included,included
doi:10.1145/3656384->doi:10.1007/978-3-540-28644-8_4,doi:10.1145/3656384,doi:10.1007/978-3-540-28644-8_4,10.1145/3656384,10.1007/978-3-540-28644-8_4,semanticscholar,CS007,S08,references,,2024,included,included
doi:10.1145/3656384->doi:10.1007/978-3-642-14295-6_40,doi:10.1145/3656384,doi:10.1007/978-3-642-14295-6_40,10.1145/3656384,10.1007/978-3-642-14295-6_40,semanticscholar,CS007,S08,references,,2024,included,included
doi:10.1145/3656384->doi:10.1007/978-3-662-44202-9_9,doi:10.1145/3656384,doi:10.1007/978-3-662-44202-9_9,10.1145/3656384,10.1007/978-3-662-44202-9_9,semanticscholar,CS007,S08,references,,2024,included,included
doi:10.1145/3656384->doi:10.1007/978-3-662-49122-5_20,doi:10.1145/3656384,doi:10.1007/978-3-662-49122-5_20,10.1145/3656384,10.1007/978-3-662-49122-5_20,semanticscholar,CS007,S08,references,,2024,included,included
doi:10.1145/3656384->doi:10.1007/978-3-662-54434-1_17,doi:10.1145/3656384,doi:10.1007/978-3-662-54434-1_17,10.1145/3656384,10.1007/978-3-662-54434-1_17,semanticscholar,CS007,S08,references,,2024,included,included
doi:10.1145/3656384->doi:10.1007/978-3-662-54434-1_26,doi:10.1145/3656384,doi:10.1007/978-3-662-54434-1_26,10.1145/3656384,10.1007/978-3-662-54434-1_26,semanticscholar,CS007,S08,references,,2024,included,included
doi:10.1145/3656384->doi:10.1007/bfb0036900,doi:10.1145/3656384,doi:10.1007/bfb0036900,10.1145/3656384,10.1007/bfb0036900,semanticscholar,CS007,S08,references,,2024,included,included
doi:10.1145/3656384->doi:10.1007/s00165-019-00499-8,doi:10.1145/3656384,doi:10.1007/s00165-019-00499-8,10.1145/3656384,10.1007/s00165-019-00499-8,semanticscholar,CS007,S08,references,,2024,included,included
doi:10.1145/3656384->doi:10.1007/s10009-020-00559-y,doi:10.1145/3656384,doi:10.1007/s10009-020-00559-y,10.1145/3656384,10.1007/s10009-020-00559-y,semanticscholar,CS007,S08,references,,2024,included,included
doi:10.1145/3656384->doi:10.1007/s10703-023-00427-w,doi:10.1145/3656384,doi:10.1007/s10703-023-00427-w,10.1145/3656384,10.1007/s10703-023-00427-w,semanticscholar,CS007,S08,references,,2024,included,included
doi:10.1145/3656384->doi:10.1016/j.tcs.2010.09.021,doi:10.1145/3656384,doi:10.1016/j.tcs.2010.09.021,10.1145/3656384,10.1016/j.tcs.2010.09.021,semanticscholar,CS007,S08,references,,2024,included,included
doi:10.1145/3656384->doi:10.1017/s0956796818000151,doi:10.1145/3656384,doi:10.1017/s0956796818000151,10.1145/3656384,10.1017/s0956796818000151,semanticscholar,CS007,S08,references,,2024,included,included
doi:10.1145/3656384->doi:10.1145/1007912.1007944,doi:10.1145/3656384,doi:10.1145/1007912.1007944,10.1145/3656384,10.1145/1007912.1007944,semanticscholar,CS007,S08,references,,2024,included,included
doi:10.1145/3656384->doi:10.1145/1926385.1926394,doi:10.1145/3656384,doi:10.1145/1926385.1926394,10.1145/3656384,10.1145/1926385.1926394,semanticscholar,CS007,S08,references,,2024,included,included
doi:10.1145/3656384->doi:10.1145/2429069.2429099,doi:10.1145/3656384,doi:10.1145/2429069.2429099,10.1145/3656384,10.1145/2429069.2429099,semanticscholar,CS007,S08,references,,2024,included,included
doi:10.1145/3656384->doi:10.1145/248052.248106,doi:10.1145/3656384,doi:10.1145/248052.248106,10.1145/3656384,10.1145/248052.248106,semanticscholar,CS007,S08,references,,2024,included,included
doi:10.1145/3656384->doi:10.1145/2509136.2509532,doi:10.1145/3656384,doi:10.1145/2509136.2509532,10.1145/3656384,10.1145/2509136.2509532,semanticscholar,CS007,S08,references,,2024,included,included
doi:10.1145/3656384->doi:10.1145/2775051.2676980,doi:10.1145/3656384,doi:10.1145/2775051.2676980,10.1145/3656384,10.1145/2775051.2676980,semanticscholar,CS007,S08,references,,2024,included,included
doi:10.1145/3656384->doi:10.1145/2951913.2951943,doi:10.1145/3656384,doi:10.1145/2951913.2951943,10.1145/3656384,10.1145/2951913.2951943,semanticscholar,CS007,S08,references,,2024,included,included
doi:10.1145/3656384->doi:10.1145/3009837.3009850,doi:10.1145/3656384,doi:10.1145/3009837.3009850,10.1145/3656384,10.1145/3009837.3009850,semanticscholar,CS007,S08,references,,2024,included,included
doi:10.1145/3656384->doi:10.1145/3009837.3009855,doi:10.1145/3656384,doi:10.1145/3009837.3009855,10.1145/3656384,10.1145/3009837.3009855,semanticscholar,CS007,S08,references,,2024,included,included
doi:10.1145/3656384->doi:10.1145/3062341.3062352,doi:10.1145/3656384,doi:10.1145/3062341.3062352,10.1145/3656384,10.1145/3062341.3062352,semanticscholar,CS007,S08,references,,2024,included,included
doi:10.1145/3656384->doi:10.1145/3158125,doi:10.1145/3656384,doi:10.1145/3158125,10.1145/3656384,10.1145/3158125,semanticscholar,CS007,S08,references,,2024,included,included
doi:10.1145/3656384->doi:10.1145/3192366.3192421,doi:10.1145/3656384,doi:10.1145/3192366.3192421,10.1145/3656384,10.1145/3192366.3192421,semanticscholar,CS007,S08,references,,2024,included,included
doi:10.1145/3656384->doi:10.1145/3236772,doi:10.1145/3656384,doi:10.1145/3236772,10.1145/3656384,10.1145/3236772,semanticscholar,CS007,S08,references,,2024,included,included
doi:10.1145/3656384->doi:10.1145/3290381,doi:10.1145/3656384,doi:10.1145/3290381,10.1145/3656384,10.1145/3290381,semanticscholar,CS007,S08,references,,2024,included,included
doi:10.1145/3656384->doi:10.1145/3314221.3314609,doi:10.1145/3656384,doi:10.1145/3314221.3314609,10.1145/3656384,10.1145/3314221.3314609,semanticscholar,CS007,S08,references,,2024,included,included
doi:10.1145/3656384->doi:10.1145/3360568,doi:10.1145/3656384,doi:10.1145/3360568,10.1145/3656384,10.1145/3360568,semanticscholar,CS007,S08,references,,2024,included,included
doi:10.1145/3656384->doi:10.1145/3371102,doi:10.1145/3656384,doi:10.1145/3371102,10.1145/3656384,10.1145/3371102,semanticscholar,CS007,S08,references,,2024,included,included
doi:10.1145/3656384->doi:10.1145/3371113,doi:10.1145/3656384,doi:10.1145/3371113,10.1145/3656384,10.1145/3371113,semanticscholar,CS007,S08,references,,2024,included,included
doi:10.1145/3656384->doi:10.1145/3408978,doi:10.1145/3656384,doi:10.1145/3408978,10.1145/3656384,10.1145/3408978,semanticscholar,CS007,S08,references,,2024,included,included
doi:10.1145/3656384->doi:10.1145/3437992.3439930,doi:10.1145/3656384,doi:10.1145/3437992.3439930,10.1145/3656384,10.1145/3437992.3439930,semanticscholar,CS007,S08,references,,2024,included,included
doi:10.1145/3656384->doi:10.1145/3473571,doi:10.1145/3656384,doi:10.1145/3473571,10.1145/3656384,10.1145/3473571,semanticscholar,CS007,S08,references,,2024,included,included
doi:10.1145/3656384->doi:10.1145/3473586,doi:10.1145/3656384,doi:10.1145/3473586,10.1145/3656384,10.1145/3473586,semanticscholar,CS007,S08,references,,2024,included,included
doi:10.1145/3656384->doi:10.1145/3519939.3523432,doi:10.1145/3656384,doi:10.1145/3519939.3523432,10.1145/3656384,10.1145/3519939.3523432,semanticscholar,CS007,S08,references,,2024,included,included
doi:10.1145/3656384->doi:10.1145/3519939.3523451,doi:10.1145/3656384,doi:10.1145/3519939.3523451,10.1145/3656384,10.1145/3519939.3523451,semanticscholar,CS006;CS007,S07;S08,citations;references,,2024-06-20,included,included
doi:10.1145/3656384->doi:10.1145/3563337,doi:10.1145/3656384,doi:10.1145/3563337,10.1145/3656384,10.1145/3563337,semanticscholar,CS007,S08,references,,2024,included,included
doi:10.1145/3656384->doi:10.1145/3571246,doi:10.1145/3656384,doi:10.1145/3571246,10.1145/3656384,10.1145/3571246,semanticscholar,CS007,S08,references,,2024,included,included
doi:10.1145/3656384->doi:10.1145/3586043,doi:10.1145/3656384,doi:10.1145/3586043,10.1145/3656384,10.1145/3586043,semanticscholar,CS007,S08,references,,2024,included,included
doi:10.1145/3656384->doi:10.1145/3591296,doi:10.1145/3656384,doi:10.1145/3591296,10.1145/3656384,10.1145/3591296,semanticscholar,CS007,S08,references,,2024,included,included
doi:10.1145/3656384->doi:10.1145/78969.78972,doi:10.1145/3656384,doi:10.1145/78969.78972,10.1145/3656384,10.1145/78969.78972,semanticscholar,CS007,S08,references,,2024,included,included
doi:10.1145/3656384->s2:5808d216164a216bb1c94f184920ace13017abc6,doi:10.1145/3656384,s2:5808d216164a216bb1c94f184920ace13017abc6,10.1145/3656384,,semanticscholar,CS007,S08,references,,2024,included,included
doi:10.1145/3656384->unknown:semanticscholar:cs007:references:0:45,doi:10.1145/3656384,unknown:semanticscholar:cs007:references:0:45,10.1145/3656384,,semanticscholar,CS007,S08,references,,2024,included,included
doi:10.1145/3656384->unknown:semanticscholar:cs007:references:0:46,doi:10.1145/3656384,unknown:semanticscholar:cs007:references:0:46,10.1145/3656384,,semanticscholar,CS007,S08,references,,2024,included,included
doi:10.1145/3656384->unknown:semanticscholar:cs007:references:0:47,doi:10.1145/3656384,unknown:semanticscholar:cs007:references:0:47,10.1145/3656384,,semanticscholar,CS007,S08,references,,2024,included,included
doi:10.1145/3656384->unknown:semanticscholar:cs007:references:0:48,doi:10.1145/3656384,unknown:semanticscholar:cs007:references:0:48,10.1145/3656384,,semanticscholar,CS007,S08,references,,2024,included,included
doi:10.1145/3656384->unknown:semanticscholar:cs007:references:0:49,doi:10.1145/3656384,unknown:semanticscholar:cs007:references:0:49,10.1145/3656384,,semanticscholar,CS007,S08,references,,2024,included,included
doi:10.1145/3656384->unknown:semanticscholar:cs007:references:0:50,doi:10.1145/3656384,unknown:semanticscholar:cs007:references:0:50,10.1145/3656384,,semanticscholar,CS007,S08,references,,2024,included,included
doi:10.1145/3674645->doi:10.1145/2837614.2837635,doi:10.1145/3674645,doi:10.1145/2837614.2837635,10.1145/3674645,10.1145/2837614.2837635,semanticscholar,CS014,S19,citations,,2024-08-15,included,included
doi:10.1145/3674645->doi:10.1145/3591253,doi:10.1145/3674645,doi:10.1145/3591253,10.1145/3674645,10.1145/3591253,semanticscholar,CS002,S02,citations,,2024-08-15,included,included
doi:10.1145/3689720->doi:10.1145/2837614.2837635,doi:10.1145/3689720,doi:10.1145/2837614.2837635,10.1145/3689720,10.1145/2837614.2837635,semanticscholar,CS014,S19,citations,,2024-10-08,included,included
doi:10.1145/3689732->doi:10.1145/3519939.3523451,doi:10.1145/3689732,doi:10.1145/3519939.3523451,10.1145/3689732,10.1145/3519939.3523451,semanticscholar,CS006,S07,citations,,2024-10-08,included,included
doi:10.1145/3689732->doi:10.1145/3656384,doi:10.1145/3689732,doi:10.1145/3656384,10.1145/3689732,10.1145/3656384,semanticscholar,CS007,S08,citations,,2024-10-08,included,included
doi:10.1145/3689739->doi:10.1145/2837614.2837635,doi:10.1145/3689739,doi:10.1145/2837614.2837635,10.1145/3689739,10.1145/2837614.2837635,semanticscholar,CS014,S19,citations,,2024-10-08,included,included
doi:10.1145/3689802->doi:10.1145/3519939.3523451,doi:10.1145/3689802,doi:10.1145/3519939.3523451,10.1145/3689802,10.1145/3519939.3523451,semanticscholar,CS006,S07,citations,,2024-10-08,included,included
doi:10.1145/3703595.3705876->doi:10.1145/3622820,doi:10.1145/3703595.3705876,doi:10.1145/3622820,10.1145/3703595.3705876,10.1145/3622820,semanticscholar,CS026,S27,citations,,2025-01-10,included,included
doi:10.1145/3704906->doi:10.1002/cpe.3928,doi:10.1145/3704906,doi:10.1002/cpe.3928,10.1145/3704906,10.1002/cpe.3928,semanticscholar,CS022,S33,references,,2025,included,included
doi:10.1145/3704906->doi:10.1007/11817963_45,doi:10.1145/3704906,doi:10.1007/11817963_45,10.1145/3704906,10.1007/11817963_45,semanticscholar,CS022,S33,references,,2025,included,included
doi:10.1145/3704906->doi:10.1007/3-540-45414-4_21,doi:10.1145/3704906,doi:10.1007/3-540-45414-4_21,10.1145/3704906,10.1007/3-540-45414-4_21,semanticscholar,CS022,S33,references,,2025,included,included
doi:10.1145/3704906->doi:10.1007/978-3-030-25540-4_19,doi:10.1145/3704906,doi:10.1007/978-3-030-25540-4_19,10.1145/3704906,10.1007/978-3-030-25540-4_19,semanticscholar,CS022,S33,references,,2025,included,included
doi:10.1145/3704906->doi:10.1007/978-3-030-25543-5_30,doi:10.1145/3704906,doi:10.1007/978-3-030-25543-5_30,10.1145/3704906,10.1007/978-3-030-25543-5_30,semanticscholar,CS022,S33,references,,2025,included,included
doi:10.1145/3704906->doi:10.1007/978-3-030-81685-8_20,doi:10.1145/3704906,doi:10.1007/978-3-030-81685-8_20,10.1145/3704906,10.1007/978-3-030-81685-8_20,semanticscholar,CS022,S33,references,,2025,included,included
doi:10.1145/3704906->doi:10.1007/978-3-031-37706-8_12,doi:10.1145/3704906,doi:10.1007/978-3-031-37706-8_12,10.1145/3704906,10.1007/978-3-031-37706-8_12,semanticscholar,CS022,S33,references,,2025,included,included
doi:10.1145/3704906->doi:10.1007/978-3-031-37706-8_8,doi:10.1145/3704906,doi:10.1007/978-3-031-37706-8_8,10.1145/3704906,10.1007/978-3-031-37706-8_8,semanticscholar,CS022,S33,references,,2025,included,included
doi:10.1145/3704906->doi:10.1007/978-3-319-48989-6_26,doi:10.1145/3704906,doi:10.1007/978-3-319-48989-6_26,10.1145/3704906,10.1007/978-3-319-48989-6_26,semanticscholar,CS022,S33,references,,2025,included,included
doi:10.1145/3704906->doi:10.1007/978-3-319-73721-8_9,doi:10.1145/3704906,doi:10.1007/978-3-319-73721-8_9,10.1145/3704906,10.1007/978-3-319-73721-8_9,semanticscholar,CS022,S33,references,,2025,included,included
doi:10.1145/3704906->doi:10.1007/978-3-540-24730-2_15,doi:10.1145/3704906,doi:10.1007/978-3-540-24730-2_15,10.1145/3704906,10.1007/978-3-540-24730-2_15,semanticscholar,CS022,S33,references,,2025,included,included
doi:10.1145/3704906->doi:10.1007/978-3-540-70545-1_12,doi:10.1145/3704906,doi:10.1007/978-3-540-70545-1_12,10.1145/3704906,10.1007/978-3-540-70545-1_12,semanticscholar,CS022,S33,references,,2025,included,included
doi:10.1145/3704906->doi:10.1007/978-3-540-73368-3_49,doi:10.1145/3704906,doi:10.1007/978-3-540-73368-3_49,10.1145/3704906,10.1007/978-3-540-73368-3_49,semanticscholar,CS022,S33,references,,2025,included,included
doi:10.1145/3704906->doi:10.1007/978-3-540-77096-1_29,doi:10.1145/3704906,doi:10.1007/978-3-540-77096-1_29,10.1145/3704906,10.1007/978-3-540-77096-1_29,semanticscholar,CS022,S33,references,,2025,included,included
doi:10.1145/3704906->doi:10.1007/978-3-540-93900-9_27,doi:10.1145/3704906,doi:10.1007/978-3-540-93900-9_27,10.1145/3704906,10.1007/978-3-540-93900-9_27,semanticscholar,CS022,S33,references,,2025,included,included
doi:10.1145/3704906->doi:10.1007/978-3-642-03359-9_27,doi:10.1145/3704906,doi:10.1007/978-3-642-03359-9_27,10.1145/3704906,10.1007/978-3-642-03359-9_27,semanticscholar,CS022,S33,references,,2025,included,included
doi:10.1145/3704906->doi:10.1007/978-3-642-14295-6_40,doi:10.1145/3704906,doi:10.1007/978-3-642-14295-6_40,10.1145/3704906,10.1007/978-3-642-14295-6_40,semanticscholar,CS022,S33,references,,2025,included,included
doi:10.1145/3704906->doi:10.1007/978-3-642-28869-2_5,doi:10.1145/3704906,doi:10.1007/978-3-642-28869-2_5,10.1145/3704906,10.1007/978-3-642-28869-2_5,semanticscholar,CS022,S33,references,,2025,included,included
doi:10.1145/3704906->doi:10.1007/978-3-642-39799-8_11,doi:10.1145/3704906,doi:10.1007/978-3-642-39799-8_11,10.1145/3704906,10.1007/978-3-642-39799-8_11,semanticscholar,CS022,S33,references,,2025,included,included
doi:10.1145/3704906->doi:10.1007/bf00625969,doi:10.1145/3704906,doi:10.1007/bf00625969,10.1145/3704906,10.1007/bf00625969,semanticscholar,CS022,S33,references,,2025,included,included
doi:10.1145/3704906->doi:10.1007/s00236-016-0275-0,doi:10.1145/3704906,doi:10.1007/s00236-016-0275-0,10.1145/3704906,10.1007/s00236-016-0275-0,semanticscholar,CS022,S33,references,,2025,included,included
doi:10.1145/3704906->doi:10.1007/s10009-016-0415-4,doi:10.1145/3704906,doi:10.1007/s10009-016-0415-4,10.1145/3704906,10.1007/s10009-016-0415-4,semanticscholar,CS022,S33,references,,2025,included,included
doi:10.1145/3704906->doi:10.1016/j.scico.2005.03.007,doi:10.1145/3704906,doi:10.1016/j.scico.2005.03.007,10.1145/3704906,10.1016/j.scico.2005.03.007,semanticscholar,CS022,S33,references,,2025,included,included
doi:10.1145/3704906->doi:10.1109/tpds.2004.8,doi:10.1145/3704906,doi:10.1109/tpds.2004.8,10.1145/3704906,10.1109/tpds.2004.8,semanticscholar,CS022,S33,references,,2025,included,included
doi:10.1145/3704906->doi:10.1109/tpds.2011.159,doi:10.1145/3704906,doi:10.1109/tpds.2011.159,10.1145/3704906,10.1109/tpds.2011.159,semanticscholar,CS022,S33,references,,2025,included,included
doi:10.1145/3704906->doi:10.1145/1007912.1007944,doi:10.1145/3704906,doi:10.1145/1007912.1007944,10.1145/3704906,10.1145/1007912.1007944,semanticscholar,CS022,S33,references,,2025,included,included
doi:10.1145/3704906->doi:10.1145/1250734.1250737,doi:10.1145/3704906,doi:10.1145/1250734.1250737,10.1145/3704906,10.1145/1250734.1250737,semanticscholar,CS022,S33,references,,2025,included,included
doi:10.1145/3704906->doi:10.1145/1806596.1806634,doi:10.1145/3704906,doi:10.1145/1806596.1806634,10.1145/3704906,10.1145/1806596.1806634,semanticscholar,CS022,S33,references,,2025,included,included
doi:10.1145/3704906->doi:10.1145/1835698.1835722,doi:10.1145/3704906,doi:10.1145/1835698.1835722,10.1145/3704906,10.1145/1835698.1835722,semanticscholar,CS022,S33,references,,2025,included,included
doi:10.1145/3704906->doi:10.1145/1926385.1926394,doi:10.1145/3704906,doi:10.1145/1926385.1926394,10.1145/3704906,10.1145/1926385.1926394,semanticscholar,CS022,S33,references,,2025,included,included
doi:10.1145/3704906->doi:10.1145/2429069.2429099,doi:10.1145/3704906,doi:10.1145/2429069.2429099,10.1145/3704906,10.1145/2429069.2429099,semanticscholar,CS022,S33,references,,2025,included,included
doi:10.1145/3704906->doi:10.1145/2491956.2462189,doi:10.1145/3704906,doi:10.1145/2491956.2462189,10.1145/3704906,10.1145/2491956.2462189,semanticscholar,CS022,S33,references,,2025,included,included
doi:10.1145/3704906->doi:10.1145/2509136.2509514,doi:10.1145/3704906,doi:10.1145/2509136.2509514,10.1145/3704906,10.1145/2509136.2509514,semanticscholar,CS022,S33,references,,2025,included,included
doi:10.1145/3704906->doi:10.1145/2775051.2676963,doi:10.1145/3704906,doi:10.1145/2775051.2676963,10.1145/3704906,10.1145/2775051.2676963,semanticscholar,CS022,S33,references,,2025,included,included
doi:10.1145/3704906->doi:10.1145/2814270.2814297,doi:10.1145/3704906,doi:10.1145/2814270.2814297,10.1145/3704906,10.1145/2814270.2814297,semanticscholar,CS022,S33,references,,2025,included,included
doi:10.1145/3704906->doi:10.1145/3018743.3018749,doi:10.1145/3704906,doi:10.1145/3018743.3018749,10.1145/3704906,10.1145/3018743.3018749,semanticscholar,CS022,S33,references,,2025,included,included
doi:10.1145/3704906->doi:10.1145/3062341.3062352,doi:10.1145/3704906,doi:10.1145/3062341.3062352,10.1145/3704906,10.1145/3062341.3062352,semanticscholar,CS022,S33,references,,2025,included,included
doi:10.1145/3704906->doi:10.1145/3158105,doi:10.1145/3704906,doi:10.1145/3158105,10.1145/3704906,10.1145/3158105,semanticscholar,CS022,S33,references,,2025,included,included
doi:10.1145/3704906->doi:10.1145/3158119,doi:10.1145/3704906,doi:10.1145/3158119,10.1145/3704906,10.1145/3158119,semanticscholar,CS022,S33,references,,2025,included,included
doi:10.1145/3704906->doi:10.1145/3290373,doi:10.1145/3704906,doi:10.1145/3290373,10.1145/3704906,10.1145/3290373,semanticscholar,CS022,S33,references,,2025,included,included
doi:10.1145/3704906->doi:10.1145/3290381,doi:10.1145/3704906,doi:10.1145/3290381,10.1145/3704906,10.1145/3290381,semanticscholar,CS022,S33,references,,2025,included,included
doi:10.1145/3704906->doi:10.1145/3314221.3314609,doi:10.1145/3704906,doi:10.1145/3314221.3314609,10.1145/3704906,10.1145/3314221.3314609,semanticscholar,CS022,S33,references,,2025,included,included
doi:10.1145/3704906->doi:10.1145/3335772.3335935,doi:10.1145/3704906,doi:10.1145/3335772.3335935,10.1145/3704906,10.1145/3335772.3335935,semanticscholar,CS022,S33,references,,2025,included,included
doi:10.1145/3704906->doi:10.1145/3428196,doi:10.1145/3704906,doi:10.1145/3428196,10.1145/3704906,10.1145/3428196,semanticscholar,CS022,S33,references,,2025,included,included
doi:10.1145/3704906->doi:10.1145/3445814.3446748,doi:10.1145/3704906,doi:10.1145/3445814.3446748,10.1145/3704906,10.1145/3445814.3446748,semanticscholar,CS022,S33,references,,2025,included,included
doi:10.1145/3704906->doi:10.1145/3485541,doi:10.1145/3704906,doi:10.1145/3485541,10.1145/3704906,10.1145/3485541,semanticscholar,CS022,S33,references,,2025,included,included
doi:10.1145/3704906->doi:10.1145/3498711,doi:10.1145/3704906,doi:10.1145/3498711,10.1145/3704906,10.1145/3498711,semanticscholar,CS022,S33,references,,2025,included,included
doi:10.1145/3704906->doi:10.1145/3571246,doi:10.1145/3704906,doi:10.1145/3571246,10.1145/3704906,10.1145/3571246,semanticscholar,CS022,S33,references,,2025,included,included
doi:10.1145/3704906->doi:10.1145/3656449,doi:10.1145/3704906,doi:10.1145/3656449,10.1145/3704906,10.1145/3656449,semanticscholar,CS022,S33,references,,2025,included,included
doi:10.1145/3704906->doi:10.1145/564870.564881,doi:10.1145/3704906,doi:10.1145/564870.564881,10.1145/3704906,10.1145/564870.564881,semanticscholar,CS022,S33,references,,2025,included,included
doi:10.1145/3704906->doi:10.1145/78969.78972,doi:10.1145/3704906,doi:10.1145/78969.78972,10.1145/3704906,10.1145/78969.78972,semanticscholar,CS022,S33,references,,2025,included,included
doi:10.1145/3704906->doi:10.2168/lmcs-11(1:20)2015,doi:10.1145/3704906,doi:10.2168/lmcs-11(1:20)2015,10.1145/3704906,10.2168/lmcs-11(1:20)2015,semanticscholar,CS022,S33,references,,2025,included,included
doi:10.1145/3704906->doi:10.5555/1352079.1352134,doi:10.1145/3704906,doi:10.5555/1352079.1352134,10.1145/3704906,10.5555/1352079.1352134,semanticscholar,CS022,S33,references,,2025,included,included
doi:10.1145/3704906->unknown:semanticscholar:cs022:references:0:50,doi:10.1145/3704906,unknown:semanticscholar:cs022:references:0:50,10.1145/3704906,,semanticscholar,CS022,S33,references,,2025,included,included
doi:10.1145/3704906->unknown:semanticscholar:cs022:references:0:54,doi:10.1145/3704906,unknown:semanticscholar:cs022:references:0:54,10.1145/3704906,,semanticscholar,CS022,S33,references,,2025,included,included
doi:10.1145/3704906->unknown:semanticscholar:cs022:references:0:55,doi:10.1145/3704906,unknown:semanticscholar:cs022:references:0:55,10.1145/3704906,,semanticscholar,CS022,S33,references,,2025,included,included
doi:10.1145/3704906->unknown:semanticscholar:cs022:references:0:56,doi:10.1145/3704906,unknown:semanticscholar:cs022:references:0:56,10.1145/3704906,,semanticscholar,CS022,S33,references,,2025,included,included
doi:10.1145/3704906->unknown:semanticscholar:cs022:references:0:57,doi:10.1145/3704906,unknown:semanticscholar:cs022:references:0:57,10.1145/3704906,,semanticscholar,CS022,S33,references,,2025,included,included
doi:10.1145/3704906->unknown:semanticscholar:cs022:references:0:58,doi:10.1145/3704906,unknown:semanticscholar:cs022:references:0:58,10.1145/3704906,,semanticscholar,CS022,S33,references,,2025,included,included
doi:10.1145/3704908->doi:10.1145/3485475,doi:10.1145/3704908,doi:10.1145/3485475,10.1145/3704908,10.1145/3485475,semanticscholar,CS001,S01,citations,,2025-01-07,included,included
doi:10.1145/3715096->doi:10.1145/3485475,doi:10.1145/3715096,doi:10.1145/3485475,10.1145/3715096,10.1145/3485475,semanticscholar,CS001,S01,citations,,2025-01-30,included,included
doi:10.1145/3716312->doi:10.1007/s10009-011-0211-0,doi:10.1145/3716312,doi:10.1007/s10009-011-0211-0,10.1145/3716312,10.1007/s10009-011-0211-0,semanticscholar,CS019,S29,references,,2025-02-10,included,included
doi:10.1145/3716312->doi:10.1007/s10817-017-9431-7,doi:10.1145/3716312,doi:10.1007/s10817-017-9431-7,10.1145/3716312,10.1007/s10817-017-9431-7,semanticscholar,CS019,S29,references,,2025-02-10,included,included
doi:10.1145/3716312->doi:10.1007/s10817-018-9496-y,doi:10.1145/3716312,doi:10.1007/s10817-018-9496-y,10.1145/3716312,10.1007/s10817-018-9496-y,semanticscholar,CS019,S29,references,,2025-02-10,included,included
doi:10.1145/3716312->doi:10.1016/0001-8708(92)90011-9,doi:10.1145/3716312,doi:10.1016/0001-8708(92)90011-9,10.1145/3716312,10.1016/0001-8708(92)90011-9,semanticscholar,CS019,S29,references,,2025-02-10,included,included
doi:10.1145/3716312->doi:10.1016/0304-3975(92)90014-7,doi:10.1145/3716312,doi:10.1016/0304-3975(92)90014-7,10.1145/3716312,10.1016/0304-3975(92)90014-7,semanticscholar,CS019,S29,references,,2025-02-10,included,included
doi:10.1145/3716312->doi:10.1016/j.tcs.2007.09.003,doi:10.1145/3716312,doi:10.1016/j.tcs.2007.09.003,10.1145/3716312,10.1016/j.tcs.2007.09.003,semanticscholar,CS019,S29,references,,2025-02-10,included,included
doi:10.1145/3716312->doi:10.1093/comjnl/6.4.308,doi:10.1145/3716312,doi:10.1093/comjnl/6.4.308,10.1145/3716312,10.1093/comjnl/6.4.308,semanticscholar,CS019,S29,references,,2025-02-10,included,included
doi:10.1145/3716312->doi:10.1145/1040305.1040327,doi:10.1145/3716312,doi:10.1145/1040305.1040327,10.1145/3716312,10.1145/1040305.1040327,semanticscholar,CS019,S29,references,,2025-02-10,included,included
doi:10.1145/3716312->doi:10.1145/1094811.1094852,doi:10.1145/3716312,doi:10.1145/1094811.1094852,10.1145/3716312,10.1145/1094811.1094852,semanticscholar,CS019,S29,references,,2025-02-10,included,included
doi:10.1145/3716312->doi:10.1145/1190216.1190261,doi:10.1145/3716312,doi:10.1145/1190216.1190261,10.1145/3716312,10.1145/1190216.1190261,semanticscholar,CS019,S29,references,,2025-02-10,included,included
doi:10.1145/3716312->doi:10.1145/1375634.1375637,doi:10.1145/3716312,doi:10.1145/1375634.1375637,10.1145/3716312,10.1145/1375634.1375637,semanticscholar,CS019,S29,references,,2025-02-10,included,included
doi:10.1145/3716312->doi:10.1145/1375634.1375656,doi:10.1145/3716312,doi:10.1145/1375634.1375656,10.1145/3716312,10.1145/1375634.1375656,semanticscholar,CS019,S29,references,,2025-02-10,included,included
doi:10.1145/3716312->doi:10.1145/1640089.1640133,doi:10.1145/3716312,doi:10.1145/1640089.1640133,10.1145/3716312,10.1145/1640089.1640133,semanticscholar,CS019,S29,references,,2025-02-10,included,included
doi:10.1145/3716312->doi:10.1145/165180.165205,doi:10.1145/3716312,doi:10.1145/165180.165205,10.1145/3716312,10.1145/165180.165205,semanticscholar,CS019,S29,references,,2025-02-10,included,included
doi:10.1145/3716312->doi:10.1145/1693453.1693459,doi:10.1145/3716312,doi:10.1145/1693453.1693459,10.1145/3716312,10.1145/1693453.1693459,semanticscholar,CS019,S29,references,,2025-02-10,included,included
doi:10.1145/3716312->doi:10.1145/209936.209958,doi:10.1145/3716312,doi:10.1145/209936.209958,10.1145/3716312,10.1145/209936.209958,semanticscholar,CS019,S29,references,,2025-02-10,included,included
doi:10.1145/3716312->doi:10.1145/224164.224182,doi:10.1145/3716312,doi:10.1145/224164.224182,10.1145/3716312,10.1145/224164.224182,semanticscholar,CS019,S29,references,,2025-02-10,included,included
doi:10.1145/3716312->doi:10.1145/2362389.2362393,doi:10.1145/3716312,doi:10.1145/2362389.2362393,10.1145/3716312,10.1145/2362389.2362393,semanticscholar,CS019,S29,references,,2025-02-10,included,included
doi:10.1145/3716312->doi:10.1145/2737924.2737955,doi:10.1145/3716312,doi:10.1145/2737924.2737955,10.1145/3716312,10.1145/2737924.2737955,semanticscholar,CS019,S29,references,,2025-02-10,included,included
doi:10.1145/3716312->doi:10.1145/2754169.2754187,doi:10.1145/3716312,doi:10.1145/2754169.2754187,10.1145/3716312,10.1145/2754169.2754187,semanticscholar,CS019,S29,references,,2025-02-10,included,included
doi:10.1145/3716312->doi:10.1145/2984450.2984457,doi:10.1145/3716312,doi:10.1145/2984450.2984457,10.1145/3716312,10.1145/2984450.2984457,semanticscholar,CS019,S29,references,,2025-02-10,included,included
doi:10.1145/3716312->doi:10.1145/3009837.3009842,doi:10.1145/3716312,doi:10.1145/3009837.3009842,10.1145/3716312,10.1145/3009837.3009842,semanticscholar,CS019,S29,references,,2025-02-10,included,included
doi:10.1145/3716312->doi:10.1145/3141879,doi:10.1145/3716312,doi:10.1145/3141879,10.1145/3716312,10.1145/3141879,semanticscholar,CS019,S29,references,,2025-02-10,included,included
doi:10.1145/3716312->doi:10.1145/3201897,doi:10.1145/3716312,doi:10.1145/3201897,10.1145/3716312,10.1145/3201897,semanticscholar,CS019,S29,references,,2025-02-10,included,included
doi:10.1145/3716312->doi:10.1145/320384.320418,doi:10.1145/3716312,doi:10.1145/320384.320418,10.1145/3716312,10.1145/320384.320418,semanticscholar,CS019,S29,references,,2025-02-10,included,included
doi:10.1145/3716312->doi:10.1145/3211968,doi:10.1145/3716312,doi:10.1145/3211968,10.1145/3716312,10.1145/3211968,semanticscholar,CS019,S29,references,,2025-02-10,included,included
doi:10.1145/3716312->doi:10.1145/3236772,doi:10.1145/3716312,doi:10.1145/3236772,10.1145/3716312,10.1145/3236772,semanticscholar,CS019,S29,references,,2025-02-10,included,included
doi:10.1145/3716312->doi:10.1145/325694.325716,doi:10.1145/3716312,doi:10.1145/325694.325716,10.1145/3716312,10.1145/325694.325716,semanticscholar,CS019,S29,references,,2025-02-10,included,included
doi:10.1145/3716312->doi:10.1145/3290371,doi:10.1145/3716312,doi:10.1145/3290371,10.1145/3716312,10.1145/3290371,semanticscholar,CS019,S29,references,,2025-02-10,included,included
doi:10.1145/3716312->doi:10.1145/3341687,doi:10.1145/3716312,doi:10.1145/3341687,10.1145/3716312,10.1145/3341687,semanticscholar,CS019,S29,references,,2025-02-10,included,included
doi:10.1145/3716312->doi:10.1145/3408995,doi:10.1145/3716312,doi:10.1145/3408995,10.1145/3716312,10.1145/3408995,semanticscholar,CS019,S29,references,,2025-02-10,included,included
doi:10.1145/3716312->doi:10.1145/3428272,doi:10.1145/3716312,doi:10.1145/3428272,10.1145/3716312,10.1145/3428272,semanticscholar,CS019,S29,references,,2025-02-10,included,included
doi:10.1145/3716312->doi:10.1145/3437992.3439930,doi:10.1145/3716312,doi:10.1145/3437992.3439930,10.1145/3716312,10.1145/3437992.3439930,semanticscholar,CS019,S29,references,,2025-02-10,included,included
doi:10.1145/3716312->doi:10.1145/3473581,doi:10.1145/3716312,doi:10.1145/3473581,10.1145/3716312,10.1145/3473581,semanticscholar,CS019,S29,references,,2025-02-10,included,included
doi:10.1145/3716312->doi:10.1145/3473586,doi:10.1145/3716312,doi:10.1145/3473586,10.1145/3716312,10.1145/3473586,semanticscholar,CS019,S29,references,,2025-02-10,included,included
doi:10.1145/3716312->doi:10.1145/3498672,doi:10.1145/3716312,doi:10.1145/3498672,10.1145/3716312,10.1145/3498672,semanticscholar,CS019,S29,references,,2025-02-10,included,included
doi:10.1145/3716312->doi:10.1145/3519939.3523432,doi:10.1145/3716312,doi:10.1145/3519939.3523432,10.1145/3716312,10.1145/3519939.3523432,semanticscholar,CS019,S29,references,,2025-02-10,included,included
doi:10.1145/3716312->doi:10.1145/3544885.3544887,doi:10.1145/3716312,doi:10.1145/3544885.3544887,10.1145/3716312,10.1145/3544885.3544887,semanticscholar,CS019,S29,references,,2025-02-10,included,included
doi:10.1145/3716312->doi:10.1145/3547631,doi:10.1145/3716312,doi:10.1145/3547631,10.1145/3716312,10.1145/3547631,semanticscholar,CS019,S29,references,,2025-02-10,included,included
doi:10.1145/3716312->doi:10.1145/3571218,doi:10.1145/3716312,doi:10.1145/3571218,10.1145/3716312,10.1145/3571218,semanticscholar,CS019,S29,references,,2025-02-10,included,included
doi:10.1145/3716312->doi:10.1145/3607840,doi:10.1145/3716312,doi:10.1145/3607840,10.1145/3716312,10.1145/3607840,semanticscholar,CS019,S29,references,,2025-02-10,included,included
doi:10.1145/3716312->doi:10.1145/3622827,doi:10.1145/3716312,doi:10.1145/3622827,10.1145/3716312,10.1145/3622827,semanticscholar,CS019,S29,references,,2025-02-10,included,included
doi:10.1145/3716312->doi:10.1145/564870.564881,doi:10.1145/3716312,doi:10.1145/564870.564881,10.1145/3716312,10.1145/564870.564881,semanticscholar,CS019,S29,references,,2025-02-10,included,included
doi:10.1145/3716312->doi:10.1145/604131.604148,doi:10.1145/3716312,doi:10.1145/604131.604148,10.1145/3716312,10.1145/604131.604148,semanticscholar,CS019,S29,references,,2025-02-10,included,included
doi:10.1145/3716312->doi:10.1145/78969.78972,doi:10.1145/3716312,doi:10.1145/78969.78972,10.1145/3716312,10.1145/78969.78972,semanticscholar,CS019,S29,references,,2025-02-10,included,included
doi:10.1145/3716312->doi:10.1147/sj.442.0399,doi:10.1145/3716312,doi:10.1147/sj.442.0399,10.1145/3716312,10.1147/sj.442.0399,semanticscholar,CS019,S29,references,,2025-02-10,included,included
doi:10.1145/3716312->doi:10.2307/1968168,doi:10.1145/3716312,doi:10.2307/1968168,10.1145/3716312,10.2307/1968168,semanticscholar,CS019,S29,references,,2025-02-10,included,included
doi:10.1145/3716312->doi:10.29007/xkwx,doi:10.1145/3716312,doi:10.29007/xkwx,10.1145/3716312,10.29007/xkwx,semanticscholar,CS019,S29,references,,2025-02-10,included,included
doi:10.1145/3719027.3765138->doi:10.1145/2837614.2837635,doi:10.1145/3719027.3765138,doi:10.1145/2837614.2837635,10.1145/3719027.3765138,10.1145/2837614.2837635,semanticscholar,CS014,S19,citations,,2025-11-10,included,included
doi:10.1145/3720435->doi:10.1145/3485475,doi:10.1145/3720435,doi:10.1145/3485475,10.1145/3720435,10.1145/3485475,semanticscholar,CS001,S01,citations,,2025-04-09,included,included
doi:10.1145/3720435->doi:10.1145/3591253,doi:10.1145/3720435,doi:10.1145/3591253,10.1145/3720435,10.1145/3591253,semanticscholar,CS002,S02,citations,,2025-04-09,included,included
doi:10.1145/3720525->doi:10.1007/978-3-030-17184-1_1,doi:10.1145/3720525,doi:10.1007/978-3-030-17184-1_1,10.1145/3720525,10.1007/978-3-030-17184-1_1,semanticscholar,CS010,S14,references,,2025,included,included
doi:10.1145/3720525->doi:10.1007/978-3-030-44914-8_13,doi:10.1145/3720525,doi:10.1007/978-3-030-44914-8_13,10.1145/3720525,10.1007/978-3-030-44914-8_13,semanticscholar,CS010,S14,references,,2025,included,included
doi:10.1145/3720525->doi:10.1007/978-3-540-28644-8_2,doi:10.1145/3720525,doi:10.1007/978-3-540-28644-8_2,10.1145/3720525,10.1007/978-3-540-28644-8_2,semanticscholar,CS010,S14,references,,2025,included,included
doi:10.1145/3720525->doi:10.1007/978-3-540-28644-8_4,doi:10.1145/3720525,doi:10.1007/978-3-540-28644-8_4,10.1145/3720525,10.1007/978-3-540-28644-8_4,semanticscholar,CS010,S14,references,,2025,included,included
doi:10.1145/3720525->doi:10.1007/978-3-642-37036-6_11,doi:10.1145/3720525,doi:10.1007/978-3-642-37036-6_11,10.1145/3720525,10.1007/978-3-642-37036-6_11,semanticscholar,CS010,S14,references,,2025,included,included
doi:10.1145/3720525->doi:10.1007/978-3-642-54833-8_9,doi:10.1145/3720525,doi:10.1007/978-3-642-54833-8_9,10.1145/3720525,10.1007/978-3-642-54833-8_9,semanticscholar,CS010,S14,references,,2025,included,included
doi:10.1145/3720525->doi:10.1007/978-3-662-44202-9_9,doi:10.1145/3720525,doi:10.1007/978-3-662-44202-9_9,10.1145/3720525,10.1007/978-3-662-44202-9_9,semanticscholar,CS010,S14,references,,2025,included,included
doi:10.1145/3720525->doi:10.1007/978-3-662-54434-1_34,doi:10.1145/3720525,doi:10.1007/978-3-662-54434-1_34,10.1145/3720525,10.1007/978-3-662-54434-1_34,semanticscholar,CS010,S14,references,,2025,included,included
doi:10.1145/3720525->doi:10.1017/s0956796818000151,doi:10.1145/3720525,doi:10.1017/s0956796818000151,10.1145/3720525,10.1017/s0956796818000151,semanticscholar,CS010,S14,references,,2025,included,included
doi:10.1145/3720525->doi:10.1145/1007912.1007944,doi:10.1145/3720525,doi:10.1145/1007912.1007944,10.1145/3720525,10.1145/1007912.1007944,semanticscholar,CS010,S14,references,,2025,included,included
doi:10.1145/3720525->doi:10.1145/1411203.1411226,doi:10.1145/3720525,doi:10.1145/1411203.1411226,10.1145/3720525,10.1145/1411203.1411226,semanticscholar,CS010,S14,references,,2025,included,included
doi:10.1145/3720525->doi:10.1145/1926385.1926402,doi:10.1145/3720525,doi:10.1145/1926385.1926402,10.1145/3720525,10.1145/1926385.1926402,semanticscholar,CS010,S14,references,,2025,included,included
doi:10.1145/3720525->doi:10.1145/2103656.2103666,doi:10.1145/3720525,doi:10.1145/2103656.2103666,10.1145/3720525,10.1145/2103656.2103666,semanticscholar,CS010,S14,references,,2025,included,included
doi:10.1145/3720525->doi:10.1145/2775051.2676980,doi:10.1145/3720525,doi:10.1145/2775051.2676980,10.1145/3720525,10.1145/2775051.2676980,semanticscholar,CS010,S14,references,,2025,included,included
doi:10.1145/3720525->doi:10.1145/2837614.2837635,doi:10.1145/3720525,doi:10.1145/2837614.2837635,10.1145/3720525,10.1145/2837614.2837635,semanticscholar,CS010;CS014,S14;S19,citations;references,,2025-04-09,included,included
doi:10.1145/3720525->doi:10.1145/2951913.2951943,doi:10.1145/3720525,doi:10.1145/2951913.2951943,10.1145/3720525,10.1145/2951913.2951943,semanticscholar,CS010,S14,references,,2025,included,included
doi:10.1145/3720525->doi:10.1145/3009837.3009855,doi:10.1145/3720525,doi:10.1145/3009837.3009855,10.1145/3720525,10.1145/3009837.3009855,semanticscholar,CS010,S14,references,,2025,included,included
doi:10.1145/3720525->doi:10.1145/3158108,doi:10.1145/3720525,doi:10.1145/3158108,10.1145/3720525,10.1145/3158108,semanticscholar,CS010,S14,references,,2025,included,included
doi:10.1145/3720525->doi:10.1145/3158154,doi:10.1145/3720525,doi:10.1145/3158154,10.1145/3720525,10.1145/3158154,semanticscholar,CS010,S14,references,,2025,included,included
doi:10.1145/3720525->doi:10.1145/3209108.3209174,doi:10.1145/3720525,doi:10.1145/3209108.3209174,10.1145/3720525,10.1145/3209108.3209174,semanticscholar,CS010,S14,references,,2025,included,included
doi:10.1145/3720525->doi:10.1145/3371113,doi:10.1145/3720525,doi:10.1145/3371113,10.1145/3720525,10.1145/3371113,semanticscholar,CS010,S14,references,,2025,included,included
doi:10.1145/3720525->doi:10.1145/3427761.3428345,doi:10.1145/3720525,doi:10.1145/3427761.3428345,10.1145/3720525,10.1145/3427761.3428345,semanticscholar,CS010,S14,references,,2025,included,included
doi:10.1145/3720525->doi:10.1145/3428224,doi:10.1145/3720525,doi:10.1145/3428224,10.1145/3720525,10.1145/3428224,semanticscholar,CS010,S14,references,,2025,included,included
doi:10.1145/3720525->doi:10.1145/3453483.3454031,doi:10.1145/3720525,doi:10.1145/3453483.3454031,10.1145/3720525,10.1145/3453483.3454031,semanticscholar,CS010,S14,references,,2025,included,included
doi:10.1145/3720525->doi:10.1145/3477082,doi:10.1145/3720525,doi:10.1145/3477082,10.1145/3720525,10.1145/3477082,semanticscholar,CS010,S14,references,,2025,included,included
doi:10.1145/3720525->doi:10.1145/3498689,doi:10.1145/3720525,doi:10.1145/3498689,10.1145/3720525,10.1145/3498689,semanticscholar,CS010,S14,references,,2025,included,included
doi:10.1145/3720525->doi:10.1145/3519939.3523451,doi:10.1145/3720525,doi:10.1145/3519939.3523451,10.1145/3720525,10.1145/3519939.3523451,semanticscholar,CS006;CS010,S07;S14,citations;references,,2025-04-09,included,included
doi:10.1145/3720525->doi:10.1145/3547631,doi:10.1145/3720525,doi:10.1145/3547631,10.1145/3720525,10.1145/3547631,semanticscholar,CS010,S14,references,,2025,included,included
doi:10.1145/3720525->doi:10.1145/3571232,doi:10.1145/3720525,doi:10.1145/3571232,10.1145/3720525,10.1145/3571232,semanticscholar,CS010,S14,references,,2025,included,included
doi:10.1145/3720525->doi:10.1145/3591253,doi:10.1145/3720525,doi:10.1145/3591253,10.1145/3720525,10.1145/3591253,semanticscholar,CS002;CS010,S02;S14,citations;references,,2025-04-09,included,included
doi:10.1145/3720525->doi:10.1145/3600006.3613172,doi:10.1145/3720525,doi:10.1145/3600006.3613172,10.1145/3720525,10.1145/3600006.3613172,semanticscholar,CS010,S14,references,,2025,included,included
doi:10.1145/3720525->doi:10.1145/3622857,doi:10.1145/3720525,doi:10.1145/3622857,10.1145/3720525,10.1145/3622857,semanticscholar,CS010,S14,references,,2025,included,included
doi:10.1145/3720525->doi:10.1145/3632851,doi:10.1145/3720525,doi:10.1145/3632851,10.1145/3720525,10.1145/3632851,semanticscholar,CS010,S14,references,,2025,included,included
doi:10.1145/3720525->doi:10.1145/3656384,doi:10.1145/3720525,doi:10.1145/3656384,10.1145/3720525,10.1145/3656384,semanticscholar,CS007;CS010,S08;S14,citations;references,,2025-04-09,included,included
doi:10.1145/3720525->doi:10.1145/53990.54010,doi:10.1145/3720525,doi:10.1145/53990.54010,10.1145/3720525,10.1145/53990.54010,semanticscholar,CS010,S14,references,,2025,included,included
doi:10.1145/3720525->doi:10.25560/47923,doi:10.1145/3720525,doi:10.25560/47923,10.1145/3720525,10.25560/47923,semanticscholar,CS010,S14,references,,2025,included,included
doi:10.1145/3720525->doi:10.34727/2021/isbn.978-3-85448-046-4_23,doi:10.1145/3720525,doi:10.34727/2021/isbn.978-3-85448-046-4_23,10.1145/3720525,10.34727/2021/isbn.978-3-85448-046-4_23,semanticscholar,CS010,S14,references,,2025,included,included
doi:10.1145/3720525->s2:7c3f662d42288c26879d9d8c49b111b61baad9be,doi:10.1145/3720525,s2:7c3f662d42288c26879d9d8c49b111b61baad9be,10.1145/3720525,,semanticscholar,CS010,S14,references,,2025,included,included
doi:10.1145/3720525->unknown:semanticscholar:cs010:references:0:38,doi:10.1145/3720525,unknown:semanticscholar:cs010:references:0:38,10.1145/3720525,,semanticscholar,CS010,S14,references,,2025,included,included
doi:10.1145/3720525->unknown:semanticscholar:cs010:references:0:39,doi:10.1145/3720525,unknown:semanticscholar:cs010:references:0:39,10.1145/3720525,,semanticscholar,CS010,S14,references,,2025,included,included
doi:10.1145/3720525->unknown:semanticscholar:cs010:references:0:40,doi:10.1145/3720525,unknown:semanticscholar:cs010:references:0:40,10.1145/3720525,,semanticscholar,CS010,S14,references,,2025,included,included
doi:10.1145/3720525->unknown:semanticscholar:cs010:references:0:41,doi:10.1145/3720525,unknown:semanticscholar:cs010:references:0:41,10.1145/3720525,,semanticscholar,CS010,S14,references,,2025,included,included
doi:10.1145/3720525->unknown:semanticscholar:cs010:references:0:42,doi:10.1145/3720525,unknown:semanticscholar:cs010:references:0:42,10.1145/3720525,,semanticscholar,CS010,S14,references,,2025,included,included
doi:10.1145/3729246->doi:10.1007/978-3-642-23283-1_16,doi:10.1145/3729246,doi:10.1007/978-3-642-23283-1_16,10.1145/3729246,10.1007/978-3-642-23283-1_16,semanticscholar,CS018,S28,citations,,2025-06-10,included,included
doi:10.1145/3729246->doi:10.1145/3519939.3523451,doi:10.1145/3729246,doi:10.1145/3519939.3523451,10.1145/3729246,10.1145/3519939.3523451,semanticscholar,CS006,S07,citations,,2025-06-10,included,included
doi:10.1145/3729246->doi:10.1145/3656384,doi:10.1145/3729246,doi:10.1145/3656384,10.1145/3729246,10.1145/3656384,semanticscholar,CS007,S08,citations,,2025-06-10,included,included
doi:10.1145/3729248->doi:10.1145/3437801.3441619,doi:10.1145/3729248,doi:10.1145/3437801.3441619,10.1145/3729248,10.1145/3437801.3441619,semanticscholar,CS008,S09,citations,,2025-06-10,included,included
doi:10.1145/3729248->doi:10.1145/3519939.3523451,doi:10.1145/3729248,doi:10.1145/3519939.3523451,10.1145/3729248,10.1145/3519939.3523451,semanticscholar,CS006,S07,citations,,2025-06-10,included,included
doi:10.1145/3729248->doi:10.1145/3656384,doi:10.1145/3729248,doi:10.1145/3656384,10.1145/3729248,10.1145/3656384,semanticscholar,CS007,S08,citations,,2025-06-10,included,included
doi:10.1145/3729250->doi:10.1145/3591253,doi:10.1145/3729250,doi:10.1145/3591253,10.1145/3729250,10.1145/3591253,semanticscholar,CS002,S02,citations,,2025-06-10,included,included
doi:10.1145/3729250->doi:10.1145/3720525,doi:10.1145/3729250,doi:10.1145/3720525,10.1145/3729250,10.1145/3720525,semanticscholar,CS010,S14,citations,,2025-06-10,included,included
doi:10.1145/3747512->doi:10.1145/3591253,doi:10.1145/3747512,doi:10.1145/3591253,10.1145/3747512,10.1145/3591253,semanticscholar,CS002,S02,citations,,2025-08-05,included,included
doi:10.1145/3763077->doi:10.1016/j.scico.2008.09.013,doi:10.1145/3763077,doi:10.1016/j.scico.2008.09.013,10.1145/3763077,10.1016/j.scico.2008.09.013,semanticscholar,CS025,A30,citations,,2025-10-09,included,included
doi:10.1145/3763077->doi:10.1109/lics.2013.18,doi:10.1145/3763077,doi:10.1109/lics.2013.18,10.1145/3763077,10.1109/lics.2013.18,semanticscholar,CS016,A27,citations,,2025-10-09,included,included
doi:10.1145/3763077->doi:10.1145/2676724.2693179,doi:10.1145/3763077,doi:10.1145/2676724.2693179,10.1145/3763077,10.1145/2676724.2693179,semanticscholar,CS017,A28,citations,,2025-10-09,included,included
doi:10.1145/3763077->doi:10.1145/3622820,doi:10.1145/3763077,doi:10.1145/3622820,10.1145/3763077,10.1145/3622820,semanticscholar,CS026,S27,citations,,2025-10-09,included,included
doi:10.1145/3763091->doi:10.1145/2837614.2837635,doi:10.1145/3763091,doi:10.1145/2837614.2837635,10.1145/3763091,10.1145/2837614.2837635,semanticscholar,CS014,S19,citations,,2024-10-18,included,included
doi:10.1145/3763091->doi:10.1145/3591253,doi:10.1145/3763091,doi:10.1145/3591253,10.1145/3763091,10.1145/3591253,semanticscholar,CS002,S02,citations,,2024-10-18,included,included
doi:10.1145/3763123->doi:10.1145/3704906,doi:10.1145/3763123,doi:10.1145/3704906,10.1145/3763123,10.1145/3704906,semanticscholar,CS022,S33,citations,,2024-10-06,included,included
doi:10.1145/3763134->doi:10.1145/3519939.3523451,doi:10.1145/3763134,doi:10.1145/3519939.3523451,10.1145/3763134,10.1145/3519939.3523451,semanticscholar,CS006,S07,citations,,2023-07-26,included,included
doi:10.1145/3763138->doi:10.1145/2837614.2837635,doi:10.1145/3763138,doi:10.1145/2837614.2837635,10.1145/3763138,10.1145/2837614.2837635,semanticscholar,CS014,S19,citations,,2025-04-24,included,included
doi:10.1145/3764860.3768337->doi:10.1145/3519939.3523451,doi:10.1145/3764860.3768337,doi:10.1145/3519939.3523451,10.1145/3764860.3768337,10.1145/3519939.3523451,semanticscholar,CS006,S07,citations,,2025-06-02,included,included
doi:10.1145/3766061->doi:10.1007/3-540-45414-4_21,doi:10.1145/3766061,doi:10.1007/3-540-45414-4_21,10.1145/3766061,10.1007/3-540-45414-4_21,semanticscholar,CS031,S45,references,,2021-07-21,included,included
doi:10.1145/3766061->doi:10.1007/3-540-58201-0_78,doi:10.1145/3766061,doi:10.1007/3-540-58201-0_78,10.1145/3766061,10.1007/3-540-58201-0_78,semanticscholar,CS031,S45,references,,2021-07-21,included,included
doi:10.1145/3766061->doi:10.1007/978-3-030-67087-0_4,doi:10.1145/3766061,doi:10.1007/978-3-030-67087-0_4,10.1145/3766061,10.1007/978-3-030-67087-0_4,semanticscholar,CS031,S45,references,,2021-07-21,included,included
doi:10.1145/3766061->doi:10.1007/978-3-031-21213-0_10,doi:10.1145/3766061,doi:10.1007/978-3-031-21213-0_10,10.1145/3766061,10.1007/978-3-031-21213-0_10,semanticscholar,CS031,S45,references,,2021-07-21,included,included
doi:10.1145/3766061->doi:10.1007/978-3-319-10181-1_21,doi:10.1145/3766061,doi:10.1007/978-3-319-10181-1_21,10.1145/3766061,10.1007/978-3-319-10181-1_21,semanticscholar,CS031,S45,references,,2021-07-21,included,included
doi:10.1145/3766061->doi:10.1007/978-3-319-10575-8,doi:10.1145/3766061,doi:10.1007/978-3-319-10575-8,10.1145/3766061,10.1007/978-3-319-10575-8,semanticscholar,CS031,S45,references,,2021-07-21,included,included
doi:10.1145/3766061->doi:10.1007/978-3-319-51517-5_2,doi:10.1145/3766061,doi:10.1007/978-3-319-51517-5_2,10.1145/3766061,10.1007/978-3-319-51517-5_2,semanticscholar,CS031,S45,references,,2021-07-21,included,included
doi:10.1145/3766061->doi:10.1007/978-3-642-03359-9_27,doi:10.1145/3766061,doi:10.1007/978-3-642-03359-9_27,10.1145/3766061,10.1007/978-3-642-03359-9_27,semanticscholar,CS031,S45,references,,2021-07-21,included,included
doi:10.1145/3766061->doi:10.1007/978-3-642-28869-2_5,doi:10.1145/3766061,doi:10.1007/978-3-642-28869-2_5,10.1145/3766061,10.1007/978-3-642-28869-2_5,semanticscholar,CS031,S45,references,,2021-07-21,included,included
doi:10.1145/3766061->doi:10.1007/978-3-642-33651-5_3,doi:10.1145/3766061,doi:10.1007/978-3-642-33651-5_3,10.1145/3766061,10.1007/978-3-642-33651-5_3,semanticscholar,CS031,S45,references,,2021-07-21,included,included
doi:10.1145/3766061->doi:10.1007/978-3-642-37036-6_29,doi:10.1145/3766061,doi:10.1007/978-3-642-37036-6_29,10.1145/3766061,10.1007/978-3-642-37036-6_29,semanticscholar,CS031,S45,references,,2021-07-21,included,included
doi:10.1145/3766061->doi:10.1007/978-3-642-40184-8_17,doi:10.1145/3766061,doi:10.1007/978-3-642-40184-8_17,10.1145/3766061,10.1007/978-3-642-40184-8_17,semanticscholar,CS031,S45,references,,2021-07-21,included,included
doi:10.1145/3766061->doi:10.1007/978-3-662-49192-8_33,doi:10.1145/3766061,doi:10.1007/978-3-662-49192-8_33,10.1145/3766061,10.1007/978-3-662-49192-8_33,semanticscholar,CS031,S45,references,,2021-07-21,included,included
doi:10.1145/3766061->doi:10.1007/bf00290732,doi:10.1145/3766061,doi:10.1007/bf00290732,10.1145/3766061,10.1007/bf00290732,semanticscholar,CS031,S45,references,,2021-07-21,included,included
doi:10.1145/3766061->doi:10.1007/s00236-017-0305-6,doi:10.1145/3766061,doi:10.1007/s00236-017-0305-6,10.1145/3766061,10.1007/s00236-017-0305-6,semanticscholar,CS031,S45,references,,2021-07-21,included,included
doi:10.1145/3766061->doi:10.1016/0020-0190(81)90106-x,doi:10.1145/3766061,doi:10.1016/0020-0190(81)90106-x,10.1145/3766061,10.1016/0020-0190(81)90106-x,semanticscholar,CS031,S45,references,,2021-07-21,included,included
doi:10.1145/3766061->doi:10.1016/c2011-0-06993-4,doi:10.1145/3766061,doi:10.1016/c2011-0-06993-4,10.1145/3766061,10.1016/c2011-0-06993-4,semanticscholar,CS031,S45,references,,2021-07-21,included,included
doi:10.1145/3766061->doi:10.1016/s0020-0190(01)00337-4,doi:10.1145/3766061,doi:10.1016/s0020-0190(01)00337-4,10.1145/3766061,10.1016/s0020-0190(01)00337-4,semanticscholar,CS031,S45,references,,2021-07-21,included,included
doi:10.1145/3766061->doi:10.1080/04597220801912986,doi:10.1145/3766061,doi:10.1080/04597220801912986,10.1145/3766061,10.1080/04597220801912986,semanticscholar,CS031,S45,references,,2021-07-21,included,included
doi:10.1145/3766061->doi:10.1090/s0002-9904-1946-08555-9,doi:10.1145/3766061,doi:10.1090/s0002-9904-1946-08555-9,10.1145/3766061,10.1090/s0002-9904-1946-08555-9,semanticscholar,CS031,S45,references,,2021-07-21,included,included
doi:10.1145/3766061->doi:10.1145/1040305.1040336,doi:10.1145/3766061,doi:10.1145/1040305.1040336,10.1145/3766061,10.1145/1040305.1040336,semanticscholar,CS031,S45,references,,2021-07-21,included,included
doi:10.1145/3766061->doi:10.1145/114005.102808,doi:10.1145/3766061,doi:10.1145/114005.102808,10.1145/3766061,10.1145/114005.102808,semanticscholar,CS031,S45,references,,2021-07-21,included,included
doi:10.1145/3766061->doi:10.1145/1504176.1504186,doi:10.1145/3766061,doi:10.1145/1504176.1504186,10.1145/3766061,10.1145/1504176.1504186,semanticscholar,CS031,S45,references,,2021-07-21,included,included
doi:10.1145/3766061->doi:10.1145/1542476.1542493,doi:10.1145/3766061,doi:10.1145/1542476.1542493,10.1145/3766061,10.1145/1542476.1542493,semanticscholar,CS029;CS031,S42;S45,citations;references,,2021-07-21,included,included
doi:10.1145/3766061->doi:10.1145/1640089.1640106,doi:10.1145/3766061,doi:10.1145/1640089.1640106,10.1145/3766061,10.1145/1640089.1640106,semanticscholar,CS031,S45,references,,2021-07-21,included,included
doi:10.1145/3766061->doi:10.1145/1706299.1706303,doi:10.1145/3766061,doi:10.1145/1706299.1706303,10.1145/3766061,10.1145/1706299.1706303,semanticscholar,CS031,S45,references,,2021-07-21,included,included
doi:10.1145/3766061->doi:10.1145/1926385.1926394,doi:10.1145/3766061,doi:10.1145/1926385.1926394,10.1145/3766061,10.1145/1926385.1926394,semanticscholar,CS031,S45,references,,2021-07-21,included,included
doi:10.1145/3766061->doi:10.1145/248052.248106,doi:10.1145/3766061,doi:10.1145/248052.248106,10.1145/3766061,10.1145/248052.248106,semanticscholar,CS031,S45,references,,2021-07-21,included,included
doi:10.1145/3766061->doi:10.1145/3335772.3335935,doi:10.1145/3766061,doi:10.1145/3335772.3335935,10.1145/3766061,10.1145/3335772.3335935,semanticscholar,CS031,S45,references,,2021-07-21,included,included
doi:10.1145/3766061->doi:10.1145/3485475,doi:10.1145/3766061,doi:10.1145/3485475,10.1145/3766061,10.1145/3485475,semanticscholar,CS001;CS031,S01;S45,citations;references,,2021-07-21,included,included
doi:10.1145/3766061->doi:10.1145/361082.361093,doi:10.1145/3766061,doi:10.1145/361082.361093,10.1145/3766061,10.1145/361082.361093,semanticscholar,CS031,S45,references,,2021-07-21,included,included
doi:10.1145/3766061->doi:10.1145/872035.872048,doi:10.1145/3766061,doi:10.1145/872035.872048,10.1145/3766061,10.1145/872035.872048,semanticscholar,CS031,S45,references,,2021-07-21,included,included
doi:10.1145/3766061->doi:10.1201/b12403-15,doi:10.1145/3766061,doi:10.1201/b12403-15,10.1145/3766061,10.1201/b12403-15,semanticscholar,CS031,S45,references,,2021-07-21,included,included
doi:10.1145/3766061->s2:194a08a57aecc953ae7519d3a3f1b42cb9e9b80d,doi:10.1145/3766061,s2:194a08a57aecc953ae7519d3a3f1b42cb9e9b80d,10.1145/3766061,,semanticscholar,CS031,S45,references,,2021-07-21,included,included
doi:10.1145/3766061->s2:1c157b5422182c0ec38611fefba60008080c64a1,doi:10.1145/3766061,s2:1c157b5422182c0ec38611fefba60008080c64a1,10.1145/3766061,,semanticscholar,CS031,S45,references,,2021-07-21,included,included
doi:10.1145/3766061->s2:f1269591359fddc20f95da10c7bd4c054080b447,doi:10.1145/3766061,s2:f1269591359fddc20f95da10c7bd4c054080b447,10.1145/3766061,,semanticscholar,CS031,S45,references,,2021-07-21,included,included
doi:10.1145/3766061->unknown:semanticscholar:cs031:references:0:28,doi:10.1145/3766061,unknown:semanticscholar:cs031:references:0:28,10.1145/3766061,,semanticscholar,CS031,S45,references,,2021-07-21,included,included
doi:10.1145/3766061->unknown:semanticscholar:cs031:references:0:31,doi:10.1145/3766061,unknown:semanticscholar:cs031:references:0:31,10.1145/3766061,,semanticscholar,CS031,S45,references,,2021-07-21,included,included
doi:10.1145/3766061->unknown:semanticscholar:cs031:references:0:33,doi:10.1145/3766061,unknown:semanticscholar:cs031:references:0:33,10.1145/3766061,,semanticscholar,CS031,S45,references,,2021-07-21,included,included
doi:10.1145/3766061->unknown:semanticscholar:cs031:references:0:39,doi:10.1145/3766061,unknown:semanticscholar:cs031:references:0:39,10.1145/3766061,,semanticscholar,CS031,S45,references,,2021-07-21,included,included
doi:10.1145/3766061->unknown:semanticscholar:cs031:references:0:40,doi:10.1145/3766061,unknown:semanticscholar:cs031:references:0:40,10.1145/3766061,,semanticscholar,CS031,S45,references,,2021-07-21,included,included
doi:10.1145/3776668->doi:10.1145/2837614.2837635,doi:10.1145/3776668,doi:10.1145/2837614.2837635,10.1145/3776668,10.1145/2837614.2837635,semanticscholar,CS014,S19,citations,,2025-11-28,included,included
doi:10.1145/3776680->doi:10.1145/3485475,doi:10.1145/3776680,doi:10.1145/3485475,10.1145/3776680,10.1145/3485475,semanticscholar,CS001,S01,citations,,2026-01-08,included,included
doi:10.1145/3776687->arxiv:2206.01784,doi:10.1145/3776687,arxiv:2206.01784,10.1145/3776687,10.48550/arxiv.2206.01784,semanticscholar,CS004,S05,references,,2026-01-08,included,included
doi:10.1145/3776687->doi:10.1007/978-1-4612-0931-7,doi:10.1145/3776687,doi:10.1007/978-1-4612-0931-7,10.1145/3776687,10.1007/978-1-4612-0931-7,semanticscholar,CS004,S05,references,,2026-01-08,included,included
doi:10.1145/3776687->doi:10.1007/978-1-4612-4886-6,doi:10.1145/3776687,doi:10.1007/978-1-4612-4886-6,10.1145/3776687,10.1007/978-1-4612-4886-6,semanticscholar,CS004,S05,references,,2026-01-08,included,included
doi:10.1145/3776687->doi:10.1007/978-3-030-45237-7_24,doi:10.1145/3776687,doi:10.1007/978-3-030-45237-7_24,10.1145/3776687,10.1007/978-3-030-45237-7_24,semanticscholar,CS004,S05,references,,2026-01-08,included,included
doi:10.1145/3776687->doi:10.1007/978-3-030-81685-8_20,doi:10.1145/3776687,doi:10.1007/978-3-030-81685-8_20,10.1145/3776687,10.1007/978-3-030-81685-8_20,semanticscholar,CS004,S05,references,,2026-01-08,included,included
doi:10.1145/3776687->doi:10.1007/978-3-031-57256-2_27,doi:10.1145/3776687,doi:10.1007/978-3-031-57256-2_27,10.1145/3776687,10.1007/978-3-031-57256-2_27,semanticscholar,CS004,S05,references,,2026-01-08,included,included
doi:10.1145/3776687->doi:10.1007/978-3-031-90660-2_9,doi:10.1145/3776687,doi:10.1007/978-3-031-90660-2_9,10.1145/3776687,10.1007/978-3-031-90660-2_9,semanticscholar,CS004,S05,references,,2026-01-08,included,included
doi:10.1145/3776687->doi:10.1007/978-3-319-66706-5_15,doi:10.1145/3776687,doi:10.1007/978-3-319-66706-5_15,10.1145/3776687,10.1007/978-3-319-66706-5_15,semanticscholar,CS004,S05,references,,2026-01-08,included,included
doi:10.1145/3776687->doi:10.1007/978-3-319-89963-3_16,doi:10.1145/3776687,doi:10.1007/978-3-319-89963-3_16,10.1145/3776687,10.1007/978-3-319-89963-3_16,semanticscholar,CS004,S05,references,,2026-01-08,included,included
doi:10.1145/3776687->doi:10.1007/978-3-642-31424-7_19,doi:10.1145/3776687,doi:10.1007/978-3-642-31424-7_19,10.1145/3776687,10.1007/978-3-642-31424-7_19,semanticscholar,CS004,S05,references,,2026-01-08,included,included
doi:10.1145/3776687->doi:10.1007/978-3-642-54862-8_11,doi:10.1145/3776687,doi:10.1007/978-3-642-54862-8_11,10.1145/3776687,10.1007/978-3-642-54862-8_11,semanticscholar,CS004,S05,references,,2026-01-08,included,included
doi:10.1145/3776687->doi:10.1145/1040305.1040336,doi:10.1145/3776687,doi:10.1145/1040305.1040336,10.1145/3776687,10.1145/1040305.1040336,semanticscholar,CS004,S05,references,,2026-01-08,included,included
doi:10.1145/3776687->doi:10.1145/1328438.1328459,doi:10.1145/3776687,doi:10.1145/1328438.1328459,10.1145/3776687,10.1145/1328438.1328459,semanticscholar,CS004,S05,references,,2026-01-08,included,included
doi:10.1145/3776687->doi:10.1145/1993498.1993520,doi:10.1145/3776687,doi:10.1145/1993498.1993520,10.1145/3776687,10.1145/1993498.1993520,semanticscholar,CS004,S05,references,,2026-01-08,included,included
doi:10.1145/3776687->doi:10.1145/2627752,doi:10.1145/3776687,doi:10.1145/2627752,10.1145/3776687,10.1145/2627752,semanticscholar,CS004,S05,references,,2026-01-08,included,included
doi:10.1145/3776687->doi:10.1145/2837614.2837637,doi:10.1145/3776687,doi:10.1145/2837614.2837637,10.1145/3776687,10.1145/2837614.2837637,semanticscholar,CS004,S05,references,,2026-01-08,included,included
doi:10.1145/3776687->doi:10.1145/2983990.2984032,doi:10.1145/3776687,doi:10.1145/2983990.2984032,10.1145/3776687,10.1145/2983990.2984032,semanticscholar,CS004,S05,references,,2026-01-08,included,included
doi:10.1145/3776687->doi:10.1145/3192366.3192405,doi:10.1145/3776687,doi:10.1145/3192366.3192405,10.1145/3776687,10.1145/3192366.3192405,semanticscholar,CS004,S05,references,,2026-01-08,included,included
doi:10.1145/3776687->doi:10.1145/3290382,doi:10.1145/3776687,doi:10.1145/3290382,10.1145/3776687,10.1145/3290382,semanticscholar,CS004,S05,references,,2026-01-08,included,included
doi:10.1145/3776687->doi:10.1145/3297858.3304043,doi:10.1145/3776687,doi:10.1145/3297858.3304043,10.1145/3776687,10.1145/3297858.3304043,semanticscholar,CS004,S05,references,,2026-01-08,included,included
doi:10.1145/3776687->doi:10.1145/3428294,doi:10.1145/3776687,doi:10.1145/3428294,10.1145/3776687,10.1145/3428294,semanticscholar,CS004,S05,references,,2026-01-08,included,included
doi:10.1145/3776687->doi:10.1145/3445814.3446748,doi:10.1145/3776687,doi:10.1145/3445814.3446748,10.1145/3776687,10.1145/3445814.3446748,semanticscholar,CS004,S05,references,,2026-01-08,included,included
doi:10.1145/3776687->doi:10.1145/3458926,doi:10.1145/3776687,doi:10.1145/3458926,10.1145/3776687,10.1145/3458926,semanticscholar,CS004,S05,references,,2026-01-08,included,included
doi:10.1145/3776687->doi:10.1145/3485475,doi:10.1145/3776687,doi:10.1145/3485475,10.1145/3776687,10.1145/3485475,semanticscholar,CS001;CS004,S01;S05,citations;references,,2026-01-08,included,included
doi:10.1145/3776687->doi:10.1145/3485508,doi:10.1145/3776687,doi:10.1145/3485508,10.1145/3776687,10.1145/3485508,semanticscholar,CS004,S05,references,,2026-01-08,included,included
doi:10.1145/3776687->doi:10.1145/3563292,doi:10.1145/3776687,doi:10.1145/3563292,10.1145/3776687,10.1145/3563292,semanticscholar,CS004,S05,references,,2026-01-08,included,included
doi:10.1145/3776687->doi:10.1145/3575693.3575750,doi:10.1145/3776687,doi:10.1145/3575693.3575750,10.1145/3776687,10.1145/3575693.3575750,semanticscholar,CS004,S05,references,,2026-01-08,included,included
doi:10.1145/3776687->doi:10.1145/3597926.3598095,doi:10.1145/3776687,doi:10.1145/3597926.3598095,10.1145/3776687,10.1145/3597926.3598095,semanticscholar,CS004,S05,references,,2026-01-08,included,included
doi:10.1145/3776687->doi:10.1145/3622781.3674174,doi:10.1145/3776687,doi:10.1145/3622781.3674174,10.1145/3776687,10.1145/3622781.3674174,semanticscholar,CS004,S05,references,,2026-01-08,included,included
doi:10.1145/3776687->doi:10.1145/3694906.3743326,doi:10.1145/3776687,doi:10.1145/3694906.3743326,10.1145/3776687,10.1145/3694906.3743326,semanticscholar,CS004,S05,references,,2026-01-08,included,included
doi:10.1145/3776687->doi:10.1184/r1/6608579.v1,doi:10.1145/3776687,doi:10.1184/r1/6608579.v1,10.1145/3776687,10.1184/r1/6608579.v1,semanticscholar,CS004,S05,references,,2026-01-08,included,included
doi:10.1145/3776687->doi:10.2312/eggh/eggh07/097-106,doi:10.1145/3776687,doi:10.2312/eggh/eggh07/097-106,10.1145/3776687,10.2312/eggh/eggh07/097-106,semanticscholar,CS004,S05,references,,2026-01-08,included,included
doi:10.1145/3776687->doi:10.23919/fmcad.2018.8603021,doi:10.1145/3776687,doi:10.23919/fmcad.2018.8603021,10.1145/3776687,10.23919/fmcad.2018.8603021,semanticscholar,CS004,S05,references,,2026-01-08,included,included
doi:10.1145/3776687->doi:10.4230/lipics.concur.2018.23,doi:10.1145/3776687,doi:10.4230/lipics.concur.2018.23,10.1145/3776687,10.4230/lipics.concur.2018.23,semanticscholar,CS004,S05,references,,2026-01-08,included,included
doi:10.1145/3776687->s2:14277adc06727b66b59f208c2f481b5fb62caf39,doi:10.1145/3776687,s2:14277adc06727b66b59f208c2f481b5fb62caf39,10.1145/3776687,,semanticscholar,CS004,S05,references,,2026-01-08,included,included
doi:10.1145/3776687->s2:d1cb1322fef3c2fd1d264ea7543f61e744625d3c,doi:10.1145/3776687,s2:d1cb1322fef3c2fd1d264ea7543f61e744625d3c,10.1145/3776687,,semanticscholar,CS004,S05,references,,2026-01-08,included,included
doi:10.1145/3776687->unknown:semanticscholar:cs004:references:0:33,doi:10.1145/3776687,unknown:semanticscholar:cs004:references:0:33,10.1145/3776687,,semanticscholar,CS004,S05,references,,2026-01-08,included,included
doi:10.1145/3776687->unknown:semanticscholar:cs004:references:0:34,doi:10.1145/3776687,unknown:semanticscholar:cs004:references:0:34,10.1145/3776687,,semanticscholar,CS004,S05,references,,2026-01-08,included,included
doi:10.1145/3776687->unknown:semanticscholar:cs004:references:0:36,doi:10.1145/3776687,unknown:semanticscholar:cs004:references:0:36,10.1145/3776687,,semanticscholar,CS004,S05,references,,2026-01-08,included,included
doi:10.1145/3776687->unknown:semanticscholar:cs004:references:0:37,doi:10.1145/3776687,unknown:semanticscholar:cs004:references:0:37,10.1145/3776687,,semanticscholar,CS004,S05,references,,2026-01-08,included,included
doi:10.1145/3776687->unknown:semanticscholar:cs004:references:0:40,doi:10.1145/3776687,unknown:semanticscholar:cs004:references:0:40,10.1145/3776687,,semanticscholar,CS004,S05,references,,2026-01-08,included,included
doi:10.1145/3776687->unknown:semanticscholar:cs004:references:0:41,doi:10.1145/3776687,unknown:semanticscholar:cs004:references:0:41,10.1145/3776687,,semanticscholar,CS004,S05,references,,2026-01-08,included,included
doi:10.1145/3776687->unknown:semanticscholar:cs004:references:0:42,doi:10.1145/3776687,unknown:semanticscholar:cs004:references:0:42,10.1145/3776687,,semanticscholar,CS004,S05,references,,2026-01-08,included,included
doi:10.1145/3776687->unknown:semanticscholar:cs004:references:0:43,doi:10.1145/3776687,unknown:semanticscholar:cs004:references:0:43,10.1145/3776687,,semanticscholar,CS004,S05,references,,2026-01-08,included,included
doi:10.1145/3776687->unknown:semanticscholar:cs004:references:0:44,doi:10.1145/3776687,unknown:semanticscholar:cs004:references:0:44,10.1145/3776687,,semanticscholar,CS004,S05,references,,2026-01-08,included,included
doi:10.1145/3776687->unknown:semanticscholar:cs004:references:0:45,doi:10.1145/3776687,unknown:semanticscholar:cs004:references:0:45,10.1145/3776687,,semanticscholar,CS004,S05,references,,2026-01-08,included,included
doi:10.1145/3776687->unknown:semanticscholar:cs004:references:0:46,doi:10.1145/3776687,unknown:semanticscholar:cs004:references:0:46,10.1145/3776687,,semanticscholar,CS004,S05,references,,2026-01-08,included,included
doi:10.1145/3776687->unknown:semanticscholar:cs004:references:0:47,doi:10.1145/3776687,unknown:semanticscholar:cs004:references:0:47,10.1145/3776687,,semanticscholar,CS004,S05,references,,2026-01-08,included,included
doi:10.1145/3776687->unknown:semanticscholar:cs004:references:0:48,doi:10.1145/3776687,unknown:semanticscholar:cs004:references:0:48,10.1145/3776687,,semanticscholar,CS004,S05,references,,2026-01-08,included,included
doi:10.1145/3776687->unknown:semanticscholar:cs004:references:0:49,doi:10.1145/3776687,unknown:semanticscholar:cs004:references:0:49,10.1145/3776687,,semanticscholar,CS004,S05,references,,2026-01-08,included,included
doi:10.1145/3776713->doi:10.1145/3704906,doi:10.1145/3776713,doi:10.1145/3704906,10.1145/3776713,10.1145/3704906,semanticscholar,CS022,S33,citations,,2026-01-08,included,included
doi:10.1145/3779031.3779095->doi:10.1145/3720525,doi:10.1145/3779031.3779095,doi:10.1145/3720525,10.1145/3779031.3779095,10.1145/3720525,semanticscholar,CS010,S14,citations,,2026-01-08,included,included
doi:10.1145/3783996->doi:10.1145/2837614.2837635,doi:10.1145/3783996,doi:10.1145/2837614.2837635,10.1145/3783996,10.1145/2837614.2837635,semanticscholar,CS014,S19,citations,,2025-12-18,included,included
doi:10.1145/3786762->doi:10.1145/3519939.3523451,doi:10.1145/3786762,doi:10.1145/3519939.3523451,10.1145/3786762,10.1145/3519939.3523451,semanticscholar,CS006,S07,citations,,2026-01-19,included,included
doi:10.1145/3786762->doi:10.1145/3622820,doi:10.1145/3786762,doi:10.1145/3622820,10.1145/3786762,10.1145/3622820,semanticscholar,CS026,S27,citations,,2026-01-19,included,included
doi:10.1145/3798240->arxiv:2312.15379,doi:10.1145/3798240,arxiv:2312.15379,10.1145/3798240,,semanticscholar,CS011,S15,references,,2026-04-10,included,included
doi:10.1145/3798240->doi:10.1007/11817949_16,doi:10.1145/3798240,doi:10.1007/11817949_16,10.1145/3798240,10.1007/11817949_16,semanticscholar,CS011,S15,references,,2026-04-10,included,included
doi:10.1145/3798240->doi:10.1007/978-3-319-71237-6_14,doi:10.1145/3798240,doi:10.1007/978-3-319-71237-6_14,10.1145/3798240,10.1007/978-3-319-71237-6_14,semanticscholar,CS011,S15,references,,2026-04-10,included,included
doi:10.1145/3798240->doi:10.1007/978-3-642-11957-6_22,doi:10.1145/3798240,doi:10.1007/978-3-642-11957-6_22,10.1145/3798240,10.1007/978-3-642-11957-6_22,semanticscholar,CS011,S15,references,,2026-04-10,included,included
doi:10.1145/3798240->doi:10.1007/978-3-642-20398-5_4,doi:10.1145/3798240,doi:10.1007/978-3-642-20398-5_4,10.1145/3798240,10.1007/978-3-642-20398-5_4,semanticscholar,CS011,S15,references,,2026-04-10,included,included
doi:10.1145/3798240->doi:10.1007/978-3-642-28891-3_2,doi:10.1145/3798240,doi:10.1007/978-3-642-28891-3_2,10.1145/3798240,10.1007/978-3-642-28891-3_2,semanticscholar,CS011,S15,references,,2026-04-10,included,included
doi:10.1145/3798240->doi:10.1007/978-3-642-54833-8_9,doi:10.1145/3798240,doi:10.1007/978-3-642-54833-8_9,10.1145/3798240,10.1007/978-3-642-54833-8_9,semanticscholar,CS011,S15,references,,2026-04-10,included,included
doi:10.1145/3798240->doi:10.1007/978-3-662-44202-9_9,doi:10.1145/3798240,doi:10.1007/978-3-662-44202-9_9,10.1145/3798240,10.1007/978-3-662-44202-9_9,semanticscholar,CS011,S15,references,,2026-04-10,included,included
doi:10.1145/3798240->doi:10.1007/978-3-662-54434-1_34,doi:10.1145/3798240,doi:10.1007/978-3-662-54434-1_34,10.1145/3798240,10.1007/978-3-662-54434-1_34,semanticscholar,CS011,S15,references,,2026-04-10,included,included
doi:10.1145/3798240->doi:10.1017/s0956796818000151,doi:10.1145/3798240,doi:10.1017/s0956796818000151,10.1145/3798240,10.1017/s0956796818000151,semanticscholar,CS011,S15,references,,2026-04-10,included,included
doi:10.1145/3798240->doi:10.1145/1706299.1706322,doi:10.1145/3798240,doi:10.1145/1706299.1706322,10.1145/3798240,10.1145/1706299.1706322,semanticscholar,CS011,S15,references,,2026-04-10,included,included
doi:10.1145/3798240->doi:10.1145/203095.201069,doi:10.1145/3798240,doi:10.1145/203095.201069,10.1145/3798240,10.1145/203095.201069,semanticscholar,CS011,S15,references,,2026-04-10,included,included
doi:10.1145/3798240->doi:10.1145/2737924.2737964,doi:10.1145/3798240,doi:10.1145/2737924.2737964,10.1145/3798240,10.1145/2737924.2737964,semanticscholar,CS011,S15,references,,2026-04-10,included,included
doi:10.1145/3798240->doi:10.1145/2775051.2676975,doi:10.1145/3798240,doi:10.1145/2775051.2676975,10.1145/3798240,10.1145/2775051.2676975,semanticscholar,CS011,S15,references,,2026-04-10,included,included
doi:10.1145/3798240->doi:10.1145/2775051.2676980,doi:10.1145/3798240,doi:10.1145/2775051.2676980,10.1145/3798240,10.1145/2775051.2676980,semanticscholar,CS011,S15,references,,2026-04-10,included,included
doi:10.1145/3798240->doi:10.1145/2837614.2837635,doi:10.1145/3798240,doi:10.1145/2837614.2837635,10.1145/3798240,10.1145/2837614.2837635,semanticscholar,CS011;CS014,S15;S19,citations;references,,2026-04-10,included,included
doi:10.1145/3798240->doi:10.1145/3192366.3192381,doi:10.1145/3798240,doi:10.1145/3192366.3192381,10.1145/3798240,10.1145/3192366.3192381,semanticscholar,CS011,S15,references,,2026-04-10,included,included
doi:10.1145/3798240->doi:10.1145/3210258,doi:10.1145/3798240,doi:10.1145/3210258,10.1145/3798240,10.1145/3210258,semanticscholar,CS011,S15,references,,2026-04-10,included,included
doi:10.1145/3798240->doi:10.1145/3453483.3454031,doi:10.1145/3798240,doi:10.1145/3453483.3454031,10.1145/3798240,10.1145/3453483.3454031,semanticscholar,CS011,S15,references,,2026-04-10,included,included
doi:10.1145/3798240->doi:10.1145/3477082,doi:10.1145/3798240,doi:10.1145/3477082,10.1145/3798240,10.1145/3477082,semanticscholar,CS011,S15,references,,2026-04-10,included,included
doi:10.1145/3798240->doi:10.1145/3498689,doi:10.1145/3798240,doi:10.1145/3498689,10.1145/3798240,10.1145/3498689,semanticscholar,CS011,S15,references,,2026-04-10,included,included
doi:10.1145/3798240->doi:10.1145/3591253,doi:10.1145/3798240,doi:10.1145/3591253,10.1145/3798240,10.1145/3591253,semanticscholar,CS002;CS011,S02;S15,citations;references,,2026-04-10,included,included
doi:10.1145/3798240->doi:10.1145/3591279,doi:10.1145/3798240,doi:10.1145/3591279,10.1145/3798240,10.1145/3591279,semanticscholar,CS011,S15,references,,2026-04-10,included,included
doi:10.1145/3798240->doi:10.1145/359138.359142,doi:10.1145/3798240,doi:10.1145/359138.359142,10.1145/3798240,10.1145/359138.359142,semanticscholar,CS011,S15,references,,2026-04-10,included,included
doi:10.1145/3798240->doi:10.1145/360051.360224,doi:10.1145/3798240,doi:10.1145/360051.360224,10.1145/3798240,10.1145/360051.360224,semanticscholar,CS011,S15,references,,2026-04-10,included,included
doi:10.1145/3798240->doi:10.1145/3632851,doi:10.1145/3798240,doi:10.1145/3632851,10.1145/3798240,10.1145/3632851,semanticscholar,CS011,S15,references,,2026-04-10,included,included
doi:10.1145/3798240->doi:10.1145/3720525,doi:10.1145/3798240,doi:10.1145/3720525,10.1145/3798240,10.1145/3720525,semanticscholar,CS010;CS011,S14;S15,citations;references,,2026-04-10,included,included
doi:10.1145/3798240->doi:10.1145/3729250,doi:10.1145/3798240,doi:10.1145/3729250,10.1145/3798240,10.1145/3729250,semanticscholar,CS011,S15,references,,2026-04-10,included,included
doi:10.1145/3798240->doi:10.1145/504709.504712,doi:10.1145/3798240,doi:10.1145/504709.504712,10.1145/3798240,10.1145/504709.504712,semanticscholar,CS011,S15,references,,2026-04-10,included,included
doi:10.1145/3798240->doi:10.1145/78969.78972,doi:10.1145/3798240,doi:10.1145/78969.78972,10.1145/3798240,10.1145/78969.78972,semanticscholar,CS011,S15,references,,2026-04-10,included,included
doi:10.1145/3798240->doi:10.1515/ebr.lawyer,doi:10.1145/3798240,doi:10.1515/ebr.lawyer,10.1145/3798240,10.1515/ebr.lawyer,semanticscholar,CS011,S15,references,,2026-04-10,included,included
doi:10.1145/3798240->doi:10.4230/lipics.ecoop.2015.639,doi:10.1145/3798240,doi:10.4230/lipics.ecoop.2015.639,10.1145/3798240,10.4230/lipics.ecoop.2015.639,semanticscholar,CS011,S15,references,,2026-04-10,included,included
doi:10.1145/3798240->s2:514dc31dcf0bfee7e737f14338af6b2938abaedf,doi:10.1145/3798240,s2:514dc31dcf0bfee7e737f14338af6b2938abaedf,10.1145/3798240,,semanticscholar,CS011,S15,references,,2026-04-10,included,included
doi:10.1145/3798240->s2:931f9f1b07322530d191b21d4935a4c99300d48d,doi:10.1145/3798240,s2:931f9f1b07322530d191b21d4935a4c99300d48d,10.1145/3798240,,semanticscholar,CS011,S15,references,,2026-04-10,included,included
doi:10.1145/3798240->s2:ea7fc6f5b0d77f207285cda139fff36de4d06ab5,doi:10.1145/3798240,s2:ea7fc6f5b0d77f207285cda139fff36de4d06ab5,10.1145/3798240,,semanticscholar,CS011,S15,references,,2026-04-10,included,included
doi:10.1145/3798240->unknown:semanticscholar:cs011:references:0:35,doi:10.1145/3798240,unknown:semanticscholar:cs011:references:0:35,10.1145/3798240,,semanticscholar,CS011,S15,references,,2026-04-10,included,included
doi:10.1145/3798240->unknown:semanticscholar:cs011:references:0:36,doi:10.1145/3798240,unknown:semanticscholar:cs011:references:0:36,10.1145/3798240,,semanticscholar,CS011,S15,references,,2026-04-10,included,included
doi:10.1145/3798240->unknown:semanticscholar:cs011:references:0:37,doi:10.1145/3798240,unknown:semanticscholar:cs011:references:0:37,10.1145/3798240,,semanticscholar,CS011,S15,references,,2026-04-10,included,included
doi:10.1145/3798240->unknown:semanticscholar:cs011:references:0:38,doi:10.1145/3798240,unknown:semanticscholar:cs011:references:0:38,10.1145/3798240,,semanticscholar,CS011,S15,references,,2026-04-10,included,included
doi:10.1145/3808297->doi:10.1145/3776687,doi:10.1145/3808297,doi:10.1145/3776687,10.1145/3808297,10.1145/3776687,semanticscholar,CS004,S05,citations,,2026-06-08,included,included
doi:10.1145/3808315->doi:10.1145/3704906,doi:10.1145/3808315,doi:10.1145/3704906,10.1145/3808315,10.1145/3704906,semanticscholar,CS022,S33,citations,,2025-06-08,included,included
doi:10.1145/3808337->doi:10.1109/lics.2013.18,doi:10.1145/3808337,doi:10.1109/lics.2013.18,10.1145/3808337,10.1109/lics.2013.18,semanticscholar,CS016,A27,citations,,2026-06-08,included,included
doi:10.1145/3828679->doi:10.1109/lics.2013.18,doi:10.1145/3828679,doi:10.1109/lics.2013.18,10.1145/3828679,10.1109/lics.2013.18,semanticscholar,CS016,A27,citations,,2026-07-13,included,included
doi:10.1145/3828679->doi:10.1145/2676724.2693179,doi:10.1145/3828679,doi:10.1145/2676724.2693179,10.1145/3828679,10.1145/2676724.2693179,semanticscholar,CS017,A28,citations,,2026-07-13,included,included
doi:10.1145/3828679->doi:10.1145/3716312,doi:10.1145/3828679,doi:10.1145/3716312,10.1145/3828679,10.1145/3716312,semanticscholar,CS019,S29,citations,,2026-07-13,included,included
doi:10.11591/ijeecs.v17.i2.pp1109-1116->doi:10.1145/2837614.2837635,doi:10.11591/ijeecs.v17.i2.pp1109-1116,doi:10.1145/2837614.2837635,10.11591/ijeecs.v17.i2.pp1109-1116,10.1145/2837614.2837635,semanticscholar,CS014,S19,citations,,2020-02-01,included,included
doi:10.14279/tuj.eceasst.53.795->doi:10.1007/978-3-540-68863-1_6,doi:10.14279/tuj.eceasst.53.795,doi:10.1007/978-3-540-68863-1_6,10.14279/tuj.eceasst.53.795,10.1007/978-3-540-68863-1_6,semanticscholar,CS027,S38,citations,,2013-01-28,included,included
doi:10.14279/tuj.eceasst.53.795->doi:10.1007/978-3-642-23283-1_16,doi:10.14279/tuj.eceasst.53.795,doi:10.1007/978-3-642-23283-1_16,10.14279/tuj.eceasst.53.795,10.1007/978-3-642-23283-1_16,semanticscholar,CS018,S28,citations,,2013-01-28,included,included
doi:10.17863/cam.11791->doi:10.1145/1480881.1480886,doi:10.17863/cam.11791,doi:10.1145/1480881.1480886,10.17863/cam.11791,10.1145/1480881.1480886,semanticscholar,CS009,S10,citations,,2013-07-09,included,included
doi:10.18154/rwth-2017-08297->doi:10.1007/978-3-642-23283-1_16,doi:10.18154/rwth-2017-08297,doi:10.1007/978-3-642-23283-1_16,10.18154/rwth-2017-08297,10.1007/978-3-642-23283-1_16,semanticscholar,CS018,S28,citations,,2017,included,included
doi:10.18255/1818-1015-2026-2-122-149->doi:10.1145/3591253,doi:10.18255/1818-1015-2026-2-122-149,doi:10.1145/3591253,10.18255/1818-1015-2026-2-122-149,10.1145/3591253,semanticscholar,CS002,S02,citations,,2026-06-18,included,included
doi:10.20868/upm.thesis.37874->doi:10.1145/1480881.1480886,doi:10.20868/upm.thesis.37874,doi:10.1145/1480881.1480886,10.20868/upm.thesis.37874,10.1145/1480881.1480886,semanticscholar,CS009,S10,citations,,2015-09-25,included,included
doi:10.23919/fmcad.2018.8603020->doi:10.1145/1480881.1480886,doi:10.23919/fmcad.2018.8603020,doi:10.1145/1480881.1480886,10.23919/fmcad.2018.8603020,10.1145/1480881.1480886,semanticscholar,CS009,S10,citations,,2018-10-01,included,included
doi:10.23919/fmcad.2018.8603020->doi:10.1145/1542476.1542493,doi:10.23919/fmcad.2018.8603020,doi:10.1145/1542476.1542493,10.23919/fmcad.2018.8603020,10.1145/1542476.1542493,semanticscholar,CS029,S42,citations,,2018-10-01,included,included
doi:10.23919/fmcad.2018.8603020->doi:10.1145/2676724.2693179,doi:10.23919/fmcad.2018.8603020,doi:10.1145/2676724.2693179,10.23919/fmcad.2018.8603020,10.1145/2676724.2693179,semanticscholar,CS017,A28,citations,,2018-10-01,included,included
doi:10.25560/47923->doi:10.1007/978-3-662-49498-1_8,doi:10.25560/47923,doi:10.1007/978-3-662-49498-1_8,10.25560/47923,10.1007/978-3-662-49498-1_8,semanticscholar,CS013,S17,citations,,2016,included,included
doi:10.25560/47923->doi:10.1109/lics.2013.18,doi:10.25560/47923,doi:10.1109/lics.2013.18,10.25560/47923,10.1109/lics.2013.18,semanticscholar,CS016,A27,citations,,2016,included,included
doi:10.25560/47923->doi:10.1145/1480881.1480886,doi:10.25560/47923,doi:10.1145/1480881.1480886,10.25560/47923,10.1145/1480881.1480886,semanticscholar,CS009,S10,citations,,2016,included,included
doi:10.25560/47923->doi:10.1145/2676724.2693179,doi:10.25560/47923,doi:10.1145/2676724.2693179,10.25560/47923,10.1145/2676724.2693179,semanticscholar,CS017,A28,citations,,2016,included,included
doi:10.25560/47923->doi:10.1145/2837614.2837635,doi:10.25560/47923,doi:10.1145/2837614.2837635,10.25560/47923,10.1145/2837614.2837635,semanticscholar,CS014,S19,citations,,2016,included,included
doi:10.26686/wgtn.17004076->doi:10.1002/malq.19630090502,doi:10.26686/wgtn.17004076,doi:10.1002/malq.19630090502,10.26686/wgtn.17004076,10.1002/malq.19630090502,semanticscholar,CS030,S44,references,,2013,included,included
doi:10.26686/wgtn.17004076->doi:10.1006/inco.1995.1134,doi:10.26686/wgtn.17004076,doi:10.1006/inco.1995.1134,10.26686/wgtn.17004076,10.1006/inco.1995.1134,semanticscholar,CS030,S44,references,,2013,included,included
doi:10.26686/wgtn.17004076->doi:10.1007/1-4020-3532-2_8,doi:10.26686/wgtn.17004076,doi:10.1007/1-4020-3532-2_8,10.26686/wgtn.17004076,10.1007/1-4020-3532-2_8,semanticscholar,CS030,S44,references,,2013,included,included
doi:10.26686/wgtn.17004076->doi:10.1007/10722468_2,doi:10.26686/wgtn.17004076,doi:10.1007/10722468_2,10.26686/wgtn.17004076,10.1007/10722468_2,semanticscholar,CS030,S44,references,,2013,included,included
doi:10.26686/wgtn.17004076->doi:10.1007/11513988_50,doi:10.26686/wgtn.17004076,doi:10.1007/11513988_50,10.26686/wgtn.17004076,10.1007/11513988_50,semanticscholar,CS030,S44,references,,2013,included,included
doi:10.26686/wgtn.17004076->doi:10.1007/11526841_32,doi:10.26686/wgtn.17004076,doi:10.1007/11526841_32,10.26686/wgtn.17004076,10.1007/11526841_32,semanticscholar,CS030,S44,references,,2013,included,included
doi:10.26686/wgtn.17004076->doi:10.1007/11784180_29,doi:10.26686/wgtn.17004076,doi:10.1007/11784180_29,10.26686/wgtn.17004076,10.1007/11784180_29,semanticscholar,CS030,S44,references,,2013,included,included
doi:10.26686/wgtn.17004076->doi:10.1007/11817963_45,doi:10.26686/wgtn.17004076,doi:10.1007/11817963_45,10.26686/wgtn.17004076,10.1007/11817963_45,semanticscholar,CS030,S44,references,,2013,included,included
doi:10.26686/wgtn.17004076->doi:10.1007/11864219_11,doi:10.26686/wgtn.17004076,doi:10.1007/11864219_11,10.26686/wgtn.17004076,10.1007/11864219_11,semanticscholar,CS030,S44,references,,2013,included,included
doi:10.26686/wgtn.17004076->doi:10.1007/11901433_16,doi:10.26686/wgtn.17004076,doi:10.1007/11901433_16,10.26686/wgtn.17004076,10.1007/11901433_16,semanticscholar,CS030,S44,references,,2013,included,included
doi:10.26686/wgtn.17004076->doi:10.1007/3-540-10003-2_69,doi:10.26686/wgtn.17004076,doi:10.1007/3-540-10003-2_69,10.26686/wgtn.17004076,10.1007/3-540-10003-2_69,semanticscholar,CS030,S44,references,,2013,included,included
doi:10.26686/wgtn.17004076->doi:10.1007/3-540-11494-7_22,doi:10.26686/wgtn.17004076,doi:10.1007/3-540-11494-7_22,10.26686/wgtn.17004076,10.1007/3-540-11494-7_22,semanticscholar,CS030,S44,references,,2013,included,included
doi:10.26686/wgtn.17004076->doi:10.1007/3-540-16442-1_14,doi:10.26686/wgtn.17004076,doi:10.1007/3-540-16442-1_14,10.26686/wgtn.17004076,10.1007/3-540-16442-1_14,semanticscholar,CS030,S44,references,,2013,included,included
doi:10.26686/wgtn.17004076->doi:10.1007/3-540-36108-1_18,doi:10.26686/wgtn.17004076,doi:10.1007/3-540-36108-1_18,10.26686/wgtn.17004076,10.1007/3-540-36108-1_18,semanticscholar,CS030,S44,references,,2013,included,included
doi:10.26686/wgtn.17004076->doi:10.1007/3-540-36108-1_23,doi:10.26686/wgtn.17004076,doi:10.1007/3-540-36108-1_23,10.26686/wgtn.17004076,10.1007/3-540-36108-1_23,semanticscholar,CS030,S44,references,,2013,included,included
doi:10.26686/wgtn.17004076->doi:10.1007/3-540-36135-9_20,doi:10.26686/wgtn.17004076,doi:10.1007/3-540-36135-9_20,10.26686/wgtn.17004076,10.1007/3-540-36135-9_20,semanticscholar,CS030,S44,references,,2013,included,included
doi:10.26686/wgtn.17004076->doi:10.1007/3-540-40026-5_4,doi:10.26686/wgtn.17004076,doi:10.1007/3-540-40026-5_4,10.26686/wgtn.17004076,10.1007/3-540-40026-5_4,semanticscholar,CS030,S44,references,,2013,included,included
doi:10.26686/wgtn.17004076->doi:10.1007/3-540-44585-4_6,doi:10.26686/wgtn.17004076,doi:10.1007/3-540-44585-4_6,10.26686/wgtn.17004076,10.1007/3-540-44585-4_6,semanticscholar,CS030,S44,references,,2013,included,included
doi:10.26686/wgtn.17004076->doi:10.1007/3-540-44829-2_6,doi:10.26686/wgtn.17004076,doi:10.1007/3-540-44829-2_6,10.26686/wgtn.17004076,10.1007/3-540-44829-2_6,semanticscholar,CS030,S44,references,,2013,included,included
doi:10.26686/wgtn.17004076->doi:10.1007/3-540-45319-9_1,doi:10.26686/wgtn.17004076,doi:10.1007/3-540-45319-9_1,10.26686/wgtn.17004076,10.1007/3-540-45319-9_1,semanticscholar,CS030,S44,references,,2013,included,included
doi:10.26686/wgtn.17004076->doi:10.1007/3-540-45414-4_21,doi:10.26686/wgtn.17004076,doi:10.1007/3-540-45414-4_21,10.26686/wgtn.17004076,10.1007/3-540-45414-4_21,semanticscholar,CS030,S44,references,,2013,included,included
doi:10.26686/wgtn.17004076->doi:10.1007/3-540-45620-1_35,doi:10.26686/wgtn.17004076,doi:10.1007/3-540-45620-1_35,10.26686/wgtn.17004076,10.1007/3-540-45620-1_35,semanticscholar,CS030,S44,references,,2013,included,included
doi:10.26686/wgtn.17004076->doi:10.1007/3-540-45841-7_51,doi:10.26686/wgtn.17004076,doi:10.1007/3-540-45841-7_51,10.26686/wgtn.17004076,10.1007/3-540-45841-7_51,semanticscholar,CS030,S44,references,,2013,included,included
doi:10.26686/wgtn.17004076->doi:10.1007/3-540-46017-9_5,doi:10.26686/wgtn.17004076,doi:10.1007/3-540-46017-9_5,10.26686/wgtn.17004076,10.1007/3-540-46017-9_5,semanticscholar,CS030,S44,references,,2013,included,included
doi:10.26686/wgtn.17004076->doi:10.1007/3-540-48234-2_20,doi:10.26686/wgtn.17004076,doi:10.1007/3-540-48234-2_20,10.26686/wgtn.17004076,10.1007/3-540-48234-2_20,semanticscholar,CS030,S44,references,,2013,included,included
doi:10.26686/wgtn.17004076->doi:10.1007/3-540-48257-1_24,doi:10.26686/wgtn.17004076,doi:10.1007/3-540-48257-1_24,10.26686/wgtn.17004076,10.1007/3-540-48257-1_24,semanticscholar,CS030,S44,references,,2013,included,included
doi:10.26686/wgtn.17004076->doi:10.1007/3-540-49059-0_14,doi:10.26686/wgtn.17004076,doi:10.1007/3-540-49059-0_14,10.26686/wgtn.17004076,10.1007/3-540-49059-0_14,semanticscholar,CS030,S44,references,,2013,included,included
doi:10.26686/wgtn.17004076->doi:10.1007/3-540-53479-2_17,doi:10.26686/wgtn.17004076,doi:10.1007/3-540-53479-2_17,10.26686/wgtn.17004076,10.1007/3-540-53479-2_17,semanticscholar,CS030,S44,references,,2013,included,included
doi:10.26686/wgtn.17004076->doi:10.1007/3-540-56188-9,doi:10.26686/wgtn.17004076,doi:10.1007/3-540-56188-9,10.26686/wgtn.17004076,10.1007/3-540-56188-9,semanticscholar,CS030,S44,references,,2013,included,included
doi:10.26686/wgtn.17004076->doi:10.1007/3-540-57659-2_3,doi:10.26686/wgtn.17004076,doi:10.1007/3-540-57659-2_3,10.26686/wgtn.17004076,10.1007/3-540-57659-2_3,semanticscholar,CS030,S44,references,,2013,included,included
doi:10.26686/wgtn.17004076->doi:10.1007/3-540-60761-7,doi:10.26686/wgtn.17004076,doi:10.1007/3-540-60761-7,10.26686/wgtn.17004076,10.1007/3-540-60761-7,semanticscholar,CS030,S44,references,,2013,included,included
doi:10.26686/wgtn.17004076->doi:10.1007/3-540-63166-6_10,doi:10.26686/wgtn.17004076,doi:10.1007/3-540-63166-6_10,10.26686/wgtn.17004076,10.1007/3-540-63166-6_10,semanticscholar,CS030,S44,references,,2013,included,included
doi:10.26686/wgtn.17004076->doi:10.1007/978-0-387-34878-0_13,doi:10.26686/wgtn.17004076,doi:10.1007/978-0-387-34878-0_13,10.26686/wgtn.17004076,10.1007/978-0-387-34878-0_13,semanticscholar,CS030,S44,references,,2013,included,included
doi:10.26686/wgtn.17004076->doi:10.1007/978-0-387-34892-6_1,doi:10.26686/wgtn.17004076,doi:10.1007/978-0-387-34892-6_1,10.26686/wgtn.17004076,10.1007/978-0-387-34892-6_1,semanticscholar,CS030,S44,references,,2013,included,included
doi:10.26686/wgtn.17004076->doi:10.1007/978-1-4020-8157-6_28,doi:10.26686/wgtn.17004076,doi:10.1007/978-1-4020-8157-6_28,10.26686/wgtn.17004076,10.1007/978-1-4020-8157-6_28,semanticscholar,CS030,S44,references,,2013,included,included
doi:10.26686/wgtn.17004076->doi:10.1007/978-1-4020-8354-9,doi:10.26686/wgtn.17004076,doi:10.1007/978-1-4020-8354-9,10.26686/wgtn.17004076,10.1007/978-1-4020-8354-9,semanticscholar,CS030,S44,references,,2013,included,included
doi:10.26686/wgtn.17004076->doi:10.1007/978-1-4612-0931-7,doi:10.26686/wgtn.17004076,doi:10.1007/978-1-4612-0931-7,10.26686/wgtn.17004076,10.1007/978-1-4612-0931-7,semanticscholar,CS030,S44,references,,2013,included,included
doi:10.26686/wgtn.17004076->doi:10.1007/978-1-4613-8928-6_23,doi:10.26686/wgtn.17004076,doi:10.1007/978-1-4613-8928-6_23,10.26686/wgtn.17004076,10.1007/978-1-4613-8928-6_23,semanticscholar,CS030,S44,references,,2013,included,included
doi:10.26686/wgtn.17004076->doi:10.1007/978-1-4615-3190-6,doi:10.26686/wgtn.17004076,doi:10.1007/978-1-4615-3190-6,10.26686/wgtn.17004076,10.1007/978-1-4615-3190-6,semanticscholar,CS030,S44,references,,2013,included,included
doi:10.26686/wgtn.17004076->doi:10.1007/978-1-4757-3472-0_2,doi:10.26686/wgtn.17004076,doi:10.1007/978-1-4757-3472-0_2,10.26686/wgtn.17004076,10.1007/978-1-4757-3472-0_2,semanticscholar,CS030,S44,references,,2013,included,included
doi:10.26686/wgtn.17004076->doi:10.1007/978-3-540-24622-0_21,doi:10.26686/wgtn.17004076,doi:10.1007/978-3-540-24622-0_21,10.26686/wgtn.17004076,10.1007/978-3-540-24622-0_21,semanticscholar,CS030,S44,references,,2013,included,included
doi:10.26686/wgtn.17004076->doi:10.1007/978-3-540-24730-2_39,doi:10.26686/wgtn.17004076,doi:10.1007/978-3-540-24730-2_39,10.26686/wgtn.17004076,10.1007/978-3-540-24730-2_39,semanticscholar,CS030,S44,references,,2013,included,included
doi:10.26686/wgtn.17004076->doi:10.1007/978-3-540-27813-9_2,doi:10.26686/wgtn.17004076,doi:10.1007/978-3-540-27813-9_2,10.26686/wgtn.17004076,10.1007/978-3-540-27813-9_2,semanticscholar,CS030,S44,references,,2013,included,included
doi:10.26686/wgtn.17004076->doi:10.1007/978-3-540-27813-9_4,doi:10.26686/wgtn.17004076,doi:10.1007/978-3-540-27813-9_4,10.26686/wgtn.17004076,10.1007/978-3-540-27813-9_4,semanticscholar,CS030,S44,references,,2013,included,included
doi:10.26686/wgtn.17004076->doi:10.1007/978-3-540-27864-1_20,doi:10.26686/wgtn.17004076,doi:10.1007/978-3-540-27864-1_20,10.26686/wgtn.17004076,10.1007/978-3-540-27864-1_20,semanticscholar,CS030,S44,references,,2013,included,included
doi:10.26686/wgtn.17004076->doi:10.1007/978-3-540-30232-2_7,doi:10.26686/wgtn.17004076,doi:10.1007/978-3-540-30232-2_7,10.26686/wgtn.17004076,10.1007/978-3-540-30232-2_7,semanticscholar,CS030,S44,references,,2013,included,included
doi:10.26686/wgtn.17004076->doi:10.1007/978-3-540-39724-3_20,doi:10.26686/wgtn.17004076,doi:10.1007/978-3-540-39724-3_20,10.26686/wgtn.17004076,10.1007/978-3-540-39724-3_20,semanticscholar,CS030,S44,references,,2013,included,included
doi:10.26686/wgtn.17004076->doi:10.1007/978-3-540-45099-3_15,doi:10.26686/wgtn.17004076,doi:10.1007/978-3-540-45099-3_15,10.26686/wgtn.17004076,10.1007/978-3-540-45099-3_15,semanticscholar,CS030,S44,references,,2013,included,included
doi:10.26686/wgtn.17004076->doi:10.1007/978-3-540-69166-2_24,doi:10.26686/wgtn.17004076,doi:10.1007/978-3-540-69166-2_24,10.26686/wgtn.17004076,10.1007/978-3-540-69166-2_24,semanticscholar,CS030,S44,references,,2013,included,included
doi:10.26686/wgtn.17004076->doi:10.1007/978-3-540-69850-0_12,doi:10.26686/wgtn.17004076,doi:10.1007/978-3-540-69850-0_12,10.26686/wgtn.17004076,10.1007/978-3-540-69850-0_12,semanticscholar,CS030,S44,references,,2013,included,included
doi:10.26686/wgtn.17004076->doi:10.1007/978-3-540-70545-1_37,doi:10.26686/wgtn.17004076,doi:10.1007/978-3-540-70545-1_37,10.26686/wgtn.17004076,10.1007/978-3-540-70545-1_37,semanticscholar,CS030,S44,references,,2013,included,included
doi:10.26686/wgtn.17004076->doi:10.1007/978-3-540-73210-5_11,doi:10.26686/wgtn.17004076,doi:10.1007/978-3-540-73210-5_11,10.26686/wgtn.17004076,10.1007/978-3-540-73210-5_11,semanticscholar,CS030,S44,references,,2013,included,included
doi:10.26686/wgtn.17004076->doi:10.1007/978-3-540-73368-3_25,doi:10.26686/wgtn.17004076,doi:10.1007/978-3-540-73368-3_25,10.26686/wgtn.17004076,10.1007/978-3-540-73368-3_25,semanticscholar,CS030,S44,references,,2013,included,included
doi:10.26686/wgtn.17004076->doi:10.1007/978-3-540-73368-3_49,doi:10.26686/wgtn.17004076,doi:10.1007/978-3-540-73368-3_49,10.26686/wgtn.17004076,10.1007/978-3-540-73368-3_49,semanticscholar,CS030,S44,references,,2013,included,included
doi:10.26686/wgtn.17004076->doi:10.1007/978-3-540-73368-3_5,doi:10.26686/wgtn.17004076,doi:10.1007/978-3-540-73368-3_5,10.26686/wgtn.17004076,10.1007/978-3-540-73368-3_5,semanticscholar,CS030,S44,references,,2013,included,included
doi:10.26686/wgtn.17004076->doi:10.1007/978-3-540-75292-9_9,doi:10.26686/wgtn.17004076,doi:10.1007/978-3-540-75292-9_9,10.26686/wgtn.17004076,10.1007/978-3-540-75292-9_9,semanticscholar,CS024;CS030,A29;S44,citations;references,,2013,included,included
doi:10.26686/wgtn.17004076->doi:10.1007/978-3-540-75596-8_4,doi:10.26686/wgtn.17004076,doi:10.1007/978-3-540-75596-8_4,10.26686/wgtn.17004076,10.1007/978-3-540-75596-8_4,semanticscholar,CS030,S44,references,,2013,included,included
doi:10.26686/wgtn.17004076->doi:10.1007/978-3-540-78127-1_36,doi:10.26686/wgtn.17004076,doi:10.1007/978-3-540-78127-1_36,10.26686/wgtn.17004076,10.1007/978-3-540-78127-1_36,semanticscholar,CS030,S44,references,,2013,included,included
doi:10.26686/wgtn.17004076->doi:10.1007/978-3-540-85114-1_11,doi:10.26686/wgtn.17004076,doi:10.1007/978-3-540-85114-1_11,10.26686/wgtn.17004076,10.1007/978-3-540-85114-1_11,semanticscholar,CS030,S44,references,,2013,included,included
doi:10.26686/wgtn.17004076->doi:10.1007/978-3-540-93900-9_27,doi:10.26686/wgtn.17004076,doi:10.1007/978-3-540-93900-9_27,10.26686/wgtn.17004076,10.1007/978-3-540-93900-9_27,semanticscholar,CS030,S44,references,,2013,included,included
doi:10.26686/wgtn.17004076->doi:10.1007/978-3-642-02652-2_21,doi:10.26686/wgtn.17004076,doi:10.1007/978-3-642-02652-2_21,10.26686/wgtn.17004076,10.1007/978-3-642-02652-2_21,semanticscholar,CS030,S44,references,,2013,included,included
doi:10.26686/wgtn.17004076->doi:10.1007/978-3-642-02658-4_59,doi:10.26686/wgtn.17004076,doi:10.1007/978-3-642-02658-4_59,10.26686/wgtn.17004076,10.1007/978-3-642-02658-4_59,semanticscholar,CS030,S44,references,,2013,included,included
doi:10.26686/wgtn.17004076->doi:10.1007/978-3-642-04355-0_28,doi:10.26686/wgtn.17004076,doi:10.1007/978-3-642-04355-0_28,10.26686/wgtn.17004076,10.1007/978-3-642-04355-0_28,semanticscholar,CS030,S44,references,,2013,included,included
doi:10.26686/wgtn.17004076->doi:10.1007/978-3-642-05089-3_21,doi:10.26686/wgtn.17004076,doi:10.1007/978-3-642-05089-3_21,10.26686/wgtn.17004076,10.1007/978-3-642-05089-3_21,semanticscholar,CS030,S44,references,,2013,included,included
doi:10.26686/wgtn.17004076->doi:10.1007/978-3-642-21437-0_25,doi:10.26686/wgtn.17004076,doi:10.1007/978-3-642-21437-0_25,10.26686/wgtn.17004076,10.1007/978-3-642-21437-0_25,semanticscholar,CS030,S44,references,,2013,included,included
doi:10.26686/wgtn.17004076->doi:10.1007/978-3-642-71549-5,doi:10.26686/wgtn.17004076,doi:10.1007/978-3-642-71549-5,10.26686/wgtn.17004076,10.1007/978-3-642-71549-5,semanticscholar,CS030,S44,references,,2013,included,included
doi:10.26686/wgtn.17004076->doi:10.1007/978-94-010-0413-8_9,doi:10.26686/wgtn.17004076,doi:10.1007/978-94-010-0413-8_9,10.26686/wgtn.17004076,10.1007/978-94-010-0413-8_9,semanticscholar,CS030,S44,references,,2013,included,included
doi:10.26686/wgtn.17004076->doi:10.1007/bf00121262,doi:10.26686/wgtn.17004076,doi:10.1007/bf00121262,10.26686/wgtn.17004076,10.1007/bf00121262,semanticscholar,CS030,S44,references,,2013,included,included
doi:10.26686/wgtn.17004076->doi:10.1007/bf00625968,doi:10.26686/wgtn.17004076,doi:10.1007/bf00625968,10.26686/wgtn.17004076,10.1007/bf00625968,semanticscholar,CS030,S44,references,,2013,included,included
doi:10.26686/wgtn.17004076->doi:10.1007/bf00625969,doi:10.26686/wgtn.17004076,doi:10.1007/bf00625969,10.26686/wgtn.17004076,10.1007/bf00625969,semanticscholar,CS030,S44,references,,2013,included,included
doi:10.26686/wgtn.17004076->doi:10.1007/bf00625970,doi:10.26686/wgtn.17004076,doi:10.1007/bf00625970,10.26686/wgtn.17004076,10.1007/bf00625970,semanticscholar,CS030,S44,references,,2013,included,included
doi:10.26686/wgtn.17004076->doi:10.1007/bf01257083,doi:10.26686/wgtn.17004076,doi:10.1007/bf01257083,10.26686/wgtn.17004076,10.1007/bf01257083,semanticscholar,CS030,S44,references,,2013,included,included
doi:10.26686/wgtn.17004076->doi:10.1007/bf01384313,doi:10.26686/wgtn.17004076,doi:10.1007/bf01384313,10.26686/wgtn.17004076,10.1007/bf01384313,semanticscholar,CS030,S44,references,,2013,included,included
doi:10.26686/wgtn.17004076->doi:10.1007/bfb0013029,doi:10.26686/wgtn.17004076,doi:10.1007/bfb0013029,10.26686/wgtn.17004076,10.1007/bfb0013029,semanticscholar,CS030,S44,references,,2013,included,included
doi:10.26686/wgtn.17004076->doi:10.1007/bfb0015727,doi:10.26686/wgtn.17004076,doi:10.1007/bfb0015727,10.26686/wgtn.17004076,10.1007/bfb0015727,semanticscholar,CS030,S44,references,,2013,included,included
doi:10.26686/wgtn.17004076->doi:10.1007/bfb0055612,doi:10.26686/wgtn.17004076,doi:10.1007/bfb0055612,10.26686/wgtn.17004076,10.1007/bfb0055612,semanticscholar,CS030,S44,references,,2013,included,included
doi:10.26686/wgtn.17004076->doi:10.1007/s00165-006-0002-7,doi:10.26686/wgtn.17004076,doi:10.1007/s00165-006-0002-7,10.26686/wgtn.17004076,10.1007/s00165-006-0002-7,semanticscholar,CS030,S44,references,,2013,included,included
doi:10.26686/wgtn.17004076->doi:10.1007/s00236-007-0044-1,doi:10.26686/wgtn.17004076,doi:10.1007/s00236-007-0044-1,10.26686/wgtn.17004076,10.1007/s00236-007-0044-1,semanticscholar,CS030,S44,references,,2013,included,included
doi:10.26686/wgtn.17004076->doi:10.1007/s00446-004-0115-2,doi:10.26686/wgtn.17004076,doi:10.1007/s00446-004-0115-2,10.26686/wgtn.17004076,10.1007/s00446-004-0115-2,semanticscholar,CS030,S44,references,,2013,included,included
doi:10.26686/wgtn.17004076->doi:10.1007/s00446-007-0050-0,doi:10.26686/wgtn.17004076,doi:10.1007/s00446-007-0050-0,10.26686/wgtn.17004076,10.1007/s00446-007-0050-0,semanticscholar,CS030,S44,references,,2013,included,included
doi:10.26686/wgtn.17004076->doi:10.1007/s10009-004-0154-9,doi:10.26686/wgtn.17004076,doi:10.1007/s10009-004-0154-9,10.26686/wgtn.17004076,10.1007/s10009-004-0154-9,semanticscholar,CS030,S44,references,,2013,included,included
doi:10.26686/wgtn.17004076->doi:10.1007/s10009-010-0135-0,doi:10.26686/wgtn.17004076,doi:10.1007/s10009-010-0135-0,10.26686/wgtn.17004076,10.1007/s10009-010-0135-0,semanticscholar,CS030,S44,references,,2013,included,included
doi:10.26686/wgtn.17004076->doi:10.1007/s100090050041,doi:10.26686/wgtn.17004076,doi:10.1007/s100090050041,10.26686/wgtn.17004076,10.1007/s100090050041,semanticscholar,CS030,S44,references,,2013,included,included
doi:10.26686/wgtn.17004076->doi:10.1007/s100090200074,doi:10.26686/wgtn.17004076,doi:10.1007/s100090200074,10.26686/wgtn.17004076,10.1007/s100090200074,semanticscholar,CS030,S44,references,,2013,included,included
doi:10.26686/wgtn.17004076->doi:10.1007/s10703-005-2246-x,doi:10.26686/wgtn.17004076,doi:10.1007/s10703-005-2246-x,10.26686/wgtn.17004076,10.1007/s10703-005-2246-x,semanticscholar,CS030,S44,references,,2013,included,included
doi:10.26686/wgtn.17004076->doi:10.1016/0020-0190(86)90071-2,doi:10.26686/wgtn.17004076,doi:10.1016/0020-0190(86)90071-2,10.26686/wgtn.17004076,10.1016/0020-0190(86)90071-2,semanticscholar,CS030,S44,references,,2013,included,included
doi:10.26686/wgtn.17004076->doi:10.1016/0167-6423(87)90036-0,doi:10.26686/wgtn.17004076,doi:10.1016/0167-6423(87)90036-0,10.26686/wgtn.17004076,10.1016/0167-6423(87)90036-0,semanticscholar,CS030,S44,references,,2013,included,included
doi:10.26686/wgtn.17004076->doi:10.1016/0304-3975(81)90110-9,doi:10.26686/wgtn.17004076,doi:10.1016/0304-3975(81)90110-9,10.26686/wgtn.17004076,10.1016/0304-3975(81)90110-9,semanticscholar,CS030,S44,references,,2013,included,included
doi:10.26686/wgtn.17004076->doi:10.1016/0304-3975(91)90224-p,doi:10.26686/wgtn.17004076,doi:10.1016/0304-3975(91)90224-p,10.26686/wgtn.17004076,10.1016/0304-3975(91)90224-p,semanticscholar,CS030,S44,references,,2013,included,included
doi:10.26686/wgtn.17004076->doi:10.1016/0890-5401(92)90076-r,doi:10.26686/wgtn.17004076,doi:10.1016/0890-5401(92)90076-r,10.26686/wgtn.17004076,10.1016/0890-5401(92)90076-r,semanticscholar,CS030,S44,references,,2013,included,included
doi:10.26686/wgtn.17004076->doi:10.1016/b978-0-444-88074-1.50021-4,doi:10.26686/wgtn.17004076,doi:10.1016/b978-0-444-88074-1.50021-4,10.26686/wgtn.17004076,10.1016/b978-0-444-88074-1.50021-4,semanticscholar,CS030,S44,references,,2013,included,included
doi:10.26686/wgtn.17004076->doi:10.1016/j.cl.2004.02.002,doi:10.26686/wgtn.17004076,doi:10.1016/j.cl.2004.02.002,10.26686/wgtn.17004076,10.1016/j.cl.2004.02.002,semanticscholar,CS030,S44,references,,2013,included,included
doi:10.26686/wgtn.17004076->doi:10.1016/j.entcs.2005.04.010,doi:10.26686/wgtn.17004076,doi:10.1016/j.entcs.2005.04.010,10.26686/wgtn.17004076,10.1016/j.entcs.2005.04.010,semanticscholar,CS030,S44,references,,2013,included,included
doi:10.26686/wgtn.17004076->doi:10.1016/j.entcs.2005.04.026,doi:10.26686/wgtn.17004076,doi:10.1016/j.entcs.2005.04.026,10.26686/wgtn.17004076,10.1016/j.entcs.2005.04.026,semanticscholar,CS030,S44,references,,2013,included,included
doi:10.26686/wgtn.17004076->doi:10.1016/j.entcs.2005.09.007,doi:10.26686/wgtn.17004076,doi:10.1016/j.entcs.2005.09.007,10.26686/wgtn.17004076,10.1016/j.entcs.2005.09.007,semanticscholar,CS030,S44,references,,2013,included,included
doi:10.26686/wgtn.17004076->doi:10.1016/j.entcs.2008.02.016,doi:10.26686/wgtn.17004076,doi:10.1016/j.entcs.2008.02.016,10.26686/wgtn.17004076,10.1016/j.entcs.2008.02.016,semanticscholar,CS030,S44,references,,2013,included,included
doi:10.26686/wgtn.17004076->doi:10.1016/j.ic.2006.10.003,doi:10.26686/wgtn.17004076,doi:10.1016/j.ic.2006.10.003,10.26686/wgtn.17004076,10.1016/j.ic.2006.10.003,semanticscholar,CS030,S44,references,,2013,included,included
doi:10.26686/wgtn.17004076->doi:10.1016/j.scico.2008.09.013,doi:10.26686/wgtn.17004076,doi:10.1016/j.scico.2008.09.013,10.26686/wgtn.17004076,10.1016/j.scico.2008.09.013,semanticscholar,CS025;CS030,A30;S44,citations;references,,2013,included,included
doi:10.26686/wgtn.17004076->doi:10.1016/s1570-8683(03)00008-9,doi:10.26686/wgtn.17004076,doi:10.1016/s1570-8683(03)00008-9,10.26686/wgtn.17004076,10.1016/s1570-8683(03)00008-9,semanticscholar,CS030,S44,references,,2013,included,included
doi:10.26686/wgtn.17004076->doi:10.1016/s1571-0661(05)80006-4,doi:10.26686/wgtn.17004076,doi:10.1016/s1571-0661(05)80006-4,10.26686/wgtn.17004076,10.1016/s1571-0661(05)80006-4,semanticscholar,CS030,S44,references,,2013,included,included
doi:10.26686/wgtn.17004076->doi:10.1016/s1571-0661(05)80387-1,doi:10.26686/wgtn.17004076,doi:10.1016/s1571-0661(05)80387-1,10.26686/wgtn.17004076,10.1016/s1571-0661(05)80387-1,semanticscholar,CS030,S44,references,,2013,included,included
doi:10.26686/wgtn.17004076->doi:10.1023/a:1008696026254,doi:10.26686/wgtn.17004076,doi:10.1023/a:1008696026254,10.26686/wgtn.17004076,10.1023/a:1008696026254,semanticscholar,CS030,S44,references,,2013,included,included
doi:10.26686/wgtn.17004076->doi:10.1093/comjnl/38.3.260,doi:10.26686/wgtn.17004076,doi:10.1093/comjnl/38.3.260,10.26686/wgtn.17004076,10.1093/comjnl/38.3.260,semanticscholar,CS030,S44,references,,2013,included,included
doi:10.26686/wgtn.17004076->doi:10.1093/jigpal/jzl009,doi:10.26686/wgtn.17004076,doi:10.1093/jigpal/jzl009,10.26686/wgtn.17004076,10.1093/jigpal/jzl009,semanticscholar,CS030,S44,references,,2013,included,included
doi:10.26686/wgtn.17004076->doi:10.1109/2.546611,doi:10.26686/wgtn.17004076,doi:10.1109/2.546611,10.26686/wgtn.17004076,10.1109/2.546611,semanticscholar,CS030,S44,references,,2013,included,included
doi:10.26686/wgtn.17004076->doi:10.1109/32.588521,doi:10.26686/wgtn.17004076,doi:10.1109/32.588521,10.26686/wgtn.17004076,10.1109/32.588521,semanticscholar,CS030,S44,references,,2013,included,included
doi:10.26686/wgtn.17004076->doi:10.1109/71.819952,doi:10.26686/wgtn.17004076,doi:10.1109/71.819952,10.26686/wgtn.17004076,10.1109/71.819952,semanticscholar,CS030,S44,references,,2013,included,included
doi:10.26686/wgtn.17004076->doi:10.1109/ase.2001.989811,doi:10.26686/wgtn.17004076,doi:10.1109/ase.2001.989811,10.26686/wgtn.17004076,10.1109/ase.2001.989811,semanticscholar,CS030,S44,references,,2013,included,included
doi:10.26686/wgtn.17004076->doi:10.1109/aswec.2009.12,doi:10.26686/wgtn.17004076,doi:10.1109/aswec.2009.12,10.26686/wgtn.17004076,10.1109/aswec.2009.12,semanticscholar,CS030,S44,references,,2013,included,included
doi:10.26686/wgtn.17004076->doi:10.1109/icdcs.2003.1203503,doi:10.26686/wgtn.17004076,doi:10.1109/icdcs.2003.1203503,10.26686/wgtn.17004076,10.1109/icdcs.2003.1203503,semanticscholar,CS030,S44,references,,2013,included,included
doi:10.26686/wgtn.17004076->doi:10.1109/iceccs.2005.49,doi:10.26686/wgtn.17004076,doi:10.1109/iceccs.2005.49,10.26686/wgtn.17004076,10.1109/iceccs.2005.49,semanticscholar,CS030,S44,references,,2013,included,included
doi:10.26686/wgtn.17004076->doi:10.1109/icpads.2000.857731,doi:10.26686/wgtn.17004076,doi:10.1109/icpads.2000.857731,10.26686/wgtn.17004076,10.1109/icpads.2000.857731,semanticscholar,CS030,S44,references,,2013,included,included
doi:10.26686/wgtn.17004076->doi:10.1109/lics.1996.561322,doi:10.26686/wgtn.17004076,doi:10.1109/lics.1996.561322,10.26686/wgtn.17004076,10.1109/lics.1996.561322,semanticscholar,CS030,S44,references,,2013,included,included
doi:10.26686/wgtn.17004076->doi:10.1109/lics.1998.705674,doi:10.26686/wgtn.17004076,doi:10.1109/lics.1998.705674,10.26686/wgtn.17004076,10.1109/lics.1998.705674,semanticscholar,CS030,S44,references,,2013,included,included
doi:10.26686/wgtn.17004076->doi:10.1109/lics.2002.1029817,doi:10.26686/wgtn.17004076,doi:10.1109/lics.2002.1029817,10.26686/wgtn.17004076,10.1109/lics.2002.1029817,semanticscholar,CS030,S44,references,,2013,included,included
doi:10.26686/wgtn.17004076->doi:10.1109/pmmp.1993.315553,doi:10.26686/wgtn.17004076,doi:10.1109/pmmp.1993.315553,10.26686/wgtn.17004076,10.1109/pmmp.1993.315553,semanticscholar,CS030,S44,references,,2013,included,included
doi:10.26686/wgtn.17004076->doi:10.1109/sefm.2007.2,doi:10.26686/wgtn.17004076,doi:10.1109/sefm.2007.2,10.26686/wgtn.17004076,10.1109/sefm.2007.2,semanticscholar,CS030,S44,references,,2013,included,included
doi:10.26686/wgtn.17004076->doi:10.1109/ssiri.2010.37,doi:10.26686/wgtn.17004076,doi:10.1109/ssiri.2010.37,10.26686/wgtn.17004076,10.1109/ssiri.2010.37,semanticscholar,CS030,S44,references,,2013,included,included
doi:10.26686/wgtn.17004076->doi:10.1109/superc.1990.130060,doi:10.26686/wgtn.17004076,doi:10.1109/superc.1990.130060,10.26686/wgtn.17004076,10.1109/superc.1990.130060,semanticscholar,CS030,S44,references,,2013,included,included
doi:10.26686/wgtn.17004076->doi:10.1109/tpds.2004.8,doi:10.26686/wgtn.17004076,doi:10.1109/tpds.2004.8,10.26686/wgtn.17004076,10.1109/tpds.2004.8,semanticscholar,CS030,S44,references,,2013,included,included
doi:10.26686/wgtn.17004076->doi:10.1109/tse.2007.70724,doi:10.26686/wgtn.17004076,doi:10.1109/tse.2007.70724,10.26686/wgtn.17004076,10.1109/tse.2007.70724,semanticscholar,CS030,S44,references,,2013,included,included
doi:10.26686/wgtn.17004076->doi:10.1142/s0129626407003125,doi:10.26686/wgtn.17004076,doi:10.1142/s0129626407003125,10.26686/wgtn.17004076,10.1142/s0129626407003125,semanticscholar,CS030,S44,references,,2013,included,included
doi:10.26686/wgtn.17004076->doi:10.1145/1007912.1007944,doi:10.26686/wgtn.17004076,doi:10.1145/1007912.1007944,10.26686/wgtn.17004076,10.1145/1007912.1007944,semanticscholar,CS030,S44,references,,2013,included,included
doi:10.26686/wgtn.17004076->doi:10.1145/1007912.1007945,doi:10.26686/wgtn.17004076,doi:10.1145/1007912.1007945,10.26686/wgtn.17004076,10.1145/1007912.1007945,semanticscholar,CS030,S44,references,,2013,included,included
doi:10.26686/wgtn.17004076->doi:10.1145/1011508.1011511,doi:10.26686/wgtn.17004076,doi:10.1145/1011508.1011511,10.26686/wgtn.17004076,10.1145/1011508.1011511,semanticscholar,CS030,S44,references,,2013,included,included
doi:10.26686/wgtn.17004076->doi:10.1145/1011767.1011773,doi:10.26686/wgtn.17004076,doi:10.1145/1011767.1011773,10.26686/wgtn.17004076,10.1145/1011767.1011773,semanticscholar,CS030,S44,references,,2013,included,included
doi:10.26686/wgtn.17004076->doi:10.1145/1050849.1050865,doi:10.26686/wgtn.17004076,doi:10.1145/1050849.1050865,10.26686/wgtn.17004076,10.1145/1050849.1050865,semanticscholar,CS030,S44,references,,2013,included,included
doi:10.26686/wgtn.17004076->doi:10.1145/1062247.1062249,doi:10.26686/wgtn.17004076,doi:10.1145/1062247.1062249,10.26686/wgtn.17004076,10.1145/1062247.1062249,semanticscholar,CS030,S44,references,,2013,included,included
doi:10.26686/wgtn.17004076->doi:10.1145/1122971.1122992,doi:10.26686/wgtn.17004076,doi:10.1145/1122971.1122992,10.26686/wgtn.17004076,10.1145/1122971.1122992,semanticscholar,CS030,S44,references,,2013,included,included
doi:10.26686/wgtn.17004076->doi:10.1145/113379.113400,doi:10.26686/wgtn.17004076,doi:10.1145/113379.113400,10.26686/wgtn.17004076,10.1145/113379.113400,semanticscholar,CS030,S44,references,,2013,included,included
doi:10.26686/wgtn.17004076->doi:10.1145/114005.102808,doi:10.26686/wgtn.17004076,doi:10.1145/114005.102808,10.26686/wgtn.17004076,10.1145/114005.102808,semanticscholar,CS030,S44,references,,2013,included,included
doi:10.26686/wgtn.17004076->doi:10.1145/1182613.1182618,doi:10.26686/wgtn.17004076,doi:10.1145/1182613.1182618,10.26686/wgtn.17004076,10.1145/1182613.1182618,semanticscholar,CS030,S44,references,,2013,included,included
doi:10.26686/wgtn.17004076->doi:10.1145/1233307.1233309,doi:10.26686/wgtn.17004076,doi:10.1145/1233307.1233309,10.26686/wgtn.17004076,10.1145/1233307.1233309,semanticscholar,CS030,S44,references,,2013,included,included
doi:10.26686/wgtn.17004076->doi:10.1145/1250734.1250737,doi:10.26686/wgtn.17004076,doi:10.1145/1250734.1250737,10.26686/wgtn.17004076,10.1145/1250734.1250737,semanticscholar,CS030,S44,references,,2013,included,included
doi:10.26686/wgtn.17004076->doi:10.1145/1287624.1287653,doi:10.26686/wgtn.17004076,doi:10.1145/1287624.1287653,10.26686/wgtn.17004076,10.1145/1287624.1287653,semanticscholar,CS030,S44,references,,2013,included,included
doi:10.26686/wgtn.17004076->doi:10.1145/135419.135446,doi:10.26686/wgtn.17004076,doi:10.1145/135419.135446,10.26686/wgtn.17004076,10.1145/135419.135446,semanticscholar,CS030,S44,references,,2013,included,included
doi:10.26686/wgtn.17004076->doi:10.1145/136035.136043,doi:10.26686/wgtn.17004076,doi:10.1145/136035.136043,10.26686/wgtn.17004076,10.1145/136035.136043,semanticscholar,CS030,S44,references,,2013,included,included
doi:10.26686/wgtn.17004076->doi:10.1145/137097.137873,doi:10.26686/wgtn.17004076,doi:10.1145/137097.137873,10.26686/wgtn.17004076,10.1145/137097.137873,semanticscholar,CS030,S44,references,,2013,included,included
doi:10.26686/wgtn.17004076->doi:10.1145/142111.964561,doi:10.26686/wgtn.17004076,doi:10.1145/142111.964561,10.26686/wgtn.17004076,10.1145/142111.964561,semanticscholar,CS030,S44,references,,2013,included,included
doi:10.26686/wgtn.17004076->doi:10.1145/143165.143235,doi:10.26686/wgtn.17004076,doi:10.1145/143165.143235,10.26686/wgtn.17004076,10.1145/143165.143235,semanticscholar,CS030,S44,references,,2013,included,included
doi:10.26686/wgtn.17004076->doi:10.1145/161468.161469,doi:10.26686/wgtn.17004076,doi:10.1145/161468.161469,10.26686/wgtn.17004076,10.1145/161468.161469,semanticscholar,CS030,S44,references,,2013,included,included
doi:10.26686/wgtn.17004076->doi:10.1145/165231.165265,doi:10.26686/wgtn.17004076,doi:10.1145/165231.165265,10.26686/wgtn.17004076,10.1145/165231.165265,semanticscholar,CS030,S44,references,,2013,included,included
doi:10.26686/wgtn.17004076->doi:10.1145/1745312.1745315,doi:10.26686/wgtn.17004076,doi:10.1145/1745312.1745315,10.26686/wgtn.17004076,10.1145/1745312.1745315,semanticscholar,CS030,S44,references,,2013,included,included
doi:10.26686/wgtn.17004076->doi:10.1145/1749608.1749613,doi:10.26686/wgtn.17004076,doi:10.1145/1749608.1749613,10.26686/wgtn.17004076,10.1145/1749608.1749613,semanticscholar,CS030,S44,references,,2013,included,included
doi:10.26686/wgtn.17004076->doi:10.1145/1889997.1890001,doi:10.26686/wgtn.17004076,doi:10.1145/1889997.1890001,10.26686/wgtn.17004076,10.1145/1889997.1890001,semanticscholar,CS030,S44,references,,2013,included,included
doi:10.26686/wgtn.17004076->doi:10.1145/197917.197975,doi:10.26686/wgtn.17004076,doi:10.1145/197917.197975,10.26686/wgtn.17004076,10.1145/197917.197975,semanticscholar,CS030,S44,references,,2013,included,included
doi:10.26686/wgtn.17004076->doi:10.1145/224964.224988,doi:10.26686/wgtn.17004076,doi:10.1145/224964.224988,10.26686/wgtn.17004076,10.1145/224964.224988,semanticscholar,CS030,S44,references,,2013,included,included
doi:10.26686/wgtn.17004076->doi:10.1145/229000.226322,doi:10.26686/wgtn.17004076,doi:10.1145/229000.226322,10.26686/wgtn.17004076,10.1145/229000.226322,semanticscholar,CS030,S44,references,,2013,included,included
doi:10.26686/wgtn.17004076->doi:10.1145/237721.237725,doi:10.26686/wgtn.17004076,doi:10.1145/237721.237725,10.26686/wgtn.17004076,10.1145/237721.237725,semanticscholar,CS030,S44,references,,2013,included,included
doi:10.26686/wgtn.17004076->doi:10.1145/244795.244800,doi:10.26686/wgtn.17004076,doi:10.1145/244795.244800,10.26686/wgtn.17004076,10.1145/244795.244800,semanticscholar,CS030,S44,references,,2013,included,included
doi:10.26686/wgtn.17004076->doi:10.1145/248052.248106,doi:10.26686/wgtn.17004076,doi:10.1145/248052.248106,10.26686/wgtn.17004076,10.1145/248052.248106,semanticscholar,CS030,S44,references,,2013,included,included
doi:10.26686/wgtn.17004076->doi:10.1145/259380.259442,doi:10.26686/wgtn.17004076,doi:10.1145/259380.259442,10.26686/wgtn.17004076,10.1145/259380.259442,semanticscholar,CS030,S44,references,,2013,included,included
doi:10.26686/wgtn.17004076->doi:10.1145/292540.292552,doi:10.26686/wgtn.17004076,doi:10.1145/292540.292552,10.26686/wgtn.17004076,10.1145/292540.292552,semanticscholar,CS030,S44,references,,2013,included,included
doi:10.26686/wgtn.17004076->doi:10.1145/309847.309942,doi:10.26686/wgtn.17004076,doi:10.1145/309847.309942,10.26686/wgtn.17004076,10.1145/309847.309942,semanticscholar,CS030,S44,references,,2013,included,included
doi:10.26686/wgtn.17004076->doi:10.1145/318593.318622,doi:10.26686/wgtn.17004076,doi:10.1145/318593.318622,10.26686/wgtn.17004076,10.1145/318593.318622,semanticscholar,CS030,S44,references,,2013,included,included
doi:10.26686/wgtn.17004076->doi:10.1145/333979.333987,doi:10.26686/wgtn.17004076,doi:10.1145/333979.333987,10.26686/wgtn.17004076,10.1145/333979.333987,semanticscholar,CS030,S44,references,,2013,included,included
doi:10.26686/wgtn.17004076->doi:10.1145/347324.348031,doi:10.26686/wgtn.17004076,doi:10.1145/347324.348031,10.26686/wgtn.17004076,10.1145/347324.348031,semanticscholar,CS030,S44,references,,2013,included,included
doi:10.26686/wgtn.17004076->doi:10.1145/350887.350891,doi:10.26686/wgtn.17004076,doi:10.1145/350887.350891,10.26686/wgtn.17004076,10.1145/350887.350891,semanticscholar,CS030,S44,references,,2013,included,included
doi:10.26686/wgtn.17004076->doi:10.1145/359863.359878,doi:10.26686/wgtn.17004076,doi:10.1145/359863.359878,10.26686/wgtn.17004076,10.1145/359863.359878,semanticscholar,CS030,S44,references,,2013,included,included
doi:10.26686/wgtn.17004076->doi:10.1145/360204.360206,doi:10.26686/wgtn.17004076,doi:10.1145/360204.360206,10.26686/wgtn.17004076,10.1145/360204.360206,semanticscholar,CS030,S44,references,,2013,included,included
doi:10.26686/wgtn.17004076->doi:10.1145/378580.378611,doi:10.26686/wgtn.17004076,doi:10.1145/378580.378611,10.26686/wgtn.17004076,10.1145/378580.378611,semanticscholar,CS030,S44,references,,2013,included,included
doi:10.26686/wgtn.17004076->doi:10.1145/383962.384054,doi:10.26686/wgtn.17004076,doi:10.1145/383962.384054,10.26686/wgtn.17004076,10.1145/383962.384054,semanticscholar,CS030,S44,references,,2013,included,included
doi:10.26686/wgtn.17004076->doi:10.1145/41625.41627,doi:10.26686/wgtn.17004076,doi:10.1145/41625.41627,10.26686/wgtn.17004076,10.1145/41625.41627,semanticscholar,CS030,S44,references,,2013,included,included
doi:10.26686/wgtn.17004076->doi:10.1145/41840.41865,doi:10.26686/wgtn.17004076,doi:10.1145/41840.41865,10.26686/wgtn.17004076,10.1145/41840.41865,semanticscholar,CS030,S44,references,,2013,included,included
doi:10.26686/wgtn.17004076->doi:10.1145/4904.4999,doi:10.26686/wgtn.17004076,doi:10.1145/4904.4999,10.26686/wgtn.17004076,10.1145/4904.4999,semanticscholar,CS030,S44,references,,2013,included,included
doi:10.26686/wgtn.17004076->doi:10.1145/512950.512973,doi:10.26686/wgtn.17004076,doi:10.1145/512950.512973,10.26686/wgtn.17004076,10.1145/512950.512973,semanticscholar,CS030,S44,references,,2013,included,included
doi:10.26686/wgtn.17004076->doi:10.1145/5397.5399,doi:10.26686/wgtn.17004076,doi:10.1145/5397.5399,10.26686/wgtn.17004076,10.1145/5397.5399,semanticscholar,CS030,S44,references,,2013,included,included
doi:10.26686/wgtn.17004076->doi:10.1145/53990.53993,doi:10.26686/wgtn.17004076,doi:10.1145/53990.53993,10.26686/wgtn.17004076,10.1145/53990.53993,semanticscholar,CS030,S44,references,,2013,included,included
doi:10.26686/wgtn.17004076->doi:10.1145/567752.567778,doi:10.26686/wgtn.17004076,doi:10.1145/567752.567778,10.26686/wgtn.17004076,10.1145/567752.567778,semanticscholar,CS030,S44,references,,2013,included,included
doi:10.26686/wgtn.17004076->doi:10.1145/571825.571829,doi:10.26686/wgtn.17004076,doi:10.1145/571825.571829,10.26686/wgtn.17004076,10.1145/571825.571829,semanticscholar,CS030,S44,references,,2013,included,included
doi:10.26686/wgtn.17004076->doi:10.1145/571825.571847,doi:10.26686/wgtn.17004076,doi:10.1145/571825.571847,10.26686/wgtn.17004076,10.1145/571825.571847,semanticscholar,CS030,S44,references,,2013,included,included
doi:10.26686/wgtn.17004076->doi:10.1145/582153.582161,doi:10.26686/wgtn.17004076,doi:10.1145/582153.582161,10.26686/wgtn.17004076,10.1145/582153.582161,semanticscholar,CS030,S44,references,,2013,included,included
doi:10.26686/wgtn.17004076->doi:10.1145/73141.74821,doi:10.26686/wgtn.17004076,doi:10.1145/73141.74821,10.26686/wgtn.17004076,10.1145/73141.74821,semanticscholar,CS030,S44,references,,2013,included,included
doi:10.26686/wgtn.17004076->doi:10.1145/78969.78972,doi:10.26686/wgtn.17004076,doi:10.1145/78969.78972,10.26686/wgtn.17004076,10.1145/78969.78972,semanticscholar,CS030,S44,references,,2013,included,included
doi:10.26686/wgtn.17004076->doi:10.1145/800070.802189,doi:10.26686/wgtn.17004076,doi:10.1145/800070.802189,10.26686/wgtn.17004076,10.1145/800070.802189,semanticscholar,CS030,S44,references,,2013,included,included
doi:10.26686/wgtn.17004076->doi:10.1145/872035.872078,doi:10.26686/wgtn.17004076,doi:10.1145/872035.872078,10.26686/wgtn.17004076,10.1145/872035.872078,semanticscholar,CS030,S44,references,,2013,included,included
doi:10.26686/wgtn.17004076->doi:10.1145/876638.876643,doi:10.26686/wgtn.17004076,doi:10.1145/876638.876643,10.26686/wgtn.17004076,10.1145/876638.876643,semanticscholar,CS030,S44,references,,2013,included,included
doi:10.26686/wgtn.17004076->doi:10.1145/93542.93585,doi:10.26686/wgtn.17004076,doi:10.1145/93542.93585,10.26686/wgtn.17004076,10.1145/93542.93585,semanticscholar,CS030,S44,references,,2013,included,included
doi:10.26686/wgtn.17004076->doi:10.1201/9781420086836.ch15,doi:10.26686/wgtn.17004076,doi:10.1201/9781420086836.ch15,10.26686/wgtn.17004076,10.1201/9781420086836.ch15,semanticscholar,CS030,S44,references,,2013,included,included
doi:10.26686/wgtn.17004076->doi:10.2168/lmcs-2(1:6)2006,doi:10.26686/wgtn.17004076,doi:10.2168/lmcs-2(1:6)2006,10.26686/wgtn.17004076,10.2168/lmcs-2(1:6)2006,semanticscholar,CS030,S44,references,,2013,included,included
doi:10.26686/wgtn.17004076->doi:10.2168/lmcs-5(2:12)2009,doi:10.26686/wgtn.17004076,doi:10.2168/lmcs-5(2:12)2009,10.26686/wgtn.17004076,10.2168/lmcs-5(2:12)2009,semanticscholar,CS030,S44,references,,2013,included,included
doi:10.26686/wgtn.17004076->doi:10.26686/wgtn.16969549.v1,doi:10.26686/wgtn.17004076,doi:10.26686/wgtn.16969549.v1,10.26686/wgtn.17004076,10.26686/wgtn.16969549.v1,semanticscholar,CS030,S44,references,,2013,included,included
doi:10.26686/wgtn.17004076->doi:10.3217/jucs-011-05-0744,doi:10.26686/wgtn.17004076,doi:10.3217/jucs-011-05-0744,10.26686/wgtn.17004076,10.3217/jucs-011-05-0744,semanticscholar,CS030,S44,references,,2013,included,included
doi:10.26686/wgtn.17004076->doi:10.5860/choice.44-2746,doi:10.26686/wgtn.17004076,doi:10.5860/choice.44-2746,10.26686/wgtn.17004076,10.5860/choice.44-2746,semanticscholar,CS030,S44,references,,2013,included,included
doi:10.26686/wgtn.17004076->s2:0a4552dfaf8a5aec789d6f982c32ea3c0a25b221,doi:10.26686/wgtn.17004076,s2:0a4552dfaf8a5aec789d6f982c32ea3c0a25b221,10.26686/wgtn.17004076,,semanticscholar,CS030,S44,references,,2013,included,included
doi:10.26686/wgtn.17004076->s2:1b6de0dbdbcc79501da0a0c16dd2005a04861368,doi:10.26686/wgtn.17004076,s2:1b6de0dbdbcc79501da0a0c16dd2005a04861368,10.26686/wgtn.17004076,,semanticscholar,CS030,S44,references,,2013,included,included
doi:10.26686/wgtn.17004076->s2:2515482c459187711c6aab5b336cfff62aab5d43,doi:10.26686/wgtn.17004076,s2:2515482c459187711c6aab5b336cfff62aab5d43,10.26686/wgtn.17004076,,semanticscholar,CS030,S44,references,,2013,included,included
doi:10.26686/wgtn.17004076->s2:25830ed2e57ad2e5e41aa0aa440d4bebd7aec79c,doi:10.26686/wgtn.17004076,s2:25830ed2e57ad2e5e41aa0aa440d4bebd7aec79c,10.26686/wgtn.17004076,,semanticscholar,CS030,S44,references,,2013,included,included
doi:10.26686/wgtn.17004076->s2:2c20f8cf078fe1fd1543a58b3c34cc079f5252c7,doi:10.26686/wgtn.17004076,s2:2c20f8cf078fe1fd1543a58b3c34cc079f5252c7,10.26686/wgtn.17004076,,semanticscholar,CS030,S44,references,,2013,included,included
doi:10.26686/wgtn.17004076->s2:2d464a9ba66e16392da8922328a511f3b129558a,doi:10.26686/wgtn.17004076,s2:2d464a9ba66e16392da8922328a511f3b129558a,10.26686/wgtn.17004076,,semanticscholar,CS030,S44,references,,2013,included,included
doi:10.26686/wgtn.17004076->s2:38efda194ce8ca7166119ae403e43aef57f62f7c,doi:10.26686/wgtn.17004076,s2:38efda194ce8ca7166119ae403e43aef57f62f7c,10.26686/wgtn.17004076,,semanticscholar,CS030,S44,references,,2013,included,included
doi:10.26686/wgtn.17004076->s2:38f75aafbcd2aa854b1c3df3007fa89ea1090854,doi:10.26686/wgtn.17004076,s2:38f75aafbcd2aa854b1c3df3007fa89ea1090854,10.26686/wgtn.17004076,,semanticscholar,CS030,S44,references,,2013,included,included
doi:10.26686/wgtn.17004076->s2:3df0ab740c674dfd92e57376e9c0c5ab58f84e0e,doi:10.26686/wgtn.17004076,s2:3df0ab740c674dfd92e57376e9c0c5ab58f84e0e,10.26686/wgtn.17004076,,semanticscholar,CS030,S44,references,,2013,included,included
doi:10.26686/wgtn.17004076->s2:4511a87c0fdb840a40ee9dd241e366e822f69976,doi:10.26686/wgtn.17004076,s2:4511a87c0fdb840a40ee9dd241e366e822f69976,10.26686/wgtn.17004076,,semanticscholar,CS030,S44,references,,2013,included,included
doi:10.26686/wgtn.17004076->s2:5b02e9f1e29c7e61645274421b140870d794be80,doi:10.26686/wgtn.17004076,s2:5b02e9f1e29c7e61645274421b140870d794be80,10.26686/wgtn.17004076,,semanticscholar,CS030,S44,references,,2013,included,included
doi:10.26686/wgtn.17004076->s2:6c9198c8341241e65cdc47203e9e287e0c2d6f4a,doi:10.26686/wgtn.17004076,s2:6c9198c8341241e65cdc47203e9e287e0c2d6f4a,10.26686/wgtn.17004076,,semanticscholar,CS030,S44,references,,2013,included,included
doi:10.26686/wgtn.17004076->s2:74c216da772e8c43d23db7891d96460125605a39,doi:10.26686/wgtn.17004076,s2:74c216da772e8c43d23db7891d96460125605a39,10.26686/wgtn.17004076,,semanticscholar,CS030,S44,references,,2013,included,included
doi:10.26686/wgtn.17004076->s2:75c2002f00a3dbd592a0fe0e77481a4788812113,doi:10.26686/wgtn.17004076,s2:75c2002f00a3dbd592a0fe0e77481a4788812113,10.26686/wgtn.17004076,,semanticscholar,CS030,S44,references,,2013,included,included
doi:10.26686/wgtn.17004076->s2:7abdd30f3bf47606d64352121b0fcd2686054ca3,doi:10.26686/wgtn.17004076,s2:7abdd30f3bf47606d64352121b0fcd2686054ca3,10.26686/wgtn.17004076,,semanticscholar,CS030,S44,references,,2013,included,included
doi:10.26686/wgtn.17004076->s2:82ce1bc0b85e89634f585c8e125f505772c6dc97,doi:10.26686/wgtn.17004076,s2:82ce1bc0b85e89634f585c8e125f505772c6dc97,10.26686/wgtn.17004076,,semanticscholar,CS030,S44,references,,2013,included,included
doi:10.26686/wgtn.17004076->s2:88085676d6f9c1903d25eac49d4eb2a9e324d71f,doi:10.26686/wgtn.17004076,s2:88085676d6f9c1903d25eac49d4eb2a9e324d71f,10.26686/wgtn.17004076,,semanticscholar,CS030,S44,references,,2013,included,included
doi:10.26686/wgtn.17004076->s2:8bb6cc5b39fce72a241465e03b9c90aad83d1087,doi:10.26686/wgtn.17004076,s2:8bb6cc5b39fce72a241465e03b9c90aad83d1087,10.26686/wgtn.17004076,,semanticscholar,CS030,S44,references,,2013,included,included
doi:10.26686/wgtn.17004076->s2:91b4336b187c3cdaeea1a356a72e6c510132518a,doi:10.26686/wgtn.17004076,s2:91b4336b187c3cdaeea1a356a72e6c510132518a,10.26686/wgtn.17004076,,semanticscholar,CS030,S44,references,,2013,included,included
doi:10.26686/wgtn.17004076->s2:926c7e86ff6995c0697b51f172bc37f6bb3c3b46,doi:10.26686/wgtn.17004076,s2:926c7e86ff6995c0697b51f172bc37f6bb3c3b46,10.26686/wgtn.17004076,,semanticscholar,CS030,S44,references,,2013,included,included
doi:10.26686/wgtn.17004076->s2:a4a26e1d3231ab823ff13eda49cc01cc4aedc16c,doi:10.26686/wgtn.17004076,s2:a4a26e1d3231ab823ff13eda49cc01cc4aedc16c,10.26686/wgtn.17004076,,semanticscholar,CS030,S44,references,,2013,included,included
doi:10.26686/wgtn.17004076->s2:a4a3acda86449bcaff66439a6ecd7e5e25852798,doi:10.26686/wgtn.17004076,s2:a4a3acda86449bcaff66439a6ecd7e5e25852798,10.26686/wgtn.17004076,,semanticscholar,CS030,S44,references,,2013,included,included
doi:10.26686/wgtn.17004076->s2:a64f1d7c1c480e394ba7f0a0284022603761aa48,doi:10.26686/wgtn.17004076,s2:a64f1d7c1c480e394ba7f0a0284022603761aa48,10.26686/wgtn.17004076,,semanticscholar,CS030,S44,references,,2013,included,included
doi:10.26686/wgtn.17004076->s2:a9091ef790788c5d252cad94dd6862adf457e073,doi:10.26686/wgtn.17004076,s2:a9091ef790788c5d252cad94dd6862adf457e073,10.26686/wgtn.17004076,,semanticscholar,CS030,S44,references,,2013,included,included
doi:10.26686/wgtn.17004076->s2:b824c38819f67f9a9d2e2e77e2767be340221173,doi:10.26686/wgtn.17004076,s2:b824c38819f67f9a9d2e2e77e2767be340221173,10.26686/wgtn.17004076,,semanticscholar,CS030,S44,references,,2013,included,included
doi:10.26686/wgtn.17004076->s2:b8c3496387c91290137e0a9a9703a27f3dce25a1,doi:10.26686/wgtn.17004076,s2:b8c3496387c91290137e0a9a9703a27f3dce25a1,10.26686/wgtn.17004076,,semanticscholar,CS030,S44,references,,2013,included,included
doi:10.26686/wgtn.17004076->s2:d2ac69c4626d5081ca399770b4eaa7759dcf5416,doi:10.26686/wgtn.17004076,s2:d2ac69c4626d5081ca399770b4eaa7759dcf5416,10.26686/wgtn.17004076,,semanticscholar,CS030,S44,references,,2013,included,included
doi:10.26686/wgtn.17004076->s2:f1269591359fddc20f95da10c7bd4c054080b447,doi:10.26686/wgtn.17004076,s2:f1269591359fddc20f95da10c7bd4c054080b447,10.26686/wgtn.17004076,,semanticscholar,CS030,S44,references,,2013,included,included
doi:10.26686/wgtn.17004076->s2:f4b2b0de7cce93dee900b02a634e5c951666871f,doi:10.26686/wgtn.17004076,s2:f4b2b0de7cce93dee900b02a634e5c951666871f,10.26686/wgtn.17004076,,semanticscholar,CS030,S44,references,,2013,included,included
doi:10.26686/wgtn.17004076->s2:fb5c5c517e12c5d0183101013040e9f73f76a472,doi:10.26686/wgtn.17004076,s2:fb5c5c517e12c5d0183101013040e9f73f76a472,10.26686/wgtn.17004076,,semanticscholar,CS030,S44,references,,2013,included,included
doi:10.26686/wgtn.17004076->unknown:semanticscholar:cs030:references:0:176,doi:10.26686/wgtn.17004076,unknown:semanticscholar:cs030:references:0:176,10.26686/wgtn.17004076,,semanticscholar,CS030,S44,references,,2013,included,included
doi:10.26686/wgtn.17004076->unknown:semanticscholar:cs030:references:0:186,doi:10.26686/wgtn.17004076,unknown:semanticscholar:cs030:references:0:186,10.26686/wgtn.17004076,,semanticscholar,CS030,S44,references,,2013,included,included
doi:10.26686/wgtn.17004076->unknown:semanticscholar:cs030:references:0:187,doi:10.26686/wgtn.17004076,unknown:semanticscholar:cs030:references:0:187,10.26686/wgtn.17004076,,semanticscholar,CS030,S44,references,,2013,included,included
doi:10.26686/wgtn.17004076->unknown:semanticscholar:cs030:references:0:207,doi:10.26686/wgtn.17004076,unknown:semanticscholar:cs030:references:0:207,10.26686/wgtn.17004076,,semanticscholar,CS030,S44,references,,2013,included,included
doi:10.26686/wgtn.17004076->unknown:semanticscholar:cs030:references:0:208,doi:10.26686/wgtn.17004076,unknown:semanticscholar:cs030:references:0:208,10.26686/wgtn.17004076,,semanticscholar,CS030,S44,references,,2013,included,included
doi:10.26686/wgtn.17004076->unknown:semanticscholar:cs030:references:0:214,doi:10.26686/wgtn.17004076,unknown:semanticscholar:cs030:references:0:214,10.26686/wgtn.17004076,,semanticscholar,CS030,S44,references,,2013,included,included
doi:10.26686/wgtn.17004076->unknown:semanticscholar:cs030:references:0:215,doi:10.26686/wgtn.17004076,unknown:semanticscholar:cs030:references:0:215,10.26686/wgtn.17004076,,semanticscholar,CS030,S44,references,,2013,included,included
doi:10.29007/n3nk->doi:10.1145/1480881.1480886,doi:10.29007/n3nk,doi:10.1145/1480881.1480886,10.29007/n3nk,10.1145/1480881.1480886,semanticscholar,CS009,S10,citations,,2010,included,included
doi:10.31274/etd-180810-4603->doi:10.1145/1480881.1480886,doi:10.31274/etd-180810-4603,doi:10.1145/1480881.1480886,10.31274/etd-180810-4603,10.1145/1480881.1480886,semanticscholar,CS009,S10,citations,,2016,included,included
doi:10.3217/jucs-015-01-0072->doi:10.1007/978-3-540-68863-1_6,doi:10.3217/jucs-015-01-0072,doi:10.1007/978-3-540-68863-1_6,10.3217/jucs-015-01-0072,10.1007/978-3-540-68863-1_6,semanticscholar,CS027,S38,citations,,2009,included,included
doi:10.4204/eptcs.289.1->doi:10.1007/978-3-662-49498-1_8,doi:10.4204/eptcs.289.1,doi:10.1007/978-3-662-49498-1_8,10.4204/eptcs.289.1,10.1007/978-3-662-49498-1_8,semanticscholar,CS013,S17,citations,,2019-02-22,included,included
doi:10.4230/lipics.concur.2022.31->doi:10.1016/j.scico.2008.09.013,doi:10.4230/lipics.concur.2022.31,doi:10.1016/j.scico.2008.09.013,10.4230/lipics.concur.2022.31,10.1016/j.scico.2008.09.013,semanticscholar,CS025,A30,citations,,2022,included,included
doi:10.4230/lipics.csl.2015.325->doi:10.1145/1480881.1480886,doi:10.4230/lipics.csl.2015.325,doi:10.1145/1480881.1480886,10.4230/lipics.csl.2015.325,10.1145/1480881.1480886,semanticscholar,CS009,S10,citations,,2015,included,included
doi:10.4230/lipics.ecoop.2015.639->doi:10.1145/1480881.1480886,doi:10.4230/lipics.ecoop.2015.639,doi:10.1145/1480881.1480886,10.4230/lipics.ecoop.2015.639,10.1145/1480881.1480886,semanticscholar,CS009,S10,citations,,2015,included,included
doi:10.4230/lipics.ecoop.2017.6->doi:10.1145/1480881.1480886,doi:10.4230/lipics.ecoop.2017.6,doi:10.1145/1480881.1480886,10.4230/lipics.ecoop.2017.6,10.1145/1480881.1480886,semanticscholar,CS009,S10,citations,,2017,included,included
doi:10.4230/lipics.ecoop.2019.19->doi:10.1007/978-3-662-49498-1_8,doi:10.4230/lipics.ecoop.2019.19,doi:10.1007/978-3-662-49498-1_8,10.4230/lipics.ecoop.2019.19,10.1007/978-3-662-49498-1_8,semanticscholar,CS013,S17,citations,,2019,included,included
doi:10.4230/lipics.ecoop.2019.19->doi:10.1109/lics.2013.18,doi:10.4230/lipics.ecoop.2019.19,doi:10.1109/lics.2013.18,10.4230/lipics.ecoop.2019.19,10.1109/lics.2013.18,semanticscholar,CS016,A27,citations,,2019,included,included
doi:10.4230/lipics.ecoop.2022.6->doi:10.1145/3485475,doi:10.4230/lipics.ecoop.2022.6,doi:10.1145/3485475,10.4230/lipics.ecoop.2022.6,10.1145/3485475,semanticscholar,CS001,S01,citations,,2022,included,included
doi:10.4230/lipics.ecoop.2023.19->doi:10.1007/978-3-662-49498-1_8,doi:10.4230/lipics.ecoop.2023.19,doi:10.1007/978-3-662-49498-1_8,10.4230/lipics.ecoop.2023.19,10.1007/978-3-662-49498-1_8,semanticscholar,CS013,S17,citations,,2022-08-15,included,included
doi:10.4230/lipics.ecoop.2023.22->doi:10.1145/3519939.3523451,doi:10.4230/lipics.ecoop.2023.22,doi:10.1145/3519939.3523451,10.4230/lipics.ecoop.2023.22,10.1145/3519939.3523451,semanticscholar,CS006,S07,citations,,2023,included,included
doi:10.5381/jot.2026.25.1.a4->doi:10.1145/3720525,doi:10.5381/jot.2026.25.1.a4,doi:10.1145/3720525,10.5381/jot.2026.25.1.a4,10.1145/3720525,semanticscholar,CS010,S14,citations,,2025-05-07,included,included
doi:10.70675/29d13f3dzed55z419cz9a8ez6fb2580c999d->doi:10.1145/1480881.1480886,doi:10.70675/29d13f3dzed55z419cz9a8ez6fb2580c999d,doi:10.1145/1480881.1480886,10.70675/29d13f3dzed55z419cz9a8ez6fb2580c999d,10.1145/1480881.1480886,semanticscholar,CS009,S10,citations,,2015-07-09,included,included
s2:06c5e19b030073800d28502b35bb94440af753d1->doi:10.1007/978-3-662-49498-1_8,s2:06c5e19b030073800d28502b35bb94440af753d1,doi:10.1007/978-3-662-49498-1_8,,10.1007/978-3-662-49498-1_8,semanticscholar,CS013,S17,citations,,2018-02-01,included,included
s2:06c5e19b030073800d28502b35bb94440af753d1->doi:10.1109/lics.2013.18,s2:06c5e19b030073800d28502b35bb94440af753d1,doi:10.1109/lics.2013.18,,10.1109/lics.2013.18,semanticscholar,CS016,A27,citations,,2018-02-01,included,included
s2:091093f013e41ca47c276cae1c368f0519285948->doi:10.1145/1480881.1480886,s2:091093f013e41ca47c276cae1c368f0519285948,doi:10.1145/1480881.1480886,,10.1145/1480881.1480886,semanticscholar,CS009,S10,citations,,,unknown-date,unknown-date
s2:091093f013e41ca47c276cae1c368f0519285948->doi:10.1145/2837614.2837635,s2:091093f013e41ca47c276cae1c368f0519285948,doi:10.1145/2837614.2837635,,10.1145/2837614.2837635,semanticscholar,CS014,S19,citations,,,unknown-date,unknown-date
s2:091093f013e41ca47c276cae1c368f0519285948->doi:10.1145/3798240,s2:091093f013e41ca47c276cae1c368f0519285948,doi:10.1145/3798240,,10.1145/3798240,semanticscholar,CS011,S15,citations,,,unknown-date,unknown-date
s2:0adf290994e420cb532591dfb8809e05ceaf7ce4->doi:10.1007/978-3-540-75292-9_9,s2:0adf290994e420cb532591dfb8809e05ceaf7ce4,doi:10.1007/978-3-540-75292-9_9,,10.1007/978-3-540-75292-9_9,semanticscholar,CS024,A29,citations,,2015-06-01,included,included
s2:0adf290994e420cb532591dfb8809e05ceaf7ce4->doi:10.1016/j.scico.2008.09.013,s2:0adf290994e420cb532591dfb8809e05ceaf7ce4,doi:10.1016/j.scico.2008.09.013,,10.1016/j.scico.2008.09.013,semanticscholar,CS025,A30,citations,,2015-06-01,included,included
s2:0adf290994e420cb532591dfb8809e05ceaf7ce4->doi:10.1145/1480881.1480886,s2:0adf290994e420cb532591dfb8809e05ceaf7ce4,doi:10.1145/1480881.1480886,,10.1145/1480881.1480886,semanticscholar,CS009,S10,citations,,2015-06-01,included,included
s2:0adf290994e420cb532591dfb8809e05ceaf7ce4->doi:10.1145/1542476.1542493,s2:0adf290994e420cb532591dfb8809e05ceaf7ce4,doi:10.1145/1542476.1542493,,10.1145/1542476.1542493,semanticscholar,CS029,S42,citations,,2015-06-01,included,included
s2:0e1155f7faa9b44e90c702015aa5c0f21d5dc688->doi:10.1007/978-3-662-49498-1_8,s2:0e1155f7faa9b44e90c702015aa5c0f21d5dc688,doi:10.1007/978-3-662-49498-1_8,,10.1007/978-3-662-49498-1_8,semanticscholar,CS013,S17,citations,,2017,included,included
s2:0fff604667f24050e85f13f97d93197f729dcccc->doi:10.1145/1480881.1480886,s2:0fff604667f24050e85f13f97d93197f729dcccc,doi:10.1145/1480881.1480886,,10.1145/1480881.1480886,semanticscholar,CS009,S10,citations,,,unknown-date,unknown-date
s2:0fff604667f24050e85f13f97d93197f729dcccc->doi:10.1145/2837614.2837635,s2:0fff604667f24050e85f13f97d93197f729dcccc,doi:10.1145/2837614.2837635,,10.1145/2837614.2837635,semanticscholar,CS014,S19,citations,,,unknown-date,unknown-date
s2:0fff604667f24050e85f13f97d93197f729dcccc->doi:10.1145/3798240,s2:0fff604667f24050e85f13f97d93197f729dcccc,doi:10.1145/3798240,,10.1145/3798240,semanticscholar,CS011,S15,citations,,,unknown-date,unknown-date
s2:1c6785ac51aac5b3558ddf7b0889e22cd57a484b->doi:10.1109/lics.2013.18,s2:1c6785ac51aac5b3558ddf7b0889e22cd57a484b,doi:10.1109/lics.2013.18,,10.1109/lics.2013.18,semanticscholar,CS016,A27,citations,,,unknown-date,unknown-date
s2:1c6785ac51aac5b3558ddf7b0889e22cd57a484b->doi:10.1145/2837614.2837635,s2:1c6785ac51aac5b3558ddf7b0889e22cd57a484b,doi:10.1145/2837614.2837635,,10.1145/2837614.2837635,semanticscholar,CS014,S19,citations,,,unknown-date,unknown-date
s2:1e083e2dee298f0608f47f7b98e412c1ddd8c0a3->doi:10.1007/978-3-540-68863-1_6,s2:1e083e2dee298f0608f47f7b98e412c1ddd8c0a3,doi:10.1007/978-3-540-68863-1_6,,10.1007/978-3-540-68863-1_6,semanticscholar,CS027,S38,citations,,2011,included,included
s2:1fa4f25ac3bfbe672ae9310c02ed0deaf93a6ed6->doi:10.1145/1480881.1480886,s2:1fa4f25ac3bfbe672ae9310c02ed0deaf93a6ed6,doi:10.1145/1480881.1480886,,10.1145/1480881.1480886,semanticscholar,CS009,S10,citations,,2011,included,included
s2:25b6d1934482b62ba0dc795a31f96a6f09ef4107->doi:10.1145/1480881.1480886,s2:25b6d1934482b62ba0dc795a31f96a6f09ef4107,doi:10.1145/1480881.1480886,,10.1145/1480881.1480886,semanticscholar,CS009,S10,citations,,2014,included,included
s2:26bcc72aaa4b556da051c15e9d4f2936fcf3c224->doi:10.1145/1480881.1480886,s2:26bcc72aaa4b556da051c15e9d4f2936fcf3c224,doi:10.1145/1480881.1480886,,10.1145/1480881.1480886,semanticscholar,CS009,S10,citations,,2011,included,included
s2:288f1ca075c70a3b8bfaffe58830797fbeb4523e->doi:10.1145/1480881.1480886,s2:288f1ca075c70a3b8bfaffe58830797fbeb4523e,doi:10.1145/1480881.1480886,,10.1145/1480881.1480886,semanticscholar,CS009,S10,citations,,2016,included,included
s2:2a376862a924258aae2be84db30772e6e96baf12->doi:10.1007/978-3-540-75292-9_9,s2:2a376862a924258aae2be84db30772e6e96baf12,doi:10.1007/978-3-540-75292-9_9,,10.1007/978-3-540-75292-9_9,semanticscholar,CS024,A29,citations,,2013,included,included
s2:2a376862a924258aae2be84db30772e6e96baf12->doi:10.1016/j.scico.2008.09.013,s2:2a376862a924258aae2be84db30772e6e96baf12,doi:10.1016/j.scico.2008.09.013,,10.1016/j.scico.2008.09.013,semanticscholar,CS025,A30,citations,,2013,included,included
s2:2a376862a924258aae2be84db30772e6e96baf12->doi:10.1145/1480881.1480886,s2:2a376862a924258aae2be84db30772e6e96baf12,doi:10.1145/1480881.1480886,,10.1145/1480881.1480886,semanticscholar,CS009,S10,citations,,2013,included,included
s2:2a376862a924258aae2be84db30772e6e96baf12->doi:10.1145/1542476.1542493,s2:2a376862a924258aae2be84db30772e6e96baf12,doi:10.1145/1542476.1542493,,10.1145/1542476.1542493,semanticscholar,CS029,S42,citations,,2013,included,included
s2:3a4fbfa585c99a71a1412206a4a2be67a1f3af8a->doi:10.1007/978-3-642-23283-1_16,s2:3a4fbfa585c99a71a1412206a4a2be67a1f3af8a,doi:10.1007/978-3-642-23283-1_16,,10.1007/978-3-642-23283-1_16,semanticscholar,CS018,S28,citations,,2011,included,included
s2:3a4fbfa585c99a71a1412206a4a2be67a1f3af8a->doi:10.1145/1480881.1480886,s2:3a4fbfa585c99a71a1412206a4a2be67a1f3af8a,doi:10.1145/1480881.1480886,,10.1145/1480881.1480886,semanticscholar,CS009,S10,citations,,2011,included,included
s2:4511a87c0fdb840a40ee9dd241e366e822f69976->doi:10.1007/978-3-540-75292-9_9,s2:4511a87c0fdb840a40ee9dd241e366e822f69976,doi:10.1007/978-3-540-75292-9_9,,10.1007/978-3-540-75292-9_9,semanticscholar,CS024,A29,citations,,2009-03-01,included,included
s2:4511a87c0fdb840a40ee9dd241e366e822f69976->doi:10.1016/j.scico.2008.09.013,s2:4511a87c0fdb840a40ee9dd241e366e822f69976,doi:10.1016/j.scico.2008.09.013,,10.1016/j.scico.2008.09.013,semanticscholar,CS025,A30,citations,,2009-03-01,included,included
s2:4922ddb355c190c7de1ae15383fa4455b8dae491->doi:10.1145/1480881.1480886,s2:4922ddb355c190c7de1ae15383fa4455b8dae491,doi:10.1145/1480881.1480886,,10.1145/1480881.1480886,semanticscholar,CS009,S10,citations,,2013,included,included
s2:4e9237855902fcf87bd4c39c4db0e668ba0b7f46->doi:10.1145/1480881.1480886,s2:4e9237855902fcf87bd4c39c4db0e668ba0b7f46,doi:10.1145/1480881.1480886,,10.1145/1480881.1480886,semanticscholar,CS009,S10,citations,,2018,included,included
s2:51307ff8ca592d2bfe54fa76e99b3858f599eb5a->doi:10.1145/1480881.1480886,s2:51307ff8ca592d2bfe54fa76e99b3858f599eb5a,doi:10.1145/1480881.1480886,,10.1145/1480881.1480886,semanticscholar,CS009,S10,citations,,2014-09-01,included,included
s2:563de2c751a24222ce9d132d53df4ee40605c823->doi:10.1145/1480881.1480886,s2:563de2c751a24222ce9d132d53df4ee40605c823,doi:10.1145/1480881.1480886,,10.1145/1480881.1480886,semanticscholar,CS009,S10,citations,,2013,included,included
s2:5a3192a1e924a48244a8597c26af4205a198fb33->doi:10.1145/1480881.1480886,s2:5a3192a1e924a48244a8597c26af4205a198fb33,doi:10.1145/1480881.1480886,,10.1145/1480881.1480886,semanticscholar,CS009,S10,citations,,2011-02-14,included,included
s2:5b445197453399b5d3dde46011d33f66d62921f7->doi:10.1145/1480881.1480886,s2:5b445197453399b5d3dde46011d33f66d62921f7,doi:10.1145/1480881.1480886,,10.1145/1480881.1480886,semanticscholar,CS009,S10,citations,,2015-10-01,included,included
s2:5f1a07a7df5b5051e442e6962e653cdb35b6b330->doi:10.1145/1480881.1480886,s2:5f1a07a7df5b5051e442e6962e653cdb35b6b330,doi:10.1145/1480881.1480886,,10.1145/1480881.1480886,semanticscholar,CS009,S10,citations,,2010,included,included
s2:646d374339d26ce7202c509e4351bf951bf80ae3->doi:10.1007/978-3-540-75292-9_9,s2:646d374339d26ce7202c509e4351bf951bf80ae3,doi:10.1007/978-3-540-75292-9_9,,10.1007/978-3-540-75292-9_9,semanticscholar,CS024,A29,citations,,2009,included,included
s2:646d374339d26ce7202c509e4351bf951bf80ae3->doi:10.1016/j.scico.2008.09.013,s2:646d374339d26ce7202c509e4351bf951bf80ae3,doi:10.1016/j.scico.2008.09.013,,10.1016/j.scico.2008.09.013,semanticscholar,CS025,A30,citations,,2009,included,included
s2:646d374339d26ce7202c509e4351bf951bf80ae3->doi:10.1145/1480881.1480886,s2:646d374339d26ce7202c509e4351bf951bf80ae3,doi:10.1145/1480881.1480886,,10.1145/1480881.1480886,semanticscholar,CS009,S10,citations,,2009,included,included
s2:6503d01beaaac8044d377313a7b43126697d7922->doi:10.1145/1480881.1480886,s2:6503d01beaaac8044d377313a7b43126697d7922,doi:10.1145/1480881.1480886,,10.1145/1480881.1480886,semanticscholar,CS009,S10,citations,,2014,included,included
s2:672260f884699fe5385732ed2d50995a69d617d1->doi:10.1007/978-3-540-68863-1_6,s2:672260f884699fe5385732ed2d50995a69d617d1,doi:10.1007/978-3-540-68863-1_6,,10.1007/978-3-540-68863-1_6,semanticscholar,CS027,S38,citations,,2010,included,included
s2:67b578b4838d884172dd3afcdcd0f5291a3e3546->doi:10.1145/3485475,s2:67b578b4838d884172dd3afcdcd0f5291a3e3546,doi:10.1145/3485475,,10.1145/3485475,semanticscholar,CS001,S01,citations,,,unknown-date,unknown-date
s2:6a93fb1bc6b192555da3768f1a98aeab83f2ac9b->doi:10.1145/1480881.1480886,s2:6a93fb1bc6b192555da3768f1a98aeab83f2ac9b,doi:10.1145/1480881.1480886,,10.1145/1480881.1480886,semanticscholar,CS009,S10,citations,,2008-08-10,included,included
s2:6ebbaf8efc7a52890ea144a9a744ee69492c7c1a->doi:10.1109/lics.2013.18,s2:6ebbaf8efc7a52890ea144a9a744ee69492c7c1a,doi:10.1109/lics.2013.18,,10.1109/lics.2013.18,semanticscholar,CS016,A27,citations,,2015,included,included
s2:6ebbaf8efc7a52890ea144a9a744ee69492c7c1a->doi:10.1145/1480881.1480886,s2:6ebbaf8efc7a52890ea144a9a744ee69492c7c1a,doi:10.1145/1480881.1480886,,10.1145/1480881.1480886,semanticscholar,CS009,S10,citations,,2015,included,included
s2:70e12a010c8b2d96079e3b55724958fa1fe75f9d->doi:10.1145/1480881.1480886,s2:70e12a010c8b2d96079e3b55724958fa1fe75f9d,doi:10.1145/1480881.1480886,,10.1145/1480881.1480886,semanticscholar,CS009,S10,citations,,2024,included,included
s2:7799bde1d5bb1669191572a9ffba252aeaaee23d->doi:10.1145/1480881.1480886,s2:7799bde1d5bb1669191572a9ffba252aeaaee23d,doi:10.1145/1480881.1480886,,10.1145/1480881.1480886,semanticscholar,CS009,S10,citations,,2010,included,included
s2:77bf635b620a5c914de22261a822cc65c1a87052->doi:10.1007/978-3-662-49498-1_8,s2:77bf635b620a5c914de22261a822cc65c1a87052,doi:10.1007/978-3-662-49498-1_8,,10.1007/978-3-662-49498-1_8,semanticscholar,CS013,S17,citations,,2019,included,included
s2:77bf635b620a5c914de22261a822cc65c1a87052->doi:10.1109/lics.2013.18,s2:77bf635b620a5c914de22261a822cc65c1a87052,doi:10.1109/lics.2013.18,,10.1109/lics.2013.18,semanticscholar,CS016,A27,citations,,2019,included,included
s2:77bf635b620a5c914de22261a822cc65c1a87052->doi:10.1145/1480881.1480886,s2:77bf635b620a5c914de22261a822cc65c1a87052,doi:10.1145/1480881.1480886,,10.1145/1480881.1480886,semanticscholar,CS009,S10,citations,,2019,included,included
s2:77bf635b620a5c914de22261a822cc65c1a87052->doi:10.1145/2676724.2693179,s2:77bf635b620a5c914de22261a822cc65c1a87052,doi:10.1145/2676724.2693179,,10.1145/2676724.2693179,semanticscholar,CS017,A28,citations,,2019,included,included
s2:78e47b768c784fcb15004bab48e24f80fdad579e->doi:10.1145/1542476.1542493,s2:78e47b768c784fcb15004bab48e24f80fdad579e,doi:10.1145/1542476.1542493,,10.1145/1542476.1542493,semanticscholar,CS029,S42,citations,,2012,included,included
s2:7a2209b2e737b55b26b3698dfd56667361a556fd->doi:10.1145/1480881.1480886,s2:7a2209b2e737b55b26b3698dfd56667361a556fd,doi:10.1145/1480881.1480886,,10.1145/1480881.1480886,semanticscholar,CS009,S10,citations,,2014,included,included
s2:7d7adb58bca1d6993bb97bf4d3b7ffa31d476b6c->doi:10.1007/978-3-662-49498-1_8,s2:7d7adb58bca1d6993bb97bf4d3b7ffa31d476b6c,doi:10.1007/978-3-662-49498-1_8,,10.1007/978-3-662-49498-1_8,semanticscholar,CS013,S17,citations,,2018,included,included
s2:84fd1e94bdf24f093e38a6349dfa1e5be60a19ad->doi:10.1145/2837614.2837635,s2:84fd1e94bdf24f093e38a6349dfa1e5be60a19ad,doi:10.1145/2837614.2837635,,10.1145/2837614.2837635,semanticscholar,CS014,S19,citations,,2023,included,included
s2:88ac3e29deb6c25afccca936dc9d9cb719f3c0d5->arxiv:2607.11582,s2:88ac3e29deb6c25afccca936dc9d9cb719f3c0d5,arxiv:2607.11582,,10.1145/3828679,semanticscholar,CS023,S35,citations,,,unknown-date,unknown-date
s2:88ac3e29deb6c25afccca936dc9d9cb719f3c0d5->doi:10.1109/lics.2013.18,s2:88ac3e29deb6c25afccca936dc9d9cb719f3c0d5,doi:10.1109/lics.2013.18,,10.1109/lics.2013.18,semanticscholar,CS016,A27,citations,,,unknown-date,unknown-date
s2:88ac3e29deb6c25afccca936dc9d9cb719f3c0d5->doi:10.1145/2676724.2693179,s2:88ac3e29deb6c25afccca936dc9d9cb719f3c0d5,doi:10.1145/2676724.2693179,,10.1145/2676724.2693179,semanticscholar,CS017,A28,citations,,,unknown-date,unknown-date
s2:88ac3e29deb6c25afccca936dc9d9cb719f3c0d5->doi:10.1145/3716312,s2:88ac3e29deb6c25afccca936dc9d9cb719f3c0d5,doi:10.1145/3716312,,10.1145/3716312,semanticscholar,CS019,S29,citations,,,unknown-date,unknown-date
s2:8a6ad9d526fae1134a59d06e3c27ec647e40015a->doi:10.1145/1480881.1480886,s2:8a6ad9d526fae1134a59d06e3c27ec647e40015a,doi:10.1145/1480881.1480886,,10.1145/1480881.1480886,semanticscholar,CS009,S10,citations,,2012,included,included
s2:8de3adb2d4548b3bf59808c18c2da8884cffdb6d->doi:10.1109/lics.2013.18,s2:8de3adb2d4548b3bf59808c18c2da8884cffdb6d,doi:10.1109/lics.2013.18,,10.1109/lics.2013.18,semanticscholar,CS016,A27,citations,,2019-12-16,included,included
s2:8eb71d6d82a3d334eb95bd04747d54d95d1fcfd6->doi:10.1145/2676724.2693179,s2:8eb71d6d82a3d334eb95bd04747d54d95d1fcfd6,doi:10.1145/2676724.2693179,,10.1145/2676724.2693179,semanticscholar,CS017,A28,citations,,2021,included,included
s2:95a7ba7e7d8c50b466b22116a544b8bf632ffcfb->doi:10.1145/1480881.1480886,s2:95a7ba7e7d8c50b466b22116a544b8bf632ffcfb,doi:10.1145/1480881.1480886,,10.1145/1480881.1480886,semanticscholar,CS009,S10,citations,,2008,included,included
s2:97bcd54af61479b44fbb94661545ebf87ef283cb->doi:10.1007/978-3-642-23283-1_16,s2:97bcd54af61479b44fbb94661545ebf87ef283cb,doi:10.1007/978-3-642-23283-1_16,,10.1007/978-3-642-23283-1_16,semanticscholar,CS018,S28,citations,,2014,included,included
s2:9d8caec3d6b4afc02588fcf5233d2d7615dbd072->doi:10.1145/2837614.2837635,s2:9d8caec3d6b4afc02588fcf5233d2d7615dbd072,doi:10.1145/2837614.2837635,,10.1145/2837614.2837635,semanticscholar,CS014,S19,citations,,2020,included,included
s2:a92a1f0bfbfa8adbddea36cfc51e172b444a5b04->doi:10.1145/1542476.1542493,s2:a92a1f0bfbfa8adbddea36cfc51e172b444a5b04,doi:10.1145/1542476.1542493,,10.1145/1542476.1542493,semanticscholar,CS029,S42,citations,,2014,included,included
s2:a977126defdae6708bced9f63cd3879c239dd6c7->doi:10.1145/1480881.1480886,s2:a977126defdae6708bced9f63cd3879c239dd6c7,doi:10.1145/1480881.1480886,,10.1145/1480881.1480886,semanticscholar,CS009,S10,citations,,2012,included,included
s2:a9d7adac54bdab2ec42d83b96968e4f5fb7b2282->doi:10.1007/978-3-642-23283-1_16,s2:a9d7adac54bdab2ec42d83b96968e4f5fb7b2282,doi:10.1007/978-3-642-23283-1_16,,10.1007/978-3-642-23283-1_16,semanticscholar,CS018,S28,citations,,,unknown-date,unknown-date
s2:ac74ad460fecb10152e6e7b4c0254ee666d74091->doi:10.1145/2837614.2837635,s2:ac74ad460fecb10152e6e7b4c0254ee666d74091,doi:10.1145/2837614.2837635,,10.1145/2837614.2837635,semanticscholar,CS014,S19,citations,,2018,included,included
s2:b02a41cbe5cf00086d4570e5737dfd72a59449f7->doi:10.1145/2837614.2837635,s2:b02a41cbe5cf00086d4570e5737dfd72a59449f7,doi:10.1145/2837614.2837635,,10.1145/2837614.2837635,semanticscholar,CS014,S19,citations,,,unknown-date,unknown-date
s2:b0b5236f0b62c368bcde6cb588a02567afeebbf7->doi:10.26686/wgtn.17004076,s2:b0b5236f0b62c368bcde6cb588a02567afeebbf7,doi:10.26686/wgtn.17004076,,10.26686/wgtn.17004076,semanticscholar,CS030,S44,citations,,2014-01-20,included,included
s2:b0bddb28b66026be533ddb63b3e1574c97378355->doi:10.1007/978-3-540-68863-1_6,s2:b0bddb28b66026be533ddb63b3e1574c97378355,doi:10.1007/978-3-540-68863-1_6,,10.1007/978-3-540-68863-1_6,semanticscholar,CS027,S38,citations,,,unknown-date,unknown-date
s2:b0bddb28b66026be533ddb63b3e1574c97378355->doi:10.1145/3656384,s2:b0bddb28b66026be533ddb63b3e1574c97378355,doi:10.1145/3656384,,10.1145/3656384,semanticscholar,CS007,S08,citations,,,unknown-date,unknown-date
s2:b4745ad88028a7b904380704b17a13181c15af4a->doi:10.1145/1542476.1542493,s2:b4745ad88028a7b904380704b17a13181c15af4a,doi:10.1145/1542476.1542493,,10.1145/1542476.1542493,semanticscholar,CS029,S42,citations,,2012,included,included
s2:b49c498abad6216e2a68081f66bef5bdb5a438de->doi:10.1007/978-3-662-49498-1_8,s2:b49c498abad6216e2a68081f66bef5bdb5a438de,doi:10.1007/978-3-662-49498-1_8,,10.1007/978-3-662-49498-1_8,semanticscholar,CS013,S17,citations,,2017,included,included
s2:b787e4cf1da494969dd21a57e7b5e2c1132a4fff->doi:10.1145/2837614.2837635,s2:b787e4cf1da494969dd21a57e7b5e2c1132a4fff,doi:10.1145/2837614.2837635,,10.1145/2837614.2837635,semanticscholar,CS014,S19,citations,,2020-10-22,included,included
s2:c21083d8466cb43462632837cbf188930ac99e80->doi:10.1145/1542476.1542493,s2:c21083d8466cb43462632837cbf188930ac99e80,doi:10.1145/1542476.1542493,,10.1145/1542476.1542493,semanticscholar,CS029,S42,citations,,2010-05-24,included,included
s2:cd399e1d65b6b409209f2dd36b85bf153a466e94->doi:10.1016/j.scico.2008.09.013,s2:cd399e1d65b6b409209f2dd36b85bf153a466e94,doi:10.1016/j.scico.2008.09.013,,10.1016/j.scico.2008.09.013,semanticscholar,CS025,A30,citations,,2011,included,included
s2:cd399e1d65b6b409209f2dd36b85bf153a466e94->doi:10.1145/1480881.1480886,s2:cd399e1d65b6b409209f2dd36b85bf153a466e94,doi:10.1145/1480881.1480886,,10.1145/1480881.1480886,semanticscholar,CS009,S10,citations,,2011,included,included
s2:d07e6fdd617e0ff8f130bf6749857d725f8b85eb->doi:10.1016/j.scico.2008.09.013,s2:d07e6fdd617e0ff8f130bf6749857d725f8b85eb,doi:10.1016/j.scico.2008.09.013,,10.1016/j.scico.2008.09.013,semanticscholar,CS025,A30,citations,,2009,included,included
s2:d07e6fdd617e0ff8f130bf6749857d725f8b85eb->doi:10.1145/1480881.1480886,s2:d07e6fdd617e0ff8f130bf6749857d725f8b85eb,doi:10.1145/1480881.1480886,,10.1145/1480881.1480886,semanticscholar,CS009,S10,citations,,2009,included,included
s2:d7f30e08ff21b9fc02dd122547dbbae4355d899a->doi:10.1145/1480881.1480886,s2:d7f30e08ff21b9fc02dd122547dbbae4355d899a,doi:10.1145/1480881.1480886,,10.1145/1480881.1480886,semanticscholar,CS009,S10,citations,,2008,included,included
s2:dae6eece9582c503b1646f839ae4c1327325b88b->doi:10.1145/3591253,s2:dae6eece9582c503b1646f839ae4c1327325b88b,doi:10.1145/3591253,,10.1145/3591253,semanticscholar,CS002,S02,citations,,,unknown-date,unknown-date
s2:dae6eece9582c503b1646f839ae4c1327325b88b->doi:10.1145/3720525,s2:dae6eece9582c503b1646f839ae4c1327325b88b,doi:10.1145/3720525,,10.1145/3720525,semanticscholar,CS010,S14,citations,,,unknown-date,unknown-date
s2:df52db4bcdb3a86f210a1a34500014736e27a563->doi:10.1145/1480881.1480886,s2:df52db4bcdb3a86f210a1a34500014736e27a563,doi:10.1145/1480881.1480886,,10.1145/1480881.1480886,semanticscholar,CS009,S10,citations,,2009-06-01,included,included
s2:df8890d2f8e7051837c18d6da236cb8083e61903->doi:10.1145/1480881.1480886,s2:df8890d2f8e7051837c18d6da236cb8083e61903,doi:10.1145/1480881.1480886,,10.1145/1480881.1480886,semanticscholar,CS009,S10,citations,,,unknown-date,unknown-date
s2:e061d30508d2cfac3a75b520119bdebfb2304c09->doi:10.1109/lics.2013.18,s2:e061d30508d2cfac3a75b520119bdebfb2304c09,doi:10.1109/lics.2013.18,,10.1109/lics.2013.18,semanticscholar,CS016,A27,citations,,2016-03-16,included,included
s2:e061d30508d2cfac3a75b520119bdebfb2304c09->doi:10.1145/1480881.1480886,s2:e061d30508d2cfac3a75b520119bdebfb2304c09,doi:10.1145/1480881.1480886,,10.1145/1480881.1480886,semanticscholar,CS009,S10,citations,,2016-03-16,included,included
s2:e18daa1c33702ab0f59da63729c0067992474319->doi:10.1145/1542476.1542493,s2:e18daa1c33702ab0f59da63729c0067992474319,doi:10.1145/1542476.1542493,,10.1145/1542476.1542493,semanticscholar,CS029,S42,citations,,2014,included,included
s2:e4bad30fa3e3dc4c8b984fc57aec0b54d18aff69->doi:10.1145/1480881.1480886,s2:e4bad30fa3e3dc4c8b984fc57aec0b54d18aff69,doi:10.1145/1480881.1480886,,10.1145/1480881.1480886,semanticscholar,CS009,S10,citations,,2012-12-01,included,included
s2:e9fe69ab0651b66673bbd8c844b4b886b9a10c6e->doi:10.1007/978-3-540-68863-1_6,s2:e9fe69ab0651b66673bbd8c844b4b886b9a10c6e,doi:10.1007/978-3-540-68863-1_6,,10.1007/978-3-540-68863-1_6,semanticscholar,CS027,S38,citations,,,unknown-date,unknown-date
s2:eb49783859916bdfb4ea82f8adf98d289da70715->doi:10.1007/978-3-642-23283-1_16,s2:eb49783859916bdfb4ea82f8adf98d289da70715,doi:10.1007/978-3-642-23283-1_16,,10.1007/978-3-642-23283-1_16,semanticscholar,CS018,S28,citations,,,unknown-date,unknown-date
s2:eb49783859916bdfb4ea82f8adf98d289da70715->doi:10.1145/1480881.1480886,s2:eb49783859916bdfb4ea82f8adf98d289da70715,doi:10.1145/1480881.1480886,,10.1145/1480881.1480886,semanticscholar,CS009,S10,citations,,,unknown-date,unknown-date
s2:f9e32c365e671432569fea0f22e25923f26cbb16->doi:10.1145/1480881.1480886,s2:f9e32c365e671432569fea0f22e25923f26cbb16,doi:10.1145/1480881.1480886,,10.1145/1480881.1480886,semanticscholar,CS009,S10,citations,,2014,included,included
s2:fb197d49a0fa49b82b1f6947bc876ccdea68f76f->doi:10.1007/s10703-021-00370-8,s2:fb197d49a0fa49b82b1f6947bc876ccdea68f76f,doi:10.1007/s10703-021-00370-8,,10.1007/s10703-021-00370-8,semanticscholar,CS028,S40,citations,,2023,included,included
unknown:semanticscholar:cs027:citations:0:16->doi:10.1007/978-3-540-68863-1_6,unknown:semanticscholar:cs027:citations:0:16,doi:10.1007/978-3-540-68863-1_6,,10.1007/978-3-540-68863-1_6,semanticscholar,CS027,S38,citations,,,unknown-date,unknown-date
unknown:semanticscholar:cs027:citations:0:17->doi:10.1007/978-3-540-68863-1_6,unknown:semanticscholar:cs027:citations:0:17,doi:10.1007/978-3-540-68863-1_6,,10.1007/978-3-540-68863-1_6,semanticscholar,CS027,S38,citations,,,unknown-date,unknown-date
