work_key,title,year,publication_date,authors,doi,arxiv_id,venue,url,citation_count,reference_count,providers,provider_work_ids,seed_ids,screening_record_ids,cutoff_status,cutoff_statuses
arxiv:1212.5116,Proving linearisability via coarse-grained abstraction,2012,2012-12-20,Brijesh Dongol; J. Derrick,,1212.5116,arXiv.org,https://www.semanticscholar.org/paper/73679fa4c326ccd7b608c3eab1f82cf90bb56d02,5,49,semanticscholar,73679fa4c326ccd7b608c3eab1f82cf90bb56d02,CS024;CS025,A29;A30,included,included
arxiv:1410.6268,Verifying linearizability: A comparative survey,2014,2014-10-23,Brijesh Dongol; J. Derrick,,1410.6268,arXiv.org,https://www.semanticscholar.org/paper/3869c2c796062898073d47163ab33804040d32a7,10,136,semanticscholar,3869c2c796062898073d47163ab33804040d32a7,CS009;CS018;CS030,S10;S28;S44,included,included
arxiv:1512.09186,Collapsing Threads Safely with Soft Invariants,2015,2015-12-31,D. Friggens; Lindsay J. Groves,,1512.09186,arXiv.org,https://www.semanticscholar.org/paper/04167934e335cf8190773967c28fa4b422f44531,1,23,semanticscholar,04167934e335cf8190773967c28fa4b422f44531,CS030,S44,included,included
arxiv:1606.01400,Operational Aspects of C/C++ Concurrency,2016,2016-06-04,A. Podkopaev; Ilya Sergey; Aleksandar Nanevski,,1606.01400,arXiv.org,https://www.semanticscholar.org/paper/e6126481b828526ab8d1b010d1491fbe46025365,24,51,semanticscholar,e6126481b828526ab8d1b010d1491fbe46025365,CS006;CS008,S07;S09,included,included
arxiv:1606.05416,Taming Weak Memory Models,2016,2016-06-17,Sizhuo Zhang; Arvind; Muralidaran Vijayaraghavan,,1606.05416,arXiv.org,https://www.semanticscholar.org/paper/6e0a256e89b567fb9ae56b5445807ece02578c5f,6,51,semanticscholar,6e0a256e89b567fb9ae56b5445807ece02578c5f,CS001,S01,included,included
arxiv:1609.07546,Proving Linearizability via Branching Bisimulation,2016,2016-09-24,Xiaoxiao Yang; J. Katoen; Huimin Lin; Hao Wu,,1609.07546,arXiv.org,https://www.semanticscholar.org/paper/997fc9f3a91e565e2a884e0d5374e954d96bb6df,5,39,semanticscholar,997fc9f3a91e565e2a884e0d5374e954d96bb6df,CS029,S42,included,included
arxiv:1701.06104,Verifying Concurrent Stacks by Divergence-Sensitive Bisimulation,2017,2017-01-21,Xiaoxiao Yang; J. Katoen; Huimin Lin; Hao Wu,,1701.06104,arXiv.org,https://www.semanticscholar.org/paper/83a97adeab3665d291cb4319f13dbc6795e9289c,5,31,semanticscholar,83a97adeab3665d291cb4319f13dbc6795e9289c,CS029,S42,included,included
arxiv:2001.10022,Actor-Based Model Checking for SDN Networks,2020,2020-01-27,E. Albert; M. Gómez-Zamalloa; Miguel Isabel; A. Rubio; Matteo Sammartino; Alexandra Silva,,2001.10022,arXiv.org,https://www.semanticscholar.org/paper/cc15f1a8811af00eef78074f78db1e1bdd6c72f9,0,57,semanticscholar,cc15f1a8811af00eef78074f78db1e1bdd6c72f9,CS014,S19,included,included
arxiv:2004.02983,Integrating Owicki-Gries for C11-Style Memory Models into Isabelle/HOL,2020,2020-04-06,Sadegh Dalvandi; Brijesh Dongol; Simon Doherty,,2004.02983,arXiv.org,https://www.semanticscholar.org/paper/86824c771a33b49d554fba47e5d384ad0a70df64,13,41,semanticscholar,86824c771a33b49d554fba47e5d384ad0a70df64,CS008,S09,included,included
arxiv:2010.11762,Ghost Signals: Verifying Termination of Busy-Waiting (Extended Version),2020,2020-10-22,Tobias Reinhard; B. Jacobs,,2010.11762,,https://www.semanticscholar.org/paper/d1b8cf16a5287ad6d110797bf9cb986876d21fdd,0,35,semanticscholar,d1b8cf16a5287ad6d110797bf9cb986876d21fdd,CS013;CS014,S17;S19,included,included
arxiv:2206.01784,Onesweep: A Faster Least Significant Digit Radix Sort for GPUs,2022,2022-06-03,Andy Adinets; D. Merrill,10.48550/arxiv.2206.01784,2206.01784,arXiv.org,https://www.semanticscholar.org/paper/753123ced1252730f4c0dbd86c9727655783ca3f,23,23,semanticscholar,753123ced1252730f4c0dbd86c9727655783ca3f,CS004,S05,included,included
arxiv:2208.00315,Implementing and Verifying Release-Acquire Transactional Memory (Extended Version),2022,2022-07-30,Sadegh Dalvandi; Brijesh Dongol,10.48550/arxiv.2208.00315,2208.00315,arXiv.org,https://www.semanticscholar.org/paper/36ab7f598b92ffcfd79dfab7b2c8eeef7fa76730,1,78,semanticscholar,36ab7f598b92ffcfd79dfab7b2c8eeef7fa76730,CS001;CS006;CS008,S01;S07;S09,included,included
arxiv:2212.14126,Modular termination verification with a higher-order concurrent separation logic (Intermediate report),2022,2022-12-28,Justus Fasse; Bart Jacobs,10.48550/arxiv.2212.14126,2212.14126,arXiv.org,https://www.semanticscholar.org/paper/b2610408579a47cab7925f781a9c4c91298fce8e,0,45,seed-catalog;semanticscholar,ARXIV:2212.14126;b2610408579a47cab7925f781a9c4c91298fce8e,CS012;CS013,S16;S17,included,included
arxiv:2305.17605,Unified Fairness for Weak Memory Verification,2023,2023-05-28,P. Abdulla; M. Atig; Adwait Godbole; S. Krishna; Mihir Vahanwala,,2305.17605,,https://www.semanticscholar.org/paper/827fd3198b5066736c160b4cdce992b47cd34ecb,1,57,semanticscholar,827fd3198b5066736c160b4cdce992b47cd34ecb,CS001,S01,included,included
arxiv:2306.01614,Specifying and Verifying Persistent Libraries,2023,2023-06-02,Léo Stefanesco; A. Raad; Viktor Vafeiadis,10.48550/arxiv.2306.01614,2306.01614,European Symposium on Programming,https://www.semanticscholar.org/paper/a96846b9fa36a90563ab6187d912d0ea9a0a42d3,1,61,semanticscholar,a96846b9fa36a90563ab6187d912d0ea9a0a42d3,CS006,S07,included,included
arxiv:2309.03642,Formal Verification of Chase-Lev Deque in Concurrent Separation Logic,2023,2023-05-20,Jaemin Choi,10.48550/arxiv.2309.03642,2309.03642,arXiv.org,https://www.semanticscholar.org/paper/d5dfe4838416cfd5b8564e09c64b3cccbb88a014,3,48,semanticscholar,d5dfe4838416cfd5b8564e09c64b3cccbb88a014,CS006,S07,included,included
arxiv:2311.15250,"Rely/Guarantee, Refinement and the ABA Problem: Part 1",2023,2023-11-26,Nisansala P. Yatapanage,10.48550/arxiv.2311.15250,2311.15250,arXiv.org,https://www.semanticscholar.org/paper/3cd995eb653ab66872279de1402883d37b6280ae,0,15,semanticscholar,3cd995eb653ab66872279de1402883d37b6280ae,CS027,S38,included,included
arxiv:2311.17037,Concurrent Stochastic Lossy Channel Games,2023,2023-11-28,Daniel Stan; Muhammad Najib; A. Lin; P. Abdulla,10.48550/arxiv.2311.17037,2311.17037,Annual Conference for Computer Science Logic,https://www.semanticscholar.org/paper/803f06c34e661a728a0596ec42b0931585de2631,1,42,semanticscholar,803f06c34e661a728a0596ec42b0931585de2631,CS001,S01,included,included
arxiv:2312.15379,A flexible specification approach for verifying total correctness of fine-grained concurrent modules,2023,2023-12-24,Justus Fasse; Bart Jacobs,,2312.15379,,https://www.semanticscholar.org/paper/9fffe361d3f9fa72b4823331e95408c6bbc48f90,1,0,semanticscholar,9fffe361d3f9fa72b4823331e95408c6bbc48f90,CS011,S15,included,included
arxiv:2405.16611,What Cannot Be Implemented on Weak Memory?,2024,2024-05-26,Armando Castañeda; Gregory V. Chockler; Brijesh Dongol; O. Lahav,10.48550/arxiv.2405.16611,2405.16611,International Symposium on Distributed Computing,https://www.semanticscholar.org/paper/d4f0e916d1ef43beb46459016896c127e812c513,3,51,semanticscholar,d4f0e916d1ef43beb46459016896c127e812c513,CS001,S01,included,included
arxiv:2406.18939,Evaluating AI Group Fairness: a Fuzzy Logic Perspective,2024,2024-06-27,Emmanouil Krasanakis; Symeon Papadopoulos,10.48550/arxiv.2406.18939,2406.18939,arXiv.org,https://www.semanticscholar.org/paper/10c17afcd6f77c29250b8f0a7ebddd403eb6814e,0,61,semanticscholar,10c17afcd6f77c29250b8f0a7ebddd403eb6814e,CS002,S02,included,included
arxiv:2407.20559,Practical Rely/Guarantee Verification of an Efficient Lock for seL4 on Multicore Architectures,2024,2024-07-30,R. Colvin; I. Hayes; Scott Heiner; Peter Höfner; L. Meinicke; Roger C. Su,10.48550/arxiv.2407.20559,2407.20559,The Practice of Formal Methods,https://www.semanticscholar.org/paper/aaf472caf6b4714d01876cd5a40e4654d22d1187,3,41,semanticscholar,aaf472caf6b4714d01876cd5a40e4654d22d1187,CS014,S19,included,included
arxiv:2502.03320,Complementing an imperative process algebra with a rely/guarantee logic,2025,2025-02-05,K. Middelburg,10.48550/arxiv.2502.03320,2502.03320,arXiv.org,https://www.semanticscholar.org/paper/15af0e5b233614646e9b61f9fcd452b0b395438d,0,32,semanticscholar,15af0e5b233614646e9b61f9fcd452b0b395438d,CS009,S10,included,included
arxiv:2507.04298,CCR 2.0: High-level Reasoning for Conditional Refinements,2025,2025-07-06,Youngju Song; Minki Cho,10.48550/arxiv.2507.04298,2507.04298,arXiv.org,https://www.semanticscholar.org/paper/399513a004a9ce8ecb8ea7bbbee2d2a92bb98931,2,43,semanticscholar,399513a004a9ce8ecb8ea7bbbee2d2a92bb98931,CS014,S19,included,included
arxiv:2601.11836,Trace Validation of Unmodified Concurrent Systems with OmniLink,2026,2026-01-16,Finn Hackett; MongoDB PETER MACKO; Usa A. Jesse; A. Jesse Jiryu Davis; Usa MongoDB Research; Yuanhao Wei,10.48550/arxiv.2601.11836,2601.11836,arXiv.org,https://www.semanticscholar.org/paper/887c1d68265585c05fb4b58c062580e5c6335aad,1,58,semanticscholar,887c1d68265585c05fb4b58c062580e5c6335aad,CS022,S33,included,included
arxiv:2602.19609,Towards Proving Liveness on Weak Memory (Extended Version),2026,2026-02-23,Lara Bargmann; Heike Wehrheim,10.48550/arxiv.2602.19609,2602.19609,arXiv.org,https://www.semanticscholar.org/paper/01926b39f8bcc97c98a3b31949316e02ee096189,0,34,semanticscholar,01926b39f8bcc97c98a3b31949316e02ee096189,CS001;CS004,S01;S05,included,included
arxiv:2605.01124,Practical Formal Verification for MLIR Programs,2026,2026-05-01,Emily Tucker; L. Pouchet; Erika Hunhoff; Stephen Neuendorffer; Erwei Wang,10.48550/arxiv.2605.01124,2605.01124,arXiv.org,https://www.semanticscholar.org/paper/7ac4fdcc53690ebf8ff65c79255ee58110565b8c,0,61,semanticscholar,7ac4fdcc53690ebf8ff65c79255ee58110565b8c,CS022,S33,included,included
arxiv:2605.23633,Formally Verified Liveness with Multiparty Session Types in Rocq,2026,2026-05-22,Omer F. Keskin; Nobuko Yoshida; R. V. Glabbeek,10.48550/arxiv.2605.23633,2605.23633,arXiv.org,https://www.semanticscholar.org/paper/ac5e1733e67d2022ab23b856f21f157fde579557,0,47,semanticscholar,ac5e1733e67d2022ab23b856f21f157fde579557,CS002;CS010,S02;S14,included,included
arxiv:2607.11582,A Separation Logic for Parallel Time Complexity with Work and Span Credits,2026,2026-07-13,,10.1145/3828679,2607.11582,,,,,seed-catalog,ARXIV:2607.11582,CS023,S35,included,included
arxiv:2607.12642,Building Extensible Program Logics through Effect Handlers,2026,2026-07-14,Zichen Zhang; Simon Gregersen; Joseph Tassarotti,,2607.12642,,https://www.semanticscholar.org/paper/e1725312b1edc33d6ebe9b5a38c3491cfce76c3e,0,63,semanticscholar,e1725312b1edc33d6ebe9b5a38c3491cfce76c3e,CS006,S07,included,included
arxiv:2607.18727,Formal Verification of an Out-of-Order Multiprocessor against an In-Order Weak-Memory ISA,2026,2026-07-21,Janggun Lee; Jeehoon Kang,,2607.18727,,https://www.semanticscholar.org/paper/f2ec98fb6353db95dba00106ff5fc93ef169bd9c,0,35,semanticscholar,f2ec98fb6353db95dba00106ff5fc93ef169bd9c,CS006;CS007,S07;S08,included,included
doi:10.1002/cpe.3928,Testing for linearizability,2017,2017-02-25,G. Lowe,10.1002/cpe.3928,,Concurrency and Computation,https://www.semanticscholar.org/paper/5fbff85af05714be32d463afcfc61850d6118276,35,29,semanticscholar,5fbff85af05714be32d463afcfc61850d6118276,CS022,S33,included,included
doi:10.1002/cpe.70484,Weak Memory Model Formalisms: Introduction and Survey,2025,2025-08-06,Roger C. Su; R. Colvin,10.1002/cpe.70484,2508.04115,Concurrency and Computation,https://www.semanticscholar.org/paper/51e769bec6764d1b6637973728b96a8c194b00f3,0,311,semanticscholar,51e769bec6764d1b6637973728b96a8c194b00f3,CS001;CS006;CS008,S01;S07;S09,included,included
doi:10.1002/malq.19630090502,Semantical Analysis of Modal Logic I Normal Modal Propositional Calculi,1963,,Saul A. Kripke,10.1002/malq.19630090502,,,https://www.semanticscholar.org/paper/aff9260de8b81381e9dab39c13f8946bb27ac9c3,1252,21,semanticscholar,aff9260de8b81381e9dab39c13f8946bb27ac9c3,CS030,S44,included,included
doi:10.1006/inco.1995.1134,Forward and Backward Simulations: I. Untimed Systems,1995,1995-09-01,N. Lynch; F. Vaandrager,10.1006/inco.1995.1134,,Information and Computation,https://www.semanticscholar.org/paper/1ccb3109b4ec5e18db55aa397cb052b5463becfa,373,54,semanticscholar,1ccb3109b4ec5e18db55aa397cb052b5463becfa,CS030,S44,included,included
doi:10.1007/1-4020-3532-2_8,On the Utility of Canonical Abstraction,2005,,M. Sagiv; T. Reps; R. Wilhelm; Eran Yahav,10.1007/1-4020-3532-2_8,,,https://www.semanticscholar.org/paper/db45224854347d98fefbdc1299fe031278f014fa,1,46,semanticscholar,db45224854347d98fefbdc1299fe031278f014fa,CS030,S44,included,included
doi:10.1007/10703.1572-8102,Formal methods in system design,1999,,R. Alur; Andrei BroderMonika Henzinger,10.1007/10703.1572-8102,,Logic in Computer Science,https://www.semanticscholar.org/paper/f023b20953b33d7bf2b0eda1538a58090894e28b,73,0,semanticscholar,f023b20953b33d7bf2b0eda1538a58090894e28b,CS028,S40,included,included
doi:10.1007/10722468_2,Using Garbage Collection in Model Checking,2000,2000-08-30,Radu Iosif; R. Sisto,10.1007/10722468_2,,SPIN,https://www.semanticscholar.org/paper/d52f9e6212f8a40f41bf4356855f14d262b99c6b,23,9,semanticscholar,d52f9e6212f8a40f41bf4356855f14d262b99c6b,CS030,S44,included,included
doi:10.1007/11513988_50,Abstraction Refinement via Inductive Learning,2005,2005-07-06,Alexey Loginov; T. Reps; Shmuel Sagiv,10.1007/11513988_50,,International Conference on Computer Aided Verification,https://www.semanticscholar.org/paper/a189feee3dee8cbe1443effdb04205c4dd7945a0,59,25,semanticscholar,a189feee3dee8cbe1443effdb04205c4dd7945a0,CS030,S44,included,included
doi:10.1007/11526841_32,Automatic Symmetry Detection for Model Checking Using Computational Group Theory,2005,2005-07-18,Alastair F. Donaldson; Alice Miller,10.1007/11526841_32,,World Congress on Formal Methods,https://www.semanticscholar.org/paper/fddd9e198318557ed21cbd6ce9ff81f155c18823,45,22,semanticscholar,fddd9e198318557ed21cbd6ce9ff81f155c18823,CS030,S44,included,included
doi:10.1007/11784180_29,A Computational Group Theoretic Symmetry Reduction Package for the Spin Model Checker,2006,2006-07-05,Alastair F. Donaldson; Alice Miller,10.1007/11784180_29,,International Conference on Algebraic Methodology and Software Technology,https://www.semanticscholar.org/paper/f58127a32a1ec6bcbf875e68b2d4861e41ccae5a,31,16,semanticscholar,f58127a32a1ec6bcbf875e68b2d4861e41ccae5a,CS030,S44,included,included
doi:10.1007/11817949_16,A New Type System for Deadlock-Free Processes,2006,2006-08-27,N. Kobayashi,10.1007/11817949_16,,International Conference on Concurrency Theory,https://www.semanticscholar.org/paper/7137ad38b8a652ace4a07c5fe51b8c151a28f950,171,19,semanticscholar,7137ad38b8a652ace4a07c5fe51b8c151a28f950,CS011,S15,included,included
doi:10.1007/11817963_45,Bounded Model Checking of Concurrent Data Types on Relaxed Memory Models: A Case Study,2006,2006-08-17,S. Burckhardt; R. Alur; Milo M. K. Martin,10.1007/11817963_45,,International Conference on Computer Aided Verification,https://www.semanticscholar.org/paper/1b86771eaf16b45e9745be81e56518d83a985b4a,36,36,semanticscholar,1b86771eaf16b45e9745be81e56518d83a985b4a,CS022;CS030,S33;S44,included,included
doi:10.1007/11864219_11,Checking a Multithreaded Algorithm with +CAL,2006,2006-09-18,L. Lamport,10.1007/11864219_11,,International Symposium on Distributed Computing,https://www.semanticscholar.org/paper/1abb5e02460016cd1791b142ae5eec4461f85449,37,12,semanticscholar,1abb5e02460016cd1791b142ae5eec4461f85449,CS030,S44,included,included
doi:10.1007/11901433_16,Formalising Progress Properties of Non-blocking Programs,2006,2006-11-01,Brijesh Dongol,10.1007/11901433_16,,IEEE International Conference on Formal Engineering Methods,https://www.semanticscholar.org/paper/9303d7e701ef1859039e617a68a7d5941e8b9184,22,20,semanticscholar,9303d7e701ef1859039e617a68a7d5941e8b9184,CS030,S44,included,included
doi:10.1007/11921240_13,Thread-Modular Verification Is Cartesian Abstract Interpretation,2006,2006-11-20,A. Malkis; A. Podelski; A. Rybalchenko,10.1007/11921240_13,,International Colloquium on Theoretical Aspects of Computing,https://www.semanticscholar.org/paper/9d4df974670c9723f44702a7e6a9b7eaa1921ba4,37,12,semanticscholar,9d4df974670c9723f44702a7e6a9b7eaa1921ba4,CS028,S40,included,included
doi:10.1007/3-540-10003-2_69,Characterizing Correctness Properties of Parallel Programs Using Fixpoints,1980,1980-07-14,E. Emerson; E. Clarke,10.1007/3-540-10003-2_69,,"International Colloquium on Automata, Languages and Programming",https://www.semanticscholar.org/paper/875ca36da0c1408500bc3004c03699efd809ad7c,456,18,semanticscholar,875ca36da0c1408500bc3004c03699efd809ad7c,CS030,S44,included,included
doi:10.1007/3-540-10007-5_47,On the Semantics of Fair Parallelism,1979,1979-01-22,D. Park,10.1007/3-540-10007-5_47,,Abstract Software Specifications,https://www.semanticscholar.org/paper/60e379bfb70841b9a025dc4350f2b67b2526a2a1,241,9,semanticscholar,60e379bfb70841b9a025dc4350f2b67b2526a2a1,CS001,S01,included,included
doi:10.1007/3-540-10843-2_22,"Impartiality, Justice and Fairness: The Ethics of Concurrent Termination",1981,1981-07-13,Daniel J. Lehmann; A. Pnueli; J. Stavi,10.1007/3-540-10843-2_22,,"International Colloquium on Automata, Languages and Programming",https://www.semanticscholar.org/paper/dc83fb9e6983fe0ac1a92741605b621650bc7bf5,98,3,semanticscholar,dc83fb9e6983fe0ac1a92741605b621650bc7bf5,CS002,S02,included,included
doi:10.1007/3-540-11494-7_22,Specification and verification of concurrent systems in CESAR,1982,1982-04-06,Jean-Pierre Queille; J. Sifakis,10.1007/3-540-11494-7_22,,Symposium on Programming,https://www.semanticscholar.org/paper/553a70e15134ab9abe40ad7650618874298f9171,1598,15,semanticscholar,553a70e15134ab9abe40ad7650618874298f9171,CS030,S44,included,included
doi:10.1007/3-540-16442-1_14,Data Refinement Refined,1986,1986-03-17,J. He; C. Hoare; J. Sanders,10.1007/3-540-16442-1_14,,European Symposium on Programming,https://www.semanticscholar.org/paper/af22fa2b2f95f75be231a958f545026b5f621b92,280,5,semanticscholar,af22fa2b2f95f75be231a958f545026b5f621b92,CS030,S44,included,included
doi:10.1007/3-540-36108-1_18,A Practical Multi-word Compare-and-Swap Operation,2002,2002-10-28,T. Harris; K. Fraser; I. Pratt,10.1007/3-540-36108-1_18,,International Symposium on Distributed Computing,https://www.semanticscholar.org/paper/b64f4ff88cdb7c5739dbfacbfe9ff590c8fe61ef,253,19,semanticscholar,b64f4ff88cdb7c5739dbfacbfe9ff590c8fe61ef,CS012;CS030,S16;S44,included,included
doi:10.1007/3-540-36108-1_23,"The Repeat Offender Problem: A Mechanism for Supporting Dynamic-Sized, Lock-Free Data Structures",2002,2002-10-28,M. Herlihy; Victor Luchangco; Mark Moir,10.1007/3-540-36108-1_23,,International Symposium on Distributed Computing,https://www.semanticscholar.org/paper/6d62297c2ca436707e59664178fe3e58b33d867e,133,16,semanticscholar,6d62297c2ca436707e59664178fe3e58b33d867e,CS030,S44,included,included
doi:10.1007/3-540-36135-9_20,From States to Transitions: Improving Translation of LTL Formulae to Büchi Automata,2002,2002-11-11,D. Giannakopoulou; Flavio Lerda,10.1007/3-540-36135-9_20,,Formal Techniques for (Networked and) Distributed Systems,https://www.semanticscholar.org/paper/c4fd81c42b750bb4d569e233774a77b7a308f88f,152,11,semanticscholar,c4fd81c42b750bb4d569e233774a77b7a308f88f,CS030,S44,included,included
doi:10.1007/3-540-40026-5_4,Even Better DCAS-Based Concurrent Deques,2000,2000-10-04,David Detlefs; Christine H. Flood; Alex Garthwaite; P. Martin; N. Shavit; G. Steele,10.1007/3-540-40026-5_4,,International Symposium on Distributed Computing,https://www.semanticscholar.org/paper/088f5f37f4f13c24003d2e000ea3cb62a530f353,60,24,semanticscholar,088f5f37f4f13c24003d2e000ea3cb62a530f353,CS030,S44,included,included
doi:10.1007/3-540-44585-4_6,Fast LTL to Büchi Automata Translation,2001,2001-07-18,P. Gastin; Denis Oddoux,10.1007/3-540-44585-4_6,,International Conference on Computer Aided Verification,https://www.semanticscholar.org/paper/c3f46d41b02642eccd4daa15b4d70b03e6539940,768,14,semanticscholar,c3f46d41b02642eccd4daa15b4d70b03e6539940,CS030,S44,included,included
doi:10.1007/3-540-44829-2_14,Thread-Modular Model Checking,2003,2003-05-09,C. Flanagan; S. Qadeer,10.1007/3-540-44829-2_14,,SPIN,https://www.semanticscholar.org/paper/4da43fc88f80d6b1ff858288565915e5cddf6455,195,12,semanticscholar,4da43fc88f80d6b1ff858288565915e5cddf6455,CS028,S40,included,included
doi:10.1007/3-540-44829-2_6,A Light-Weight Algorithm for Model Checking with Symmetry Reduction and Weak Fairness,2003,2003-05-09,D. Bošnački,10.1007/3-540-44829-2_6,,SPIN,https://www.semanticscholar.org/paper/4069222c9c7a64dd4a1c902619ee755acfe48c23,15,22,semanticscholar,4069222c9c7a64dd4a1c902619ee755acfe48c23,CS030,S44,included,included
doi:10.1007/3-540-44898-5_4,Checking Interference with Fractional Permissions,2003,2003-06-11,J. Boyland,10.1007/3-540-44898-5_4,,Sensors Applications Symposium,https://www.semanticscholar.org/paper/f744e6fe7b8d9f92205d3a407e0446369c5f02bd,561,25,semanticscholar,f744e6fe7b8d9f92205d3a407e0446369c5f02bd,CS023,S35,included,included
doi:10.1007/3-540-45319-9_1,Branching vs. Linear Time: Final Showdown,2001,2001-04-02,Moshe Y. Vardi,10.1007/3-540-45319-9_1,,International Conference on Tools and Algorithms for Construction and Analysis of Systems,https://www.semanticscholar.org/paper/a59fc8afda29d921f243f335685fcd2c79ec9de2,301,133,semanticscholar,a59fc8afda29d921f243f335685fcd2c79ec9de2,CS030,S44,included,included
doi:10.1007/3-540-45414-4_21,A Pragmatic Implementation of Non-blocking Linked-Lists,2001,2001-10-03,T. Harris,10.1007/3-540-45414-4_21,,International Symposium on Distributed Computing,https://www.semanticscholar.org/paper/3701276417cd3d53f16886bb889e3f4a626460d5,566,13,semanticscholar,3701276417cd3d53f16886bb889e3f4a626460d5,CS022;CS030;CS031,S33;S44;S45,included,included
doi:10.1007/3-540-45620-1_35,Lazy Theorem Proving for Bounded Model Checking over Infinite Domains,2002,2002-07-27,L. D. Moura; H. Ruess; M. Sorea,10.1007/3-540-45620-1_35,,CADE,https://www.semanticscholar.org/paper/f7889408dd2e5eaac277de81a738c003745e473e,170,28,semanticscholar,f7889408dd2e5eaac277de81a738c003745e473e,CS030,S44,included,included
doi:10.1007/3-540-45841-7_51,A Parametric Analysis of the State Explosion Problem in Model Checking,2002,2002-03-14,Stephane Demri; F. Laroussinie; P. Schnoebelen,10.1007/3-540-45841-7_51,,Symposium on Theoretical Aspects of Computer Science,https://www.semanticscholar.org/paper/2b5054850ecf421758cdac4501cba2cf88dec255,45,55,semanticscholar,2b5054850ecf421758cdac4501cba2cf88dec255,CS030,S44,included,included
doi:10.1007/3-540-45927-8_19,Thread-Modular Verification for Shared-Memory Programs,2002,2002-04-08,C. Flanagan; Stephen N. Freund; S. Qadeer,10.1007/3-540-45927-8_19,,European Symposium on Programming,https://www.semanticscholar.org/paper/0dd0a96441a6c16fd577525d5f8656a7c8791826,108,45,semanticscholar,0dd0a96441a6c16fd577525d5f8656a7c8791826,CS028,S40,included,included
doi:10.1007/3-540-46017-9_5,Symmetry Reduction Criteria for Software Model Checking,2002,2002-04-11,Radu Iosif,10.1007/3-540-46017-9_5,,SPIN,https://www.semanticscholar.org/paper/70075cdd682e28afc3ac0319a5cfcd6c5f3db4e6,70,26,semanticscholar,70075cdd682e28afc3ac0319a5cfcd6c5f3db4e6,CS030,S44,included,included
doi:10.1007/3-540-48153-2_30,Circular Compositional Reasoning about Liveness,1999,1999-09-27,K. McMillan,10.1007/3-540-48153-2_30,,Conference on Correct Hardware Design and Verification Methods,https://www.semanticscholar.org/paper/a48d53812ce6314810518e1d115c721dcbf136c8,129,13,semanticscholar,a48d53812ce6314810518e1d115c721dcbf136c8,CS028,S40,included,included
doi:10.1007/3-540-48234-2_20,dSPIN: A Dynamic Extension of SPIN,1999,1999-09-21,C. Demartini; Radu Iosif; R. Sisto,10.1007/3-540-48234-2_20,,SPIN,https://www.semanticscholar.org/paper/b1b746ee2f43ebb1e1ca253eec113a40fb9335bd,114,11,semanticscholar,b1b746ee2f43ebb1e1ca253eec113a40fb9335bd,CS030,S44,included,included
doi:10.1007/3-540-48257-1_24,PVS: An Experience Report,1998,1998-10-07,S. Owre; J. Rushby; N. Shankar; D. Stringer-Calvert,10.1007/3-540-48257-1_24,,FM-Trends,https://www.semanticscholar.org/paper/172e13fa5ea46a182098839482968117138bc7d8,85,41,semanticscholar,172e13fa5ea46a182098839482968117138bc7d8,CS030,S44,included,included
doi:10.1007/3-540-49059-0_14,Symbolic Model Checking without BDDs,1999,1999-03-22,Armin Biere; A. Cimatti; E. Clarke; Yunshan Zhu,10.1007/3-540-49059-0_14,,International Conference on Tools and Algorithms for Construction and Analysis of Systems,https://www.semanticscholar.org/paper/45f8a8e8add0fae6bcc72dd388024e653c2c70c2,2640,22,semanticscholar,45f8a8e8add0fae6bcc72dd388024e653c2c70c2,CS030,S44,included,included
doi:10.1007/3-540-53479-2_17,Action versus State based Logics for Transition Systems,1990,1990-11-01,R. Nicola; F. Vaandrager,10.1007/3-540-53479-2_17,,Semantics of Systems of Concurrent Processes,https://www.semanticscholar.org/paper/5be84ed7c6a493dea0bf5934015d3dc626444507,405,18,semanticscholar,5be84ed7c6a493dea0bf5934015d3dc626444507,CS030,S44,included,included
doi:10.1007/3-540-56188-9,Distributed Algorithms,1992,,Seif Haridi,10.1007/3-540-56188-9,,Lecture Notes in Computer Science,https://www.semanticscholar.org/paper/79fa5e51a519d30a19b3fd3accfa580cbd556b33,3898,4,semanticscholar,79fa5e51a519d30a19b3fd3accfa580cbd556b33,CS030,S44,included,included
doi:10.1007/3-540-57659-2_3,Analysis of Dynamic Structures for Efficient Parallel Execution,1993,1993-08-12,John Plevyak; A. Chien; V. Karamcheti,10.1007/3-540-57659-2_3,,International Workshop on Languages and Compilers for Parallel Computing,https://www.semanticscholar.org/paper/8155ea352617f54321725598b1ffa69062663f82,64,15,semanticscholar,8155ea352617f54321725598b1ffa69062663f82,CS030,S44,included,included
doi:10.1007/3-540-58201-0_78,Undecidable Verification Problems for Programs with Unreliable Channels,1994,1994-07-11,P. Abdulla; B. Jonsson,10.1007/3-540-58201-0_78,,Information and Computation,https://www.semanticscholar.org/paper/739191274bf3cdf07351072e415d24196bd49d1a,124,39,semanticscholar,739191274bf3cdf07351072e415d24196bd49d1a,CS031,S45,included,included
doi:10.1007/3-540-60761-7,Partial-Order Methods for the Verification of Concurrent Systems,1996,1996-06-01,Patrice Godefroid,10.1007/3-540-60761-7,,Lecture Notes in Computer Science,https://www.semanticscholar.org/paper/381d9f99c388e3b96fc480e1ea9786c49e06fed4,1172,0,semanticscholar,381d9f99c388e3b96fc480e1ea9786c49e06fed4,CS030,S44,included,included
doi:10.1007/3-540-63166-6_10,Construction of Abstract State Graphs with PVS,1997,1997-06-22,S. Graf; Hassen Saïdi,10.1007/3-540-63166-6_10,,International Conference on Computer Aided Verification,https://www.semanticscholar.org/paper/bc0a6f177d0b6bd983290889f4e26df9df9582fb,1699,25,semanticscholar,bc0a6f177d0b6bd983290889f4e26df9df9582fb,CS030,S44,included,included
doi:10.1007/978-0-387-34878-0_13,An improvement in formal verification,1994,,G. Holzmann; D. Peled,10.1007/978-0-387-34878-0_13,,Formal Techniques for (Networked and) Distributed Systems,https://www.semanticscholar.org/paper/7bdd0cc15b36a3aeac35d0dcc495239925525a09,371,12,semanticscholar,7bdd0cc15b36a3aeac35d0dcc495239925525a09,CS030,S44,included,included
doi:10.1007/978-0-387-34892-6_1,Simple on-the-fly automatic verification of linear temporal logic,1995,1995-06-01,R. Gerth; D. Peled; Moshe Y. Vardi; P. Wolper,10.1007/978-0-387-34892-6_1,,"Protocol Specification, Testing and Verification",https://www.semanticscholar.org/paper/2bf237f0a02dcf67bbea1fc3c26aea615aa3673a,872,19,semanticscholar,2bf237f0a02dcf67bbea1fc3c26aea615aa3673a,CS030,S44,included,included
doi:10.1007/978-1-4020-8157-6_28,TVLA: A system for generating abstract interpreters,2004,,T. Lev-Ami; R. Manevich; Shmuel Sagiv,10.1007/978-1-4020-8157-6_28,,IFIP Congress Topical Sessions,https://www.semanticscholar.org/paper/d388302a91a36bfd3fa0b76bd9041d687b92e891,24,22,semanticscholar,d388302a91a36bfd3fa0b76bd9041d687b92e891,CS030,S44,included,included
doi:10.1007/978-1-4020-8354-9,Time and Modality,2008,,J. Guéron; Jacqueline Lecarme,10.1007/978-1-4020-8354-9,,,https://www.semanticscholar.org/paper/c0d4784dc4a9d843c7ef76fd4057368ef2f39a21,351,93,semanticscholar,c0d4784dc4a9d843c7ef76fd4057368ef2f39a21,CS030,S44,included,included
doi:10.1007/978-1-4612-0931-7,The Temporal Logic of Reactive and Concurrent Systems,1991,1991-12-18,Z. Manna; A. Pnueli,10.1007/978-1-4612-0931-7,,Springer: New York,https://www.semanticscholar.org/paper/b570e945deb4ca308830be2810c45100854ec16a,4064,133,semanticscholar,b570e945deb4ca308830be2810c45100854ec16a,CS004;CS030,S05;S44,included,included
doi:10.1007/978-1-4612-4886-6,Fairness,1986,,Nissim Francez,10.1007/978-1-4612-4886-6,,Texts and Monographs in Computer Science,https://www.semanticscholar.org/paper/14e65efd7a957b5bcbc899087169ffd2b0aa9e62,17,64,semanticscholar,14e65efd7a957b5bcbc899087169ffd2b0aa9e62,CS004,S05,included,included
doi:10.1007/978-1-4613-8928-6_23,On a decision method in restricted second-order arithmetic,1960,,S. Sieber,10.1007/978-1-4613-8928-6_23,,,https://www.semanticscholar.org/paper/1b45e54c5d3af9c7e704a8b9926c395bc58fe212,1160,0,semanticscholar,1b45e54c5d3af9c7e704a8b9926c395bc58fe212,CS030,S44,included,included
doi:10.1007/978-1-4615-3190-6,Symbolic model checking,1992,,K. McMillan,10.1007/978-1-4615-3190-6,,,https://www.semanticscholar.org/paper/5a61ff9bb722b914b325a69dd4d989cdf7591d54,1109,11,semanticscholar,5a61ff9bb722b914b325a69dd4d989cdf7591d54,CS030,S44,included,included
doi:10.1007/978-1-4757-3472-0_2,Cooperating sequential processes,2002,,E. Dijkstra,10.1007/978-1-4757-3472-0_2,,,https://www.semanticscholar.org/paper/cd46e66972b056719a988e5c25440ab796c3f2f2,771,0,semanticscholar,cd46e66972b056719a988e5c25440ab796c3f2f2,CS030,S44,included,included
doi:10.1007/978-3-030-03592-1_19,Store Buffer Reduction in the Presence of Mixed-Size Accesses and Misalignment,2018,2018-07-18,Jonas Oberhauser,10.1007/978-3-030-03592-1_19,,"Verified Software: Theories, Tools, Experiments",https://www.semanticscholar.org/paper/6921b29eb5d5ddf309b3b4fe1f98a8e00abba0a0,1,14,semanticscholar,6921b29eb5d5ddf309b3b4fe1f98a8e00abba0a0,CS001,S01,included,included
doi:10.1007/978-3-030-17184-1_1,Time Credits and Time Receipts in Iris,2019,2019-04-08,Glen Mével; Jacques-Henri Jourdan; F. Pottier,10.1007/978-3-030-17184-1_1,,European Symposium on Programming,https://www.semanticscholar.org/paper/07fbab2e25a58030bbf0e175e44e5849fb384ff9,58,25,semanticscholar,07fbab2e25a58030bbf0e175e44e5849fb384ff9,CS010;CS012;CS016;CS023,A27;S14;S16;S35,included,included
doi:10.1007/978-3-030-25540-4_19,BMC for Weak Memory Models: Relation Analysis for Compact SMT Encodings,2019,2019-07-15,N. Gavrilenko; Hernán Ponce de León; Florian Furbach; Keijo Heljanko; R. Meyer,10.1007/978-3-030-25540-4_19,,International Conference on Computer Aided Verification,https://www.semanticscholar.org/paper/e3a0886cc77e1560e764e124986ab5ec1e927097,53,27,semanticscholar,e3a0886cc77e1560e764e124986ab5ec1e927097,CS022,S33,included,included
doi:10.1007/978-3-030-25543-5_30,Violat: Generating Tests of Observational Refinement for Concurrent Objects,2019,2019-07-15,M. Emmi; C. Enea,10.1007/978-3-030-25543-5_30,,International Conference on Computer Aided Verification,https://www.semanticscholar.org/paper/aeb04a842013aab07b1e3a3a482777d5d98729ad,6,48,semanticscholar,aeb04a842013aab07b1e3a3a482777d5d98729ad,CS022,S33,included,included
doi:10.1007/978-3-030-32505-3_11,Starvation-Free Monitors,2019,2019-10-31,J. Hamin,10.1007/978-3-030-32505-3_11,,International Colloquium on Theoretical Aspects of Computing,https://www.semanticscholar.org/paper/092d3b57ed7cdb674b9efd0a34cf079ad63d8c9f,0,25,semanticscholar,092d3b57ed7cdb674b9efd0a34cf079ad63d8c9f,CS013;CS016,A27;S17,included,included
doi:10.1007/978-3-030-44914-8_11,Verifying Visibility-Based Weak Consistency,2019,2019-11-04,Siddharth Krishna; M. Emmi; C. Enea; Dejan Jovanovic,10.1007/978-3-030-44914-8_11,1911.01508,European Symposium on Programming,https://www.semanticscholar.org/paper/66f8168db46b938b5c59e6045b7efb19580f7987,11,44,semanticscholar,66f8168db46b938b5c59e6045b7efb19580f7987,CS006;CS008,S07;S09,included,included
doi:10.1007/978-3-030-44914-8_13,Aneris: A Mechanised Logic for Modular Reasoning about Distributed Systems,2020,2020-04-18,Morten Krogh-Jespersen; Amin Timany; Marit Ohlenbusch; Simon Gregersen; L. Birkedal,10.1007/978-3-030-44914-8_13,,European Symposium on Programming,https://www.semanticscholar.org/paper/585c6c25e1b765e8426d9e3269175f82c6c85ec6,46,48,semanticscholar,585c6c25e1b765e8426d9e3269175f82c6c85ec6,CS010,S14,included,included
doi:10.1007/978-3-030-44914-8_22,Modular Relaxed Dependencies in Weak Memory Concurrency,2020,2020-04-18,M. Paviotti; Simon Cooksey; Anouk Paradis; Daniel Wright; Scott Owens; Mark Batty,10.1007/978-3-030-44914-8_22,,European Symposium on Programming,https://www.semanticscholar.org/paper/69230484dc66e892746ed6f66d73601ff8e2959c,37,40,semanticscholar,69230484dc66e892746ed6f66d73601ff8e2959c,CS008,S09,included,included
doi:10.1007/978-3-030-45237-7_24,Dartagnan: Bounded Model Checking for Weak Memory Models (Competition Contribution),2020,2020-03-13,Hernán Ponce de León; Florian Furbach; Keijo Heljanko; R. Meyer,10.1007/978-3-030-45237-7_24,,International Conference on Tools and Algorithms for Construction and Analysis of Systems,https://www.semanticscholar.org/paper/f16ec66f5833e0508057b9320f103832419dd18f,15,12,semanticscholar,f16ec66f5833e0508057b9320f103832419dd18f,CS004,S05,included,included
doi:10.1007/978-3-030-48077-6_2,Adding Concurrency to a Sequential Refinement Tower,2020,2020-04-22,G. Schellhorn; Stefan Bodenmüller; J. Pfähler; W. Reif,10.1007/978-3-030-48077-6_2,,"International Conference on Abstract State Machines, Alloy, B, TLA, VDM, and Z",https://www.semanticscholar.org/paper/cc3a657f120f3a0da4e75eb5d2aa8d470351c96c,8,36,semanticscholar,cc3a657f120f3a0da4e75eb5d2aa8d470351c96c,CS018,S28,included,included
doi:10.1007/978-3-030-67087-0_4,On the State Reachability Problem for Concurrent Programs Under Power,2020,,P. Abdulla; M. Atig; A. Bouajjani; Egor Derevenetc; C. Leonardsson; R. Meyer,10.1007/978-3-030-67087-0_4,,International Conference on Networked Systems,https://www.semanticscholar.org/paper/55a2d1142f4a6994300ef76ea1873ea4470082bd,8,7,semanticscholar,55a2d1142f4a6994300ef76ea1873ea4470082bd,CS031,S45,included,included
doi:10.1007/978-3-030-72019-3_20,Temporal Refinements for Guarded Recursive Types,2020,2020-07-16,Guilhem Jaber; Colin Riba,10.1007/978-3-030-72019-3_20,,European Symposium on Programming,https://www.semanticscholar.org/paper/61ecd7f8cd1da082b7bf948eef2cc36bcde19ff4,7,94,semanticscholar,61ecd7f8cd1da082b7bf948eef2cc36bcde19ff4,CS012,S16,included,included
doi:10.1007/978-3-030-81685-8_20,GenMC: A Model Checker for Weak Memory Models,2021,,Michalis Kokologiannakis; Viktor Vafeiadis,10.1007/978-3-030-81685-8_20,,International Conference on Computer Aided Verification,https://www.semanticscholar.org/paper/81cb80c19bf5760d585c92cf46d928526c9bb27e,58,50,semanticscholar,81cb80c19bf5760d585c92cf46d928526c9bb27e,CS001;CS004;CS022,S01;S05;S33,included,included
doi:10.1007/978-3-030-81688-9_2,Ghost Signals: Verifying Termination of Busy Waiting - Verifying Termination of Busy Waiting,2021,,Tobias Reinhard; B. Jacobs,10.1007/978-3-030-81688-9_2,,International Conference on Computer Aided Verification,https://www.semanticscholar.org/paper/742043b919ff277615dd8e7d26a8ce5179236d60,1,11,semanticscholar,742043b919ff277615dd8e7d26a8ce5179236d60,CS012;CS013,S16;S17,included,included
doi:10.1007/978-3-030-91014-3_17,Verifying and Optimizing the HMCS Lock for Arm Servers,2021,,Jonas Oberhauser; Lilith Oberhauser; Antonio Paolillo; Diogo Behrens; Ming Fu; Viktor Vafeiadis,10.1007/978-3-030-91014-3_17,,International Conference on Networked Systems,https://www.semanticscholar.org/paper/26658b8560b1e8d2999bce6e683f5cb513d04714,7,14,semanticscholar,26658b8560b1e8d2999bce6e683f5cb513d04714,CS001,S01,included,included
doi:10.1007/978-3-030-99336-8_12,Probabilistic Total Store Ordering,2022,2022-01-25,P. Abdulla; M. Atig; R. Agarwal; Adwait Godbole; Krishna Shankara Narayanan,10.1007/978-3-030-99336-8_12,2201.10213,European Symposium on Programming,https://www.semanticscholar.org/paper/7c5dbb14f4ce6b24001cf4b16af50505dbd7b44b,3,37,semanticscholar,7c5dbb14f4ce6b24001cf4b16af50505dbd7b44b,CS001;CS031,S01;S45,included,included
doi:10.1007/978-3-030-99336-8_8,The Trusted Computing Base of the CompCert Verified Compiler,2022,2022-01-25,D. Monniaux; Sylvain Boulm'e,10.1007/978-3-030-99336-8_8,2201.10280,European Symposium on Programming,https://www.semanticscholar.org/paper/718716137be126ada349b59ac3925c40f93254ea,12,58,semanticscholar,718716137be126ada349b59ac3925c40f93254ea,CS012,S16,included,included
doi:10.1007/978-3-030-99336-8_9,View-Based Owicki-Gries Reasoning for Persistent x86-TSO (Extended Version),2022,2022-01-15,E. Bila; Brijesh Dongol; O. Lahav; A. Raad; John Wickerson,10.1007/978-3-030-99336-8_9,2201.05860,European Symposium on Programming,https://www.semanticscholar.org/paper/8bfb030ded6c3005f84e2855c3388871fb7ddf66,15,39,semanticscholar,8bfb030ded6c3005f84e2855c3388871fb7ddf66,CS026,S27,included,included
doi:10.1007/978-3-031-08166-8_20,Software & System Verification with KIV,2022,,G. Schellhorn; Stefan Bodenmüller; Martin Bitterlich; W. Reif,10.1007/978-3-031-08166-8_20,,The Logic of Software. A Tasting Menu of Formal Methods,https://www.semanticscholar.org/paper/a4a63604222711fff96f06decade23481818d1d1,8,57,semanticscholar,a4a63604222711fff96f06decade23481818d1d1,CS018,S28,included,included
doi:10.1007/978-3-031-21213-0_10,Decidability of Liveness for Concurrent Objects on the TSO Memory Model,2022,,Chao Wang; G. Petri; Yi Lv; Teng Long; Zhiming Liu,10.1007/978-3-031-21213-0_10,,"International Symposium on Software Engineering: Theories, Tools, and Applications",https://www.semanticscholar.org/paper/539eed363652038f40f12499791bac014bf0f18f,2,0,semanticscholar,539eed363652038f40f12499791bac014bf0f18f,CS031,S45,included,included
doi:10.1007/978-3-031-37706-8_10,Overcoming Memory Weakness with Unified Fairness: Systematic Verification of Liveness in Weak Memory Models,2023,,,10.1007/978-3-031-37706-8_10,,,,,,seed-catalog,DOI:10.1007/978-3-031-37706-8_10,CS003,S03,included,included
doi:10.1007/978-3-031-37706-8_12,Unblocking Dynamic Partial Order Reduction,2023,,Michalis Kokologiannakis; Iason Marmanis; Viktor Vafeiadis,10.1007/978-3-031-37706-8_12,,International Conference on Computer Aided Verification,https://www.semanticscholar.org/paper/19ca1d0f9f9b0546914a9be4766f57388cc80f07,9,31,semanticscholar,19ca1d0f9f9b0546914a9be4766f57388cc80f07,CS001;CS022,S01;S33,included,included
doi:10.1007/978-3-031-37706-8_6,Commutativity for Concurrent Program Termination Proofs,2023,,Danya Lette; Azadeh Farzan,10.1007/978-3-031-37706-8_6,,International Conference on Computer Aided Verification,https://www.semanticscholar.org/paper/bb58996ccfec3ba1c48d71698546a557dd3dcda4,2,34,semanticscholar,bb58996ccfec3ba1c48d71698546a557dd3dcda4,CS028,S40,included,included
doi:10.1007/978-3-031-37706-8_8,Lincheck: A Practical Framework for Testing Concurrent Data Structures on JVM,2023,,N. Koval; Alexander Fedorov; Maria Sokolova; D. Tsitelov; Dan Alistarh,10.1007/978-3-031-37706-8_8,,International Conference on Computer Aided Verification,https://www.semanticscholar.org/paper/eeb6fa5edb9ed3c031ec3f11dfa04d22415da1df,11,37,semanticscholar,eeb6fa5edb9ed3c031ec3f11dfa04d22415da1df,CS022,S33,included,included
doi:10.1007/978-3-031-57256-2_27,PROTON: PRObes for Termination Or Not (Competition Contribution),2024,,Ravindra Metta; Hrishikesh Karmarkar; Kumar Madhukar; R. Venkatesh; Supratik Chakraborty,10.1007/978-3-031-57256-2_27,,International Conference on Tools and Algorithms for Construction and Analysis of Systems,https://www.semanticscholar.org/paper/a5107629200df9e94b8f08c3aaf7dc5dee8c65a5,6,0,semanticscholar,a5107629200df9e94b8f08c3aaf7dc5dee8c65a5,CS004,S05,included,included
doi:10.1007/978-3-031-90660-2_9,Improvements in Software Verification and Witness Validation: SV-COMP 2025,2025,,Dirk Beyer; J. Strejcek,10.1007/978-3-031-90660-2_9,,International Conference on Tools and Algorithms for Construction and Analysis of Systems,https://www.semanticscholar.org/paper/115626037012099a743a7af698ade890e47d706d,52,128,semanticscholar,115626037012099a743a7af698ade890e47d706d,CS004,S05,included,included
doi:10.1007/978-3-031-91118-7_3,Sufficient Conditions for Robustness of RDMA Programs,2025,,Guillaume Ambal; O. Lahav; A. Raad,10.1007/978-3-031-91118-7_3,,European Symposium on Programming,https://www.semanticscholar.org/paper/9800e9946d48192749b1c7149fa6de2771e580e2,1,75,semanticscholar,9800e9946d48192749b1c7149fa6de2771e580e2,CS026,S27,included,included
doi:10.1007/978-3-031-92196-4_16,Mirror is Not Strong: Discovery of a Persistent Memory Bug using Refinement in KIV,2025,,G. Schellhorn; Stefan Bodenmüller; Brijesh Dongol; Heike Wehrheim,10.1007/978-3-031-92196-4_16,,Go Where the Bugs Are,https://www.semanticscholar.org/paper/5d92130b927aa3fc404c5201a25d6f665343f8ce,0,0,seed-catalog;semanticscholar,5d92130b927aa3fc404c5201a25d6f665343f8ce;DOI:10.1007/978-3-031-92196-4_16,CS021,S31,included,included
doi:10.1007/978-3-031-98208-8_8,Portability of Optimizations from SC to TSO,2025,2025-04-24,Akshay Gopalakrishnan; Clark Verbrugge,10.1007/978-3-031-98208-8_8,2504.17646,Theoretical Aspects of Software Engineering,https://www.semanticscholar.org/paper/47482cb770e6c3455a914d7687939e7aad54367b,0,33,semanticscholar,47482cb770e6c3455a914d7687939e7aad54367b,CS001,S01,included,included
doi:10.1007/978-3-032-26204-2_6,Towards Proving Liveness on Weak Memory,2026,2026-02-23,Lara Bargmann; Heike Wehrheim,10.1007/978-3-032-26204-2_6,2602.19609,World Congress on Formal Methods,https://www.semanticscholar.org/paper/e4cd7739a9d580e7873d844a4418e46cc51227d0,0,0,seed-catalog;semanticscholar,DOI:10.1007/978-3-032-26204-2_6;e4cd7739a9d580e7873d844a4418e46cc51227d0,CS005,S06,included,included;unknown-date
doi:10.1007/978-3-319-06251-8_1,Developments in concurrent Kleene algebra,2014,2014-04-28,T. Hoare; S. Staden; B. Möller; G. Struth; Jules Villard; Huibiao Zhu; P. O'Hearn,10.1007/978-3-319-06251-8_1,,J. Log. Algebraic Methods Program.,https://www.semanticscholar.org/paper/14d8300149edbf9bece5e1e968790db019ac7452,41,74,semanticscholar,14d8300149edbf9bece5e1e968790db019ac7452,CS009,S10,included,included
doi:10.1007/978-3-319-06410-9_15,Quiescent Consistency: Defining and Verifying Relaxed Linearizability,2014,2014-05-12,J. Derrick; Brijesh Dongol; G. Schellhorn; B. Tofan; Oleg Travkin; H. Wehrheim,10.1007/978-3-319-06410-9_15,,World Congress on Formal Methods,https://www.semanticscholar.org/paper/d8866f1a34388249db8d09af74c83f507993bf5a,25,26,semanticscholar,d8866f1a34388249db8d09af74c83f507993bf5a,CS006;CS018;CS027,S07;S28;S38,included,included
doi:10.1007/978-3-319-10181-1_21,Verifying Linearizability on TSO Architectures,2014,2014-09-09,J. Derrick; Graeme Smith; Brijesh Dongol,10.1007/978-3-319-10181-1_21,,International Conference on Integrated Formal Methods,https://www.semanticscholar.org/paper/de2046eccf6240b2c66528efc10fe8d4906f9141,26,21,semanticscholar,de2046eccf6240b2c66528efc10fe8d4906f9141,CS031,S45,included,included
doi:10.1007/978-3-319-10181-1_22,A Compositional Proof Method for Linearizability Applied to a Wait-Free Multiset,2014,2014-09-09,B. Tofan; G. Schellhorn; W. Reif,10.1007/978-3-319-10181-1_22,,International Conference on Integrated Formal Methods,https://www.semanticscholar.org/paper/e0015e2012abf38425e1fe63d6262701c4f6cca8,6,26,semanticscholar,e0015e2012abf38425e1fe63d6262701c4f6cca8,CS018,S28,included,included
doi:10.1007/978-3-319-10575-8,Handbook of Model Checking,2018,,E. Clarke; T. Henzinger; H. Veith; R. Bloem,10.1007/978-3-319-10575-8,,Cambridge International Law Journal,https://www.semanticscholar.org/paper/9d3cfc952584ae5a45947084efb2e140ca8178aa,569,23,semanticscholar,9d3cfc952584ae5a45947084efb2e140ca8178aa,CS031,S45,included,included
doi:10.1007/978-3-319-12736-1_15,Resource Analysis of Complex Programs with Cost Equations,2014,2014-11-17,Antonio Flores-Montoya; Reiner Hähnle,10.1007/978-3-319-12736-1_15,,Asian Symposium on Programming Languages and Systems,https://www.semanticscholar.org/paper/6293ef89a70025102d4a73c1994c3043924b5a9b,105,17,semanticscholar,6293ef89a70025102d4a73c1994c3043924b5a9b,CS028,S40,included,included
doi:10.1007/978-3-319-13338-6_1,Using Coarse-Grained Abstractions to Verify Linearizability on TSO Architectures,2014,2014-11-18,J. Derrick; Graeme Smith; Lindsay J. Groves; Brijesh Dongol,10.1007/978-3-319-13338-6_1,,Haifa Verification Conference,https://www.semanticscholar.org/paper/618978051b80b5427d285d8af48c85285b7011f4,4,22,semanticscholar,618978051b80b5427d285d8af48c85285b7011f4,CS027,S38,included,included
doi:10.1007/978-3-319-21668-3_1,Poling: SMT Aided Linearizability Proofs,2015,2015-07-18,He Zhu; G. Petri; S. Jagannathan,10.1007/978-3-319-21668-3_1,,International Conference on Computer Aided Verification,https://www.semanticscholar.org/paper/9e2979a681fd9ddc4b270566f7abc6c25c43dcf8,30,25,semanticscholar,9e2979a681fd9ddc4b270566f7abc6c25c43dcf8,CS007,S08,included,included
doi:10.1007/978-3-319-22102-1_9,Machine-Checked Verification of the Correctness and Amortized Complexity of an Efficient Union-Find Implementation,2015,2015-08-24,A. Charguéraud; F. Pottier,10.1007/978-3-319-22102-1_9,,International Conference on Interactive Theorem Proving,https://www.semanticscholar.org/paper/936b6f5d935ddf5d37166591920eaa71272e8e29,41,32,semanticscholar,936b6f5d935ddf5d37166591920eaa71272e8e29,CS023,S35,included,included
doi:10.1007/978-3-319-33693-0_13,Towards a Thread-Local Proof Technique for Starvation Freedom,2016,2016-06-01,G. Schellhorn; Oleg Travkin; H. Wehrheim,10.1007/978-3-319-33693-0_13,,International Conference on Integrated Formal Methods,https://www.semanticscholar.org/paper/9387d16dbfd1cf86071a0b4b2f96fb156b71bba9,10,23,semanticscholar,9387d16dbfd1cf86071a0b4b2f96fb156b71bba9,CS009;CS014,S10;S19,included,included
doi:10.1007/978-3-319-47677-3_3,Performance Evaluation of Concurrent Data Structures,2016,2016-11-09,Hao Wu; Xiaoxiao Yang; J. Katoen,10.1007/978-3-319-47677-3_3,,"International Symposium on Software Engineering: Theories, Tools, and Applications",https://www.semanticscholar.org/paper/bf77c82a51cd7011bdb72690fb81e970fb017a04,4,16,semanticscholar,bf77c82a51cd7011bdb72690fb81e970fb017a04,CS018,S28,included,included
doi:10.1007/978-3-319-47846-3_17,Contextual Trace Refinement for Concurrent Objects: Safety and Progress,2016,2016-03-04,Brijesh Dongol; Lindsay J. Groves,10.1007/978-3-319-47846-3_17,1603.01412,IEEE International Conference on Formal Engineering Methods,https://www.semanticscholar.org/paper/c9274a6a064e31b9fa0d0999baf35f97a9d22304,11,19,semanticscholar,c9274a6a064e31b9fa0d0999baf35f97a9d22304,CS008,S09,included,included
doi:10.1007/978-3-319-48989-6_26,A Generic Logic for Proving Linearizability,2016,2016-11-09,Artem Khyzha; Alexey Gotsman; Matthew J. Parkinson,10.1007/978-3-319-48989-6_26,,World Congress on Formal Methods,https://www.semanticscholar.org/paper/bc5825c7082077d54ac8dea2e068b3269ae83997,12,27,semanticscholar,bc5825c7082077d54ac8dea2e068b3269ae83997,CS022,S33,included,included
doi:10.1007/978-3-319-51517-5_2,ARM Architecture and Programming,2017,,K. Wang,10.1007/978-3-319-51517-5_2,,,https://www.semanticscholar.org/paper/7434b03029812332fd916443e2a135abcd47053c,12,0,semanticscholar,7434b03029812332fd916443e2a135abcd47053c,CS031,S45,included,included
doi:10.1007/978-3-319-63390-9_4,Automated Resource Analysis with Coq Proof Objects,2017,2017-07-24,Quentin Carbonneaux; Jan Hoffmann; T. Reps; Zhong Shao,10.1007/978-3-319-63390-9_4,,International Conference on Computer Aided Verification,https://www.semanticscholar.org/paper/758720470fcea62254f5f4374b3a51c3e8a1ccf8,39,32,semanticscholar,758720470fcea62254f5f4374b3a51c3e8a1ccf8,CS028,S40,included,included
doi:10.1007/978-3-319-66706-5_15,Portability Analysis for Weak Memory Models. PORTHOS: One Tool for all Models,2017,2017-08-30,Hernán Ponce de León; Florian Furbach; Keijo Heljanko; R. Meyer,10.1007/978-3-319-66706-5_15,,Sensors Applications Symposium,https://www.semanticscholar.org/paper/482fab13a2d74d99f1e364c64dcda4269d686e43,16,52,semanticscholar,482fab13a2d74d99f1e364c64dcda4269d686e43,CS004,S05,included,included
doi:10.1007/978-3-319-66706-5_9,Effect Summaries for Thread-Modular Analysis,2017,2017-05-10,L. Holík; R. Meyer; Tomáš Vojnar; Sebastian Wolff,10.1007/978-3-319-66706-5_9,1705.03701,Sensors Applications Symposium,https://www.semanticscholar.org/paper/480e7a7b1f43fff2fc4cf66f8a79e76f80a6fdf6,10,53,semanticscholar,480e7a7b1f43fff2fc4cf66f8a79e76f80a6fdf6,CS028,S40,included,included
doi:10.1007/978-3-319-70278-0_30,A Concurrent Perspective on Smart Contracts,2017,2017-02-17,Ilya Sergey; Aquinas Hobor,10.1007/978-3-319-70278-0_30,1702.05511,Financial Cryptography Workshops,https://www.semanticscholar.org/paper/12d7923568bf4fa077c65fd5f93a0f42a9cc640d,140,39,semanticscholar,12d7923568bf4fa077c65fd5f93a0f42a9cc640d,CS009;CS014,S10;S19,included,included
doi:10.1007/978-3-319-71237-6_14,Safety and Liveness of MCS Lock - Layer by Layer,2017,2017-11-27,Jieung Kim; Vilhelm Sjöberg; Ronghui Gu; Zhong Shao,10.1007/978-3-319-71237-6_14,,Asian Symposium on Programming Languages and Systems,https://www.semanticscholar.org/paper/e90e8ecfb727abf7fe1347d16410a8b21eae74f3,30,28,semanticscholar,e90e8ecfb727abf7fe1347d16410a8b21eae74f3,CS011;CS013;CS014,S15;S17;S19,included,included
doi:10.1007/978-3-319-73721-8_10,From Shapes to Amortized Complexity,2018,2018-01-07,Tomáš Fiedor; L. Holík; Adam Rogalewicz; Moritz Sinn; Tomáš Vojnar; Florian Zuleger,10.1007/978-3-319-73721-8_10,,"International Conference on Verification, Model Checking and Abstract Interpretation",https://www.semanticscholar.org/paper/1ab6f2601705fd55167b0a3c0d5b316a8f3481fc,8,23,semanticscholar,1ab6f2601705fd55167b0a3c0d5b316a8f3481fc,CS028,S40,included,included
doi:10.1007/978-3-319-73721-8_9,On abstraction and compositionality for weak-memory linearisability,2018,2018-01-07,Brijesh Dongol; R. Jagadeesan; James Riely; A. Armstrong,10.1007/978-3-319-73721-8_9,,"International Conference on Verification, Model Checking and Abstract Interpretation",https://www.semanticscholar.org/paper/1d366a0f5938161401df732f421025ee3ae20faa,23,26,semanticscholar,1d366a0f5938161401df732f421025ee3ae20faa,CS006;CS007;CS008;CS022,S07;S08;S09;S33,included,included
doi:10.1007/978-3-319-89884-1_13,A Separation Logic for a Promising Semantics,2018,2018-04-16,Kasper Svendsen; Jean Pichon-Pharabod; Marko Doko; O. Lahav; Viktor Vafeiadis,10.1007/978-3-319-89884-1_13,,European Symposium on Programming,https://www.semanticscholar.org/paper/95d7db1b0aa608ac9e9b59b83949073322c67d63,42,27,semanticscholar,95d7db1b0aa608ac9e9b59b83949073322c67d63,CS006;CS008,S07;S09,included,included
doi:10.1007/978-3-319-89884-1_15,Deadlock-Free Monitors,2018,2018-04-16,J. Hamin; B. Jacobs,10.1007/978-3-319-89884-1_15,,European Symposium on Programming,https://www.semanticscholar.org/paper/de65e9959fd9ff8602debd0694920146b9083920,16,21,semanticscholar,de65e9959fd9ff8602debd0694920146b9083920,CS013;CS016,A27;S17,included,included
doi:10.1007/978-3-319-89884-1_19,A Fistful of Dollars: Formalizing Asymptotic Complexity Claims via Deductive Program Verification,2018,2018-04-16,Armaël Gueneau; A. Charguéraud; F. Pottier,10.1007/978-3-319-89884-1_19,,European Symposium on Programming,https://www.semanticscholar.org/paper/f6d85636a2800f292bf34aa145e100d887d4570f,47,29,semanticscholar,f6d85636a2800f292bf34aa145e100d887d4570f,CS023,S35,included,included
doi:10.1007/978-3-319-89884-1_32,"Paxos Consensus, Deconstructed and Abstracted (Extended Version)",2018,2018-02-16,Á. García-Pérez; Alexey Gotsman; Yuri Meshman; Ilya Sergey,10.1007/978-3-319-89884-1_32,1802.05969,European Symposium on Programming,https://www.semanticscholar.org/paper/979d13561e8c2cd2c2f75af7edfb0131aa04af6f,23,40,semanticscholar,979d13561e8c2cd2c2f75af7edfb0131aa04af6f,CS014,S19,included,included
doi:10.1007/978-3-319-89960-2_9,Hoare Logics for Time Bounds - A Study in Meta Theory,2018,2018-04-14,Maximilian P. L. Haslbeck; T. Nipkow,10.1007/978-3-319-89960-2_9,,International Conference on Tools and Algorithms for Construction and Analysis of Systems,https://www.semanticscholar.org/paper/09b9f37011f03cb344aa8eb16d13560ec2aa177d,17,23,semanticscholar,09b9f37011f03cb344aa8eb16d13560ec2aa177d,CS016;CS023,A27;S35,included,included
doi:10.1007/978-3-319-89963-3_16,Geometric Nontermination Arguments,2016,2016-09-16,Jan Leike; Matthias Heizmann,10.1007/978-3-319-89963-3_16,1609.05207,International Conference on Tools and Algorithms for Construction and Analysis of Systems,https://www.semanticscholar.org/paper/68265492d23540cb71afed1d8a8a4be4c8eec456,35,41,semanticscholar,68265492d23540cb71afed1d8a8a4be4c8eec456,CS004,S05,included,included
doi:10.1007/978-3-319-91280-6_1757,Curriculum,1932,1932-12-01,Louise Spear-Swerling,10.1007/978-3-319-91280-6_1757,,Encyclopedia of Autism Spectrum Disorders,https://www.semanticscholar.org/paper/00d55b3002620ebeaf4c455bcf9ccce10cc3cc0d,0,116,semanticscholar,00d55b3002620ebeaf4c455bcf9ccce10cc3cc0d,CS006,S07,included,included
doi:10.1007/978-3-319-95582-7_33,SDN-Actors: Modeling and Verification of SDN Programs,2018,2018-07-15,E. Albert; M. Gómez-Zamalloa; A. Rubio; Matteo Sammartino; Alexandra Silva,10.1007/978-3-319-95582-7_33,,World Congress on Formal Methods,https://www.semanticscholar.org/paper/310d32449998921d400b46bdcf66b5455c6a24d5,15,23,semanticscholar,310d32449998921d400b46bdcf66b5455c6a24d5,CS014,S19,included,included
doi:10.1007/978-3-319-96142-2_21,Reasoning About TSO Programs Using Reduction and Abstraction,2018,2018-04-14,A. Bouajjani; C. Enea; Suha Orhun Mutluergil; S. Tasiran,10.1007/978-3-319-96142-2_21,1804.05196,International Conference on Computer Aided Verification,https://www.semanticscholar.org/paper/107ae77e9b6b528dbf87035134626001ff0e0733,16,21,semanticscholar,107ae77e9b6b528dbf87035134626001ff0e0733,CS001,S01,included,included
doi:10.1007/978-3-319-98938-9_7,Making Linearizability Compositional for Partially Ordered Executions,2018,2018-09-05,Simon Doherty; Brijesh Dongol; H. Wehrheim; J. Derrick,10.1007/978-3-319-98938-9_7,,International Conference on Integrated Formal Methods,https://www.semanticscholar.org/paper/5f0f20e6311d5c50b92d34b26ff46df6fb6d86fd,14,43,semanticscholar,5f0f20e6311d5c50b92d34b26ff46df6fb6d86fd,CS006;CS008,S07;S09,included,included
doi:10.1007/978-3-540-24622-0_21,Symbolic Implementation of the Best Transformer,2004,2004-01-11,T. Reps; Shmuel Sagiv; G. Yorsh,10.1007/978-3-540-24622-0_21,,"International Conference on Verification, Model Checking and Abstract Interpretation",https://www.semanticscholar.org/paper/1f75110858d4743e02a5c770a599d2ebc9f65383,180,32,semanticscholar,1f75110858d4743e02a5c770a599d2ebc9f65383,CS030,S44,included,included
doi:10.1007/978-3-540-24730-2_15,A Tool for Checking ANSI-C Programs,2004,2004-03-29,E. Clarke; D. Kroening; Flavio Lerda,10.1007/978-3-540-24730-2_15,,International Conference on Tools and Algorithms for Construction and Analysis of Systems,https://www.semanticscholar.org/paper/5f5335a25d2b4ef0fb099ae917ff98d8afea97e3,1555,12,semanticscholar,5f5335a25d2b4ef0fb099ae917ff98d8afea97e3,CS022,S33,included,included
doi:10.1007/978-3-540-24730-2_39,Symbolically Computing Most-Precise Abstract Operations for Shape Analysis,2004,2004-03-29,G. Yorsh; T. Reps; Shmuel Sagiv,10.1007/978-3-540-24730-2_39,,International Conference on Tools and Algorithms for Construction and Analysis of Systems,https://www.semanticscholar.org/paper/a2d86746f105221a4d46131fdd7d1862fc6da0a0,108,21,semanticscholar,a2d86746f105221a4d46131fdd7d1862fc6da0a0,CS030,S44,included,included
doi:10.1007/978-3-540-27813-9_2,Static Program Analysis via 3-Valued Logic,2004,2004-07-13,T. Reps,10.1007/978-3-540-27813-9_2,,International Conference on Computer Aided Verification,https://www.semanticscholar.org/paper/d6a6bd8652c745842eee309c8ac8d5bc4916dc33,69,44,semanticscholar,d6a6bd8652c745842eee309c8ac8d5bc4916dc33,CS030,S44,included,included
doi:10.1007/978-3-540-27813-9_4,A Formal Reduction for Lock-Free Parallel Algorithms,2004,2004-07-13,Hui Gao; W. Hesselink,10.1007/978-3-540-27813-9_4,,International Conference on Computer Aided Verification,https://www.semanticscholar.org/paper/d383564dd75f7e8aec54c992a2867e90d906c634,25,17,semanticscholar,d383564dd75f7e8aec54c992a2867e90d906c634,CS030,S44,included,included
doi:10.1007/978-3-540-27864-1_20,Partially Disjunctive Heap Abstraction,2004,2004-08-26,R. Manevich; M. Sagiv; G. Ramalingam; J. Field,10.1007/978-3-540-27864-1_20,,Sensors Applications Symposium,https://www.semanticscholar.org/paper/eef495113a46252895c47556fc0e08f603967f44,53,25,semanticscholar,eef495113a46252895c47556fc0e08f603967f44,CS030,S44,included,included
doi:10.1007/978-3-540-28644-8_2,A Semantics for Concurrent Separation Logic,2004,2004-08-31,S. Brookes,10.1007/978-3-540-28644-8_2,,International Conference on Concurrency Theory,https://www.semanticscholar.org/paper/5f3bd158e3a9e4c2b9676e30f84f13b27c136b7d,357,52,semanticscholar,5f3bd158e3a9e4c2b9676e30f84f13b27c136b7d,CS002;CS007;CS010,S02;S08;S14,included,included
doi:10.1007/978-3-540-28644-8_4,"Resources, Concurrency and Local Reasoning",2004,2004-08-31,P. O'Hearn,10.1007/978-3-540-28644-8_4,,International Conference on Concurrency Theory,https://www.semanticscholar.org/paper/9651bfd271e42b77f259828dc39920042731584b,802,54,semanticscholar,9651bfd271e42b77f259828dc39920042731584b,CS002;CS007;CS010;CS012,S02;S08;S14;S16,included,included
doi:10.1007/978-3-540-30232-2_7,Formal Verification of a Practical Lock-Free Queue Algorithm,2004,2004-09-27,Simon Doherty; Lindsay J. Groves; Victor Luchangco; Mark Moir,10.1007/978-3-540-30232-2_7,,Formal Techniques for (Networked and) Distributed Systems,https://www.semanticscholar.org/paper/fe45719732b4b2cfc845e0906567f5bf2f2903be,123,9,semanticscholar,fe45719732b4b2cfc845e0906567f5bf2f2903be,CS028;CS030,S40;S44,included,included
doi:10.1007/978-3-540-39724-3_20,On Combining Symmetry Reduction and Symbolic Representation for Efficient Model Checking,2003,2003-10-21,E. Allen Emerson; T. Wahl,10.1007/978-3-540-39724-3_20,,Conference on Correct Hardware Design and Verification Methods,https://www.semanticscholar.org/paper/c71c425747c90b6fb5489cb7e54cfcee2be6b572,48,21,semanticscholar,c71c425747c90b6fb5489cb7e54cfcee2be6b572,CS030,S44,included,included
doi:10.1007/978-3-540-45099-3_15,TVLA: A System for Implementing Static Analyses,2000,2000-06-29,T. Lev-Ami; Shmuel Sagiv,10.1007/978-3-540-45099-3_15,,Sensors Applications Symposium,https://www.semanticscholar.org/paper/b12f8ce4f08743c663b1ed6df22dfa4366c565c3,286,17,semanticscholar,b12f8ce4f08743c663b1ed6df22dfa4366c565c3,CS030,S44,included,included
doi:10.1007/978-3-540-68863-1_6,Mechanizing a Correctness Proof for a Lock-Free Concurrent Stack,2008,,,10.1007/978-3-540-68863-1_6,,,,,,seed-catalog,DOI:10.1007/978-3-540-68863-1_6,CS027,S38,included,included
doi:10.1007/978-3-540-69166-2_24,Heap Decomposition for Concurrent Shape Analysis,2008,2008-07-16,R. Manevich; T. Lev-Ami; M. Sagiv; G. Ramalingam; Josh Berdine,10.1007/978-3-540-69166-2_24,,Sensors Applications Symposium,https://www.semanticscholar.org/paper/35335fd131021f5e2cbac5dc2cd7e78111d1b82d,34,32,semanticscholar,35335fd131021f5e2cbac5dc2cd7e78111d1b82d,CS030,S44,included,included
doi:10.1007/978-3-540-69850-0_12,Design and Synthesis of Synchronization Skeletons Using Branching Time Temporal Logic,2008,,E. Clarke,10.1007/978-3-540-69850-0_12,,25 Years of Model Checking,https://www.semanticscholar.org/paper/843abecc52872013d64960bfae7533fa83a20372,1683,18,semanticscholar,843abecc52872013d64960bfae7533fa83a20372,CS030,S44,included,included
doi:10.1007/978-3-540-70545-1_12,Effective Program Verification for Relaxed Memory Models,2008,2008-07-07,S. Burckhardt; M. Musuvathi,10.1007/978-3-540-70545-1_12,,International Conference on Computer Aided Verification,https://www.semanticscholar.org/paper/b1d9a0cfb5b6f5ed8f16e6b9d7be4171c01d2332,150,32,semanticscholar,b1d9a0cfb5b6f5ed8f16e6b9d7be4171c01d2332,CS022,S33,included,included
doi:10.1007/978-3-540-70545-1_37,Thread Quantification for Concurrent Shape Analysis,2008,2008-07-07,Josh Berdine; T. Lev-Ami; R. Manevich; G. Ramalingam; M. Sagiv,10.1007/978-3-540-70545-1_37,,International Conference on Computer Aided Verification,https://www.semanticscholar.org/paper/894cf2a82386dca97e6d6c7b1d4230836ee4cec6,84,39,semanticscholar,894cf2a82386dca97e6d6c7b1d4230836ee4cec6,CS028;CS030,S40;S44,included,included
doi:10.1007/978-3-540-73210-5_11,Proving Linearizability Via Non-atomic Refinement,2007,2007-07-02,J. Derrick; G. Schellhorn; H. Wehrheim,10.1007/978-3-540-73210-5_11,,International Conference on Integrated Formal Methods,https://www.semanticscholar.org/paper/d8b395451171b2a8b8f9f92a8da2421e9ec34939,33,23,semanticscholar,d8b395451171b2a8b8f9f92a8da2421e9ec34939,CS030,S44,included,included
doi:10.1007/978-3-540-73368-3_1,Automatically Proving Program Termination,2007,,B. Cook,10.1007/978-3-540-73368-3_1,,International Conference on Computer Aided Verification,https://www.semanticscholar.org/paper/97a5b66b0bb3c6607006d1579335eb58d54ea63a,2,52,semanticscholar,97a5b66b0bb3c6607006d1579335eb58d54ea63a,CS009,S10,included,included
doi:10.1007/978-3-540-73368-3_25,Revamping TVLA: Making Parametric Shape Analysis Competitive,2007,2007-07-03,Igor Bogudlov; T. Lev-Ami; T. Reps; Shmuel Sagiv,10.1007/978-3-540-73368-3_25,,International Conference on Computer Aided Verification,https://www.semanticscholar.org/paper/2e86e2461c9ed10bb4e310d212de26905647e958,62,24,semanticscholar,2e86e2461c9ed10bb4e310d212de26905647e958,CS030,S44,included,included
doi:10.1007/978-3-540-73368-3_49,Comparison Under Abstraction for Verifying Linearizability,2007,2007-07-03,Daphna Amit; N. Rinetzky; T. Reps; Shmuel Sagiv; Eran Yahav,10.1007/978-3-540-73368-3_49,,International Conference on Computer Aided Verification,https://www.semanticscholar.org/paper/abf5aa38af47b720895009d23a57aaf00adae497,130,24,semanticscholar,abf5aa38af47b720895009d23a57aaf00adae497,CS022;CS030,S33;S44,included,included
doi:10.1007/978-3-540-73368-3_5,A Tutorial on Satisfiability Modulo Theories,2007,2007-07-03,L. D. Moura; B. Dutertre; N. Shankar,10.1007/978-3-540-73368-3_5,,International Conference on Computer Aided Verification,https://www.semanticscholar.org/paper/4afdc928559feb8bb67a0671f9d36e8e76681d6a,85,44,semanticscholar,4afdc928559feb8bb67a0671f9d36e8e76681d6a,CS030,S44,included,included
doi:10.1007/978-3-540-74061-2_15,Modular Safety Checking for Fine-Grained Concurrency,2007,2007-08-22,C. Calcagno; Matthew J. Parkinson; Viktor Vafeiadis,10.1007/978-3-540-74061-2_15,,Sensors Applications Symposium,https://www.semanticscholar.org/paper/7e0fc0dd9ff137a24bcb98a78f0eb743910c97ba,87,31,semanticscholar,7e0fc0dd9ff137a24bcb98a78f0eb743910c97ba,CS028,S40,included,included
doi:10.1007/978-3-540-75292-9_9,Verifying Lock-Freedom Using Well-Founded Orders,2007,2007-09-26,R. Colvin; Brijesh Dongol,10.1007/978-3-540-75292-9_9,,International Colloquium on Theoretical Aspects of Computing,https://www.semanticscholar.org/paper/9d29746313d395f4b00c0e009da8869c23e95493,12,26,seed-catalog;semanticscholar,9d29746313d395f4b00c0e009da8869c23e95493;DOI:10.1007/978-3-540-75292-9_9,CS024;CS030,A29;S44,included,included
doi:10.1007/978-3-540-75596-8_4,Branching vs. Linear Time: Semantical Perspective,2007,2007-10-22,Sumit Nain; Moshe Y. Vardi,10.1007/978-3-540-75596-8_4,,Automated Technology for Verification and Analysis,https://www.semanticscholar.org/paper/8aad5eaa1429d315922d9bd6ff1dd39d2398c210,39,65,semanticscholar,8aad5eaa1429d315922d9bd6ff1dd39d2398c210,CS030,S44,included,included
doi:10.1007/978-3-540-77096-1_29,The Baskets Queue,2007,2007-12-17,M. Peter Hoffman; Ori Shalev; N. Shavit,10.1007/978-3-540-77096-1_29,,International Conference on Principles of Distributed Systems,https://www.semanticscholar.org/paper/b656eca91e07867e89d0139c3f9e39f477a8552f,68,24,semanticscholar,b656eca91e07867e89d0139c3f9e39f477a8552f,CS022,S33,included,included
doi:10.1007/978-3-540-78127-1_36,From Monadic Logic to PSL,2008,,Moshe Y. Vardi,10.1007/978-3-540-78127-1_36,,Pillars of Computer Science,https://www.semanticscholar.org/paper/0fd598b851c349a102c98ebac63b95520ead0439,9,155,semanticscholar,0fd598b851c349a102c98ebac63b95520ead0439,CS030,S44,included,included
doi:10.1007/978-3-540-85114-1_11,Tackling Large Verification Problems with the Swarm Tool,2008,2008-08-10,G. Holzmann; Rajeev Joshi; Alex Groce,10.1007/978-3-540-85114-1_11,,SPIN,https://www.semanticscholar.org/paper/ab0738026e8c7f76b619687c744b3fded365e13d,53,13,semanticscholar,ab0738026e8c7f76b619687c744b3fded365e13d,CS030,S44,included,included
doi:10.1007/978-3-540-87603-8_4,Refinement of State-Based Systems: ASMs and Big Commuting Diagrams (Abstract),2008,2008-09-16,G. Schellhorn,10.1007/978-3-540-87603-8_4,,"International Conference on Abstract State Machines, Alloy, B, TLA, VDM, and Z",https://www.semanticscholar.org/paper/9bcdc7a8f44ebbe3dab25f08734c702b9d1043a0,1,35,semanticscholar,9bcdc7a8f44ebbe3dab25f08734c702b9d1043a0,CS027,S38,included,included
doi:10.1007/978-3-540-93900-9_27,Shape-Value Abstraction for Verifying Linearizability,2008,2008-12-16,Viktor Vafeiadis,10.1007/978-3-540-93900-9_27,,"International Conference on Verification, Model Checking and Abstract Interpretation",https://www.semanticscholar.org/paper/71ed275e0e1f90a17763bf25f79ddcdf0fddaa02,99,22,semanticscholar,71ed275e0e1f90a17763bf25f79ddcdf0fddaa02,CS022;CS028;CS030,S33;S40;S44,included,included
doi:10.1007/978-3-540-93900-9_6,Towards Automatic Stability Analysis for Rely-Guarantee Proofs,2008,2008-12-16,Hasan Amjad; R. Bornat,10.1007/978-3-540-93900-9_6,,"International Conference on Verification, Model Checking and Abstract Interpretation",https://www.semanticscholar.org/paper/d3d435c91ae045de4570a0a2a114aeb192924507,5,25,semanticscholar,d3d435c91ae045de4570a0a2a114aeb192924507,CS009,S10,included,included
doi:10.1007/978-3-642-00590-9_14,Amortised Memory Analysis Using the Depth of Data Structures,2009,2009-03-28,B. Campbell,10.1007/978-3-642-00590-9_14,,European Symposium on Programming,https://www.semanticscholar.org/paper/845dd4ba03b74576ea8b6de080029f0ee09f9b24,1415,28,semanticscholar,845dd4ba03b74576ea8b6de080029f0ee09f9b24,CS023,S35,included,included
doi:10.1007/978-3-642-02652-2_21,Experience with Model Checking Linearizability,2009,2009-06-26,Martin T. Vechev; Eran Yahav; G. Yorsh,10.1007/978-3-642-02652-2_21,,SPIN,https://www.semanticscholar.org/paper/719a7fd97d662e55e3cf8b2c6b99219b908eebea,86,26,semanticscholar,719a7fd97d662e55e3cf8b2c6b99219b908eebea,CS030,S44,included,included
doi:10.1007/978-3-642-02658-4_59,PAT: Towards Flexible Verification under Fairness,2009,2009-06-23,Jun Sun; Yang Liu; J. Dong; Jun Pang,10.1007/978-3-642-02658-4_59,,International Conference on Computer Aided Verification,https://www.semanticscholar.org/paper/7262fe7f6fb4ca26c0999c6a786f1f555238d7ec,377,12,semanticscholar,7262fe7f6fb4ca26c0999c6a786f1f555238d7ec,CS030,S44,included,included
doi:10.1007/978-3-642-03359-9_27,A Better x86 Memory Model: x86-TSO,2009,2009-08-20,Scott Owens; Susmit Sarkar; Peter Sewell,10.1007/978-3-642-03359-9_27,,International Conference on Theorem Proving in Higher Order Logics,https://www.semanticscholar.org/paper/e949f00933afc88cfc8982c2becb5971635085d9,423,22,semanticscholar,e949f00933afc88cfc8982c2becb5971635085d9,CS001;CS022;CS031,S01;S33;S45,included,included
doi:10.1007/978-3-642-04355-0_28,Nonblocking Algorithms and Backward Simulation,2009,2009-09-23,Simon Doherty; Mark Moir,10.1007/978-3-642-04355-0_28,,International Symposium on Distributed Computing,https://www.semanticscholar.org/paper/e109a4c3c56ef21975ec950892f0a224e7d20749,10,13,semanticscholar,e109a4c3c56ef21975ec950892f0a224e7d20749,CS030,S44,included,included
doi:10.1007/978-3-642-05089-3_21,Model Checking Linearizability via Refinement,2009,2009-11-04,Yang Liu; Wei Chen; Yanhong A. Liu; Jun Sun,10.1007/978-3-642-05089-3_21,,World Congress on Formal Methods,https://www.semanticscholar.org/paper/d7be6573747ce1d718e059842d361c9f9a492a1c,60,38,semanticscholar,d7be6573747ce1d718e059842d361c9f9a492a1c,CS030,S44,included,included
doi:10.1007/978-3-642-11319-2_25,RGSep Action Inference,2010,2010-01-17,Viktor Vafeiadis,10.1007/978-3-642-11319-2_25,,"International Conference on Verification, Model Checking and Abstract Interpretation",https://www.semanticscholar.org/paper/6558c1efcb6cceccce2143061583e3a868f41ee1,37,31,semanticscholar,6558c1efcb6cceccce2143061583e3a868f41ee1,CS009;CS028,S10;S40,included,included
doi:10.1007/978-3-642-11957-6_22,Deadlock-Free Channels and Locks,2010,2010-03-20,K. R. M. Leino; Peter Müller; Jan Smans,10.1007/978-3-642-11957-6_22,,European Symposium on Programming,https://www.semanticscholar.org/paper/f213e709a1d4a3574ea0242635fd0eb5fe15401e,70,45,semanticscholar,f213e709a1d4a3574ea0242635fd0eb5fe15401e,CS011,S15,included,included
doi:10.1007/978-3-642-11957-6_32,Explicit Stabilisation for Modular Rely-Guarantee Reasoning,2010,2010-03-20,John Wickerson; Mike Dodds; Matthew J. Parkinson,10.1007/978-3-642-11957-6_32,,European Symposium on Programming,https://www.semanticscholar.org/paper/e881771c63c610867b37257c80ec579c828782ab,33,28,semanticscholar,e881771c63c610867b37257c80ec579c828782ab,CS009,S10,included,included
doi:10.1007/978-3-642-13321-3_21,Temporal Logic Verification of Lock-Freedom,2010,2010-06-21,B. Tofan; S. Bäumler; G. Schellhorn; W. Reif,10.1007/978-3-642-13321-3_21,,International Conference on Mathematics of Program Construction,https://www.semanticscholar.org/paper/869ae96da6326045f6dcfd0c7dbf4574a19aabcf,23,49,semanticscholar,869ae96da6326045f6dcfd0c7dbf4574a19aabcf,CS009;CS024;CS025,A29;A30;S10,included,included
doi:10.1007/978-3-642-14295-6_40,Automatically Proving Linearizability,2010,2010-07-15,Viktor Vafeiadis,10.1007/978-3-642-14295-6_40,,International Conference on Computer Aided Verification,https://www.semanticscholar.org/paper/b1508a30391045403cb423af853767d15a2e73bd,131,26,semanticscholar,b1508a30391045403cb423af853767d15a2e73bd,CS007;CS022;CS028,S08;S33;S40,included,included
doi:10.1007/978-3-642-15375-4_27,Reasoning about Optimistic Concurrency Using a Program Logic for History,2010,2010-08-31,Ming Fu; Yong Li; Xinyu Feng; Zhong Shao; Yu Zhang,10.1007/978-3-642-15375-4_27,,International Conference on Concurrency Theory,https://www.semanticscholar.org/paper/5f0ecbae18acd3355e21b779cc1e78928536a474,60,24,semanticscholar,5f0ecbae18acd3355e21b779cc1e78928536a474,CS009,S10,included,included
doi:10.1007/978-3-642-15769-1_19,Alternation for Termination,2010,2010-09-14,William R. Harris; Akash Lal; Aditya V. Nori; S. Rajamani,10.1007/978-3-642-15769-1_19,,Sensors Applications Symposium,https://www.semanticscholar.org/paper/d8638d0636c2530afd71e7868357f21cf20c5ac2,63,20,semanticscholar,d8638d0636c2530afd71e7868357f21cf20c5ac2,CS009,S10,included,included
doi:10.1007/978-3-642-15769-1_4,Size-Change Termination and Transition Invariants,2010,2010-09-14,Matthias Heizmann; N. Jones; A. Podelski,10.1007/978-3-642-15769-1_4,,Sensors Applications Symposium,https://www.semanticscholar.org/paper/eedcfccd2414d7d97c94f0a94abad6cd0b96ca9b,32,51,semanticscholar,eedcfccd2414d7d97c94f0a94abad6cd0b96ca9b,CS009,S10,included,included
doi:10.1007/978-3-642-15769-1_8,"Multi-dimensional Rankings, Program Termination, and Complexity Bounds of Flowchart Programs",2010,2010-09-14,Christophe Alias; Alain Darte; P. Feautrier; L. Gonnord,10.1007/978-3-642-15769-1_8,,Sensors Applications Symposium,https://www.semanticscholar.org/paper/0d1c7ca9afa328fef4d6fd42c3d19f79022232dd,193,43,semanticscholar,0d1c7ca9afa328fef4d6fd42c3d19f79022232dd,CS028,S40,included,included
doi:10.1007/978-3-642-17653-1_29,Quasi-Linearizability: Relaxed Consistency for Improved Concurrency,2010,2010-12-14,Y. Afek; G. Korland; E. Yanovsky,10.1007/978-3-642-17653-1_29,,International Conference on Principles of Distributed Systems,https://www.semanticscholar.org/paper/8d0c3adf556965c3e59d83cbd454ee58236188e6,97,10,semanticscholar,8d0c3adf556965c3e59d83cbd454ee58236188e6,CS006,S07,included,included
doi:10.1007/978-3-642-18275-4_16,Verifying Deadlock-Freedom of Communication Fabrics,2011,2011-01-23,Alexander Gotmanov; S. Chatterjee; M. Kishinevsky,10.1007/978-3-642-18275-4_16,,"International Conference on Verification, Model Checking and Abstract Interpretation",https://www.semanticscholar.org/paper/7d88bea736a8fcd4b1b02cfed92e1b8b576fb8ed,45,16,semanticscholar,7d88bea736a8fcd4b1b02cfed92e1b8b576fb8ed,CS009,S10,included,included
doi:10.1007/978-3-642-19718-5_21,Static Analysis of Run-Time Errors in Embedded Critical Parallel C Programs,2011,2011-03-26,A. Miné,10.1007/978-3-642-19718-5_21,,European Symposium on Programming,https://www.semanticscholar.org/paper/89934a56c2b408d7ccd48300865ccc4613782ca6,66,28,semanticscholar,89934a56c2b408d7ccd48300865ccc4613782ca6,CS028,S40,included,included
doi:10.1007/978-3-642-20398-5_4,"VeriFast: A Powerful, Sound, Predictable, Fast Verifier for C and Java",2011,2011-04-18,B. Jacobs; Jan Smans; Pieter Philippaerts; F. Vogels; Willem Penninckx; F. Piessens,10.1007/978-3-642-20398-5_4,,NASA Formal Methods,https://www.semanticscholar.org/paper/acd8d3df882c7be3be2c3af1c2e42575f1fc138a,457,8,semanticscholar,acd8d3df882c7be3be2c3af1c2e42575f1fc138a,CS011,S15,included,included
doi:10.1007/978-3-642-21437-0_25,Verifying Linearisability with Potential Linearisation Points,2011,2011-06-20,J. Derrick; G. Schellhorn; H. Wehrheim,10.1007/978-3-642-21437-0_25,,World Congress on Formal Methods,https://www.semanticscholar.org/paper/f95fc64697361b2e5470892032097e5b6c4ad1b1,48,24,semanticscholar,f95fc64697361b2e5470892032097e5b6c4ad1b1,CS027;CS030,S38;S44,included,included
doi:10.1007/978-3-642-22012-8_34,Deciding Robustness against Total Store Ordering,2011,2011-07-04,A. Bouajjani; R. Meyer; E. Möhlmann,10.1007/978-3-642-22012-8_34,,"International Colloquium on Automata, Languages and Programming",https://www.semanticscholar.org/paper/dc993a5819e0c847f12c4fb1eb9f7ad5b82fc78a,58,15,semanticscholar,dc993a5819e0c847f12c4fb1eb9f7ad5b82fc78a,CS001,S01,included,included
doi:10.1007/978-3-642-22012-8_36,Liveness-Preserving Atomicity Abstraction,2011,2011-07-04,Alexey Gotsman; Hongseok Yang,10.1007/978-3-642-22012-8_36,,"International Colloquium on Automata, Languages and Programming",https://www.semanticscholar.org/paper/510c058a089b8fec75cdc9d3a45fa4137f88f760,47,21,semanticscholar,510c058a089b8fec75cdc9d3a45fa4137f88f760,CS002;CS008;CS009;CS029,S02;S09;S10;S42,included,included
doi:10.1007/978-3-642-23283-1_16,Formal Verification of a Lock-Free Stack with Hazard Pointers,2011,,,10.1007/978-3-642-23283-1_16,,,,,,seed-catalog,DOI:10.1007/978-3-642-23283-1_16,CS018,S28,included,included
doi:10.1007/978-3-642-23397-5_15,Progress Guarantees When Composing Lock-Free Objects,2011,2011-08-29,Nhan Nguyen Dang; P. Tsigas,10.1007/978-3-642-23397-5_15,,European Conference on Parallel Processing,https://www.semanticscholar.org/paper/1f2e22a8e469651851a27dffa422058bc73a89a7,8,25,semanticscholar,1f2e22a8e469651851a27dffa422058bc73a89a7,CS029,S42,included,included
doi:10.1007/978-3-642-24690-6_10,A Machine-Checked Framework for Relational Separation Logic,2011,2011-11-14,Juan Manuel Crespo; César Kunz,10.1007/978-3-642-24690-6_10,,IEEE International Conference on Software Engineering and Formal Methods,https://www.semanticscholar.org/paper/5203ba008b8c8c4c689ddbbbc66a82d78ef42e2d,4,37,semanticscholar,5203ba008b8c8c4c689ddbbbc66a82d78ef42e2d,CS009,S10,included,included
doi:10.1007/978-3-642-25379-9_19,Verification of Scalable Synchronous Queue,2011,2011-12-07,Jinjiang Lei; Zongyan Qiu,10.1007/978-3-642-25379-9_19,,Certified Programs and Proofs,https://www.semanticscholar.org/paper/4b74c432963ecc45c6a328082bdc384819592112,0,28,semanticscholar,4b74c432963ecc45c6a328082bdc384819592112,CS009,S10,included,included
doi:10.1007/978-3-642-25873-2_22,On the Nature of Progress,2011,2011-12-01,M. Herlihy; N. Shavit,10.1007/978-3-642-25873-2_22,,International Conference on Principles of Distributed Systems,https://www.semanticscholar.org/paper/2971f8be9d651defda905fae34fdab51d6cbd5d6,120,18,semanticscholar,2971f8be9d651defda905fae34fdab51d6cbd5d6,CS002,S02,included,included
doi:10.1007/978-3-642-28717-6_1,Automatic Inference of Resource Consumption Bounds,2012,2012-03-11,E. Albert; P. Arenas; S. Genaim; M. Gómez-Zamalloa; G. Puebla,10.1007/978-3-642-28717-6_1,,Logic Programming and Automated Reasoning,https://www.semanticscholar.org/paper/c736bd814753890f93016dc132169e18cf2f0c16,12,41,semanticscholar,c736bd814753890f93016dc132169e18cf2f0c16,CS028,S40,included,included
doi:10.1007/978-3-642-28756-5_17,Compositional Termination Proofs for Multi-threaded Programs,2012,2012-03-24,C. Popeea; A. Rybalchenko,10.1007/978-3-642-28756-5_17,,International Conference on Tools and Algorithms for Construction and Analysis of Systems,https://www.semanticscholar.org/paper/379d1c1ec7dd29930e6b04b3c9a59937a77fb860,39,22,semanticscholar,379d1c1ec7dd29930e6b04b3c9a59937a77fb860,CS009,S10,included,included
doi:10.1007/978-3-642-28869-2_5,Concurrent Library Correctness on the TSO Memory Model,2012,2012-03-24,S. Burckhardt; Alexey Gotsman; M. Musuvathi; Hongseok Yang,10.1007/978-3-642-28869-2_5,,European Symposium on Programming,https://www.semanticscholar.org/paper/917b58c3e622f3ba1655db3f767d61381d9b7ac6,64,25,semanticscholar,917b58c3e622f3ba1655db3f767d61381d9b7ac6,CS006;CS022;CS031,S07;S33;S45,included,included
doi:10.1007/978-3-642-28891-3_2,Verified Software Toolchain,2012,2012-04-03,Andrew W. Appel,10.1007/978-3-642-28891-3_2,,NASA Formal Methods,https://www.semanticscholar.org/paper/b0b23f22ccc172a8cf72440d905dfe1c2c299ac5,49,27,semanticscholar,b0b23f22ccc172a8cf72440d905dfe1c2c299ac5,CS011,S15,included,included
doi:10.1007/978-3-642-31424-7_19,Detecting Fair Non-termination in Multithreaded Programs,2012,2012-07-07,M. Atig; A. Bouajjani; M. Emmi; Akash Lal,10.1007/978-3-642-31424-7_19,,International Conference on Computer Aided Verification,https://www.semanticscholar.org/paper/fc3b5ae9ae6580663c7a76d99e2441417b4ab121,36,28,semanticscholar,fc3b5ae9ae6580663c7a76d99e2441417b4ab121,CS004,S05,included,included
doi:10.1007/978-3-642-31424-7_21,How to Prove Algorithms Linearisable,2012,2012-07-07,G. Schellhorn; H. Wehrheim; J. Derrick,10.1007/978-3-642-31424-7_21,,International Conference on Computer Aided Verification,https://www.semanticscholar.org/paper/6883fb2eff8ec0897f74fb169c32e465d87df988,49,33,semanticscholar,6883fb2eff8ec0897f74fb169c32e465d87df988,CS018,S28,included,included
doi:10.1007/978-3-642-31424-7_64,Resource Aware ML,2012,2012-07-07,Jan Hoffmann; Klaus Aehlig; M. Hofmann,10.1007/978-3-642-31424-7_64,,International Conference on Computer Aided Verification,https://www.semanticscholar.org/paper/901ad3ea56ae97530cb15c7f761f9e1e026131cd,94,16,semanticscholar,901ad3ea56ae97530cb15c7f761f9e1e026131cd,CS023,S35,included,included
doi:10.1007/978-3-642-31762-0,Formal Verification of Object-Oriented Software,2011,,Beckert Bernhard; Damiani Ferruccio; Gurov Dilian,10.1007/978-3-642-31762-0,,Lecture Notes in Computer Science,https://www.semanticscholar.org/paper/5730842d26233ee4cdbfd98e282480cc6036bab7,5,29,semanticscholar,5730842d26233ee4cdbfd98e282480cc6036bab7,CS009;CS018,S10;S28,included,included
doi:10.1007/978-3-642-32027-9_10,Transactional Memory,2012,,T. Harris,10.1007/978-3-642-32027-9_10,,Fundamentals of Multicore Software Development,https://www.semanticscholar.org/paper/a27daae9012c7715aae1d7df6170ad904c5d0694,0,96,semanticscholar,a27daae9012c7715aae1d7df6170ad904c5d0694,CS025;CS029,A30;S42,included,included
doi:10.1007/978-3-642-32940-1_21,Intensional and Extensional Characterisation of Global Progress in the π-Calculus,2012,2012-09-04,L. Fossati; Kohei Honda; N. Yoshida,10.1007/978-3-642-32940-1_21,,International Conference on Concurrency Theory,https://www.semanticscholar.org/paper/206648d6de6808e3deaa04782c9ec64670e5280a,3,37,semanticscholar,206648d6de6808e3deaa04782c9ec64670e5280a,CS009;CS029,S10;S42,included,included
doi:10.1007/978-3-642-33651-5_3,Show No Weakness: Sequentially Consistent Specifications of TSO Libraries,2012,2012-10-16,Alexey Gotsman; M. Musuvathi; Hongseok Yang,10.1007/978-3-642-33651-5_3,,International Symposium on Distributed Computing,https://www.semanticscholar.org/paper/ea29f7459f7e774795fae31b4277b11d620bd98f,42,18,semanticscholar,ea29f7459f7e774795fae31b4277b11d620bd98f,CS031,S45,included,included
doi:10.1007/978-3-642-36742-7_5,Structural Counter Abstraction,2013,2013-03-16,Kshitij Bansal; Eric Koskinen; Thomas Wies; D. Zufferey,10.1007/978-3-642-36742-7_5,,International Conference on Tools and Algorithms for Construction and Analysis of Systems,https://www.semanticscholar.org/paper/258b7d05e2fe6eba66db6d8f2572efdbae9bb707,18,37,semanticscholar,258b7d05e2fe6eba66db6d8f2572efdbae9bb707,CS009,S10,included,included
doi:10.1007/978-3-642-37036-6_11,Modular Reasoning about Separation of Concurrent Data Structures,2013,2013-03-16,Kasper Svendsen; L. Birkedal; Matthew J. Parkinson,10.1007/978-3-642-37036-6_11,,European Symposium on Programming,https://www.semanticscholar.org/paper/5b4b751350faf7b87158794f30402bd290d12a90,69,22,semanticscholar,5b4b751350faf7b87158794f30402bd290d12a90,CS010;CS012,S14;S16,included,included
doi:10.1007/978-3-642-37036-6_15,Verifying Concurrent Memory Reclamation Algorithms with Grace,2013,2013-03-16,Alexey Gotsman; N. Rinetzky; Hongseok Yang,10.1007/978-3-642-37036-6_15,,European Symposium on Programming,https://www.semanticscholar.org/paper/eee2a770af3ca6a88124b0a618114c258a92b9a0,44,21,semanticscholar,eee2a770af3ca6a88124b0a618114c258a92b9a0,CS018,S28,included,included
doi:10.1007/978-3-642-37036-6_27,Quarantining Weakness - Compositional Reasoning under Relaxed Memory Models (Extended Abstract),2013,2013-03-16,R. Jagadeesan; G. Petri; Corin Pitcher; James Riely,10.1007/978-3-642-37036-6_27,,European Symposium on Programming,https://www.semanticscholar.org/paper/036ca64ac4821461ca970779830d92c2984513d6,9,24,semanticscholar,036ca64ac4821461ca970779830d92c2984513d6,CS006,S07,included,included
doi:10.1007/978-3-642-37036-6_29,Checking and Enforcing Robustness against TSO,2013,2013-03-16,A. Bouajjani; Egor Derevenetc; R. Meyer,10.1007/978-3-642-37036-6_29,,European Symposium on Programming,https://www.semanticscholar.org/paper/91ea231972fa6bea899f351c1270c625fc71a3a2,126,37,semanticscholar,91ea231972fa6bea899f351c1270c625fc71a3a2,CS001;CS031,S01;S45,included,included
doi:10.1007/978-3-642-39799-8_11,Automatic Linearizability Proofs of Concurrent Objects with Cooperating Updates,2013,2013-07-13,Cezara Dragoi; Ashutosh Gupta; T. Henzinger,10.1007/978-3-642-39799-8_11,,International Conference on Computer Aided Verification,https://www.semanticscholar.org/paper/8d082dc4f8b37ccdba60420fa4e76d036715b55e,33,16,semanticscholar,8d082dc4f8b37ccdba60420fa4e76d036715b55e,CS022,S33,included,included
doi:10.1007/978-3-642-40184-8_17,Characterizing Progress Properties of Concurrent Objects via Contextual Refinements,2013,2013-08-27,Hongjin Liang; Jan Hoffmann; Xinyu Feng; Zhong Shao,10.1007/978-3-642-40184-8_17,,International Conference on Concurrency Theory,https://www.semanticscholar.org/paper/ef93463898beb55379fbb3be37d98ca8c80d600c,27,17,semanticscholar,ef93463898beb55379fbb3be37d98ca8c80d600c,CS002;CS029;CS031,S02;S42;S45,included,included
doi:10.1007/978-3-642-54833-8_9,Impredicative Concurrent Abstract Predicates,2014,2014-04-05,Kasper Svendsen; L. Birkedal,10.1007/978-3-642-54833-8_9,,European Symposium on Programming,https://www.semanticscholar.org/paper/8f89cf90580dd5442096c1db87b35f65b5e53af3,172,26,semanticscholar,8f89cf90580dd5442096c1db87b35f65b5e53af3,CS006;CS010;CS011,S07;S14;S15,included,included
doi:10.1007/978-3-642-54862-8_11,Proving Nontermination via Safety,2014,2014-04-05,H. Chen; B. Cook; Carsten Fuhs; K. Nimkar; P. O'Hearn,10.1007/978-3-642-54862-8_11,,International Conference on Tools and Algorithms for Construction and Analysis of Systems,https://www.semanticscholar.org/paper/be9b4e48708ea07835038065b5acfcc802a09bbd,71,37,semanticscholar,be9b4e48708ea07835038065b5acfcc802a09bbd,CS004,S05,included,included
doi:10.1007/978-3-642-71549-5,Temporal Logic of Programs,1987,,F. Kröger,10.1007/978-3-642-71549-5,,EATCS Monographs on Theoretical Computer Science,https://www.semanticscholar.org/paper/53e5d573f977bd59416b0bf870bfd4d917c9b79a,5842,0,semanticscholar,53e5d573f977bd59416b0bf870bfd4d917c9b79a,CS012;CS030,S16;S44,included,included
doi:10.1007/978-3-662-43951-7_14,Robustness against Power is PSpace-complete,2014,2014-04-28,Egor Derevenetc; R. Meyer,10.1007/978-3-662-43951-7_14,1404.7092,"International Colloquium on Automata, Languages and Programming",https://www.semanticscholar.org/paper/9a7c2b299d7a19c4f2aaf9f073f63f10e8c4f397,33,43,semanticscholar,9a7c2b299d7a19c4f2aaf9f073f63f10e8c4f397,CS001,S01,included,included
doi:10.1007/978-3-662-43951-7_19,Between Linearizability and Quiescent Consistency - Quantitative Quiescent Consistency,2014,2014-02-17,R. Jagadeesan; James Riely,10.1007/978-3-662-43951-7_19,1402.4043,"International Colloquium on Automata, Languages and Programming",https://www.semanticscholar.org/paper/aa3a3bb377f170002483cf1b9849d19594b0bbf5,13,18,semanticscholar,aa3a3bb377f170002483cf1b9849d19594b0bbf5,CS006,S07,included,included
doi:10.1007/978-3-662-44202-9_9,TaDA: A Logic for Time and Data Abstraction,2014,2014-08-01,Pedro da Rocha Pinto; Thomas Dinsdale-Young; Philippa Gardner,10.1007/978-3-662-44202-9_9,,European Conference on Object-Oriented Programming,https://www.semanticscholar.org/paper/57a680b14c1c66b8641e4f65cedbd1519d8f1db1,163,25,semanticscholar,57a680b14c1c66b8641e4f65cedbd1519d8f1db1,CS006;CS007;CS010;CS011;CS012;CS023,S07;S08;S14;S15;S16;S35,included,included
doi:10.1007/978-3-662-46669-8_14,Specifying and Verifying Concurrent Algorithms with Histories and Subjectivity,2014,2014-10-01,Ilya Sergey; Aleksandar Nanevski; A. Banerjee,10.1007/978-3-662-46669-8_14,1410.0306,European Symposium on Programming,https://www.semanticscholar.org/paper/966d30ee6754adc647f8f83fdf7e178e7e61ac7e,61,41,semanticscholar,966d30ee6754adc647f8f83fdf7e178e7e61ac7e,CS006,S07,included,included
doi:10.1007/978-3-662-46669-8_6,Automatic Static Cost Analysis for Parallel Programs,2015,2015-04-11,Jan Hoffmann; Zhong Shao,10.1007/978-3-662-46669-8_6,,European Symposium on Programming,https://www.semanticscholar.org/paper/fa5752c3588feb28d06f983258e291d191598a64,69,37,semanticscholar,fa5752c3588feb28d06f983258e291d191598a64,CS023,S35,included,included
doi:10.1007/978-3-662-46681-0_30,Fairness for Infinite-State Systems,2015,2015-04-11,B. Cook; Heidy Khlaaf; Nir Piterman,10.1007/978-3-662-46681-0_30,,International Conference on Tools and Algorithms for Construction and Analysis of Systems,https://www.semanticscholar.org/paper/10a5da421310030f551edf87fdf3b831c485a9e0,18,28,semanticscholar,10a5da421310030f551edf87fdf3b831c485a9e0,CS009,S10,included,included
doi:10.1007/978-3-662-47666-6_25,Owicki-Gries Reasoning for Weak Memory Models,2015,2015-07-06,O. Lahav; Viktor Vafeiadis,10.1007/978-3-662-47666-6_25,,"International Colloquium on Automata, Languages and Programming",https://www.semanticscholar.org/paper/af8139aaee50f27b818b3c00373b664b27599e26,102,18,semanticscholar,af8139aaee50f27b818b3c00373b664b27599e26,CS008,S09,included,included
doi:10.1007/978-3-662-48653-5_25,Modular Verification of Concurrency-Aware Linearizability,2015,2015-10-07,Nir Hemed; N. Rinetzky; Viktor Vafeiadis,10.1007/978-3-662-48653-5_25,,International Symposium on Distributed Computing,https://www.semanticscholar.org/paper/d0605134435c3ffbf2253d9f296754141ad4462e,27,26,semanticscholar,d0605134435c3ffbf2253d9f296754141ad4462e,CS006,S07,included,included
doi:10.1007/978-3-662-48653-5_28,Specifying Concurrent Problems: Beyond Linearizability and up to Tasks - (Extended Abstract),2015,2015-07-01,Armando Castañeda; S. Rajsbaum; M. Raynal,10.1007/978-3-662-48653-5_28,1507.00073,International Symposium on Distributed Computing,https://www.semanticscholar.org/paper/94c3d173e6ae8bed0573a380b89e409b3da71024,30,56,semanticscholar,94c3d173e6ae8bed0573a380b89e409b3da71024,CS006,S07,included,included
doi:10.1007/978-3-662-49122-5_20,A Program Logic for C11 Memory Fences,2016,2016-01-17,Marko Doko; Viktor Vafeiadis,10.1007/978-3-662-49122-5_20,,"International Conference on Verification, Model Checking and Abstract Interpretation",https://www.semanticscholar.org/paper/5b91aa1411d11fdac8914b455b84b9d41f22dd73,55,15,semanticscholar,5b91aa1411d11fdac8914b455b84b9d41f22dd73,CS006;CS007;CS008;CS026,S07;S08;S09;S27,included,included
doi:10.1007/978-3-662-49192-8_33,Bounded TSO-to-SC Linearizability Is Decidable,2016,2016-01-23,Chao Wang; Yi Lv; Peng Wu,10.1007/978-3-662-49192-8_33,,Conference on Current Trends in Theory and Practice of Informatics,https://www.semanticscholar.org/paper/63a48cb4a6cbb895b2290a973d4a483a4dbd9a71,3,16,semanticscholar,63a48cb4a6cbb895b2290a973d4a483a4dbd9a71,CS031,S45,included,included
doi:10.1007/978-3-662-49498-1_8,Modular Termination Verification for Non-blocking Concurrency,2016,2016-04-02,Pedro da Rocha Pinto; Thomas Dinsdale-Young; Philippa Gardner; Julian Sutherland,10.1007/978-3-662-49498-1_8,,European Symposium on Programming,https://www.semanticscholar.org/paper/b1eaf624d6f3239d54d55b576b655c0173c44cce,32,30,seed-catalog;semanticscholar,DOI:10.1007/978-3-662-49498-1_8;b1eaf624d6f3239d54d55b576b655c0173c44cce,CS002;CS009;CS012;CS013;CS016,A27;S02;S10;S16;S17,included,included
doi:10.1007/978-3-662-53426-7_23,Linearizability of Persistent Memory Objects Under a Full-System-Crash Failure Model,2016,2016-09-27,Joseph Izraelevitz; H. Mendes; M. Scott,10.1007/978-3-662-53426-7_23,,International Symposium on Distributed Computing,https://www.semanticscholar.org/paper/703cbf8936b998ebf18b24c649bf94268b675a71,200,31,semanticscholar,703cbf8936b998ebf18b24c649bf94268b675a71,CS026,S27,included,included
doi:10.1007/978-3-662-54434-1_17,Tackling Real-Life Relaxed Concurrency with FSL++,2017,2017-04-25,Marko Doko; Viktor Vafeiadis,10.1007/978-3-662-54434-1_17,,European Symposium on Programming,https://www.semanticscholar.org/paper/57af923f720b261e7c88a86267997033759457d7,60,31,semanticscholar,57af923f720b261e7c88a86267997033759457d7,CS006;CS007;CS008,S07;S08;S09,included,included
doi:10.1007/978-3-662-54434-1_24,Proving Linearizability Using Partial Orders,2017,2017-01-19,Artem Khyzha; Mike Dodds; Alexey Gotsman; Matthew J. Parkinson,10.1007/978-3-662-54434-1_24,1701.05463,European Symposium on Programming,https://www.semanticscholar.org/paper/240798283585c18f284abab3fdef5085f590b311,32,26,semanticscholar,240798283585c18f284abab3fdef5085f590b311,CS006,S07,included,included
doi:10.1007/978-3-662-54434-1_26,The Essence of Higher-Order Concurrent Separation Logic,2017,2017-04-22,Robbert Krebbers; Ralf Jung; A. Bizjak; Jacques-Henri Jourdan; Derek Dreyer; L. Birkedal,10.1007/978-3-662-54434-1_26,,European Symposium on Programming,https://www.semanticscholar.org/paper/40ad5da7268bdc6468c997f5eb1b71c0f798c6ef,152,32,semanticscholar,40ad5da7268bdc6468c997f5eb1b71c0f798c6ef,CS006;CS007;CS012,S07;S08;S16,included,included
doi:10.1007/978-3-662-54434-1_34,A Higher-Order Logic for Concurrent Termination-Preserving Refinement,2017,2017-01-20,Joseph Tassarotti; Ralf Jung; R. Harper,10.1007/978-3-662-54434-1_34,1701.05888,European Symposium on Programming,https://www.semanticscholar.org/paper/afe8ae3915bc12c5a76f35cd866242d438369c9f,52,45,semanticscholar,afe8ae3915bc12c5a76f35cd866242d438369c9f,CS002;CS010;CS011;CS012;CS013;CS014;CS016,A27;S02;S14;S15;S16;S17;S19,included,included
doi:10.1007/978-3-662-54434-1_36,Abstract Specifications for Concurrent Maps,2017,2017-04-22,Shale Xiong; Pedro da Rocha Pinto; Gian Ntzik; Philippa Gardner,10.1007/978-3-662-54434-1_36,,European Symposium on Programming,https://www.semanticscholar.org/paper/092dcce6d10ec8c0faf2a5fa7831ad3471ccef03,9,29,semanticscholar,092dcce6d10ec8c0faf2a5fa7831ad3471ccef03,CS013,S17,included,included
doi:10.1007/978-94-010-0413-8_9,Abstractions and Reductions in Model Checking,2002,,O. Grumberg,10.1007/978-94-010-0413-8_9,,,https://www.semanticscholar.org/paper/8aac9ae2df4df2a05cca57e94e0af2066ea01bdc,8,55,semanticscholar,8aac9ae2df4df2a05cca57e94e0af2066ea01bdc,CS030,S44,included,included
doi:10.1007/978-94-011-1793-7_4,Assigning Meanings to Programs,1993,,R. W. Floyd,10.1007/978-94-011-1793-7_4,,Program Verification,https://www.semanticscholar.org/paper/b9e1ba50e31282590558010272e58ab821a9df1e,1831,3,semanticscholar,b9e1ba50e31282590558010272e58ab821a9df1e,CS012,S16,included,included
doi:10.1007/bf00121262,Combining partial order reductions with on-the-fly model-checking,1994,1994-06-21,D. Peled,10.1007/bf00121262,,Formal Methods Syst. Des.,https://www.semanticscholar.org/paper/4734a8494497d39ee25eb248417403cc98b76931,547,31,semanticscholar,4734a8494497d39ee25eb248417403cc98b76931,CS030,S44,included,included
doi:10.1007/bf00268134,An axiomatic proof technique for parallel programs I,1976,1976-12-01,S. Owicki; D. Gries,10.1007/bf00268134,,Acta Informatica,https://www.semanticscholar.org/paper/559b4b532ee8dd9fffc6c24f3f578cbd3c867b2c,677,17,semanticscholar,559b4b532ee8dd9fffc6c24f3f578cbd3c867b2c,CS008,S09,included,included
doi:10.1007/bf00290732,On some variants of Post's Correspondence Problem,1983,1983-09-01,K. Ruohonen,10.1007/bf00290732,,Acta Informatica,https://www.semanticscholar.org/paper/607b898910d2974e1e1cf5dd5a2c2d11671eba16,14,14,semanticscholar,607b898910d2974e1e1cf5dd5a2c2d11671eba16,CS031,S45,included,included
doi:10.1007/bf00625968,Better verification through symmetry,1996,1996-08-01,Norris Ip; D. Dill,10.1007/bf00625968,,Formal Methods Syst. Des.,https://www.semanticscholar.org/paper/31e6d605a8572fee1b87a9974e2d305812c7ec08,476,30,semanticscholar,31e6d605a8572fee1b87a9974e2d305812c7ec08,CS030,S44,included,included
doi:10.1007/bf00625969,Exploiting symmetry in temporal logic model checking,1993,1993-06-28,E. Clarke; S. Jha; R. Enders; Thomas Filkorn,10.1007/bf00625969,,Formal Methods Syst. Des.,https://www.semanticscholar.org/paper/20e4aa2d31b87dff0eaceff14f59ebf9ce08ca76,570,22,semanticscholar,20e4aa2d31b87dff0eaceff14f59ebf9ce08ca76,CS022;CS030,S33;S44,included,included
doi:10.1007/bf00625970,Symmetry and model checking,1993,1993-06-28,E. Allen; Emerson A Prasad Sistla; H. Weyl; In Symmetry,10.1007/bf00625970,,Formal Methods Syst. Des.,https://www.semanticscholar.org/paper/81f87848e16f7d95d9f306385844d3476e09edba,648,26,semanticscholar,81f87848e16f7d95d9f306385844d3476e09edba,CS030,S44,included,included
doi:10.1007/bf01211617,The rely-guarantee method for verifying shared variable concurrent programs,1997,1997-03-01,Qiwen Xu; W. D. Roever; J. He,10.1007/bf01211617,,Formal Aspects of Computing,https://www.semanticscholar.org/paper/cd352cd38a8323c2ac4569f1b643b7a455e6fa48,139,24,semanticscholar,cd352cd38a8323c2ac4569f1b643b7a455e6fa48,CS028,S40,included,included
doi:10.1007/bf01257083,The temporal logic of branching time,1981,1981-01-26,M. Ben-Ari; A. Pnueli; Z. Manna,10.1007/bf01257083,,ACM-SIGACT Symposium on Principles of Programming Languages,https://www.semanticscholar.org/paper/b71885bb82053e53bff32e15aee6ab84489d5bf2,644,20,semanticscholar,b71885bb82053e53bff32e15aee6ab84489d5bf2,CS030,S44,included,included
doi:10.1007/bf01384313,Property preserving abstractions for the verification of concurrent systems,1995,,C. Loiseaux; S. Graf; J. Sifakis; A. Bouajjani; S. Bensalem,10.1007/bf01384313,,Formal Methods Syst. Des.,https://www.semanticscholar.org/paper/2d4bf6993cc62291ae67ff86ea5d7aeb337e644b,448,49,semanticscholar,2d4bf6993cc62291ae67ff86ea5d7aeb337e644b,CS030,S44,included,included
doi:10.1007/bfb0013029,Expressibility results for linear-time and branching-time logics,1988,1988-05-30,E. Clarke; Anca Browne,10.1007/bfb0013029,,REX Workshop,https://www.semanticscholar.org/paper/6882584a354b86b6a97072ef284ecbd56a43c72f,119,9,semanticscholar,6882584a354b86b6a97072ef284ecbd56a43c72f,CS030,S44,included,included
doi:10.1007/bfb0015727,Linear and Branching Structures in the Semantics and Logics of Reactive Systems,1985,1985-07-15,A. Pnueli,10.1007/bfb0015727,,"International Colloquium on Automata, Languages and Programming",https://www.semanticscholar.org/paper/e802aa8a2bf2fe400bf5cc0e12cd55411287bb19,253,33,semanticscholar,e802aa8a2bf2fe400bf5cc0e12cd55411287bb19,CS030,S44,included,included
doi:10.1007/bfb0036900,Behavioural Equivalence Relations Induced by Programming Logics,1983,1983-07-18,S. Brookes; W. Rounds,10.1007/bfb0036900,,"International Colloquium on Automata, Languages and Programming",https://www.semanticscholar.org/paper/56ad2bda2cb9bd6ede153945ab60ec9e1da83800,74,15,semanticscholar,56ad2bda2cb9bd6ede153945ab60ec9e1da83800,CS007,S08,included,included
doi:10.1007/bfb0055036,Algorithmic Verification of Linear Temporal Logic Specifications,1998,1998-07-13,Y. Kesten; A. Pnueli; Li-on Raviv,10.1007/bfb0055036,,"International Colloquium on Automata, Languages and Programming",https://www.semanticscholar.org/paper/2893ec09ce2654d666e215251659b28160b90ae2,150,18,semanticscholar,2893ec09ce2654d666e215251659b28160b90ae2,CS002,S02,included,included
doi:10.1007/bfb0055612,Sometimes and Not Never Re-revisited: On Branching Versus Linear Time,1998,1998-09-08,Moshe Y. Vardi,10.1007/bfb0055612,,International Conference on Concurrency Theory,https://www.semanticscholar.org/paper/b6a8d530e7be6936b219b1592a3fb462c222687c,172,55,semanticscholar,b6a8d530e7be6936b219b1592a3fb462c222687c,CS030,S44,included,included
doi:10.1007/s00165-006-0002-7,Verifying data refinements using a model checker,2006,2006-08-25,Graeme Smith; J. Derrick,10.1007/s00165-006-0002-7,,Formal Aspects of Computing,https://www.semanticscholar.org/paper/8b577483eca37828459874183c7964d547e61ac1,18,30,semanticscholar,8b577483eca37828459874183c7964d547e61ac1,CS030,S44,included,included
doi:10.1007/s00165-014-0310-2,Balancing expressiveness in formal approaches to concurrency,2014,2014-08-29,Cliff B. Jones; I. Hayes; R. Colvin,10.1007/s00165-014-0310-2,,Formal Aspects of Computing,https://www.semanticscholar.org/paper/868e3e9af28c23ba673631ab77b2211d3fa8185a,33,84,semanticscholar,868e3e9af28c23ba673631ab77b2211d3fa8185a,CS009,S10,included,included
doi:10.1007/s00165-019-00499-8,Linearizability on hardware weak memory models,2019,2019-11-15,Graeme Smith; Kirsten Winter; R. Colvin,10.1007/s00165-019-00499-8,,Formal Aspects of Computing,https://www.semanticscholar.org/paper/48c3d0e0c9907427e45d06ce3b1fb761fe46e39f,6,48,semanticscholar,48c3d0e0c9907427e45d06ce3b1fb761fe46e39f,CS007,S08,included,included
doi:10.1007/s00236-007-0044-1,A criterion for atomicity revisited,2007,2007-04-26,W. Hesselink,10.1007/s00236-007-0044-1,,Acta Informatica,https://www.semanticscholar.org/paper/085e99fd66765b03bf420f6f729d7deb2109a4fa,12,31,semanticscholar,085e99fd66765b03bf420f6f729d7deb2109a4fa,CS030,S44,included,included
doi:10.1007/s00236-016-0275-0,Stateless model checking for TSO and PSO,2015,2015-01-09,P. Abdulla; Stavros Aronis; M. Atig; B. Jonsson; C. Leonardsson; Konstantinos Sagonas,10.1007/s00236-016-0275-0,1501.02069,Acta Informatica,https://www.semanticscholar.org/paper/2d99959110d081d2612c74126da384ef93df6699,163,42,semanticscholar,2d99959110d081d2612c74126da384ef93df6699,CS022,S33,included,included
doi:10.1007/s00236-017-0305-6,TSO-to-TSO linearizability is undecidable,2015,2015-10-12,Chao Wang; Yi Lv; Peng Wu,10.1007/s00236-017-0305-6,,Acta Informatica,https://www.semanticscholar.org/paper/6c300bffe3c016670a22efe59930b296915065ef,2,23,semanticscholar,6c300bffe3c016670a22efe59930b296915065ef,CS031,S45,included,included
doi:10.1007/s00446-004-0115-2,Lock-free dynamic hash tables with open addressing,2003,2003-03-18,Hui Gao; J. F. Groote; W. Hesselink,10.1007/s00446-004-0115-2,cs/0303011,Distributed computing,https://www.semanticscholar.org/paper/3955501a1411cd20510890498e45c56b718917fe,74,62,semanticscholar,3955501a1411cd20510890498e45c56b718917fe,CS030,S44,included,included
doi:10.1007/s00446-007-0050-0,An optimistic approach to lock-free FIFO queues,2004,2004-10-04,Edya Ladan-Mozes; N. Shavit,10.1007/s00446-007-0050-0,,Distributed computing,https://www.semanticscholar.org/paper/b28b03f6f88ceb5c7ca7272dff1c4abd6548f7ab,116,38,semanticscholar,b28b03f6f88ceb5c7ca7272dff1c4abd6548f7ab,CS030,S44,included,included
doi:10.1007/s10009-004-0154-9,Symmetry reductions for model checking of concurrent dynamic software,2004,2004-08-01,Radu Iosif,10.1007/s10009-004-0154-9,,International Journal on Software Tools for Technology Transfer (STTT),https://www.semanticscholar.org/paper/5439083720c742d7d158712f76c15718ef57db68,30,32,semanticscholar,5439083720c742d7d158712f76c15718ef57db68,CS030,S44,included,included
doi:10.1007/s10009-010-0135-0,Data decision diagrams for Promela systems analysis,2010,2010-09-01,Vincent Beaudenon; Emmanuelle Encrenaz-Tiphène; Sami Taktak,10.1007/s10009-010-0135-0,,International Journal on Software Tools for Technology Transfer (STTT),https://www.semanticscholar.org/paper/510e2f0ddad0397c680e684e5563d298ad7fd763,6,33,semanticscholar,510e2f0ddad0397c680e684e5563d298ad7fd763,CS030,S44,included,included
doi:10.1007/s10009-011-0211-0,Deductive software verification,2011,2011-10-01,J. Filliâtre,10.1007/s10009-011-0211-0,,International Journal on Software Tools for Technology Transfer (STTT),https://www.semanticscholar.org/paper/3027b57e6a51e26d1a2706db0725f28e0eb4e00f,75,62,semanticscholar,3027b57e6a51e26d1a2706db0725f28e0eb4e00f,CS019,S29,included,included
doi:10.1007/s10009-014-0308-3,KIV: overview and VerifyThis competition,2014,2014-04-16,G. Ernst; J. Pfähler; G. Schellhorn; D. Haneberg; W. Reif,10.1007/s10009-014-0308-3,,International Journal on Software Tools for Technology Transfer (STTT),https://www.semanticscholar.org/paper/d0c4faccf2df85de913544eae8d653610f402eae,59,39,semanticscholar,d0c4faccf2df85de913544eae8d653610f402eae,CS018;CS027,S28;S38,included,included
doi:10.1007/s10009-016-0415-4,An integrated specification and verification technique for highly concurrent data structures,2013,2013-03-16,P. Abdulla; Frédéric Haziza; L. Holík; B. Jonsson; Ahmed Rezine,10.1007/s10009-016-0415-4,,International Journal on Software Tools for Technology Transfer (STTT),https://www.semanticscholar.org/paper/dcf9388933925e2fbdcefd3db9628d0eadd8f33d,63,48,semanticscholar,dcf9388933925e2fbdcefd3db9628d0eadd8f33d,CS022;CS028,S33;S40,included,included
doi:10.1007/s10009-020-00559-y,Automating deductive verification for weak-memory programs (extended version),2017,2017-03-18,Alexander J. Summers; Peter Müller,10.1007/s10009-020-00559-y,1703.06368,International Journal on Software Tools for Technology Transfer (STTT),https://www.semanticscholar.org/paper/d18b4a62a28c5c00df50ae04ce541f0c9c69f6f4,31,46,semanticscholar,d18b4a62a28c5c00df50ae04ce541f0c9c69f6f4,CS007;CS008,S08;S09,included,included
doi:10.1007/s100090050041,"Issues in slicing PROMELA and its applications to model checking, protocol understanding, and simulation",2000,2000-03-01,Lynette I. Millett; T. Teitelbaum,10.1007/s100090050041,,International Journal on Software Tools for Technology Transfer (STTT),https://www.semanticscholar.org/paper/e2930e021af8f4fe3a8be4a17db31919e73ecdf3,60,12,semanticscholar,e2930e021af8f4fe3a8be4a17db31919e73ecdf3,CS030,S44,included,included
doi:10.1007/s100090200074,Symmetric Spin,2000,2000-08-30,D. Bošnački; D. Dams; L. Holenderski,10.1007/s100090200074,,International Journal on Software Tools for Technology Transfer (STTT),https://www.semanticscholar.org/paper/b1648019fe417d082d59b65ef6ce887e6f730309,104,34,semanticscholar,b1648019fe417d082d59b65ef6ce887e6f730309,CS030,S44,included,included
doi:10.1007/s10472-013-9389-z,RGITL: A temporal logic framework for compositional reasoning about interleaved programs,2014,2014-01-29,G. Schellhorn; B. Tofan; G. Ernst; J. Pfähler; W. Reif,10.1007/s10472-013-9389-z,,Annals of Mathematics and Artificial Intelligence,https://www.semanticscholar.org/paper/9ca8a75f6461dbf33d507fcc427982062ba60f95,32,64,semanticscholar,9ca8a75f6461dbf33d507fcc427982062ba60f95,CS009;CS018,S10;S28,included,included
doi:10.1007/s10472-016-9531-9,Parametrized verification diagrams: temporal verification of symmetric parametrized concurrent systems,2017,2017-08-01,Alejandro Sánchez; César Sánchez,10.1007/s10472-016-9531-9,,Annals of Mathematics and Artificial Intelligence,https://www.semanticscholar.org/paper/7f016388e185652d60fce1b511341b4c64dcdfda,0,57,semanticscholar,7f016388e185652d60fce1b511341b4c64dcdfda,CS009,S10,included,included
doi:10.1007/s10703-005-2246-x,Combining Symmetry Reduction and Under-Approximation for Symbolic Model Checking,2002,2002-07-27,S. Barner; O. Grumberg,10.1007/s10703-005-2246-x,,Formal Methods Syst. Des.,https://www.semanticscholar.org/paper/fbd51bc30a0cdbfa378d044e5363893c895339fa,32,37,semanticscholar,fbd51bc30a0cdbfa378d044e5363893c895339fa,CS030,S44,included,included
doi:10.1007/s10703-011-0111-7,Programs with lists are counter automata,2006,2006-08-17,A. Bouajjani; M. Bozga; P. Habermehl; Radu Iosif; P. Moro; Tomáš Vojnar,10.1007/s10703-011-0111-7,,Formal Methods Syst. Des.,https://www.semanticscholar.org/paper/b1579afce14b3b0a9281fabdf451448ca643ec5b,129,42,semanticscholar,b1579afce14b3b0a9281fabdf451448ca643ec5b,CS028,S40,included,included
doi:10.1007/s10703-021-00370-8,Rely-Guarantee Bound Analysis of Parameterized Concurrent Shared-Memory Programs,2021,2021-04-06,Thomas Pani; Georg Weissenbacher; Florian Zuleger,10.1007/s10703-021-00370-8,,Formal methods in system design,https://www.semanticscholar.org/paper/10c2e6b3b17ad819a84a0575ad2964bf5cf20b2e,3,50,seed-catalog;semanticscholar,10c2e6b3b17ad819a84a0575ad2964bf5cf20b2e;DOI:10.1007/s10703-021-00370-8,CS009;CS017;CS028;CS029,A28;S10;S40;S42,included,included
doi:10.1007/s10703-023-00427-w,Concise outlines for a complex logic: a proof outline checker for TaDA,2020,2020-10-14,F. Wolf; M. Schwerhoff; Peter Müller,10.1007/s10703-023-00427-w,2010.07080,Formal methods in system design,https://www.semanticscholar.org/paper/78114f4050bf12212d1d32e104885e1c936cb133,12,56,semanticscholar,78114f4050bf12212d1d32e104885e1c936cb133,CS007;CS012;CS013,S08;S16;S17,included,included
doi:10.1007/s10703-023-00439-6,Thread-modular counter abstraction: automated safety and termination proofs of parameterized software by reduction to sequential program verification,2023,2023-10-06,Thomas Pani; Georg Weissenbacher; Florian Zuleger,10.1007/s10703-023-00439-6,,Formal methods in system design,https://www.semanticscholar.org/paper/432adb96f5481dd91df93b68b07e1cf7a708dcca,2,78,semanticscholar,432adb96f5481dd91df93b68b07e1cf7a708dcca,CS029,S42,included,included
doi:10.1007/s10703-024-00462-1,A verified durable transactional mutex lock for persistent x86-TSO,2024,2024-07-31,E. Bila; Brijesh Dongol,10.1007/s10703-024-00462-1,,Formal methods in system design,https://www.semanticscholar.org/paper/26481f34e1785d1665a1cb9199324eabe5188894,0,89,semanticscholar,26481f34e1785d1665a1cb9199324eabe5188894,CS026,S27,included,included
doi:10.1007/s10766-017-0518-x,GPS+\documentclass[12pt]{minimal} \usepackage{amsmath} \usepackage{wasysym} \usepackage{amsfonts} \usepackage{amssymb} \usepackage{amsbsy} \usepackage{mathrsfs} \usepackage{upgreek} \setlength{\oddsidemargin}{-69pt} \begin{document}$$+$$\end{document}: Reasoning About Fences and Relaxed Atomics,2017,2017-09-26,Mengda He; Viktor Vafeiadis; S. Qin; J. Ferreira,10.1007/s10766-017-0518-x,,International journal of parallel programming,https://www.semanticscholar.org/paper/feac41cb8a904326f93ac648ee70fd277f10c304,7,26,semanticscholar,feac41cb8a904326f93ac648ee70fd277f10c304,CS006,S07,included,included
doi:10.1007/s10817-010-9174-1,Closed-Form Upper Bounds in Static Cost Analysis,2011,2011-02-01,E. Albert; P. Arenas; S. Genaim; G. Puebla,10.1007/s10817-010-9174-1,,Journal of automated reasoning,https://www.semanticscholar.org/paper/d142a97ce42b77cde05f69c0a24089cf9da17067,169,57,semanticscholar,d142a97ce42b77cde05f69c0a24089cf9da17067,CS028,S40,included,included
doi:10.1007/s10817-016-9389-x,Automatically Proving Termination and Memory Safety for Programs with Pointer Arithmetic,2014,2014-07-19,Thomas Ströder; J. Giesl; Marc Brockschmidt; Florian Frohn; Carsten Fuhs; Jera Hensel; Peter Schneider-Kamp; Cornelius Aschermann,10.1007/s10817-016-9389-x,,Journal of automated reasoning,https://www.semanticscholar.org/paper/99035056952fdeaae49390aad9d120866efb34ec,42,81,semanticscholar,99035056952fdeaae49390aad9d120866efb34ec,CS028,S40,included,included
doi:10.1007/s10817-016-9400-6,Rely-Guarantee Termination and Cost Analyses of Loops with Concurrent Interleavings,2016,2016-12-17,E. Albert; Antonio Flores-Montoya; S. Genaim; Enrique Martin-Martin,10.1007/s10817-016-9400-6,,Journal of automated reasoning,https://www.semanticscholar.org/paper/1ef840ba28b5fbfff655e90c29fd65c604b3d035,7,41,semanticscholar,1ef840ba28b5fbfff655e90c29fd65c604b3d035,CS009;CS028,S10;S40,included,included
doi:10.1007/s10817-016-9402-4,Complexity and Resource Bound Analysis of Imperative Programs Using Difference Constraints,2017,2017-01-11,Moritz Sinn; Florian Zuleger; H. Veith,10.1007/s10817-016-9402-4,,Journal of automated reasoning,https://www.semanticscholar.org/paper/84474caa2d7b1e0436efb61dccc51aed3b820ac5,60,33,semanticscholar,84474caa2d7b1e0436efb61dccc51aed3b820ac5,CS028,S40,included,included
doi:10.1007/s10817-017-9431-7,Verifying the Correctness and Amortized Complexity of a Union-Find Implementation in Separation Logic with Time Credits,2017,2017-09-22,A. Charguéraud; F. Pottier,10.1007/s10817-017-9431-7,,Journal of automated reasoning,https://www.semanticscholar.org/paper/987ac16efc215aeb54ed3334940fbe2aba9634f9,65,82,semanticscholar,987ac16efc215aeb54ed3334940fbe2aba9634f9,CS016;CS019;CS023,A27;S29;S35,included,included
doi:10.1007/s10817-018-9496-y,CompCertS: A Memory-Aware Verified C Compiler Using a Pointer as Integer Semantics,2017,2017-09-26,Frédéric Besson; Sandrine Blazy; Pierre Wilke,10.1007/s10817-018-9496-y,,Journal of automated reasoning,https://www.semanticscholar.org/paper/a8f6cb1254733019d054edaa9fe11c03324dafda,33,28,semanticscholar,a8f6cb1254733019d054edaa9fe11c03324dafda,CS019,S29,included,included
doi:10.1007/s11390-021-1671-7,Verifying Contextual Refinement with Ownership Transfer,2021,2021-11-30,Zhao-Hui Li; Xinyu Feng,10.1007/s11390-021-1671-7,,Journal of Computational Science and Technology,https://www.semanticscholar.org/paper/591853787cb1302f226fc3322ff5ac4fec3f749d,2,23,semanticscholar,591853787cb1302f226fc3322ff5ac4fec3f749d,CS014,S19,included,included
doi:10.1007/s11704-023-2774-9,A program logic for obstruction-freedom,2023,2023-12-28,Zhao-Hui Li; Xinyu Feng,10.1007/s11704-023-2774-9,,Frontiers of Computer Science,https://www.semanticscholar.org/paper/e31ee6e15e8ea48dbbc809f213c177971aea65dd,0,30,semanticscholar,e31ee6e15e8ea48dbbc809f213c177971aea65dd,CS009;CS013;CS014;CS016,A27;S10;S17;S19,included,included
doi:10.1007/s12652-021-03454-9,Formal design and verification of system task in intelligent transportation systems based on micro-kernel architecture,2021,2021-08-29,Zhenjiang Qian; Yong Jin; Gaofei Sun; Xiaoshuang Xing; Kaijian Xia,10.1007/s12652-021-03454-9,,Journal of Ambient Intelligence and Humanized Computing,https://www.semanticscholar.org/paper/cb59ee97125edff7dee80e80007823f0f79cde8c,1,30,semanticscholar,cb59ee97125edff7dee80e80007823f0f79cde8c,CS014,S19,included,included
doi:10.1016/0001-8708(92)90011-9,Sets with a negative number of elements,1992,,D. Loeb,10.1016/0001-8708(92)90011-9,,,https://www.semanticscholar.org/paper/1e63a4c0528a848720a13ec0430d75559c2f90c4,60,5,semanticscholar,1e63a4c0528a848720a13ec0430d75559c2f90c4,CS019,S29,included,included
doi:10.1016/0020-0190(81)90106-x,Myths About the Mutual Exclusion Problem,1981,1981-06-01,G. Peterson,10.1016/0020-0190(81)90106-x,,Information Processing Letters,https://www.semanticscholar.org/paper/5b563eb9bd547a03fc2db90482fdc895ead52ce7,657,2,semanticscholar,5b563eb9bd547a03fc2db90482fdc895ead52ce7,CS031,S45,included,included
doi:10.1016/0020-0190(85)90056-0,Defining Liveness,1984,1984-10-01,B. Alpern; F. Schneider,10.1016/0020-0190(85)90056-0,,Information Processing Letters,https://www.semanticscholar.org/paper/8865f54fcb89d8646ec390208d9ef310aec25b25,1212,9,semanticscholar,8865f54fcb89d8646ec390208d9ef310aec25b25,CS012,S16,included,included
doi:10.1016/0020-0190(86)90071-2,Limits for Automatic Verification of Finite-State Concurrent Systems,1986,1986-05-30,K. Apt; D. Kozen,10.1016/0020-0190(86)90071-2,,Information Processing Letters,https://www.semanticscholar.org/paper/54f66361e7a71812522e5536a84cf2c8b6471b54,426,6,semanticscholar,54f66361e7a71812522e5536a84cf2c8b6471b54,CS030,S44,included,included
doi:10.1016/0167-6423(87)90029-3,A Hoare-Like Proof System for Analysing the Computation Time of Programs,1987,1987-10-01,H. R. Nielson,10.1016/0167-6423(87)90029-3,,Science of Computer Programming,https://www.semanticscholar.org/paper/4f85e60b5f1a5aa6296afacb971b412c7a8426ba,27,10,semanticscholar,4f85e60b5f1a5aa6296afacb971b412c7a8426ba,CS023,S35,included,included
doi:10.1016/0167-6423(87)90036-0,Modalities for Model Checking: Branching Time Logic Strikes Back,1987,1987-06-01,E. Emerson; C. Lei,10.1016/0167-6423(87)90036-0,,Science of Computer Programming,https://www.semanticscholar.org/paper/145f6d996944a31c3438d8bca3c1cd2e6f777253,368,40,semanticscholar,145f6d996944a31c3438d8bca3c1cd2e6f777253,CS030,S44,included,included
doi:10.1016/0304-3975(81)90110-9,The Temporal Semantics of Concurrent Programs,1979,1979-07-02,A. Pnueli,10.1016/0304-3975(81)90110-9,,Theoretical Computer Science,https://www.semanticscholar.org/paper/6c966f0bba6d8ff114d78aa72f2dc50d00a32a5b,874,12,semanticscholar,6c966f0bba6d8ff114d78aa72f2dc50d00a32a5b,CS030,S44,included,included
doi:10.1016/0304-3975(91)90224-p,The existence of refinement mappings,1988,1988-07-05,M. Abadi; L. Lamport,10.1016/0304-3975(91)90224-p,,[1988] Proceedings. Third Annual Information Symposium on Logic in Computer Science,https://www.semanticscholar.org/paper/983c6d464e7e45c1320d9182a7ce39fef5575d1b,1066,23,semanticscholar,983c6d464e7e45c1320d9182a7ce39fef5575d1b,CS006;CS030,S07;S44,included,included
doi:10.1016/0304-3975(92)90014-7,The Revised Report on the Syntactic Theories of Sequential Control and State,1992,1992-09-14,M. Felleisen; Robert Hieb,10.1016/0304-3975(92)90014-7,,Theoretical Computer Science,https://www.semanticscholar.org/paper/2de3e6d85b2e7cb41a6e87b3188b9101d147dd82,611,30,semanticscholar,2de3e6d85b2e7cb41a6e87b3188b9101d147dd82,CS019,S29,included,included
doi:10.1016/0890-5401(92)90076-r,A Lattice for Abstract Interpretation of Dynamic (LISP-Like) Structures,1992,1992-11-01,J. Stránský,10.1016/0890-5401(92)90076-r,,Information and Computation,https://www.semanticscholar.org/paper/0b686bb7953f767ed066fae50242c29e69cff632,34,23,semanticscholar,0b686bb7953f767ed066fae50242c29e69cff632,CS030,S44,included,included
doi:10.1016/b978-0-444-88074-1.50021-4,Temporal and Modal Logic,1991,1991-01-02,E. Emerson,10.1016/b978-0-444-88074-1.50021-4,,"Handbook of Theoretical Computer Science, Volume B: Formal Models and Sematics",https://www.semanticscholar.org/paper/5c8cc309444a2d7d49e7ee2e40eeb6d5dc1f7412,3244,128,semanticscholar,5c8cc309444a2d7d49e7ee2e40eeb6d5dc1f7412,CS030,S44,included,included
doi:10.1016/c2011-0-06993-4,The Art of Multiprocessor Programming,2021,,,10.1016/c2011-0-06993-4,,,https://www.semanticscholar.org/paper/f483e4a22d2aa8252b667d628133582a87207a38,694,0,semanticscholar,f483e4a22d2aa8252b667d628133582a87207a38,CS031,S45,included,included
doi:10.1016/j.camwa.2011.09.024,Task Optimization Based on CPU Pipeline Technique in Multicore System,2011,2011-06-30,Bo Wang; Yongwei Wu; Weimin Zheng,10.1016/j.camwa.2011.09.024,,2011 Fifth International Conference on Innovative Mobile and Internet Services in Ubiquitous Computing,https://www.semanticscholar.org/paper/9ded374a5e39c53779f42632e4c1cc3eb5bf0c59,0,52,semanticscholar,9ded374a5e39c53779f42632e4c1cc3eb5bf0c59,CS009,S10,included,included
doi:10.1016/j.cl.2004.02.002,Employing symmetry reductions in model checking,2004,2004-10-01,A. Sistla,10.1016/j.cl.2004.02.002,,"Computer languages, systems & structures",https://www.semanticscholar.org/paper/e95e472095fecc327e0155567b6bcb1fb4e82730,17,26,semanticscholar,e95e472095fecc327e0155567b6bcb1fb4e82730,CS030,S44,included,included
doi:10.1016/j.entcs.2005.04.010,Finding Symmetry in Models of Concurrent Systems by Static Channel Diagram Analysis,2005,2005-05-01,Alastair F. Donaldson; Alice Miller; Muffy Calder,10.1016/j.entcs.2005.04.010,,International Workshop Automated Verification Critical Systems,https://www.semanticscholar.org/paper/ed8bd95ddffb3b8fd4418c8dd0fdf252fef10913,22,14,semanticscholar,ed8bd95ddffb3b8fd4418c8dd0fdf252fef10913,CS030,S44,included,included
doi:10.1016/j.entcs.2005.04.026,Verifying Concurrent Data Structures by Simulation,2005,2005-07-01,R. Colvin; Simon Doherty; Lindsay J. Groves,10.1016/j.entcs.2005.04.026,,Refinement Workshop,https://www.semanticscholar.org/paper/f9cf9a10c47610b6c41c8a19a137630ae8b5b697,50,17,semanticscholar,f9cf9a10c47610b6c41c8a19a137630ae8b5b697,CS030,S44,included,included
doi:10.1016/j.entcs.2005.09.007,Spin-to-Grape: A Tool for Analysing Symmetry in Promela Models,2005,2005-11-01,Alastair F. Donaldson; Alice Miller; Muffy Calder,10.1016/j.entcs.2005.09.007,,Arts,https://www.semanticscholar.org/paper/568c944f58df41be77924a2b57c06a6963adfee4,15,33,semanticscholar,568c944f58df41be77924a2b57c06a6963adfee4,CS030,S44,included,included
doi:10.1016/j.entcs.2008.02.016,Trace-based Derivation of a Lock-Free Queue Algorithm,2008,2008-03-01,Lindsay J. Groves,10.1016/j.entcs.2008.02.016,,REFINE@IFM,https://www.semanticscholar.org/paper/252cac3c2756e1ca801b8742f9b723ebb55fb697,4,28,semanticscholar,252cac3c2756e1ca801b8742f9b723ebb55fb697,CS030,S44,included,included
doi:10.1016/j.ic.2006.10.003,A general lock-free algorithm using compare-and-swap,2007,2007-02-01,Hui Gao; W. Hesselink,10.1016/j.ic.2006.10.003,,Information and Computation,https://www.semanticscholar.org/paper/abc1688eaf65aaf19cb0887ef9655eefdfcffb3c,21,24,semanticscholar,abc1688eaf65aaf19cb0887ef9655eefdfcffb3c,CS030,S44,included,included
doi:10.1016/j.jlamp.2018.03.003,A perspective on specifying and verifying concurrent modules,2018,2018-08-01,Thomas Dinsdale-Young; Pedro da Rocha Pinto; Philippa Gardner,10.1016/j.jlamp.2018.03.003,,J. Log. Algebraic Methods Program.,https://www.semanticscholar.org/paper/bf53db2da1700b0d5243760e8dfbf195308b1152,6,38,semanticscholar,bf53db2da1700b0d5243760e8dfbf195308b1152,CS013,S17,included,included
doi:10.1016/j.jlamp.2020.100617,Actor-based model checking for Software-Defined Networks,2021,2021-01-01,E. Albert; M. Gómez-Zamalloa; Miguel Isabel; A. Rubio; Matteo Sammartino; Alexandra Silva,10.1016/j.jlamp.2020.100617,,J. Log. Algebraic Methods Program.,https://www.semanticscholar.org/paper/d5842c01b1d3a36727d9216c53ee1b896b744766,3,65,semanticscholar,d5842c01b1d3a36727d9216c53ee1b896b744766,CS014,S19,included,included
doi:10.1016/j.jpdc.2010.06.006,Transactional memory,2010,2010-10-01,Håkan Grahn,10.1016/j.jpdc.2010.06.006,,J. Parallel Distributed Comput.,https://www.semanticscholar.org/paper/810e767c29575ce6e39b06b08ae2b7fde1fbba0c,603,99,semanticscholar,810e767c29575ce6e39b06b08ae2b7fde1fbba0c,CS025;CS029,A30;S42,included,included
doi:10.1016/j.scico.2005.03.007,The java.util.concurrent synchronizer framework,2005,2005-12-01,D. Lea,10.1016/j.scico.2005.03.007,,Science of Computer Programming,https://www.semanticscholar.org/paper/31fa7623b9a26114d676fcd0f293f98691aabc32,93,15,semanticscholar,31fa7623b9a26114d676fcd0f293f98691aabc32,CS022,S33,included,included
doi:10.1016/j.scico.2008.09.013,A General Technique for Proving Lock-Freedom,2009,,R. Colvin; Brijesh Dongol,10.1016/j.scico.2008.09.013,,Science of Computer Programming,https://www.semanticscholar.org/paper/758320a0879f900b85a2a5a4465beca7f134af75,17,19,seed-catalog;semanticscholar,758320a0879f900b85a2a5a4465beca7f134af75;DOI:10.1016/j.scico.2008.09.013,CS024;CS025;CS030,A29;A30;S44,included,included
doi:10.1016/j.scico.2014.04.001,Two approaches for proving linearizability of multiset,2014,2014-12-15,B. Tofan; Oleg Travkin; G. Schellhorn; H. Wehrheim,10.1016/j.scico.2014.04.001,,Science of Computer Programming,https://www.semanticscholar.org/paper/84b166152a19088c33dc8f3de3b996c0bd51c74f,6,32,semanticscholar,84b166152a19088c33dc8f3de3b996c0bd51c74f,CS018;CS027,S28;S38,included,included
doi:10.1016/j.scico.2024.103227,"Verification of forward simulations with thread-local, step-local proof obligations",2025,2025-04-01,G. Schellhorn; Stefan Bodenmüller; W. Reif,10.1016/j.scico.2024.103227,,Science of Computer Programming,https://www.semanticscholar.org/paper/a73c88e82331650a97b50514358b71cdc0469d29,0,49,semanticscholar,a73c88e82331650a97b50514358b71cdc0469d29,CS009;CS018,S10;S28,included,included
doi:10.1016/j.sysarc.2023.103046,"<mml:math xmlns:mml=""http://www.w3.org/1998/Math/MathML"" display=""inline"" id=""d1e861"" altimg=""si142.svg""><mml:mi mathvariant=""sans-serif"">ThreadAbs</mml:mi></mml:math>: A template to build verified thread-local interfaces with software scheduler abstractions",2023,2023-12-01,Jieung Kim; Jérémie Koenig; Hao Chen; Ronghui Gu; Zhong Shao,10.1016/j.sysarc.2023.103046,,Journal of systems architecture,https://www.semanticscholar.org/paper/0128303bcbfcc4ea0f7968cc876c05fa3906c6de,0,42,semanticscholar,0128303bcbfcc4ea0f7968cc876c05fa3906c6de,CS002;CS014,S02;S19,included,included
doi:10.1016/j.sysarc.2023.103049,SimplMM: A simplified and abstract multicore hardware model for large scale system software formal verification,2023,2023-12-01,Jieung Kim; Ronghui Gu; Zhong Shao,10.1016/j.sysarc.2023.103049,,Journal of systems architecture,https://www.semanticscholar.org/paper/dacf4b21e64942ccc9f10c05ec21deaa3e3b0b0a,1,45,semanticscholar,dacf4b21e64942ccc9f10c05ec21deaa3e3b0b0a,CS014,S19,included,included
doi:10.1016/j.tcs.2007.09.003,A program logic for resources,2007,2007-12-20,David Aspinall; Lennart Beringer; M. Hofmann; Hans-Wolfgang Loidl; A. Momigliano,10.1016/j.tcs.2007.09.003,,Theoretical Computer Science,https://www.semanticscholar.org/paper/7c5f3925b09498c0dd4936a9b01547310783ca37,59,102,semanticscholar,7c5f3925b09498c0dd4936a9b01547310783ca37,CS019,S29,included,included
doi:10.1016/j.tcs.2010.09.021,Abstraction for concurrent objects,2009,2009-03-28,Ivana Filipovic; P. O'Hearn; N. Rinetzky; Hongseok Yang,10.1016/j.tcs.2010.09.021,,Theoretical Computer Science,https://www.semanticscholar.org/paper/ca497df7d7e61408e796b0d91610e73b31ec7a51,178,32,semanticscholar,ca497df7d7e61408e796b0d91610e73b31ec7a51,CS007;CS008,S08;S09,included,included
doi:10.1016/s0020-0190(01)00337-4,Verifying lossy channel systems has nonprimitive recursive complexity,2002,2002-09-15,P. Schnoebelen,10.1016/s0020-0190(01)00337-4,,Information Processing Letters,https://www.semanticscholar.org/paper/bcb5860570681f8fe2f472dafc09107c75f10198,142,22,semanticscholar,bcb5860570681f8fe2f472dafc09107c75f10198,CS031,S45,included,included
doi:10.1016/s1570-8683(03)00008-9,Mathematical modal logic: A view of its evolution,2003,2003-10-01,R. Goldblatt,10.1016/s1570-8683(03)00008-9,,Journal of Applied Logic,https://www.semanticscholar.org/paper/e83a278930472ba30ad01e492d08fb6b2047a513,280,363,semanticscholar,e83a278930472ba30ad01e492d08fb6b2047a513,CS030,S44,included,included
doi:10.1016/s1571-0661(05)80006-4,Automatically Verifying Concurrent Queue Algorithms,2003,2003-09-01,Eran Yahav; Shmuel Sagiv,10.1016/s1571-0661(05)80006-4,,SoftMC@CAV,https://www.semanticscholar.org/paper/01fb99cade393a363567cec1c1921393d8d887d9,38,23,semanticscholar,01fb99cade393a363567cec1c1921393d8d887d9,CS030,S44,included,included
doi:10.1016/s1571-0661(05)80387-1,Different directions in parallel and distributed model checking (invited talk),2002,2002-10-01,O. Grumberg,10.1016/s1571-0661(05)80387-1,,PDMC@CONCUR,https://www.semanticscholar.org/paper/c10f19bdecbfa3e31ff347cb3f540d4ab018f8f7,2,0,semanticscholar,c10f19bdecbfa3e31ff347cb3f540d4ab018f8f7,CS030,S44,included,included
doi:10.1017/s0956796818000151,Iris from the ground up: A modular foundation for higher-order concurrent separation logic,2018,,Ralf Jung; Robbert Krebbers; Jacques-Henri Jourdan; A. Bizjak; L. Birkedal; Derek Dreyer,10.1017/s0956796818000151,,Journal of functional programming,https://www.semanticscholar.org/paper/0a40611a839d7e399a6647418984e60790e6910a,466,77,semanticscholar,0a40611a839d7e399a6647418984e60790e6910a,CS002;CS006;CS007;CS010;CS011;CS023;CS026,S02;S07;S08;S14;S15;S27;S35,included,included
doi:10.1017/s0960129521000487,Two decades of automatic amortized resource analysis,2022,2022-03-16,Jan Hoffmann; Steffen Jost,10.1017/s0960129521000487,,Mathematical Structures in Computer Science,https://www.semanticscholar.org/paper/4dc3d33fd6aa6e85848f1e89f1dd26b8c98c05e4,19,72,semanticscholar,4dc3d33fd6aa6e85848f1e89f1dd26b8c98c05e4,CS016,A27,included,included
doi:10.1023/a:1008696026254,An Analysis of Bitstate Hashing,1995,1995-06-01,G. Holzmann,10.1023/a:1008696026254,,Formal Methods Syst. Des.,https://www.semanticscholar.org/paper/3a3f46788f1178e351e21216d09e6632e8156880,254,15,semanticscholar,3a3f46788f1178e351e21216d09e6632e8156880,CS030,S44,included,included
doi:10.1080/04597220801912986,Reference,2008,2008-02-01,G. Clark; D. Yesner,10.1080/04597220801912986,,,https://www.semanticscholar.org/paper/72b2000f6cd8dec7d0a04a1c646a15c100e6b0de,4826,171,semanticscholar,72b2000f6cd8dec7d0a04a1c646a15c100e6b0de,CS031,S45,included,included
doi:10.1090/s0002-9904-1946-08555-9,A variant of a recursively unsolvable problem,1946,1946-04-01,Emil L. Post,10.1090/s0002-9904-1946-08555-9,,,https://www.semanticscholar.org/paper/5c406be5ae6f2935b6653f101f02332186cb50d9,629,4,semanticscholar,5c406be5ae6f2935b6653f101f02332186cb50d9,CS031,S45,included,included
doi:10.1093/comjnl/38.3.260,"Temporal Logic: Mathematical Foundations and Computational Aspects, Volume 1",1995,,D. Peled,10.1093/comjnl/38.3.260,,,https://www.semanticscholar.org/paper/9140e299ba8792fafc753d3cd66b619f68ac3119,78,0,semanticscholar,9140e299ba8792fafc753d3cd66b619f68ac3119,CS030,S44,included,included
doi:10.1093/comjnl/6.4.308,The Mechanical Evaluation of Expressions,1964,,P. J. Landin,10.1093/comjnl/6.4.308,,Computer/law journal,https://www.semanticscholar.org/paper/2769c203102a875c10bc11affc161891472176d1,1070,11,semanticscholar,2769c203102a875c10bc11affc161891472176d1,CS019,S29,included,included
doi:10.1093/jigpal/jzl009,Verifying Temporal Heap Properties Specified via Evolution Logic,2003,2003-04-07,Eran Yahav; T. Reps; Shmuel Sagiv; R. Wilhelm,10.1093/jigpal/jzl009,,Logic Journal of the IGPL,https://www.semanticscholar.org/paper/c66fd1c59224772f1cab141658db25e199aebeee,75,32,semanticscholar,c66fd1c59224772f1cab141658db25e199aebeee,CS030,S44,included,included
doi:10.1109/2.546611,Shared Memory Consistency Models: A Tutorial,1996,1996-12-01,S. Adve; K. Gharachorloo,10.1109/2.546611,,Computer,https://www.semanticscholar.org/paper/e0bc77d18ab2e097395ce77b8c050f53f420542d,1230,87,semanticscholar,e0bc77d18ab2e097395ce77b8c050f53f420542d,CS030,S44,included,included
doi:10.1109/32.588521,The Model Checker SPIN,1997,1997-05-01,G. Holzmann,10.1109/32.588521,,IEEE Trans. Software Eng.,https://www.semanticscholar.org/paper/8c106bdb98dc7c00f355f2e498347100a8e5c49d,4480,81,semanticscholar,8c106bdb98dc7c00f355f2e498347100a8e5c49d,CS030,S44,included,included
doi:10.1109/71.819952,Universal Constructions for Large Objects,1995,1995-09-13,James H. Anderson; Mark Moir,10.1109/71.819952,,IEEE Trans. Parallel Distributed Syst.,https://www.semanticscholar.org/paper/e4b5858435bb0363843a24a89aa67c0bc0d3e8d1,112,17,semanticscholar,e4b5858435bb0363843a24a89aa67c0bc0d3e8d1,CS030,S44,included,included
doi:10.1109/acsd.2009.10,Formal Verification of Lock-Free Algorithms,2009,2009-07-01,G. Schellhorn; S. Bäumler,10.1109/acsd.2009.10,,2009 Ninth International Conference on Application of Concurrency to System Design,https://www.semanticscholar.org/paper/ad675fb6a522e5761918bde052c03f3ba1360f15,3,48,semanticscholar,ad675fb6a522e5761918bde052c03f3ba1360f15,CS009;CS025;CS027,A30;S10;S38,included,included
doi:10.1109/ase.2001.989811,Exploiting heap symmetries in explicit-state model checking of software,2001,2001-11-26,Radu Iosif,10.1109/ase.2001.989811,,International Conference on Automated Software Engineering,https://www.semanticscholar.org/paper/9dc039e86c861b330f96646cb79698dd1bf84e34,62,20,semanticscholar,9dc039e86c861b330f96646cb79698dd1bf84e34,CS030,S44,included,included
doi:10.1109/aswec.2009.12,Enforcing Safety and Progress Properties: An Approach to Concurrent Program Derivation,2009,2009-04-14,Brijesh Dongol; I. Hayes,10.1109/aswec.2009.12,,Australian Software Engineering Conference,https://www.semanticscholar.org/paper/f93e38b482453636d4bff0e6f7b3259fc7e3701f,8,19,semanticscholar,f93e38b482453636d4bff0e6f7b3259fc7e3701f,CS030,S44,included,included
doi:10.1109/dsn.2018.00037,Branching Bisimulation and Concurrent Object Verification,2018,2018-06-01,Xiaoxiao Yang; J. Katoen; Huimin Lin; Gaoang Liu; Hao Wu,10.1109/dsn.2018.00037,,Dependable Systems and Networks,https://www.semanticscholar.org/paper/87668b3f121f2b70878304f773bce0fac91ba44b,2,42,semanticscholar,87668b3f121f2b70878304f773bce0fac91ba44b,CS029,S42,included,included
doi:10.1109/fmcad.2014.6987598,Faster temporal reasoning for infinite-state programs,2014,2014-10-21,B. Cook; Heidy Khlaaf; Nir Piterman,10.1109/fmcad.2014.6987598,,Formal Methods in Computer-Aided Design,https://www.semanticscholar.org/paper/cb9ee99866549a297c8ac1e2a90d531b3e6c1011,13,38,semanticscholar,cb9ee99866549a297c8ac1e2a90d531b3e6c1011,CS009,S10,included,included
doi:10.1109/icdcs.2003.1203503,Obstruction-free synchronization: double-ended queues as an example,2003,2003-05-19,M. Herlihy; Victor Luchangco; Mark Moir,10.1109/icdcs.2003.1203503,,"23rd International Conference on Distributed Computing Systems, 2003. Proceedings.",https://www.semanticscholar.org/paper/59a8ce16cf0547945f182010ed6bf4c2a82805b1,561,20,semanticscholar,59a8ce16cf0547945f182010ed6bf4c2a82805b1,CS012;CS030,S16;S44,included,included
doi:10.1109/iceccs.2005.49,Formal verification of an array-based nonblocking queue,2005,2005-06-16,R. Colvin; Lindsay J. Groves,10.1109/iceccs.2005.49,,IEEE International Conference on Engineering of Complex Computer Systems,https://www.semanticscholar.org/paper/2f58671554cc431f10cdc6cafa5549b0d48ab090,46,21,semanticscholar,2f58671554cc431f10cdc6cafa5549b0d48ab090,CS030,S44,included,included
doi:10.1109/icpads.2000.857731,A practical nonblocking queue algorithm using compare-and-swap,2000,2000-07-04,C. Shann; Ting-Lu Huang; Cheng Chen,10.1109/icpads.2000.857731,,Proceedings Seventh International Conference on Parallel and Distributed Systems (Cat. No.PR00568),https://www.semanticscholar.org/paper/189e36f3cd69152662e69f4c4e14d9979c994e6f,47,12,semanticscholar,189e36f3cd69152662e69f4c4e14d9979c994e6f,CS030,S44,included,included
doi:10.1109/ispa.2010.13,Parallel Task Developing Based on Software Pipeline in Multicore System,2010,2010-09-06,Bo Wang; Shifeng Shang; Qiming Fang; Weimin Zheng,10.1109/ispa.2010.13,,International Symposium on Image and Signal Processing and Analysis,https://www.semanticscholar.org/paper/450fae7f747b0cc98c50e690de1508c4fcce43f0,1,26,semanticscholar,450fae7f747b0cc98c50e690de1508c4fcce43f0,CS009,S10,included,included
doi:10.1109/lics.1996.561322,Model-checking of correctness conditions for concurrent objects,1996,1996-07-27,R. Alur; K. McMillan; D. Peled,10.1109/lics.1996.561322,,Proceedings 11th Annual IEEE Symposium on Logic in Computer Science,https://www.semanticscholar.org/paper/8841e78ef0a0a09206596a5302f89dab0dc77327,132,14,semanticscholar,8841e78ef0a0a09206596a5302f89dab0dc77327,CS030,S44,included,included
doi:10.1109/lics.1998.705674,Linear vs. branching time: a complexity-theoretic perspective,1998,1998-06-21,Moshe Y. Vardi,10.1109/lics.1998.705674,,Proceedings. Thirteenth Annual IEEE Symposium on Logic in Computer Science (Cat. No.98CB36226),https://www.semanticscholar.org/paper/87b14fcec9148453bf2d06a7ae33785147a8a92a,36,60,semanticscholar,87b14fcec9148453bf2d06a7ae33785147a8a92a,CS030,S44,included,included
doi:10.1109/lics.1999.782641,Linear types and non-size-increasing polynomial time computation,1999,1999-07-02,M. Hofmann,10.1109/lics.1999.782641,,Proceedings. 14th Symposium on Logic in Computer Science (Cat. No. PR00158),https://www.semanticscholar.org/paper/8ea303d12e881f47edc042a44168f1d39fe1dcd2,218,16,semanticscholar,8ea303d12e881f47edc042a44168f1d39fe1dcd2,CS023,S35,included,included
doi:10.1109/lics.2002.1029817,Separation logic: a logic for shared mutable data structures,2002,2002-07-22,J. Reynolds,10.1109/lics.2002.1029817,,Proceedings 17th Annual IEEE Symposium on Logic in Computer Science,https://www.semanticscholar.org/paper/38b7e9721cc3e326580465deaf0f0028b92afe6a,2729,31,semanticscholar,38b7e9721cc3e326580465deaf0f0028b92afe6a,CS012;CS028;CS030,S16;S40;S44,included,included
doi:10.1109/lics.2013.18,Quantitative Reasoning for Proving Lock-Freedom,2013,2013-06-25,Jan Hoffmann; Michael Marmar; Zhong Shao,10.1109/lics.2013.18,,2013 28th Annual ACM/IEEE Symposium on Logic in Computer Science,https://www.semanticscholar.org/paper/cbd1e202e03c58ab834c0bc8e4f30593cf100554,33,37,seed-catalog;semanticscholar,DOI:10.1109/lics.2013.18;cbd1e202e03c58ab834c0bc8e4f30593cf100554,CS009;CS016;CS023;CS024;CS025;CS029,A27;A29;A30;S10;S35;S42,included,included
doi:10.1109/mahc.1984.10017,An Early Program Proof by Alan Turing,1984,1984-04-01,F. L. Morris; Cliff B. Jones,10.1109/mahc.1984.10017,,Annals of the History of Computing,https://www.semanticscholar.org/paper/dfd734b2de2cbcce6ac07e909011b0ed6ba32b01,116,7,semanticscholar,dfd734b2de2cbcce6ac07e909011b0ed6ba32b01,CS012,S16,included,included
doi:10.1109/mascots.2019.00019,Practical Progress Verification of Descriptor-Based Non-Blocking Data Structures,2019,2019-10-01,Christina L. Peterson; Victor Cook; D. Dechev,10.1109/mascots.2019.00019,,"IEEE/ACM International Symposium on Modeling, Analysis, and Simulation On Computer and Telecommunication Systems",https://www.semanticscholar.org/paper/aae41fe48eebe979598c5ebf2161296087b6e815,3,32,semanticscholar,aae41fe48eebe979598c5ebf2161296087b6e815,CS009;CS013;CS016;CS017,A27;A28;S10;S17,included,included
doi:10.1109/mm.2015.46,Memory persistency,2014,2014-10-16,Steven Pelley; Peter M. Chen; T. Wenisch,10.1109/mm.2015.46,,International Symposium on Computer Architecture,https://www.semanticscholar.org/paper/885c666fbcfd1a10c613496d7a041d01b99c7a39,319,33,semanticscholar,885c666fbcfd1a10c613496d7a041d01b99c7a39,CS026,S27,included,included
doi:10.1109/nvmsa.2017.8064467,Designing persistent heap for byte addressable NVRAM,2017,2017-08-01,Taeho Hwang; Dokeun Lee; Yeonjin Noh; Youjip Won,10.1109/nvmsa.2017.8064467,,IEEE Non-Volatile Memory System and Applications Symposium,https://www.semanticscholar.org/paper/91b39a16f3163d342d0a96e3d53bfe5fc0b654d4,3,14,semanticscholar,91b39a16f3163d342d0a96e3d53bfe5fc0b654d4,CS014,S19,included,included
doi:10.1109/pdp.2016.103,Reasoning about Fences and Relaxed Atomics,2016,2016-02-17,Mengda He; Viktor Vafeiadis; S. Qin; J. Ferreira,10.1109/pdp.2016.103,,"International Euromicro Conference on Parallel, Distributed and Network-Based Processing",https://www.semanticscholar.org/paper/e10dc8c77e8cb647424fe5ff9b3b453e97a9c45c,20,24,semanticscholar,e10dc8c77e8cb647424fe5ff9b3b453e97a9c45c,CS006,S07,included,included
doi:10.1109/pmmp.1993.315553,Interprocedural heap analysis for parallelizing imperative programs,1993,1993-09-20,Uwe ABmann; M. Wein,10.1109/pmmp.1993.315553,,Proceedings of Workshop on Programming Models for Massively Parallel Computers,https://www.semanticscholar.org/paper/6316be823e7dd72a8ea3b88b09e318563644462f,17,10,semanticscholar,6316be823e7dd72a8ea3b88b09e318563644462f,CS030,S44,included,included
doi:10.1109/sefm.2007.2,A Scalable Lock-Free Stack Algorithm and its Verification,2007,2007-09-10,R. Colvin; Lindsay J. Groves,10.1109/sefm.2007.2,,IEEE International Conference on Software Engineering and Formal Methods,https://www.semanticscholar.org/paper/8adf88cdc343ce19c24560946e0ceb9902760543,15,16,semanticscholar,8adf88cdc343ce19c24560946e0ceb9902760543,CS030,S44,included,included
doi:10.1109/sfcs.1994.365680,Scheduling multithreaded computations by work stealing,1994,1994-11-20,R. Blumofe,10.1109/sfcs.1994.365680,,Proceedings 35th Annual Symposium on Foundations of Computer Science,https://www.semanticscholar.org/paper/7c84a021a12c153680c8f3a1eb29e1ae4a768b44,1925,45,semanticscholar,7c84a021a12c153680c8f3a1eb29e1ae4a768b44,CS023,S35,included,included
doi:10.1109/ssiri.2010.37,Model Checking a Lazy Concurrent List-Based Set Algorithm,2010,2010-06-09,S. Zhang; Yang Liu,10.1109/ssiri.2010.37,,2010 Fourth International Conference on Secure Software Integration and Reliability Improvement,https://www.semanticscholar.org/paper/3d8e5e07c738f3ded55d3b0f66e1b633b4c1f905,4,20,semanticscholar,3d8e5e07c738f3ded55d3b0f66e1b633b4c1f905,CS030,S44,included,included
doi:10.1109/superc.1990.130060,A simple and correct shared-queue algorithm using compare-and-swap,1990,1990-10-01,J. Stone,10.1109/superc.1990.130060,,Proceedings SUPERCOMPUTING '90,https://www.semanticscholar.org/paper/8df9c8da3363fb53b3fb6556c8bbcf7a069be9f4,30,13,semanticscholar,8df9c8da3363fb53b3fb6556c8bbcf7a069be9f4,CS030,S44,included,included
doi:10.1109/superc.1990.130084,Scan primitives for vector computers,1990,1990-11-12,S. Chatterjee; G. Blelloch; M. Zagha,10.1109/superc.1990.130084,,Proceedings SUPERCOMPUTING '90,https://www.semanticscholar.org/paper/4e9c04b2da289c8a5a18eabf024a8f376e1758a2,116,24,semanticscholar,4e9c04b2da289c8a5a18eabf024a8f376e1758a2,CS023,S35,included,included
doi:10.1109/time.2011.12,Interleaved Programs and Rely-Guarantee Reasoning with ITL,2011,2011-09-12,G. Schellhorn; B. Tofan; G. Ernst; W. Reif,10.1109/time.2011.12,,2011 Eighteenth International Symposium on Temporal Representation and Reasoning,https://www.semanticscholar.org/paper/81e34d2a18c46260400fbcd483f6cc40cdada626,36,20,semanticscholar,81e34d2a18c46260400fbcd483f6cc40cdada626,CS009,S10,included,included
doi:10.1109/tits.2022.3224385,A Formal Approach to Design and Security Verification of Operating Systems for Intelligent Transportation Systems Based on Object Model,2023,2023-12-01,Zhenjiang Qian; Shan Zhong; Gaofei Sun; Xiaoshuang Xing; Yong Jin,10.1109/tits.2022.3224385,,IEEE transactions on intelligent transportation systems (Print),https://www.semanticscholar.org/paper/cea3263b7dc5d40a0591c49151beb1c57d0415c2,3,43,semanticscholar,cea3263b7dc5d40a0591c49151beb1c57d0415c2,CS014,S19,included,included
doi:10.1109/tpds.2004.8,Hazard pointers: safe memory reclamation for lock-free objects,2004,2004-06-01,Maged M. Michael,10.1109/tpds.2004.8,,IEEE Transactions on Parallel and Distributed Systems,https://www.semanticscholar.org/paper/e7a2f4f2b5d6f8d160cc381f2b6b0a36f2e8081c,539,30,semanticscholar,e7a2f4f2b5d6f8d160cc381f2b6b0a36f2e8081c,CS006;CS022;CS030,S07;S33;S44,included,included
doi:10.1109/tpds.2011.159,User-Level Implementations of Read-Copy Update,2012,2012-02-01,M. Desnoyers; P. McKenney; Alan S. Stern; Michel Dagenais; Jonathan Walpole,10.1109/tpds.2011.159,,IEEE Transactions on Parallel and Distributed Systems,https://www.semanticscholar.org/paper/925e62cf34e775713c38aebb1510e93e2a510ed4,79,39,semanticscholar,925e62cf34e775713c38aebb1510e93e2a510ed4,CS022,S33,included,included
doi:10.1109/tse.1977.229904,Proving the Correctness of Multiprocess Programs,1977,1977-03-01,L. Lamport,10.1109/tse.1977.229904,,IEEE Transactions on Software Engineering,https://www.semanticscholar.org/paper/2a41593d839323ddcd8597a22e4df6e398d4f98c,1292,14,semanticscholar,2a41593d839323ddcd8597a22e4df6e398d4f98c,CS001;CS002,S01;S02,included,included
doi:10.1109/tse.2007.70724,The Design of a Multicore Extension of the SPIN Model Checker,2007,2007-10-01,G. Holzmann; D. Bošnački,10.1109/tse.2007.70724,,IEEE Transactions on Software Engineering,https://www.semanticscholar.org/paper/7f1f4731678ae41aaa296a2f3b60cfc75400edaa,147,44,semanticscholar,7f1f4731678ae41aaa296a2f3b60cfc75400edaa,CS030,S44,included,included
doi:10.1109/tse.2012.82,Verifying Linearizability via Optimized Refinement Checking,2013,2013-07-01,Yang Liu; Wei Chen; Yanhong A. Liu; Jun Sun; S. Zhang; J. Dong,10.1109/tse.2012.82,,IEEE Transactions on Software Engineering,https://www.semanticscholar.org/paper/5de528f09dd2933a5aec6ed738398122dddfd628,26,65,semanticscholar,5de528f09dd2933a5aec6ed738398122dddfd628,CS027,S38,included,included
doi:10.1134/s0361768821060050,A Survey of Programming Language Memory Models,2021,2021-11-01,E. Moiseenko; A. Podkopaev; D. Koznov,10.1134/s0361768821060050,,Programming and computer software,https://www.semanticscholar.org/paper/2317fe55108f4541c8c23c2d86c844e0a5ab0963,8,70,semanticscholar,2317fe55108f4541c8c23c2d86c844e0a5ab0963,CS001,S01,included,included
doi:10.1136/bjo.46.11.704,A and V,1962,1962-11-01,R. Stephenson,10.1136/bjo.46.11.704,,British Journal of Ophthalmology,https://www.semanticscholar.org/paper/75aa1f1a04b5f2bb6bf9afb662711121edde9eda,51548,0,semanticscholar,75aa1f1a04b5f2bb6bf9afb662711121edde9eda,CS008,S09,included,included
doi:10.1142/s0129626407003125,A Lazy Concurrent List-Based Set Algorithm,2005,2005-12-12,S. Heller; Maurice Herlihy; Victor Luchangco; Mark Moir; William N. Scherer; N. Shavit,10.1142/s0129626407003125,,Parallel Processing Letters,https://www.semanticscholar.org/paper/813b7cdcf6d77ea34b4cf68378e2508db28fdf50,247,15,semanticscholar,813b7cdcf6d77ea34b4cf68378e2508db28fdf50,CS030,S44,included,included
doi:10.1145/1007912.1007944,A scalable lock-free stack algorithm,2004,2004-06-27,Danny Hendler; N. Shavit; Lena Yerushalmi,10.1145/1007912.1007944,,ACM Symposium on Parallelism in Algorithms and Architectures,https://www.semanticscholar.org/paper/a8b5e903503be0d4acc024003ac2c908eb4a48b3,302,31,semanticscholar,a8b5e903503be0d4acc024003ac2c908eb4a48b3,CS006;CS007;CS008;CS010;CS022;CS028;CS030,S07;S08;S09;S14;S33;S40;S44,included,included
doi:10.1145/1007912.1007945,DCAS is not a silver bullet for nonblocking algorithm design,2004,2004-06-27,Simon Doherty; David Detlefs; Lindsay J. Groves; Christine H. Flood; Victor Luchangco; P. Martin; Mark Moir; N. Shavit; G. Steele,10.1145/1007912.1007945,,ACM Symposium on Parallelism in Algorithms and Architectures,https://www.semanticscholar.org/paper/caa7ef7c1b039ffb352448449136a16791936d6a,80,33,semanticscholar,caa7ef7c1b039ffb352448449136a16791936d6a,CS030,S44,included,included
doi:10.1145/1011508.1011511,Symmetry and reduced symmetry in model checking,2001,2001-07-18,A. Sistla; Patrice Godefroid,10.1145/1011508.1011511,,TOPL,https://www.semanticscholar.org/paper/addbec38ccf9baf003cf7c586a9127455e0b3d21,61,30,semanticscholar,addbec38ccf9baf003cf7c586a9127455e0b3d21,CS030,S44,included,included
doi:10.1145/1011767.1011773,Bringing practical lock-free synchronization to 64-bit applications,2004,2004-07-25,Simon Doherty; Maurice Herlihy; Victor Luchangco; Mark Moir,10.1145/1011767.1011773,,ACM SIGACT-SIGOPS Symposium on Principles of Distributed Computing,https://www.semanticscholar.org/paper/52cdb9a174b1bf122d024f171e3b763947d383de,34,25,semanticscholar,52cdb9a174b1bf122d024f171e3b763947d383de,CS030,S44,included,included
doi:10.1145/1017460.1017464,A unified theory of shared memory consistency,2002,2002-08-19,R. Steinke; G. Nutt,10.1145/1017460.1017464,cs/0208027,JACM,https://www.semanticscholar.org/paper/ab4f6fdb0fa565d91201ff4870385427d20e55ef,124,41,semanticscholar,ab4f6fdb0fa565d91201ff4870385427d20e55ef,CS006,S07,included,included
doi:10.1145/103727.103729,Algorithms for scalable synchronization on shared-memory multiprocessors,1991,1991-02-01,J. Mellor-Crummey; M. Scott,10.1145/103727.103729,,ACM Transactions on Computer Systems,https://www.semanticscholar.org/paper/1c66c74508b150c3f4a20d9f05a605b89b30a718,1470,60,semanticscholar,1c66c74508b150c3f4a20d9f05a605b89b30a718,CS001,S01,included,included
doi:10.1145/1040305.1040327,Permission accounting in separation logic,2005,2005-01-12,R. Bornat; C. Calcagno; P. O'Hearn; Matthew J. Parkinson,10.1145/1040305.1040327,,ACM-SIGACT Symposium on Principles of Programming Languages,https://www.semanticscholar.org/paper/e198d4936e86dad3c3702818e903d68493f3b25b,454,25,semanticscholar,e198d4936e86dad3c3702818e903d68493f3b25b,CS019;CS023,S29;S35,included,included
doi:10.1145/1040305.1040336,The Java memory model,2005,2005-01-12,Jeremy Manson,10.1145/1040305.1040336,,ACM-SIGACT Symposium on Principles of Programming Languages,https://www.semanticscholar.org/paper/0b4cd037925fe2185cbf38b4ccb76f32bbd87d53,819,72,semanticscholar,0b4cd037925fe2185cbf38b4ccb76f32bbd87d53,CS001;CS004;CS031,S01;S05;S45,included,included
doi:10.1145/1050849.1050865,A brief survey of program slicing,2005,2005-03-01,Baowen Xu; Ju Qian; Xiaofang Zhang; Zhongqiang Wu; Lin Chen,10.1145/1050849.1050865,,SOEN,https://www.semanticscholar.org/paper/51211c46f6587f74ef805c4d8e5b908e2ccfa0a0,378,512,semanticscholar,51211c46f6587f74ef805c4d8e5b908e2ccfa0a0,CS030,S44,included,included
doi:10.1145/1062247.1062249,Nonblocking memory management support for dynamic-sized data structures,2005,2005-05-01,Maurice Herlihy; Victor Luchangco; P. Martin; Mark Moir,10.1145/1062247.1062249,,TOCS,https://www.semanticscholar.org/paper/cbe1e69cab8e56f8b93e6ff2dfbe86adea693c13,117,34,semanticscholar,cbe1e69cab8e56f8b93e6ff2dfbe86adea693c13,CS030,S44,included,included
doi:10.1145/1073970.1073974,Dynamic circular work-stealing deque,2005,2005-07-18,D. Chase; Yossi Lev,10.1145/1073970.1073974,,ACM Symposium on Parallelism in Algorithms and Architectures,https://www.semanticscholar.org/paper/f856a996e7aec0ea6db55e9247a00a01cb695090,267,12,semanticscholar,f856a996e7aec0ea6db55e9247a00a01cb695090,CS006,S07,included,included
doi:10.1145/1094811.1094852,X10: an object-oriented approach to non-uniform cluster computing,2005,2005-10-16,Philippe Charles; Christian Grothoff; V. Saraswat; Christopher Donawa; Allan Kielstra; K. Ebcioglu; C. V. Praun; Vivek Sarkar,10.1145/1094811.1094852,,"Conference on Object-Oriented Programming Systems, Languages, and Applications",https://www.semanticscholar.org/paper/06e40c82dbe9ac18f0192c9406750cc3440a827e,1622,54,semanticscholar,06e40c82dbe9ac18f0192c9406750cc3440a827e,CS019,S29,included,included
doi:10.1145/1111037.1111042,Formal certification of a compiler back-end or: programming a compiler with a proof assistant,2006,2006-01-11,X. Leroy,10.1145/1111037.1111042,,ACM-SIGACT Symposium on Principles of Programming Languages,https://www.semanticscholar.org/paper/3369e43abcb499eea4d208f2239df00551b8d2dd,849,40,semanticscholar,3369e43abcb499eea4d208f2239df00551b8d2dd,CS002,S02,included,included
doi:10.1145/1122971.1122992,Proving correctness of highly-concurrent linearisable objects,2006,2006-03-29,Viktor Vafeiadis; Maurice Herlihy; T. Hoare; M. Shapiro,10.1145/1122971.1122992,,ACM SIGPLAN Symposium on Principles & Practice of Parallel Programming,https://www.semanticscholar.org/paper/9dd2d27da13ac677a182647051797becd2912fc7,117,28,semanticscholar,9dd2d27da13ac677a182647051797becd2912fc7,CS030,S44,included,included
doi:10.1145/113379.113400,Lock-free garbage collection for multiprocessors,1991,1991-06-01,M. Herlihy; J. E. Moss,10.1145/113379.113400,,ACM Symposium on Parallelism in Algorithms and Architectures,https://www.semanticscholar.org/paper/8e19682c1fee831a5063e9d01932db1aa1e7fd64,82,24,semanticscholar,8e19682c1fee831a5063e9d01932db1aa1e7fd64,CS030,S44,included,included
doi:10.1145/114005.102808,Wait-free synchronization,1991,1991-01-01,M. Herlihy,10.1145/114005.102808,,ACM Transactions on Programming Languages and Systems,https://www.semanticscholar.org/paper/d907dfd33609905981a34e217f29a48fee3f7145,2032,32,semanticscholar,d907dfd33609905981a34e217f29a48fee3f7145,CS030;CS031,S44;S45,included,included
doi:10.1145/1182613.1182618,Logical characterizations of heap abstractions,2003,2003-12-07,G. Yorsh; T. Reps; Shmuel Sagiv; R. Wilhelm,10.1145/1182613.1182618,cs/0312014,TOCL,https://www.semanticscholar.org/paper/6566e6e2600e70068798cf8edea696b45518747d,40,91,semanticscholar,6566e6e2600e70068798cf8edea696b45518747d,CS030,S44,included,included
doi:10.1145/1190216.1190261,Modular verification of a non-blocking stack,2007,2007-01-17,Matthew J. Parkinson; R. Bornat; P. O'Hearn,10.1145/1190216.1190261,,ACM-SIGACT Symposium on Principles of Programming Languages,https://www.semanticscholar.org/paper/90e95ec376698d5048a962dd86e0583f3f83f361,71,13,semanticscholar,90e95ec376698d5048a962dd86e0583f3f83f361,CS019,S29,included,included
doi:10.1145/1233307.1233309,Concurrent programming without locks,2007,2007-05-01,K. Fraser; T. Harris,10.1145/1233307.1233309,,TOCS,https://www.semanticscholar.org/paper/6b6e4bc51aa3dccb46f0a4fe3b384774856aab36,297,67,semanticscholar,6b6e4bc51aa3dccb46f0a4fe3b384774856aab36,CS030,S44,included,included
doi:10.1145/1250734.1250737,CheckFence: checking consistency of concurrent data types on relaxed memory models,2007,2007-06-15,Sebastian Burckhardt; R. Alur; Milo M. K. Martin,10.1145/1250734.1250737,,ACM-SIGPLAN Symposium on Programming Language Design and Implementation,https://www.semanticscholar.org/paper/21161c8efa04cd2ec2e4f121fc720d7e2ffc4e38,210,52,semanticscholar,21161c8efa04cd2ec2e4f121fc720d7e2ffc4e38,CS022;CS030,S33;S44,included,included
doi:10.1145/1250734.1250765,Thread-modular shape analysis,2007,2007-06-15,Alexey Gotsman; Josh Berdine; Byron Cook; Shmuel Sagiv,10.1145/1250734.1250765,,ACM-SIGPLAN Symposium on Programming Language Design and Implementation,https://www.semanticscholar.org/paper/1a2bfad38eb96e413b51fcaa6c77e71dbd2cb881,106,28,semanticscholar,1a2bfad38eb96e413b51fcaa6c77e71dbd2cb881,CS028,S40,included,included
doi:10.1145/1250734.1250771,Proving thread termination,2007,2007-06-15,B. Cook; A. Podelski; A. Rybalchenko,10.1145/1250734.1250771,,ACM-SIGPLAN Symposium on Programming Language Design and Implementation,https://www.semanticscholar.org/paper/b066c20c5d2d32231464b96c0dc1dd33bd89eb5c,59,40,semanticscholar,b066c20c5d2d32231464b96c0dc1dd33bd89eb5c,CS028,S40,included,included
doi:10.1145/1287624.1287653,Finding bugs efficiently with a SAT solver,2007,2007-09-07,Julian T Dolby; M. Vaziri; F. Tip,10.1145/1287624.1287653,,ESEC-FSE '07,https://www.semanticscholar.org/paper/d30b27ea50a4e13246edca0256420adc3acb75bd,81,36,semanticscholar,d30b27ea50a4e13246edca0256420adc3acb75bd,CS030,S44,included,included
doi:10.1145/1328438.1328459,Proving non-termination,2008,2008-01-07,Ashutosh Gupta; T. Henzinger; R. Majumdar; A. Rybalchenko; Ru-Gang Xu,10.1145/1328438.1328459,,ACM-SIGACT Symposium on Principles of Programming Languages,https://www.semanticscholar.org/paper/f648b6e14c59a69c7d7cba0c1e3047158953dd33,190,32,semanticscholar,f648b6e14c59a69c7d7cba0c1e3047158953dd33,CS004,S05,included,included
doi:10.1145/135419.135446,Performance issues in non-blocking synchronization on shared-memory multiprocessors,1992,1992-10-01,Juan Alemany; E. Felten,10.1145/135419.135446,,ACM SIGACT-SIGOPS Symposium on Principles of Distributed Computing,https://www.semanticscholar.org/paper/fda929734d5b0c383001d9fccae6f2219c104458,68,10,semanticscholar,fda929734d5b0c383001d9fccae6f2219c104458,CS030,S44,included,included
doi:10.1145/136035.136043,Symbolic Boolean manipulation with ordered binary-decision diagrams,1992,1992-09-01,R. Bryant,10.1145/136035.136043,,CSUR,https://www.semanticscholar.org/paper/45c1c49b29c8a31ae9a196cf5070824c1bbe8930,2393,56,semanticscholar,45c1c49b29c8a31ae9a196cf5070824c1bbe8930,CS030,S44,included,included
doi:10.1145/137097.137873,Locking without blocking: making lock based concurrent data structure algorithms nonblocking,1992,1992-07-01,John Turek; D. Shasha; S. Prakash,10.1145/137097.137873,,ACM SIGACT-SIGMOD-SIGART Symposium on Principles of Database Systems,https://www.semanticscholar.org/paper/2125f8284610b8bea3cff44a60f8a34a2cd766c2,106,12,semanticscholar,2125f8284610b8bea3cff44a60f8a34a2cd766c2,CS030,S44,included,included
doi:10.1145/1375634.1375637,Parallel generational-copying garbage collection with a block-structured heap,2008,2008-06-07,S. Marlow; T. Harris; Roshan P. James; S. Jones,10.1145/1375634.1375637,,International Symposium on Mathematical Morphology and Its Application to Signal and Image Processing,https://www.semanticscholar.org/paper/839ef90d70e4779a4b6795b06f314294ea539add,77,25,semanticscholar,839ef90d70e4779a4b6795b06f314294ea539add,CS019,S29,included,included
doi:10.1145/1375634.1375656,Analysing memory resource bounds for low-level programs,2008,2008-06-07,W. Chin; Huu Hai Nguyen; C. Popeea; S. Qin,10.1145/1375634.1375656,,International Symposium on Mathematical Morphology and Its Application to Signal and Image Processing,https://www.semanticscholar.org/paper/1851715edb40a16380ba0508b5e82809badfb73c,56,29,semanticscholar,1851715edb40a16380ba0508b5e82809badfb73c,CS019,S29,included,included
doi:10.1145/1411203.1411224,Implicitly-threaded parallelism in Manticore,2008,2008-09-20,M. Fluet; M. Rainey; John H. Reppy; Adam Shaw,10.1145/1411203.1411224,,Journal of functional programming,https://www.semanticscholar.org/paper/11a5cdac00df51114a77fafb62c72ac57f52e8c0,130,82,semanticscholar,11a5cdac00df51114a77fafb62c72ac57f52e8c0,CS023,S35,included,included
doi:10.1145/1411203.1411226,Parametric higher-order abstract syntax for mechanized semantics,2008,2008-09-20,A. Chlipala,10.1145/1411203.1411226,,ACM SIGPLAN International Conference on Functional Programming,https://www.semanticscholar.org/paper/cf1f92af377a772e7447c10c7d9fdadd72584644,229,37,semanticscholar,cf1f92af377a772e7447c10c7d9fdadd72584644,CS010,S14,included,included
doi:10.1145/142111.964561,A Lock-Free Multiprocessor OS Kernel,1992,1992-04-01,H. Massalin; C. Pu,10.1145/142111.964561,,OPSR,https://www.semanticscholar.org/paper/17c27359d611be9c979c5dcecab6fb497e12b6fb,174,14,semanticscholar,17c27359d611be9c979c5dcecab6fb497e12b6fb,CS030,S44,included,included
doi:10.1145/143165.143235,Model checking and abstraction,1992,1992-02-01,E. Clarke; O. Grumberg; D. E. Long,10.1145/143165.143235,,ACM-SIGACT Symposium on Principles of Programming Languages,https://www.semanticscholar.org/paper/724000c0c9ce41e78393f08b6daec48e33627212,1672,38,semanticscholar,724000c0c9ce41e78393f08b6daec48e33627212,CS030,S44,included,included
doi:10.1145/1480881.1480886,Proving That Non-Blocking Algorithms Don't Block,2009,2009-01-21,Alexey Gotsman; Byron Cook; Matthew J. Parkinson; Viktor Vafeiadis,10.1145/1480881.1480886,,ACM-SIGACT Symposium on Principles of Programming Languages,https://www.semanticscholar.org/paper/f38da1dcab25f1eab911fa5383d0e22e391a1133,98,39,seed-catalog;semanticscholar,DOI:10.1145/1480881.1480886;f38da1dcab25f1eab911fa5383d0e22e391a1133,CS009;CS024;CS028,A29;S10;S40,included,included
doi:10.1145/1480881.1480917,Compositional shape analysis by means of bi-abduction,2009,2009-01-21,C. Calcagno; Dino Distefano; P. O'Hearn; Hongseok Yang,10.1145/1480881.1480917,,ACM-SIGACT Symposium on Principles of Programming Languages,https://www.semanticscholar.org/paper/17b106493d825357411dd9943f957793a0d1a0fa,471,81,semanticscholar,17b106493d825357411dd9943f957793a0d1a0fa,CS028,S40,included,included
doi:10.1145/1480881.1480922,Local rely-guarantee reasoning,2009,2009-01-21,Xinyu Feng,10.1145/1480881.1480922,,ACM-SIGACT Symposium on Principles of Programming Languages,https://www.semanticscholar.org/paper/c58820a76c325d6d12fd3ce010be9777ba0ae0c3,160,32,semanticscholar,c58820a76c325d6d12fd3ce010be9777ba0ae0c3,CS009,S10,included,included
doi:10.1145/1480881.1480925,State-dependent representation independence,2009,2009-01-21,Amal J. Ahmed; Derek Dreyer; Andreas Rossberg,10.1145/1480881.1480925,,ACM-SIGACT Symposium on Principles of Programming Languages,https://www.semanticscholar.org/paper/ffb87841f0ceb836adeb5383e1bb780f9ae80419,202,31,semanticscholar,ffb87841f0ceb836adeb5383e1bb780f9ae80419,CS012,S16,included,included
doi:10.1145/1504176.1504186,Idempotent work stealing,2009,2009-02-14,Maged M. Michael; Martin T. Vechev; V. Saraswat,10.1145/1504176.1504186,,ACM SIGPLAN Symposium on Principles & Practice of Parallel Programming,https://www.semanticscholar.org/paper/4e5add02a2d3d5b8e68b6a6165689e85984d5e7d,134,16,semanticscholar,4e5add02a2d3d5b8e68b6a6165689e85984d5e7d,CS031,S45,included,included
doi:10.1145/1542476.1542493,Progress Guarantee for Parallel Programs via Bounded Lock-Freedom,2009,2009-06-15,E. Petrank; M. Musuvathi; B. Steensgaard,10.1145/1542476.1542493,,ACM-SIGPLAN Symposium on Programming Language Design and Implementation,https://www.semanticscholar.org/paper/403acc7cbe119b7e6fa8897c894e537da42414e8,25,26,seed-catalog;semanticscholar,403acc7cbe119b7e6fa8897c894e537da42414e8;DOI:10.1145/1542476.1542493,CS009;CS028;CS029;CS031,S10;S40;S42;S45,included,included
doi:10.1145/155332.155343,Implementation of a portable nested data-parallel language,1993,1993-08-01,G. Blelloch; Jonathan C Hardwick; J. Sipelstein; M. Zagha; S. Chatterjee,10.1145/155332.155343,,ACM SIGPLAN Symposium on Principles & Practice of Parallel Programming,https://www.semanticscholar.org/paper/8a74d0dcb9aade9da4bf30ba79a29882b69717eb,416,68,semanticscholar,8a74d0dcb9aade9da4bf30ba79a29882b69717eb,CS023,S35,included,included
doi:10.1145/161468.161469,A methodology for implementing highly concurrent data objects,1992,1992-04-01,M. Herlihy,10.1145/161468.161469,,OPSR,https://www.semanticscholar.org/paper/c9ad3dada83553a5cc9b751544035a57727548b0,531,53,semanticscholar,c9ad3dada83553a5cc9b751544035a57727548b0,CS030,S44,included,included
doi:10.1145/1640089.1640106,The design of a task parallel library,2009,2009-10-25,Daan Leijen; W. Schulte; S. Burckhardt,10.1145/1640089.1640106,,"Conference on Object-Oriented Programming Systems, Languages, and Applications",https://www.semanticscholar.org/paper/a43176525eff69d04e9df1036093b2e4d6dcc932,297,36,semanticscholar,a43176525eff69d04e9df1036093b2e4d6dcc932,CS031,S45,included,included
doi:10.1145/1640089.1640133,"On understanding data abstraction, revisited",2009,2009-10-25,W. Cook,10.1145/1640089.1640133,,"Conference on Object-Oriented Programming Systems, Languages, and Applications",https://www.semanticscholar.org/paper/26a91e5058d9245126b2104f61c37a8dd935a658,94,73,semanticscholar,26a91e5058d9245126b2104f61c37a8dd935a658,CS019,S29,included,included
doi:10.1145/165180.165205,Polling efficiently on stock hardware,1993,1993-07-01,M. Feeley,10.1145/165180.165205,,Conference on Functional Programming Languages and Computer Architecture,https://www.semanticscholar.org/paper/a134e089a2d1b4c2f6962de93998588d6ab5c776,45,15,semanticscholar,a134e089a2d1b4c2f6962de93998588d6ab5c776,CS019,S29,included,included
doi:10.1145/165231.165265,A method for implementing lock-free shared-data structures,1993,1993-08-01,G. Barnes,10.1145/165231.165265,,ACM Symposium on Parallelism in Algorithms and Architectures,https://www.semanticscholar.org/paper/dbce50bfe8ffe2b37765eca3cde7f17e96fd9541,208,23,semanticscholar,dbce50bfe8ffe2b37765eca3cde7f17e96fd9541,CS030,S44,included,included
doi:10.1145/1693453.1693459,Featherweight X10: a core calculus for async-finish parallelism,2010,2010-01-09,Jonathan K. Lee; J. Palsberg,10.1145/1693453.1693459,,ACM SIGPLAN Symposium on Principles & Practice of Parallel Programming,https://www.semanticscholar.org/paper/9dcdea1c1fd99133ab80e97ea7b9d75ab00905f3,81,25,semanticscholar,9dcdea1c1fd99133ab80e97ea7b9d75ab00905f3,CS019,S29,included,included
doi:10.1145/1706299.1706303,On the verification problem for weak memory models,2010,2010-01-17,M. Atig; A. Bouajjani; S. Burckhardt; M. Musuvathi,10.1145/1706299.1706303,,ACM-SIGACT Symposium on Principles of Programming Languages,https://www.semanticscholar.org/paper/599353a751739b5461d2730ecde78dcb9e97f68e,158,27,semanticscholar,599353a751739b5461d2730ecde78dcb9e97f68e,CS031,S45,included,included
doi:10.1145/1706299.1706322,A theory of indirection via approximation,2010,2010-01-17,Aquinas Hobor; Robert Dockins; A. Appel,10.1145/1706299.1706322,,ACM-SIGACT Symposium on Principles of Programming Languages,https://www.semanticscholar.org/paper/f1ebbadc70daeb0da81df1c08592eb83f43a0b03,44,45,semanticscholar,f1ebbadc70daeb0da81df1c08592eb83f43a0b03,CS011,S15,included,included
doi:10.1145/1745312.1745315,Verifying safety properties of concurrent heap-manipulating programs,2010,2010-05-01,Eran Yahav; Shmuel Sagiv,10.1145/1745312.1745315,,TOPL,https://www.semanticscholar.org/paper/2c2a596d8517199573af9ae2f5d17e5488d24edb,6,137,semanticscholar,2c2a596d8517199573af9ae2f5d17e5488d24edb,CS009;CS030,S10;S44,included,included
doi:10.1145/1749608.1749613,Finite differencing of logical formulas for static analysis,2003,2003-04-07,T. Reps; Shmuel Sagiv; Alexey Loginov,10.1145/1749608.1749613,,TOPL,https://www.semanticscholar.org/paper/f2cbf3f3478c210c2099c799e64987c846e4727d,32,70,semanticscholar,f2cbf3f3478c210c2099c799e64987c846e4727d,CS030,S44,included,included
doi:10.1145/1785414.1785443,x86-TSO,2010,2010-07-01,Peter Sewell; Susmit Sarkar; Scott Owens; Francesco Zappa Nardelli; Magnus O. Myreen,10.1145/1785414.1785443,,Communications of the ACM,https://www.semanticscholar.org/paper/e12c81e6ad5d11031e26e532a0ef409f0672e10c,415,37,semanticscholar,e12c81e6ad5d11031e26e532a0ef409f0672e10c,CS001;CS008,S01;S09,included,included
doi:10.1145/1806596.1806630,The reachability-bound problem,2010,2010-06-05,Sumit Gulwani; Florian Zuleger,10.1145/1806596.1806630,,ACM-SIGPLAN Symposium on Programming Language Design and Implementation,https://www.semanticscholar.org/paper/74371ddba02bbeae34f2ddc840265a93870aeb19,120,32,semanticscholar,74371ddba02bbeae34f2ddc840265a93870aeb19,CS028,S40,included,included
doi:10.1145/1806596.1806634,Line-up: a complete and automatic linearizability checker,2010,2010-06-05,S. Burckhardt; C. Dern; M. Musuvathi; R. Tan,10.1145/1806596.1806634,,ACM-SIGPLAN Symposium on Programming Language Design and Implementation,https://www.semanticscholar.org/paper/825c2ba62cd1c741ada07b758424f8707ad9f02b,152,27,semanticscholar,825c2ba62cd1c741ada07b758424f8707ad9f02b,CS022,S33,included,included
doi:10.1145/1835698.1835722,Verifying linearizability with hindsight,2010,2010-07-25,P. O'Hearn; N. Rinetzky; Martin T. Vechev; Eran Yahav; G. Yorsh,10.1145/1835698.1835722,,ACM SIGACT-SIGOPS Symposium on Principles of Distributed Computing,https://www.semanticscholar.org/paper/1fc3e2438ec2874adc335519d65c3959be69fb76,81,25,semanticscholar,1fc3e2438ec2874adc335519d65c3959be69fb76,CS022,S33,included,included
doi:10.1145/1889997.1890001,Mechanically verified proof obligations for linearizability,2011,,J. Derrick; G. Schellhorn; H. Wehrheim,10.1145/1889997.1890001,,TOPL,https://www.semanticscholar.org/paper/a9e49bb7151c36dff50005ed9e5c95e6802b645c,57,57,semanticscholar,a9e49bb7151c36dff50005ed9e5c95e6802b645c,CS027;CS030,S38;S44,included,included
doi:10.1145/1926385.1926394,Mathematizing C++ concurrency,2011,2011-01-26,Mark Batty; Scott Owens; Susmit Sarkar; Peter Sewell; Tjark Weber,10.1145/1926385.1926394,,ACM-SIGACT Symposium on Principles of Programming Languages,https://www.semanticscholar.org/paper/e1aa60639ac1c05788d4eef6054d9a47d047de0e,413,33,semanticscholar,e1aa60639ac1c05788d4eef6054d9a47d047de0e,CS001;CS006;CS007;CS008;CS022;CS031,S01;S07;S08;S09;S33;S45,included,included
doi:10.1145/1926385.1926402,A kripke logical relation between ML and assembly,2011,2011-01-26,Chung-Kil Hur; Derek Dreyer,10.1145/1926385.1926402,,ACM-SIGACT Symposium on Principles of Programming Languages,https://www.semanticscholar.org/paper/1e34bd70e070ebb9c54e1c3ab0fb799a892de51f,111,24,semanticscholar,1e34bd70e070ebb9c54e1c3ab0fb799a892de51f,CS010,S14,included,included
doi:10.1145/1929553.1929565,The essence of monotonic state,2011,2011-01-25,Alexandre Pilkiewicz; F. Pottier,10.1145/1929553.1929565,,ACM SIGPLAN International Workshop on Types In Languages Design And Implementation,https://www.semanticscholar.org/paper/0027cc0dd768ce3ae2f3e253a17958dd69281f4c,50,38,semanticscholar,0027cc0dd768ce3ae2f3e253a17958dd69281f4c,CS023,S35,included,included
doi:10.1145/1941487.1941509,Proving program termination,2011,2011-05-01,B. Cook; A. Podelski; A. Rybalchenko,10.1145/1941487.1941509,,Communications of the ACM,https://www.semanticscholar.org/paper/f8d81fc2c76d87475acc1943a2d98740eec26e5f,139,48,semanticscholar,f8d81fc2c76d87475acc1943a2d98740eec26e5f,CS009,S10,included,included
doi:10.1145/1950365.1950379,Mnemosyne: lightweight persistent memory,2011,2011-03-05,Haris Volos; A. J. Tack; M. Swift,10.1145/1950365.1950379,,ASPLOS XVI,https://www.semanticscholar.org/paper/62957dc217fd2b416eb0ddb9b900eeff2e3fe169,844,66,semanticscholar,62957dc217fd2b416eb0ddb9b900eeff2e3fe169,CS026,S27,included,included
doi:10.1145/197917.197975,A performance evaluation of lock-free synchronization protocols,1994,1994-08-14,A. LaMarca,10.1145/197917.197975,,ACM SIGACT-SIGOPS Symposium on Principles of Distributed Computing,https://www.semanticscholar.org/paper/ac8e8ba2f7f734423ac1988990d82bf7e0dddd49,42,28,semanticscholar,ac8e8ba2f7f734423ac1988990d82bf7e0dddd49,CS030,S44,included,included
doi:10.1145/197917.198176,Set-linearizability,1994,1994-08-14,G. Neiger,10.1145/197917.198176,,ACM SIGACT-SIGOPS Symposium on Principles of Distributed Computing,https://www.semanticscholar.org/paper/aaabd1ab2a735e36acb9905b9882b6e1184fb6a6,50,0,semanticscholar,aaabd1ab2a735e36acb9905b9882b6e1184fb6a6,CS006,S07,included,included
doi:10.1145/1993498.1993520,Understanding POWER multiprocessors,2011,2011-06-04,Susmit Sarkar; Peter Sewell; J. Alglave; Luc Maranget; Derek Williams,10.1145/1993498.1993520,,ACM-SIGPLAN Symposium on Programming Language Design and Implementation,https://www.semanticscholar.org/paper/4fe468925a5c1b636cc16fb04184c69de7aed097,280,30,semanticscholar,4fe468925a5c1b636cc16fb04184c69de7aed097,CS004,S05,included,included
doi:10.1145/2020976.2021006,The art of multiprocessor programming by Maurice Herlihy and Nir Shavit,2011,2011-09-30,M. Herlihy; N. Shavit,10.1145/2020976.2021006,,SOEN,https://www.semanticscholar.org/paper/64d8c44d6f04b193d3254f6ee8b733f71bfb8d06,562,144,semanticscholar,64d8c44d6f04b193d3254f6ee8b733f71bfb8d06,CS028,S40,included,included
doi:10.1145/203095.201069,Conjoining specifications,1995,1995-05-01,M. Abadi; L. Lamport,10.1145/203095.201069,,ACM Transactions on Programming Languages and Systems,https://www.semanticscholar.org/paper/062ee646bc993e69179ecd474060926f5f97e858,534,30,semanticscholar,062ee646bc993e69179ecd474060926f5f97e858,CS011;CS028,S15;S40,included,included
doi:10.1145/209936.209958,Cilk: an efficient multithreaded runtime system,1995,1995-08-01,R. Blumofe; C. Joerg; Bradley C. Kuszmaul; C. Leiserson; K. Randall; Yuli Zhou,10.1145/209936.209958,,ACM SIGPLAN Symposium on Principles & Practice of Parallel Programming,https://www.semanticscholar.org/paper/6ca942f2b2367826c2699ac404696cc822d22e30,2181,56,semanticscholar,6ca942f2b2367826c2699ac404696cc822d22e30,CS019,S29,included,included
doi:10.1145/2103656.2103666,The marriage of bisimulations and Kripke logical relations,2012,2012-01-25,Chung-Kil Hur; Derek Dreyer; Georg Neis; Viktor Vafeiadis,10.1145/2103656.2103666,,ACM-SIGACT Symposium on Principles of Programming Languages,https://www.semanticscholar.org/paper/44bdcf9cd2cb0a147971dca3b64b52663fa73be8,89,59,semanticscholar,44bdcf9cd2cb0a147971dca3b64b52663fa73be8,CS010,S14,included,included
doi:10.1145/2103656.2103717,Clarifying and compiling C/C++ concurrency: from C++11 to POWER,2012,2012-01-25,Mark Batty; Kayvan Memarian; Scott Owens; Susmit Sarkar; Peter Sewell,10.1145/2103656.2103717,,ACM-SIGACT Symposium on Principles of Programming Languages,https://www.semanticscholar.org/paper/57c7137043f02fc734642c7aca79e3b95788eb99,126,25,semanticscholar,57c7137043f02fc734642c7aca79e3b95788eb99,CS001,S01,included,included
doi:10.1145/2103776.2103785,The VerCors project: setting up basecamp,2012,2012-01-24,A. Amighi; S. Blom; M. Huisman; Marina Zaharieva-Stojanovski,10.1145/2103776.2103785,,Programming Languages meets Program Verification,https://www.semanticscholar.org/paper/36991372842abff5e56c46aaa91ee809b70eecba,32,58,semanticscholar,36991372842abff5e56c46aaa91ee809b70eecba,CS009,S10,included,included
doi:10.1145/224164.224182,Abstract models of memory management,1995,1995-10-01,G. Morrisett; M. Felleisen; R. Harper,10.1145/224164.224182,,Conference on Functional Programming Languages and Computer Architecture,https://www.semanticscholar.org/paper/652d2dec9f32da2d82b0375742d516b5daa3af29,138,42,semanticscholar,652d2dec9f32da2d82b0375742d516b5daa3af29,CS019,S29,included,included
doi:10.1145/2247684.2247685,Can parallel data structures rely on automatic memory managers?,2012,2012-06-16,E. Petrank,10.1145/2247684.2247685,,Workshop on Memory System Performance and Correctness,https://www.semanticscholar.org/paper/0b0850f23253c591846f91a48e445616ad1b6b02,9,14,semanticscholar,0b0850f23253c591846f91a48e445616ad1b6b02,CS029,S42,included,included
doi:10.1145/224964.224988,Lock-free linked lists using compare-and-swap,1995,1995-08-20,John D. Valois,10.1145/224964.224988,,ACM SIGACT-SIGOPS Symposium on Principles of Distributed Computing,https://www.semanticscholar.org/paper/c3c80b53e71dd65b66e712b99e19b21434cd43d3,343,30,semanticscholar,c3c80b53e71dd65b66e712b99e19b21434cd43d3,CS030,S44,included,included
doi:10.1145/229000.226322,Elements of style: analyzing a software design feature with a counterexample detector,1996,1996-05-01,D. Jackson; C. Damon,10.1145/229000.226322,,International Symposium on Software Testing and Analysis,https://www.semanticscholar.org/paper/f2caa52b48c79fb10994e4e7c111d227098943df,183,37,semanticscholar,f2caa52b48c79fb10994e4e7c111d227098943df,CS030,S44,included,included
doi:10.1145/2312005.2312016,A lock-free B+tree,2012,2012-06-25,Anastasia Braginsky; E. Petrank,10.1145/2312005.2312016,,ACM Symposium on Parallelism in Algorithms and Architectures,https://www.semanticscholar.org/paper/c3af058cdbe022723eff90f0f0add071fd5c0870,107,20,semanticscholar,c3af058cdbe022723eff90f0f0add071fd5c0870,CS029,S42,included,included
doi:10.1145/232627.232650,A provable time and space efficient implementation of NESL,1996,1996-06-15,G. Blelloch; John Greiner,10.1145/232627.232650,,ACM SIGPLAN International Conference on Functional Programming,https://www.semanticscholar.org/paper/ab3811f4e64078bdc95f0573b9cec256d400e9ea,164,36,semanticscholar,ab3811f4e64078bdc95f0573b9cec256d400e9ea,CS023,S35,included,included
doi:10.1145/2362389.2362393,Multivariate amortized resource analysis,2012,2012-10-01,Jan Hoffmann; Klaus Aehlig; M. Hofmann,10.1145/2362389.2362393,,TOPL,https://www.semanticscholar.org/paper/20f3fcd714230fbcb88661ba0f623d9e6217a717,224,62,semanticscholar,20f3fcd714230fbcb88661ba0f623d9e6217a717,CS019,S29,included,included
doi:10.1145/237721.237725,Solving shape-analysis problems in languages with destructive updating,1996,,Shmuel Sagiv; T. Reps; R. Wilhelm,10.1145/237721.237725,,ACM-SIGACT Symposium on Principles of Programming Languages,https://www.semanticscholar.org/paper/8e5251b3a978ab2a7e99920eb91c8ebe8d71806a,478,42,semanticscholar,8e5251b3a978ab2a7e99920eb91c8ebe8d71806a,CS030,S44,included,included
doi:10.1145/2429069.2429099,Library abstraction for C/C++ concurrency,2013,2013-01-23,Mark Batty; Mike Dodds; Alexey Gotsman,10.1145/2429069.2429099,,ACM-SIGACT Symposium on Principles of Programming Languages,https://www.semanticscholar.org/paper/f69107afe63ef62068a57124b7ce411f1d26ea3f,99,27,semanticscholar,f69107afe63ef62068a57124b7ce411f1d26ea3f,CS006;CS007;CS008;CS022,S07;S08;S09;S33,included,included
doi:10.1145/2429069.2429109,Quantitative relaxation of concurrent data structures,2013,2013-01-23,T. Henzinger; C. Kirsch; H. Payer; A. Sezgin; A. Sokolova,10.1145/2429069.2429109,,ACM-SIGACT Symposium on Principles of Programming Languages,https://www.semanticscholar.org/paper/b16e021be73f02185d9a0659fdafaa80b2ad7031,118,22,semanticscholar,b16e021be73f02185d9a0659fdafaa80b2ad7031,CS006,S07,included,included
doi:10.1145/2442516.2442524,Correct and efficient work-stealing for weak memory models,2013,2013-02-23,Nhat Minh Lê; Antoniu Pop; Albert Cohen; Francesco Zappa Nardelli,10.1145/2442516.2442524,,ACM SIGPLAN Symposium on Principles & Practice of Parallel Programming,https://www.semanticscholar.org/paper/c2c01c69d19bcc9350c174bbf91ae31d18149f97,89,22,semanticscholar,c2c01c69d19bcc9350c174bbf91ae31d18149f97,CS006,S07,included,included
doi:10.1145/244795.244800,Abstract interpretation of reactive systems,1997,1997-03-03,D. Dams; R. Gerth; O. Grumberg,10.1145/244795.244800,,ACM Transactions on Programming Languages and Systems,https://www.semanticscholar.org/paper/c273bab3031d5d8509a1f7b7e5e9fdd145d2d457,451,59,semanticscholar,c273bab3031d5d8509a1f7b7e5e9fdd145d2d457,CS030,S44,included,included
doi:10.1145/248052.248106,"Simple, fast, and practical non-blocking and blocking concurrent queue algorithms",1996,1996-05-01,Maged M. Michael; M. Scott,10.1145/248052.248106,,ACM SIGACT-SIGOPS Symposium on Principles of Distributed Computing,https://www.semanticscholar.org/paper/37a1e8411669e29cf8fbf48ec920c97c0066ac7e,937,24,semanticscholar,37a1e8411669e29cf8fbf48ec920c97c0066ac7e,CS006;CS007;CS028;CS030;CS031,S07;S08;S40;S44;S45,included,included
doi:10.1145/2483852.2483868,Proving the correctness of nonblocking data structures,2013,2013-05-01,M. Desnoyers,10.1145/2483852.2483868,,CACM,https://www.semanticscholar.org/paper/dd6c3edce39fd3f74a78e870b01de658255ad9fa,6,37,semanticscholar,dd6c3edce39fd3f74a78e870b01de658255ad9fa,CS009,S10,included,included
doi:10.1145/2491956.2462189,Modular verification of linearizability with non-fixed linearization points,2013,2013-06-16,Hongjin Liang; Xinyu Feng,10.1145/2491956.2462189,,ACM-SIGPLAN Symposium on Programming Language Design and Implementation,https://www.semanticscholar.org/paper/fd9b16a662601a348d26918ec622c0d29365d62f,101,34,semanticscholar,fd9b16a662601a348d26918ec622c0d29365d62f,CS006;CS022,S07;S33,included,included
doi:10.1145/2500365.2500600,Unifying refinement and hoare-style reasoning in a logic for higher-order concurrency,2013,2013-09-25,Aaron Turon; Derek Dreyer; L. Birkedal,10.1145/2500365.2500600,,ACM SIGPLAN International Conference on Functional Programming,https://www.semanticscholar.org/paper/8b88a7f224baf405748c040e4dd4fced006003fb,174,33,semanticscholar,8b88a7f224baf405748c040e4dd4fced006003fb,CS006,S07,included,included
doi:10.1145/2509136.2509514,CDSchecker: checking concurrent data structures written with C/C++ atomics,2013,2013-10-29,Brian Norris; Brian Demsky,10.1145/2509136.2509514,,"Conference on Object-Oriented Programming Systems, Languages, and Applications",https://www.semanticscholar.org/paper/2814d43ef6c8811d6844e3125dd3d4c87c2e226a,148,42,semanticscholar,2814d43ef6c8811d6844e3125dd3d4c87c2e226a,CS022,S33,included,included
doi:10.1145/2509136.2509532,Relaxed separation logic: a program logic for C11 concurrency,2013,2013-10-29,Viktor Vafeiadis; Chinmay Narayan,10.1145/2509136.2509532,,"Conference on Object-Oriented Programming Systems, Languages, and Applications",https://www.semanticscholar.org/paper/987adbbb4b5baff729cf3907d7f05a86e8651849,146,34,semanticscholar,987adbbb4b5baff729cf3907d7f05a86e8651849,CS006;CS007;CS026,S07;S08;S27,included,included
doi:10.1145/2535838.2535848,"Replicated data types: specification, verification, optimality",2014,2014-01-08,S. Burckhardt; Alexey Gotsman; Hongseok Yang; M. Zawirski,10.1145/2535838.2535848,,ACM-SIGACT Symposium on Principles of Programming Languages,https://www.semanticscholar.org/paper/c99ed5b3d138e5e437364d8e4c2d8aeca3cc79f3,214,39,semanticscholar,c99ed5b3d138e5e437364d8e4c2d8aeca3cc79f3,CS006,S07,included,included
doi:10.1145/2535838.2535877,Verifying eventual consistency of optimistic replication systems,2014,2014-01-08,A. Bouajjani; C. Enea; Jad Hamza,10.1145/2535838.2535877,,ACM-SIGACT Symposium on Principles of Programming Languages,https://www.semanticscholar.org/paper/fca0e44f0259d7599e4313191e1b596270aefe9b,58,26,semanticscholar,fca0e44f0259d7599e4313191e1b596270aefe9b,CS001,S01,included,included
doi:10.1145/2542667,Undecidability of Propositional Separation Logic and Its Neighbours,2010,2010-07-11,J. Brotherston; M. Kanovich,10.1145/2542667,,2010 25th Annual IEEE Symposium on Logic in Computer Science,https://www.semanticscholar.org/paper/66848336b298969361ccc6ccd0f446ac99af0f0a,78,53,semanticscholar,66848336b298969361ccc6ccd0f446ac99af0f0a,CS009,S10,included,included
doi:10.1145/259380.259442,Practical implementations of non-blocking synchronization primitives,1997,1997-08-01,Mark Moir,10.1145/259380.259442,,ACM SIGACT-SIGOPS Symposium on Principles of Distributed Computing,https://www.semanticscholar.org/paper/788559d2b9604b6a79cd59c69f356b7fefa49a60,158,15,semanticscholar,788559d2b9604b6a79cd59c69f356b7fefa49a60,CS030,S44,included,included
doi:10.1145/2594291.2594301,End-to-end verification of stack-space bounds for C programs,2014,2014-06-09,Quentin Carbonneaux; Jan Hoffmann; T. Ramananandro; Zhong Shao,10.1145/2594291.2594301,,ACM-SIGPLAN Symposium on Programming Language Design and Implementation,https://www.semanticscholar.org/paper/046af23d437d93cc7d03b0df2b773d6fb6f046c3,76,39,semanticscholar,046af23d437d93cc7d03b0df2b773d6fb6f046c3,CS016;CS023,A27;S35,included,included
doi:10.1145/2603088.2603123,Compositional verification of termination-preserving refinement of concurrent programs,2014,2014-07-14,Hongjin Liang; Xinyu Feng; Zhong Shao,10.1145/2603088.2603123,,CSL-LICS,https://www.semanticscholar.org/paper/997c2c6b5b168e4647fbc4bcabccddf1faef8cc1,38,27,semanticscholar,997c2c6b5b168e4647fbc4bcabccddf1faef8cc1,CS009;CS016,A27;S10,included,included
doi:10.1145/2627752,Herding Cats,2014,2014-06-09,J. Alglave; Luc Maranget; Michael Tautschnig,10.1145/2627752,1308.6810,ACM Transactions on Programming Languages and Systems,https://www.semanticscholar.org/paper/37dd61d659511463ac05979b2c824d0671c4a44b,178,91,semanticscholar,37dd61d659511463ac05979b2c824d0671c4a44b;eea2927258e13bc18f8f872e335bc4a3a7a206b6,CS001;CS004;CS008,S01;S05;S09,included,included
doi:10.1145/2629496,A Sound and Complete Proof Technique for Linearizability of Concurrent Data Structures,2014,2014-08-01,G. Schellhorn; J. Derrick; H. Wehrheim,10.1145/2629496,,TOCL,https://www.semanticscholar.org/paper/79e1d0ab9a29a51664b494d0b44503952f458d50,47,62,semanticscholar,79e1d0ab9a29a51664b494d0b44503952f458d50,CS018;CS027,S28;S38,included,included
doi:10.1145/2676724.2693179,Proving Lock-Freedom Easily and Automatically,2015,2015-01-13,Xiao Jia; Wei Li; Viktor Vafeiadis,10.1145/2676724.2693179,,Certified Programs and Proofs,https://www.semanticscholar.org/paper/c910126186ee896197199d2e5d021d275a96567c,10,15,seed-catalog;semanticscholar,DOI:10.1145/2676724.2693179;c910126186ee896197199d2e5d021d275a96567c,CS009;CS016;CS017;CS023;CS024;CS025;CS028,A27;A28;A29;A30;S10;S35;S40,included,included
doi:10.1145/2676724.2693180,Clean-Slate Development of Certified OS Kernels,2015,2015-01-13,Zhong Shao,10.1145/2676724.2693180,,Certified Programs and Proofs,https://www.semanticscholar.org/paper/e8ace9419628a68f18027e779f9add1bc9ec9ca9,7,22,semanticscholar,e8ace9419628a68f18027e779f9add1bc9ec9ca9,CS016,A27,included,included
doi:10.1145/2688500.2688503,High performance locks for multi-level NUMA systems,2015,2015-01-24,Milind Chabbi; M. Fagan; J. Mellor-Crummey,10.1145/2688500.2688503,,ACM SIGPLAN Symposium on Principles & Practice of Parallel Programming,https://www.semanticscholar.org/paper/9bd0f0527d8d2f751c622ec14388017224f4810b,69,14,semanticscholar,9bd0f0527d8d2f751c622ec14388017224f4810b,CS001,S01,included,included
doi:10.1145/2714064.2660243,GPS,2014,2014-10-15,Aaron Turon; Viktor Vafeiadis; Derek Dreyer,10.1145/2714064.2660243,,"Conference on Object-Oriented Programming Systems, Languages, and Applications",https://www.semanticscholar.org/paper/b9e67d76363b40a590dbd6132ddac94843103a9a,88,52,semanticscholar,b9e67d76363b40a590dbd6132ddac94843103a9a,CS006;CS026,S07;S27,included,included
doi:10.1145/2737924.2737955,Compositional certified resource bounds,2015,2015-06-03,Quentin Carbonneaux; Jan Hoffmann; Zhong Shao,10.1145/2737924.2737955,,ACM-SIGPLAN Symposium on Programming Language Design and Implementation,https://www.semanticscholar.org/paper/4118e00a194e9cde55a2151b3e06ef41a0da826a,113,42,semanticscholar,4118e00a194e9cde55a2151b3e06ef41a0da826a,CS016;CS019,A27;S29,included,included
doi:10.1145/2737924.2737964,Mechanized verification of fine-grained concurrent programs,2015,2015-06-03,Ilya Sergey; Aleksandar Nanevski; A. Banerjee,10.1145/2737924.2737964,,ACM-SIGPLAN Symposium on Programming Language Design and Implementation,https://www.semanticscholar.org/paper/03535b4725ded0b0748523ef5249fbf16c9e0026,128,61,semanticscholar,03535b4725ded0b0748523ef5249fbf16c9e0026,CS011,S15,included,included
doi:10.1145/2737924.2737992,Verifying read-copy-update in a logic for weak memory,2015,2015-06-03,Joseph Tassarotti; Derek Dreyer; Viktor Vafeiadis,10.1145/2737924.2737992,,ACM-SIGPLAN Symposium on Programming Language Design and Implementation,https://www.semanticscholar.org/paper/f193fd19ceaf8137e874319e51f4d5a1d3dc49b2,52,35,semanticscholar,f193fd19ceaf8137e874319e51f4d5a1d3dc49b2,CS006;CS008,S07;S09,included,included
doi:10.1145/2754169.2754187,Stop and go: understanding yieldpoint behavior,2015,2015-06-14,Yi Lin; Kunshan Wang; S. Blackburn; Antony Hosking; Michael Norrish,10.1145/2754169.2754187,,International Symposium on Mathematical Morphology and Its Application to Signal and Image Processing,https://www.semanticscholar.org/paper/1031dd14412b59a28527e005f078f470b5b04dc0,20,20,semanticscholar,1031dd14412b59a28527e005f078f470b5b04dc0,CS019,S29,included,included
doi:10.1145/2775051.2676963,"A Scalable, Correct Time-Stamped Stack",2015,2015-01-14,Mike Dodds; Andreas Haas; C. Kirsch,10.1145/2775051.2676963,,ACM-SIGACT Symposium on Principles of Programming Languages,https://www.semanticscholar.org/paper/8a66ec171076a6b3cf3865be2e8570ec7a64fd11,73,27,semanticscholar,8a66ec171076a6b3cf3865be2e8570ec7a64fd11,CS022,S33,included,included
doi:10.1145/2775051.2676975,Deep Specifications and Certified Abstraction Layers,2015,2015-01-14,Ronghui Gu; Jérémie Koenig; T. Ramananandro; Zhong Shao; Xiongnan Wu; Shu-Chun Weng; Haozhong Zhang; Yu Guo,10.1145/2775051.2676975,,ACM-SIGACT Symposium on Principles of Programming Languages,https://www.semanticscholar.org/paper/109c2e2a5d61c22b7c00c543c18a5252da130c3d,221,47,semanticscholar,109c2e2a5d61c22b7c00c543c18a5252da130c3d,CS002;CS011,S02;S15,included,included
doi:10.1145/2775051.2676980,Iris,2015,2015-01-14,Ralf Jung; David Swasey; Filip Sieczkowski; Kasper Svendsen; Aaron Turon; L. Birkedal; Derek Dreyer,10.1145/2775051.2676980,,ACM-SIGACT Symposium on Principles of Programming Languages,https://www.semanticscholar.org/paper/3365119a06b86d93e2fcd1a9d105b73f52bd896b,386,41,semanticscholar,3365119a06b86d93e2fcd1a9d105b73f52bd896b,CS002;CS006;CS007;CS010;CS011;CS012;CS023,S02;S07;S08;S14;S15;S16;S35,included,included
doi:10.1145/2775051.2676995,Common Compiler Optimisations are Invalid in the C11 Memory Model and what we can do about it,2015,2015-01-14,Viktor Vafeiadis; Thibaut Balabonski; S. Chakraborty; Robin Morisset; Francesco Zappa Nardelli,10.1145/2775051.2676995,,ACM-SIGACT Symposium on Principles of Programming Languages,https://www.semanticscholar.org/paper/bde0e8ce845d704b11d43d9df4913a7f9cedfb3b,128,28,semanticscholar,bde0e8ce845d704b11d43d9df4913a7f9cedfb3b,CS001,S01,included,included
doi:10.1145/2796550,Verifying Linearisability,2015,2015-09-24,Brijesh Dongol; J. Derrick,10.1145/2796550,,ACM Computing Surveys,https://www.semanticscholar.org/paper/2bdceaa9ec71ee076563a766261d72fbdcc2bbca,25,130,semanticscholar,2bdceaa9ec71ee076563a766261d72fbdcc2bbca,CS009;CS018;CS030,S10;S28;S44,included,included
doi:10.1145/2814270.2814297,SATCheck: SAT-directed stateless model checking for SC and TSO,2015,2015-10-23,Brian Demsky; Patrick Lam,10.1145/2814270.2814297,,"Conference on Object-Oriented Programming Systems, Languages, and Applications",https://www.semanticscholar.org/paper/ef777bbb4631ee0b1d4ece36ae452074c2aa2ee4,58,44,semanticscholar,ef777bbb4631ee0b1d4ece36ae452074c2aa2ee4,CS022,S33,included,included
doi:10.1145/2815400.2815402,Using Crash Hoare logic for certifying the FSCQ file system,2015,2015-10-04,Haogang Chen; Daniel Ziegler; Tej Chajed; A. Chlipala; M. Kaashoek; N. Zeldovich,10.1145/2815400.2815402,,USENIX Annual Technical Conference,https://www.semanticscholar.org/paper/bade6470375a7126d62b744214ff305d3c905ec1,298,76,semanticscholar,bade6470375a7126d62b744214ff305d3c905ec1,CS026,S27,included,included
doi:10.1145/2837614.2837615,"Modelling the ARMv8 architecture, operationally: concurrency and ISA",2016,2016-01-11,Shaked Flur; Kathryn E. Gray; Christopher Pulte; Susmit Sarkar; A. Sezgin; Luc Maranget; Will Deacon; Peter Sewell,10.1145/2837614.2837615,,ACM-SIGACT Symposium on Principles of Programming Languages,https://www.semanticscholar.org/paper/11041c90b039cc6d45e1d6bd88ce4575805fd52c,175,61,semanticscholar,11041c90b039cc6d45e1d6bd88ce4575805fd52c,CS001,S01,included,included
doi:10.1145/2837614.2837635,A Program Logic for Concurrent Objects under Fair Scheduling,2016,2016-01-11,Hongjin Liang; Xinyu Feng,10.1145/2837614.2837635,,ACM-SIGACT Symposium on Principles of Programming Languages,https://www.semanticscholar.org/paper/978a78bc13f4fe31c8db114d70508447f3b78edb,53,33,seed-catalog;semanticscholar,978a78bc13f4fe31c8db114d70508447f3b78edb;DOI:10.1145/2837614.2837635,CS002;CS009;CS010;CS011;CS013;CS014;CS016,A27;S02;S10;S14;S15;S17;S19,included,included
doi:10.1145/2837614.2837637,Overhauling SC atomics in C11 and OpenCL,2015,2015-03-24,John Wickerson; Mark Batty,10.1145/2837614.2837637,1503.07073,ACM-SIGACT Symposium on Principles of Programming Languages,https://www.semanticscholar.org/paper/6651ca0bad269e4390cdf26e85c9db75e91383b4,103,66,semanticscholar,6651ca0bad269e4390cdf26e85c9db75e91383b4,CS004,S05,included,included
doi:10.1145/2837614.2837643,Taming release-acquire consistency,2016,2016-01-11,O. Lahav; Nick Giannarakis; Viktor Vafeiadis,10.1145/2837614.2837643,,ACM-SIGACT Symposium on Principles of Programming Languages,https://www.semanticscholar.org/paper/c36b2b15f76ce05d121f5621a5baa060fa6b0bd2,122,41,semanticscholar,c36b2b15f76ce05d121f5621a5baa060fa6b0bd2,CS001;CS006;CS008,S01;S07;S09,included,included
doi:10.1145/2837614.2837646,The complexity of interaction,2015,2015-11-05,Stéphane Gimenez; G. Moser,10.1145/2837614.2837646,1511.01838,ACM-SIGACT Symposium on Principles of Programming Languages,https://www.semanticscholar.org/paper/509d7943d5e1bb9dacbfa9427ab953f6188701e4,20,39,semanticscholar,509d7943d5e1bb9dacbfa9427ab953f6188701e4,CS023,S35,included,included
doi:10.1145/2866575,Analyzing Runtime and Size Complexity of Integer Programs,2016,2016-08-02,Marc Brockschmidt; Fabian Emmes; Stephan Falke; Carsten Fuhs; J. Giesl,10.1145/2866575,,ACM Transactions on Programming Languages and Systems,https://www.semanticscholar.org/paper/4d9cbb2432d19ebbd7e98310659c514f7371be75,73,59,semanticscholar,4d9cbb2432d19ebbd7e98310659c514f7371be75,CS028,S40,included,included
doi:10.1145/292540.292552,Parametric shape analysis via 3-valued logic,1999,,Shmuel Sagiv; T. Reps; R. Wilhelm,10.1145/292540.292552,,ACM-SIGACT Symposium on Principles of Programming Languages,https://www.semanticscholar.org/paper/5e5b635d9d15d457dcb1f1ce51ac19c141167542,1066,55,semanticscholar,5e5b635d9d15d457dcb1f1ce51ac19c141167542,CS030,S44,included,included
doi:10.1145/2928275.2928285,"Versioned Programming: A Simple Technique for Implementing Efficient, Lock-Free, and Composable Data Structures",2016,2016-06-06,Yang Zhan; Donald E. Porter,10.1145/2928275.2928285,,Annual Haifa Experimental Systems Conference,https://www.semanticscholar.org/paper/8ce872eb6d5d20b13595b165dde1711033f94f45,6,37,semanticscholar,8ce872eb6d5d20b13595b165dde1711033f94f45,CS029,S42,included,included
doi:10.1145/2951913.2951943,Higher-order ghost state,2016,2016-09-04,Ralf Jung; Robbert Krebbers; L. Birkedal; Derek Dreyer,10.1145/2951913.2951943,,ACM SIGPLAN International Conference on Functional Programming,https://www.semanticscholar.org/paper/380aedadd989dd140991f8c11fa45752f0d9704e,160,47,semanticscholar,380aedadd989dd140991f8c11fa45752f0d9704e,CS006;CS007;CS010;CS012,S07;S08;S14;S16,included,included
doi:10.1145/2983990.2983999,Hoare-style specifications as correctness conditions for non-linearizable concurrent objects,2015,2015-09-21,Ilya Sergey; Aleksandar Nanevski; A. Banerjee; G. Delbianco,10.1145/2983990.2983999,1509.06220,"Conference on Object-Oriented Programming Systems, Languages, and Applications",https://www.semanticscholar.org/paper/dfccdf3ad33a187b26106628949ba3da9ab221bf,25,67,semanticscholar,dfccdf3ad33a187b26106628949ba3da9ab221bf,CS006,S07,included,included
doi:10.1145/2983990.2984032,Portable inter-workgroup barrier synchronisation for GPUs,2016,2016-10-19,Tyler Sorensen; Alastair F. Donaldson; Mark Batty; G. Gopalakrishnan; Zvonimir Rakamarić,10.1145/2983990.2984032,,"Conference on Object-Oriented Programming Systems, Languages, and Applications",https://www.semanticscholar.org/paper/c5c6ea6e9824c1fdbbaacfb3bfaea7910258bd1a,38,34,semanticscholar,c5c6ea6e9824c1fdbbaacfb3bfaea7910258bd1a,CS004,S05,included,included
doi:10.1145/2983990.2984037,First-class effect reflection for effect-guided programming,2016,2016-10-19,Yuheng Long; Yu David Liu; Hridesh Rajan,10.1145/2983990.2984037,,"Conference on Object-Oriented Programming Systems, Languages, and Applications",https://www.semanticscholar.org/paper/7a9dc175662588b68bfeb35b0bf0bea8d4bca800,2,60,semanticscholar,7a9dc175662588b68bfeb35b0bf0bea8d4bca800,CS009,S10,included,included
doi:10.1145/2984450.2984457,Concurrent separation logic,2016,2016-08-08,S. Brookes; P. O'Hearn,10.1145/2984450.2984457,,SIGL,https://www.semanticscholar.org/paper/bcffc23cc1455a0c2b2a9dab4794015d65794180,100,65,semanticscholar,bcffc23cc1455a0c2b2a9dab4794015d65794180,CS013;CS014;CS019,S17;S19;S29,included,included
doi:10.1145/3009837.3009842,Towards automatic resource bound analysis for OCaml,2016,2016-11-02,Jan Hoffmann; Ankush Das; Shu-Chun Weng,10.1145/3009837.3009842,1611.00692,ACM-SIGACT Symposium on Principles of Programming Languages,https://www.semanticscholar.org/paper/a9575871468a0dfde4a3595d99fd15f7adc79a87,141,66,semanticscholar,a9575871468a0dfde4a3595d99fd15f7adc79a87,CS019,S29,included,included
doi:10.1145/3009837.3009850,A promising semantics for relaxed-memory concurrency,2017,2017-01-01,Jeehoon Kang; Chung-Kil Hur; O. Lahav; Viktor Vafeiadis; Derek Dreyer,10.1145/3009837.3009850,,ACM-SIGACT Symposium on Principles of Programming Languages,https://www.semanticscholar.org/paper/f313e93201531bbf8990ee444a15c4e6c5b980b5,204,35,semanticscholar,f313e93201531bbf8990ee444a15c4e6c5b980b5,CS001;CS002;CS006;CS007;CS008,S01;S02;S07;S08;S09,included,included
doi:10.1145/3009837.3009855,Interactive proofs in higher-order concurrent separation logic,2017,2017-01-01,Robbert Krebbers; Amin Timany; L. Birkedal,10.1145/3009837.3009855,,ACM-SIGACT Symposium on Principles of Programming Languages,https://www.semanticscholar.org/paper/e0ac698525226a3f54555f3e8015993458ba5348,180,48,semanticscholar,e0ac698525226a3f54555f3e8015993458ba5348,CS007;CS010;CS012;CS026,S08;S14;S16;S27,included,included
doi:10.1145/3009837.3009877,A relational model of types-and-effects in higher-order concurrent separation logic,2017,2017-01-01,Morten Krogh-Jespersen; Kasper Svendsen; L. Birkedal,10.1145/3009837.3009877,,ACM-SIGACT Symposium on Principles of Programming Languages,https://www.semanticscholar.org/paper/477c8937bf1a7894e6164f8cd8159c392f846023,40,33,semanticscholar,477c8937bf1a7894e6164f8cd8159c392f846023,CS006,S07,included,included
doi:10.1145/3009837.3009883,Ogre and Pythia: an invariance proof method for weak consistency models,2017,2017-01-01,J. Alglave; P. Cousot,10.1145/3009837.3009883,,ACM-SIGACT Symposium on Principles of Programming Languages,https://www.semanticscholar.org/paper/f34fc79cc0ec3a3480cecef9eb64dba58bce257c,40,72,semanticscholar,f34fc79cc0ec3a3480cecef9eb64dba58bce257c,CS008,S09,included,included
doi:10.1145/3018610.3018623,Automatic cyclic termination proofs for recursive procedures in separation logic,2017,2017-01-16,R. Rowe; J. Brotherston,10.1145/3018610.3018623,,Certified Programs and Proofs,https://www.semanticscholar.org/paper/31baad73e207769795b8c3e22682dec8f453fe81,42,35,semanticscholar,31baad73e207769795b8c3e22682dec8f453fe81,CS013,S17,included,included
doi:10.1145/3018743.3018749,Checking Concurrent Data Structures Under the C/C++11 Memory Model,2017,2017-01-26,Peizhao Ou; Brian Demsky,10.1145/3018743.3018749,,ACM SIGPLAN Symposium on Principles & Practice of Parallel Programming,https://www.semanticscholar.org/paper/3456741c745b0de504a49d85e59a3f180b8370db,27,49,semanticscholar,3456741c745b0de504a49d85e59a3f180b8370db,CS022,S33,included,included
doi:10.1145/3062341.3062352,Repairing sequential consistency in C/C++11,2017,2017-06-14,O. Lahav; Viktor Vafeiadis; Jeehoon Kang; Chung-Kil Hur; Derek Dreyer,10.1145/3062341.3062352,,ACM-SIGPLAN Symposium on Programming Language Design and Implementation,https://www.semanticscholar.org/paper/5f336a86f0b4c91c729d3adf471fe27eaf67f5e8,220,48,semanticscholar,5f336a86f0b4c91c729d3adf471fe27eaf67f5e8,CS001;CS002;CS006;CS007;CS008;CS022,S01;S02;S07;S08;S09;S33,included,included
doi:10.1145/3062341.3062354,Futhark: purely functional GPU-programming with nested parallelism and in-place array updates,2017,2017-06-14,Troels Henriksen; Niels G. W. Serup; M. Elsman; F. Henglein; C. Oancea,10.1145/3062341.3062354,,ACM-SIGPLAN Symposium on Programming Language Design and Implementation,https://www.semanticscholar.org/paper/f463b6d692704baf9463e7d8b39e6032c23c4ec9,174,56,semanticscholar,f463b6d692704baf9463e7d8b39e6032c23c4ec9,CS023,S35,included,included
doi:10.1145/309847.309942,Symbolic model checking using SAT procedures instead of BDDs,1999,1999-06-01,Armin Biere; A. Cimatti; E. Clarke; M. Fujita; Yunshan Zhu,10.1145/309847.309942,,Proceedings - Design Automation Conference,https://www.semanticscholar.org/paper/5765188a3b2100630777bf7069d92e79872f3bb9,842,24,semanticscholar,5765188a3b2100630777bf7069d92e79872f3bb9,CS030,S44,included,included
doi:10.1145/3141879,Project snowflake: non-blocking safe manual memory management in .NET,2017,2017-10-12,Matthew J. Parkinson; Dimitrios Vytiniotis; K. Vaswani; Manuel Costa; Pantazis Deligiannis; Dylan McDermott; Aaron Blankstein; Jonathan Balkind,10.1145/3141879,,Proc. ACM Program. Lang.,https://www.semanticscholar.org/paper/28d6479752d5c985d15de223ced34a01d6cb8371,20,74,semanticscholar,28d6479752d5c985d15de223ced34a01d6cb8371,CS019,S29,included,included
doi:10.1145/3158105,Effective stateless model checking for C/C++ concurrency,2017,2017-12-27,Michalis Kokologiannakis; O. Lahav; Konstantinos Sagonas; Viktor Vafeiadis,10.1145/3158105,,Proc. ACM Program. Lang.,https://www.semanticscholar.org/paper/0f26a8a75800c42cc473f467e0590728be3e5d91,127,39,semanticscholar,0f26a8a75800c42cc473f467e0590728be3e5d91,CS001;CS022,S01;S33,included,included
doi:10.1145/3158107,Simplifying ARM concurrency: multicopy-atomic axiomatic and operational models for ARMv8,2017,2017-12-27,Christopher Pulte; Shaked Flur; Will Deacon; Jon French; Susmit Sarkar; Peter Sewell,10.1145/3158107,,Proc. ACM Program. Lang.,https://www.semanticscholar.org/paper/7026d1648d3507987d7dd5b10720cce81683fa18,180,46,semanticscholar,7026d1648d3507987d7dd5b10720cce81683fa18,CS001;CS006,S01;S07,included,included
doi:10.1145/3158108,Progress of concurrent objects with partial methods,2017,2017-12-27,Hongjin Liang; Xinyu Feng,10.1145/3158108,,Proc. ACM Program. Lang.,https://www.semanticscholar.org/paper/8db69a9e7d84dc6a47d7802e757247cb039d71cd,25,31,semanticscholar,8db69a9e7d84dc6a47d7802e757247cb039d71cd,CS002;CS009;CS010;CS013;CS014;CS016,A27;S02;S10;S14;S17;S19,included,included
doi:10.1145/3158114,Reducing liveness to safety in first-order logic,2017,2017-12-27,Oded Padon; Jochen Hoenicke; Giuliano Losa; A. Podelski; Shmuel Sagiv; Sharon Shoham,10.1145/3158114,,Proc. ACM Program. Lang.,https://www.semanticscholar.org/paper/aa95c8c49016bf9d64dd770a73c6bb1780c59670,59,72,semanticscholar,aa95c8c49016bf9d64dd770a73c6bb1780c59670,CS009,S10,included,included
doi:10.1145/3158116,Programming and proving with distributed protocols,2017,2017-12-27,Ilya Sergey; James R. Wilcox; Zachary Tatlock,10.1145/3158116,,Proc. ACM Program. Lang.,https://www.semanticscholar.org/paper/4b68124941fc379b6298334eb9509a2b01fcd1ce,155,75,semanticscholar,4b68124941fc379b6298334eb9509a2b01fcd1ce,CS014,S19,included,included
doi:10.1145/3158119,Data-centric dynamic partial order reduction,2016,2016-10-04,Marek Chalupa; Krishnendu Chatterjee; Andreas Pavlogiannis; Nishant Sinha; Kapil Vaidya,10.1145/3158119,1610.01188,Proc. ACM Program. Lang.,https://www.semanticscholar.org/paper/ff52c9ad8c1d0dfc0f0ce49c513272faf6450ebd,71,68,semanticscholar,ff52c9ad8c1d0dfc0f0ce49c513272faf6450ebd,CS022,S33,included,included
doi:10.1145/3158125,Go with the flow: compositional abstractions for concurrent data structures,2017,2017-11-09,Siddharth Krishna; D. Shasha; Thomas Wies,10.1145/3158125,1711.03272,Proc. ACM Program. Lang.,https://www.semanticscholar.org/paper/306277d111419015caa49a86233122c1dddb7252,42,58,semanticscholar,306277d111419015caa49a86233122c1dddb7252,CS007;CS013,S08;S17,included,included
doi:10.1145/3158154,RustBelt: securing the foundations of the rust programming language,2017,2017-12-27,Ralf Jung; Jacques-Henri Jourdan; Robbert Krebbers; Derek Dreyer,10.1145/3158154,,Proc. ACM Program. Lang.,https://www.semanticscholar.org/paper/6a8ceba15f95d03617e79aaba35515776c4bc4d9,462,81,semanticscholar,6a8ceba15f95d03617e79aaba35515776c4bc4d9,CS010;CS012,S14;S16,included,included
doi:10.1145/3173162.3177156,Frightening Small Children and Disconcerting Grown-ups: Concurrency in the Linux Kernel,2018,2018-03-19,J. Alglave; Luc Maranget; P. McKenney; A. Parri; A. S. Stern,10.1145/3173162.3177156,,International Conference on Architectural Support for Programming Languages and Operating Systems,https://www.semanticscholar.org/paper/630b78dddd7d66a2e4513131727bb5ac80030c86,63,73,semanticscholar,630b78dddd7d66a2e4513131727bb5ac80030c86,CS001,S01,included,included
doi:10.1145/3178487.3178490,A persistent lock-free queue for non-volatile memory,2018,2018-02-10,Michal Friedman; Maurice Herlihy; Virendra J. Marathe; E. Petrank,10.1145/3178487.3178490,,ACM SIGPLAN Symposium on Principles & Practice of Parallel Programming,https://www.semanticscholar.org/paper/f59c4d9b21c2dedf67a9fc83a4af92f38f7991dc,124,32,semanticscholar,f59c4d9b21c2dedf67a9fc83a4af92f38f7991dc,CS026,S27,included,included
doi:10.1145/318593.318622,Checking that finite state concurrent programs satisfy their linear specification,1985,1985-01-01,O. Lichtenstein; A. Pnueli,10.1145/318593.318622,,ACM-SIGACT Symposium on Principles of Programming Languages,https://www.semanticscholar.org/paper/fef30f9dedc0be879beb7dffa2ca4247d436462a,723,24,semanticscholar,fef30f9dedc0be879beb7dffa2ca4247d436462a,CS030,S44,included,included
doi:10.1145/3192366.3192381,Certified concurrent abstraction layers,2018,2018-06-11,Ronghui Gu; Zhong Shao; Jieung Kim; Xiongnan Wu; Jérémie Koenig; Vilhelm Sjöberg; Hao Chen; David Costanzo; T. Ramananandro,10.1145/3192366.3192381,,ACM-SIGPLAN Symposium on Programming Language Design and Implementation,https://www.semanticscholar.org/paper/d67f507cd8332e0f38983aa3eb23e8f5f571684d,104,65,semanticscholar,d67f507cd8332e0f38983aa3eb23e8f5f571684d,CS011;CS013;CS014,S15;S17;S19,included,included
doi:10.1145/3192366.3192405,Advanced automata-based algorithms for program termination checking,2018,2018-06-11,Yu-Fang Chen; Matthias Heizmann; Ondřej Lengál; Yong Li; M. Tsai; Andrea Turrini; Lijun Zhang,10.1145/3192366.3192405,,ACM-SIGPLAN Symposium on Programming Language Design and Implementation,https://www.semanticscholar.org/paper/8fcc476131fded5bc14ff8ef82f5268f5f87b5bb,38,57,semanticscholar,8fcc476131fded5bc14ff8ef82f5268f5f87b5bb,CS004,S05,included,included
doi:10.1145/3192366.3192421,Bounding data races in space and time,2018,2018-06-11,Stephen Dolan; K. Sivaramakrishnan; Anil Madhavapeddy,10.1145/3192366.3192421,,ACM-SIGPLAN Symposium on Programming Language Design and Implementation,https://www.semanticscholar.org/paper/76aea8db8a6f9410e2023bef35e02eba6131fdff,47,23,semanticscholar,76aea8db8a6f9410e2023bef35e02eba6131fdff,CS001;CS006;CS007;CS008,S01;S07;S08;S09,included,included
doi:10.1145/3201897,ThreadScan,2018,2018-05-01,Dan Alistarh; W. Leiserson; A. Matveev; N. Shavit,10.1145/3201897,,ACM Transactions on Parallel Computing,https://www.semanticscholar.org/paper/20bc95e5f6ba7498ca76955b095379599fb0f001,7,57,semanticscholar,20bc95e5f6ba7498ca76955b095379599fb0f001,CS019,S29,included,included
doi:10.1145/320384.320418,Implementing jalapeño in Java,1999,1999-10-01,B. Alpern; C. R. Attanasio; J. Barton; M. Burke; P. Cheng; Jin-ho Choi; A. Cocchi; Stephen J. Fink; D. Grove; M. Hind; S. F. Hummel; D. Lieber; V. Litvinov; M. Mergen; T. Ngo; J. R. Russell; Vivek Sarkar; M. Serrano; J. C. Shepherd; Stephen E. Smith; V. Sreedhar; H. Srinivasan; J. Whaley,10.1145/320384.320418,,"Conference on Object-Oriented Programming Systems, Languages, and Applications",https://www.semanticscholar.org/paper/87bf9c81ed472f79e067d59db244f7c8870735d6,294,20,semanticscholar,87bf9c81ed472f79e067d59db244f7c8870735d6,CS019,S29,included,included
doi:10.1145/3209108.3209146,Work Analysis with Resource-Aware Session Types,2017,2017-12-22,Ankush Das; Jan Hoffmann; F. Pfenning,10.1145/3209108.3209146,1712.08310,Logic in Computer Science,https://www.semanticscholar.org/paper/ca1d820915e6f9812e8ead454ba5b3f32176b88a,48,53,semanticscholar,ca1d820915e6f9812e8ead454ba5b3f32176b88a,CS023,S35,included,included
doi:10.1145/3209108.3209174,ReLoC: A Mechanised Relational Logic for Fine-Grained Concurrency,2018,2018-07-09,D. Frumin; Robbert Krebbers; L. Birkedal,10.1145/3209108.3209174,,Logic in Computer Science,https://www.semanticscholar.org/paper/6a39b85c8e772a5a21a5245475eb3a9ab31a2d17,59,31,semanticscholar,6a39b85c8e772a5a21a5245475eb3a9ab31a2d17,CS006;CS010,S07;S14,included,included
doi:10.1145/3210258,Modular Termination Verification of Single-Threaded and Multithreaded Programs,2018,2018-07-05,B. Jacobs; D. Bošnački; R. Kuiper,10.1145/3210258,,ACM Transactions on Programming Languages and Systems,https://www.semanticscholar.org/paper/2704c413960264632a7f0b4117a9cddc7cfc490f,11,27,semanticscholar,2704c413960264632a7f0b4117a9cddc7cfc490f,CS011;CS012;CS013;CS016,A27;S15;S16;S17,included,included
doi:10.1145/3211968,Separation logic,2019,2019-01-28,P. O'Hearn,10.1145/3211968,,Communications of the ACM,https://www.semanticscholar.org/paper/7a70b298da9079619d2d6d683c1b801e4b3eae0c,123,95,semanticscholar,7a70b298da9079619d2d6d683c1b801e4b3eae0c,CS019,S29,included,included
doi:10.1145/321812.321815,The Parallel Evaluation of General Arithmetic Expressions,1974,1974-04-01,R. Brent,10.1145/321812.321815,,JACM,https://www.semanticscholar.org/paper/3dcf4f76d2194cf81e67fde23267cb70e133eaf8,915,17,semanticscholar,3dcf4f76d2194cf81e67fde23267cb70e133eaf8,CS023,S35,included,included
doi:10.1145/3236772,"MoSeL: a general, extensible modal framework for interactive proofs in separation logic",2018,2018-07-30,Robbert Krebbers; Jacques-Henri Jourdan; Ralf Jung; Joseph Tassarotti; Jan-Oliver Kaiser; Amin Timany; A. Charguéraud; Derek Dreyer,10.1145/3236772,,Proc. ACM Program. Lang.,https://www.semanticscholar.org/paper/e60b3d6e4e8318380732a3a0779a703aecd17279,98,57,semanticscholar,e60b3d6e4e8318380732a3a0779a703aecd17279,CS007;CS019,S08;S29,included,included
doi:10.1145/3236786,Parallel complexity analysis with temporal session types,2018,2018-04-17,Ankush Das; Jan Hoffmann; F. Pfenning,10.1145/3236786,1804.06013,Proc. ACM Program. Lang.,https://www.semanticscholar.org/paper/a98d1f361b7afee0d2a2ae4754bffe4ee9188e4d,41,43,semanticscholar,a98d1f361b7afee0d2a2ae4754bffe4ee9188e4d,CS023,S35,included,included
doi:10.1145/325694.325716,Resource bound certification,2000,2000-01-05,Karl Crary; Stephanie Weirich,10.1145/325694.325716,,ACM-SIGACT Symposium on Principles of Programming Languages,https://www.semanticscholar.org/paper/327c5c7540a17718e77bc7bd8be3db12f684f7f2,239,35,semanticscholar,327c5c7540a17718e77bc7bd8be3db12f684f7f2,CS019,S29,included,included
doi:10.1145/3290371,Decoupling lock-free data structures from memory reclamation for static analysis,2018,2018-10-25,R. Meyer; Sebastian Wolff,10.1145/3290371,1810.10807,Proc. ACM Program. Lang.,https://www.semanticscholar.org/paper/08b891505944ac88d32824c27559097b240a59b8,14,112,semanticscholar,08b891505944ac88d32824c27559097b240a59b8,CS018;CS019,S28;S29,included,included
doi:10.1145/3290373,Weak-consistency specification via visibility relaxation,2019,2019-01-02,M. Emmi; C. Enea,10.1145/3290373,,Proc. ACM Program. Lang.,https://www.semanticscholar.org/paper/893dcfb86084dfe492d5cd28d832158627d14076,24,27,semanticscholar,893dcfb86084dfe492d5cd28d832158627d14076,CS006;CS008;CS022,S07;S09;S33,included,included
doi:10.1145/3290378,Iron: managing obligations in higher-order concurrent separation logic,2019,2019-01-02,A. Bizjak; Daniel Gratzer; Robbert Krebbers; L. Birkedal,10.1145/3290378,,Proc. ACM Program. Lang.,https://www.semanticscholar.org/paper/17759f5892b846695a341e0b3092a9218bb40ecd,29,45,semanticscholar,17759f5892b846695a341e0b3092a9218bb40ecd,CS012;CS016,A27;S16,included,included
doi:10.1145/3290381,On library correctness under weak memory consistency: specifying and verifying concurrent libraries under declarative consistency models,2019,2019-01-02,A. Raad; Marko Doko; Lovro Rozic; O. Lahav; Viktor Vafeiadis,10.1145/3290381,,Proc. ACM Program. Lang.,https://www.semanticscholar.org/paper/87302a001b7651772e3cdd14bfdd77b1ae049a70,35,57,semanticscholar,87302a001b7651772e3cdd14bfdd77b1ae049a70,CS006;CS007;CS008;CS022,S07;S08;S09;S33,included,included
doi:10.1145/3290382,Bridging the gap between programming languages and hardware weak memory models,2018,2018-07-20,A. Podkopaev; O. Lahav; Viktor Vafeiadis,10.1145/3290382,1807.07892,Proc. ACM Program. Lang.,https://www.semanticscholar.org/paper/a5b2764b49ea567332936b45afacb52e4145dc5d,83,53,semanticscholar,a5b2764b49ea567332936b45afacb52e4145dc5d,CS001;CS004,S01;S05,included,included
doi:10.1145/3290383,Grounding thin-air reads with event structures,2019,2019-01-02,S. Chakraborty; Viktor Vafeiadis,10.1145/3290383,,Proc. ACM Program. Lang.,https://www.semanticscholar.org/paper/e8c11e951dd8f875555757cbf1b902519dca3839,72,41,semanticscholar,e8c11e951dd8f875555757cbf1b902519dca3839,CS001;CS006,S01;S07,included,included
doi:10.1145/3290387,Hamsaz: replication coordination analysis and synthesis,2019,2019-01-02,Farzin Houshmand; M. Lesani,10.1145/3290387,,Proc. ACM Program. Lang.,https://www.semanticscholar.org/paper/db34dcf885481c006e2d04285c40ec7312ab1ea7,54,80,semanticscholar,db34dcf885481c006e2d04285c40ec7312ab1ea7,CS016,A27,included,included
doi:10.1145/3293883.3295702,Verifying C11 programs operationally,2018,2018-11-22,Simon Doherty; Brijesh Dongol; H. Wehrheim; J. Derrick,10.1145/3293883.3295702,1811.09143,ACM SIGPLAN Symposium on Principles & Practice of Parallel Programming,https://www.semanticscholar.org/paper/b0af7dd38c0053992b6acfdc67507f44511c7018,37,42,semanticscholar,b0af7dd38c0053992b6acfdc67507f44511c7018,CS008,S09,included,included
doi:10.1145/3297858.3304043,A Formal Analysis of the NVIDIA PTX Memory Consistency Model,2019,2019-04-04,Daniel Lustig; Sameer D. Sahasrabuddhe; Olivier Giroux,10.1145/3297858.3304043,,International Conference on Architectural Support for Programming Languages and Operating Systems,https://www.semanticscholar.org/paper/fdeef01187b2a2454ee9ec73fc65a9ab02e3be02,74,60,semanticscholar,fdeef01187b2a2454ee9ec73fc65a9ab02e3be02,CS004,S05,included,included
doi:10.1145/3314221.3314604,Robustness against release/acquire semantics,2019,2019-06-08,O. Lahav; R. Margalit,10.1145/3314221.3314604,,ACM-SIGPLAN Symposium on Programming Language Design and Implementation,https://www.semanticscholar.org/paper/a19a6d9dafa70149b7832da93686d5897ce83c7e,33,59,semanticscholar,a19a6d9dafa70149b7832da93686d5897ce83c7e,CS001,S01,included,included
doi:10.1145/3314221.3314609,Model checking for weakly consistent libraries,2019,2019-06-08,Michalis Kokologiannakis; A. Raad; Viktor Vafeiadis,10.1145/3314221.3314609,,ACM-SIGPLAN Symposium on Programming Language Design and Implementation,https://www.semanticscholar.org/paper/518652adbfab1c50284a5c3d6ac463ebfefbadb0,99,48,semanticscholar,518652adbfab1c50284a5c3d6ac463ebfefbadb0,CS001;CS007;CS008;CS022,S01;S08;S09;S33,included,included
doi:10.1145/3314221.3314624,Promising-ARM/RISC-V: a simpler and faster operational concurrency model,2019,2019-06-08,Christopher Pulte; Jean Pichon-Pharabod; Jeehoon Kang; Sung-Hwan Lee; Chung-Kil Hur,10.1145/3314221.3314624,,ACM-SIGPLAN Symposium on Programming Language Design and Implementation,https://www.semanticscholar.org/paper/a8c102ee5c60ce919d9c31b081672682c4db1a40,44,51,semanticscholar,a8c102ee5c60ce919d9c31b081672682c4db1a40,CS006,S07,included,included
doi:10.1145/3314221.3314649,Verification of programs under the release-acquire semantics,2019,2019-06-08,P. Abdulla; Jatin Arora; M. Atig; S. Krishna,10.1145/3314221.3314649,,ACM-SIGPLAN Symposium on Programming Language Design and Implementation,https://www.semanticscholar.org/paper/db4211e7580d8153ba528fae9f563b54dedb08e2,38,46,semanticscholar,db4211e7580d8153ba528fae9f563b54dedb08e2,CS008,S09,included,included
doi:10.1145/3335772.3335935,How to Make a Multiprocessor Computer That Correctly Executes Multiprocess Programs,2016,2016-12-19,L. Lamport,10.1145/3335772.3335935,,IEEE transactions on computers,https://www.semanticscholar.org/paper/bdacc240ee817e6565f27f40f8658c037a457a13,2816,15,semanticscholar,bdacc240ee817e6565f27f40f8658c037a457a13,CS001;CS006;CS022;CS031,S01;S07;S33;S45,included,included
doi:10.1145/333979.333987,An automata-theoretic approach to branching-time model checking,2000,2000-03-01,O. Kupferman; Moshe Y. Vardi; P. Wolper,10.1145/333979.333987,,JACM,https://www.semanticscholar.org/paper/3ee76e372d54a2b54a2306b1c6bffea720b753c5,699,89,semanticscholar,3ee76e372d54a2b54a2306b1c6bffea720b753c5,CS030,S44,included,included
doi:10.1145/3341301.3359632,"Verifying concurrent, crash-safe systems with Perennial",2019,2019-10-27,Tej Chajed; Mit Csail; Joseph Tassarotti; Boston College; M. Kaashoek; N. Zeldovich,10.1145/3341301.3359632,,Symposium on Operating Systems Principles,https://www.semanticscholar.org/paper/4f323be4ac0bf7cb947be1c68b58ef632007c43b,99,43,semanticscholar,4f323be4ac0bf7cb947be1c68b58ef632007c43b,CS026,S27,included,included
doi:10.1145/3341687,Closure conversion is safe for space,2019,2019-07-26,Zoe Paraskevopoulou; A. Appel,10.1145/3341687,,Proc. ACM Program. Lang.,https://www.semanticscholar.org/paper/578d06c6a62539c7b29594f30cb18e10a88a323b,27,37,semanticscholar,578d06c6a62539c7b29594f30cb18e10a88a323b,CS019,S29,included,included
doi:10.1145/3350755.3400227,Optimal Parallel Algorithms in the Binary-Forking Model,2019,2019-03-11,G. Blelloch; Jeremy T. Fineman; Yan Gu; Yihan Sun,10.1145/3350755.3400227,,ACM Symposium on Parallelism in Algorithms and Architectures,https://www.semanticscholar.org/paper/a1a6930fd8aeff455a2213d06c69ab5d6dd35e42,86,113,semanticscholar,a1a6930fd8aeff455a2213d06c69ab5d6dd35e42,CS023,S35,included,included
doi:10.1145/3356903,Building certified concurrent OS kernels,2019,2019-09-24,Ronghui Gu; Zhong Shao; Hao Chen; Jieung Kim; Jérémie Koenig; Xiongnan Wu; Vilhelm Sjöberg; David Costanzo,10.1145/3356903,,Communications of the ACM,https://www.semanticscholar.org/paper/f776e3da4ab2263d6b21a45ac4fdcb886ccf76ca,41,24,semanticscholar,f776e3da4ab2263d6b21a45ac4fdcb886ccf76ca,CS014,S19,included,included
doi:10.1145/3360559,Weakening WebAssembly,2019,2019-10-10,Conrad Watt; Andreas Rossberg; Jean Pichon-Pharabod,10.1145/3360559,,Proc. ACM Program. Lang.,https://www.semanticscholar.org/paper/6fb0698434403b0caa9a32133ad0f90efb36d9cd,31,48,semanticscholar,6fb0698434403b0caa9a32133ad0f90efb36d9cd,CS001,S01,included,included
doi:10.1145/3360561,Weak persistency semantics from the ground up: formalising the persistency semantics of ARMv8 and transactional models,2019,2019-10-10,A. Raad; John Wickerson; Viktor Vafeiadis,10.1145/3360561,,Proc. ACM Program. Lang.,https://www.semanticscholar.org/paper/0a77d7f6fea37379e48a9417caae08e5eb0abc61,56,62,semanticscholar,0a77d7f6fea37379e48a9417caae08e5eb0abc61,CS026,S27,included,included
doi:10.1145/3360568,A formalization of Java’s concurrent access modes,2019,2019-10-10,John Bender; J. Palsberg,10.1145/3360568,,Proc. ACM Program. Lang.,https://www.semanticscholar.org/paper/3247aa5540769a179e45c2317ad9372dbbc9e17e,31,29,semanticscholar,3247aa5540769a179e45c2317ad9372dbbc9e17e,CS001;CS006;CS007,S01;S07;S08,included,included
doi:10.1145/3371079,Persistency semantics of the Intel-x86 architecture,2019,2019-12-20,A. Raad; John Wickerson; G. Neiger; Viktor Vafeiadis,10.1145/3371079,,Proc. ACM Program. Lang.,https://www.semanticscholar.org/paper/bdf34ac80e22c679a482677120da3b4449429394,78,53,semanticscholar,bdf34ac80e22c679a482677120da3b4449429394,CS026,S27,included,included
doi:10.1145/3371102,RustBelt meets relaxed memory,2019,2019-12-20,Hoang-Hai Dang; Jacques-Henri Jourdan; Jan-Oliver Kaiser; Derek Dreyer,10.1145/3371102,,Proc. ACM Program. Lang.,https://www.semanticscholar.org/paper/c88de80b3c06b222abe2326774db1ac056806e75,85,36,semanticscholar,c88de80b3c06b222abe2326774db1ac056806e75,CS006;CS007;CS026,S07;S08;S27,included,included
doi:10.1145/3371113,The future is ours: prophecy variables in separation logic,2019,2019-12-20,Ralf Jung; Rodolphe Lepigre; G. Parthasarathy; Marianna Rapoport; Amin Timany; Derek Dreyer; B. Jacobs,10.1145/3371113,,Proc. ACM Program. Lang.,https://www.semanticscholar.org/paper/42749767873c74f47a888349451d3f772fa31153,84,34,semanticscholar,42749767873c74f47a888349451d3f772fa31153,CS006;CS007;CS010;CS012,S07;S08;S14;S16,included,included
doi:10.1145/3371119,Interaction trees: representing recursive and impure programs in Coq,2019,2019-05-31,Li-yao Xia; Yannick Zakowski; Paul He; Chung-Kil Hur; G. Malecha; Benjamin C. Pierce; Steve Zdancewic,10.1145/3371119,1906.00046,Proc. ACM Program. Lang.,https://www.semanticscholar.org/paper/e10aa4afe572b4e3716e7d2b055cd3a942427272,174,81,semanticscholar,e10aa4afe572b4e3716e7d2b055cd3a942427272,CS002,S02,included,included
doi:10.1145/3371136,Pointer life cycle types for lock-free data structures with memory reclamation,2019,2019-10-25,R. Meyer; Sebastian Wolff,10.1145/3371136,1910.11714,Proc. ACM Program. Lang.,https://www.semanticscholar.org/paper/5c8dc74913606fccdd143519764d8c17ce3dd4ea,9,164,semanticscholar,5c8dc74913606fccdd143519764d8c17ce3dd4ea,CS018,S28,included,included
doi:10.1145/3373376.3378515,FlatStore: An Efficient Log-Structured Key-Value Storage Engine for Persistent Memory,2020,2020-03-09,Youmin Chen; Youyou Lu; Fan Yang; Qing Wang; Yang Wang; J. Shu,10.1145/3373376.3378515,,International Conference on Architectural Support for Programming Languages and Operating Systems,https://www.semanticscholar.org/paper/809d2232c2a3ac831f65eb8da855b6a397682ebf,184,63,semanticscholar,809d2232c2a3ac831f65eb8da855b6a397682ebf,CS026,S27,included,included
doi:10.1145/3381898.3397212,Understanding and optimizing persistent memory allocation,2020,2020-03-14,Wentao Cai; Haosen Wen; H. A. Beadle; Chris Kjellqvist; Mohammad Hedayati; M. Scott,10.1145/3381898.3397212,2003.06718,International Symposium on Mathematical Morphology and Its Application to Signal and Image Processing,https://www.semanticscholar.org/paper/c338425bc4aa573f092ad0dba5d8b4cf13fdfbd9,47,63,semanticscholar,c338425bc4aa573f092ad0dba5d8b4cf13fdfbd9,CS026,S27,included,included
doi:10.1145/3385412.3385973,Repairing and mechanising the JavaScript relaxed memory model,2020,2020-05-21,Conrad Watt; Christopher Pulte; A. Podkopaev; G. Barbier; Stephen Dolan; Shaked Flur; Jean Pichon-Pharabod; Shu-yu Guo,10.1145/3385412.3385973,2005.10554,ACM-SIGPLAN Symposium on Programming Language Design and Implementation,https://www.semanticscholar.org/paper/b1dc77b677b9b3e340d8daa88e33e15567c609ba,20,55,semanticscholar,b1dc77b677b9b3e340d8daa88e33e15567c609ba,CS001;CS006,S01;S07,included,included
doi:10.1145/3385412.3386010,Promising 2.0: global optimizations in relaxed memory concurrency,2020,2020-06-06,Sung-Hwan Lee; Minki Cho; A. Podkopaev; S. Chakraborty; Chung-Kil Hur; O. Lahav; Viktor Vafeiadis,10.1145/3385412.3386010,,ACM-SIGPLAN Symposium on Programming Language Design and Implementation,https://www.semanticscholar.org/paper/e5f11b53d7cde73883a463ab98b90095103ec792,69,37,semanticscholar,e5f11b53d7cde73883a463ab98b90095103ec792,CS002;CS006;CS008,S02;S07;S09,included,included
doi:10.1145/3385412.3386031,"NVTraverse: in NVRAM data structures, the destination is more important than the journey",2020,2020-04-06,Michal Friedman; N. Ben-David; Yuanhao Wei; G. Blelloch; E. Petrank,10.1145/3385412.3386031,2004.02841,ACM-SIGPLAN Symposium on Programming Language Design and Implementation,https://www.semanticscholar.org/paper/e0707d0162f3747f24316e735f1f7823064d7a2c,62,55,semanticscholar,e0707d0162f3747f24316e735f1f7823064d7a2c,CS026,S27,included,included
doi:10.1145/3408978,Cosmo: a concurrent separation logic for multicore OCaml,2020,2020-08-02,Glen Mével; Jacques-Henri Jourdan; F. Pottier,10.1145/3408978,,Proc. ACM Program. Lang.,https://www.semanticscholar.org/paper/99fc357984e0536ece3f0de23b21b2c9d6e2a6a5,23,39,semanticscholar,99fc357984e0536ece3f0de23b21b2c9d6e2a6a5,CS006;CS007,S07;S08,included,included
doi:10.1145/3408995,Retrofitting parallelism onto OCaml,2020,2020-04-24,K. Sivaramakrishnan; Stephen Dolan; Leo White; S. Jaffer; T. Kelly; Anmol Sahoo; S. Parimala; A. Dhiman; Anil Madhavapeddy,10.1145/3408995,2004.11663,Proc. ACM Program. Lang.,https://www.semanticscholar.org/paper/0202d541aadfe56d9cce09c1c5c609098778b908,42,55,semanticscholar,0202d541aadfe56d9cce09c1c5c609098778b908,CS019;CS023,S29;S35,included,included
doi:10.1145/3427761.3428345,A separation logic to verify termination of busy-waiting for abrupt program exit,2020,2020-07-20,Tobias Reinhard; Amin Timany; B. Jacobs,10.1145/3427761.3428345,2010.07800,FTfJP@ECOOP,https://www.semanticscholar.org/paper/ee6c7f61cf1f99bf3288e6e20ba6154df75c5422,5,21,semanticscholar,ee6c7f61cf1f99bf3288e6e20ba6154df75c5422,CS010;CS014,S14;S19,included,included
doi:10.1145/3428196,Proving highly-concurrent traversals correct,2020,2020-10-02,Yotam M. Y. Feldman; Artem Khyzha; C. Enea; Adam Morrison; Aleksandar Nanevski; N. Rinetzky; Sharon Shoham,10.1145/3428196,2010.00911,Proc. ACM Program. Lang.,https://www.semanticscholar.org/paper/61ddb0beb37e4848a924958c7ef1b280ee597f31,18,77,semanticscholar,61ddb0beb37e4848a924958c7ef1b280ee597f31,CS022,S33,included,included
doi:10.1145/3428219,Persistent Owicki-Gries reasoning: a program logic for reasoning about persistent programs on Intel-x86,2020,2020-11-13,A. Raad; O. Lahav; Viktor Vafeiadis,10.1145/3428219,,Proc. ACM Program. Lang.,https://www.semanticscholar.org/paper/eccfe4f160c5cdbacbc54cdd4ff40f8cf4c87268,27,53,semanticscholar,eccfe4f160c5cdbacbc54cdd4ff40f8cf4c87268,CS026,S27,included,included
doi:10.1145/3428224,The anchor verifier for blocking and non-blocking concurrent software,2020,2020-11-13,C. Flanagan; Stephen N. Freund,10.1145/3428224,,Proc. ACM Program. Lang.,https://www.semanticscholar.org/paper/356271a558df59a96088f5c1eaaff95c85c462b2,8,64,semanticscholar,356271a558df59a96088f5c1eaaff95c85c462b2,CS010,S14,included,included
doi:10.1145/3428262,Pomsets with preconditions: a simple model of relaxed memory,2020,2020-11-13,R. Jagadeesan; Alan Jeffrey; James Riely,10.1145/3428262,,Proc. ACM Program. Lang.,https://www.semanticscholar.org/paper/94a1f98f22dfa89ec20e4aa5b9c79a784a6bcf9e,34,71,semanticscholar,94a1f98f22dfa89ec20e4aa5b9c79a784a6bcf9e,CS001;CS008,S01;S09,included,included
doi:10.1145/3428272,Do you have space for dessert? a verified space cost semantics for CakeML programs,2020,2020-11-13,Alejandro Gómez-Londoño; Johannes Åman Pohjola; H. Syeda; Magnus O. Myreen; Yong Kiam Tan,10.1145/3428272,,Proc. ACM Program. Lang.,https://www.semanticscholar.org/paper/364c4561bab6a557071e4af2f8e6c3cd09cafaf2,15,35,semanticscholar,364c4561bab6a557071e4af2f8e6c3cd09cafaf2,CS019,S29,included,included
doi:10.1145/3428294,Foundations of empirical memory consistency testing,2020,2020-11-13,Jake Kirkham; Tyler Sorensen; Esin Tureci; M. Martonosi,10.1145/3428294,,Proc. ACM Program. Lang.,https://www.semanticscholar.org/paper/aee1861088e6be3837545ecc8d3c98456bf87385,9,41,semanticscholar,aee1861088e6be3837545ecc8d3c98456bf87385,CS004,S05,included,included
doi:10.1145/3434285,Verifying observational robustness against a c11-style memory model,2021,2021-01-04,R. Margalit; O. Lahav,10.1145/3434285,,Proc. ACM Program. Lang.,https://www.semanticscholar.org/paper/3790e22a2f2779326e18403777884ddb923afabc,30,70,semanticscholar,3790e22a2f2779326e18403777884ddb923afabc,CS001;CS008,S01;S09,included,included
doi:10.1145/3434294,Transfinite step-indexing for termination,2021,2021-01-04,Simon Spies; N. Krishnaswami; Derek Dreyer,10.1145/3434294,,Proc. ACM Program. Lang.,https://www.semanticscholar.org/paper/e79fc0b59436364553ebb695035c206acea97620,10,45,semanticscholar,e79fc0b59436364553ebb695035c206acea97620,CS013,S17,included,included
doi:10.1145/3434328,Taming x86-TSO persistency,2020,2020-10-26,Artem Khyzha; O. Lahav,10.1145/3434328,,Proc. ACM Program. Lang.,https://www.semanticscholar.org/paper/aaced77c6e8e6c6f53dfaf97296f60b8ae8e65d2,30,48,semanticscholar,aaced77c6e8e6c6f53dfaf97296f60b8ae8e65d2,CS026,S27,included,included
doi:10.1145/3437801.3441586,Efficient algorithms for persistent transactional memory,2021,2021-02-17,P. Ramalhete; Andreia Correia; P. Felber,10.1145/3437801.3441586,,ACM SIGPLAN Symposium on Principles & Practice of Parallel Programming,https://www.semanticscholar.org/paper/140cfe431aa67d16d8ae99dad7f2a638ddd68aa6,24,69,semanticscholar,140cfe431aa67d16d8ae99dad7f2a638ddd68aa6,CS026,S27,included,included
doi:10.1145/3437801.3441619,Verifying C11-Style Weak Memory Libraries via Refinement,2021,2020-12-28,Sadegh Dalvandi; Brijesh Dongol,10.1145/3437801.3441619,2108.06944,ACM SIGPLAN Symposium on Principles & Practice of Parallel Programming,https://www.semanticscholar.org/paper/4081cedda78b3178bfa33174a3a058facb71ca64,6,44,seed-catalog;semanticscholar,4081cedda78b3178bfa33174a3a058facb71ca64;DOI:10.1145/3437801.3441619,CS006;CS008,S07;S09,included,included
doi:10.1145/3437992.3439930,Contextual refinement of the Michael-Scott queue (proof pearl),2021,2021-01-17,Simon Friis Vindum; L. Birkedal,10.1145/3437992.3439930,,Certified Programs and Proofs,https://www.semanticscholar.org/paper/82a64eceb5835bc854a5987a4cdfae135e103e92,24,22,semanticscholar,82a64eceb5835bc854a5987a4cdfae135e103e92,CS007;CS019,S08;S29,included,included
doi:10.1145/3437992.3439931,Reasoning about monotonicity in separation logic,2021,2021-01-17,Amin Timany; L. Birkedal,10.1145/3437992.3439931,,Certified Programs and Proofs,https://www.semanticscholar.org/paper/f24a84beed55651d747472d3e862f2a197827494,11,16,semanticscholar,f24a84beed55651d747472d3e862f2a197827494,CS002,S02,included,included
doi:10.1145/3445814.3446748,VSync: push-button verification and optimization for synchronization primitives on weak memory models,2021,2021-04-19,Jonas Oberhauser; Rafael Lourenco de Lima Chehab; Diogo Behrens; Ming Fu; Antonio Paolillo; Lilith Oberhauser; Koustubha Bhat; Yuzhong Wen; Haibo Chen; Jaeho Kim; Viktor Vafeiadis,10.1145/3445814.3446748,,International Conference on Architectural Support for Programming Languages and Operating Systems,https://www.semanticscholar.org/paper/ddf4db6d66a77237d0e6b4f6942d7be4a4b3bc09,47,90,semanticscholar,ddf4db6d66a77237d0e6b4f6942d7be4a4b3bc09,CS001;CS004;CS022,S01;S05;S33,included,included
doi:10.1145/3453483.3454027,Revamping hardware persistency models: view-based and axiomatic persistency models for Intel-x86 and Armv8,2021,2021-06-18,K. Cho; Sung-Hwan Lee; A. Raad; Jeehoon Kang,10.1145/3453483.3454027,,ACM-SIGPLAN Symposium on Programming Language Design and Implementation,https://www.semanticscholar.org/paper/984c1a20b1d9400f4fda7878d6e78bc2f0f41c6d,34,54,semanticscholar,984c1a20b1d9400f4fda7878d6e78bc2f0f41c6d,CS026,S27,included,included
doi:10.1145/3453483.3454031,Transfinite Iris: resolving an existential dilemma of step-indexed separation logic,2021,2021-06-18,Simon Spies; Lennard Gäher; Daniel Gratzer; Joseph Tassarotti; Robbert Krebbers; Derek Dreyer; L. Birkedal,10.1145/3453483.3454031,,ACM-SIGPLAN Symposium on Programming Language Design and Implementation,https://www.semanticscholar.org/paper/a361932824e4e247c48aeea06adf919980b3dae7,42,68,semanticscholar,a361932824e4e247c48aeea06adf919980b3dae7,CS010;CS011;CS012;CS013;CS014,S14;S15;S16;S17;S19,included,included
doi:10.1145/3458926,Armed Cats,2021,2021-07-01,J. Alglave; Will Deacon; R. Grisenthwaite; A. Hacquard; Luc Maranget,10.1145/3458926,,ACM Transactions on Programming Languages and Systems,https://www.semanticscholar.org/paper/16a171d9b1f25b395ebcd6deb270e5de6892fb3f,33,46,semanticscholar,16a171d9b1f25b395ebcd6deb270e5de6892fb3f,CS004,S05,included,included
doi:10.1145/347324.348031,Putting static analysis to work for verification: A case study,2000,2000-08-01,T. Lev-Ami; T. Reps; Shmuel Sagiv; R. Wilhelm,10.1145/347324.348031,,International Symposium on Software Testing and Analysis,https://www.semanticscholar.org/paper/5c5cd59f320d486fda89c4dfd366d12a0507e222,137,29,semanticscholar,5c5cd59f320d486fda89c4dfd366d12a0507e222,CS030,S44,included,included
doi:10.1145/3473571,Formal verification of a concurrent bounded queue in a weak memory model,2021,2021-08-18,Glen Mével; Jacques-Henri Jourdan,10.1145/3473571,,Proc. ACM Program. Lang.,https://www.semanticscholar.org/paper/57ac041a03a6c88ba46a359595b7c1c94686103f,21,53,semanticscholar,57ac041a03a6c88ba46a359595b7c1c94686103f,CS006;CS007;CS026,S07;S08;S27,included,included
doi:10.1145/3473581,Automatic amortized resource analysis with the Quantum physicist’s method,2021,2021-06-26,David M. Kahn; Jan Hoffmann,10.1145/3473581,2106.13936,Proc. ACM Program. Lang.,https://www.semanticscholar.org/paper/290550a583f07709663abb2b255c98d609d66a42,6,57,semanticscholar,290550a583f07709663abb2b255c98d609d66a42,CS019,S29,included,included
doi:10.1145/3473586,Theorems for free from separation logic specifications,2021,2021-08-18,L. Birkedal; Thomas Dinsdale-Young; Armaël Gueneau; Guilhem Jaber; Kasper Svendsen; N. Tzevelekos,10.1145/3473586,,Proc. ACM Program. Lang.,https://www.semanticscholar.org/paper/28547e046d381e9ccf29dfdde4f9788b383c383b,29,51,semanticscholar,28547e046d381e9ccf29dfdde4f9788b383c383b,CS006;CS007;CS019;CS023,S07;S08;S29;S35,included,included
doi:10.1145/3477082,TaDA Live: Compositional Reasoning for Termination of Fine-grained Concurrent Programs,2019,2019-01-17,Emanuele D’Osualdo; Julian Sutherland; Azadeh Farzan; Philippa Gardner,10.1145/3477082,1901.05750,ACM Transactions on Programming Languages and Systems,https://www.semanticscholar.org/paper/d15652f8e0f873ca8645825f9718476d7b7f2fe8,23,32,semanticscholar,d15652f8e0f873ca8645825f9718476d7b7f2fe8,CS002;CS010;CS011;CS012;CS013;CS014,S02;S14;S15;S16;S17;S19,included,included
doi:10.1145/3485475,Making Weak Memory Models Fair,2021,2020-12-02,O. Lahav; Egor Namakonov; Jonas Oberhauser; A. Podkopaev; Viktor Vafeiadis,10.1145/3485475,2012.01067,Proc. ACM Program. Lang.,https://www.semanticscholar.org/paper/be3902623f9b56f3f681a3153de9d140296e9b32,24,50,seed-catalog;semanticscholar,DOI:10.1145/3485475;be3902623f9b56f3f681a3153de9d140296e9b32,CS001;CS002;CS004;CS031,S01;S02;S05;S45,included,included
doi:10.1145/3485508,Specifying and testing GPU workgroup progress models,2021,2021-09-13,Tyler Sorensen; Lucas F. Salvador; Harmit Raval; Hugues Evrard; John Wickerson; M. Martonosi; Alastair F. Donaldson,10.1145/3485508,2109.06132,Proc. ACM Program. Lang.,https://www.semanticscholar.org/paper/141d953ca804655cd6634b417e073342ba039461,11,57,semanticscholar,141d953ca804655cd6634b417e073342ba039461,CS001;CS004,S01;S05,included,included
doi:10.1145/3485541,The reads-from equivalence for the TSO and PSO memory models,2020,2020-11-23,Truc Lam Bui; Krishnendu Chatterjee; Tushar Gautam; Andreas Pavlogiannis; Viktor Toman,10.1145/3485541,2011.11763,Proc. ACM Program. Lang.,https://www.semanticscholar.org/paper/fa463ff0c2ca733283f6bdc486faaea8ce8a17fe,14,79,semanticscholar,fa463ff0c2ca733283f6bdc486faaea8ce8a17fe,CS022,S33,included,included
doi:10.1145/3495529,Types for Complexity of Parallel Computation in Pi-Calculus,2020,2020-10-12,Patrick Baillot; Alexis Ghyselen,10.1145/3495529,,European Symposium on Programming,https://www.semanticscholar.org/paper/b677ffdf7d675d2ecf679d0535dc32baddf96569,10,42,semanticscholar,b677ffdf7d675d2ecf679d0535dc32baddf96569,CS023,S35,included,included
doi:10.1145/3497775.3503677,Specification and verification of a transient stack,2022,2022-01-17,Alexandre Moine; A. Charguéraud; F. Pottier,10.1145/3497775.3503677,,Certified Programs and Proofs,https://www.semanticscholar.org/paper/e99bba7a77419ee25b0f5020b01899f4580324ff,3,74,semanticscholar,e99bba7a77419ee25b0f5020b01899f4580324ff,CS023,S35,included,included
doi:10.1145/3498672,A separation logic for heap space under garbage collection,2022,2022-01-11,Jean-Marie Madiot; F. Pottier,10.1145/3498672,,Proc. ACM Program. Lang.,https://www.semanticscholar.org/paper/26e03561e6e86a7c9d465615a29a69d774aa0bd3,11,63,semanticscholar,26e03561e6e86a7c9d465615a29a69d774aa0bd3,CS019;CS023,S29;S35,included,included
doi:10.1145/3498689,Simuliris: a separation logic framework for verifying concurrent program optimizations,2022,2022-01-11,Lennard Gäher; Michael Sammler; Simon Spies; Ralf Jung; Hoang-Hai Dang; Robbert Krebbers; Jeehoon Kang; Derek Dreyer,10.1145/3498689,,Proc. ACM Program. Lang.,https://www.semanticscholar.org/paper/a66b534292d939c6bcab97255130dfa1f664d481,47,50,semanticscholar,a66b534292d939c6bcab97255130dfa1f664d481,CS002;CS010;CS011;CS014,S02;S14;S15;S19,included,included
doi:10.1145/3498694,Visibility reasoning for concurrent snapshot algorithms,2021,2021-10-06,Joakim Öhman; Aleksandar Nanevski,10.1145/3498694,2110.02769,Proc. ACM Program. Lang.,https://www.semanticscholar.org/paper/23da83a92097331d6eed7abd7bf533ba81715de3,11,27,semanticscholar,23da83a92097331d6eed7abd7bf533ba81715de3,CS006,S07,included,included
doi:10.1145/3498711,"Truly stateless, optimal dynamic partial order reduction",2022,2022-01-11,Michalis Kokologiannakis; Iason Marmanis; V. Gladstein; Viktor Vafeiadis,10.1145/3498711,,Proc. ACM Program. Lang.,https://www.semanticscholar.org/paper/0f2d27ae73625a641fa0c6863d091b9d4e087a5e,48,76,semanticscholar,0f2d27ae73625a641fa0c6863d091b9d4e087a5e,CS022,S33,included,included
doi:10.1145/350887.350891,SMC,2000,2000-04-01,A. Sistla; Viktor Gyuris; E. A. Emerson,10.1145/350887.350891,,ACM Transactions on Software Engineering and Methodology,https://www.semanticscholar.org/paper/21d0744dd4c36f5034b507ea290438af72877ccf,90,33,semanticscholar,21d0744dd4c36f5034b507ea290438af72877ccf,CS030,S44,included,included
doi:10.1145/3519939.3523432,Diaframe: automated verification of fine-grained concurrent programs in Iris,2022,2022-06-09,Ike Mulder; Robbert Krebbers; H. Geuvers,10.1145/3519939.3523432,,ACM-SIGPLAN Symposium on Programming Language Design and Implementation,https://www.semanticscholar.org/paper/f04a4b557cbecd1b62737cadaea7db03b23eafc1,37,95,semanticscholar,f04a4b557cbecd1b62737cadaea7db03b23eafc1,CS007;CS019,S08;S29,included,included
doi:10.1145/3519939.3523451,Compass: Strong and Compositional Library Specifications in Relaxed Memory Separation Logic,2022,2022-06-09,Hoang-Hai Dang; Jaehwang Jung; Jaemin Choi; Duc-Than Nguyen; William Mansky; Jeehoon Kang; Derek Dreyer,10.1145/3519939.3523451,,ACM-SIGPLAN Symposium on Programming Language Design and Implementation,https://www.semanticscholar.org/paper/2f24d73555fd3c9d159f8f19b3614f11a67f4e80,26,76,seed-catalog;semanticscholar,2f24d73555fd3c9d159f8f19b3614f11a67f4e80;DOI:10.1145/3519939.3523451,CS006;CS007;CS008;CS010;CS026,S07;S08;S09;S14;S27,included,included
doi:10.1145/3519939.3523718,Sequential reasoning for optimizing compilers under weak memory concurrency,2022,2022-06-09,Minki Cho; Sung-Hwan Lee; Dongjae Lee; Chung-Kil Hur; O. Lahav,10.1145/3519939.3523718,,ACM-SIGPLAN Symposium on Programming Language Design and Implementation,https://www.semanticscholar.org/paper/737319e68b96a2d94e082c5e71e38c12b745cfcf,13,50,semanticscholar,737319e68b96a2d94e082c5e71e38c12b745cfcf,CS001;CS002,S01;S02,included,included
doi:10.1145/3533724,wfspan: Wait-free Dynamic Memory Management,2022,2022-05-04,Xiangzhen Ouyang; Yi'an Zhu,10.1145/3533724,,ACM Transactions on Embedded Computing Systems,https://www.semanticscholar.org/paper/18b7bcd3277381feb724dc54b1a99bad7ead12cc,2,49,semanticscholar,18b7bcd3277381feb724dc54b1a99bad7ead12cc,CS029,S42,included,included
doi:10.1145/3544885.3544887,A flat reachability-based measure for CakeML’s cost semantics,2021,2021-09-01,Alejandro Gómez-Londoño; Magnus O. Myreen,10.1145/3544885.3544887,,International Symposium on Implementation and Application of Functional Languages,https://www.semanticscholar.org/paper/067874ad7b32afb5ab17fb74a1c57a08dd9ee826,2,19,semanticscholar,067874ad7b32afb5ab17fb74a1c57a08dd9ee826,CS019,S29,included,included
doi:10.1145/3547628,Verified symbolic execution with Kripke specification monads (and no meta-programming),2022,2022-08-29,Steven Keuchel; Sander Huyghebaert; G. Lukyanov; Dominique Devriese,10.1145/3547628,,Proc. ACM Program. Lang.,https://www.semanticscholar.org/paper/c4801d91aeec1bc7c960bdb55a17ed0eae092c44,15,81,semanticscholar,c4801d91aeec1bc7c960bdb55a17ed0eae092c44,CS009,S10,included,included
doi:10.1145/3547631,Later credits: resourceful reasoning for the later modality,2022,2022-08-29,Simon Spies; Lennard Gäher; Joseph Tassarotti; Ralf Jung; Robbert Krebbers; L. Birkedal; Derek Dreyer,10.1145/3547631,,Proc. ACM Program. Lang.,https://www.semanticscholar.org/paper/fcd7ffb8f7d05187877390ad9ea4ac48ef6eb24b,30,66,semanticscholar,fcd7ffb8f7d05187877390ad9ea4ac48ef6eb24b,CS010;CS012;CS019;CS023,S14;S16;S29;S35,included,included
doi:10.1145/3555776.3577636,Ownership-Based Owicki-Gries Reasoning,2023,2023-03-27,Mikhail Semenyuk; Brijesh Dongol,10.1145/3555776.3577636,,ACM Symposium on Applied Computing,https://www.semanticscholar.org/paper/8993cf08edba40d1acaf2dac39e009fc519b1522,0,35,semanticscholar,8993cf08edba40d1acaf2dac39e009fc519b1522,CS024;CS025,A29;A30,included,included
doi:10.1145/3563292,CAAT: consistency as a theory,2022,2022-10-31,Thomas Haas; R. Meyer; Hernán Ponce de León,10.1145/3563292,,Proc. ACM Program. Lang.,https://www.semanticscholar.org/paper/026c605f36e75d25d14c64fb59acad4d966ec57b,9,97,semanticscholar,026c605f36e75d25d14c64fb59acad4d966ec57b,CS004,S05,included,included
doi:10.1145/3563337,A concurrent program logic with a future and history,2022,2022-07-05,R. Meyer; Thomas Wies; Sebastian Wolff,10.1145/3563337,2207.02355,Proc. ACM Program. Lang.,https://www.semanticscholar.org/paper/368a6573b7d2aa320c8b62c21c5c506d9d798bcb,11,73,semanticscholar,368a6573b7d2aa320c8b62c21c5c506d9d798bcb,CS007,S08,included,included
doi:10.1145/3563352,Implementing and verifying release-acquire transactional memory in C11,2022,2022-10-31,Sadegh Dalvandi; Brijesh Dongol,10.1145/3563352,,Proc. ACM Program. Lang.,https://www.semanticscholar.org/paper/e6888c07183e665dd7b496f958d6397398ef9706,3,88,semanticscholar,e6888c07183e665dd7b496f958d6397398ef9706,CS001;CS006;CS008,S01;S07;S09,included,included
doi:10.1145/3571218,A High-Level Separation Logic for Heap Space under Garbage Collection,2023,2023-01-09,Alexandre Moine; A. Charguéraud; F. Pottier,10.1145/3571218,,Proc. ACM Program. Lang.,https://www.semanticscholar.org/paper/9ee860120c8cafd15de5f7d13a4d62dc50682475,11,62,semanticscholar,9ee860120c8cafd15de5f7d13a4d62dc50682475,CS019;CS023,S29;S35,included,included
doi:10.1145/3571231,A Compositional Theory of Linearizability,2023,2023-01-09,Arthur Oliveira Vale; Zhong Shao; Yixuan Chen,10.1145/3571231,,Proc. ACM Program. Lang.,https://www.semanticscholar.org/paper/155a78999114ae9d972a31cad35876548b42562d,9,62,semanticscholar,155a78999114ae9d972a31cad35876548b42562d,CS014,S19,included,included
doi:10.1145/3571232,Conditional Contextual Refinement,2023,2023-01-09,Youngju Song; Minki Cho; Dongjae Lee; Chung-Kil Hur; Michael Sammler; Derek Dreyer,10.1145/3571232,,Proc. ACM Program. Lang.,https://www.semanticscholar.org/paper/20a813853b0e7a45b9c66cf37571bab3ac319499,27,32,semanticscholar,20a813853b0e7a45b9c66cf37571bab3ac319499,CS002;CS010;CS014,S02;S14;S19,included,included
doi:10.1145/3571246,An Operational Approach to Library Abstraction under Relaxed Memory Concurrency,2023,2023-01-09,Abhishek Kr Singh; O. Lahav,10.1145/3571246,,Proc. ACM Program. Lang.,https://www.semanticscholar.org/paper/488eb7fd3dc83634669b98702b3b88e7aa462eca,12,60,semanticscholar,488eb7fd3dc83634669b98702b3b88e7aa462eca,CS006;CS007;CS008;CS022,S07;S08;S09;S33,included,included
doi:10.1145/357172.357178,Proving Liveness Properties of Concurrent Programs,1982,1982-07-01,S. Owicki; L. Lamport,10.1145/357172.357178,,ACM Transactions on Programming Languages and Systems,https://www.semanticscholar.org/paper/bba8a9a829d0f4c10af20df980a7b1ea7f6a61bd,660,21,semanticscholar,bba8a9a829d0f4c10af20df980a7b1ea7f6a61bd,CS002,S02,included,included
doi:10.1145/3575693.3575750,MC Mutants: Evaluating and Improving Testing for Memory Consistency Specifications,2023,2023-01-27,Reese Levine; Tianhao Guo; Mingun Cho; Alan Baker; Raph Levien; David Neto; Andrew Quinn; Tyler Sorensen,10.1145/3575693.3575750,,International Conference on Architectural Support for Programming Languages and Operating Systems,https://www.semanticscholar.org/paper/2fd9d24a2498832bdc33a9436c74efcdaec149e7,11,42,semanticscholar,2fd9d24a2498832bdc33a9436c74efcdaec149e7,CS004,S05,included,included
doi:10.1145/357980.358001,An axiomatic basis for computer programming,1969,1969-10-01,C. Hoare,10.1145/357980.358001,,CACM,https://www.semanticscholar.org/paper/16ce549791f6cbea970e31ae548ac832c2ad0ebb,3302,6,semanticscholar,16ce549791f6cbea970e31ae548ac832c2ad0ebb,CS012,S16,included,included
doi:10.1145/3586043,Proof Automation for Linearizability in Separation Logic,2023,2023-04-06,Ike Mulder; Robbert Krebbers,10.1145/3586043,,Proc. ACM Program. Lang.,https://www.semanticscholar.org/paper/57149f05c538a5b61c661200abe0dceb8ccc1f27,12,83,semanticscholar,57149f05c538a5b61c661200abe0dceb8ccc1f27,CS006;CS007,S07;S08,included,included
doi:10.1145/359104.359106,Social processes and proofs of theorems and programs,1979,1979-05-01,R. DeMillo; R. Lipton; A. Perlis,10.1145/359104.359106,,CACM,https://www.semanticscholar.org/paper/2a257fe0284c1b4490e6b16e1f2e29555d8fccc4,601,33,semanticscholar,2a257fe0284c1b4490e6b16e1f2e29555d8fccc4,CS012,S16,included,included
doi:10.1145/3591230,CQS: A Formally-Verified Framework for Fair and Abortable Synchronization,2021,2021-11-22,N. Koval; Dmitry Khalanskiy; Dan Alistarh,10.1145/3591230,2111.12682,Proc. ACM Program. Lang.,https://www.semanticscholar.org/paper/c203e337608e70b77058ea1f5f198b6bfa34a9a5,0,42,semanticscholar,c203e337608e70b77058ea1f5f198b6bfa34a9a5,CS017,A28,included,included
doi:10.1145/3591232,Memento: A Framework for Detectable Recoverability in Persistent Memory,2023,2023-06-06,K. Cho; Seungmin Jeon; A. Raad; Jeehoon Kang,10.1145/3591232,,Proc. ACM Program. Lang.,https://www.semanticscholar.org/paper/5095c3b0c6ac1683b906ea8921ca86341c4748c2,6,75,semanticscholar,5095c3b0c6ac1683b906ea8921ca86341c4748c2,CS026,S27,included,included
doi:10.1145/3591253,Fair Operational Semantics,2023,2023-06-06,Dongjae Lee; Minki Cho; Jinwoo Kim; Soonwon Moon; Youngju Song; Chung-Kil Hur,10.1145/3591253,,Proc. ACM Program. Lang.,https://www.semanticscholar.org/paper/c343a15f1f983b13534aba0871981fc4cc46b217,13,37,seed-catalog;semanticscholar,DOI:10.1145/3591253;c343a15f1f983b13534aba0871981fc4cc46b217,CS001;CS002;CS010;CS011;CS013;CS014,S01;S02;S14;S15;S17;S19,included,included
doi:10.1145/3591279,VMSL: A Separation Logic for Mechanised Robust Safety of Virtual Machines Communicating above FF-A,2023,2023-06-06,Zong-Chao Liu; Sergei Stepanenko; Jean Pichon-Pharabod; Amin Timany; Aslan Askarov; L. Birkedal,10.1145/3591279,,Proc. ACM Program. Lang.,https://www.semanticscholar.org/paper/4467dc7881629589f69092a0ea427b2ab071f795,7,57,semanticscholar,4467dc7881629589f69092a0ea427b2ab071f795,CS011,S15,included,included
doi:10.1145/3591296,Embedding Hindsight Reasoning in Separation Logic,2022,2022-09-27,R. Meyer; Thomas Wies; Sebastian Wolff,10.1145/3591296,2209.13692,Proc. ACM Program. Lang.,https://www.semanticscholar.org/paper/2eb3bbbb20b8d7ff475eaee97c8ec172a7e7ca0a,6,54,semanticscholar,2eb3bbbb20b8d7ff475eaee97c8ec172a7e7ca0a,CS007,S08,included,included
doi:10.1145/3591297,Putting Weak Memory in Order via a Promising Intermediate Representation,2023,2023-06-06,Sung-Hwan Lee; Minki Cho; R. Margalit; Chung-Kil Hur; O. Lahav,10.1145/3591297,,Proc. ACM Program. Lang.,https://www.semanticscholar.org/paper/7f87c4faf744a4fc255d34cc434abfdb824e163b,11,52,semanticscholar,7f87c4faf744a4fc255d34cc434abfdb824e163b,CS006,S07,included,included
doi:10.1145/359138.359142,Proving termination with multiset orderings,1979,1979-07-16,N. Dershowitz; Z. Manna,10.1145/359138.359142,,CACM,https://www.semanticscholar.org/paper/b025fbd8a0c44d421bb379a93c8dad935856def2,712,11,semanticscholar,b025fbd8a0c44d421bb379a93c8dad935856def2,CS011;CS012,S15;S16,included,included
doi:10.1145/3597926.3598095,GPUHarbor: Testing GPU Memory Consistency at Large (Experience Paper),2023,2023-07-12,Reese Levine; Mingun Cho; Devon McKee; Andrew Quinn; Tyler Sorensen,10.1145/3597926.3598095,,International Symposium on Software Testing and Analysis,https://www.semanticscholar.org/paper/cf21dd3b47d6a5a81490a706db5d1bf3ceca8e8f,9,56,semanticscholar,cf21dd3b47d6a5a81490a706db5d1bf3ceca8e8f,CS004,S05,included,included
doi:10.1145/359863.359878,Concurrent reading and writing,1977,1977-11-01,L. Lamport,10.1145/359863.359878,,Communications of the ACM,https://www.semanticscholar.org/paper/dc2d3cf009d1ae40d00f3c3f141224371ad675aa,300,11,semanticscholar,dc2d3cf009d1ae40d00f3c3f141224371ad675aa,CS030,S44,included,included
doi:10.1145/3600006.3613172,Grove: a Separation-Logic Library for Verifying Distributed Systems,2023,2023-09-06,Upamanyu Sharma; Ralf Jung; Joseph Tassarotti; Frans Kaashoek; N. Zeldovich,10.1145/3600006.3613172,2309.03046,Symposium on Operating Systems Principles,https://www.semanticscholar.org/paper/abbc875b0440c696b804a37dd666222a233b8e18,35,60,semanticscholar,abbc875b0440c696b804a37dd666222a233b8e18,CS010,S14,included,included
doi:10.1145/360051.360224,Verifying properties of parallel programs: an axiomatic approach,1976,1976-05-01,S. Owicki; D. Gries,10.1145/360051.360224,,CACM,https://www.semanticscholar.org/paper/ea0d4425d50d63e0692ad2763ea6a8ff30fbd5a8,560,9,semanticscholar,ea0d4425d50d63e0692ad2763ea6a8ff30fbd5a8,CS011,S15,included,included
doi:10.1145/360204.360206,Verifying safety properties of concurrent Java programs using 3-valued logic,2001,,Eran Yahav,10.1145/360204.360206,,ACM-SIGACT Symposium on Principles of Programming Languages,https://www.semanticscholar.org/paper/b90ddfbb9574e534d9427516ed524da90142f2fb,142,35,semanticscholar,b90ddfbb9574e534d9427516ed524da90142f2fb,CS030,S44,included,included
doi:10.1145/3607840,FP²: Fully in-Place Functional Programming,2023,2023-08-30,Anton Lorenzen; Daan Leijen; Wouter Swierstra,10.1145/3607840,,Proc. ACM Program. Lang.,https://www.semanticscholar.org/paper/51135f5a87df1fe7f10317eb434329782a18183c,18,61,semanticscholar,51135f5a87df1fe7f10317eb434329782a18183c,CS019,S29,included,included
doi:10.1145/361082.361093,A new solution of Dijkstra's concurrent programming problem,1974,1974-08-01,L. Lamport,10.1145/361082.361093,,Communications of the ACM,https://www.semanticscholar.org/paper/b3fbde60725b61a179c591762b1d04c5f8510b8a,384,17,semanticscholar,b3fbde60725b61a179c591762b1d04c5f8510b8a,CS031,S45,included,included
doi:10.1145/3622781.3674174,Towards Unified Analysis of GPU Consistency,2024,2024-04-27,Haining Tong; N. Gavrilenko; Hernán Ponce de León; Keijo Heljanko,10.1145/3622781.3674174,,International Conference on Architectural Support for Programming Languages and Operating Systems,https://www.semanticscholar.org/paper/e6f2f27413430a9b8c1b6164a496a6355fc6362d,8,66,semanticscholar,e6f2f27413430a9b8c1b6164a496a6355fc6362d,CS001;CS004,S01;S05,included,included
doi:10.1145/3622820,Spirea: A Mechanized Concurrent Separation Logic for Weak Persistent Memory,2023,2023-10-16,Simon Friis Vindum; Lars Birkedal,10.1145/3622820,,Proc. ACM Program. Lang.,https://www.semanticscholar.org/paper/75bcda863a5c6acd061dd8a00ddf072e87e5e1f1,6,35,seed-catalog;semanticscholar,75bcda863a5c6acd061dd8a00ddf072e87e5e1f1;DOI:10.1145/3622820,CS006;CS026,S07;S27,included,included
doi:10.1145/3622827,Modular Verification of Safe Memory Reclamation in Concurrent Separation Logic,2023,2023-10-16,Jaehwang Jung; Janggun Lee; Jaemin Choi; Jaewoo Kim; Sunho Park; Jeehoon Kang,10.1145/3622827,,Proc. ACM Program. Lang.,https://www.semanticscholar.org/paper/ce8cf398ad4e1b8b8f693c5c70274098892aed98,11,83,semanticscholar,ce8cf398ad4e1b8b8f693c5c70274098892aed98,CS006;CS018;CS019,S07;S28;S29,included,included
doi:10.1145/3622855,Static Analysis of Memory Models for SMT Encodings,2023,2023-10-16,Thomas Haas; René Maseli; Roland Meyer; Hernán Ponce de León,10.1145/3622855,,Proc. ACM Program. Lang.,https://www.semanticscholar.org/paper/358e90ea2dad932955e84b1de095c213b42eb4dd,2,86,semanticscholar,358e90ea2dad932955e84b1de095c213b42eb4dd,CS001,S01,included,included
doi:10.1145/3622857,Stuttering for Free,2023,2023-10-16,Minki Cho; Youngju Song; Dongjae Lee; Lennard Gäher; Derek Dreyer,10.1145/3622857,,Proc. ACM Program. Lang.,https://www.semanticscholar.org/paper/41254abcb8b59fa62de2edeb5223361af08dc32a,15,32,semanticscholar,41254abcb8b59fa62de2edeb5223361af08dc32a,CS002;CS010,S02;S14,included,included
doi:10.1145/362759.362813,Concurrent control with “readers” and “writers”,1971,1971-10-01,P. Courtois; F. Heymans; D. Parnas,10.1145/362759.362813,,CACM,https://www.semanticscholar.org/paper/43aa639d8df2285bd805531889d1d5f49563c17d,565,4,semanticscholar,43aa639d8df2285bd805531889d1d5f49563c17d,CS002,S02,included,included
doi:10.1145/3632851,Trillium: Higher-Order Concurrent and Distributed Separation Logic for Intensional Refinement,2021,2021-09-16,Amin Timany; Simon Gregersen; Léo Stefanesco; Léon Gondelman; Abel Nieto; L. Birkedal,10.1145/3632851,2109.07863,Proc. ACM Program. Lang.,https://www.semanticscholar.org/paper/fbf15b519b3de2da9a4f9d7cfd22c4982e4701a8,23,46,semanticscholar,fbf15b519b3de2da9a4f9d7cfd22c4982e4701a8,CS010;CS011;CS014,S14;S15;S19,included,included
doi:10.1145/3632852,"Decalf: A Directed, Effectful Cost-Aware Logical Framework",2023,2023-07-12,Harrison Grodin; Jonathan Sterling; Yue Niu; Robert Harper Carnegie Mellon University; A. University,10.1145/3632852,2307.05938,Proc. ACM Program. Lang.,https://www.semanticscholar.org/paper/5bd1edd6d031921c652425064aaf084475a5cefe,15,45,semanticscholar,5bd1edd6d031921c652425064aaf084475a5cefe,CS023,S35,included,included
doi:10.1145/3632853,DisLog: A Separation Logic for Disentanglement,2024,2024-01-02,Alexandre Moine; Sam Westrick; Stephanie Balzer,10.1145/3632853,,Proc. ACM Program. Lang.,https://www.semanticscholar.org/paper/4200f0d5abfed67635808771fed090b64af104b5,4,57,semanticscholar,4200f0d5abfed67635808771fed090b64af104b5,CS023,S35,included,included
doi:10.1145/3632863,An Axiomatic Basis for Computer Programming on the Relaxed Arm-A Architecture: The AxSL Logic,2024,2024-01-02,Angus Hammond; Zong-Chao Liu; Thibaut Pérami; Peter Sewell; Lars Birkedal; Jean Pichon-Pharabod,10.1145/3632863,,Proc. ACM Program. Lang.,https://www.semanticscholar.org/paper/f3c4f68ab6aa527ec1b99c451de6d3e8448462d0,11,75,semanticscholar,f3c4f68ab6aa527ec1b99c451de6d3e8448462d0,CS006,S07,included,included
doi:10.1145/3632864,Regular Abstractions for Array Systems,2024,2024-01-02,Chih-Duo Hong; Anthony W. Lin,10.1145/3632864,2401.02618,Proc. ACM Program. Lang.,https://www.semanticscholar.org/paper/342cf9e990fc265d211701da3e060542b619dbeb,6,96,semanticscholar,342cf9e990fc265d211701da3e060542b619dbeb,CS028,S40,included,included
doi:10.1145/3632889,Deadlock-Free Separation Logic: Linearity Yields Progress for Dependent Higher-Order Message Passing,2024,2024-01-02,Jules Jacobs; Jonas Kastberg Hinrichsen; Robbert Krebbers,10.1145/3632889,,Proc. ACM Program. Lang.,https://www.semanticscholar.org/paper/0a491b82ccfbf3c9a020474cbe59963df98f2e7a,15,105,semanticscholar,0a491b82ccfbf3c9a020474cbe59963df98f2e7a,CS014,S19,included,included
doi:10.1145/3632892,Thunks and Debits in Separation Logic with Time Credits,2024,2024-01-02,F. Pottier; Armaël Gueneau; Jacques-Henri Jourdan; Glen Mével,10.1145/3632892,,Proc. ACM Program. Lang.,https://www.semanticscholar.org/paper/64fa4e51ca2fec20362f16db91be31beea11fa94,14,37,semanticscholar,64fa4e51ca2fec20362f16db91be31beea11fa94,CS016;CS023,A27;S35,included,included
doi:10.1145/3632898,Algebraic Effects Meet Hoare Logic in Cubical Agda,2024,2024-01-02,Donnacha Oisín Kidney; Zhixuan Yang; Nicolas Wu,10.1145/3632898,,Proc. ACM Program. Lang.,https://www.semanticscholar.org/paper/be5cb7780c137a2eda2785997bde1176cc1f7b3b,4,81,semanticscholar,be5cb7780c137a2eda2785997bde1176cc1f7b3b,CS014,S19,included,included
doi:10.1145/3636501.3636940,Compositional Verification of Concurrent C Programs with Search Structure Templates,2024,2024-01-09,Duc T. Nguyen; Lennart Beringer; William Mansky; Shengyi Wang,10.1145/3636501.3636940,,Certified Programs and Proofs,https://www.semanticscholar.org/paper/a194bcf17a2b385cbb6f4ba04fa69926ec13c217,3,27,semanticscholar,a194bcf17a2b385cbb6f4ba04fa69926ec13c217,CS006,S07,included,included
doi:10.1145/3641399.3641443,Parameterized Static Analysis for Weak Memory Models,2024,2024-02-22,Divyanjali Sharma; Subodh Sharma,10.1145/3641399.3641443,,International Symposium on Electronic Commerce,https://www.semanticscholar.org/paper/03430320239d58d1715c61177dad8d367858669b,1,25,semanticscholar,03430320239d58d1715c61177dad8d367858669b,CS006,S07,included,included
doi:10.1145/3656384,A Proof Recipe for Linearizability in Relaxed Memory Separation Logic,2024,2024-06-20,Sunho Park; Jaewoo Kim; Ike Mulder; Jaehwang Jung; Janggun Lee; Robbert Krebbers; Jeehoon Kang,10.1145/3656384,,Proc. ACM Program. Lang.,https://www.semanticscholar.org/paper/81cc2bcf765e925a61e6decd7e1679a83d6faafa,6,51,seed-catalog;semanticscholar,81cc2bcf765e925a61e6decd7e1679a83d6faafa;DOI:10.1145/3656384,CS006;CS007;CS010,S07;S08;S14,included,included
doi:10.1145/3656449,SPORE: Combining Symmetry and Partial Order Reduction,2024,2024-06-20,Michalis Kokologiannakis; Iason Marmanis; Viktor Vafeiadis,10.1145/3656449,,Proc. ACM Program. Lang.,https://www.semanticscholar.org/paper/1d84344262cef9ff70a1e2a64d61906c8c81ef64,7,44,semanticscholar,1d84344262cef9ff70a1e2a64d61906c8c81ef64,CS022,S33,included,included
doi:10.1145/3674635,Error Credits: Resourceful Reasoning about Error Bounds for Higher-Order Probabilistic Programs,2024,2024-04-22,Alejandro Aguirre; Philipp G. Haselwarter; Markus de Medeiros; Kwing Hei Li; Simon Gregersen; Joseph Tassarotti; Lars Birkedal,10.1145/3674635,2404.14223,Proc. ACM Program. Lang.,https://www.semanticscholar.org/paper/f9177e95c4009c4d97d69a3f7d7943e7ebef59f9,23,48,semanticscholar,f9177e95c4009c4d97d69a3f7d7943e7ebef59f9,CS023,S35,included,included
doi:10.1145/3674645,Refinement Composition Logic,2024,2024-08-15,Youngju Song; Dongjae Lee,10.1145/3674645,,Proc. ACM Program. Lang.,https://www.semanticscholar.org/paper/175b7d34b7ecc3f37696750971643b364eb70ba9,1,33,semanticscholar,175b7d34b7ecc3f37696750971643b364eb70ba9,CS002;CS014,S02;S19,included,included
doi:10.1145/3689720,Non-termination Proving at Scale,2024,2024-10-08,A. Raad; Julien Vanegue; Peter W. O'Hearn,10.1145/3689720,,Proc. ACM Program. Lang.,https://www.semanticscholar.org/paper/10ec4134c6a3b9675df8074bb9ca3cb61fb6ef39,12,23,semanticscholar,10ec4134c6a3b9675df8074bb9ca3cb61fb6ef39,CS014,S19,included,included
doi:10.1145/3689732,Verified Lock-Free Session Channels with Linking,2024,2024-10-08,Thomas Somers; Robbert Krebbers,10.1145/3689732,,Proc. ACM Program. Lang.,https://www.semanticscholar.org/paper/81da15e805b556a11bf20c3f3ea6492cc59b3668,4,63,semanticscholar,81da15e805b556a11bf20c3f3ea6492cc59b3668,CS006;CS007,S07;S08,included,included
doi:10.1145/3689739,Fully Verified Instruction Scheduling,2024,2024-10-08,Ziteng Yang; J. Shirako; Vivek Sarkar,10.1145/3689739,,Proc. ACM Program. Lang.,https://www.semanticscholar.org/paper/8cd361a616cd68102dfc412b732d496ed68ba393,2,58,semanticscholar,8cd361a616cd68102dfc412b732d496ed68ba393,CS014,S19,included,included
doi:10.1145/3689753,Tachis: Higher-Order Separation Logic with Credits for Expected Costs,2024,2024-05-30,Philipp G. Haselwarter; Kwing Hei Li; Markus de Medeiros; Simon Gregersen; Alejandro Aguirre; Joseph Tassarotti; Lars Birkedal,10.1145/3689753,2405.20083,Proc. ACM Program. Lang.,https://www.semanticscholar.org/paper/4967e2834c65ca20f38b4ef4d9c49375b026525a,14,59,semanticscholar,4967e2834c65ca20f38b4ef4d9c49375b026525a,CS023,S35,included,included
doi:10.1145/3689802,Automated Robustness Verification of Concurrent Data Structure Libraries against Relaxed Memory Models,2024,2024-10-08,Kartik Nagar; Anmol Sahoo; Romit Chowdhury; Suresh Jagannathan,10.1145/3689802,,Proc. ACM Program. Lang.,https://www.semanticscholar.org/paper/b11d375f98ea3af542e8d8f24171157d8ce9f02e,1,55,semanticscholar,b11d375f98ea3af542e8d8f24171157d8ce9f02e,CS006,S07,included,included
doi:10.1145/3694906.3743326,Decoupled Fallback: A Portable Single-Pass GPU Scan,2025,2025-07-16,Thomas Smith; Raph Levien; John D. Owens,10.1145/3694906.3743326,,ACM Symposium on Parallelism in Algorithms and Architectures,https://www.semanticscholar.org/paper/0905e8898f0b841c0002acafa8156c272ce0d4b1,1,39,semanticscholar,0905e8898f0b841c0002acafa8156c272ce0d4b1,CS004,S05,included,included
doi:10.1145/3703595.3705876,The Nextgen Modality: A Modality for Non-Frame-Preserving Updates in Separation Logic,2025,2025-01-10,Simon Friis Vindum; A. L. Georges; L. Birkedal,10.1145/3703595.3705876,,Certified Programs and Proofs,https://www.semanticscholar.org/paper/53720b3ad87e2e537de2f0b2a78e665c7ddc8084,4,18,semanticscholar,53720b3ad87e2e537de2f0b2a78e665c7ddc8084,CS026,S27,included,included
doi:10.1145/3704906,Relinche: Automatically Checking Linearizability under Relaxed Memory Consistency,2025,,,10.1145/3704906,,,,,,seed-catalog,DOI:10.1145/3704906,CS022,S33,included,included
doi:10.1145/3704908,Relaxed Memory Concurrency Re-executed,2025,2025-01-07,E.V. Moiseenko; Matteo Meluzzi; Innokentii Meleshchenko; Ivan Kabashnyi; A. Podkopaev; S. Chakraborty,10.1145/3704908,,Proc. ACM Program. Lang.,https://www.semanticscholar.org/paper/8f276e62845a150f8001ed955007208be9f2c3c3,3,40,semanticscholar,8f276e62845a150f8001ed955007208be9f2c3c3,CS001,S01,included,included
doi:10.1145/3715096,A Brookes-Style Denotational Semantics for Release/Acquire Concurrency,2025,2025-01-30,Yotam Dvir; Ohad Kammar; O. Lahav,10.1145/3715096,,ACM Transactions on Programming Languages and Systems,https://www.semanticscholar.org/paper/66568a12dff7ede36d3b8d33a2aff44bd2586e10,1,30,semanticscholar,66568a12dff7ede36d3b8d33a2aff44bd2586e10,CS001,S01,included,included
doi:10.1145/3716312,Will It Fit? Verifying Heap Space Bounds of Concurrent Programs under Garbage Collection,2025,2025-02-10,Alexandre Moine; Arthur Charguéraud; François Pottier,10.1145/3716312,,ACM Transactions on Programming Languages and Systems,https://www.semanticscholar.org/paper/9c4ed4611c94601635cfa30736fc28f8bd35b69c,2,48,seed-catalog;semanticscholar,9c4ed4611c94601635cfa30736fc28f8bd35b69c;DOI:10.1145/3716312,CS019;CS023,S29;S35,included,included
doi:10.1145/3719027.3765138,Generalized Security-Preserving Refinement for Concurrent Systems,2025,2025-11-10,Huan Sun; David Sanán; Jingyi Wang; Yongwang Zhao; Jun Sun; Wenhai Wang,10.1145/3719027.3765138,2511.06862,Conference on Computer and Communications Security,https://www.semanticscholar.org/paper/d1a118e6a5f74676a494549090b65e02a381b6af,1,56,semanticscholar,d1a118e6a5f74676a494549090b65e02a381b6af,CS014,S19,included,included
doi:10.1145/3720435,Soundness of Predictive Concurrency Analyses,2025,2025-04-09,Shuyang Liu; Doug Lea; J. Palsberg,10.1145/3720435,,Proc. ACM Program. Lang.,https://www.semanticscholar.org/paper/a7a81274f613973dcece45b7e1fb28211e589759,0,35,semanticscholar,a7a81274f613973dcece45b7e1fb28211e589759,CS001;CS002,S01;S02,included,included
doi:10.1145/3720525,"Lilo: A Higher-Order, Relational Concurrent Separation Logic for Liveness",2025,2025-04-09,Dongjae Lee; Janggun Lee; Taeyoung Yoon; Minki Cho; Jeehoon Kang; Chung-Kil Hur,10.1145/3720525,,Proc. ACM Program. Lang.,https://www.semanticscholar.org/paper/dee79b514bcabe27dc874d8dc5d9497129088d59,6,43,seed-catalog;semanticscholar,DOI:10.1145/3720525;dee79b514bcabe27dc874d8dc5d9497129088d59,CS002;CS006;CS007;CS010;CS011;CS014,S02;S07;S08;S14;S15;S19,included,included
doi:10.1145/3729246,Verifying General-Purpose RCU for Reclamation in Relaxed Memory Separation Logic,2025,2025-06-10,Jaehwang Jung; Sunho Park; Janggun Lee; Jeho Yeon; Jeehoon Kang,10.1145/3729246,,Proc. ACM Program. Lang.,https://www.semanticscholar.org/paper/c4f35adde3c9f7ca7ea4adc948e4bab526280f26,2,50,semanticscholar,c4f35adde3c9f7ca7ea4adc948e4bab526280f26,CS006;CS007;CS018,S07;S08;S28,included,included
doi:10.1145/3729248,Verifying Lock-Free Traversals in Relaxed Memory Separation Logic,2025,2025-06-10,Sunho Park; Jaehwang Jung; Janggun Lee; Jeehoon Kang,10.1145/3729248,,Proc. ACM Program. Lang.,https://www.semanticscholar.org/paper/d0b4ec1ed425e650bc27197e0cb4ed98dfd93594,1,55,semanticscholar,d0b4ec1ed425e650bc27197e0cb4ed98dfd93594,CS006;CS007;CS008,S07;S08;S09,included,included
doi:10.1145/3729250,Nola: Later-Free Ghost State for Verifying Termination in Iris,2025,2025-06-10,Yusuke Matsushita; Takeshi Tsukada,10.1145/3729250,,Proc. ACM Program. Lang.,https://www.semanticscholar.org/paper/be0f8c19a8f5d29b98ddbdddb3a01f2c450ac460,6,42,semanticscholar,be0f8c19a8f5d29b98ddbdddb3a01f2c450ac460,CS002;CS010;CS011,S02;S14;S15,included,included
doi:10.1145/3747512,Almost Fair Simulations,2025,2025-08-05,Arthur Correnson; Iona Kuhn; Bernd Finkbeiner,10.1145/3747512,2605.26698,Proc. ACM Program. Lang.,https://www.semanticscholar.org/paper/f935a22a6c01e7383a43b2d06d34c62682e8f9ca,2,20,semanticscholar,f935a22a6c01e7383a43b2d06d34c62682e8f9ca,CS002,S02,included,included
doi:10.1145/3747514,Modular Reasoning about Error Bounds for Concurrent Probabilistic Programs,2025,2025-03-06,Kwing Hei Li; Alejandro Aguirre; Simon Gregersen; Philipp G. Haselwarter; Joseph Tassarotti; Lars Birkedal,10.1145/3747514,2503.04512,Proc. ACM Program. Lang.,https://www.semanticscholar.org/paper/754e3ba12a12915b258489d94475f3e283d102e5,11,61,semanticscholar,754e3ba12a12915b258489d94475f3e283d102e5,CS023,S35,included,included
doi:10.1145/3763077,Towards Verifying Crash Consistency,2025,2025-10-09,Keonho Lee; Conan Truong; Brian Demsky,10.1145/3763077,,Proc. ACM Program. Lang.,https://www.semanticscholar.org/paper/cf2abecf30c71e87371fd5a1322cf0760fe89bdd,0,103,semanticscholar,cf2abecf30c71e87371fd5a1322cf0760fe89bdd,CS016;CS017;CS025;CS026,A27;A28;A30;S27,included,included
doi:10.1145/3763091,Structural Temporal Logic for Mechanized Program Verification,2024,2024-10-18,Eleftherios Ioannidis; Yannick Zakowski; Steve Zdancewic; Sebastian Angel,10.1145/3763091,2410.14906,Proc. ACM Program. Lang.,https://www.semanticscholar.org/paper/72835ba3387fb309a23007363f406e8f57399b80,3,72,semanticscholar,72835ba3387fb309a23007363f406e8f57399b80,CS002;CS014,S02;S19,included,included
doi:10.1145/3763123,Efficient Decrease-and-Conquer Linearizability Monitoring,2024,2024-10-06,Zheng Han Lee; Umang Mathur,10.1145/3763123,2410.04581,Proc. ACM Program. Lang.,https://www.semanticscholar.org/paper/f99f240e740168b26f3c289ccb37b0177df8f08e,4,61,semanticscholar,f99f240e740168b26f3c289ccb37b0177df8f08e,CS022,S33,included,included
doi:10.1145/3763134,Modal Abstractions for Virtualizing Memory Addresses,2023,2023-07-26,Ismail Kuru; Colin S. Gordon,10.1145/3763134,2307.14471,Proc. ACM Program. Lang.,https://www.semanticscholar.org/paper/36d186a1ed224de085a73db81dc149d566d9c2c9,1,96,semanticscholar,36d186a1ed224de085a73db81dc149d566d9c2c9,CS006,S07,included,included
doi:10.1145/3763138,Encode the ∀∃ Relational Hoare Logic into Standard Hoare Logic,2025,2025-04-24,Shushu Wu; Xiwei Wu; Qinxiang Cao,10.1145/3763138,2504.17444,Proc. ACM Program. Lang.,https://www.semanticscholar.org/paper/b9a403a7e8a8ad6aad939cc42f1d9e299a48c1f7,3,46,semanticscholar,b9a403a7e8a8ad6aad939cc42f1d9e299a48c1f7,CS014,S19,included,included
doi:10.1145/3764860.3768337,Modal Verification Patterns for Systems Software,2025,2025-06-02,Ismail Kuru; Colin S. Gordon,10.1145/3764860.3768337,2506.01719,PLOS@SOSP,https://www.semanticscholar.org/paper/31900aeed81875da206c399605286fa577269252,0,63,semanticscholar,31900aeed81875da206c399605286fa577269252,CS006,S07,included,included
doi:10.1145/3766061,Decidability of Liveness on the TSO Memory Model,2026,2026-02-13,Chao Wang; G. Petri; Yi Lv; Teng Long; Xinhang Song; Zhiming Liu,10.1145/3766061,2107.09930,Formal Aspects Comput.,https://www.semanticscholar.org/paper/334719f548fae46c6116d7a5bcd8792642386290,1,41,seed-catalog;semanticscholar,334719f548fae46c6116d7a5bcd8792642386290;DOI:10.1145/3766061,CS001;CS029;CS031,S01;S42;S45,included,included
doi:10.1145/3776668,All for One and One for All: Program Logics for Exploiting Internal Determinism in Parallel Programs,2025,2025-11-28,Alexandre Moine; Sam Westrick; Joseph Tassarotti,10.1145/3776668,2511.23283,Proc. ACM Program. Lang.,https://www.semanticscholar.org/paper/a11416aedfadad4fb48ef5877971f643fb8d586f,1,50,semanticscholar,a11416aedfadad4fb48ef5877971f643fb8d586f,CS014,S19,included,included
doi:10.1145/3776680,Parametrised Verification of Intel-x86 Programs,2026,2026-01-08,P. Abdulla; M. Atig; A. Bouajjani; K. N. Kumar; Prakash Saivasan,10.1145/3776680,,Proc. ACM Program. Lang.,https://www.semanticscholar.org/paper/318cc6d61495572ccfbf2c6024a20283485a434c,0,39,semanticscholar,318cc6d61495572ccfbf2c6024a20283485a434c,CS001,S01,included,included
doi:10.1145/3776687,Recurrence Sets for Proving Fair Non-termination under Axiomatic Memory Consistency Models,2026,2026-01-08,Thomas Haas; Roland Meyer; Hernán Ponce de León; Andrés Lomelí Garduño,10.1145/3776687,,Proc. ACM Program. Lang.,https://www.semanticscholar.org/paper/cc2d712b5c5e42606339033448fa671f7937ba65,2,50,seed-catalog;semanticscholar,DOI:10.1145/3776687;cc2d712b5c5e42606339033448fa671f7937ba65,CS001;CS004,S01;S05,included,included
doi:10.1145/3776713,A Verified High-Performance Composable Object Library for Remote Direct Memory Access,2026,2026-01-08,Guillaume Ambal; G. Hodgkins; Mark Madler; Gregory V. Chockler; Brijesh Dongol; Joseph Izraelevitz; A. Raad; Viktor Vafeiadis,10.1145/3776713,,Proc. ACM Program. Lang.,https://www.semanticscholar.org/paper/8da70097f4a2bb001521296cccd34e9664b79b5f,0,81,semanticscholar,8da70097f4a2bb001521296cccd34e9664b79b5f,CS022,S33,included,included
doi:10.1145/3779031.3779095,Building Blocks for Step-Indexed Program Logics,2026,2026-01-08,Thomas Somers; Jonas Kastberg Hinrichsen; Lennard Gäher; Robbert Krebbers,10.1145/3779031.3779095,,Certified Programs and Proofs,https://www.semanticscholar.org/paper/868f36be4f4ab46f90050dadba78c0c3f79d0b02,0,54,semanticscholar,868f36be4f4ab46f90050dadba78c0c3f79d0b02,CS010,S14,included,included
doi:10.1145/3783996,A Brief History of Formal Methods in China,2025,2025-12-18,Naijun Zhan; Jim Woodcock; Ji Wang; Mingshuai Chen,10.1145/3783996,,Formal Aspects of Computing,https://www.semanticscholar.org/paper/d282f0bc3187a47dcfcadfafc177396279702b20,5,383,semanticscholar,d282f0bc3187a47dcfcadfafc177396279702b20,CS014,S19,included,included
doi:10.1145/378580.378611,"A simple, fast and scalable non-blocking concurrent FIFO queue for shared memory multiprocessor systems",2001,2001-07-03,P. Tsigas; Yi Zhang,10.1145/378580.378611,,ACM Symposium on Parallelism in Algorithms and Architectures,https://www.semanticscholar.org/paper/60eca1aa7e27e9b67da27c7ff41014ab07f3dad5,147,19,semanticscholar,60eca1aa7e27e9b67da27c7ff41014ab07f3dad5,CS030,S44,included,included
doi:10.1145/3786762,An Axiomatic Basis for Computer Programming on Relaxed Hardware Architectures: The AxSL Logics,2026,2026-01-19,Zong-Chao Liu; Angus Hammond; Thibaut Pérami; Peter Sewell; Lars Birkedal; Jean Pichon-Pharabod,10.1145/3786762,,ACM Transactions on Programming Languages and Systems,https://www.semanticscholar.org/paper/375a9faf0c364a8075248e5bcf68cc1294dac24d,0,49,semanticscholar,375a9faf0c364a8075248e5bcf68cc1294dac24d,CS006;CS026,S07;S27,included,included
doi:10.1145/3798240,Lawyer: Modular Obligations-Based Liveness Reasoning in Higher-Order Impredicative Concurrent Separation Logic,2026,2026-04-10,Egor Namakonov; Justus Fasse; Bart Jacobs; Lars Birkedal; Amin Timany,10.1145/3798240,,Proceedings of the ACM on Programming Languages,https://www.semanticscholar.org/paper/8a8d750e1a0c7a29ce28da0358b08593c8a48ab9,2,39,seed-catalog;semanticscholar,8a8d750e1a0c7a29ce28da0358b08593c8a48ab9;DOI:10.1145/3798240,CS002;CS010;CS011;CS014,S02;S14;S15;S19,included,included
doi:10.1145/3808297,SIMT-Step Execution: A Flexible Operational Semantics for GPU Subgroup Behavior,2026,2026-06-08,Zheyuan Chen; Naomi Rehman; Guido Martínez; Tyler Sorensen,10.1145/3808297,,Proceedings of the ACM on Programming Languages,https://www.semanticscholar.org/paper/9f1ee5f674e2cd77ca081baf52b8f0be2c642d4b,2,49,semanticscholar,9f1ee5f674e2cd77ca081baf52b8f0be2c642d4b,CS004,S05,included,included
doi:10.1145/3808315,Fixed Parameter Tractable Linearizability Monitoring,2025,2025-06-08,Zheng Han Lee; Umang Mathur,10.1145/3808315,2509.05586,Proceedings of the ACM on Programming Languages,https://www.semanticscholar.org/paper/682645cd14bd285a148bbbb8e064d58802b27d6f,0,74,semanticscholar,682645cd14bd285a148bbbb8e064d58802b27d6f,CS022,S33,included,included
doi:10.1145/3808337,A Verified Parallel Scheduler for OCaml 5,2026,2026-06-08,C. Allain; Gabriel Scherer,10.1145/3808337,,Proceedings of the ACM on Programming Languages,https://www.semanticscholar.org/paper/171d81eeb33489490b89d427f516ab7d7e61496f,0,51,semanticscholar,171d81eeb33489490b89d427f516ab7d7e61496f,CS016,A27,included,included
doi:10.1145/3828679,A Separation Logic for Parallel Time Complexity with Work and Span Credits,2026,2026-07-13,Alexandre Moine; Sam Westrick; Joseph Tassarotti,10.1145/3828679,2607.11582,,https://www.semanticscholar.org/paper/468d4c1af8fb465c1b753474e04bbc1eb23a9fdd,1,58,semanticscholar,468d4c1af8fb465c1b753474e04bbc1eb23a9fdd,CS016;CS017;CS019,A27;A28;S29,included,included
doi:10.1145/383962.384054,Correction: practical implementations of non-blocking synchronization primitives,2001,2001-08-01,Mark Moir,10.1145/383962.384054,,ACM SIGACT-SIGOPS Symposium on Principles of Distributed Computing,https://www.semanticscholar.org/paper/e53f2231a37a26eb9bb2055717f6ad253dd6d103,2,1,semanticscholar,e53f2231a37a26eb9bb2055717f6ad253dd6d103,CS030,S44,included,included
doi:10.1145/41625.41627,Axioms for concurrent objects,1987,1987-10-01,M. Herlihy; Jeannette M. Wing,10.1145/41625.41627,,ACM-SIGACT Symposium on Principles of Programming Languages,https://www.semanticscholar.org/paper/b8f530312698a4d2053815b2d5a25d6cee5933c3,202,26,semanticscholar,b8f530312698a4d2053815b2d5a25d6cee5933c3,CS030,S44,included,included
doi:10.1145/41840.41865,Avoiding the state explosion problem in temporal logic model checking,1987,1987-12-01,E. Clarke; O. Grumberg,10.1145/41840.41865,,ACM SIGACT-SIGOPS Symposium on Principles of Distributed Computing,https://www.semanticscholar.org/paper/3d7a805d4b69ee74fe2214510bebe6982a1af4a2,162,24,semanticscholar,3d7a805d4b69ee74fe2214510bebe6982a1af4a2,CS030,S44,included,included
doi:10.1145/4904.4999,“Sometimes” and “not never” revisited: on branching versus linear time temporal logic,1986,1986-01-02,E. Emerson; Joseph Y. Halpern,10.1145/4904.4999,,JACM,https://www.semanticscholar.org/paper/ffa3ba4cb713ab3b2c33c6071d2f74fb0a3a00b6,1144,37,semanticscholar,ffa3ba4cb713ab3b2c33c6071d2f74fb0a3a00b6,CS030,S44,included,included
doi:10.1145/504709.504712,An indexed model of recursive types for foundational proof-carrying code,2001,2001-09-01,A. Appel; David A. McAllester,10.1145/504709.504712,,TOPL,https://www.semanticscholar.org/paper/eadb9b310be2f99ca6fc1e21f187f2681c0d4868,409,33,semanticscholar,eadb9b310be2f99ca6fc1e21f187f2681c0d4868,CS011;CS012,S15;S16,included,included
doi:10.1145/512950.512973,Abstract interpretation: a unified lattice model for static analysis of programs by construction or approximation of fixpoints,1977,1977-01-01,P. Cousot; R. Cousot,10.1145/512950.512973,,ACM-SIGACT Symposium on Principles of Programming Languages,https://www.semanticscholar.org/paper/5fbf739032dd548c1ff189e7333f05e215906a1b,6629,28,semanticscholar,5fbf739032dd548c1ff189e7333f05e215906a1b,CS030,S44,included,included
doi:10.1145/5397.5399,Automatic verification of finite-state concurrent systems using temporal logic specifications,1986,1986-04-01,E. Clarke; E. Emerson; A. Sistla,10.1145/5397.5399,,ACM Transactions on Programming Languages and Systems,https://www.semanticscholar.org/paper/8b007f9bb907620e2dabda17ae09d8d239e7ff44,4000,19,semanticscholar,8b007f9bb907620e2dabda17ae09d8d239e7ff44,CS030,S44,included,included
doi:10.1145/53990.53993,Detecting conflicts between structure accesses,1988,1988-06-01,J. Larus; P. Hilfinger,10.1145/53990.53993,,ACM-SIGPLAN Symposium on Programming Language Design and Implementation,https://www.semanticscholar.org/paper/3d65e1276236bcdc0d2a05310c6d6cc2f1f9e2a5,276,18,semanticscholar,3d65e1276236bcdc0d2a05310c6d6cc2f1f9e2a5,CS030,S44,included,included
doi:10.1145/53990.54010,Higher-order abstract syntax,1988,1988-06-01,F. Pfenning; Conal Elliott,10.1145/53990.54010,,ACM-SIGPLAN Symposium on Programming Language Design and Implementation,https://www.semanticscholar.org/paper/f11d05e34169727dd45c1429c4f75e99e7ccdb0c,860,17,semanticscholar,f11d05e34169727dd45c1429c4f75e99e7ccdb0c,CS010,S14,included,included
doi:10.1145/564870.564881,High performance dynamic lock-free hash tables and list-based sets,2002,2002-08-10,Maged M. Michael,10.1145/564870.564881,,ACM Symposium on Parallelism in Algorithms and Architectures,https://www.semanticscholar.org/paper/fb47306b9007a2a901f7214e2a9b2005f20ed4b7,468,26,semanticscholar,fb47306b9007a2a901f7214e2a9b2005f20ed4b7,CS019;CS022,S29;S33,included,included
doi:10.1145/567752.567778,Systematic design of program analysis frameworks,1979,1979-01-01,P. Cousot; R. Cousot,10.1145/567752.567778,,ACM-SIGACT Symposium on Principles of Programming Languages,https://www.semanticscholar.org/paper/37179bfc4836890a32950ea2fb74795823284362,1879,41,semanticscholar,37179bfc4836890a32950ea2fb74795823284362,CS030,S44,included,included
doi:10.1145/571825.571829,Safe memory reclamation for dynamic lock-free objects using atomic reads and writes,2002,2002-07-21,Maged M. Michael,10.1145/571825.571829,,ACM SIGACT-SIGOPS Symposium on Principles of Distributed Computing,https://www.semanticscholar.org/paper/0ced2ecad932ec86aaa043f9b3ec0d9c6e88fbb5,141,26,semanticscholar,0ced2ecad932ec86aaa043f9b3ec0d9c6e88fbb5,CS030,S44,included,included
doi:10.1145/571825.571847,Dynamic-sized lock-free data structures,2002,2002-07-21,Maurice Herlihy; Victor Luchangco; P. Martin; Mark Moir,10.1145/571825.571847,,ACM SIGACT-SIGOPS Symposium on Principles of Distributed Computing,https://www.semanticscholar.org/paper/6916ed8fbf8c6b10ea09bba0f29d9f45cc9ad90a,23,9,semanticscholar,6916ed8fbf8c6b10ea09bba0f29d9f45cc9ad90a,CS030,S44,included,included
doi:10.1145/582153.582161,A flexible approach to interprocedural data flow analysis and programs with recursive data structures,1982,1982-01-25,N. Jones; S. S. Muchnick,10.1145/582153.582161,,ACM-SIGACT Symposium on Principles of Programming Languages,https://www.semanticscholar.org/paper/9ae699b2ba9834661901f1a255a161520a9b3d6e,222,17,semanticscholar,9ae699b2ba9834661901f1a255a161520a9b3d6e,CS030,S44,included,included
doi:10.1145/604131.604148,Static prediction of heap space usage for first-order functional programs,2003,2003-01-15,M. Hofmann; Steffen Jost,10.1145/604131.604148,,ACM-SIGACT Symposium on Principles of Programming Languages,https://www.semanticscholar.org/paper/83296e471f97e890106012667cfa4a6ad46419fe,392,20,semanticscholar,83296e471f97e890106012667cfa4a6ad46419fe,CS019;CS023,S29;S35,included,included
doi:10.1145/73141.74821,Dependence analysis for pointer variables,1989,1989-06-21,Susan Horwitz; Phil Pfeiffer; T. Reps,10.1145/73141.74821,,ACM-SIGPLAN Symposium on Programming Language Design and Implementation,https://www.semanticscholar.org/paper/e4ca66fcd473def1deb8973d1af8d56d546d34dc,265,23,semanticscholar,e4ca66fcd473def1deb8973d1af8d56d546d34dc,CS030,S44,included,included
doi:10.1145/78969.78972,Linearizability: a correctness condition for concurrent objects,1990,1990-07-01,M. Herlihy; Jeannette M. Wing,10.1145/78969.78972,,ACM Transactions on Programming Languages and Systems,https://www.semanticscholar.org/paper/8acb61984986540cda5d7da2a9cff819b245751f,3597,46,semanticscholar,8acb61984986540cda5d7da2a9cff819b245751f,CS006;CS007;CS008;CS011;CS019;CS022;CS023;CS030,S07;S08;S09;S15;S29;S33;S35;S44,included,included
doi:10.1145/800070.802189,The complexity of propositional linear temporal logics,1982,1982-05-05,A. Sistla; E. Clarke,10.1145/800070.802189,,Symposium on the Theory of Computing,https://www.semanticscholar.org/paper/dcd30f97874b2c820eb6bbf9cbc7c97ed83035d6,922,13,semanticscholar,dcd30f97874b2c820eb6bbf9cbc7c97ed83035d6,CS030,S44,included,included
doi:10.1145/872035.872048,Software transactional memory for dynamic-sized data structures,2003,2003-07-13,Maurice Herlihy; Victor Luchangco; Mark Moir; William N. Scherer,10.1145/872035.872048,,ACM SIGACT-SIGOPS Symposium on Principles of Distributed Computing,https://www.semanticscholar.org/paper/15bd6b8fef588739a3ebd7bd62a07e48270422bb,1096,19,semanticscholar,15bd6b8fef588739a3ebd7bd62a07e48270422bb,CS031,S45,included,included
doi:10.1145/872035.872078,Efficient and practical constructions of LL/SC variables,2003,2003-07-13,Prasad Jayanti; S. Petrovic,10.1145/872035.872078,,ACM SIGACT-SIGOPS Symposium on Principles of Distributed Computing,https://www.semanticscholar.org/paper/b51264373e2719628e263ef545966d47cdb2ce19,52,42,semanticscholar,b51264373e2719628e263ef545966d47cdb2ce19,CS030,S44,included,included
doi:10.1145/876638.876643,Counterexample-guided abstraction refinement for symbolic model checking,2003,2003-09-01,E. Clarke; O. Grumberg; S. Jha; Yuan Lu; H. Veith,10.1145/876638.876643,,JACM,https://www.semanticscholar.org/paper/d859b6698969b788bd25bc2abd96e6e57e341bea,1116,111,semanticscholar,d859b6698969b788bd25bc2abd96e6e57e341bea,CS030,S44,included,included
doi:10.1145/93542.93585,Analysis of pointers and structures,1990,,David R. Chase; M. Wegman; F. K. Zadeck,10.1145/93542.93585,,ACM-SIGPLAN Symposium on Programming Language Design and Implementation,https://www.semanticscholar.org/paper/a31ae6e54fa4de427ff96af4e1e3f5b4c2381e9b,596,33,semanticscholar,a31ae6e54fa4de427ff96af4e1e3f5b4c2381e9b,CS030,S44,included,included
doi:10.1147/sj.442.0399,The Jikes Research Virtual Machine project: Building an open-source research community,2005,2005-01-21,B. Alpern; S. Augart; S. Blackburn; M. Butrico; A. Cocchi; P. Cheng; Julian T Dolby; Stephen J. Fink; D. Grove; M. Hind; K. McKinley; M. Mergen; J. Moss; T. Ngo; Vivek Sarkar; M. Trapp,10.1147/sj.442.0399,,IBM Systems Journal,https://www.semanticscholar.org/paper/52eee82594982f3c6ba7f0385a78002868fa30cb,268,29,semanticscholar,52eee82594982f3c6ba7f0385a78002868fa30cb,CS019,S29,included,included
doi:10.11591/ijeecs.v17.i2.pp1109-1116,Cloud computing based load balancing algorithm for erlang concurrent traffic,2020,2020-02-01,C. Jittawiriyanukoon,10.11591/ijeecs.v17.i2.pp1109-1116,,Indonesian Journal of Electrical Engineering and Computer Science,https://www.semanticscholar.org/paper/7cfe8d8a8ce63288bfdab0243bb15bc423addc60,3,29,semanticscholar,7cfe8d8a8ce63288bfdab0243bb15bc423addc60,CS014,S19,included,included
doi:10.1184/r1/6608579.v1,Prefix sums and their applications,1990,,G. Blelloch,10.1184/r1/6608579.v1,,,https://www.semanticscholar.org/paper/ec0bc920662693375a881d8beb8c97bf08281dba,720,34,semanticscholar,ec0bc920662693375a881d8beb8c97bf08281dba,CS004;CS023,S05;S35,included,included
doi:10.1201/9781420086836.ch15,"Past, present--and future?",2005,,D. Holdstock,10.1201/9781420086836.ch15,,"Medicine, Conflict and Survival",https://www.semanticscholar.org/paper/62d67de6f8d7f48528e1d1801365c252996e2269,8033,0,semanticscholar,62d67de6f8d7f48528e1d1801365c252996e2269,CS030,S44,included,included
doi:10.1201/b12403-15,Q Instruction Set Architecture,2008,,ArchitectureJohn A. Watlington,10.1201/b12403-15,,,https://www.semanticscholar.org/paper/b12845fe6a0d03f1d25bacd3722746fc08f4d619,2,7,semanticscholar,b12845fe6a0d03f1d25bacd3722746fc08f4d619,CS031,S45,included,included
doi:10.14279/tuj.eceasst.53.795,Proving Linearizability of Multiset with Local Proof Obligations,2013,2013-01-28,Oleg Travkin; H. Wehrheim; G. Schellhorn,10.14279/tuj.eceasst.53.795,,Electronic Communication of The European Association of Software Science and Technology,https://www.semanticscholar.org/paper/9520840c765396c4b92cb7af0b4d539719bd0656,4,14,semanticscholar,9520840c765396c4b92cb7af0b4d539719bd0656,CS018;CS027,S28;S38,included,included
doi:10.14279/tuj.eceasst.66.885,Compositional Verification of a Lock-Free Stack with RGITL,2013,,,10.14279/tuj.eceasst.66.885,,,,,,seed-catalog,DOI:10.14279/tuj.eceasst.66.885,CS015,S20,included,included
doi:10.1515/ebr.lawyer,lawyer,2023,2023-01-24,Геннадий Александрович Осипов; М. Р. Мугу,10.1515/ebr.lawyer,,"Вестник Адыгейского государственного университета, серия «Филология и искусствоведение»",https://www.semanticscholar.org/paper/54d5dea221c90b10d2754fa2a81a84d8f721d411,11,0,semanticscholar,54d5dea221c90b10d2754fa2a81a84d8f721d411,CS011,S15,included,included
doi:10.17863/cam.11791,Concurrent verification for sequential programs,2013,2013-07-09,John Wickerson,10.17863/cam.11791,,,https://www.semanticscholar.org/paper/da862cbd5d3c7a91add858bc2b59d282e8c37701,7,74,semanticscholar,da862cbd5d3c7a91add858bc2b59d282e8c37701,CS009,S10,included,included
doi:10.18154/rwth-2017-08297,Industrial Applications of Probabilistic Model Checking- A Model-based Approach for Embedded Networked Systems and Concurrent Data Structures -,2017,,Hao-cun. Wu,10.18154/rwth-2017-08297,,,https://www.semanticscholar.org/paper/8b6e8a760a74f3e8c7d4bf2f47938c328aec3243,1,112,semanticscholar,8b6e8a760a74f3e8c7d4bf2f47938c328aec3243,CS018,S28,included,included
doi:10.18255/1818-1015-2026-2-122-149,Building operational semantics of programming languages as executable ontological models of programs,2026,2026-06-18,Igor S. Anureev; N. Garanina; D. Kondratyev; Sergei P. Gorlatch,10.18255/1818-1015-2026-2-122-149,,Modeling and Analysis of Information Systems,https://www.semanticscholar.org/paper/dd3450d539d14b4a07e1aed0dca8ac1db0675441,0,13,semanticscholar,dd3450d539d14b4a07e1aed0dca8ac1db0675441,CS002,S02,included,included
doi:10.20868/upm.thesis.37874,Formal Verification of Temporal Properties for Parametrized Concurrent Programs and Concurrent Data Structures,2015,2015-09-25,A. Sánchez,10.20868/upm.thesis.37874,,,https://www.semanticscholar.org/paper/9d5cfcc5fc01c23b33dfe6a134a18a9255b3e7cd,2,199,semanticscholar,9d5cfcc5fc01c23b33dfe6a134a18a9255b3e7cd,CS009,S10,included,included
doi:10.2168/lmcs-11(1:20)2015,Aspect-Oriented Linearizability Proofs,2013,2013-08-27,S. Chakraborty; T. Henzinger; A. Sezgin; Viktor Vafeiadis,10.2168/lmcs-11(1:20)2015,1502.07639,International Conference on Concurrency Theory,https://www.semanticscholar.org/paper/f768749eaeaa287684d307f638e8a766fcaa703e,81,21,semanticscholar,f768749eaeaa287684d307f638e8a766fcaa703e,CS022;CS028,S33;S40,included,included
doi:10.2168/lmcs-2(1:6)2006,Extending the theory of Owicki and Gries with a logic of progress,2005,2005-12-02,Brijesh Dongol; D. Goldson,10.2168/lmcs-2(1:6)2006,cs/0512012,Log. Methods Comput. Sci.,https://www.semanticscholar.org/paper/4aabc6e4e94abce87a3a8669a71c52c32f1ba357,19,27,semanticscholar,4aabc6e4e94abce87a3a8669a71c52c32f1ba357,CS030,S44,included,included
doi:10.2168/lmcs-5(2:12)2009,Simulating Reachability Using First-Order Logic with Applications to Verification of Linked Data Structures,2005,2005-07-22,T. Lev-Ami; N. Immerman; T. Reps; Shmuel Sagiv; Siddharth Srivastava; G. Yorsh,10.2168/lmcs-5(2:12)2009,0904.4902,CADE,https://www.semanticscholar.org/paper/7e4084f8986b195b370524811a019577719bf8b5,95,40,semanticscholar,7e4084f8986b195b370524811a019577719bf8b5,CS030,S44,included,included
doi:10.2168/lmcs-7(2:16)2011,Logical Step-Indexed Logical Relations,2009,2009-08-11,Derek Dreyer; Amal Ahmed; L. Birkedal,10.2168/lmcs-7(2:16)2011,1103.0510,2009 24th Annual IEEE Symposium on Logic In Computer Science,https://www.semanticscholar.org/paper/47658d7b9b570b4fb76bd297d9b83bed15be4b9b,136,43,semanticscholar,47658d7b9b570b4fb76bd297d9b83bed15be4b9b,CS012,S16,included,included
doi:10.2168/lmcs-7(2:17)2011,Amortised Resource Analysis with Separation Logic,2010,2010-03-20,R. Atkey,10.2168/lmcs-7(2:17)2011,1104.1998,European Symposium on Programming,https://www.semanticscholar.org/paper/e750bc01dcb589553095496b8a1705a0eb09cff8,127,27,semanticscholar,e750bc01dcb589553095496b8a1705a0eb09cff8,CS023,S35,included,included
doi:10.2168/lmcs-8(4:1)2012,First Steps in Synthetic Guarded Domain Theory: Step-Indexing in the Topos of Trees,2011,2011-06-21,L. Birkedal; R. E. Møgelberg; Jan Schwinghammer; K. Støvring,10.2168/lmcs-8(4:1)2012,1208.3596,2011 IEEE 26th Annual Symposium on Logic in Computer Science,https://www.semanticscholar.org/paper/06d27d0ea28835a4e40333052eb71875fa9995a5,175,63,semanticscholar,06d27d0ea28835a4e40333052eb71875fa9995a5,CS012,S16,included,included
doi:10.2307/1968168,Characteristic Functions and the Algebra of Logic,1933,1933-07-01,H. Whitney,10.2307/1968168,,,https://www.semanticscholar.org/paper/b15534cb44092880466cb9c78c104bca8c100ab9,27,0,semanticscholar,b15534cb44092880466cb9c78c104bca8c100ab9,CS019,S29,included,included
doi:10.2312/eggh/eggh07/097-106,Scan primitives for GPU computing,2007,2007-08-04,Shubhabrata Sengupta; Mark J. Harris; Yao Zhang; John Douglas Owens,10.2312/eggh/eggh07/097-106,,GH '07,https://www.semanticscholar.org/paper/ec88941835c88a2956fc84c9e7cfd6dedf1b36f6,653,24,semanticscholar,ec88941835c88a2956fc84c9e7cfd6dedf1b36f6,CS004,S05,included,included
doi:10.23919/fmcad.2018.8603020,Rely-Guarantee Reasoning for Automated Bound Analysis of Lock-Free Algorithms,2018,2018-10-01,Thomas Pani; Georg Weissenbacher; Florian Zuleger,10.23919/fmcad.2018.8603020,,Formal Methods in Computer-Aided Design,https://www.semanticscholar.org/paper/c715015578bdf4cd4a18ee4f7fa77dbf5b476fb1,5,32,semanticscholar,c715015578bdf4cd4a18ee4f7fa77dbf5b476fb1,CS009;CS017;CS028;CS029,A28;S10;S40;S42,included,included
doi:10.23919/fmcad.2018.8603021,BMC with Memory Models as Modules,2018,2018-10-01,Hernán Ponce de León; Florian Furbach; Keijo Heljanko; R. Meyer,10.23919/fmcad.2018.8603021,,Formal Methods in Computer-Aided Design,https://www.semanticscholar.org/paper/bb8a2d04ea0a731a314474f636b919a3525afecd,19,52,semanticscholar,bb8a2d04ea0a731a314474f636b919a3525afecd,CS004,S05,included,included
doi:10.25560/47923,Reasoning with time and data abstractions,2016,,Pedro da Rocha Pinto,10.25560/47923,,,https://www.semanticscholar.org/paper/0fe0e91f680a04abc96787ac37c9206de6dc3053,11,64,semanticscholar,0fe0e91f680a04abc96787ac37c9206de6dc3053,CS009;CS010;CS013;CS014;CS016;CS017,A27;A28;S10;S14;S17;S19,included,included
doi:10.26686/wgtn.16969549.v1,The Design and Verification of Dynamic-sized Nonblocking Data Structures,2010,,Simon Doherty,10.26686/wgtn.16969549.v1,,,https://www.semanticscholar.org/paper/57b24c4e80dd675d4a29634b34974fee37c70306,1,1,semanticscholar,57b24c4e80dd675d4a29634b34974fee37c70306,CS030,S44,included,included
doi:10.26686/wgtn.17004076,On the Use of Model Checking for the Bounded and Unbounded Verification of Nonblocking Concurrent Data Structures,2013,,D. Friggens,10.26686/wgtn.17004076,,,https://www.semanticscholar.org/paper/39073bfbe27e5411ef5262f9c6d9e3225dacec26,4,221,seed-catalog;semanticscholar,39073bfbe27e5411ef5262f9c6d9e3225dacec26;DOI:10.26686/wgtn.17004076,CS024;CS025;CS030,A29;A30;S44,included,included
doi:10.29007/n3nk,A simple proof system for lock-free concurrency,2010,,Luís Caires; Carla Ferreira; A. Ravara,10.29007/n3nk,,PSPL@LICS,https://www.semanticscholar.org/paper/73fe887ed6ab92ef71a9284e7b1357b1c2a63e84,0,8,semanticscholar,73fe887ed6ab92ef71a9284e7b1357b1c2a63e84,CS009,S10,included,included
doi:10.29007/xkwx,Automatic Space Bound Analysis for Functional Programs with Garbage Collection,2018,2018-10-23,Yue Niu; Jan Hoffmann,10.29007/xkwx,,Logic Programming and Automated Reasoning,https://www.semanticscholar.org/paper/47f4cb40e8cc00d6947ddc6f298059162c7e39bd,16,42,semanticscholar,47f4cb40e8cc00d6947ddc6f298059162c7e39bd,CS019;CS023,S29;S35,included,included
doi:10.31274/etd-180810-4603,Formal foundations for hybrid effect analysis,2016,,Yuheng Long,10.31274/etd-180810-4603,,,https://www.semanticscholar.org/paper/6adf7d93d09fa28824bb5d65c95f17b6252e1b06,0,120,semanticscholar,6adf7d93d09fa28824bb5d65c95f17b6252e1b06,CS009,S10,included,included
doi:10.3217/jucs-011-05-0744,Formal Construction of a Non-blocking Concurrent Queue Algorithm (a Case Study in Atomicity),2005,,J. Abrial; Dominique Cansell,10.3217/jucs-011-05-0744,,Journal of universal computer science (Online),https://www.semanticscholar.org/paper/c30ddeb525bceeb632284ace32a2ca9a86066f1b,39,8,semanticscholar,c30ddeb525bceeb632284ace32a2ca9a86066f1b,CS030,S44,included,included
doi:10.3217/jucs-015-01-0072,Reasoning about Nonblocking Concurrency,2009,,Lindsay J. Groves,10.3217/jucs-015-01-0072,,Journal of universal computer science (Online),https://www.semanticscholar.org/paper/18d3bf269679f44c5202106753d13eebdc11af72,5,55,semanticscholar,18d3bf269679f44c5202106753d13eebdc11af72,CS027,S38,included,included
doi:10.34727/2021/isbn.978-3-85448-046-4_23,The Civl Verifier,2021,2021-10-19,Bernhard Kragl; S. Qadeer,10.34727/2021/isbn.978-3-85448-046-4_23,,Formal Methods in Computer-Aided Design,https://www.semanticscholar.org/paper/0a97c3c1fcd36c9deb6615dfbc4fe20bb91ae07d,19,36,semanticscholar,0a97c3c1fcd36c9deb6615dfbc4fe20bb91ae07d,CS010,S14,included,included
doi:10.4135/9781473915077.n19,Fairness,1988,,L. Priese,10.4135/9781473915077.n19,,Bull. EATCS,https://www.semanticscholar.org/paper/5f0b03f6a6c655eecc818d5c3f425b6003fe1dae,623,3,semanticscholar,5f0b03f6a6c655eecc818d5c3f425b6003fe1dae,CS001,S01,included,included
doi:10.4204/eptcs.289.1,Reducing Total Correctness to Partial Correctness by a Transformation of the Language Semantics,2019,2019-02-22,Andrei-Sebastian Buruiana; Ștefan Ciobâcă,10.4204/eptcs.289.1,1902.08419,WPTE@FSCD,https://www.semanticscholar.org/paper/817a2fe6eb3fbcc87c0cf7ea172af3693eebb144,3,27,semanticscholar,817a2fe6eb3fbcc87c0cf7ea172af3693eebb144,CS013,S17,included,included
doi:10.4230/darts.3.2.15,Strong Logic for Weak Memory: Reasoning About Release-Acquire Consistency in Iris (Artifact),2017,,Jan-Oliver Kaiser; Hoang-Hai Dang; Derek Dreyer; O. Lahav; Viktor Vafeiadis,10.4230/darts.3.2.15,,Dagstuhl Artifacts Ser.,https://www.semanticscholar.org/paper/e40c313a79290db2ec842a52b9d1684db1b6cd67,110,34,semanticscholar,e40c313a79290db2ec842a52b9d1684db1b6cd67,CS001;CS006;CS008;CS026,S01;S07;S09;S27,included,included
doi:10.4230/darts.6.2.15,Owicki-Gries Reasoning for C11 RAR (Artifact),2020,,Sadegh Dalvandi; Simon Doherty; Brijesh Dongol; H. Wehrheim,10.4230/darts.6.2.15,,Dagstuhl Artifacts Ser.,https://www.semanticscholar.org/paper/5e7b03f596d1a9fb990c939c49d93008721d1b49,4,1,semanticscholar,5e7b03f596d1a9fb990c939c49d93008721d1b49,CS008,S09,included,included
doi:10.4230/lipics.concur.2015.58,A Framework for Transactional Consistency Models with Atomic Visibility,2015,,A. Cerone; G. Bernardi; Alexey Gotsman,10.4230/lipics.concur.2015.58,,International Conference on Concurrency Theory,https://www.semanticscholar.org/paper/8119a054c1a3f3b108842876aa889741ab059e90,112,25,semanticscholar,8119a054c1a3f3b108842876aa889741ab059e90,CS001,S01,included,included
doi:10.4230/lipics.concur.2016.6,Local Linearizability for Concurrent Container-Type Data Structures,2016,2016-08-01,Andreas Haas; T. Henzinger; Andreas Holzer; C. Kirsch; Michael Lippautz; H. Payer; A. Sezgin; A. Sokolova; H. Veith,10.4230/lipics.concur.2016.6,,International Conference on Concurrency Theory,https://www.semanticscholar.org/paper/a6b71b7c047ae5d97996b723b67f70966b6aaa11,22,40,semanticscholar,a6b71b7c047ae5d97996b723b67f70966b6aaa11,CS006,S07,included,included
doi:10.4230/lipics.concur.2018.23,GPU Schedulers: How Fair Is Fair Enough?,2018,2018-08-13,Tyler Sorensen; Hugues Evrard; Alastair F. Donaldson,10.4230/lipics.concur.2018.23,,International Conference on Concurrency Theory,https://www.semanticscholar.org/paper/da62b4d6a01b6c855a64498c5f5d5ebbad5b02dd,13,21,semanticscholar,da62b4d6a01b6c855a64498c5f5d5ebbad5b02dd,CS004,S05,included,included
doi:10.4230/lipics.concur.2022.31,Weak Progressive Forward Simulation Is Necessary and Sufficient for Strong Observational Refinement,2022,,Brijesh Dongol; G. Schellhorn; H. Wehrheim,10.4230/lipics.concur.2022.31,,International Conference on Concurrency Theory,https://www.semanticscholar.org/paper/cdf79b2e0e142bfcf7322c42e1231126aa38cfef,7,35,semanticscholar,cdf79b2e0e142bfcf7322c42e1231126aa38cfef,CS025,A30,included,included
doi:10.4230/lipics.csl.2015.325,Sub-classical Boolean Bunched Logics and the Meaning of Par,2015,,J. Brotherston; Jules Villard,10.4230/lipics.csl.2015.325,,Annual Conference for Computer Science Logic,https://www.semanticscholar.org/paper/51ecff74edb71ab6d917bd015cdad879f77a513a,15,24,semanticscholar,51ecff74edb71ab6d917bd015cdad879f77a513a,CS009,S10,included,included
doi:10.4230/lipics.disc.2017.23,Consistency models with global operation sequencing and their composition (extended version),2017,2017-07-28,Alexey Gotsman; S. Burckhardt,10.4230/lipics.disc.2017.23,1707.09242,International Symposium on Distributed Computing,https://www.semanticscholar.org/paper/540890501c622d87002d424d441ae7a5860c316c,15,29,semanticscholar,540890501c622d87002d424d441ae7a5860c316c,CS001,S01,included,included
doi:10.4230/lipics.disc.2021.14,Fast Nonblocking Persistence for Concurrent Data Structures,2021,2021-05-20,Wentao Cai; Haosen Wen; Vladimir Maksimovski; Mingzhe Du; Rafaello Sanna; S. Abdallah; M. Scott,10.4230/lipics.disc.2021.14,2105.09508,International Symposium on Distributed Computing,https://www.semanticscholar.org/paper/f6d36e69e5e2fff3e581b3d8046d21ea21ac3d7c,8,72,semanticscholar,f6d36e69e5e2fff3e581b3d8046d21ea21ac3d7c,CS026,S27,included,included
doi:10.4230/lipics.ecoop.2015.639,Modular Verification of Finite Blocking in Non-terminating Programs,2015,,Pontus Boström; Peter Müller,10.4230/lipics.ecoop.2015.639,,European Conference on Object-Oriented Programming,https://www.semanticscholar.org/paper/15fef642b8e86244f94eda8a284554ea6b7c3eba,20,36,semanticscholar,15fef642b8e86244f94eda8a284554ea6b7c3eba,CS009;CS011,S10;S15,included,included
doi:10.4230/lipics.ecoop.2017.6,Relaxed Linear References for Lock-free Data Structures,2017,,Elias Castegren; Tobias Wrigstad,10.4230/lipics.ecoop.2017.6,,European Conference on Object-Oriented Programming,https://www.semanticscholar.org/paper/c40b12bec98b1f70d596e4b1ef9c1efa9ecc532a,14,50,semanticscholar,c40b12bec98b1f70d596e4b1ef9c1efa9ecc532a,CS009,S10,included,included
doi:10.4230/lipics.ecoop.2017.8,Concurrent Data Structures Linked in Time,2016,2016-04-01,G. Delbianco; Ilya Sergey; Aleksandar Nanevski; A. Banerjee,10.4230/lipics.ecoop.2017.8,1604.08080,European Conference on Object-Oriented Programming,https://www.semanticscholar.org/paper/3a2c98aeda700abac27a05c4c46a3922b41dda3c,22,47,semanticscholar,3a2c98aeda700abac27a05c4c46a3922b41dda3c,CS006,S07,included,included
doi:10.4230/lipics.ecoop.2019.19,Transferring Obligations Through Synchronizations,2019,,J. Hamin; B. Jacobs,10.4230/lipics.ecoop.2019.19,,European Conference on Object-Oriented Programming,https://www.semanticscholar.org/paper/d693d66d17d57bc29288d50bd5e9b043e15720af,8,38,semanticscholar,d693d66d17d57bc29288d50bd5e9b043e15720af,CS013;CS016,A27;S17,included,included
doi:10.4230/lipics.ecoop.2020.11,Owicki-Gries Reasoning for C11 RAR,2020,,Sadegh Dalvandi; Simon Doherty; Brijesh Dongol; H. Wehrheim,10.4230/lipics.ecoop.2020.11,,European Conference on Object-Oriented Programming,https://www.semanticscholar.org/paper/cc742005045aec62115020013c9928d671bbe87e,29,40,semanticscholar,cc742005045aec62115020013c9928d671bbe87e,CS006;CS008,S07;S09,included,included
doi:10.4230/lipics.ecoop.2022.6,Compiling Volatile Correctly in Java,2022,,Shuyang Liu; John Bender; J. Palsberg,10.4230/lipics.ecoop.2022.6,,European Conference on Object-Oriented Programming,https://www.semanticscholar.org/paper/6ba03ae2d712765334cf7b66a9722710f86aeb18,2,19,semanticscholar,6ba03ae2d712765334cf7b66a9722710f86aeb18,CS001,S01,included,included
doi:10.4230/lipics.ecoop.2023.19,Exact Separation Logic: Towards Bridging the Gap Between Verification and Bug-Finding,2022,2022-08-15,P. Maksimovic; Caroline Cronjäger; Andreas Lööw; Julian Sutherland; Philippa Gardner,10.4230/lipics.ecoop.2023.19,2208.07200,European Conference on Object-Oriented Programming,https://www.semanticscholar.org/paper/0e66ad9d80836240f15b10aef748fa4c872a044e,16,34,semanticscholar,0e66ad9d80836240f15b10aef748fa4c872a044e,CS013,S17,included,included
doi:10.4230/lipics.ecoop.2023.22,Modular Verification of State-Based CRDTs in Separation Logic,2023,,Abel Nieto; Arnaud Daby-Seesaram; Léon Gondelman; Amin Timany; L. Birkedal,10.4230/lipics.ecoop.2023.22,,European Conference on Object-Oriented Programming,https://www.semanticscholar.org/paper/ad559be53cc3c48a0151aa01a220deea090c73c8,6,23,semanticscholar,ad559be53cc3c48a0151aa01a220deea090c73c8,CS006,S07,included,included
doi:10.4230/lipics.fscd.2017.11,"Nested Multisets, Hereditary Multisets, and Syntactic Ordinals in Isabelle/HOL",2017,2017-09-01,J. Blanchette; M. Fleury; Dmitriy Traytel,10.4230/lipics.fscd.2017.11,,International Conference on Formal Structures for Computation and Deduction,https://www.semanticscholar.org/paper/afff413da01da0eea6612b8824eb72f67bb6a619,12,44,semanticscholar,afff413da01da0eea6612b8824eb72f67bb6a619,CS012,S16,included,included
doi:10.5381/jot.2026.25.1.a4,VeriFast's separation logic: a logic without laters for modular verification of fine-grained concurrent programs,2025,2025-05-07,Bart Jacobs,10.5381/jot.2026.25.1.a4,2505.04500,Journal of Object Technology,https://www.semanticscholar.org/paper/6d79593c78f89cd93ec04c6fc5366650297d7cfb,0,13,semanticscholar,6d79593c78f89cd93ec04c6fc5366650297d7cfb,CS010,S14,included,included
doi:10.5555/1352079.1352134,Intel® threading building blocks,2008,2008-04-01,C. Pheatt,10.5555/1352079.1352134,,Journal of Computing Sciences in Colleges (JCSC; Formerly: Journal of Computing in Small Colleges),https://www.semanticscholar.org/paper/4584227e114740cd4fdf2dd6a2dd3b16d24982ce,1106,0,semanticscholar,4584227e114740cd4fdf2dd6a2dd3b16d24982ce,CS022,S33,included,included
doi:10.5860/choice.44-2746,"Software Abstractions - Logic, Language, and Analysis",2006,,D. Jackson,10.5860/choice.44-2746,,,https://www.semanticscholar.org/paper/1a52ce430a6146194861979828cd1961a416f3a7,1911,73,semanticscholar,1a52ce430a6146194861979828cd1961a416f3a7,CS030,S44,included,included
doi:10.70675/29d13f3dzed55z419cz9a8ez6fb2580c999d,Static Analysis by Abstract Interpretation of Functional Temporal Properties of Programs. (Analyse Statique par Interprétation Abstraite de Propriétés Temporelles Fonctionnelles des Programmes),2015,2015-07-09,Caterina Urban,10.70675/29d13f3dzed55z419cz9a8ez6fb2580c999d,,,https://www.semanticscholar.org/paper/f45b521660d6460f99f0946f43d3930bbd6925e0,19,97,semanticscholar,f45b521660d6460f99f0946f43d3930bbd6925e0,CS009,S10,included,included
s2:069c65cead573e71029467c21b0bc86a9f965603,SLM-DB: Single-Level Key-Value Store with Persistent Memory,2019,,Olzhas Kaiyrakhmet; Song Yeon Lee; Beomseok Nam; S. Noh; Young-ri Choi,,,USENIX Conference on File and Storage Technologies,https://www.semanticscholar.org/paper/069c65cead573e71029467c21b0bc86a9f965603,194,46,semanticscholar,069c65cead573e71029467c21b0bc86a9f965603,CS026,S27,included,included
s2:06c5e19b030073800d28502b35bb94440af753d1,Deadlock-free monitors: Extended version,2018,2018-02-01,J. Hamin; B. Jacobs,,,,https://www.semanticscholar.org/paper/06c5e19b030073800d28502b35bb94440af753d1,3,22,semanticscholar,06c5e19b030073800d28502b35bb94440af753d1,CS013;CS016,A27;S17,included,included
s2:091093f013e41ca47c276cae1c368f0519285948,Verifying Wait-Freedom for Concurrent 1 Higher-Order Programs 2,,,Egor Namakonov; Lars Birkedal; Amin Timany,,,,https://www.semanticscholar.org/paper/091093f013e41ca47c276cae1c368f0519285948,0,34,semanticscholar,091093f013e41ca47c276cae1c368f0519285948,CS009;CS011;CS014,S10;S15;S19,unknown-date,unknown-date
s2:0a4552dfaf8a5aec789d6f982c32ea3c0a25b221,Under consideration for publication in Formal Aspects of Computing Streamlining progress-based derivations of concurrent programs,2006,,,,,,https://www.semanticscholar.org/paper/0a4552dfaf8a5aec789d6f982c32ea3c0a25b221,13,0,semanticscholar,0a4552dfaf8a5aec789d6f982c32ea3c0a25b221,CS030,S44,included,included
s2:0adf290994e420cb532591dfb8809e05ceaf7ce4,Advanced Development of Certified OS Kernels,2015,2015-06-01,Zhong Shao,,,,https://www.semanticscholar.org/paper/0adf290994e420cb532591dfb8809e05ceaf7ce4,7,147,semanticscholar,0adf290994e420cb532591dfb8809e05ceaf7ce4,CS009;CS024;CS025;CS029,A29;A30;S10;S42,included,included
s2:0e1155f7faa9b44e90c702015aa5c0f21d5dc688,on shared memory resources . At the heart of these logics lies separation,2017,,D. Shasha; Thomas Wies,,,,https://www.semanticscholar.org/paper/0e1155f7faa9b44e90c702015aa5c0f21d5dc688,0,54,semanticscholar,0e1155f7faa9b44e90c702015aa5c0f21d5dc688,CS013,S17,included,included
s2:0fff604667f24050e85f13f97d93197f729dcccc,Verifying Wait-Freedom for Concurrent Higher-Order Programs,,,Egor Namakonov; Lars Birkedal; Amin Timany,,,,https://www.semanticscholar.org/paper/0fff604667f24050e85f13f97d93197f729dcccc,1,32,semanticscholar,0fff604667f24050e85f13f97d93197f729dcccc,CS009;CS011;CS014,S10;S15;S19,unknown-date,unknown-date
s2:14277adc06727b66b59f208c2f481b5fb62caf39,Armed Cats: formal concurrency modelling at Arm,2023,,J. Alglave; Will Deacon; R. Grisenthwaite; A. Hacquard; Luc; Maranget,,,,https://www.semanticscholar.org/paper/14277adc06727b66b59f208c2f481b5fb62caf39,52,41,semanticscholar,14277adc06727b66b59f208c2f481b5fb62caf39,CS004,S05,included,included
s2:1550382c593e4553da57eb38d5a901d021cbc80a,Grundbegriffe der Mengenlehre,,,G. Hessenberg,,,,https://www.semanticscholar.org/paper/1550382c593e4553da57eb38d5a901d021cbc80a,66,0,semanticscholar,1550382c593e4553da57eb38d5a901d021cbc80a,CS002,S02,unknown-date,unknown-date
s2:194a08a57aecc953ae7519d3a3f1b42cb9e9b80d,Intel ® 64 and IA-32 Architectures Software Developer ’ s Manual,2006,,,,,,https://www.semanticscholar.org/paper/194a08a57aecc953ae7519d3a3f1b42cb9e9b80d,1744,0,semanticscholar,194a08a57aecc953ae7519d3a3f1b42cb9e9b80d,CS031,S45,included,included
s2:1b6de0dbdbcc79501da0a0c16dd2005a04861368,Software Tools for Technology Transfer manuscript No. (will be inserted by the editor) Parallel and Distributed Model Checking in Eddy ⋆,,,,,,,https://www.semanticscholar.org/paper/1b6de0dbdbcc79501da0a0c16dd2005a04861368,53,0,semanticscholar,1b6de0dbdbcc79501da0a0c16dd2005a04861368,CS030,S44,unknown-date,unknown-date
s2:1c157b5422182c0ec38611fefba60008080c64a1,Communication and concurrency,1989,,R. Milner,,,PHI Series in computer science,https://www.semanticscholar.org/paper/1c157b5422182c0ec38611fefba60008080c64a1,9360,0,semanticscholar,1c157b5422182c0ec38611fefba60008080c64a1,CS031,S45,included,included
s2:1c6785ac51aac5b3558ddf7b0889e22cd57a484b,This paper is included in the Proceedings of the 18th USENIX Symposium on Operating Systems Design and Implementation.,,,Systems Design; Hanze Zhang; Ke Cheng; Rong Chen; Haibo Chen,,,,https://www.semanticscholar.org/paper/1c6785ac51aac5b3558ddf7b0889e22cd57a484b,0,201,semanticscholar,1c6785ac51aac5b3558ddf7b0889e22cd57a484b,CS014;CS016,A27;S19,unknown-date,unknown-date
s2:1d00b3a1030a653b22cd40659ca1ad59cba5aa5f,nvm malloc: Memory Allocation for NVRAM,2015,,David Schwalb; Tim Berning; Martin Faust; Markus Dreseler; H. Plattner,,,ADMS@VLDB,https://www.semanticscholar.org/paper/1d00b3a1030a653b22cd40659ca1ad59cba5aa5f,79,21,semanticscholar,1d00b3a1030a653b22cd40659ca1ad59cba5aa5f,CS026,S27,included,included
s2:1e083e2dee298f0608f47f7b98e412c1ddd8c0a3,"Project DEPLOY Grant Agreement 214158 ""Industrial deployment of advanced system engineering methods for high productivity and dependability""",2011,,Thomas Muller; A. Roth; M. Schmaltz; A. Iliasov; M. Leuschel; Alin Stefanescu,,,,https://www.semanticscholar.org/paper/1e083e2dee298f0608f47f7b98e412c1ddd8c0a3,10,306,semanticscholar,1e083e2dee298f0608f47f7b98e412c1ddd8c0a3,CS027,S38,included,included
s2:1fa4f25ac3bfbe672ae9310c02ed0deaf93a6ed6,Decision procedures for the temporal verification of concurrent data structures,2011,,A. Sánchez,,,,https://www.semanticscholar.org/paper/1fa4f25ac3bfbe672ae9310c02ed0deaf93a6ed6,0,142,semanticscholar,1fa4f25ac3bfbe672ae9310c02ed0deaf93a6ed6,CS009,S10,included,included
s2:2515482c459187711c6aab5b336cfff62aab5d43,On Limits and Possibilities of Automated Protocol Analysis,1987,1987-05-05,G. Holzmann,,,"Protocol Specification, Testing and Verification",https://www.semanticscholar.org/paper/2515482c459187711c6aab5b336cfff62aab5d43,104,17,semanticscholar,2515482c459187711c6aab5b336cfff62aab5d43,CS030,S44,included,included
s2:25830ed2e57ad2e5e41aa0aa440d4bebd7aec79c,Modular fine-grained concurrency verification,2008,,Viktor Vafeiadis,,,,https://www.semanticscholar.org/paper/25830ed2e57ad2e5e41aa0aa440d4bebd7aec79c,214,79,semanticscholar,25830ed2e57ad2e5e41aa0aa440d4bebd7aec79c,CS030,S44,included,included
s2:25b6d1934482b62ba0dc795a31f96a6f09ef4107,14th International Workshop on Termination (WST 2014),2014,,Carsten Fuhs,,,,https://www.semanticscholar.org/paper/25b6d1934482b62ba0dc795a31f96a6f09ef4107,0,139,semanticscholar,25b6d1934482b62ba0dc795a31f96a6f09ef4107,CS009,S10,included,included
s2:26bcc72aaa4b556da051c15e9d4f2936fcf3c224,Verification of Lock-free Scalable Synchronous Queue ( Technical Report ),2011,,Jinjiang Lei; Zongyan Qiu,,,,https://www.semanticscholar.org/paper/26bcc72aaa4b556da051c15e9d4f2936fcf3c224,0,27,semanticscholar,26bcc72aaa4b556da051c15e9d4f2936fcf3c224,CS009,S10,included,included
s2:288f1ca075c70a3b8bfaffe58830797fbeb4523e,LOLCAT : Relaxed Linear References for Lock-free Programming,2016,,Elias Castegren; Tobias Wrigstad,,,,https://www.semanticscholar.org/paper/288f1ca075c70a3b8bfaffe58830797fbeb4523e,8,45,semanticscholar,288f1ca075c70a3b8bfaffe58830797fbeb4523e,CS009,S10,included,included
s2:2a376862a924258aae2be84db30772e6e96baf12,"Preprint – March 28 , 2013 Quantitative Reasoning for Proving Lock-Freedom",2013,,Jan Hoffmann; Michael Marmar; Zhong Shao,,,,https://www.semanticscholar.org/paper/2a376862a924258aae2be84db30772e6e96baf12,1,35,semanticscholar,2a376862a924258aae2be84db30772e6e96baf12,CS009;CS024;CS025;CS029,A29;A30;S10;S42,included,included
s2:2c20f8cf078fe1fd1543a58b3c34cc079f5252c7,On the Small-Scope Hypothesis for Testing Answer-Set Programs,2012,2012-06-10,J. Oetsch; Michael Prischink; Jörg Pührer; Martin Schwengerer; H. Tompits,,,International Conference on Principles of Knowledge Representation and Reasoning,https://www.semanticscholar.org/paper/2c20f8cf078fe1fd1543a58b3c34cc079f5252c7,25,40,semanticscholar,2c20f8cf078fe1fd1543a58b3c34cc079f5252c7,CS030,S44,included,included
s2:2d464a9ba66e16392da8922328a511f3b129558a,Symbolic model checking: 1020 states and beyond,1989,,J. Burch; E. Clarke; D. Dill; Jenq-Neng Hwang,,,Logic in Computer Science,https://www.semanticscholar.org/paper/2d464a9ba66e16392da8922328a511f3b129558a,3076,28,semanticscholar,2d464a9ba66e16392da8922328a511f3b129558a,CS030,S44,included,included
s2:2fff5a0da495638b70dbecfb13f10030b6a57f48,Data Refinement: Model-oriented Proof Theories and their Comparison,1998,,W. D. Roever; K. Engelhardt,,,Cambridge Tracts in Theoretical Computer Science,https://www.semanticscholar.org/paper/2fff5a0da495638b70dbecfb13f10030b6a57f48,40,0,semanticscholar,2fff5a0da495638b70dbecfb13f10030b6a57f48,CS008,S09,included,included
s2:38efda194ce8ca7166119ae403e43aef57f62f7c,Graph-based Algorithm for Boolean Function Manipulation,1989,,R. Bryant,,,,https://www.semanticscholar.org/paper/38efda194ce8ca7166119ae403e43aef57f62f7c,6373,0,semanticscholar,38efda194ce8ca7166119ae403e43aef57f62f7c,CS030,S44,included,included
s2:38f75aafbcd2aa854b1c3df3007fa89ea1090854,"Systems and Software Verification, Model-Checking Techniques and Tools",2001,2001-06-20,B. Bérard; M. Bidoit; A. Finkel; F. Laroussinie; A. Petit; L. Petrucci; P. Schnoebelen; P. McKenzie,,,,https://www.semanticscholar.org/paper/38f75aafbcd2aa854b1c3df3007fa89ea1090854,626,0,semanticscholar,38f75aafbcd2aa854b1c3df3007fa89ea1090854,CS030,S44,included,included
s2:3a4fbfa585c99a71a1412206a4a2be67a1f3af8a,Local rely-guarantee conditions for linearizability and lock-freedom,2011,,B. Tofan; G. Schellhorn; W. Reif,,,,https://www.semanticscholar.org/paper/3a4fbfa585c99a71a1412206a4a2be67a1f3af8a,2,49,semanticscholar,3a4fbfa585c99a71a1412206a4a2be67a1f3af8a,CS009;CS018,S10;S28,included,included
s2:3bf19c75f4e2f7fa85e5e2d0557a0e4c2d790ad3,Hoare logic's for run-time analysis of programs,1984,,H. R. Nielson,,,,https://www.semanticscholar.org/paper/3bf19c75f4e2f7fa85e5e2d0557a0e4c2d790ad3,13,0,semanticscholar,3bf19c75f4e2f7fa85e5e2d0557a0e4c2d790ad3,CS023,S35,included,included
s2:3df0ab740c674dfd92e57376e9c0c5ab58f84e0e,The SPIN Model Checker : Primer and Reference Manual,2004,2004-03-25,S. Nakajima,,,,https://www.semanticscholar.org/paper/3df0ab740c674dfd92e57376e9c0c5ab58f84e0e,481,0,semanticscholar,3df0ab740c674dfd92e57376e9c0c5ab58f84e0e,CS030,S44,included,included
s2:4511a87c0fdb840a40ee9dd241e366e822f69976,Progress-based verification and derivation of concurrent programs,2009,2009-03-01,Brijesh Dongol,,,,https://www.semanticscholar.org/paper/4511a87c0fdb840a40ee9dd241e366e822f69976,14,88,semanticscholar,4511a87c0fdb840a40ee9dd241e366e822f69976,CS024;CS025;CS030,A29;A30;S44,included,included
s2:4922ddb355c190c7de1ae15383fa4455b8dae491,A proof system for lock-free concurrency,2013,,Grau de Mestre,,,,https://www.semanticscholar.org/paper/4922ddb355c190c7de1ae15383fa4455b8dae491,0,17,semanticscholar,4922ddb355c190c7de1ae15383fa4455b8dae491,CS009,S10,included,included
s2:4c078d0b2f7b1aa0a882013259e845a773db14dd,go-pmem: Native Support for Programming Persistent Memory in Go,2020,,J. George; Mohit Verma; Rajesh Venkatasubramanian; Pratap Subrahmanyam,,,USENIX Annual Technical Conference,https://www.semanticscholar.org/paper/4c078d0b2f7b1aa0a882013259e845a773db14dd,24,52,semanticscholar,4c078d0b2f7b1aa0a882013259e845a773db14dd,CS026,S27,included,included
s2:4e9237855902fcf87bd4c39c4db0e668ba0b7f46,"The past, present, and future(s): verifying temporal software properties",2018,,Heidy Khlaaf,,,,https://www.semanticscholar.org/paper/4e9237855902fcf87bd4c39c4db0e668ba0b7f46,0,74,semanticscholar,4e9237855902fcf87bd4c39c4db0e668ba0b7f46,CS009,S10,included,included
s2:4f704b7a56b4fe543c8a4ebf88422428361db736,Progress guarantee for parallel programs via bounded lock-freedom,2009,2009-06-15,PetrankErez; MusuvathiMadanlal; SteesngaardBjarne,,,,https://www.semanticscholar.org/paper/4f704b7a56b4fe543c8a4ebf88422428361db736,2,0,semanticscholar,4f704b7a56b4fe543c8a4ebf88422428361db736,CS028,S40,included,included
s2:51307ff8ca592d2bfe54fa76e99b3858f599eb5a,Multiprocessor-safe wait-free queue in RTSJ,2014,2014-09-01,Taha Al-Oqayli,,,,https://www.semanticscholar.org/paper/51307ff8ca592d2bfe54fa76e99b3858f599eb5a,0,131,semanticscholar,51307ff8ca592d2bfe54fa76e99b3858f599eb5a,CS009,S10,included,included
s2:514dc31dcf0bfee7e737f14338af6b2938abaedf,Verifying Liveness Properties of Distributed Systems via Trace Refinement in Higher-Order Concurrent Separation Logic,,,A. University; Denmark.; MPI-SWS Stefanesco; Germany,,,,https://www.semanticscholar.org/paper/514dc31dcf0bfee7e737f14338af6b2938abaedf,1,23,semanticscholar,514dc31dcf0bfee7e737f14338af6b2938abaedf,CS011,S15,unknown-date,unknown-date
s2:563de2c751a24222ce9d132d53df4ee40605c823,Analysis of Dynamic Message Passing Programs (A framework for the analysis of depth-bounded systems ),2013,,D. Zufferey; T. Henzinger; Viktor Kunčak; R. Majumdar; H. Edelsbrunner,,,,https://www.semanticscholar.org/paper/563de2c751a24222ce9d132d53df4ee40605c823,1,105,semanticscholar,563de2c751a24222ce9d132d53df4ee40605c823,CS009,S10,included,included
s2:5808d216164a216bb1c94f184920ace13017abc6,Viper A Verification Infrastructure for Permission-Based Reasoning,2014,,Uri Juhasz; Ioannis T. Kassios; Peter M¨uller; Milos Novácek; Malte Schwerhoﬀ; Alexander J. Summers,,,,https://www.semanticscholar.org/paper/5808d216164a216bb1c94f184920ace13017abc6,397,30,semanticscholar,5808d216164a216bb1c94f184920ace13017abc6,CS007,S08,included,included
s2:5a3192a1e924a48244a8597c26af4205a198fb33,Logics and analyses for concurrent heap-manipulating programs,2011,2011-02-14,Olexiy Gotsman,,,,https://www.semanticscholar.org/paper/5a3192a1e924a48244a8597c26af4205a198fb33,3,79,semanticscholar,5a3192a1e924a48244a8597c26af4205a198fb33,CS009,S10,included,included
s2:5b02e9f1e29c7e61645274421b140870d794be80,Modelling and Verifying Non-blocking Algorithms that Use Dynamically Allocated Memory,2004,,Simon Doherty,,,,https://www.semanticscholar.org/paper/5b02e9f1e29c7e61645274421b140870d794be80,19,48,semanticscholar,5b02e9f1e29c7e61645274421b140870d794be80,CS030,S44,included,included
s2:5b445197453399b5d3dde46011d33f66d62921f7,Closer to Reliable Software: Verifying Functional Behaviour of Concurrent Programs,2015,2015-10-01,Marina Zaharieva-Stojanovski,,,,https://www.semanticscholar.org/paper/5b445197453399b5d3dde46011d33f66d62921f7,21,106,semanticscholar,5b445197453399b5d3dde46011d33f66d62921f7,CS009,S10,included,included
s2:5f1a07a7df5b5051e442e6962e653cdb35b6b330,A Purely Logical Approach to Program Termination,2010,,Madalina Erascu; T. Jebelean,,,,https://www.semanticscholar.org/paper/5f1a07a7df5b5051e442e6962e653cdb35b6b330,2,16,semanticscholar,5f1a07a7df5b5051e442e6962e653cdb35b6b330,CS009,S10,included,included
s2:646d374339d26ce7202c509e4351bf951bf80ae3,Verifying linearizability and lock-freedom with temporal logic,2009,,B. Tofan; Simon B¨aumler; G. Schellhorn; W. Reif,,,,https://www.semanticscholar.org/paper/646d374339d26ce7202c509e4351bf951bf80ae3,0,38,semanticscholar,646d374339d26ce7202c509e4351bf951bf80ae3,CS009;CS024;CS025,A29;A30;S10,included,included
s2:6503d01beaaac8044d377313a7b43126697d7922,"Th E pro Gr Am Te R M in Atio N Problem, Also Known Proving Program Termination Key Insights",2014,,A. Podelski,,,,https://www.semanticscholar.org/paper/6503d01beaaac8044d377313a7b43126697d7922,0,42,semanticscholar,6503d01beaaac8044d377313a7b43126697d7922,CS009,S10,included,included
s2:672260f884699fe5385732ed2d50995a69d617d1,Automatische Fehlersuche in algebraischen Spezifikationen,2010,,A. Dunets,,,,https://www.semanticscholar.org/paper/672260f884699fe5385732ed2d50995a69d617d1,0,44,semanticscholar,672260f884699fe5385732ed2d50995a69d617d1,CS027,S38,included,included
s2:67b578b4838d884172dd3afcdcd0f5291a3e3546,This paper is included in the Proceedings of the 2022 USENIX Annual Technical Conference.,,,Yunhong Xu; Google Rui Wang; Minlan Yu; Hassan M. G. Wassel; Shidong Zhang; L. Poutievski; Junlan Zhou; Google Amin Vahdat; ‡. KeqiangHe; N. Dufﬁeld,,,,https://www.semanticscholar.org/paper/67b578b4838d884172dd3afcdcd0f5291a3e3546,29,580,semanticscholar,67b578b4838d884172dd3afcdcd0f5291a3e3546,CS001,S01,unknown-date,unknown-date
s2:6a93fb1bc6b192555da3768f1a98aeab83f2ac9b,5th International Verification Workshop - VERIFY'08,2008,2008-08-10,Bernhard Beckert; Gerwin Klein,,,,https://www.semanticscholar.org/paper/6a93fb1bc6b192555da3768f1a98aeab83f2ac9b,0,113,semanticscholar,6a93fb1bc6b192555da3768f1a98aeab83f2ac9b,CS009,S10,included,included
s2:6c9198c8341241e65cdc47203e9e287e0c2d6f4a,"Liveness with (0, 1, ∞)-counter abstraction",2002,,A. Pnueli; Jessie Xu; L. Zuck,,,,https://www.semanticscholar.org/paper/6c9198c8341241e65cdc47203e9e287e0c2d6f4a,108,0,semanticscholar,6c9198c8341241e65cdc47203e9e287e0c2d6f4a,CS030,S44,included,included
s2:6ebbaf8efc7a52890ea144a9a744ee69492c7c1a,A Program Logic for Contextual Refinement of Concurrent Objects under Fair Scheduling,2015,,Hongjin Liang; Xinyu Feng,,,,https://www.semanticscholar.org/paper/6ebbaf8efc7a52890ea144a9a744ee69492c7c1a,0,24,semanticscholar,6ebbaf8efc7a52890ea144a9a744ee69492c7c1a,CS009;CS016,A27;S10,included,included
s2:6ee36af9d07b2979af49d32f70ece380486490c1,A Scalable Elimination-based Exchange Channel,2005,2005-10-07,William N. Scherer; D. Lea; M. Scott,,,,https://www.semanticscholar.org/paper/6ee36af9d07b2979af49d32f70ece380486490c1,18,11,semanticscholar,6ee36af9d07b2979af49d32f70ece380486490c1,CS006,S07,included,included
s2:70e12a010c8b2d96079e3b55724958fa1fe75f9d,Anvil: Verifying Liveness of Cluster Management Controllers,2024,,Xudong Sun; Wenjie Ma; J. Gu; Zicheng Ma; Tej Chajed; Jon Howell; Andrea Lattuada; Oded Padon; Lalith Suresh; Adriana Szekeres; Tianyin Xu,,,USENIX Symposium on Operating Systems Design and Implementation,https://www.semanticscholar.org/paper/70e12a010c8b2d96079e3b55724958fa1fe75f9d,55,76,semanticscholar,70e12a010c8b2d96079e3b55724958fa1fe75f9d,CS009,S10,included,included
s2:74c216da772e8c43d23db7891d96460125605a39,Property-guided verification of concurrent heap-manipulating programs,2004,,Eran Yahav,,,,https://www.semanticscholar.org/paper/74c216da772e8c43d23db7891d96460125605a39,2,99,semanticscholar,74c216da772e8c43d23db7891d96460125605a39,CS030,S44,included,included
s2:75c2002f00a3dbd592a0fe0e77481a4788812113,The SAL Language Manual,2003,,L. D. Moura; S. Owre; N. Shankar,,,,https://www.semanticscholar.org/paper/75c2002f00a3dbd592a0fe0e77481a4788812113,130,7,semanticscholar,75c2002f00a3dbd592a0fe0e77481a4788812113,CS030,S44,included,included
s2:7799bde1d5bb1669191572a9ffba252aeaaee23d,Petri net semantics,2010,,Jonathan Hayman,,,,https://www.semanticscholar.org/paper/7799bde1d5bb1669191572a9ffba252aeaaee23d,7,69,semanticscholar,7799bde1d5bb1669191572a9ffba252aeaaee23d,CS009,S10,included,included
s2:77bf635b620a5c914de22261a822cc65c1a87052,Correctness and Progress Verification of Non-Blocking Programs,2019,,Christina L. Peterson,,,,https://www.semanticscholar.org/paper/77bf635b620a5c914de22261a822cc65c1a87052,0,113,semanticscholar,77bf635b620a5c914de22261a822cc65c1a87052,CS009;CS013;CS016;CS017,A27;A28;S10;S17,included,included
s2:78e47b768c784fcb15004bab48e24f80fdad579e,A Lock-Free,2012,,Anastasia Braginsky,,,,https://www.semanticscholar.org/paper/78e47b768c784fcb15004bab48e24f80fdad579e,5,16,semanticscholar,78e47b768c784fcb15004bab48e24f80fdad579e,CS029,S42,included,included
s2:7a2209b2e737b55b26b3698dfd56667361a556fd,"Note RN / 14 / 06 Bi-intuitionistic Boolean Bunched Logic June , 2014",2014,,J. Brotherston,,,,https://www.semanticscholar.org/paper/7a2209b2e737b55b26b3698dfd56667361a556fd,0,27,semanticscholar,7a2209b2e737b55b26b3698dfd56667361a556fd,CS009,S10,included,included
s2:7abdd30f3bf47606d64352121b0fcd2686054ca3,LTL Model Checking for Systems with Unbounded Number of Dynamically Created Threads and Objects,2001,,Eran Yahav; T. Reps; M. Sagiv,,,,https://www.semanticscholar.org/paper/7abdd30f3bf47606d64352121b0fcd2686054ca3,11,42,semanticscholar,7abdd30f3bf47606d64352121b0fcd2686054ca3,CS030,S44,included,included
s2:7c3f662d42288c26879d9d8c49b111b61baad9be,"Step-Indexing: The Good, the Bad and the Ugly",2010,2010-10-01,N. Benton; Chung-Kil Hur,,,"Modelling, Controlling and Reasoning About State",https://www.semanticscholar.org/paper/7c3f662d42288c26879d9d8c49b111b61baad9be,6,13,semanticscholar,7c3f662d42288c26879d9d8c49b111b61baad9be,CS010,S14,included,included
s2:7d7adb58bca1d6993bb97bf4d3b7ffa31d476b6c,Verifying Fine-Grained Concurrent Data Structures,2018,,F. Wolf; M. Schwerhoff,,,,https://www.semanticscholar.org/paper/7d7adb58bca1d6993bb97bf4d3b7ffa31d476b6c,1,27,semanticscholar,7d7adb58bca1d6993bb97bf4d3b7ffa31d476b6c,CS013,S17,included,included
s2:82ce1bc0b85e89634f585c8e125f505772c6dc97,A survey of program slicing techniques,1994,1994-07-31,F. Tip,,,Journal of Programming Languages,https://www.semanticscholar.org/paper/82ce1bc0b85e89634f585c8e125f505772c6dc97,1986,102,semanticscholar,82ce1bc0b85e89634f585c8e125f505772c6dc97,CS030,S44,included,included
s2:84fd1e94bdf24f093e38a6349dfa1e5be60a19ad,Trillium: History-Sensitive Refinement in Separation Logic,2023,,Amin Timany,,,,https://www.semanticscholar.org/paper/84fd1e94bdf24f093e38a6349dfa1e5be60a19ad,0,62,semanticscholar,84fd1e94bdf24f093e38a6349dfa1e5be60a19ad,CS014,S19,included,included
s2:88085676d6f9c1903d25eac49d4eb2a9e324d71f,Practical lock-freedom,2003,,K. Fraser,,,,https://www.semanticscholar.org/paper/88085676d6f9c1903d25eac49d4eb2a9e324d71f,643,64,semanticscholar,88085676d6f9c1903d25eac49d4eb2a9e324d71f,CS006;CS030,S07;S44,included,included
s2:88ac3e29deb6c25afccca936dc9d9cb719f3c0d5,A Separation Logic for Parallel Time Complexity with Work and Span Credits,,,,,,,https://www.semanticscholar.org/paper/88ac3e29deb6c25afccca936dc9d9cb719f3c0d5,1,58,semanticscholar,88ac3e29deb6c25afccca936dc9d9cb719f3c0d5,CS016;CS017;CS019;CS023,A27;A28;S29;S35,unknown-date,unknown-date
s2:8a6ad9d526fae1134a59d06e3c27ec647e40015a,Separation Logic Expressiveness and Copyless Message-Passing,2012,,É. Lozes,,,,https://www.semanticscholar.org/paper/8a6ad9d526fae1134a59d06e3c27ec647e40015a,0,80,semanticscholar,8a6ad9d526fae1134a59d06e3c27ec647e40015a,CS009,S10,included,included
s2:8bb6cc5b39fce72a241465e03b9c90aad83d1087,Verifying Michael and Scott ’ s Lock-Free Queue Algorithm using Trace Reduction,2007,,Lindsay J. Groves,,,,https://www.semanticscholar.org/paper/8bb6cc5b39fce72a241465e03b9c90aad83d1087,22,33,semanticscholar,8bb6cc5b39fce72a241465e03b9c90aad83d1087,CS030,S44,included,included
s2:8de3adb2d4548b3bf59808c18c2da8884cffdb6d,Mechanized Verification of the Correctness and Asymptotic Complexity of Programs. (Vérification mécanisée de la correction et complexité asymptotique de programmes),2019,2019-12-16,Armaël Gueneau,,,,https://www.semanticscholar.org/paper/8de3adb2d4548b3bf59808c18c2da8884cffdb6d,11,72,semanticscholar,8de3adb2d4548b3bf59808c18c2da8884cffdb6d,CS016,A27,included,included
s2:8eb71d6d82a3d334eb95bd04747d54d95d1fcfd6,A Formally-Verified Framework for Fair Synchronization in Kotlin Coroutines,2021,,N. Koval; Dmitry Khalanskiy; Dan Alistarh,,,arXiv.org,https://www.semanticscholar.org/paper/8eb71d6d82a3d334eb95bd04747d54d95d1fcfd6,3,35,semanticscholar,8eb71d6d82a3d334eb95bd04747d54d95d1fcfd6,CS017,A28,included,included
s2:91b4336b187c3cdaeea1a356a72e6c510132518a,Modal and temporal logics,1993,1993-03-18,C. Stirling,,,Logic in Computer Science,https://www.semanticscholar.org/paper/91b4336b187c3cdaeea1a356a72e6c510132518a,408,8,semanticscholar,91b4336b187c3cdaeea1a356a72e6c510132518a,CS030,S44,included,included
s2:926c7e86ff6995c0697b51f172bc37f6bb3c3b46,An Automata-Theoretic Approach to Automatic Program Verification (Preliminary Report),1986,,Moshe Y. Vardi; P. Wolper,,,Logic in Computer Science,https://www.semanticscholar.org/paper/926c7e86ff6995c0697b51f172bc37f6bb3c3b46,1795,1,semanticscholar,926c7e86ff6995c0697b51f172bc37f6bb3c3b46,CS030,S44,included,included
s2:931f9f1b07322530d191b21d4935a4c99300d48d,Specification and Design of (Parallel) Programs,1983,,Cliff B. Jones,,,IFIP Congress,https://www.semanticscholar.org/paper/931f9f1b07322530d191b21d4935a4c99300d48d,582,0,semanticscholar,931f9f1b07322530d191b21d4935a4c99300d48d,CS011;CS028,S15;S40,included,included
s2:95a7ba7e7d8c50b466b22116a544b8bf632ffcfb,Model Checking for Stability Analysis in Rely-Guarantee Proofs,2008,,Hasan Amjad; R. Bornat,,,VERIFY,https://www.semanticscholar.org/paper/95a7ba7e7d8c50b466b22116a544b8bf632ffcfb,0,21,semanticscholar,95a7ba7e7d8c50b466b22116a544b8bf632ffcfb,CS009,S10,included,included
s2:97bcd54af61479b44fbb94661545ebf87ef283cb,Electronic Communications of the EASST Volume 66 ( 2013 ) Proceedings of the Automated Verification of Critical Systems ( AVoCS 2013 ) Compositional Verification of a Lock-Free Stack with RGITL,2014,,B. Tofan; G. Schellhorn; G. Ernst; J. Pfähler; W. Reif,,,,https://www.semanticscholar.org/paper/97bcd54af61479b44fbb94661545ebf87ef283cb,2,11,semanticscholar,97bcd54af61479b44fbb94661545ebf87ef283cb,CS018,S28,included,included
s2:9b406452109d22e745b0958b11e5ef228561d4f3,"GoJournal: a verified, concurrent, crash-safe journaling system",2021,,Tej Chajed; Mit Csail; Joseph Tassarotti; Boston College; M. Theng; Ralf Jung; M. F. Kaashoek,,,USENIX Symposium on Operating Systems Design and Implementation,https://www.semanticscholar.org/paper/9b406452109d22e745b0958b11e5ef228561d4f3,34,32,semanticscholar,9b406452109d22e745b0958b11e5ef228561d4f3,CS026,S27,included,included
s2:9d8caec3d6b4afc02588fcf5233d2d7615dbd072,Verifying Termination of Busy-Waiting,2020,,Tobias Reinhard; Bart Jacobs,,,,https://www.semanticscholar.org/paper/9d8caec3d6b4afc02588fcf5233d2d7615dbd072,0,34,semanticscholar,9d8caec3d6b4afc02588fcf5233d2d7615dbd072,CS014,S19,included,included
s2:a35ac7d78910d40b8df2ebae8c2ac0bd3a131164,Justice and fairness: The ethics of concurrent termination,1981,,D. Lehmann; A. Pnueli; J. Stavi,,,,https://www.semanticscholar.org/paper/a35ac7d78910d40b8df2ebae8c2ac0bd3a131164,232,0,semanticscholar,a35ac7d78910d40b8df2ebae8c2ac0bd3a131164,CS001,S01,included,included
s2:a4a26e1d3231ab823ff13eda49cc01cc4aedc16c,Ieee Transactions on Parallel and Distributed Systems 1 Efficient and Reliable Lock-free Memory Reclamation Based on Reference Counting,,,Anders Gidenstam; M. Papatriantafilou; H. Sundell; P. Tsigas,,,,https://www.semanticscholar.org/paper/a4a26e1d3231ab823ff13eda49cc01cc4aedc16c,58,29,semanticscholar,a4a26e1d3231ab823ff13eda49cc01cc4aedc16c,CS030,S44,unknown-date,unknown-date
s2:a4a3acda86449bcaff66439a6ecd7e5e25852798,Non-Blocking Algorithms and Preemption-Safe Locking on Multiprogrammed Shared Memory Multiprocessors,1998,,Maged M. Michael; M. Scott,,,,https://www.semanticscholar.org/paper/a4a3acda86449bcaff66439a6ecd7e5e25852798,20,42,semanticscholar,a4a3acda86449bcaff66439a6ecd7e5e25852798,CS030,S44,included,included
s2:a64f1d7c1c480e394ba7f0a0284022603761aa48,Digital Commons,,,Prasad Jayanti; S. Petrovic,,,,https://www.semanticscholar.org/paper/a64f1d7c1c480e394ba7f0a0284022603761aa48,110,22,semanticscholar,a64f1d7c1c480e394ba7f0a0284022603761aa48,CS030,S44,unknown-date,unknown-date
s2:a9091ef790788c5d252cad94dd6862adf457e073,Implementing Lock-Free Queues,1994,,John D. Valois,,,,https://www.semanticscholar.org/paper/a9091ef790788c5d252cad94dd6862adf457e073,154,25,semanticscholar,a9091ef790788c5d252cad94dd6862adf457e073,CS030,S44,included,included
s2:a92a1f0bfbfa8adbddea36cfc51e172b444a5b04,Evaluation of Task Scheduling Algorithms and Wait-Free Data Structures for Embedded Multi-Core Systems,2014,,Tobias Fuchs; Haruki Murakami,,,,https://www.semanticscholar.org/paper/a92a1f0bfbfa8adbddea36cfc51e172b444a5b04,0,66,semanticscholar,a92a1f0bfbfa8adbddea36cfc51e172b444a5b04,CS029,S42,included,included
s2:a977126defdae6708bced9f63cd3879c239dd6c7,Abducing memory barriers,2012,,R. Bornat; Mike Dodds; Mike Dodds,,,,https://www.semanticscholar.org/paper/a977126defdae6708bced9f63cd3879c239dd6c7,3,31,semanticscholar,a977126defdae6708bced9f63cd3879c239dd6c7,CS009,S10,included,included
s2:a9d7adac54bdab2ec42d83b96968e4f5fb7b2282,Adding Concurrency to a Sequential Reﬁnement Tower (cid:63),,,G. Schellhorn; Stefan Bodenm¨uller; J. Pf¨ahler; W. Reif,,,,https://www.semanticscholar.org/paper/a9d7adac54bdab2ec42d83b96968e4f5fb7b2282,0,29,semanticscholar,a9d7adac54bdab2ec42d83b96968e4f5fb7b2282,CS018,S28,unknown-date,unknown-date
s2:ac74ad460fecb10152e6e7b4c0254ee666d74091,2 The Single-Decree Paxos Algorithm,2018,,Á. García-Pérez; Alexey Gotsman; Yuri Meshman; Ilya Sergey,,,,https://www.semanticscholar.org/paper/ac74ad460fecb10152e6e7b4c0254ee666d74091,0,32,semanticscholar,ac74ad460fecb10152e6e7b4c0254ee666d74091,CS014,S19,included,included
s2:b02a41cbe5cf00086d4570e5737dfd72a59449f7,This Paper Is Included in the Proceedings of the 12th Usenix Symposium on Operating Systems Design and Implementation (osdi '16). Certikos: an Extensible Architecture for Building Certified Concurrent Os Kernels Certikos: an Extensible Architecture for Building Certified Concurrent Os Kernels,,,Ronghui Gu; Zhong Shao; Hao Chen; Xiongnan; Newman Wu; Jieung Kim; Vilhelm Sjöberg; David Costanzo; Ronghui Gu; Shao Zhong; Chen Hao; Newman Xiongnan; Jie Wu; V. Kim; D. Sjöberg; Costanzo,,,,https://www.semanticscholar.org/paper/b02a41cbe5cf00086d4570e5737dfd72a59449f7,362,60,semanticscholar,b02a41cbe5cf00086d4570e5737dfd72a59449f7,CS014,S19,unknown-date,unknown-date
s2:b0b5236f0b62c368bcde6cb588a02567afeebbf7,Shape Predicates Allow Unbounded Verification of Linearizability Using Canonical Abstraction,2014,2014-01-20,D. Friggens; Lindsay J. Groves,,,Australasian Computer Science Conference,https://www.semanticscholar.org/paper/b0b5236f0b62c368bcde6cb588a02567afeebbf7,2,18,semanticscholar,b0b5236f0b62c368bcde6cb588a02567afeebbf7,CS030,S44,included,included
s2:b0bddb28b66026be533ddb63b3e1574c97378355,Foundational and Compositional Verification of Layered Concurrent Objects,,,Yicheng Ni; Yuting Wang,,,,https://www.semanticscholar.org/paper/b0bddb28b66026be533ddb63b3e1574c97378355,0,73,semanticscholar,b0bddb28b66026be533ddb63b3e1574c97378355,CS007;CS027,S08;S38,unknown-date,unknown-date
s2:b4745ad88028a7b904380704b17a13181c15af4a,A Lock-free B,2012,,Anastasia Braginsky; E. Petrank,,,,https://www.semanticscholar.org/paper/b4745ad88028a7b904380704b17a13181c15af4a,0,25,semanticscholar,b4745ad88028a7b904380704b17a13181c15af4a,CS029,S42,included,included
s2:b49c498abad6216e2a68081f66bef5bdb5a438de,Abstract Specifications for Concurrent Maps ( Extended Version ),2017,,Shale Xiong; Pedro da Rocha Pinto; Gian Ntzik; Philippa Gardner,,,,https://www.semanticscholar.org/paper/b49c498abad6216e2a68081f66bef5bdb5a438de,1,30,semanticscholar,b49c498abad6216e2a68081f66bef5bdb5a438de,CS013,S17,included,included
s2:b787e4cf1da494969dd21a57e7b5e2c1132a4fff,Ghost Signals: Verifying Termination of Busy-Waiting,2020,2020-10-22,Tobias Reinhard; Bart Jacobs,,,arXiv.org,https://www.semanticscholar.org/paper/b787e4cf1da494969dd21a57e7b5e2c1132a4fff,2,22,semanticscholar,b787e4cf1da494969dd21a57e7b5e2c1132a4fff,CS014,S19,included,included
s2:b824c38819f67f9a9d2e2e77e2767be340221173,The Complexity of Temporal Logic Model Checking,2002,,P. Schnoebelen,,,Advances in Modal Logic,https://www.semanticscholar.org/paper/b824c38819f67f9a9d2e2e77e2767be340221173,250,99,semanticscholar,b824c38819f67f9a9d2e2e77e2767be340221173,CS030,S44,included,included
s2:b8c3496387c91290137e0a9a9703a27f3dce25a1,The Z notation - a reference manual,1992,1992-06-01,C. Hoare; Jifeng He; C. Morgan; J. W. Sanders; I. H. Sørensen; J. M. Spivey; B. A. Sufrin,,,Prentice Hall International Series in Computer Science,https://www.semanticscholar.org/paper/b8c3496387c91290137e0a9a9703a27f3dce25a1,2640,0,semanticscholar,b8c3496387c91290137e0a9a9703a27f3dce25a1,CS030,S44,included,included
s2:c21083d8466cb43462632837cbf188930ac99e80,A Comparison of Shared Memory Parallel Programming Models,2010,2010-05-24,Jace Mogill; D. Haglin,,,,https://www.semanticscholar.org/paper/c21083d8466cb43462632837cbf188930ac99e80,3,11,semanticscholar,c21083d8466cb43462632837cbf188930ac99e80,CS029,S42,included,included
s2:cd399e1d65b6b409209f2dd36b85bf153a466e94,Verifying a stack with hazard pointers in temporal logic,2011,,B. Tofan; G. Schellhorn; W. Reif; D. A. U. Copyright,,,,https://www.semanticscholar.org/paper/cd399e1d65b6b409209f2dd36b85bf153a466e94,1,27,semanticscholar,cd399e1d65b6b409209f2dd36b85bf153a466e94,CS009;CS025,A30;S10,included,included
s2:cece43c07c30bb003c97e3933783e3f1439477a0,FORMALIZING CONCURRENT STACKS WITH HELPING : A CASE STUDY IN,2017,,Daniel Gratzer; Mathias Høier; A. Bizjak; L. Birkedal,,,,https://www.semanticscholar.org/paper/cece43c07c30bb003c97e3933783e3f1439477a0,2,8,semanticscholar,cece43c07c30bb003c97e3933783e3f1439477a0,CS012,S16,included,included
s2:d07e6fdd617e0ff8f130bf6749857d725f8b85eb,Formal Verification of Lock-Free Algorithms (Invited Paper),2009,,G. Schellhorn,,,,https://www.semanticscholar.org/paper/d07e6fdd617e0ff8f130bf6749857d725f8b85eb,0,41,semanticscholar,d07e6fdd617e0ff8f130bf6749857d725f8b85eb,CS009;CS025,A30;S10,included,included
s2:d1cb1322fef3c2fd1d264ea7543f61e744625d3c,Single-pass Parallel Prefix Scan with Decoupled Lookback,2016,,D. Merrill; M. Garland,,,,https://www.semanticscholar.org/paper/d1cb1322fef3c2fd1d264ea7543f61e744625d3c,93,20,semanticscholar,d1cb1322fef3c2fd1d264ea7543f61e744625d3c,CS004,S05,included,included
s2:d2ac69c4626d5081ca399770b4eaa7759dcf5416,Formal Verification of Scalable NonZero Indicators,2009,2009-07-30,S. Zhang; Yang Liu; Jun Sun; J. Dong; Wei Chen; Yanhong A. Liu,,,International Conference on Software Engineering and Knowledge Engineering,https://www.semanticscholar.org/paper/d2ac69c4626d5081ca399770b4eaa7759dcf5416,3,17,semanticscholar,d2ac69c4626d5081ca399770b4eaa7759dcf5416,CS030,S44,included,included
s2:d7f30e08ff21b9fc02dd122547dbbae4355d899a,TTIC-TR-2008-1 October 2008 Local Rely-Guarantee Reasoning,2008,,Xinyu Feng,,,,https://www.semanticscholar.org/paper/d7f30e08ff21b9fc02dd122547dbbae4355d899a,0,32,semanticscholar,d7f30e08ff21b9fc02dd122547dbbae4355d899a,CS009,S10,included,included
s2:dae6eece9582c503b1646f839ae4c1327325b88b,Completing Almost Fair Simulations,,,Arthur Correnson; Iona Kuhn; Bernd Finkbeiner,,,,https://www.semanticscholar.org/paper/dae6eece9582c503b1646f839ae4c1327325b88b,0,21,semanticscholar,dae6eece9582c503b1646f839ae4c1327325b88b,CS002;CS010,S02;S14,unknown-date,unknown-date
s2:df52db4bcdb3a86f210a1a34500014736e27a563,Modular full functional specification and verification of lock-free data structures,2009,2009-06-01,B. Jacobs; F. Piessens,,,,https://www.semanticscholar.org/paper/df52db4bcdb3a86f210a1a34500014736e27a563,9,14,semanticscholar,df52db4bcdb3a86f210a1a34500014736e27a563,CS009,S10,included,included
s2:df8890d2f8e7051837c18d6da236cb8083e61903,This paper is included in the Proceedings of the 18th USENIX Symposium on Operating Systems Design and Implementation.,,,Xudong Sun; Wenjie Ma; J. Gu; Zicheng Ma; Jon Howell; Andrea Lattuada; Oded Padon; VMware Research; Lalith Suresh; Adriana Szekeres; Tej Chajed; Tianyin Xu; Wisconsin-Madison; ⋆. Feldera,,,,https://www.semanticscholar.org/paper/df8890d2f8e7051837c18d6da236cb8083e61903,0,78,semanticscholar,df8890d2f8e7051837c18d6da236cb8083e61903,CS009,S10,unknown-date,unknown-date
s2:e061d30508d2cfac3a75b520119bdebfb2304c09,Modular Termination Verification for Non-blocking Concurrency (Extended Version),2016,2016-03-16,Pedro da Rocha Pinto; Thomas Dinsdale-Young; Philippa Gardner; Julian Sutherland,,,,https://www.semanticscholar.org/paper/e061d30508d2cfac3a75b520119bdebfb2304c09,3,20,semanticscholar,e061d30508d2cfac3a75b520119bdebfb2304c09,CS009;CS016,A27;S10,included,included
s2:e18daa1c33702ab0f59da63729c0067992474319,Refinement Verification of Concurrent Programs and Its Applications,2014,,Hongjin Liang; Xinyu Feng; Zhong Shao,,,,https://www.semanticscholar.org/paper/e18daa1c33702ab0f59da63729c0067992474319,5,73,semanticscholar,e18daa1c33702ab0f59da63729c0067992474319,CS029,S42,included,included
s2:e23204329c83db72aca1e57bea696cdf2701dc03,"Verifying a concurrent, crash-safe file system with sequential reasoning",2022,,Tej Chajed,,,,https://www.semanticscholar.org/paper/e23204329c83db72aca1e57bea696cdf2701dc03,2,0,semanticscholar,e23204329c83db72aca1e57bea696cdf2701dc03,CS026,S27,included,included
s2:e4bad30fa3e3dc4c8b984fc57aec0b54d18aff69,Weak-memory local reasoning,2012,2012-12-01,Ian Wehrman,,,,https://www.semanticscholar.org/paper/e4bad30fa3e3dc4c8b984fc57aec0b54d18aff69,2,37,semanticscholar,e4bad30fa3e3dc4c8b984fc57aec0b54d18aff69,CS009,S10,included,included
s2:e9fe69ab0651b66673bbd8c844b4b886b9a10c6e,Under Consideration for Publication in Formal Aspects of Computing Proving Linearizability with Temporal Logic,,,S. Bäumler; G. Schellhorn; B. Tofan; W. Reif,,,,https://www.semanticscholar.org/paper/e9fe69ab0651b66673bbd8c844b4b886b9a10c6e,27,49,semanticscholar,e9fe69ab0651b66673bbd8c844b4b886b9a10c6e,CS027,S38,unknown-date,unknown-date
s2:ea7fc6f5b0d77f207285cda139fff36de4d06ab5,Ghost Signals: Verifying Termination of Busy Waiting (Technical Report),2021,,Tobias Reinhard,,,,https://www.semanticscholar.org/paper/ea7fc6f5b0d77f207285cda139fff36de4d06ab5,3,4,semanticscholar,ea7fc6f5b0d77f207285cda139fff36de4d06ab5,CS011,S15,included,included
s2:eb49783859916bdfb4ea82f8adf98d289da70715,Science of Computer Programming,,,G. Schellhorn; Stefan Bodenmüller; W. Reif,,,,https://www.semanticscholar.org/paper/eb49783859916bdfb4ea82f8adf98d289da70715,0,47,semanticscholar,eb49783859916bdfb4ea82f8adf98d289da70715,CS009;CS018,S10;S28,unknown-date,unknown-date
s2:ec34b36be557d2a14fb91f170d28b87b765160ca,Semantics of types for mutable state,2004,,Amal J. Ahmed,,,,https://www.semanticscholar.org/paper/ec34b36be557d2a14fb91f170d28b87b765160ca,173,126,semanticscholar,ec34b36be557d2a14fb91f170d28b87b765160ca,CS012,S16,included,included
s2:f1269591359fddc20f95da10c7bd4c054080b447,Principles of model checking,2008,2008-04-25,C. Baier; J. Katoen,,,,https://www.semanticscholar.org/paper/f1269591359fddc20f95da10c7bd4c054080b447,6072,399,semanticscholar,f1269591359fddc20f95da10c7bd4c054080b447,CS002;CS030;CS031,S02;S44;S45,included,included
s2:f4b2b0de7cce93dee900b02a634e5c951666871f,An Evaluation of Exhaustive Testing for Data Structures,2003,,D. Marinov; Alexandr Andoni; D. Daniliuc; S. Khurshid; M. Rinard,,,,https://www.semanticscholar.org/paper/f4b2b0de7cce93dee900b02a634e5c951666871f,68,53,semanticscholar,f4b2b0de7cce93dee900b02a634e5c951666871f,CS030,S44,included,included
s2:f9e32c365e671432569fea0f22e25923f26cbb16,Compiler and runtime techniques to identify and optimize atomic blocks in parallel programs,2014,,Stefan Kempf,,,,https://www.semanticscholar.org/paper/f9e32c365e671432569fea0f22e25923f26cbb16,1,101,semanticscholar,f9e32c365e671432569fea0f22e25923f26cbb16,CS009,S10,included,included
s2:fb197d49a0fa49b82b1f6947bc876ccdea68f76f,Commutativity For Concurrent Program Termination Proofs (Extended Version),2023,,Danya Lette; Azadeh Farzan,,,,https://www.semanticscholar.org/paper/fb197d49a0fa49b82b1f6947bc876ccdea68f76f,0,34,semanticscholar,fb197d49a0fa49b82b1f6947bc876ccdea68f76f,CS028,S40,included,included
s2:fb5c5c517e12c5d0183101013040e9f73f76a472,Analysis of recursive types in an imperative language,1994,,Edward Wang; P. Hilfinger,,,,https://www.semanticscholar.org/paper/fb5c5c517e12c5d0183101013040e9f73f76a472,17,36,semanticscholar,fb5c5c517e12c5d0183101013040e9f73f76a472,CS030,S44,included,included
s2:fdbae42fddad6fbd979527cb4878b891d161312b,Practical Foundations for Programming Languages (2nd. Ed.),2016,,R. Harper,,,,https://www.semanticscholar.org/paper/fdbae42fddad6fbd979527cb4878b891d161312b,73,0,semanticscholar,fdbae42fddad6fbd979527cb4878b891d161312b,CS023,S35,included,included
s2:fdfb5caf6102324e8e727805a786a7654512c3f0,The SPARC architecture manual : version 9,1994,,D. Weaver; Tom Gremond,,,,https://www.semanticscholar.org/paper/fdfb5caf6102324e8e727805a786a7654512c3f0,530,6,semanticscholar,fdfb5caf6102324e8e727805a786a7654512c3f0,CS001,S01,included,included
seed:s30,Marrying Miri and GenMC: Improving Miri's Ability to Detect Concurrency Bugs,2025,,,,,,,,,seed-catalog,,CS020,S30,included,included
unknown:semanticscholar:cs001:references:0:45,Nissim Francez,1986,,,,,,,,,semanticscholar,,CS001,S01,included,included
unknown:semanticscholar:cs001:references:0:47,Coq proof scripts and supplementary material for this paper (enclosed with submission),,,,,,Supp 2020,,,,semanticscholar,,CS001,S01,unknown-date,unknown-date
unknown:semanticscholar:cs001:references:0:48,"OOPSLA, Article 98. Publication date",,,,,,Proc. ACM Program. Lang,,,,semanticscholar,,CS001,S01,unknown-date,unknown-date
unknown:semanticscholar:cs001:references:0:49,"Anton Podkopaev, and Viktor Vafeiadis. 2021a. Making Weak Memory Models Fair",,,,,,,,,,semanticscholar,,CS001,S01,unknown-date,unknown-date
unknown:semanticscholar:cs002:references:0:28,The Coq Development Team,2021,,,,,The Coq Proof Assistant,,,,semanticscholar,,CS002,S02,included,included
unknown:semanticscholar:cs002:references:0:30,"Computing Machinery, New York, NY, USA, 385–399",2017,,,,,Proc. ACM Program. Lang,,,,semanticscholar,,CS002,S02,included,included
unknown:semanticscholar:cs002:references:0:31,Algorithmic Veri cation of Linear Temporal Logic Speci cations,2007,,,,,,,,,semanticscholar,,CS002,S02,included,included
unknown:semanticscholar:cs002:references:0:33,2023. PLDI23 artifact for Fair Operational Semantics,,,,,,,,,,semanticscholar,,CS002,S02,unknown-date,unknown-date
unknown:semanticscholar:cs002:references:0:34,"Anton Podkopaev, and Viktor Vafeiadis",,,,,,Proc. ACM Program. Lang,,,,semanticscholar,,CS002,S02,unknown-date,unknown-date
unknown:semanticscholar:cs002:references:0:35,"Soonwon Moon, Youngju Song, and Chung-Kil Hur Computing Machinery",,,,,,,,,,semanticscholar,,CS002,S02,unknown-date,unknown-date
unknown:semanticscholar:cs002:references:0:36,Received 2022-11-10; accepted 2023-03-31,,,,,,Proc. ACM Program. Lang.,,,,semanticscholar,,CS002,S02,unknown-date,unknown-date
unknown:semanticscholar:cs004:references:0:33,An HLSL implementation of prefix-scan,2021,,,,,://github.com/linebender/vello/blob/custom-hal-archive-with-shaders/tests/shader/prefix.comp,,,,semanticscholar,,CS004,S05,included,included
unknown:semanticscholar:cs004:references:0:34,Prefix sum on Vulkan,2020,,,,,raphlinus.github,,,,semanticscholar,,CS004,S05,included,included
unknown:semanticscholar:cs004:references:0:36,Syntaxandsemanticsoftheweakconsistencymodelspecification language CAT,2016,,,,,CoRR abs,,,,semanticscholar,,CS004,S05,included,included
unknown:semanticscholar:cs004:references:0:37,A Shared Memory Poetics,2010,,,,,Thèse de doctorat. L’université Paris Denis Diderot. Proc. ACM Program. Lang.,,,,semanticscholar,,CS004,S05,included,included
unknown:semanticscholar:cs004:references:0:40,"weak: a message passing pattern repeats until success. This test fails to terminate on memory models that require barriers to make message passing work, i.e., anything weaker than TSO",,,,,,,,,,semanticscholar,,CS004,S05,unknown-date,unknown-date
unknown:semanticscholar:cs004:references:0:41,S4C Safe and Scalable System Software Concurrency,,,,,,libvsync,,,,semanticscholar,,CS004,S05,unknown-date,unknown-date
unknown:semanticscholar:cs004:references:0:42,2025. Scanbox: A tunable and portable GPU prefix scan implementation in Vulkan and WebGPU,,,,,,Bachelor’s thesis,,,,semanticscholar,,CS004,S05,unknown-date,unknown-date
unknown:semanticscholar:cs004:references:0:43,"ii) A load instruction 𝑟 : = load ( 𝑙 ) assign a non-deterministically chosen value 𝑣 to register 𝑟 , and emits the read event R ( 𝑙, 𝑣",,,,,,,,,,semanticscholar,,CS004,S05,unknown-date,unknown-date
unknown:semanticscholar:cs004:references:0:44,2022. New subcategory: Termination concurrent,,,,,,:/,,,,semanticscholar,,CS004,S05,unknown-date,unknown-date
unknown:semanticscholar:cs004:references:0:45,2025. Do Subgroup Shuffle Intrinsics require a preceeding OpControlBarrier with scope at least Subgroup to avoid UB?,,,,,,github,,,,semanticscholar,,CS004,S05,unknown-date,unknown-date
unknown:semanticscholar:cs004:references:0:46,(iv) Read-modify-write (rmw) instructions come in multiple flavors depending on what local modifications they do and if they are guaranteed to succeed,,,,,,"all cases, a rmw can be understood as a load, followed by a sequence of local instructions, and possibly a final store",,,,semanticscholar,,CS004,S05,unknown-date,unknown-date
unknown:semanticscholar:cs004:references:0:47,2024. [libc++] Incorrect memory order in atomic wait,,,,,,github,,,,semanticscholar,,CS004,S05,unknown-date,unknown-date
unknown:semanticscholar:cs004:references:0:48,2025. Recurrence Sets for Proving Fair Non-termination under Axiomatic Memory Consistency Models (Artifact),,,,,,,,,,semanticscholar,,CS004,S05,unknown-date,unknown-date
unknown:semanticscholar:cs004:references:0:49,iii) A fence instructions emits a fence event containing the name/kind of the fence,,,,,,,,,,semanticscholar,,CS004,S05,unknown-date,unknown-date
unknown:semanticscholar:cs006:references:0:67,Accompanying supplementary materials and Coq development of Compass,2021,,,,,plv.mpi-sws.org/compass/,,,,semanticscholar,,CS006,S07,included,included
unknown:semanticscholar:cs006:references:0:71,Correct and efficient work-stealing for weak memory 807 Compass: Strong and Compositional Library Specifications in Relaxed Memory Separation Logic PLDI ’22,2013,,,,,"June 13ś17,",,,,semanticscholar,,CS006,S07,included,included
unknown:semanticscholar:cs006:references:0:73,Systems Programming: Coping with Parallelism. International Business Machines Incorporated,1986,,,,,,,,,semanticscholar,,CS006,S07,included,included
unknown:semanticscholar:cs006:references:0:74,Compass: Strong and Compositional Library Specifications in Relaxed Memory models,,,,,,"ACM SIGPLAN Symposium on Principles and Practice of Parallel Programming, PPoPP ’13, Shenzhen, China, February 23-27, 2013",,,,semanticscholar,,CS006,S07,unknown-date,unknown-date
unknown:semanticscholar:cs006:references:0:75,"Logic PLDI ’22, June 13–17, 2022, San Diego, CA, USA",,,,,,,,,,semanticscholar,,CS006,S07,unknown-date,unknown-date
unknown:semanticscholar:cs007:references:0:45,Systems Programming: Coping with Parallelism,1986,,,,,books,,,,semanticscholar,,CS007,S08,included,included
unknown:semanticscholar:cs007:references:0:46,"The interpretation predicate interp ( 𝐻, 𝜋",,,,,,fully,,,,semanticscholar,,CS007,S08,unknown-date,unknown-date
unknown:semanticscholar:cs007:references:0:47,Before attempting to restore the stack invariant,,,,,,Diaframe stops and asks whether the linearization point happens now or later,,,,semanticscholar,,CS007,S08,unknown-date,unknown-date
unknown:semanticscholar:cs007:references:0:48,"C3 Inferring the logical state : In the SC model, the logical state of an object invariant is often straightforward to infer from the physical state",,,,,,contrast,,,,semanticscholar,,CS007,S08,unknown-date,unknown-date
unknown:semanticscholar:cs007:references:0:49,The third line of the stack predicate ( ∀ 𝑒 ′ 𝑠 ∈ dom ( 𝐻 𝑠 ⊎ { 𝑒 𝑠 ↦→ . . . }) . . . . ),,,,,,,,,,semanticscholar,,CS007,S08,unknown-date,unknown-date
unknown:semanticscholar:cs007:references:0:50,The specification Stack-Try-Pop-Spec-Comp dictates the insertion of the EmptyPop event,,,,,,means,,,,semanticscholar,,CS007,S08,unknown-date,unknown-date
unknown:semanticscholar:cs008:references:0:39,Verifying linearisability: A comparative survey,2015,,,,,"ACM Comput. Surv., 48(2):19:1–19:43",,,,semanticscholar,,CS008,S09,included,included
unknown:semanticscholar:cs008:references:0:40,"GPS: navigating weak memory with ghosts, protocols, and separation",2014,,,,,"A. P. Black and T. D. Millstein, editors, OOPSLA, pages 691–707. ACM,",,,,semanticscholar,,CS008,S09,included,included
unknown:semanticscholar:cs008:references:0:42,Systems programming: Coping with parallelism,1986,,,,,"Technical Report RJ 5118, IBM Almaden Res. Ctr.",,,,semanticscholar,,CS008,S09,included,included
unknown:semanticscholar:cs008:references:0:43,"Isabelle files for ""Operationally Verifying C11-style Weak Memory Libraries",,,,,,,,,,semanticscholar,,CS008,S09,unknown-date,unknown-date
unknown:semanticscholar:cs010:references:0:38,"A Higher-Order, Relational Concurrent Separation Logic for Liveness 125:27 Languages (Philadelphia, PA, USA) (",,,,,,POPL,,,,semanticscholar,,CS010,S14,unknown-date,unknown-date
unknown:semanticscholar:cs010:references:0:39,"Lilo facilitates inter-/intra-thread modular liveness reasoning through abstractions called progress credits , obligation list , and promises (addresses (P5)",,,,,,,,,,semanticscholar,,CS010,S14,unknown-date,unknown-date
unknown:semanticscholar:cs010:references:0:40,2023. Non-Step-Indexed Separation Logic with Invariants and Rust-Style Borrows,,,,,,Ph.D. Dissertation,,,,semanticscholar,,CS010,S14,unknown-date,unknown-date
unknown:semanticscholar:cs010:references:0:41,"Lilo extends beyond termination to prove general liveness properties, including those involving non-termination, through refinement proofs between concurrent programs (addresses (P2))",,,,,,,,,,semanticscholar,,CS010,S14,unknown-date,unknown-date
unknown:semanticscholar:cs010:references:0:42,"Lilo incorporates flexible Iris-style invariants [21, 23] and powerful modular specifications that support non-local linearization points (addresses (P1), (P3), (",,,,,,,,,,semanticscholar,,CS010,S14,unknown-date,unknown-date
unknown:semanticscholar:cs011:references:0:35,"26 Namakonov, Fasse",,,,,,,,,,semanticscholar,,CS011,S15,unknown-date,unknown-date
unknown:semanticscholar:cs011:references:0:36,"2026a. Artifact for the ""Lawyer: Modular Obligations-Based Liveness Reasoning in Higher-Order Impredicative Concurrent Separation Logic""",,,,,,paper of OOPSLA’26,,,,semanticscholar,,CS011,S15,unknown-date,unknown-date
unknown:semanticscholar:cs011:references:0:37,Received 2025-10-10; accepted 2026-02-17,,,,,,Proc.,,,,semanticscholar,,CS011,S15,unknown-date,unknown-date
unknown:semanticscholar:cs011:references:0:38,2025a. Supplementary Rocq development for the Lawyer paper,,,,,,,,,,semanticscholar,,CS011,S15,unknown-date,unknown-date
unknown:semanticscholar:cs012:references:0:33,hocap_spec.v. url: https,2022,,,,,gitlab . mpi - sws . org / iris / examples/-/blob/9e91b442ec18f941f12d5839185373876d5bf1d9/theories/logatom/ elimination_stack/hocap_spec.v (visited on 12/26/2022),,,,semanticscholar,,CS012,S16,included,included
unknown:semanticscholar:cs012:references:0:34,Theory Multiset. url: https://isabelle.in.tum.de/library/HOL/HOL- Library/ Multiset.html (visited on 11/28/2022),2022,,,,,,,,,semanticscholar,,CS012,S16,included,included
unknown:semanticscholar:cs012:references:0:37,“Iris from the Ground Up”,2017,,,,,Submitted to JFP,,,,semanticscholar,,CS012,S16,included,included
unknown:semanticscholar:cs012:references:0:41,0 Reference,,,,,,The Iris,,,,semanticscholar,,CS012,S16,unknown-date,unknown-date
unknown:semanticscholar:cs012:references:0:42,concurrent_stacks,,,,,,theories/concurrent_stacks,,,,semanticscholar,,CS012,S16,unknown-date,unknown-date
unknown:semanticscholar:cs012:references:0:43,Vardi . “ Program verification : vision and reality ”,,,,,,,,,,semanticscholar,,CS012,S16,unknown-date,unknown-date
unknown:semanticscholar:cs012:references:0:44,Andrei Popescu Jasmin Blanchette Dmitriy Traytel Mathias Fleury Martin Deshar-nais Tobias Nipkow Markus Wenzel Lawrence C Paulson Norbert Voelker,,,,,,Theory Multiset,,,,semanticscholar,,CS012,S16,unknown-date,unknown-date
unknown:semanticscholar:cs022:references:0:50,RELINCHE: Automatically Checking Linearizability under Relaxed Memory Consistency (Replication Package),2024,,,,,,,,,semanticscholar,,CS022,S33,included,included
unknown:semanticscholar:cs022:references:0:54,Received 2024-07-11; accepted 2024-11-07,,,,,,Proc. ACM Program. Lang.,,,,semanticscholar,,CS022,S33,unknown-date,unknown-date
unknown:semanticscholar:cs022:references:0:55,Concurrency Kit,,,,,,github.com/concurrencykit/ck,,,,semanticscholar,,CS022,S33,unknown-date,unknown-date
unknown:semanticscholar:cs022:references:0:56,CDS C++ library,,,,,,github.com/khizmax/libcds,,,,semanticscholar,,CS022,S33,unknown-date,unknown-date
unknown:semanticscholar:cs022:references:0:57,"a specification where, in addition to (R), all insertions synchronize with each other, and",,,,,,,,,,semanticscholar,,CS022,S33,unknown-date,unknown-date
unknown:semanticscholar:cs022:references:0:58,"To answer these questions, we conducted three case studies on a set of challenging concurrent structures",,,,,,Proc. ACM Program. Lang.,,,,semanticscholar,,CS022,S33,unknown-date,unknown-date
unknown:semanticscholar:cs023:references:0:47,MPL Contributors,2026,,,,,:,,,,semanticscholar,,CS023,S35,unknown-date,unknown-date
unknown:semanticscholar:cs023:references:0:48,MPL: A High-Performance Compiler for Parallel ML,2020,,,,,github,,,,semanticscholar,,CS023,S35,included,included
unknown:semanticscholar:cs023:references:0:52,Systems programming: Coping with parallelism,1986,,,,,dominoweb.draco.res.,,,,semanticscholar,,CS023,S35,included,included
unknown:semanticscholar:cs023:references:0:54,2024. The CFML tool and library,,,,,,http://www.chargueraud.org/softs/cfml/,,,,semanticscholar,,CS023,S35,unknown-date,unknown-date
unknown:semanticscholar:cs023:references:0:55,2026. The atomic triple library of the Iris framework,,,,,,:/,,,,semanticscholar,,CS023,S35,unknown-date,unknown-date
unknown:semanticscholar:cs023:references:0:57,2025. Formally Verified Cost of the Parallel Prefix Sum Algorithm,,,,,,cs.cmu.edu/ ~runmingl/student/zhou-scan.pdf,,,,semanticscholar,,CS023,S35,unknown-date,unknown-date
unknown:semanticscholar:cs026:references:0:24,2023b. Spirea: A Mechanized Concurrent Separation Logic for Weak Persistent Memory (Extended With Appendix),2023,,,,,iris-project,,,,semanticscholar,,CS026,S27,included,included
unknown:semanticscholar:cs026:references:0:28,36 Simon Friis Vindum and Lars Birkedal,2020,,,,,USENIX,,,,semanticscholar,,CS026,S27,included,included
unknown:semanticscholar:cs026:references:0:33,Crash-aware invariants,,,,,,,,,,semanticscholar,,CS026,S27,unknown-date,unknown-date
unknown:semanticscholar:cs026:references:0:34,"An assortment of features to handle persistent memory instructions: Post-fence modalities , a post-crash flush modality , and state lower-bounds",,,,,,w.r.t. fences,,,,semanticscholar,,CS026,S27,unknown-date,unknown-date
unknown:semanticscholar:cs027:citations:0:16,Institutional Knowledge at Singapore Management University Institutional Knowledge at Singapore Management University,,,,,,,,,,semanticscholar,,CS027,S38,unknown-date,unknown-date
unknown:semanticscholar:cs027:citations:0:17,Universität Augsburg Proving Linearizability with Temporal Logic,,,,,,,,,,semanticscholar,,CS027,S38,unknown-date,unknown-date
unknown:semanticscholar:cs028:references:0:40,"PLDI, pp",2021,,,,,292–304. ACM 123 302 Formal Methods in System Design,,,,semanticscholar,,CS028,S40,included,included
unknown:semanticscholar:cs028:references:0:41,Coachman,2019,,,,,:,,,,semanticscholar,,CS028,S40,included,included
unknown:semanticscholar:cs028:references:0:43,Systems programming: Coping with parallelism,1986,,,,,"Tech. Rep. RJ 5118,",,,,semanticscholar,,CS028,S40,included,included
unknown:semanticscholar:cs028:references:0:45,Publisher's Note Springer Nature remains neutral with regard to jurisdictional claims in published maps and institutional affiliations,,,,,,,,,,semanticscholar,,CS028,S40,unknown-date,unknown-date
unknown:semanticscholar:cs028:references:0:46,We extend our experiments (Sect. 5) to include nine additional benchmark cases,,,,,,addition to the conference version,,,,semanticscholar,,CS028,S40,unknown-date,unknown-date
unknown:semanticscholar:cs028:references:0:47,Most sequential bound analyzers target integer programs.,,,,,,,,,,semanticscholar,,CS028,S40,unknown-date,unknown-date
unknown:semanticscholar:cs028:references:0:48,"We reduce rely-guarantee bound analysis of concurrent pointer programs to bound analysis of sequential integer programs, and obtain an algorithm for bound analysis of lock-free algorithms",,,,,,(Sect. 4),,,,semanticscholar,,CS028,S40,unknown-date,unknown-date
unknown:semanticscholar:cs028:references:0:49,We instantiate our proof rules to derive a novel proof rule for parameterized systems,,,,,,automates reasoning about the unboundedly many threads of parameterized systems (Sect. 3.5),,,,semanticscholar,,CS028,S40,unknown-date,unknown-date
unknown:semanticscholar:cs030:references:0:176,"Years of Model Checking: History, Achievements, Perspectives, volume 5000 of Lecture",2008,,,,,"Notes in Computer Science,",,,,semanticscholar,,CS030,S44,included,included
unknown:semanticscholar:cs030:references:0:186,"Infinite Words: Automata, Semigroups",2004,,,,,"Logic and Games. Elsevier,",,,,semanticscholar,,CS030,S44,included,included
unknown:semanticscholar:cs030:references:0:187,Almost wait-free resizable hashtable,2004,,,,,"In Proceedings of the 18th International Parallel and Distributed Processing Symposium (IPDPS),",,,,semanticscholar,,CS030,S44,included,included
unknown:semanticscholar:cs030:references:0:207,Logics of Time and Computation. Number 7 in CSLI Lecture Notes,1992,,,,,"CSLI Publications,",,,,semanticscholar,,CS030,S44,included,included
unknown:semanticscholar:cs030:references:0:208,A nonblocking Compare-and-Swap algorithm for a shared circular queue,1991,,,,,"Proceedings of the IMACS/IFAC International Symposium on Parallel and Distributed Computing in Engineering Systems,",,,,semanticscholar,,CS030,S44,included,included
unknown:semanticscholar:cs030:references:0:214,Systems programming: Coping with parallelism,1986,,,,,"Technical Report RJ 5118,",,,,semanticscholar,,CS030,S44,included,included
unknown:semanticscholar:cs030:references:0:215,"USA, pages 238–252",1977,,,,,"ACM Press,",,,,semanticscholar,,CS030,S44,included,included
unknown:semanticscholar:cs031:references:0:28,Overcoming Memory Weakness with Uniﬁed Fairness - Systematic Veriﬁcation of Liveness in Weak Memory Models,2023,,,,,"Computer Aided Veriﬁcation - 35th International Conference, CAV 2023, Paris, France, July 17-22, 2023, Proceedings, Part I (Lecture Notes in Computer Science, Vol. 13964)",,,,semanticscholar,,CS031,S45,included,included
unknown:semanticscholar:cs031:references:0:31,64 and IA-32,2021,,,,,Intel,,,,semanticscholar,,CS031,S45,included,included
unknown:semanticscholar:cs031:references:0:33,"Anton Podkopaev, and Viktor Vafeiadis",2020,,,,,,,,,semanticscholar,,CS031,S45,included,included
unknown:semanticscholar:cs031:references:0:39,"works in Lines 17–20 of 𝑀 1 and have completed Line 17 of 𝑀 1 , and the rule 𝑟 2 of Line 7 of 𝑀 1 is (𝑞 1 , _ , _ , 𝑞 2 )",,,,,,then 𝑞 = 𝑞,,,,semanticscholar,,CS031,S45,unknown-date,unknown-date
unknown:semanticscholar:cs031:references:0:40,March 2024; revised 1 July 2025; accepted 3 September 2025,,,,,,,,,,semanticscholar,,CS031,S45,unknown-date,unknown-date
