provider,seed_id,screening_record_id,direction,edge_key,source_work_key,target_work_key,source_provider_id,target_provider_id,source_doi,target_doi,provider_edge_id,citing_publication_date,cutoff_status,raw_file
opencitations,CS001,S01,references,doi:10.1145/3485475->doi:10.1145/3290383,doi:10.1145/3485475,doi:10.1145/3290383,10.1145/3485475,10.1145/3290383,10.1145/3485475,10.1145/3290383,06202296744-06202297271,2021-10-20,included,raw/cs001-references-p0001-opencitations.json.gz
opencitations,CS001,S01,references,doi:10.1145/3485475->doi:10.1109/tse.1977.229904,doi:10.1145/3485475,doi:10.1109/tse.1977.229904,10.1145/3485475,10.1109/tse.1977.229904,10.1145/3485475,10.1109/tse.1977.229904,06202296744-062301965499,2021-10-20,included,raw/cs001-references-p0001-opencitations.json.gz
opencitations,CS001,S01,references,doi:10.1145/3485475->doi:10.1145/2627752,doi:10.1145/3485475,doi:10.1145/2627752,10.1145/3485475,10.1145/2627752,10.1145/3485475,10.1145/2627752,06202296744-06602632613,2021-10-20,included,raw/cs001-references-p0001-opencitations.json.gz
opencitations,CS001,S01,references,doi:10.1145/3485475->doi:10.1145/103727.103729,doi:10.1145/3485475,doi:10.1145/103727.103729,10.1145/3485475,10.1145/103727.103729,10.1145/3485475,10.1145/103727.103729,06202296744-061903526786,2021-10-20,included,raw/cs001-references-p0001-opencitations.json.gz
opencitations,CS001,S01,references,doi:10.1145/3485475->doi:10.1145/2103656.2103717,doi:10.1145/3485475,doi:10.1145/2103656.2103717,10.1145/3485475,10.1145/2103656.2103717,10.1145/3485475,10.1145/2103656.2103717,06202296744-061402975641,2021-10-20,included,raw/cs001-references-p0001-opencitations.json.gz
opencitations,CS001,S01,references,doi:10.1145/3485475->doi:10.1145/3290382,doi:10.1145/3485475,doi:10.1145/3290382,10.1145/3485475,10.1145/3290382,10.1145/3485475,10.1145/3290382,06202296744-06202297323,2021-10-20,included,raw/cs001-references-p0001-opencitations.json.gz
opencitations,CS001,S01,references,doi:10.1145/3485475->doi:10.1007/978-3-642-03359-9_27,doi:10.1145/3485475,doi:10.1007/978-3-642-03359-9_27,10.1145/3485475,10.1007/978-3-642-03359-9_27,10.1145/3485475,10.1007/978-3-642-03359-9_27,06202296744-061203081735,2021-10-20,included,raw/cs001-references-p0001-opencitations.json.gz
opencitations,CS001,S01,references,doi:10.1145/3485475->doi:10.1145/3173162.3177156,doi:10.1145/3485475,doi:10.1145/3173162.3177156,10.1145/3485475,10.1145/3173162.3177156,10.1145/3485475,10.1145/3173162.3177156,06202296744-061102358079,2021-10-20,included,raw/cs001-references-p0001-opencitations.json.gz
opencitations,CS001,S01,references,doi:10.1145/3485475->doi:10.1145/3158107,doi:10.1145/3485475,doi:10.1145/3158107,10.1145/3485475,10.1145/3158107,10.1145/3485475,10.1145/3158107,06202296744-06202297469,2021-10-20,included,raw/cs001-references-p0001-opencitations.json.gz
opencitations,CS001,S01,references,doi:10.1145/3485475->doi:10.1007/978-3-662-43951-7_14,doi:10.1145/3485475,doi:10.1007/978-3-662-43951-7_14,10.1145/3485475,10.1007/978-3-662-43951-7_14,10.1145/3485475,10.1007/978-3-662-43951-7_14,06202296744-06603066934,2021-10-20,included,raw/cs001-references-p0001-opencitations.json.gz
opencitations,CS001,S01,references,doi:10.1145/3485475->doi:10.1007/3-540-10843-2_22,doi:10.1145/3485475,doi:10.1007/3-540-10843-2_22,10.1145/3485475,10.1007/3-540-10843-2_22,10.1145/3485475,10.1007/3-540-10843-2_22,06202296744-06503233283,2021-10-20,included,raw/cs001-references-p0001-opencitations.json.gz
opencitations,CS001,S01,references,doi:10.1145/3485475->doi:10.1109/tc.1979.1675439,doi:10.1145/3485475,doi:10.1109/tc.1979.1675439,10.1145/3485475,10.1109/tc.1979.1675439,10.1145/3485475,10.1109/tc.1979.1675439,06202296744-062201331177,2021-10-20,included,raw/cs001-references-p0001-opencitations.json.gz
opencitations,CS001,S01,references,doi:10.1145/3485475->doi:10.4230/lipics.disc.2017.23,doi:10.1145/3485475,doi:10.4230/lipics.disc.2017.23,10.1145/3485475,10.4230/lipics.disc.2017.23,10.1145/3485475,10.4230/lipics.disc.2017.23,06202296744-06703979907,2021-10-20,included,raw/cs001-references-p0001-opencitations.json.gz
opencitations,CS001,S01,references,doi:10.1145/3485475->doi:10.1145/1040305.1040336,doi:10.1145/3485475,doi:10.1145/1040305.1040336,10.1145/3485475,10.1145/1040305.1040336,10.1145/3485475,10.1145/1040305.1040336,06202296744-062503354939,2021-10-20,included,raw/cs001-references-p0001-opencitations.json.gz
opencitations,CS001,S01,references,doi:10.1145/3485475->doi:10.1145/3158105,doi:10.1145/3485475,doi:10.1145/3158105,10.1145/3485475,10.1145/3158105,10.1145/3485475,10.1145/3158105,06202296744-06202297467,2021-10-20,included,raw/cs001-references-p0001-opencitations.json.gz
opencitations,CS001,S01,references,doi:10.1145/3485475->doi:10.1145/1047659.1040336,doi:10.1145/3485475,doi:10.1145/1047659.1040336,10.1145/3485475,10.1145/1047659.1040336,10.1145/3485475,10.1145/1047659.1040336,06202296744-0622089851,2021-10-20,included,raw/cs001-references-p0001-opencitations.json.gz
opencitations,CS001,S01,references,doi:10.1145/3485475->doi:10.1007/3-540-10007-5_47,doi:10.1145/3485475,doi:10.1007/3-540-10007-5_47,10.1145/3485475,10.1007/3-540-10007-5_47,10.1145/3485475,10.1007/3-540-10007-5_47,06202296744-061703144025,2021-10-20,included,raw/cs001-references-p0001-opencitations.json.gz
opencitations,CS001,S01,references,doi:10.1145/3485475->doi:10.1007/978-1-4612-4886-6,doi:10.1145/3485475,doi:10.1007/978-1-4612-4886-6,10.1145/3485475,10.1007/978-1-4612-4886-6,10.1145/3485475,10.1007/978-1-4612-4886-6,06202296744-06403295469,2021-10-20,included,raw/cs001-references-p0001-opencitations.json.gz
opencitations,CS001,S01,references,doi:10.1145/3485475->doi:10.5281/zenodo.5496483,doi:10.1145/3485475,doi:10.5281/zenodo.5496483,10.1145/3485475,10.5281/zenodo.5496483,10.1145/3485475,10.5281/zenodo.5496483,06202296744-06490142162,2021-10-20,included,raw/cs001-references-p0001-opencitations.json.gz
opencitations,CS001,S01,references,doi:10.1145/3485475->doi:10.1145/3360559,doi:10.1145/3485475,doi:10.1145/3360559,10.1145/3485475,10.1145/3360559,10.1145/3485475,10.1145/3360559,06202296744-06202297210,2021-10-20,included,raw/cs001-references-p0001-opencitations.json.gz
opencitations,CS001,S01,references,doi:10.1145/3485475->doi:10.1007/978-3-642-37036-6_29,doi:10.1145/3485475,doi:10.1007/978-3-642-37036-6_29,10.1145/3485475,10.1007/978-3-642-37036-6_29,10.1145/3485475,10.1007/978-3-642-37036-6_29,06202296744-06503137942,2021-10-20,included,raw/cs001-references-p0001-opencitations.json.gz
opencitations,CS001,S01,references,doi:10.1145/3485475->doi:10.1145/3434285,doi:10.1145/3485475,doi:10.1145/3434285,10.1145/3485475,10.1145/3434285,10.1145/3485475,10.1145/3434285,06202296744-06202296899,2021-10-20,included,raw/cs001-references-p0001-opencitations.json.gz
opencitations,CS001,S01,references,doi:10.1145/3485475->doi:10.1145/3009837.3009850,doi:10.1145/3485475,doi:10.1145/3009837.3009850,10.1145/3485475,10.1145/3009837.3009850,10.1145/3485475,10.1145/3009837.3009850,06202296744-061502479414,2021-10-20,included,raw/cs001-references-p0001-opencitations.json.gz
opencitations,CS001,S01,references,doi:10.1145/3485475->doi:10.4230/lipics.concur.2015.58,doi:10.1145/3485475,doi:10.4230/lipics.concur.2015.58,10.1145/3485475,10.4230/lipics.concur.2015.58,10.1145/3485475,10.4230/lipics.concur.2015.58,06202296744-06903600306,2021-10-20,included,raw/cs001-references-p0001-opencitations.json.gz
opencitations,CS001,S01,references,doi:10.1145/3485475->doi:10.1145/2837614.2837643,doi:10.1145/3485475,doi:10.1145/2837614.2837643,10.1145/3485475,10.1145/2837614.2837643,10.1145/3485475,10.1145/2837614.2837643,06202296744-06301935237,2021-10-20,included,raw/cs001-references-p0001-opencitations.json.gz
opencitations,CS001,S01,references,doi:10.1145/3485475->doi:10.1145/3192366.3192421,doi:10.1145/3485475,doi:10.1145/3192366.3192421,10.1145/3485475,10.1145/3192366.3192421,10.1145/3485475,10.1145/3192366.3192421,06202296744-0603920940,2021-10-20,included,raw/cs001-references-p0001-opencitations.json.gz
opencitations,CS001,S01,references,doi:10.1145/3485475->doi:10.4230/lipics.ecoop.2017.17,doi:10.1145/3485475,doi:10.4230/lipics.ecoop.2017.17,10.1145/3485475,10.4230/lipics.ecoop.2017.17,10.1145/3485475,10.4230/lipics.ecoop.2017.17,06202296744-062503561954,2021-10-20,included,raw/cs001-references-p0001-opencitations.json.gz
opencitations,CS001,S01,references,doi:10.1145/3485475->doi:10.1145/3314221.3314609,doi:10.1145/3485475,doi:10.1145/3314221.3314609,10.1145/3485475,10.1145/3314221.3314609,10.1145/3485475,10.1145/3314221.3314609,06202296744-062602316838,2021-10-20,included,raw/cs001-references-p0001-opencitations.json.gz
opencitations,CS001,S01,references,doi:10.1145/3485475->doi:10.1145/2914770.2837643,doi:10.1145/3485475,doi:10.1145/2914770.2837643,10.1145/3485475,10.1145/2914770.2837643,10.1145/3485475,10.1145/2914770.2837643,06202296744-0614090422,2021-10-20,included,raw/cs001-references-p0001-opencitations.json.gz
opencitations,CS001,S01,references,doi:10.1145/3485475->doi:10.1145/3314221.3314604,doi:10.1145/3485475,doi:10.1145/3314221.3314604,10.1145/3485475,10.1145/3314221.3314604,10.1145/3485475,10.1145/3314221.3314604,06202296744-06202675200,2021-10-20,included,raw/cs001-references-p0001-opencitations.json.gz
opencitations,CS001,S01,references,doi:10.1145/3485475->doi:10.48456/tr-745,doi:10.1145/3485475,doi:10.48456/tr-745,10.1145/3485475,10.48456/tr-745,10.1145/3485475,10.48456/tr-745,06202296744-06504291291,2021-10-20,included,raw/cs001-references-p0001-opencitations.json.gz
opencitations,CS001,S01,references,doi:10.1145/3485475->doi:10.1145/2676726.2676995,doi:10.1145/3485475,doi:10.1145/2676726.2676995,10.1145/3485475,10.1145/2676726.2676995,10.1145/3485475,10.1145/2676726.2676995,06202296744-06101957506,2021-10-20,included,raw/cs001-references-p0001-opencitations.json.gz
opencitations,CS001,S01,references,doi:10.1145/3485475->doi:10.1145/3445814.3446748,doi:10.1145/3485475,doi:10.1145/3445814.3446748,10.1145/3485475,10.1145/3445814.3446748,10.1145/3485475,10.1145/3445814.3446748,06202296744-061103183070,2021-10-20,included,raw/cs001-references-p0001-opencitations.json.gz
opencitations,CS001,S01,references,doi:10.1145/3485475->doi:10.1007/978-3-319-96142-2_21,doi:10.1145/3485475,doi:10.1007/978-3-319-96142-2_21,10.1145/3485475,10.1007/978-3-319-96142-2_21,10.1145/3485475,10.1007/978-3-319-96142-2_21,06202296744-061102209708,2021-10-20,included,raw/cs001-references-p0001-opencitations.json.gz
opencitations,CS001,S01,references,doi:10.1145/3485475->doi:10.1145/3062341.3062352,doi:10.1145/3485475,doi:10.1145/3062341.3062352,10.1145/3485475,10.1145/3062341.3062352,10.1145/3485475,10.1145/3062341.3062352,06202296744-06801863793,2021-10-20,included,raw/cs001-references-p0001-opencitations.json.gz
opencitations,CS001,S01,references,doi:10.1145/3485475->doi:10.1145/3428262,doi:10.1145/3485475,doi:10.1145/3428262,10.1145/3485475,10.1145/3428262,10.1145/3485475,10.1145/3428262,06202296744-06202296928,2021-10-20,included,raw/cs001-references-p0001-opencitations.json.gz
opencitations,CS001,S01,references,doi:10.1145/3485475->doi:10.1145/3485475,doi:10.1145/3485475,doi:10.1145/3485475,10.1145/3485475,10.1145/3485475,10.1145/3485475,10.1145/3485475,06202296744-06202296744,2021-10-20,included,raw/cs001-references-p0001-opencitations.json.gz
opencitations,CS001,S01,references,doi:10.1145/3485475->doi:10.1007/978-3-030-03592-1_19,doi:10.1145/3485475,doi:10.1007/978-3-030-03592-1_19,10.1145/3485475,10.1007/978-3-030-03592-1_19,10.1145/3485475,10.1007/978-3-030-03592-1_19,06202296744-061602168150,2021-10-20,included,raw/cs001-references-p0001-opencitations.json.gz
opencitations,CS001,S01,references,doi:10.1145/3485475->doi:10.1007/978-3-030-81685-8_20,doi:10.1145/3485475,doi:10.1007/978-3-030-81685-8_20,10.1145/3485475,10.1007/978-3-030-81685-8_20,10.1145/3485475,10.1007/978-3-030-81685-8_20,06202296744-06702106984,2021-10-20,included,raw/cs001-references-p0001-opencitations.json.gz
opencitations,CS001,S01,references,doi:10.1145/3485475->doi:10.1145/1926385.1926394,doi:10.1145/3485475,doi:10.1145/1926385.1926394,10.1145/3485475,10.1145/1926385.1926394,10.1145/3485475,10.1145/1926385.1926394,06202296744-061503155181,2021-10-20,included,raw/cs001-references-p0001-opencitations.json.gz
opencitations,CS001,S01,references,doi:10.1145/3485475->doi:10.1145/3093333.3009850,doi:10.1145/3485475,doi:10.1145/3093333.3009850,10.1145/3485475,10.1145/3093333.3009850,10.1145/3485475,10.1145/3093333.3009850,06202296744-0613091251,2021-10-20,included,raw/cs001-references-p0001-opencitations.json.gz
opencitations,CS001,S01,references,doi:10.1145/3485475->doi:10.1145/2837614.2837615,doi:10.1145/3485475,doi:10.1145/2837614.2837615,10.1145/3485475,10.1145/2837614.2837615,10.1145/3485475,10.1145/2837614.2837615,06202296744-062503817199,2021-10-20,included,raw/cs001-references-p0001-opencitations.json.gz
opencitations,CS001,S01,references,doi:10.1145/3485475->doi:10.1007/978-3-642-22012-8_34,doi:10.1145/3485475,doi:10.1007/978-3-642-22012-8_34,10.1145/3485475,10.1007/978-3-642-22012-8_34,10.1145/3485475,10.1007/978-3-642-22012-8_34,06202296744-061802808377,2021-10-20,included,raw/cs001-references-p0001-opencitations.json.gz
opencitations,CS001,S01,references,doi:10.1145/3485475->doi:10.1145/2858788.2688503,doi:10.1145/3485475,doi:10.1145/2858788.2688503,10.1145/3485475,10.1145/2858788.2688503,10.1145/3485475,10.1145/2858788.2688503,06202296744-0614090482,2021-10-20,included,raw/cs001-references-p0001-opencitations.json.gz
opencitations,CS001,S01,references,doi:10.1145/3485475->doi:10.1145/1785414.1785443,doi:10.1145/3485475,doi:10.1145/1785414.1785443,10.1145/3485475,10.1145/1785414.1785443,10.1145/3485475,10.1145/1785414.1785443,06202296744-06102780637,2021-10-20,included,raw/cs001-references-p0001-opencitations.json.gz
opencitations,CS001,S01,references,doi:10.1145/3485475->doi:10.1145/3140587.3062352,doi:10.1145/3485475,doi:10.1145/3140587.3062352,10.1145/3485475,10.1145/3140587.3062352,10.1145/3485475,10.1145/3140587.3062352,06202296744-0613091122,2021-10-20,included,raw/cs001-references-p0001-opencitations.json.gz
opencitations,CS001,S01,references,doi:10.1145/3485475->doi:10.1145/3360568,doi:10.1145/3485475,doi:10.1145/3360568,10.1145/3485475,10.1145/3360568,10.1145/3485475,10.1145/3360568,06202296744-06202297190,2021-10-20,included,raw/cs001-references-p0001-opencitations.json.gz
opencitations,CS001,S01,references,doi:10.1145/3485475->doi:10.1145/2775051.2676995,doi:10.1145/3485475,doi:10.1145/2775051.2676995,10.1145/3485475,10.1145/2775051.2676995,10.1145/3485475,10.1145/2775051.2676995,06202296744-0614090774,2021-10-20,included,raw/cs001-references-p0001-opencitations.json.gz
opencitations,CS001,S01,references,doi:10.1145/3485475->doi:10.1145/3385412.3385973,doi:10.1145/3485475,doi:10.1145/3385412.3385973,10.1145/3485475,10.1145/3385412.3385973,10.1145/3485475,10.1145/3385412.3385973,06202296744-06702087403,2021-10-20,included,raw/cs001-references-p0001-opencitations.json.gz
opencitations,CS001,S01,references,doi:10.1145/3485475->doi:10.1145/2535838.2535877,doi:10.1145/3485475,doi:10.1145/2535838.2535877,10.1145/3485475,10.1145/2535838.2535877,10.1145/3485475,10.1145/2535838.2535877,06202296744-06103334119,2021-10-20,included,raw/cs001-references-p0001-opencitations.json.gz
opencitations,CS001,S01,references,doi:10.1145/3485475->doi:10.1145/2688500.2688503,doi:10.1145/3485475,doi:10.1145/2688500.2688503,10.1145/3485475,10.1145/2688500.2688503,10.1145/3485475,10.1145/2688500.2688503,06202296744-06102974545,2021-10-20,included,raw/cs001-references-p0001-opencitations.json.gz
opencitations,CS001,S01,citations,doi:10.1134/s0361768821060050->doi:10.1145/3485475,doi:10.1134/s0361768821060050,doi:10.1145/3485475,10.1134/s0361768821060050,10.1145/3485475,10.1134/s0361768821060050,10.1145/3485475,062089329-06202296744,2021-11,included,raw/cs001-citations-p0001-opencitations.json.gz
opencitations,CS001,S01,citations,doi:10.1145/3776680->doi:10.1145/3485475,doi:10.1145/3776680,doi:10.1145/3485475,10.1145/3776680,10.1145/3485475,10.1145/3776680,10.1145/3485475,06015362431-06202296744,2026-01-08,included,raw/cs001-citations-p0001-opencitations.json.gz
opencitations,CS001,S01,citations,doi:10.1145/3704908->doi:10.1145/3485475,doi:10.1145/3704908,doi:10.1145/3485475,10.1145/3704908,10.1145/3485475,10.1145/3704908,10.1145/3485475,0606817939-06202296744,2025-01-07,included,raw/cs001-citations-p0001-opencitations.json.gz
opencitations,CS001,S01,citations,doi:10.1145/3776687->doi:10.1145/3485475,doi:10.1145/3776687,doi:10.1145/3485475,10.1145/3776687,10.1145/3485475,10.1145/3776687,10.1145/3485475,06013180767-06202296744,2026-01-08,included,raw/cs001-citations-p0001-opencitations.json.gz
opencitations,CS001,S01,citations,doi:10.1007/978-3-030-99336-8_12->doi:10.1145/3485475,doi:10.1007/978-3-030-99336-8_12,doi:10.1145/3485475,10.1007/978-3-030-99336-8_12,10.1145/3485475,10.1007/978-3-030-99336-8_12,10.1145/3485475,062301471151-06202296744,2022,included,raw/cs001-citations-p0001-opencitations.json.gz
opencitations,CS001,S01,citations,doi:10.1007/978-3-031-98208-8_8->doi:10.1145/3485475,doi:10.1007/978-3-031-98208-8_8,doi:10.1145/3485475,10.1007/978-3-031-98208-8_8,10.1145/3485475,10.1007/978-3-031-98208-8_8,10.1145/3485475,06011136047-06202296744,2025-07-09,included,raw/cs001-citations-p0001-opencitations.json.gz
opencitations,CS001,S01,citations,doi:10.1007/978-3-031-37706-8_10->doi:10.1145/3485475,doi:10.1007/978-3-031-37706-8_10,doi:10.1145/3485475,10.1007/978-3-031-37706-8_10,10.1145/3485475,10.1007/978-3-031-37706-8_10,10.1145/3485475,062603979005-06202296744,2023,included,raw/cs001-citations-p0001-opencitations.json.gz
opencitations,CS001,S01,citations,doi:10.1145/3563352->doi:10.1145/3485475,doi:10.1145/3563352,doi:10.1145/3485475,10.1145/3563352,10.1145/3485475,10.1145/3563352,10.1145/3485475,061203551066-06202296744,2022-10-31,included,raw/cs001-citations-p0001-opencitations.json.gz
opencitations,CS001,S01,citations,doi:10.1145/3519939.3523718->doi:10.1145/3485475,doi:10.1145/3519939.3523718,doi:10.1145/3485475,10.1145/3519939.3523718,10.1145/3485475,10.1145/3519939.3523718,10.1145/3485475,062402951653-06202296744,2022-06-09,included,raw/cs001-citations-p0001-opencitations.json.gz
opencitations,CS001,S01,citations,doi:10.1145/3622855->doi:10.1145/3485475,doi:10.1145/3622855,doi:10.1145/3485475,10.1145/3622855,10.1145/3485475,10.1145/3622855,10.1145/3485475,06011827011-06202296744,2023-10-16,included,raw/cs001-citations-p0001-opencitations.json.gz
opencitations,CS001,S01,citations,doi:10.1007/978-3-031-37706-8_12->doi:10.1145/3485475,doi:10.1007/978-3-031-37706-8_12,doi:10.1145/3485475,10.1007/978-3-031-37706-8_12,10.1145/3485475,10.1007/978-3-031-37706-8_12,10.1145/3485475,062603979016-06202296744,2023,included,raw/cs001-citations-p0001-opencitations.json.gz
opencitations,CS001,S01,citations,doi:10.1145/3766061->doi:10.1145/3485475,doi:10.1145/3766061,doi:10.1145/3485475,10.1145/3766061,10.1145/3485475,10.1145/3766061,10.1145/3485475,06013173929-06202296744,2026-02-13,included,raw/cs001-citations-p0001-opencitations.json.gz
opencitations,CS001,S01,citations,doi:10.1002/cpe.70484->doi:10.1145/3485475,doi:10.1002/cpe.70484,doi:10.1145/3485475,10.1002/cpe.70484,10.1145/3485475,10.1002/cpe.70484,10.1145/3485475,06015640494-06202296744,2026-01,included,raw/cs001-citations-p0001-opencitations.json.gz
opencitations,CS001,S01,citations,doi:10.1007/978-3-031-66676-6_5->doi:10.1145/3485475,doi:10.1007/978-3-031-66676-6_5,doi:10.1145/3485475,10.1007/978-3-031-66676-6_5,10.1145/3485475,10.1007/978-3-031-66676-6_5,10.1145/3485475,061504233399-06202296744,2024,included,raw/cs001-citations-p0001-opencitations.json.gz
opencitations,CS001,S01,citations,doi:10.1145/3485475->doi:10.1145/3485475,doi:10.1145/3485475,doi:10.1145/3485475,10.1145/3485475,10.1145/3485475,10.1145/3485475,10.1145/3485475,06202296744-06202296744,2021-10-20,included,raw/cs001-citations-p0001-opencitations.json.gz
opencitations,CS001,S01,citations,doi:10.1145/3715096->doi:10.1145/3485475,doi:10.1145/3715096,doi:10.1145/3485475,10.1145/3715096,10.1145/3485475,10.1145/3715096,10.1145/3485475,0606070015-06202296744,2025-01-30,included,raw/cs001-citations-p0001-opencitations.json.gz
opencitations,CS001,S01,citations,doi:10.1145/3485508->doi:10.1145/3485475,doi:10.1145/3485508,doi:10.1145/3485475,10.1145/3485508,10.1145/3485475,10.1145/3485508,10.1145/3485475,06202296787-06202296744,2021-10-20,included,raw/cs001-citations-p0001-opencitations.json.gz
opencitations,CS001,S01,citations,doi:10.17586/2226-1494-2022-22-3-517-527->doi:10.1145/3485475,doi:10.17586/2226-1494-2022-22-3-517-527,doi:10.1145/3485475,10.17586/2226-1494-2022-22-3-517-527,10.1145/3485475,10.17586/2226-1494-2022-22-3-517-527,10.1145/3485475,06023687975-06202296744,2022,included,raw/cs001-citations-p0001-opencitations.json.gz
opencitations,CS001,S01,citations,doi:10.1145/3591253->doi:10.1145/3485475,doi:10.1145/3591253,doi:10.1145/3485475,10.1145/3591253,10.1145/3485475,10.1145/3591253,10.1145/3485475,062203928114-06202296744,2023-06-06,included,raw/cs001-citations-p0001-opencitations.json.gz
opencitations,CS002,S02,references,doi:10.1145/3591253->doi:10.1109/tse.1977.229904,doi:10.1145/3591253,doi:10.1109/tse.1977.229904,10.1145/3591253,10.1109/tse.1977.229904,10.1145/3591253,10.1109/tse.1977.229904,062203928114-062301965499,2023-06-06,included,raw/cs002-references-p0001-opencitations.json.gz
opencitations,CS002,S02,references,doi:10.1145/3591253->doi:10.1145/3437992.3439931,doi:10.1145/3591253,doi:10.1145/3437992.3439931,10.1145/3591253,10.1145/3437992.3439931,10.1145/3591253,10.1145/3437992.3439931,062203928114-061903287299,2023-06-06,included,raw/cs002-references-p0001-opencitations.json.gz
opencitations,CS002,S02,references,doi:10.1145/3591253->doi:10.1145/2676726.2676975,doi:10.1145/3591253,doi:10.1145/2676726.2676975,10.1145/3591253,10.1145/2676726.2676975,10.1145/3591253,10.1145/2676726.2676975,062203928114-06201942554,2023-06-06,included,raw/cs002-references-p0001-opencitations.json.gz
opencitations,CS002,S02,references,doi:10.1145/3591253->doi:10.1007/978-3-642-40184-8_17,doi:10.1145/3591253,doi:10.1007/978-3-642-40184-8_17,10.1145/3591253,10.1007/978-3-642-40184-8_17,10.1145/3591253,10.1007/978-3-642-40184-8_17,062203928114-062102665323,2023-06-06,included,raw/cs002-references-p0001-opencitations.json.gz
opencitations,CS002,S02,references,doi:10.1145/3591253->doi:10.1145/357172.357178,doi:10.1145/3591253,doi:10.1145/357172.357178,10.1145/3591253,10.1145/357172.357178,10.1145/3591253,10.1145/357172.357178,062203928114-06602633019,2023-06-06,included,raw/cs002-references-p0001-opencitations.json.gz
opencitations,CS002,S02,references,doi:10.1145/3591253->doi:10.1145/1111037.1111042,doi:10.1145/3591253,doi:10.1145/1111037.1111042,10.1145/3591253,10.1145/1111037.1111042,10.1145/3591253,10.1145/1111037.1111042,062203928114-062203341520,2023-06-06,included,raw/cs002-references-p0001-opencitations.json.gz
opencitations,CS002,S02,references,doi:10.1145/3591253->doi:10.1007/978-3-662-49498-1_8,doi:10.1145/3591253,doi:10.1007/978-3-662-49498-1_8,10.1145/3591253,10.1007/978-3-662-49498-1_8,10.1145/3591253,10.1007/978-3-662-49498-1_8,062203928114-062502439163,2023-06-06,included,raw/cs002-references-p0001-opencitations.json.gz
opencitations,CS002,S02,references,doi:10.1145/3591253->doi:10.1007/978-3-662-54434-1_34,doi:10.1145/3591253,doi:10.1007/978-3-662-54434-1_34,10.1145/3591253,10.1007/978-3-662-54434-1_34,10.1145/3591253,10.1007/978-3-662-54434-1_34,062203928114-062302394765,2023-06-06,included,raw/cs002-references-p0001-opencitations.json.gz
opencitations,CS002,S02,references,doi:10.1145/3591253->doi:10.1007/978-3-642-22012-8_36,doi:10.1145/3591253,doi:10.1007/978-3-642-22012-8_36,10.1145/3591253,10.1007/978-3-642-22012-8_36,10.1145/3591253,10.1007/978-3-642-22012-8_36,062203928114-061802808379,2023-06-06,included,raw/cs002-references-p0001-opencitations.json.gz
opencitations,CS002,S02,references,doi:10.1145/3591253->doi:10.1145/3371119,doi:10.1145/3591253,doi:10.1145/3371119,10.1145/3591253,10.1145/3371119,10.1145/3591253,10.1145/3371119,062203928114-06202297128,2023-06-06,included,raw/cs002-references-p0001-opencitations.json.gz
opencitations,CS002,S02,references,doi:10.1145/3591253->doi:10.1145/3009837.3009850,doi:10.1145/3591253,doi:10.1145/3009837.3009850,10.1145/3591253,10.1145/3009837.3009850,10.1145/3591253,10.1145/3009837.3009850,062203928114-061502479414,2023-06-06,included,raw/cs002-references-p0001-opencitations.json.gz
opencitations,CS002,S02,references,doi:10.1145/3591253->doi:10.1145/2837614.2837635,doi:10.1145/3591253,doi:10.1145/2837614.2837635,10.1145/3591253,10.1145/2837614.2837635,10.1145/3591253,10.1145/2837614.2837635,062203928114-06301934914,2023-06-06,included,raw/cs002-references-p0001-opencitations.json.gz
opencitations,CS002,S02,references,doi:10.1145/3591253->doi:10.1145/3477082,doi:10.1145/3591253,doi:10.1145/3477082,10.1145/3591253,10.1145/3477082,10.1145/3591253,10.1145/3477082,062203928114-06602632488,2023-06-06,included,raw/cs002-references-p0001-opencitations.json.gz
opencitations,CS002,S02,references,doi:10.1145/3591253->doi:10.1145/3498689,doi:10.1145/3591253,doi:10.1145/3498689,10.1145/3591253,10.1145/3498689,10.1145/3591253,10.1145/3498689,062203928114-06202296718,2023-06-06,included,raw/cs002-references-p0001-opencitations.json.gz
opencitations,CS002,S02,references,doi:10.1145/3591253->doi:10.1145/3519939.3523718,doi:10.1145/3591253,doi:10.1145/3519939.3523718,10.1145/3591253,10.1145/3519939.3523718,10.1145/3591253,10.1145/3519939.3523718,062203928114-062402951653,2023-06-06,included,raw/cs002-references-p0001-opencitations.json.gz
opencitations,CS002,S02,references,doi:10.1145/3591253->doi:10.5281/zenodo.7711063,doi:10.1145/3591253,doi:10.5281/zenodo.7711063,10.1145/3591253,10.5281/zenodo.7711063,10.1145/3591253,10.5281/zenodo.7711063,062203928114-0641072617,2023-06-06,included,raw/cs002-references-p0001-opencitations.json.gz
opencitations,CS002,S02,references,doi:10.1145/3591253->doi:10.1016/j.tcs.2006.12.034,doi:10.1145/3591253,doi:10.1016/j.tcs.2006.12.034,10.1145/3591253,10.1016/j.tcs.2006.12.034,10.1145/3591253,10.1016/j.tcs.2006.12.034,062203928114-0660805778,2023-06-06,included,raw/cs002-references-p0001-opencitations.json.gz
opencitations,CS002,S02,references,doi:10.1145/3591253->doi:10.1145/3385412.3386010,doi:10.1145/3591253,doi:10.1145/3385412.3386010,10.1145/3591253,10.1145/3385412.3386010,10.1145/3591253,10.1145/3385412.3386010,062203928114-06702087579,2023-06-06,included,raw/cs002-references-p0001-opencitations.json.gz
opencitations,CS002,S02,references,doi:10.1145/3591253->doi:10.1145/3571232,doi:10.1145/3591253,doi:10.1145/3571232,10.1145/3591253,10.1145/3571232,10.1145/3591253,10.1145/3571232,062203928114-062203928218,2023-06-06,included,raw/cs002-references-p0001-opencitations.json.gz
opencitations,CS002,S02,references,doi:10.1145/3591253->doi:10.1145/3062341.3062352,doi:10.1145/3591253,doi:10.1145/3062341.3062352,10.1145/3591253,10.1145/3062341.3062352,10.1145/3591253,10.1145/3062341.3062352,062203928114-06801863793,2023-06-06,included,raw/cs002-references-p0001-opencitations.json.gz
opencitations,CS002,S02,references,doi:10.1145/3591253->doi:10.1145/3485475,doi:10.1145/3591253,doi:10.1145/3485475,10.1145/3591253,10.1145/3485475,10.1145/3591253,10.1145/3485475,062203928114-06202296744,2023-06-06,included,raw/cs002-references-p0001-opencitations.json.gz
opencitations,CS002,S02,references,doi:10.1145/3591253->doi:10.1145/362759.362813,doi:10.1145/3591253,doi:10.1145/362759.362813,10.1145/3591253,10.1145/362759.362813,10.1145/3591253,10.1145/362759.362813,062203928114-06703883871,2023-06-06,included,raw/cs002-references-p0001-opencitations.json.gz
opencitations,CS002,S02,references,doi:10.1145/3591253->doi:10.1145/2775051.2676980,doi:10.1145/3591253,doi:10.1145/2775051.2676980,10.1145/3591253,10.1145/2775051.2676980,10.1145/3591253,10.1145/2775051.2676980,062203928114-0614090765,2023-06-06,included,raw/cs002-references-p0001-opencitations.json.gz
opencitations,CS002,S02,references,doi:10.1145/3591253->doi:10.1145/3158108,doi:10.1145/3591253,doi:10.1145/3158108,10.1145/3591253,10.1145/3158108,10.1145/3591253,10.1145/3158108,062203928114-06202297456,2023-06-06,included,raw/cs002-references-p0001-opencitations.json.gz
opencitations,CS002,S02,references,doi:10.1145/3591253->doi:10.1016/j.tcs.2006.12.035,doi:10.1145/3591253,doi:10.1016/j.tcs.2006.12.035,10.1145/3591253,10.1016/j.tcs.2006.12.035,10.1145/3591253,10.1016/j.tcs.2006.12.035,062203928114-0660805781,2023-06-06,included,raw/cs002-references-p0001-opencitations.json.gz
opencitations,CS002,S02,citations,doi:10.1145/3720435->doi:10.1145/3591253,doi:10.1145/3720435,doi:10.1145/3591253,10.1145/3720435,10.1145/3591253,10.1145/3720435,10.1145/3591253,06010860697-062203928114,2025-04-09,included,raw/cs002-citations-p0001-opencitations.json.gz
opencitations,CS002,S02,citations,doi:10.1145/3622857->doi:10.1145/3591253,doi:10.1145/3622857,doi:10.1145/3591253,10.1145/3622857,10.1145/3591253,10.1145/3622857,10.1145/3591253,062504353017-062203928114,,unknown-date,raw/cs002-citations-p0001-opencitations.json.gz
opencitations,CS002,S02,citations,doi:10.1145/3720525->doi:10.1145/3591253,doi:10.1145/3720525,doi:10.1145/3591253,10.1145/3720525,10.1145/3591253,10.1145/3720525,10.1145/3591253,06012443213-062203928114,2025-04-09,included,raw/cs002-citations-p0001-opencitations.json.gz
opencitations,CS002,S02,citations,doi:10.1145/3747512->doi:10.1145/3591253,doi:10.1145/3747512,doi:10.1145/3591253,10.1145/3747512,10.1145/3591253,10.1145/3747512,10.1145/3591253,06011260068-062203928114,2025-08-05,included,raw/cs002-citations-p0001-opencitations.json.gz
opencitations,CS002,S02,citations,doi:10.1145/3763091->doi:10.1145/3591253,doi:10.1145/3763091,doi:10.1145/3591253,10.1145/3763091,10.1145/3591253,10.1145/3763091,10.1145/3591253,06014051291-062203928114,2025-10-09,included,raw/cs002-citations-p0001-opencitations.json.gz
opencitations,CS002,S02,citations,doi:10.1016/j.sysarc.2023.103046->doi:10.1145/3591253,doi:10.1016/j.sysarc.2023.103046,doi:10.1145/3591253,10.1016/j.sysarc.2023.103046,10.1145/3591253,10.1016/j.sysarc.2023.103046,10.1145/3591253,06330382214-062203928114,2024-02,included,raw/cs002-citations-p0001-opencitations.json.gz
opencitations,CS002,S02,citations,doi:10.1145/3729250->doi:10.1145/3591253,doi:10.1145/3729250,doi:10.1145/3591253,10.1145/3729250,10.1145/3591253,10.1145/3729250,10.1145/3591253,0608941875-062203928114,2025-06-10,included,raw/cs002-citations-p0001-opencitations.json.gz
opencitations,CS002,S02,citations,doi:10.1145/3674645->doi:10.1145/3591253,doi:10.1145/3674645,doi:10.1145/3591253,10.1145/3674645,10.1145/3591253,10.1145/3674645,10.1145/3591253,062404381340-062203928114,2024-08-15,included,raw/cs002-citations-p0001-opencitations.json.gz
opencitations,CS003,S03,references,doi:10.1007/978-3-031-37706-8_10->doi:10.1145/3290383,doi:10.1007/978-3-031-37706-8_10,doi:10.1145/3290383,10.1007/978-3-031-37706-8_10,10.1145/3290383,10.1007/978-3-031-37706-8_10,10.1145/3290383,062603979005-06202297271,2023,included,raw/cs003-references-p0001-opencitations.json.gz
opencitations,CS003,S03,references,doi:10.1007/978-3-031-37706-8_10->doi:10.1007/978-3-540-31980-1_7,doi:10.1007/978-3-031-37706-8_10,doi:10.1007/978-3-540-31980-1_7,10.1007/978-3-031-37706-8_10,10.1007/978-3-540-31980-1_7,10.1007/978-3-031-37706-8_10,10.1007/978-3-540-31980-1_7,062603979005-061303296994,2023,included,raw/cs003-references-p0001-opencitations.json.gz
opencitations,CS003,S03,references,doi:10.1007/978-3-031-37706-8_10->doi:10.1007/978-1-4612-0931-7,doi:10.1007/978-3-031-37706-8_10,doi:10.1007/978-1-4612-0931-7,10.1007/978-3-031-37706-8_10,10.1007/978-1-4612-0931-7,10.1007/978-3-031-37706-8_10,10.1007/978-1-4612-0931-7,062603979005-0625056328,2023,included,raw/cs003-references-p0001-opencitations.json.gz
opencitations,CS003,S03,references,doi:10.1007/978-3-031-37706-8_10->doi:10.1007/978-3-642-22110-1_9,doi:10.1007/978-3-031-37706-8_10,doi:10.1007/978-3-642-22110-1_9,10.1007/978-3-031-37706-8_10,10.1007/978-3-642-22110-1_9,10.1007/978-3-031-37706-8_10,10.1007/978-3-642-22110-1_9,062603979005-061802877610,2023,included,raw/cs003-references-p0001-opencitations.json.gz
opencitations,CS003,S03,references,doi:10.1007/978-3-031-37706-8_10->doi:10.1007/978-3-540-32275-7_14,doi:10.1007/978-3-031-37706-8_10,doi:10.1007/978-3-540-32275-7_14,10.1007/978-3-031-37706-8_10,10.1007/978-3-540-32275-7_14,10.1007/978-3-031-37706-8_10,10.1007/978-3-540-32275-7_14,062603979005-062303309808,2023,included,raw/cs003-references-p0001-opencitations.json.gz
opencitations,CS003,S03,references,doi:10.1007/978-3-031-37706-8_10->doi:10.2168/lmcs-3(4:7)2007,doi:10.1007/978-3-031-37706-8_10,doi:10.2168/lmcs-3(4:7)2007,10.1007/978-3-031-37706-8_10,10.2168/lmcs-3(4:7)2007,10.1007/978-3-031-37706-8_10,10.2168/lmcs-3(4:7)2007,062603979005-06801395176,2023,included,raw/cs003-references-p0001-opencitations.json.gz
opencitations,CS003,S03,references,doi:10.1007/978-3-031-37706-8_10->doi:10.1109/2.546611,doi:10.1007/978-3-031-37706-8_10,doi:10.1109/2.546611,10.1007/978-3-031-37706-8_10,10.1109/2.546611,10.1007/978-3-031-37706-8_10,10.1109/2.546611,062603979005-06190693474,2023,included,raw/cs003-references-p0001-opencitations.json.gz
opencitations,CS003,S03,references,doi:10.1007/978-3-031-37706-8_10->doi:10.1109/tc.1979.1675439,doi:10.1007/978-3-031-37706-8_10,doi:10.1109/tc.1979.1675439,10.1007/978-3-031-37706-8_10,10.1109/tc.1979.1675439,10.1007/978-3-031-37706-8_10,10.1109/tc.1979.1675439,062603979005-062201331177,2023,included,raw/cs003-references-p0001-opencitations.json.gz
opencitations,CS003,S03,references,doi:10.1007/978-3-031-37706-8_10->doi:10.1145/2699431,doi:10.1007/978-3-031-37706-8_10,doi:10.1145/2699431,10.1007/978-3-031-37706-8_10,10.1145/2699431,10.1007/978-3-031-37706-8_10,10.1145/2699431,062603979005-06601731220,2023,included,raw/cs003-references-p0001-opencitations.json.gz
opencitations,CS003,S03,references,doi:10.1007/978-3-031-37706-8_10->doi:10.1145/3329125,doi:10.1007/978-3-031-37706-8_10,doi:10.1145/3329125,10.1007/978-3-031-37706-8_10,10.1145/3329125,10.1007/978-3-031-37706-8_10,10.1145/3329125,062603979005-062501605602,2023,included,raw/cs003-references-p0001-opencitations.json.gz
opencitations,CS003,S03,references,doi:10.1007/978-3-031-37706-8_10->doi:10.1145/3158105,doi:10.1007/978-3-031-37706-8_10,doi:10.1145/3158105,10.1007/978-3-031-37706-8_10,10.1145/3158105,10.1007/978-3-031-37706-8_10,10.1145/3158105,062603979005-06202297467,2023,included,raw/cs003-references-p0001-opencitations.json.gz
opencitations,CS003,S03,references,doi:10.1007/978-3-031-37706-8_10->doi:10.1007/978-3-030-72019-3_1,doi:10.1007/978-3-031-37706-8_10,doi:10.1007/978-3-030-72019-3_1,10.1007/978-3-031-37706-8_10,10.1007/978-3-030-72019-3_1,10.1007/978-3-031-37706-8_10,10.1007/978-3-030-72019-3_1,062603979005-06802193688,2023,included,raw/cs003-references-p0001-opencitations.json.gz
opencitations,CS003,S03,references,doi:10.1007/978-3-031-37706-8_10->doi:10.1007/978-3-030-99336-8_12,doi:10.1007/978-3-031-37706-8_10,doi:10.1007/978-3-030-99336-8_12,10.1007/978-3-031-37706-8_10,10.1007/978-3-030-99336-8_12,10.1007/978-3-031-37706-8_10,10.1007/978-3-030-99336-8_12,062603979005-062301471151,2023,included,raw/cs003-references-p0001-opencitations.json.gz
opencitations,CS003,S03,references,doi:10.1007/978-3-031-37706-8_10->doi:10.1007/978-3-031-37706-8_10,doi:10.1007/978-3-031-37706-8_10,doi:10.1007/978-3-031-37706-8_10,10.1007/978-3-031-37706-8_10,10.1007/978-3-031-37706-8_10,10.1007/978-3-031-37706-8_10,10.1007/978-3-031-37706-8_10,062603979005-062603979005,2023,included,raw/cs003-references-p0001-opencitations.json.gz
opencitations,CS003,S03,references,doi:10.1007/978-3-031-37706-8_10->doi:10.1007/s10703-006-4342-y,doi:10.1007/978-3-031-37706-8_10,doi:10.1007/s10703-006-4342-y,10.1007/978-3-031-37706-8_10,10.1007/s10703-006-4342-y,10.1007/978-3-031-37706-8_10,10.1007/s10703-006-4342-y,062603979005-0680344422,2023,included,raw/cs003-references-p0001-opencitations.json.gz
opencitations,CS003,S03,references,doi:10.1007/978-3-031-37706-8_10->doi:10.1007/978-3-319-48989-6_29,doi:10.1007/978-3-031-37706-8_10,doi:10.1007/978-3-319-48989-6_29,10.1007/978-3-031-37706-8_10,10.1007/978-3-319-48989-6_29,10.1007/978-3-031-37706-8_10,10.1007/978-3-319-48989-6_29,062603979005-06602804402,2023,included,raw/cs003-references-p0001-opencitations.json.gz
opencitations,CS003,S03,references,doi:10.1007/978-3-031-37706-8_10->doi:10.1145/3009837.3009850,doi:10.1007/978-3-031-37706-8_10,doi:10.1145/3009837.3009850,10.1007/978-3-031-37706-8_10,10.1145/3009837.3009850,10.1007/978-3-031-37706-8_10,10.1145/3009837.3009850,062603979005-061502479414,2023,included,raw/cs003-references-p0001-opencitations.json.gz
opencitations,CS003,S03,references,doi:10.1007/978-3-031-37706-8_10->doi:10.1109/hpca.2014.6835927,doi:10.1007/978-3-031-37706-8_10,doi:10.1109/hpca.2014.6835927,10.1007/978-3-031-37706-8_10,10.1109/hpca.2014.6835927,10.1007/978-3-031-37706-8_10,10.1109/hpca.2014.6835927,062603979005-06102997517,2023,included,raw/cs003-references-p0001-opencitations.json.gz
opencitations,CS003,S03,references,doi:10.1007/978-3-031-37706-8_10->doi:10.1145/2749469.2750405,doi:10.1007/978-3-031-37706-8_10,doi:10.1145/2749469.2750405,10.1007/978-3-031-37706-8_10,10.1145/2749469.2750405,10.1007/978-3-031-37706-8_10,10.1145/2749469.2750405,062603979005-062502523332,2023,included,raw/cs003-references-p0001-opencitations.json.gz
opencitations,CS003,S03,references,doi:10.1007/978-3-031-37706-8_10->doi:10.1145/2933575.2934536,doi:10.1007/978-3-031-37706-8_10,doi:10.1145/2933575.2934536,10.1007/978-3-031-37706-8_10,10.1145/2933575.2934536,10.1007/978-3-031-37706-8_10,10.1145/2933575.2934536,062603979005-062202477435,2023,included,raw/cs003-references-p0001-opencitations.json.gz
opencitations,CS003,S03,references,doi:10.1007/978-3-031-37706-8_10->doi:10.1007/978-3-030-31784-3_27,doi:10.1007/978-3-031-37706-8_10,doi:10.1007/978-3-030-31784-3_27,10.1007/978-3-031-37706-8_10,10.1007/978-3-030-31784-3_27,10.1007/978-3-031-37706-8_10,10.1007/978-3-030-31784-3_27,062603979005-061702036446,2023,included,raw/cs003-references-p0001-opencitations.json.gz
opencitations,CS003,S03,references,doi:10.1007/978-3-031-37706-8_10->doi:10.1145/2837614.2837643,doi:10.1007/978-3-031-37706-8_10,doi:10.1145/2837614.2837643,10.1007/978-3-031-37706-8_10,10.1145/2837614.2837643,10.1007/978-3-031-37706-8_10,10.1145/2837614.2837643,062603979005-06301935237,2023,included,raw/cs003-references-p0001-opencitations.json.gz
opencitations,CS003,S03,references,doi:10.1007/978-3-031-37706-8_10->doi:10.1007/978-3-642-31424-7_36,doi:10.1007/978-3-031-37706-8_10,doi:10.1007/978-3-642-31424-7_36,10.1007/978-3-031-37706-8_10,10.1007/978-3-642-31424-7_36,10.1007/978-3-031-37706-8_10,10.1007/978-3-642-31424-7_36,062603979005-06703085374,2023,included,raw/cs003-references-p0001-opencitations.json.gz
opencitations,CS003,S03,references,doi:10.1007/978-3-031-37706-8_10->doi:10.1007/s10703-012-0161-5,doi:10.1007/978-3-031-37706-8_10,doi:10.1007/s10703-012-0161-5,10.1007/978-3-031-37706-8_10,10.1007/s10703-012-0161-5,10.1007/978-3-031-37706-8_10,10.1007/s10703-012-0161-5,062603979005-0680344263,2023,included,raw/cs003-references-p0001-opencitations.json.gz
opencitations,CS003,S03,references,doi:10.1007/978-3-031-37706-8_10->doi:10.1145/3073408,doi:10.1007/978-3-031-37706-8_10,doi:10.1145/3073408,10.1007/978-3-031-37706-8_10,10.1145/3073408,10.1007/978-3-031-37706-8_10,10.1145/3073408,062603979005-06601731109,2023,included,raw/cs003-references-p0001-opencitations.json.gz
opencitations,CS003,S03,references,doi:10.1007/978-3-031-37706-8_10->doi:10.48550/arxiv.2012.01067,doi:10.1007/978-3-031-37706-8_10,doi:10.48550/arxiv.2012.01067,10.1007/978-3-031-37706-8_10,10.48550/arxiv.2012.01067,10.1007/978-3-031-37706-8_10,10.48550/arxiv.2012.01067,062603979005-0642085048,2023,included,raw/cs003-references-p0001-opencitations.json.gz
opencitations,CS003,S03,references,doi:10.1007/978-3-031-37706-8_10->doi:10.1145/2603088.2603161,doi:10.1007/978-3-031-37706-8_10,doi:10.1145/2603088.2603161,10.1007/978-3-031-37706-8_10,10.1145/2603088.2603161,10.1007/978-3-031-37706-8_10,10.1145/2603088.2603161,062603979005-06102997604,2023,included,raw/cs003-references-p0001-opencitations.json.gz
opencitations,CS003,S03,references,doi:10.1007/978-3-031-37706-8_10->doi:10.1109/lics.2004.1319596,doi:10.1007/978-3-031-37706-8_10,doi:10.1109/lics.2004.1319596,10.1007/978-3-031-37706-8_10,10.1109/lics.2004.1319596,10.1007/978-3-031-37706-8_10,10.1109/lics.2004.1319596,062603979005-062503358749,2023,included,raw/cs003-references-p0001-opencitations.json.gz
opencitations,CS003,S03,references,doi:10.1007/978-3-031-37706-8_10->doi:10.1145/3062341.3062352,doi:10.1007/978-3-031-37706-8_10,doi:10.1145/3062341.3062352,10.1007/978-3-031-37706-8_10,10.1145/3062341.3062352,10.1007/978-3-031-37706-8_10,10.1145/3062341.3062352,062603979005-06801863793,2023,included,raw/cs003-references-p0001-opencitations.json.gz
opencitations,CS003,S03,references,doi:10.1007/978-3-031-37706-8_10->doi:10.2178/bsl/1294171129,doi:10.1007/978-3-031-37706-8_10,doi:10.2178/bsl/1294171129,10.1007/978-3-031-37706-8_10,10.2178/bsl/1294171129,10.1007/978-3-031-37706-8_10,10.2178/bsl/1294171129,062603979005-062501255662,2023,included,raw/cs003-references-p0001-opencitations.json.gz
opencitations,CS003,S03,references,doi:10.1007/978-3-031-37706-8_10->doi:10.1007/3-540-10828-9_61,doi:10.1007/978-3-031-37706-8_10,doi:10.1007/3-540-10828-9_61,10.1007/978-3-031-37706-8_10,10.1007/3-540-10828-9_61,10.1007/978-3-031-37706-8_10,10.1007/3-540-10828-9_61,062603979005-06403555619,2023,included,raw/cs003-references-p0001-opencitations.json.gz
opencitations,CS003,S03,references,doi:10.1007/978-3-031-37706-8_10->doi:10.1145/3485475,doi:10.1007/978-3-031-37706-8_10,doi:10.1145/3485475,10.1007/978-3-031-37706-8_10,10.1145/3485475,10.1007/978-3-031-37706-8_10,10.1145/3485475,062603979005-06202296744,2023,included,raw/cs003-references-p0001-opencitations.json.gz
opencitations,CS003,S03,references,doi:10.1007/978-3-031-37706-8_10->doi:10.1145/512644.512661,doi:10.1007/978-3-031-37706-8_10,doi:10.1145/512644.512661,10.1007/978-3-031-37706-8_10,10.1145/512644.512661,10.1007/978-3-031-37706-8_10,10.1145/512644.512661,062603979005-061103405362,2023,included,raw/cs003-references-p0001-opencitations.json.gz
opencitations,CS003,S03,references,doi:10.1007/978-3-031-37706-8_10->doi:10.1007/978-3-642-22110-1_47,doi:10.1007/978-3-031-37706-8_10,doi:10.1007/978-3-642-22110-1_47,10.1007/978-3-031-37706-8_10,10.1007/978-3-642-22110-1_47,10.1007/978-3-031-37706-8_10,10.1007/978-3-642-22110-1_47,062603979005-061802877623,2023,included,raw/cs003-references-p0001-opencitations.json.gz
opencitations,CS003,S03,references,doi:10.1007/978-3-031-37706-8_10->doi:10.1145/1706299.1706303,doi:10.1007/978-3-031-37706-8_10,doi:10.1145/1706299.1706303,10.1007/978-3-031-37706-8_10,10.1145/1706299.1706303,10.1007/978-3-031-37706-8_10,10.1145/1706299.1706303,062603979005-06703590949,2023,included,raw/cs003-references-p0001-opencitations.json.gz
opencitations,CS003,S03,references,doi:10.1007/978-3-031-37706-8_10->doi:10.1145/1480881.1480930,doi:10.1007/978-3-031-37706-8_10,doi:10.1145/1480881.1480930,10.1007/978-3-031-37706-8_10,10.1145/1480881.1480930,10.1007/978-3-031-37706-8_10,10.1145/1480881.1480930,062603979005-061403200940,2023,included,raw/cs003-references-p0001-opencitations.json.gz
opencitations,CS003,S03,references,doi:10.1007/978-3-031-37706-8_10->doi:10.1145/1926385.1926394,doi:10.1007/978-3-031-37706-8_10,doi:10.1145/1926385.1926394,10.1007/978-3-031-37706-8_10,10.1145/1926385.1926394,10.1007/978-3-031-37706-8_10,10.1145/1926385.1926394,062603979005-061503155181,2023,included,raw/cs003-references-p0001-opencitations.json.gz
opencitations,CS003,S03,references,doi:10.1007/978-3-031-37706-8_10->doi:10.1145/3293883.3295702,doi:10.1007/978-3-031-37706-8_10,doi:10.1145/3293883.3295702,10.1007/978-3-031-37706-8_10,10.1145/3293883.3295702,10.1007/978-3-031-37706-8_10,10.1145/3293883.3295702,062603979005-061802300779,2023,included,raw/cs003-references-p0001-opencitations.json.gz
opencitations,CS003,S03,references,doi:10.1007/978-3-031-37706-8_10->doi:10.1145/2983990.2983997,doi:10.1007/978-3-031-37706-8_10,doi:10.1145/2983990.2983997,10.1007/978-3-031-37706-8_10,10.1145/2983990.2983997,10.1007/978-3-031-37706-8_10,10.1145/2983990.2983997,062603979005-0603920905,2023,included,raw/cs003-references-p0001-opencitations.json.gz
opencitations,CS003,S03,references,doi:10.1007/978-3-031-37706-8_10->doi:10.1145/2594291.2594347,doi:10.1007/978-3-031-37706-8_10,doi:10.1145/2594291.2594347,10.1007/978-3-031-37706-8_10,10.1145/2594291.2594347,10.1007/978-3-031-37706-8_10,10.1145/2594291.2594347,062603979005-061202888323,2023,included,raw/cs003-references-p0001-opencitations.json.gz
opencitations,CS003,S03,references,doi:10.1007/978-3-031-37706-8_10->doi:10.1145/1785414.1785443,doi:10.1007/978-3-031-37706-8_10,doi:10.1145/1785414.1785443,10.1007/978-3-031-37706-8_10,10.1145/1785414.1785443,10.1007/978-3-031-37706-8_10,10.1145/1785414.1785443,062603979005-06102780637,2023,included,raw/cs003-references-p0001-opencitations.json.gz
opencitations,CS003,S03,references,doi:10.1007/978-3-031-37706-8_10->doi:10.1016/j.jcss.2014.06.005,doi:10.1007/978-3-031-37706-8_10,doi:10.1016/j.jcss.2014.06.005,10.1007/978-3-031-37706-8_10,10.1016/j.jcss.2014.06.005,10.1007/978-3-031-37706-8_10,10.1016/j.jcss.2014.06.005,062603979005-06303002289,2023,included,raw/cs003-references-p0001-opencitations.json.gz
opencitations,CS003,S03,references,doi:10.1007/978-3-031-37706-8_10->doi:10.1016/s0304-3975(00)00102-x,doi:10.1007/978-3-031-37706-8_10,doi:10.1016/s0304-3975(00)00102-x,10.1007/978-3-031-37706-8_10,10.1016/s0304-3975(00)00102-x,10.1007/978-3-031-37706-8_10,10.1016/s0304-3975(00)00102-x,062603979005-06240781517,2023,included,raw/cs003-references-p0001-opencitations.json.gz
opencitations,CS003,S03,references,doi:10.1007/978-3-031-37706-8_10->doi:10.1145/3505273,doi:10.1007/978-3-031-37706-8_10,doi:10.1145/3505273,10.1007/978-3-031-37706-8_10,10.1145/3505273,10.1007/978-3-031-37706-8_10,10.1145/3505273,062603979005-06602632474,2023,included,raw/cs003-references-p0001-opencitations.json.gz
opencitations,CS003,S03,citations,doi:10.1145/3776680->doi:10.1007/978-3-031-37706-8_10,doi:10.1145/3776680,doi:10.1007/978-3-031-37706-8_10,10.1145/3776680,10.1007/978-3-031-37706-8_10,10.1145/3776680,10.1007/978-3-031-37706-8_10,06015362431-062603979005,2026-01-08,included,raw/cs003-citations-p0001-opencitations.json.gz
opencitations,CS003,S03,citations,doi:10.1145/3776687->doi:10.1007/978-3-031-37706-8_10,doi:10.1145/3776687,doi:10.1007/978-3-031-37706-8_10,10.1145/3776687,10.1007/978-3-031-37706-8_10,10.1145/3776687,10.1007/978-3-031-37706-8_10,06013180767-062603979005,2026-01-08,included,raw/cs003-citations-p0001-opencitations.json.gz
opencitations,CS003,S03,citations,doi:10.1007/978-3-031-56222-8_1->doi:10.1007/978-3-031-37706-8_10,doi:10.1007/978-3-031-56222-8_1,doi:10.1007/978-3-031-37706-8_10,10.1007/978-3-031-56222-8_1,10.1007/978-3-031-37706-8_10,10.1007/978-3-031-56222-8_1,10.1007/978-3-031-37706-8_10,061404205552-062603979005,2024,included,raw/cs003-citations-p0001-opencitations.json.gz
opencitations,CS003,S03,citations,doi:10.1007/978-3-031-37706-8_10->doi:10.1007/978-3-031-37706-8_10,doi:10.1007/978-3-031-37706-8_10,doi:10.1007/978-3-031-37706-8_10,10.1007/978-3-031-37706-8_10,10.1007/978-3-031-37706-8_10,10.1007/978-3-031-37706-8_10,10.1007/978-3-031-37706-8_10,062603979005-062603979005,2023,included,raw/cs003-citations-p0001-opencitations.json.gz
opencitations,CS003,S03,citations,doi:10.32604/cmc.2024.047168->doi:10.1007/978-3-031-37706-8_10,doi:10.32604/cmc.2024.047168,doi:10.1007/978-3-031-37706-8_10,10.32604/cmc.2024.047168,10.1007/978-3-031-37706-8_10,10.32604/cmc.2024.047168,10.1007/978-3-031-37706-8_10,0607402940-062603979005,2024,included,raw/cs003-citations-p0001-opencitations.json.gz
opencitations,CS003,S03,citations,doi:10.1145/3766061->doi:10.1007/978-3-031-37706-8_10,doi:10.1145/3766061,doi:10.1007/978-3-031-37706-8_10,10.1145/3766061,10.1007/978-3-031-37706-8_10,10.1145/3766061,10.1007/978-3-031-37706-8_10,06013173929-062603979005,2026-02-13,included,raw/cs003-citations-p0001-opencitations.json.gz
opencitations,CS003,S03,citations,doi:10.1002/cpe.70484->doi:10.1007/978-3-031-37706-8_10,doi:10.1002/cpe.70484,doi:10.1007/978-3-031-37706-8_10,10.1002/cpe.70484,10.1007/978-3-031-37706-8_10,10.1002/cpe.70484,10.1007/978-3-031-37706-8_10,06015640494-062603979005,2026-01,included,raw/cs003-citations-p0001-opencitations.json.gz
opencitations,CS003,S03,citations,doi:10.1007/978-3-031-66676-6_5->doi:10.1007/978-3-031-37706-8_10,doi:10.1007/978-3-031-66676-6_5,doi:10.1007/978-3-031-37706-8_10,10.1007/978-3-031-66676-6_5,10.1007/978-3-031-37706-8_10,10.1007/978-3-031-66676-6_5,10.1007/978-3-031-37706-8_10,061504233399-062603979005,2024,included,raw/cs003-citations-p0001-opencitations.json.gz
opencitations,CS004,S05,references,doi:10.1145/3776687->doi:10.1007/978-3-319-89963-3_16,doi:10.1145/3776687,doi:10.1007/978-3-319-89963-3_16,10.1145/3776687,10.1007/978-3-319-89963-3_16,10.1145/3776687,10.1007/978-3-319-89963-3_16,06013180767-061402186450,2026-01-08,included,raw/cs004-references-p0001-opencitations.json.gz
opencitations,CS004,S05,references,doi:10.1145/3776687->doi:10.1184/r1/6608579.v1,doi:10.1145/3776687,doi:10.1184/r1/6608579.v1,10.1145/3776687,10.1184/r1/6608579.v1,10.1145/3776687,10.1184/r1/6608579.v1,06013180767-06803982935,2026-01-08,included,raw/cs004-references-p0001-opencitations.json.gz
opencitations,CS004,S05,references,doi:10.1145/3776687->doi:10.1007/978-1-4612-0931-7,doi:10.1145/3776687,doi:10.1007/978-1-4612-0931-7,10.1145/3776687,10.1007/978-1-4612-0931-7,10.1145/3776687,10.1007/978-1-4612-0931-7,06013180767-0625056328,2026-01-08,included,raw/cs004-references-p0001-opencitations.json.gz
opencitations,CS004,S05,references,doi:10.1145/3776687->doi:10.1145/2627752,doi:10.1145/3776687,doi:10.1145/2627752,10.1145/3776687,10.1145/2627752,10.1145/3776687,10.1145/2627752,06013180767-06602632613,2026-01-08,included,raw/cs004-references-p0001-opencitations.json.gz
opencitations,CS004,S05,references,doi:10.1145/3776687->doi:10.1145/3290382,doi:10.1145/3776687,doi:10.1145/3290382,10.1145/3776687,10.1145/3290382,10.1145/3776687,10.1145/3290382,06013180767-06202297323,2026-01-08,included,raw/cs004-references-p0001-opencitations.json.gz
opencitations,CS004,S05,references,doi:10.1145/3776687->doi:10.1145/2837614.2837637,doi:10.1145/3776687,doi:10.1145/2837614.2837637,10.1145/3776687,10.1145/2837614.2837637,10.1145/3776687,10.1145/2837614.2837637,06013180767-06201933203,2026-01-08,included,raw/cs004-references-p0001-opencitations.json.gz
opencitations,CS004,S05,references,doi:10.1145/3776687->doi:10.2312/eggh/eggh07/097-106,doi:10.1145/3776687,doi:10.2312/eggh/eggh07/097-106,10.1145/3776687,10.2312/eggh/eggh07/097-106,10.1145/3776687,10.2312/eggh/eggh07/097-106,06013180767-061703595036,2026-01-08,included,raw/cs004-references-p0001-opencitations.json.gz
opencitations,CS004,S05,references,doi:10.1145/3776687->doi:10.4230/lipics.concur.2018.23,doi:10.1145/3776687,doi:10.4230/lipics.concur.2018.23,10.1145/3776687,10.4230/lipics.concur.2018.23,10.1145/3776687,10.4230/lipics.concur.2018.23,06013180767-062203583835,2026-01-08,included,raw/cs004-references-p0001-opencitations.json.gz
opencitations,CS004,S05,references,doi:10.1145/3776687->doi:10.1145/1047659.1040336,doi:10.1145/3776687,doi:10.1145/1047659.1040336,10.1145/3776687,10.1145/1047659.1040336,10.1145/3776687,10.1145/1047659.1040336,06013180767-0622089851,2026-01-08,included,raw/cs004-references-p0001-opencitations.json.gz
opencitations,CS004,S05,references,doi:10.1145/3776687->doi:10.1007/978-3-319-66706-5_15,doi:10.1145/3776687,doi:10.1007/978-3-319-66706-5_15,10.1145/3776687,10.1007/978-3-319-66706-5_15,10.1145/3776687,10.1007/978-3-319-66706-5_15,06013180767-06302630346,2026-01-08,included,raw/cs004-references-p0001-opencitations.json.gz
opencitations,CS004,S05,references,doi:10.1145/3776687->doi:10.1007/978-3-031-37706-8_10,doi:10.1145/3776687,doi:10.1007/978-3-031-37706-8_10,10.1145/3776687,10.1007/978-3-031-37706-8_10,10.1145/3776687,10.1007/978-3-031-37706-8_10,06013180767-062603979005,2026-01-08,included,raw/cs004-references-p0001-opencitations.json.gz
opencitations,CS004,S05,references,doi:10.1145/3776687->doi:10.1145/3192366.3192405,doi:10.1145/3776687,doi:10.1145/3192366.3192405,10.1145/3776687,10.1145/3192366.3192405,10.1145/3776687,10.1145/3192366.3192405,06013180767-061102349730,2026-01-08,included,raw/cs004-references-p0001-opencitations.json.gz
opencitations,CS004,S05,references,doi:10.1145/3776687->doi:10.1145/3428294,doi:10.1145/3776687,doi:10.1145/3428294,10.1145/3776687,10.1145/3428294,10.1145/3776687,10.1145/3428294,06013180767-06202296920,2026-01-08,included,raw/cs004-references-p0001-opencitations.json.gz
opencitations,CS004,S05,references,doi:10.1145/3776687->doi:10.1007/978-1-4612-4886-6,doi:10.1145/3776687,doi:10.1007/978-1-4612-4886-6,10.1145/3776687,10.1007/978-1-4612-4886-6,10.1145/3776687,10.1007/978-1-4612-4886-6,06013180767-06403295469,2026-01-08,included,raw/cs004-references-p0001-opencitations.json.gz
opencitations,CS004,S05,references,doi:10.1145/3776687->doi:10.1145/3563292,doi:10.1145/3776687,doi:10.1145/3563292,10.1145/3776687,10.1145/3563292,10.1145/3776687,10.1145/3563292,06013180767-061203551021,2026-01-08,included,raw/cs004-references-p0001-opencitations.json.gz
opencitations,CS004,S05,references,doi:10.1145/3776687->doi:10.1145/3597926.3598095,doi:10.1145/3776687,doi:10.1145/3597926.3598095,10.1145/3776687,10.1145/3597926.3598095,10.1145/3776687,10.1145/3597926.3598095,06013180767-06320133306,2026-01-08,included,raw/cs004-references-p0001-opencitations.json.gz
opencitations,CS004,S05,references,doi:10.1145/3776687->doi:10.1007/978-3-031-90660-2_9,doi:10.1145/3776687,doi:10.1007/978-3-031-90660-2_9,10.1145/3776687,10.1007/978-3-031-90660-2_9,10.1145/3776687,10.1007/978-3-031-90660-2_9,06013180767-06012847852,2026-01-08,included,raw/cs004-references-p0001-opencitations.json.gz
opencitations,CS004,S05,references,doi:10.1145/3776687->doi:10.1145/3458926,doi:10.1145/3776687,doi:10.1145/3458926,10.1145/3776687,10.1145/3458926,10.1145/3776687,10.1145/3458926,06013180767-06602632495,2026-01-08,included,raw/cs004-references-p0001-opencitations.json.gz
opencitations,CS004,S05,references,doi:10.1145/3776687->doi:10.1145/3575693.3575750,doi:10.1145/3776687,doi:10.1145/3575693.3575750,10.1145/3776687,10.1145/3575693.3575750,10.1145/3776687,10.1145/3575693.3575750,06013180767-06904057578,2026-01-08,included,raw/cs004-references-p0001-opencitations.json.gz
opencitations,CS004,S05,references,doi:10.1145/3776687->doi:10.1145/2983990.2984032,doi:10.1145/3776687,doi:10.1145/2983990.2984032,10.1145/3776687,10.1145/2983990.2984032,10.1145/3776687,10.1145/2983990.2984032,06013180767-061802475576,2026-01-08,included,raw/cs004-references-p0001-opencitations.json.gz
opencitations,CS004,S05,references,doi:10.1145/3776687->doi:10.1007/978-3-030-45237-7_24,doi:10.1145/3776687,doi:10.1007/978-3-030-45237-7_24,10.1145/3776687,10.1007/978-3-030-45237-7_24,10.1145/3776687,10.1007/978-3-030-45237-7_24,06013180767-06702354073,2026-01-08,included,raw/cs004-references-p0001-opencitations.json.gz
opencitations,CS004,S05,references,doi:10.1145/3776687->doi:10.1145/3445814.3446748,doi:10.1145/3776687,doi:10.1145/3445814.3446748,10.1145/3776687,10.1145/3445814.3446748,10.1145/3776687,10.1145/3445814.3446748,06013180767-061103183070,2026-01-08,included,raw/cs004-references-p0001-opencitations.json.gz
opencitations,CS004,S05,references,doi:10.1145/3776687->doi:10.1145/3694906.3743326,doi:10.1145/3776687,doi:10.1145/3694906.3743326,10.1145/3776687,10.1145/3694906.3743326,10.1145/3776687,10.1145/3694906.3743326,06013180767-0609371009,2026-01-08,included,raw/cs004-references-p0001-opencitations.json.gz
opencitations,CS004,S05,references,doi:10.1145/3776687->doi:10.1145/1993498.1993520,doi:10.1145/3776687,doi:10.1145/1993498.1993520,10.1145/3776687,10.1145/1993498.1993520,10.1145/3776687,10.1145/1993498.1993520,06013180767-062503131723,2026-01-08,included,raw/cs004-references-p0001-opencitations.json.gz
opencitations,CS004,S05,references,doi:10.1145/3776687->doi:10.1145/3485475,doi:10.1145/3776687,doi:10.1145/3485475,10.1145/3776687,10.1145/3485475,10.1145/3776687,10.1145/3485475,06013180767-06202296744,2026-01-08,included,raw/cs004-references-p0001-opencitations.json.gz
opencitations,CS004,S05,references,doi:10.1145/3776687->doi:10.1007/978-3-030-81685-8_20,doi:10.1145/3776687,doi:10.1007/978-3-030-81685-8_20,10.1145/3776687,10.1007/978-3-030-81685-8_20,10.1145/3776687,10.1007/978-3-030-81685-8_20,06013180767-06702106984,2026-01-08,included,raw/cs004-references-p0001-opencitations.json.gz
opencitations,CS004,S05,references,doi:10.1145/3776687->doi:10.23919/fmcad.2018.8603021,doi:10.1145/3776687,doi:10.23919/fmcad.2018.8603021,10.1145/3776687,10.23919/fmcad.2018.8603021,10.1145/3776687,10.23919/fmcad.2018.8603021,06013180767-062502300912,2026-01-08,included,raw/cs004-references-p0001-opencitations.json.gz
opencitations,CS004,S05,references,doi:10.1145/3776687->doi:10.1145/1328897.1328459,doi:10.1145/3776687,doi:10.1145/1328897.1328459,10.1145/3776687,10.1145/1328897.1328459,10.1145/3776687,10.1145/1328897.1328459,06013180767-0616094629,2026-01-08,included,raw/cs004-references-p0001-opencitations.json.gz
opencitations,CS004,S05,references,doi:10.1145/3776687->doi:10.1145/3297858.3304043,doi:10.1145/3776687,doi:10.1145/3297858.3304043,10.1145/3776687,10.1145/3297858.3304043,10.1145/3776687,10.1145/3297858.3304043,06013180767-062302295940,2026-01-08,included,raw/cs004-references-p0001-opencitations.json.gz
opencitations,CS004,S05,references,doi:10.1145/3776687->doi:10.1145/3622781.3674174,doi:10.1145/3776687,doi:10.1145/3622781.3674174,10.1145/3776687,10.1145/3622781.3674174,10.1145/3776687,10.1145/3622781.3674174,06013180767-06012584201,2026-01-08,included,raw/cs004-references-p0001-opencitations.json.gz
opencitations,CS004,S05,references,doi:10.1145/3776687->doi:10.1007/978-3-642-54862-8_11,doi:10.1145/3776687,doi:10.1007/978-3-642-54862-8_11,10.1145/3776687,10.1007/978-3-642-54862-8_11,10.1145/3776687,10.1007/978-3-642-54862-8_11,06013180767-061102660828,2026-01-08,included,raw/cs004-references-p0001-opencitations.json.gz
opencitations,CS004,S05,references,doi:10.1145/3776687->doi:10.1007/978-3-642-31424-7_19,doi:10.1145/3776687,doi:10.1007/978-3-642-31424-7_19,10.1145/3776687,10.1007/978-3-642-31424-7_19,10.1145/3776687,10.1007/978-3-642-31424-7_19,06013180767-06703085362,2026-01-08,included,raw/cs004-references-p0001-opencitations.json.gz
opencitations,CS004,S05,references,doi:10.1145/3776687->doi:10.1145/3485508,doi:10.1145/3776687,doi:10.1145/3485508,10.1145/3776687,10.1145/3485508,10.1145/3776687,10.1145/3485508,06013180767-06202296787,2026-01-08,included,raw/cs004-references-p0001-opencitations.json.gz
opencitations,CS004,S05,references,doi:10.1145/3776687->doi:10.1007/978-3-031-57256-2_27,doi:10.1145/3776687,doi:10.1007/978-3-031-57256-2_27,10.1145/3776687,10.1007/978-3-031-57256-2_27,10.1145/3776687,10.1007/978-3-031-57256-2_27,06013180767-06604766282,2026-01-08,included,raw/cs004-references-p0001-opencitations.json.gz
opencitations,CS006,S07,references,doi:10.1145/3519939.3523451->doi:10.1145/3290383,doi:10.1145/3519939.3523451,doi:10.1145/3290383,10.1145/3519939.3523451,10.1145/3290383,10.1145/3519939.3523451,10.1145/3290383,061502954671-06202297271,2022-06-09,included,raw/cs006-references-p0001-opencitations.json.gz
opencitations,CS006,S07,references,doi:10.1145/3519939.3523451->doi:10.1145/2442516.2442524,doi:10.1145/3519939.3523451,doi:10.1145/2442516.2442524,10.1145/3519939.3523451,10.1145/2442516.2442524,10.1145/3519939.3523451,10.1145/2442516.2442524,061502954671-06303375051,2022-06-09,included,raw/cs006-references-p0001-opencitations.json.gz
opencitations,CS006,S07,references,doi:10.1145/3519939.3523451->doi:10.1145/3009837.3009877,doi:10.1145/3519939.3523451,doi:10.1145/3009837.3009877,10.1145/3519939.3523451,10.1145/3009837.3009877,10.1145/3519939.3523451,10.1145/3009837.3009877,061502954671-061502479472,2022-06-09,included,raw/cs006-references-p0001-opencitations.json.gz
opencitations,CS006,S07,references,doi:10.1145/3519939.3523451->doi:10.1145/1017460.1017464,doi:10.1145/3519939.3523451,doi:10.1145/1017460.1017464,10.1145/3519939.3523451,10.1145/1017460.1017464,10.1145/3519939.3523451,10.1145/1017460.1017464,061502954671-06601731556,2022-06-09,included,raw/cs006-references-p0001-opencitations.json.gz
opencitations,CS006,S07,references,doi:10.1145/3519939.3523451->doi:10.1017/s0956796818000151,doi:10.1145/3519939.3523451,doi:10.1017/s0956796818000151,10.1145/3519939.3523451,10.1017/s0956796818000151,10.1145/3519939.3523451,10.1017/s0956796818000151,061502954671-061902665994,2022-06-09,included,raw/cs006-references-p0001-opencitations.json.gz
opencitations,CS006,S07,references,doi:10.1145/3519939.3523451->doi:10.1145/2983990.2983999,doi:10.1145/3519939.3523451,doi:10.1145/2983990.2983999,10.1145/3519939.3523451,10.1145/2983990.2983999,10.1145/3519939.3523451,10.1145/2983990.2983999,061502954671-061402461650,2022-06-09,included,raw/cs006-references-p0001-opencitations.json.gz
opencitations,CS006,S07,references,doi:10.1145/3519939.3523451->doi:10.1145/2676726.2676980,doi:10.1145/3519939.3523451,doi:10.1145/2676726.2676980,10.1145/3519939.3523451,10.1145/2676726.2676980,10.1145/3519939.3523451,10.1145/2676726.2676980,061502954671-06801942711,2022-06-09,included,raw/cs006-references-p0001-opencitations.json.gz
opencitations,CS006,S07,references,doi:10.1145/3519939.3523451->doi:10.1145/3371113,doi:10.1145/3519939.3523451,doi:10.1145/3371113,10.1145/3519939.3523451,10.1145/3371113,10.1145/3519939.3523451,10.1145/3371113,061502954671-06202297127,2022-06-09,included,raw/cs006-references-p0001-opencitations.json.gz
opencitations,CS006,S07,references,doi:10.1145/3519939.3523451->doi:10.1145/3158107,doi:10.1145/3519939.3523451,doi:10.1145/3158107,10.1145/3519939.3523451,10.1145/3158107,10.1145/3519939.3523451,10.1145/3158107,061502954671-06202297469,2022-06-09,included,raw/cs006-references-p0001-opencitations.json.gz
opencitations,CS006,S07,references,doi:10.1145/3519939.3523451->doi:10.1007/978-3-319-06410-9_15,doi:10.1145/3519939.3523451,doi:10.1007/978-3-319-06410-9_15,10.1145/3519939.3523451,10.1007/978-3-319-06410-9_15,10.1145/3519939.3523451,10.1007/978-3-319-06410-9_15,061502954671-06403080658,2022-06-09,included,raw/cs006-references-p0001-opencitations.json.gz
opencitations,CS006,S07,references,doi:10.1145/3519939.3523451->doi:10.1145/3314221.3314624,doi:10.1145/3519939.3523451,doi:10.1145/3314221.3314624,10.1145/3519939.3523451,10.1145/3314221.3314624,10.1145/3519939.3523451,10.1145/3314221.3314624,061502954671-062602316638,2022-06-09,included,raw/cs006-references-p0001-opencitations.json.gz
opencitations,CS006,S07,references,doi:10.1145/3519939.3523451->doi:10.1016/0304-3975(91)90224-p,doi:10.1145/3519939.3523451,doi:10.1016/0304-3975(91)90224-p,10.1145/3519939.3523451,10.1016/0304-3975(91)90224-p,10.1145/3519939.3523451,10.1016/0304-3975(91)90224-p,061502954671-06240781465,2022-06-09,included,raw/cs006-references-p0001-opencitations.json.gz
opencitations,CS006,S07,references,doi:10.1145/3519939.3523451->doi:10.1109/tc.1979.1675439,doi:10.1145/3519939.3523451,doi:10.1109/tc.1979.1675439,10.1145/3519939.3523451,10.1109/tc.1979.1675439,10.1145/3519939.3523451,10.1109/tc.1979.1675439,061502954671-062201331177,2022-06-09,included,raw/cs006-references-p0001-opencitations.json.gz
opencitations,CS006,S07,references,doi:10.1145/3519939.3523451->doi:10.1007/978-3-642-54833-8_9,doi:10.1145/3519939.3523451,doi:10.1007/978-3-642-54833-8_9,10.1145/3519939.3523451,10.1007/978-3-642-54833-8_9,10.1145/3519939.3523451,10.1007/978-3-642-54833-8_9,061502954671-062302661864,2022-06-09,included,raw/cs006-references-p0001-opencitations.json.gz
opencitations,CS006,S07,references,doi:10.1145/3519939.3523451->doi:10.4230/lipics.concur.2016.6,doi:10.1145/3519939.3523451,doi:10.4230/lipics.concur.2016.6,10.1145/3519939.3523451,10.4230/lipics.concur.2016.6,10.1145/3519939.3523451,10.4230/lipics.concur.2016.6,061502954671-061503579027,2022-06-09,included,raw/cs006-references-p0001-opencitations.json.gz
opencitations,CS006,S07,references,doi:10.1145/3519939.3523451->doi:10.1145/3473586,doi:10.1145/3519939.3523451,doi:10.1145/3473586,10.1145/3519939.3523451,10.1145/3473586,10.1145/3519939.3523451,10.1145/3473586,061502954671-06202296832,2022-06-09,included,raw/cs006-references-p0001-opencitations.json.gz
opencitations,CS006,S07,references,doi:10.1145/3519939.3523451->doi:10.1007/978-3-319-98938-9_7,doi:10.1145/3519939.3523451,doi:10.1007/978-3-319-98938-9_7,10.1145/3519939.3523451,10.1007/978-3-319-98938-9_7,10.1145/3519939.3523451,10.1007/978-3-319-98938-9_7,061502954671-06202526770,2022-06-09,included,raw/cs006-references-p0001-opencitations.json.gz
opencitations,CS006,S07,references,doi:10.1145/3519939.3523451->doi:10.1145/1007912.1007944,doi:10.1145/3519939.3523451,doi:10.1145/1007912.1007944,10.1145/3519939.3523451,10.1145/1007912.1007944,10.1145/3519939.3523451,10.1145/1007912.1007944,061502954671-062503363126,2022-06-09,included,raw/cs006-references-p0001-opencitations.json.gz
opencitations,CS006,S07,references,doi:10.1145/3519939.3523451->doi:10.1007/978-3-662-44202-9_9,doi:10.1145/3519939.3523451,doi:10.1007/978-3-662-44202-9_9,10.1145/3519939.3523451,10.1007/978-3-662-44202-9_9,10.1145/3519939.3523451,10.1007/978-3-662-44202-9_9,061502954671-062102644433,2022-06-09,included,raw/cs006-references-p0001-opencitations.json.gz
opencitations,CS006,S07,references,doi:10.1145/3519939.3523451->doi:10.1145/2951913.2951943,doi:10.1145/3519939.3523451,doi:10.1145/2951913.2951943,10.1145/3519939.3523451,10.1145/2951913.2951943,10.1145/3519939.3523451,10.1145/2951913.2951943,061502954671-06202906292,2022-06-09,included,raw/cs006-references-p0001-opencitations.json.gz
opencitations,CS006,S07,references,doi:10.1145/3519939.3523451->doi:10.1145/2491956.2462189,doi:10.1145/3519939.3523451,doi:10.1145/2491956.2462189,10.1145/3519939.3523451,10.1145/2491956.2462189,10.1145/3519939.3523451,10.1145/2491956.2462189,061502954671-062402933996,2022-06-09,included,raw/cs006-references-p0001-opencitations.json.gz
opencitations,CS006,S07,references,doi:10.1145/3519939.3523451->doi:10.1109/tpds.2004.8,doi:10.1145/3519939.3523451,doi:10.1109/tpds.2004.8,10.1145/3519939.3523451,10.1109/tpds.2004.8,10.1145/3519939.3523451,10.1109/tpds.2004.8,061502954671-061203026926,2022-06-09,included,raw/cs006-references-p0001-opencitations.json.gz
opencitations,CS006,S07,references,doi:10.1145/3519939.3523451->doi:10.1145/3498694,doi:10.1145/3519939.3523451,doi:10.1145/3498694,10.1145/3519939.3523451,10.1145/3498694,10.1145/3519939.3523451,10.1145/3498694,061502954671-06202296734,2022-06-09,included,raw/cs006-references-p0001-opencitations.json.gz
opencitations,CS006,S07,references,doi:10.1145/3519939.3523451->doi:10.1145/3290373,doi:10.1145/3519939.3523451,doi:10.1145/3290373,10.1145/3519939.3523451,10.1145/3290373,10.1145/3519939.3523451,10.1145/3290373,061502954671-06202297306,2022-06-09,included,raw/cs006-references-p0001-opencitations.json.gz
opencitations,CS006,S07,references,doi:10.1145/3519939.3523451->doi:10.1145/2660193.2660243,doi:10.1145/3519939.3523451,doi:10.1145/2660193.2660243,10.1145/3519939.3523451,10.1145/2660193.2660243,10.1145/3519939.3523451,10.1145/2660193.2660243,061502954671-06402985784,2022-06-09,included,raw/cs006-references-p0001-opencitations.json.gz
opencitations,CS006,S07,references,doi:10.1145/3519939.3523451->doi:10.1145/2429069.2429099,doi:10.1145/3519939.3523451,doi:10.1145/2429069.2429099,10.1145/3519939.3523451,10.1145/2429069.2429099,10.1145/3519939.3523451,10.1145/2429069.2429099,061502954671-061502962980,2022-06-09,included,raw/cs006-references-p0001-opencitations.json.gz
opencitations,CS006,S07,references,doi:10.1145/3519939.3523451->doi:10.1145/3408978,doi:10.1145/3519939.3523451,doi:10.1145/3408978,10.1145/3519939.3523451,10.1145/3408978,10.1145/3519939.3523451,10.1145/3408978,061502954671-06202297040,2022-06-09,included,raw/cs006-references-p0001-opencitations.json.gz
opencitations,CS006,S07,references,doi:10.1145/3519939.3523451->doi:10.1145/2429069.2429109,doi:10.1145/3519939.3523451,doi:10.1145/2429069.2429109,10.1145/3519939.3523451,10.1145/2429069.2429109,10.1145/3519939.3523451,10.1145/2429069.2429109,061502954671-061502962976,2022-06-09,included,raw/cs006-references-p0001-opencitations.json.gz
opencitations,CS006,S07,references,doi:10.1145/3519939.3523451->doi:10.4230/lipics.ecoop.2020.11,doi:10.1145/3519939.3523451,doi:10.4230/lipics.ecoop.2020.11,10.1145/3519939.3523451,10.4230/lipics.ecoop.2020.11,10.1145/3519939.3523451,10.4230/lipics.ecoop.2020.11,061502954671-060625,2022-06-09,included,raw/cs006-references-p0001-opencitations.json.gz
opencitations,CS006,S07,references,doi:10.1145/3519939.3523451->doi:10.1007/978-3-662-54434-1_26,doi:10.1145/3519939.3523451,doi:10.1007/978-3-662-54434-1_26,10.1145/3519939.3523451,10.1007/978-3-662-54434-1_26,10.1145/3519939.3523451,10.1007/978-3-662-54434-1_26,061502954671-062302394782,2022-06-09,included,raw/cs006-references-p0001-opencitations.json.gz
opencitations,CS006,S07,references,doi:10.1145/3519939.3523451->doi:10.1007/978-3-319-73721-8_9,doi:10.1145/3519939.3523451,doi:10.1007/978-3-319-73721-8_9,10.1145/3519939.3523451,10.1007/978-3-319-73721-8_9,10.1145/3519939.3523451,10.1007/978-3-319-73721-8_9,061502954671-06802501601,2022-06-09,included,raw/cs006-references-p0001-opencitations.json.gz
opencitations,CS006,S07,references,doi:10.1145/3519939.3523451->doi:10.1007/978-3-642-37036-6_27,doi:10.1145/3519939.3523451,doi:10.1007/978-3-642-37036-6_27,10.1145/3519939.3523451,10.1007/978-3-642-37036-6_27,10.1145/3519939.3523451,10.1007/978-3-642-37036-6_27,061502954671-06503137930,2022-06-09,included,raw/cs006-references-p0001-opencitations.json.gz
opencitations,CS006,S07,references,doi:10.1145/3519939.3523451->doi:10.1145/3009837.3009850,doi:10.1145/3519939.3523451,doi:10.1145/3009837.3009850,10.1145/3519939.3523451,10.1145/3009837.3009850,10.1145/3519939.3523451,10.1145/3009837.3009850,061502954671-061502479414,2022-06-09,included,raw/cs006-references-p0001-opencitations.json.gz
opencitations,CS006,S07,references,doi:10.1145/3519939.3523451->doi:10.1145/3371102,doi:10.1145/3519939.3523451,doi:10.1145/3371102,10.1145/3519939.3523451,10.1145/3371102,10.1145/3519939.3523451,10.1145/3371102,061502954671-06202297114,2022-06-09,included,raw/cs006-references-p0001-opencitations.json.gz
opencitations,CS006,S07,references,doi:10.1145/3519939.3523451->doi:10.1145/3473571,doi:10.1145/3519939.3523451,doi:10.1145/3473571,10.1145/3519939.3523451,10.1145/3473571,10.1145/3519939.3523451,10.1145/3473571,061502954671-06202296820,2022-06-09,included,raw/cs006-references-p0001-opencitations.json.gz
opencitations,CS006,S07,references,doi:10.1145/3519939.3523451->doi:10.1145/2837614.2837643,doi:10.1145/3519939.3523451,doi:10.1145/2837614.2837643,10.1145/3519939.3523451,10.1145/2837614.2837643,10.1145/3519939.3523451,10.1145/2837614.2837643,061502954671-06301935237,2022-06-09,included,raw/cs006-references-p0001-opencitations.json.gz
opencitations,CS006,S07,references,doi:10.1145/3519939.3523451->doi:10.1145/3192366.3192421,doi:10.1145/3519939.3523451,doi:10.1145/3192366.3192421,10.1145/3519939.3523451,10.1145/3192366.3192421,10.1145/3519939.3523451,10.1145/3192366.3192421,061502954671-0603920940,2022-06-09,included,raw/cs006-references-p0001-opencitations.json.gz
opencitations,CS006,S07,references,doi:10.1145/3519939.3523451->doi:10.4230/lipics.ecoop.2017.17,doi:10.1145/3519939.3523451,doi:10.4230/lipics.ecoop.2017.17,10.1145/3519939.3523451,10.4230/lipics.ecoop.2017.17,10.1145/3519939.3523451,10.4230/lipics.ecoop.2017.17,061502954671-062503561954,2022-06-09,included,raw/cs006-references-p0001-opencitations.json.gz
opencitations,CS006,S07,references,doi:10.1145/3519939.3523451->doi:10.1007/978-3-662-54434-1_17,doi:10.1145/3519939.3523451,doi:10.1007/978-3-662-54434-1_17,10.1145/3519939.3523451,10.1007/978-3-662-54434-1_17,10.1145/3519939.3523451,10.1007/978-3-662-54434-1_17,061502954671-062302394799,2022-06-09,included,raw/cs006-references-p0001-opencitations.json.gz
opencitations,CS006,S07,references,doi:10.1145/3519939.3523451->doi:10.1007/978-3-319-89884-1_13,doi:10.1145/3519939.3523451,doi:10.1007/978-3-319-89884-1_13,10.1145/3519939.3523451,10.1007/978-3-319-89884-1_13,10.1145/3519939.3523451,10.1007/978-3-319-89884-1_13,061502954671-061702211240,2022-06-09,included,raw/cs006-references-p0001-opencitations.json.gz
opencitations,CS006,S07,references,doi:10.1145/3519939.3523451->doi:10.1007/978-3-662-48653-5_25,doi:10.1145/3519939.3523451,doi:10.1007/978-3-662-48653-5_25,10.1145/3519939.3523451,10.1007/978-3-662-48653-5_25,10.1145/3519939.3523451,10.1007/978-3-662-48653-5_25,061502954671-061402577688,2022-06-09,included,raw/cs006-references-p0001-opencitations.json.gz
opencitations,CS006,S07,references,doi:10.1145/3519939.3523451->doi:10.1145/3385412.3386010,doi:10.1145/3519939.3523451,doi:10.1145/3385412.3386010,10.1145/3519939.3523451,10.1145/3385412.3386010,10.1145/3519939.3523451,10.1145/3385412.3386010,061502954671-06702087579,2022-06-09,included,raw/cs006-references-p0001-opencitations.json.gz
opencitations,CS006,S07,references,doi:10.1145/3519939.3523451->doi:10.1145/248052.248106,doi:10.1145/3519939.3523451,doi:10.1145/248052.248106,10.1145/3519939.3523451,10.1145/248052.248106,10.1145/3519939.3523451,10.1145/248052.248106,061502954671-06703784449,2022-06-09,included,raw/cs006-references-p0001-opencitations.json.gz
opencitations,CS006,S07,references,doi:10.1145/3519939.3523451->doi:10.1145/3062341.3062352,doi:10.1145/3519939.3523451,doi:10.1145/3062341.3062352,10.1145/3519939.3523451,10.1145/3062341.3062352,10.1145/3519939.3523451,10.1145/3062341.3062352,061502954671-06801863793,2022-06-09,included,raw/cs006-references-p0001-opencitations.json.gz
opencitations,CS006,S07,references,doi:10.1145/3519939.3523451->doi:10.1145/2509136.2509532,doi:10.1145/3519939.3523451,doi:10.1145/2509136.2509532,10.1145/3519939.3523451,10.1145/2509136.2509532,10.1145/3519939.3523451,10.1145/2509136.2509532,061502954671-06303346490,2022-06-09,included,raw/cs006-references-p0001-opencitations.json.gz
opencitations,CS006,S07,references,doi:10.1145/3519939.3523451->doi:10.1145/2535838.2535848,doi:10.1145/3519939.3523451,doi:10.1145/2535838.2535848,10.1145/3519939.3523451,10.1145/2535838.2535848,10.1145/3519939.3523451,10.1145/2535838.2535848,061502954671-062602927433,2022-06-09,included,raw/cs006-references-p0001-opencitations.json.gz
opencitations,CS006,S07,references,doi:10.1145/3519939.3523451->doi:10.1007/978-3-642-28869-2_5,doi:10.1145/3519939.3523451,doi:10.1007/978-3-642-28869-2_5,10.1145/3519939.3523451,10.1007/978-3-642-28869-2_5,10.1145/3519939.3523451,10.1007/978-3-642-28869-2_5,061502954671-06203136104,2022-06-09,included,raw/cs006-references-p0001-opencitations.json.gz
opencitations,CS006,S07,references,doi:10.1145/3519939.3523451->doi:10.1007/978-3-662-49122-5_20,doi:10.1145/3519939.3523451,doi:10.1007/978-3-662-49122-5_20,10.1145/3519939.3523451,10.1007/978-3-662-49122-5_20,10.1145/3519939.3523451,10.1007/978-3-662-49122-5_20,061502954671-06502603578,2022-06-09,included,raw/cs006-references-p0001-opencitations.json.gz
opencitations,CS006,S07,references,doi:10.1145/3519939.3523451->doi:10.1145/3437801.3441619,doi:10.1145/3519939.3523451,doi:10.1145/3437801.3441619,10.1145/3519939.3523451,10.1145/3437801.3441619,10.1145/3519939.3523451,10.1145/3437801.3441619,061502954671-061903247271,2022-06-09,included,raw/cs006-references-p0001-opencitations.json.gz
opencitations,CS006,S07,references,doi:10.1145/3519939.3523451->doi:10.1109/lics.1988.5115,doi:10.1145/3519939.3523451,doi:10.1109/lics.1988.5115,10.1145/3519939.3523451,10.1109/lics.1988.5115,10.1145/3519939.3523451,10.1109/lics.1988.5115,061502954671-061703411640,2022-06-09,included,raw/cs006-references-p0001-opencitations.json.gz
opencitations,CS006,S07,references,doi:10.1145/3519939.3523451->doi:10.1007/978-3-642-17653-1_29,doi:10.1145/3519939.3523451,doi:10.1007/978-3-642-17653-1_29,10.1145/3519939.3523451,10.1007/978-3-642-17653-1_29,10.1145/3519939.3523451,10.1007/978-3-642-17653-1_29,061502954671-061402846509,2022-06-09,included,raw/cs006-references-p0001-opencitations.json.gz
opencitations,CS006,S07,references,doi:10.1145/3519939.3523451->doi:10.1145/1926385.1926394,doi:10.1145/3519939.3523451,doi:10.1145/1926385.1926394,10.1145/3519939.3523451,10.1145/1926385.1926394,10.1145/3519939.3523451,10.1145/1926385.1926394,061502954671-061503155181,2022-06-09,included,raw/cs006-references-p0001-opencitations.json.gz
opencitations,CS006,S07,references,doi:10.1145/3519939.3523451->doi:10.1145/3290381,doi:10.1145/3519939.3523451,doi:10.1145/3290381,10.1145/3519939.3523451,10.1145/3290381,10.1145/3519939.3523451,10.1145/3290381,061502954671-06202297318,2022-06-09,included,raw/cs006-references-p0001-opencitations.json.gz
opencitations,CS006,S07,references,doi:10.1145/3519939.3523451->doi:10.1007/978-3-662-48653-5_28,doi:10.1145/3519939.3523451,doi:10.1007/978-3-662-48653-5_28,10.1145/3519939.3523451,10.1007/978-3-662-48653-5_28,10.1145/3519939.3523451,10.1007/978-3-662-48653-5_28,061502954671-061402577678,2022-06-09,included,raw/cs006-references-p0001-opencitations.json.gz
opencitations,CS006,S07,references,doi:10.1145/3519939.3523451->doi:10.1145/3209108.3209174,doi:10.1145/3519939.3523451,doi:10.1145/3209108.3209174,10.1145/3519939.3523451,10.1145/3209108.3209174,10.1145/3519939.3523451,10.1145/3209108.3209174,061502954671-061602348291,2022-06-09,included,raw/cs006-references-p0001-opencitations.json.gz
opencitations,CS006,S07,references,doi:10.1145/3519939.3523451->doi:10.1007/s10766-017-0518-x,doi:10.1145/3519939.3523451,doi:10.1007/s10766-017-0518-x,10.1145/3519939.3523451,10.1007/s10766-017-0518-x,10.1145/3519939.3523451,10.1007/s10766-017-0518-x,061502954671-06601160886,2022-06-09,included,raw/cs006-references-p0001-opencitations.json.gz
opencitations,CS006,S07,references,doi:10.1145/3519939.3523451->doi:10.1145/1073970.1073974,doi:10.1145/3519939.3523451,doi:10.1145/1073970.1073974,10.1145/3519939.3523451,10.1145/1073970.1073974,10.1145/3519939.3523451,10.1145/1073970.1073974,061502954671-061703367233,2022-06-09,included,raw/cs006-references-p0001-opencitations.json.gz
opencitations,CS006,S07,references,doi:10.1145/3519939.3523451->doi:10.1007/978-3-662-54434-1_24,doi:10.1145/3519939.3523451,doi:10.1007/978-3-662-54434-1_24,10.1145/3519939.3523451,10.1007/978-3-662-54434-1_24,10.1145/3519939.3523451,10.1007/978-3-662-54434-1_24,061502954671-062302394787,2022-06-09,included,raw/cs006-references-p0001-opencitations.json.gz
opencitations,CS006,S07,references,doi:10.1145/3519939.3523451->doi:10.1145/3360568,doi:10.1145/3519939.3523451,doi:10.1145/3360568,10.1145/3519939.3523451,10.1145/3360568,10.1145/3519939.3523451,10.1145/3360568,061502954671-06202297190,2022-06-09,included,raw/cs006-references-p0001-opencitations.json.gz
opencitations,CS006,S07,references,doi:10.1145/3519939.3523451->doi:10.1007/978-3-662-46669-8_14,doi:10.1145/3519939.3523451,doi:10.1007/978-3-662-46669-8_14,10.1145/3519939.3523451,10.1007/978-3-662-46669-8_14,10.1145/3519939.3523451,10.1007/978-3-662-46669-8_14,061502954671-062402612758,2022-06-09,included,raw/cs006-references-p0001-opencitations.json.gz
opencitations,CS006,S07,references,doi:10.1145/3519939.3523451->doi:10.1145/3385412.3385973,doi:10.1145/3519939.3523451,doi:10.1145/3385412.3385973,10.1145/3519939.3523451,10.1145/3385412.3385973,10.1145/3519939.3523451,10.1145/3385412.3385973,061502954671-06702087403,2022-06-09,included,raw/cs006-references-p0001-opencitations.json.gz
opencitations,CS006,S07,references,doi:10.1145/3519939.3523451->doi:10.1145/2737924.2737992,doi:10.1145/3519939.3523451,doi:10.1145/2737924.2737992,10.1145/3519939.3523451,10.1145/2737924.2737992,10.1145/3519939.3523451,10.1145/2737924.2737992,061502954671-061602538739,2022-06-09,included,raw/cs006-references-p0001-opencitations.json.gz
opencitations,CS006,S07,references,doi:10.1145/3519939.3523451->doi:10.1007/978-3-662-43951-7_19,doi:10.1145/3519939.3523451,doi:10.1007/978-3-662-43951-7_19,10.1145/3519939.3523451,10.1007/978-3-662-43951-7_19,10.1145/3519939.3523451,10.1007/978-3-662-43951-7_19,061502954671-06603066920,2022-06-09,included,raw/cs006-references-p0001-opencitations.json.gz
opencitations,CS006,S07,references,doi:10.1145/3519939.3523451->doi:10.4230/lipics.ecoop.2017.8,doi:10.1145/3519939.3523451,doi:10.4230/lipics.ecoop.2017.8,10.1145/3519939.3523451,10.4230/lipics.ecoop.2017.8,10.1145/3519939.3523451,10.4230/lipics.ecoop.2017.8,061502954671-061803580227,2022-06-09,included,raw/cs006-references-p0001-opencitations.json.gz
opencitations,CS006,S07,references,doi:10.1145/3519939.3523451->doi:10.1007/978-3-030-44914-8_11,doi:10.1145/3519939.3523451,doi:10.1007/978-3-030-44914-8_11,10.1145/3519939.3523451,10.1007/978-3-030-44914-8_11,10.1145/3519939.3523451,10.1007/978-3-030-44914-8_11,061502954671-062101997306,2022-06-09,included,raw/cs006-references-p0001-opencitations.json.gz
opencitations,CS006,S07,references,doi:10.1145/3519939.3523451->doi:10.1145/197917.198176,doi:10.1145/3519939.3523451,doi:10.1145/197917.198176,10.1145/3519939.3523451,10.1145/197917.198176,10.1145/3519939.3523451,10.1145/197917.198176,061502954671-06603798961,2022-06-09,included,raw/cs006-references-p0001-opencitations.json.gz
opencitations,CS006,S07,references,doi:10.1145/3519939.3523451->doi:10.1145/78969.78972,doi:10.1145/3519939.3523451,doi:10.1145/78969.78972,10.1145/3519939.3523451,10.1145/78969.78972,10.1145/3519939.3523451,10.1145/78969.78972,061502954671-06702614122,2022-06-09,included,raw/cs006-references-p0001-opencitations.json.gz
opencitations,CS006,S07,references,doi:10.1145/3519939.3523451->doi:10.1145/2500365.2500600,doi:10.1145/3519939.3523451,doi:10.1145/2500365.2500600,10.1145/3519939.3523451,10.1145/2500365.2500600,10.1145/3519939.3523451,10.1145/2500365.2500600,061502954671-061102942728,2022-06-09,included,raw/cs006-references-p0001-opencitations.json.gz
opencitations,CS006,S07,citations,doi:10.1145/3591297->doi:10.1145/3519939.3523451,doi:10.1145/3591297,doi:10.1145/3519939.3523451,10.1145/3591297,10.1145/3519939.3523451,10.1145/3591297,10.1145/3519939.3523451,062203928098-061502954671,2023-06-06,included,raw/cs006-citations-p0001-opencitations.json.gz
opencitations,CS006,S07,citations,doi:10.1145/3763134->doi:10.1145/3519939.3523451,doi:10.1145/3763134,doi:10.1145/3519939.3523451,10.1145/3763134,10.1145/3519939.3523451,10.1145/3763134,10.1145/3519939.3523451,06015581548-061502954671,2025-10-09,included,raw/cs006-citations-p0001-opencitations.json.gz
opencitations,CS006,S07,citations,doi:10.1145/3636501.3636940->doi:10.1145/3519939.3523451,doi:10.1145/3636501.3636940,doi:10.1145/3519939.3523451,10.1145/3636501.3636940,10.1145/3519939.3523451,10.1145/3636501.3636940,10.1145/3519939.3523451,061604139261-061502954671,2024-01-09,included,raw/cs006-citations-p0001-opencitations.json.gz
opencitations,CS006,S07,citations,doi:10.1145/3656384->doi:10.1145/3519939.3523451,doi:10.1145/3656384,doi:10.1145/3519939.3523451,10.1145/3656384,10.1145/3519939.3523451,10.1145/3656384,10.1145/3519939.3523451,062404381372-061502954671,2024-06-20,included,raw/cs006-citations-p0001-opencitations.json.gz
opencitations,CS006,S07,citations,doi:10.1145/3720525->doi:10.1145/3519939.3523451,doi:10.1145/3720525,doi:10.1145/3519939.3523451,10.1145/3720525,10.1145/3519939.3523451,10.1145/3720525,10.1145/3519939.3523451,06012443213-061502954671,2025-04-09,included,raw/cs006-citations-p0001-opencitations.json.gz
opencitations,CS006,S07,citations,doi:10.1145/3786762->doi:10.1145/3519939.3523451,doi:10.1145/3786762,doi:10.1145/3519939.3523451,10.1145/3786762,10.1145/3519939.3523451,10.1145/3786762,10.1145/3519939.3523451,06013427268-061502954671,2026-01-19,included,raw/cs006-citations-p0001-opencitations.json.gz
opencitations,CS006,S07,citations,doi:10.1145/3689802->doi:10.1145/3519939.3523451,doi:10.1145/3689802,doi:10.1145/3519939.3523451,10.1145/3689802,10.1145/3519939.3523451,10.1145/3689802,10.1145/3519939.3523451,062404381227-061502954671,2024-10-08,included,raw/cs006-citations-p0001-opencitations.json.gz
opencitations,CS006,S07,citations,doi:10.1145/3632863->doi:10.1145/3519939.3523451,doi:10.1145/3632863,doi:10.1145/3519939.3523451,10.1145/3632863,10.1145/3519939.3523451,10.1145/3632863,10.1145/3519939.3523451,062204192515-061502954671,2024-01-05,included,raw/cs006-citations-p0001-opencitations.json.gz
opencitations,CS006,S07,citations,doi:10.1145/3571246->doi:10.1145/3519939.3523451,doi:10.1145/3571246,doi:10.1145/3519939.3523451,10.1145/3571246,10.1145/3519939.3523451,10.1145/3571246,10.1145/3519939.3523451,062203928164-061502954671,2023-01-09,included,raw/cs006-citations-p0001-opencitations.json.gz
opencitations,CS006,S07,citations,doi:10.1145/3563352->doi:10.1145/3519939.3523451,doi:10.1145/3563352,doi:10.1145/3519939.3523451,10.1145/3563352,10.1145/3519939.3523451,10.1145/3563352,10.1145/3519939.3523451,061203551066-061502954671,2022-10-31,included,raw/cs006-citations-p0001-opencitations.json.gz
opencitations,CS006,S07,citations,doi:10.1007/978-3-031-57267-8_8->doi:10.1145/3519939.3523451,doi:10.1007/978-3-031-57267-8_8,doi:10.1145/3519939.3523451,10.1007/978-3-031-57267-8_8,10.1145/3519939.3523451,10.1007/978-3-031-57267-8_8,10.1145/3519939.3523451,062304424838-061502954671,2024,included,raw/cs006-citations-p0001-opencitations.json.gz
opencitations,CS006,S07,citations,doi:10.1145/3641399.3641443->doi:10.1145/3519939.3523451,doi:10.1145/3641399.3641443,doi:10.1145/3519939.3523451,10.1145/3641399.3641443,10.1145/3519939.3523451,10.1145/3641399.3641443,10.1145/3519939.3523451,062404237222-061502954671,2024-02-22,included,raw/cs006-citations-p0001-opencitations.json.gz
opencitations,CS006,S07,citations,doi:10.1145/3622820->doi:10.1145/3519939.3523451,doi:10.1145/3622820,doi:10.1145/3519939.3523451,10.1145/3622820,10.1145/3519939.3523451,10.1145/3622820,10.1145/3519939.3523451,061204288022-061502954671,,unknown-date,raw/cs006-citations-p0001-opencitations.json.gz
opencitations,CS006,S07,citations,doi:10.1145/3729246->doi:10.1145/3519939.3523451,doi:10.1145/3729246,doi:10.1145/3519939.3523451,10.1145/3729246,10.1145/3519939.3523451,10.1145/3729246,10.1145/3519939.3523451,06010619743-061502954671,2025-06-10,included,raw/cs006-citations-p0001-opencitations.json.gz
opencitations,CS006,S07,citations,doi:10.1145/3586043->doi:10.1145/3519939.3523451,doi:10.1145/3586043,doi:10.1145/3519939.3523451,10.1145/3586043,10.1145/3519939.3523451,10.1145/3586043,10.1145/3519939.3523451,062203928157-061502954671,2023-04-06,included,raw/cs006-citations-p0001-opencitations.json.gz
opencitations,CS006,S07,citations,doi:10.1002/cpe.70484->doi:10.1145/3519939.3523451,doi:10.1002/cpe.70484,doi:10.1145/3519939.3523451,10.1002/cpe.70484,10.1145/3519939.3523451,10.1002/cpe.70484,10.1145/3519939.3523451,06015640494-061502954671,2026-01,included,raw/cs006-citations-p0001-opencitations.json.gz
opencitations,CS006,S07,citations,doi:10.1145/3689732->doi:10.1145/3519939.3523451,doi:10.1145/3689732,doi:10.1145/3519939.3523451,10.1145/3689732,10.1145/3519939.3523451,10.1145/3689732,10.1145/3519939.3523451,062404381278-061502954671,2024-10-08,included,raw/cs006-citations-p0001-opencitations.json.gz
opencitations,CS006,S07,citations,doi:10.1145/3622827->doi:10.1145/3519939.3523451,doi:10.1145/3622827,doi:10.1145/3519939.3523451,10.1145/3622827,10.1145/3519939.3523451,10.1145/3622827,10.1145/3519939.3523451,061604166201-061502954671,,unknown-date,raw/cs006-citations-p0001-opencitations.json.gz
opencitations,CS006,S07,citations,doi:10.1145/3764860.3768337->doi:10.1145/3519939.3523451,doi:10.1145/3764860.3768337,doi:10.1145/3519939.3523451,10.1145/3764860.3768337,10.1145/3519939.3523451,10.1145/3764860.3768337,10.1145/3519939.3523451,06013130897-061502954671,2025-10-13,included,raw/cs006-citations-p0001-opencitations.json.gz
opencitations,CS006,S07,citations,doi:10.1145/3729248->doi:10.1145/3519939.3523451,doi:10.1145/3729248,doi:10.1145/3519939.3523451,10.1145/3729248,10.1145/3519939.3523451,10.1145/3729248,10.1145/3519939.3523451,06010617324-061502954671,2025-06-10,included,raw/cs006-citations-p0001-opencitations.json.gz
opencitations,CS007,S08,references,doi:10.1145/3656384->doi:10.1007/978-3-540-28644-8_2,doi:10.1145/3656384,doi:10.1007/978-3-540-28644-8_2,10.1145/3656384,10.1007/978-3-540-28644-8_2,10.1145/3656384,10.1007/978-3-540-28644-8_2,062404381372-061203025814,2024-06-20,included,raw/cs007-references-p0001-opencitations.json.gz
opencitations,CS007,S08,references,doi:10.1145/3656384->doi:10.1007/978-3-642-14295-6_40,doi:10.1145/3656384,doi:10.1007/978-3-642-14295-6_40,10.1145/3656384,10.1007/978-3-642-14295-6_40,10.1145/3656384,10.1007/978-3-642-14295-6_40,062404381372-061703036727,2024-06-20,included,raw/cs007-references-p0001-opencitations.json.gz
opencitations,CS007,S08,references,doi:10.1145/3656384->doi:10.1017/s0956796818000151,doi:10.1145/3656384,doi:10.1017/s0956796818000151,10.1145/3656384,10.1017/s0956796818000151,10.1145/3656384,10.1017/s0956796818000151,062404381372-061902665994,2024-06-20,included,raw/cs007-references-p0001-opencitations.json.gz
opencitations,CS007,S08,references,doi:10.1145/3656384->doi:10.1145/3371113,doi:10.1145/3656384,doi:10.1145/3371113,10.1145/3656384,10.1145/3371113,10.1145/3656384,10.1145/3371113,062404381372-06202297127,2024-06-20,included,raw/cs007-references-p0001-opencitations.json.gz
opencitations,CS007,S08,references,doi:10.1145/3656384->doi:10.1007/978-3-319-89960-2_11,doi:10.1145/3656384,doi:10.1007/978-3-319-89960-2_11,10.1145/3656384,10.1007/978-3-319-89960-2_11,10.1145/3656384,10.1007/978-3-319-89960-2_11,062404381372-061402186431,2024-06-20,included,raw/cs007-references-p0001-opencitations.json.gz
opencitations,CS007,S08,references,doi:10.1145/3656384->doi:10.1145/3563337,doi:10.1145/3656384,doi:10.1145/3563337,10.1145/3656384,10.1145/3563337,10.1145/3656384,10.1145/3563337,062404381372-061203551039,2024-06-20,included,raw/cs007-references-p0001-opencitations.json.gz
opencitations,CS007,S08,references,doi:10.1145/3656384->doi:10.5281/zenodo.10933398,doi:10.1145/3656384,doi:10.5281/zenodo.10933398,10.1145/3656384,10.5281/zenodo.10933398,10.1145/3656384,10.5281/zenodo.10933398,062404381372-0608857495,2024-06-20,included,raw/cs007-references-p0001-opencitations.json.gz
opencitations,CS007,S08,references,doi:10.1145/3656384->doi:10.1007/978-3-319-21668-3_1,doi:10.1145/3656384,doi:10.1007/978-3-319-21668-3_1,10.1145/3656384,10.1007/978-3-319-21668-3_1,10.1145/3656384,10.1007/978-3-319-21668-3_1,062404381372-062102590921,2024-06-20,included,raw/cs007-references-p0001-opencitations.json.gz
opencitations,CS007,S08,references,doi:10.1145/3656384->doi:10.1145/3473586,doi:10.1145/3656384,doi:10.1145/3473586,10.1145/3656384,10.1145/3473586,10.1145/3656384,10.1145/3473586,062404381372-06202296832,2024-06-20,included,raw/cs007-references-p0001-opencitations.json.gz
opencitations,CS007,S08,references,doi:10.1145/3656384->doi:10.1145/1007912.1007944,doi:10.1145/3656384,doi:10.1145/1007912.1007944,10.1145/3656384,10.1145/1007912.1007944,10.1145/3656384,10.1145/1007912.1007944,062404381372-062503363126,2024-06-20,included,raw/cs007-references-p0001-opencitations.json.gz
opencitations,CS007,S08,references,doi:10.1145/3656384->doi:10.1007/978-3-662-44202-9_9,doi:10.1145/3656384,doi:10.1007/978-3-662-44202-9_9,10.1145/3656384,10.1007/978-3-662-44202-9_9,10.1145/3656384,10.1007/978-3-662-44202-9_9,062404381372-062102644433,2024-06-20,included,raw/cs007-references-p0001-opencitations.json.gz
opencitations,CS007,S08,references,doi:10.1145/3656384->doi:10.1145/2951913.2951943,doi:10.1145/3656384,doi:10.1145/2951913.2951943,10.1145/3656384,10.1145/2951913.2951943,10.1145/3656384,10.1145/2951913.2951943,062404381372-06202906292,2024-06-20,included,raw/cs007-references-p0001-opencitations.json.gz
opencitations,CS007,S08,references,doi:10.1145/3656384->doi:10.1145/3437992.3439930,doi:10.1145/3656384,doi:10.1145/3437992.3439930,10.1145/3656384,10.1145/3437992.3439930,10.1145/3656384,10.1145/3437992.3439930,062404381372-061703288564,2024-06-20,included,raw/cs007-references-p0001-opencitations.json.gz
opencitations,CS007,S08,references,doi:10.1145/3656384->doi:10.1007/s00165-019-00499-8,doi:10.1145/3656384,doi:10.1007/s00165-019-00499-8,10.1145/3656384,10.1007/s00165-019-00499-8,10.1145/3656384,10.1007/s00165-019-00499-8,062404381372-062101753793,2024-06-20,included,raw/cs007-references-p0001-opencitations.json.gz
opencitations,CS007,S08,references,doi:10.1145/3656384->doi:10.1145/3519939.3523432,doi:10.1145/3656384,doi:10.1145/3519939.3523432,10.1145/3656384,10.1145/3519939.3523432,10.1145/3656384,10.1145/3519939.3523432,062404381372-061502955396,2024-06-20,included,raw/cs007-references-p0001-opencitations.json.gz
opencitations,CS007,S08,references,doi:10.1145/3656384->doi:10.1145/3408978,doi:10.1145/3656384,doi:10.1145/3408978,10.1145/3656384,10.1145/3408978,10.1145/3656384,10.1145/3408978,062404381372-06202297040,2024-06-20,included,raw/cs007-references-p0001-opencitations.json.gz
opencitations,CS007,S08,references,doi:10.1145/3656384->doi:10.1145/3571246,doi:10.1145/3656384,doi:10.1145/3571246,10.1145/3656384,10.1145/3571246,10.1145/3656384,10.1145/3571246,062404381372-062203928164,2024-06-20,included,raw/cs007-references-p0001-opencitations.json.gz
opencitations,CS007,S08,references,doi:10.1145/3656384->doi:10.1007/978-3-662-54434-1_26,doi:10.1145/3656384,doi:10.1007/978-3-662-54434-1_26,10.1145/3656384,10.1007/978-3-662-54434-1_26,10.1145/3656384,10.1007/978-3-662-54434-1_26,062404381372-062302394782,2024-06-20,included,raw/cs007-references-p0001-opencitations.json.gz
opencitations,CS007,S08,references,doi:10.1145/3656384->doi:10.1007/978-3-319-73721-8_9,doi:10.1145/3656384,doi:10.1007/978-3-319-73721-8_9,10.1145/3656384,10.1007/978-3-319-73721-8_9,10.1145/3656384,10.1007/978-3-319-73721-8_9,062404381372-06802501601,2024-06-20,included,raw/cs007-references-p0001-opencitations.json.gz
opencitations,CS007,S08,references,doi:10.1145/3656384->doi:10.1145/3371102,doi:10.1145/3656384,doi:10.1145/3371102,10.1145/3656384,10.1145/3371102,10.1145/3656384,10.1145/3371102,062404381372-06202297114,2024-06-20,included,raw/cs007-references-p0001-opencitations.json.gz
opencitations,CS007,S08,references,doi:10.1145/3656384->doi:10.1145/3473571,doi:10.1145/3656384,doi:10.1145/3473571,10.1145/3656384,10.1145/3473571,10.1145/3656384,10.1145/3473571,062404381372-06202296820,2024-06-20,included,raw/cs007-references-p0001-opencitations.json.gz
opencitations,CS007,S08,references,doi:10.1145/3656384->doi:10.1145/3192366.3192421,doi:10.1145/3656384,doi:10.1145/3192366.3192421,10.1145/3656384,10.1145/3192366.3192421,10.1145/3656384,10.1145/3192366.3192421,062404381372-0603920940,2024-06-20,included,raw/cs007-references-p0001-opencitations.json.gz
opencitations,CS007,S08,references,doi:10.1145/3656384->doi:10.1007/978-3-030-90870-6_22,doi:10.1145/3656384,doi:10.1007/978-3-030-90870-6_22,10.1145/3656384,10.1007/978-3-030-90870-6_22,10.1145/3656384,10.1007/978-3-030-90870-6_22,062404381372-062401697984,2024-06-20,included,raw/cs007-references-p0001-opencitations.json.gz
opencitations,CS007,S08,references,doi:10.1145/3656384->doi:10.1145/3314221.3314609,doi:10.1145/3656384,doi:10.1145/3314221.3314609,10.1145/3656384,10.1145/3314221.3314609,10.1145/3656384,10.1145/3314221.3314609,062404381372-062602316838,2024-06-20,included,raw/cs007-references-p0001-opencitations.json.gz
opencitations,CS007,S08,references,doi:10.1145/3656384->doi:10.1007/978-3-662-54434-1_17,doi:10.1145/3656384,doi:10.1007/978-3-662-54434-1_17,10.1145/3656384,10.1007/978-3-662-54434-1_17,10.1145/3656384,10.1007/978-3-662-54434-1_17,062404381372-062302394799,2024-06-20,included,raw/cs007-references-p0001-opencitations.json.gz
opencitations,CS007,S08,references,doi:10.1145/3656384->doi:10.1007/978-3-540-28644-8_4,doi:10.1145/3656384,doi:10.1007/978-3-540-28644-8_4,10.1145/3656384,10.1007/978-3-540-28644-8_4,10.1145/3656384,10.1007/978-3-540-28644-8_4,062404381372-061203025818,2024-06-20,included,raw/cs007-references-p0001-opencitations.json.gz
opencitations,CS007,S08,references,doi:10.1145/3656384->doi:10.1145/3519939.3523451,doi:10.1145/3656384,doi:10.1145/3519939.3523451,10.1145/3656384,10.1145/3519939.3523451,10.1145/3656384,10.1145/3519939.3523451,062404381372-061502954671,2024-06-20,included,raw/cs007-references-p0001-opencitations.json.gz
opencitations,CS007,S08,references,doi:10.1145/3656384->doi:10.1145/3586043,doi:10.1145/3656384,doi:10.1145/3586043,10.1145/3656384,10.1145/3586043,10.1145/3656384,10.1145/3586043,062404381372-062203928157,2024-06-20,included,raw/cs007-references-p0001-opencitations.json.gz
opencitations,CS007,S08,references,doi:10.1145/3656384->doi:10.1145/248052.248106,doi:10.1145/3656384,doi:10.1145/248052.248106,10.1145/3656384,10.1145/248052.248106,10.1145/3656384,10.1145/248052.248106,062404381372-06703784449,2024-06-20,included,raw/cs007-references-p0001-opencitations.json.gz
opencitations,CS007,S08,references,doi:10.1145/3656384->doi:10.1145/3062341.3062352,doi:10.1145/3656384,doi:10.1145/3062341.3062352,10.1145/3656384,10.1145/3062341.3062352,10.1145/3656384,10.1145/3062341.3062352,062404381372-06801863793,2024-06-20,included,raw/cs007-references-p0001-opencitations.json.gz
opencitations,CS007,S08,references,doi:10.1145/3656384->doi:10.1145/3591296,doi:10.1145/3656384,doi:10.1145/3591296,10.1145/3656384,10.1145/3591296,10.1145/3656384,10.1145/3591296,062404381372-062203928095,2024-06-20,included,raw/cs007-references-p0001-opencitations.json.gz
opencitations,CS007,S08,references,doi:10.1145/3656384->doi:10.1145/2509136.2509532,doi:10.1145/3656384,doi:10.1145/2509136.2509532,10.1145/3656384,10.1145/2509136.2509532,10.1145/3656384,10.1145/2509136.2509532,062404381372-06303346490,2024-06-20,included,raw/cs007-references-p0001-opencitations.json.gz
opencitations,CS007,S08,references,doi:10.1145/3656384->doi:10.1145/3236772,doi:10.1145/3656384,doi:10.1145/3236772,10.1145/3656384,10.1145/3236772,10.1145/3656384,10.1145/3236772,062404381372-06202297394,2024-06-20,included,raw/cs007-references-p0001-opencitations.json.gz
opencitations,CS007,S08,references,doi:10.1145/3656384->doi:10.1016/j.tcs.2010.09.021,doi:10.1145/3656384,doi:10.1016/j.tcs.2010.09.021,10.1145/3656384,10.1016/j.tcs.2010.09.021,10.1145/3656384,10.1016/j.tcs.2010.09.021,062404381372-0650807804,2024-06-20,included,raw/cs007-references-p0001-opencitations.json.gz
opencitations,CS007,S08,references,doi:10.1145/3656384->doi:10.1007/978-3-662-49122-5_20,doi:10.1145/3656384,doi:10.1007/978-3-662-49122-5_20,10.1145/3656384,10.1007/978-3-662-49122-5_20,10.1145/3656384,10.1007/978-3-662-49122-5_20,062404381372-06502603578,2024-06-20,included,raw/cs007-references-p0001-opencitations.json.gz
opencitations,CS007,S08,references,doi:10.1145/3656384->doi:10.1007/bfb0036900,doi:10.1145/3656384,doi:10.1007/bfb0036900,10.1145/3656384,10.1007/bfb0036900,10.1145/3656384,10.1007/bfb0036900,062404381372-06903328356,2024-06-20,included,raw/cs007-references-p0001-opencitations.json.gz
opencitations,CS007,S08,references,doi:10.1145/3656384->doi:10.1145/2775051.2676980,doi:10.1145/3656384,doi:10.1145/2775051.2676980,10.1145/3656384,10.1145/2775051.2676980,10.1145/3656384,10.1145/2775051.2676980,062404381372-0614090765,2024-06-20,included,raw/cs007-references-p0001-opencitations.json.gz
opencitations,CS007,S08,references,doi:10.1145/3656384->doi:10.1145/1926385.1926394,doi:10.1145/3656384,doi:10.1145/1926385.1926394,10.1145/3656384,10.1145/1926385.1926394,10.1145/3656384,10.1145/1926385.1926394,062404381372-061503155181,2024-06-20,included,raw/cs007-references-p0001-opencitations.json.gz
opencitations,CS007,S08,references,doi:10.1145/3656384->doi:10.1145/3093333.3009850,doi:10.1145/3656384,doi:10.1145/3093333.3009850,10.1145/3656384,10.1145/3093333.3009850,10.1145/3656384,10.1145/3093333.3009850,062404381372-0613091251,2024-06-20,included,raw/cs007-references-p0001-opencitations.json.gz
opencitations,CS007,S08,references,doi:10.1145/3656384->doi:10.1145/3290381,doi:10.1145/3656384,doi:10.1145/3290381,10.1145/3656384,10.1145/3290381,10.1145/3656384,10.1145/3290381,062404381372-06202297318,2024-06-20,included,raw/cs007-references-p0001-opencitations.json.gz
opencitations,CS007,S08,references,doi:10.1145/3656384->doi:10.1145/3009837.3009855,doi:10.1145/3656384,doi:10.1145/3009837.3009855,10.1145/3656384,10.1145/3009837.3009855,10.1145/3656384,10.1145/3009837.3009855,062404381372-061502479223,2024-06-20,included,raw/cs007-references-p0001-opencitations.json.gz
opencitations,CS007,S08,references,doi:10.1145/3656384->doi:10.1145/3360568,doi:10.1145/3656384,doi:10.1145/3360568,10.1145/3656384,10.1145/3360568,10.1145/3656384,10.1145/3360568,062404381372-06202297190,2024-06-20,included,raw/cs007-references-p0001-opencitations.json.gz
opencitations,CS007,S08,references,doi:10.1145/3656384->doi:10.3233/978-1-61499-810-5-104,doi:10.1145/3656384,doi:10.3233/978-1-61499-810-5-104,10.1145/3656384,10.3233/978-1-61499-810-5-104,10.1145/3656384,10.3233/978-1-61499-810-5-104,062404381372-06803998176,2024-06-20,included,raw/cs007-references-p0001-opencitations.json.gz
opencitations,CS007,S08,references,doi:10.1145/3656384->doi:10.1145/2480359.2429099,doi:10.1145/3656384,doi:10.1145/2480359.2429099,10.1145/3656384,10.1145/2480359.2429099,10.1145/3656384,10.1145/2480359.2429099,062404381372-0614090152,2024-06-20,included,raw/cs007-references-p0001-opencitations.json.gz
opencitations,CS007,S08,references,doi:10.1145/3656384->doi:10.1145/3158125,doi:10.1145/3656384,doi:10.1145/3158125,10.1145/3656384,10.1145/3158125,10.1145/3656384,10.1145/3158125,062404381372-06202297497,2024-06-20,included,raw/cs007-references-p0001-opencitations.json.gz
opencitations,CS007,S08,references,doi:10.1145/3656384->doi:10.1145/78969.78972,doi:10.1145/3656384,doi:10.1145/78969.78972,10.1145/3656384,10.1145/78969.78972,10.1145/3656384,10.1145/78969.78972,062404381372-06702614122,2024-06-20,included,raw/cs007-references-p0001-opencitations.json.gz
opencitations,CS007,S08,citations,doi:10.1145/3720525->doi:10.1145/3656384,doi:10.1145/3720525,doi:10.1145/3656384,10.1145/3720525,10.1145/3656384,10.1145/3720525,10.1145/3656384,06012443213-062404381372,2025-04-09,included,raw/cs007-citations-p0001-opencitations.json.gz
opencitations,CS007,S08,citations,doi:10.1145/3729246->doi:10.1145/3656384,doi:10.1145/3729246,doi:10.1145/3656384,10.1145/3729246,10.1145/3656384,10.1145/3729246,10.1145/3656384,06010619743-062404381372,2025-06-10,included,raw/cs007-citations-p0001-opencitations.json.gz
opencitations,CS007,S08,citations,doi:10.1145/3689732->doi:10.1145/3656384,doi:10.1145/3689732,doi:10.1145/3656384,10.1145/3689732,10.1145/3656384,10.1145/3689732,10.1145/3656384,062404381278-062404381372,2024-10-08,included,raw/cs007-citations-p0001-opencitations.json.gz
opencitations,CS007,S08,citations,doi:10.1145/3729248->doi:10.1145/3656384,doi:10.1145/3729248,doi:10.1145/3656384,10.1145/3729248,10.1145/3656384,10.1145/3729248,10.1145/3656384,06010617324-062404381372,2025-06-10,included,raw/cs007-citations-p0001-opencitations.json.gz
opencitations,CS008,S09,references,doi:10.1145/3437801.3441619->doi:10.1145/2714064.2660243,doi:10.1145/3437801.3441619,doi:10.1145/2714064.2660243,10.1145/3437801.3441619,10.1145/2714064.2660243,10.1145/3437801.3441619,10.1145/2714064.2660243,061903247271-0614090858,2021-02-17,included,raw/cs008-references-p0001-opencitations.json.gz
opencitations,CS008,S09,references,doi:10.1145/3437801.3441619->doi:10.1145/1925844.1926394,doi:10.1145/3437801.3441619,doi:10.1145/1925844.1926394,10.1145/3437801.3441619,10.1145/1925844.1926394,10.1145/3437801.3441619,10.1145/1925844.1926394,061903247271-0616094551,2021-02-17,included,raw/cs008-references-p0001-opencitations.json.gz
opencitations,CS008,S09,references,doi:10.1145/3437801.3441619->doi:10.1007/978-3-319-98938-9_7,doi:10.1145/3437801.3441619,doi:10.1007/978-3-319-98938-9_7,10.1145/3437801.3441619,10.1007/978-3-319-98938-9_7,10.1145/3437801.3441619,10.1007/978-3-319-98938-9_7,061903247271-06202526770,2021-02-17,included,raw/cs008-references-p0001-opencitations.json.gz
opencitations,CS008,S09,references,doi:10.1145/3437801.3441619->doi:10.1007/978-3-642-22012-8_36,doi:10.1145/3437801.3441619,doi:10.1007/978-3-642-22012-8_36,10.1145/3437801.3441619,10.1007/978-3-642-22012-8_36,10.1145/3437801.3441619,10.1007/978-3-642-22012-8_36,061903247271-061802808379,2021-02-17,included,raw/cs008-references-p0001-opencitations.json.gz
opencitations,CS008,S09,references,doi:10.1145/3437801.3441619->doi:10.1145/3314221.3314609,doi:10.1145/3437801.3441619,doi:10.1145/3314221.3314609,10.1145/3437801.3441619,10.1145/3314221.3314609,10.1145/3437801.3441619,10.1145/3314221.3314609,061903247271-062602316838,2021-02-17,included,raw/cs008-references-p0001-opencitations.json.gz
opencitations,CS008,S09,references,doi:10.1145/3437801.3441619->doi:10.1007/bf00268134,doi:10.1145/3437801.3441619,doi:10.1007/bf00268134,10.1145/3437801.3441619,10.1007/bf00268134,10.1145/3437801.3441619,10.1007/bf00268134,061903247271-06901608480,2021-02-17,included,raw/cs008-references-p0001-opencitations.json.gz
opencitations,CS008,S09,references,doi:10.1145/3437801.3441619->doi:10.1016/j.tcs.2010.09.021,doi:10.1145/3437801.3441619,doi:10.1016/j.tcs.2010.09.021,10.1145/3437801.3441619,10.1016/j.tcs.2010.09.021,10.1145/3437801.3441619,10.1016/j.tcs.2010.09.021,061903247271-0650807804,2021-02-17,included,raw/cs008-references-p0001-opencitations.json.gz
opencitations,CS008,S09,references,doi:10.1145/3437801.3441619->doi:10.1145/3140587.3062352,doi:10.1145/3437801.3441619,doi:10.1145/3140587.3062352,10.1145/3437801.3441619,10.1145/3140587.3062352,10.1145/3437801.3441619,10.1145/3140587.3062352,061903247271-0613091122,2021-02-17,included,raw/cs008-references-p0001-opencitations.json.gz
opencitations,CS008,S09,references,doi:10.1145/3437801.3441619->doi:10.1007/978-3-030-44914-8_11,doi:10.1145/3437801.3441619,doi:10.1007/978-3-030-44914-8_11,10.1145/3437801.3441619,10.1007/978-3-030-44914-8_11,10.1145/3437801.3441619,10.1007/978-3-030-44914-8_11,061903247271-062101997306,2021-02-17,included,raw/cs008-references-p0001-opencitations.json.gz
opencitations,CS008,S09,references,doi:10.1145/3437801.3441619->doi:10.1145/2480359.2429099,doi:10.1145/3437801.3441619,doi:10.1145/2480359.2429099,10.1145/3437801.3441619,10.1145/2480359.2429099,10.1145/3437801.3441619,10.1145/2480359.2429099,061903247271-0614090152,2021-02-17,included,raw/cs008-references-p0001-opencitations.json.gz
opencitations,CS008,S09,citations,doi:10.1145/3571246->doi:10.1145/3437801.3441619,doi:10.1145/3571246,doi:10.1145/3437801.3441619,10.1145/3571246,10.1145/3437801.3441619,10.1145/3571246,10.1145/3437801.3441619,062203928164-061903247271,2023-01-09,included,raw/cs008-citations-p0001-opencitations.json.gz
opencitations,CS008,S09,citations,doi:10.1145/3563352->doi:10.1145/3437801.3441619,doi:10.1145/3563352,doi:10.1145/3437801.3441619,10.1145/3563352,10.1145/3437801.3441619,10.1145/3563352,10.1145/3437801.3441619,061203551066-061903247271,2022-10-31,included,raw/cs008-citations-p0001-opencitations.json.gz
opencitations,CS008,S09,citations,doi:10.1145/3519939.3523451->doi:10.1145/3437801.3441619,doi:10.1145/3519939.3523451,doi:10.1145/3437801.3441619,10.1145/3519939.3523451,10.1145/3437801.3441619,10.1145/3519939.3523451,10.1145/3437801.3441619,061502954671-061903247271,2022-06-09,included,raw/cs008-citations-p0001-opencitations.json.gz
opencitations,CS008,S09,citations,doi:10.1002/cpe.70484->doi:10.1145/3437801.3441619,doi:10.1002/cpe.70484,doi:10.1145/3437801.3441619,10.1002/cpe.70484,10.1145/3437801.3441619,10.1002/cpe.70484,10.1145/3437801.3441619,06015640494-061903247271,2026-01,included,raw/cs008-citations-p0001-opencitations.json.gz
opencitations,CS009,S10,references,doi:10.1145/1480881.1480886->doi:10.1109/lics.2007.30,doi:10.1145/1480881.1480886,doi:10.1109/lics.2007.30,10.1145/1480881.1480886,10.1109/lics.2007.30,10.1145/1480881.1480886,10.1109/lics.2007.30,061403201126-062603260709,2008,included,raw/cs009-references-p0001-opencitations.json.gz
opencitations,CS009,S10,references,doi:10.1145/1480881.1480886->doi:10.1145/142111.964561,doi:10.1145/1480881.1480886,doi:10.1145/142111.964561,10.1145/1480881.1480886,10.1145/142111.964561,10.1145/1480881.1480886,10.1145/142111.964561,061403201126-0680917374,2008,included,raw/cs009-references-p0001-opencitations.json.gz
opencitations,CS009,S10,references,doi:10.1145/1480881.1480886->doi:10.1145/114005.102808,doi:10.1145/1480881.1480886,doi:10.1145/114005.102808,10.1145/1480881.1480886,10.1145/114005.102808,10.1145/1480881.1480886,10.1145/114005.102808,061403201126-06602633243,2008,included,raw/cs009-references-p0001-opencitations.json.gz
opencitations,CS009,S10,references,doi:10.1145/1480881.1480886->doi:10.1007/11901433_16,doi:10.1145/1480881.1480886,doi:10.1007/11901433_16,10.1145/1480881.1480886,10.1007/11901433_16,10.1145/1480881.1480886,10.1007/11901433_16,061403201126-06303555666,2008,included,raw/cs009-references-p0001-opencitations.json.gz
opencitations,CS009,S10,references,doi:10.1145/1480881.1480886->doi:10.1007/11817963_35,doi:10.1145/1480881.1480886,doi:10.1007/11817963_35,10.1145/1480881.1480886,10.1007/11817963_35,10.1145/1480881.1480886,10.1007/11817963_35,061403201126-06703520818,2008,included,raw/cs009-references-p0001-opencitations.json.gz
opencitations,CS009,S10,references,doi:10.1145/1480881.1480886->doi:10.1016/0168-0072(91)90066-u,doi:10.1145/1480881.1480886,doi:10.1016/0168-0072(91)90066-u,10.1145/1480881.1480886,10.1016/0168-0072(91)90066-u,10.1145/1480881.1480886,10.1016/0168-0072(91)90066-u,061403201126-0640791932,2008,included,raw/cs009-references-p0001-opencitations.json.gz
opencitations,CS009,S10,references,doi:10.1145/1480881.1480886->doi:10.1145/1007912.1007944,doi:10.1145/1480881.1480886,doi:10.1145/1007912.1007944,10.1145/1480881.1480886,10.1145/1007912.1007944,10.1145/1480881.1480886,10.1145/1007912.1007944,061403201126-062503363126,2008,included,raw/cs009-references-p0001-opencitations.json.gz
opencitations,CS009,S10,references,doi:10.1145/1480881.1480886->doi:10.1145/1250734.1250765,doi:10.1145/1480881.1480886,doi:10.1145/1250734.1250765,10.1145/1480881.1480886,10.1145/1250734.1250765,10.1145/1480881.1480886,10.1145/1250734.1250765,061403201126-06603674211,2008,included,raw/cs009-references-p0001-opencitations.json.gz
opencitations,CS009,S10,references,doi:10.1145/1480881.1480886->doi:10.1006/inco.1996.0056,doi:10.1145/1480881.1480886,doi:10.1006/inco.1996.0056,10.1145/1480881.1480886,10.1006/inco.1996.0056,10.1145/1480881.1480886,10.1006/inco.1996.0056,061403201126-06601425004,2008,included,raw/cs009-references-p0001-opencitations.json.gz
opencitations,CS009,S10,references,doi:10.1145/1480881.1480886->doi:10.1016/0020-0190(85)90056-0,doi:10.1145/1480881.1480886,doi:10.1016/0020-0190(85)90056-0,10.1145/1480881.1480886,10.1016/0020-0190(85)90056-0,10.1145/1480881.1480886,10.1016/0020-0190(85)90056-0,061403201126-06190937735,2008,included,raw/cs009-references-p0001-opencitations.json.gz
opencitations,CS009,S10,references,doi:10.1145/1480881.1480886->doi:10.1023/a:1008624904634,doi:10.1145/1480881.1480886,doi:10.1023/a:1008624904634,10.1145/1480881.1480886,10.1023/a:1008624904634,10.1145/1480881.1480886,10.1023/a:1008624904634,061403201126-0680344659,2008,included,raw/cs009-references-p0001-opencitations.json.gz
opencitations,CS009,S10,references,doi:10.1145/1480881.1480886->doi:10.1145/1122971.1122994,doi:10.1145/1480881.1480886,doi:10.1145/1122971.1122994,10.1145/1480881.1480886,10.1145/1122971.1122994,10.1145/1480881.1480886,10.1145/1122971.1122994,061403201126-061403326201,2008,included,raw/cs009-references-p0001-opencitations.json.gz
opencitations,CS009,S10,references,doi:10.1145/1480881.1480886->doi:10.1145/1375581.1375598,doi:10.1145/1480881.1480886,doi:10.1145/1375581.1375598,10.1145/1480881.1480886,10.1145/1375581.1375598,10.1145/1480881.1480886,10.1145/1375581.1375598,061403201126-06102026277,2008,included,raw/cs009-references-p0001-opencitations.json.gz
opencitations,CS009,S10,references,doi:10.1145/1480881.1480886->doi:10.1145/1190216.1190257,doi:10.1145/1480881.1480886,doi:10.1145/1190216.1190257,10.1145/1480881.1480886,10.1145/1190216.1190257,10.1145/1480881.1480886,10.1145/1190216.1190257,061403201126-061603273763,2008,included,raw/cs009-references-p0001-opencitations.json.gz
opencitations,CS009,S10,references,doi:10.1145/1480881.1480886->doi:10.1007/978-3-540-70545-1_10,doi:10.1145/1480881.1480886,doi:10.1007/978-3-540-70545-1_10,10.1145/1480881.1480886,10.1007/978-3-540-70545-1_10,10.1145/1480881.1480886,10.1007/978-3-540-70545-1_10,061403201126-06803506971,2008,included,raw/cs009-references-p0001-opencitations.json.gz
opencitations,CS009,S10,references,doi:10.1145/1480881.1480886->doi:10.1145/564870.564881,doi:10.1145/1480881.1480886,doi:10.1145/564870.564881,10.1145/1480881.1480886,10.1145/564870.564881,10.1145/1480881.1480886,10.1145/564870.564881,061403201126-06402051896,2008,included,raw/cs009-references-p0001-opencitations.json.gz
opencitations,CS009,S10,references,doi:10.1145/1480881.1480886->doi:10.1145/248052.248106,doi:10.1145/1480881.1480886,doi:10.1145/248052.248106,10.1145/1480881.1480886,10.1145/248052.248106,10.1145/1480881.1480886,10.1145/248052.248106,061403201126-06703784449,2008,included,raw/cs009-references-p0001-opencitations.json.gz
opencitations,CS009,S10,references,doi:10.1145/1480881.1480886->doi:10.1145/203095.201069,doi:10.1145/1480881.1480886,doi:10.1145/203095.201069,10.1145/1480881.1480886,10.1145/203095.201069,10.1145/1480881.1480886,10.1145/203095.201069,061403201126-06602633461,2008,included,raw/cs009-references-p0001-opencitations.json.gz
opencitations,CS009,S10,references,doi:10.1145/1480881.1480886->doi:10.1016/j.tcs.2006.12.035,doi:10.1145/1480881.1480886,doi:10.1016/j.tcs.2006.12.035,10.1145/1480881.1480886,10.1016/j.tcs.2006.12.035,10.1145/1480881.1480886,10.1016/j.tcs.2006.12.035,061403201126-0660805781,2008,included,raw/cs009-references-p0001-opencitations.json.gz
opencitations,CS009,S10,references,doi:10.1145/1480881.1480886->doi:10.1007/978-3-540-30232-2_7,doi:10.1145/1480881.1480886,doi:10.1007/978-3-540-30232-2_7,10.1145/1480881.1480886,10.1007/978-3-540-30232-2_7,10.1145/1480881.1480886,10.1007/978-3-540-30232-2_7,061403201126-06303043890,2008,included,raw/cs009-references-p0001-opencitations.json.gz
opencitations,CS009,S10,citations,doi:10.1109/lics.2010.24->doi:10.1145/1480881.1480886,doi:10.1109/lics.2010.24,doi:10.1145/1480881.1480886,10.1109/lics.2010.24,10.1145/1480881.1480886,10.1109/lics.2010.24,10.1145/1480881.1480886,061103890504-061403201126,2010-07,included,raw/cs009-citations-p0001-opencitations.json.gz
opencitations,CS009,S10,citations,doi:10.1145/1543135.1542493->doi:10.1145/1480881.1480886,doi:10.1145/1543135.1542493,doi:10.1145/1480881.1480886,10.1145/1543135.1542493,10.1145/1480881.1480886,10.1145/1543135.1542493,10.1145/1480881.1480886,0616094946-061403201126,2009-05-28,included,raw/cs009-citations-p0001-opencitations.json.gz
opencitations,CS009,S10,citations,doi:10.1145/1941487.1941509->doi:10.1145/1480881.1480886,doi:10.1145/1941487.1941509,doi:10.1145/1480881.1480886,10.1145/1941487.1941509,10.1145/1480881.1480886,10.1145/1941487.1941509,10.1145/1480881.1480886,06102780418-061403201126,2011-05,included,raw/cs009-citations-p0001-opencitations.json.gz
opencitations,CS009,S10,citations,doi:10.1145/2914770.2837635->doi:10.1145/1480881.1480886,doi:10.1145/2914770.2837635,doi:10.1145/1480881.1480886,10.1145/2914770.2837635,10.1145/1480881.1480886,10.1145/2914770.2837635,10.1145/1480881.1480886,0614090397-061403201126,2016-04-08,included,raw/cs009-citations-p0001-opencitations.json.gz
opencitations,CS009,S10,citations,doi:10.1145/2488364.2490873->doi:10.1145/1480881.1480886,doi:10.1145/2488364.2490873,doi:10.1145/1480881.1480886,10.1145/2488364.2490873,10.1145/1480881.1480886,10.1145/2488364.2490873,10.1145/1480881.1480886,06140283841-061403201126,2013-05,included,raw/cs009-citations-p0001-opencitations.json.gz
opencitations,CS009,S10,citations,doi:10.1109/mascots.2019.00019->doi:10.1145/1480881.1480886,doi:10.1109/mascots.2019.00019,doi:10.1145/1480881.1480886,10.1109/mascots.2019.00019,10.1145/1480881.1480886,10.1109/mascots.2019.00019,10.1145/1480881.1480886,06101901327-061403201126,2019-10,included,raw/cs009-citations-p0001-opencitations.json.gz
opencitations,CS009,S10,citations,doi:10.1145/2483852.2483868->doi:10.1145/1480881.1480886,doi:10.1145/2483852.2483868,doi:10.1145/1480881.1480886,10.1145/2483852.2483868,10.1145/1480881.1480886,10.1145/2483852.2483868,10.1145/1480881.1480886,06102779853-061403201126,2013-07,included,raw/cs009-citations-p0001-opencitations.json.gz
opencitations,CS009,S10,citations,doi:10.1145/1542476.1542493->doi:10.1145/1480881.1480886,doi:10.1145/1542476.1542493,doi:10.1145/1480881.1480886,10.1145/1542476.1542493,10.1145/1480881.1480886,10.1145/1542476.1542493,10.1145/1480881.1480886,06803619312-061403201126,2009,included,raw/cs009-citations-p0001-opencitations.json.gz
opencitations,CS009,S10,citations,doi:10.1145/1594834.1480922->doi:10.1145/1480881.1480886,doi:10.1145/1594834.1480922,doi:10.1145/1480881.1480886,10.1145/1594834.1480922,10.1145/1480881.1480886,10.1145/1594834.1480922,10.1145/1480881.1480886,0616094864-061403201126,2009-01-21,included,raw/cs009-citations-p0001-opencitations.json.gz
opencitations,CS009,S10,citations,doi:10.1109/fmcad.2014.6987598->doi:10.1145/1480881.1480886,doi:10.1109/fmcad.2014.6987598,doi:10.1145/1480881.1480886,10.1109/fmcad.2014.6987598,10.1145/1480881.1480886,10.1109/fmcad.2014.6987598,10.1145/1480881.1480886,06102978799-061403201126,2014-10,included,raw/cs009-citations-p0001-opencitations.json.gz
opencitations,CS009,S10,citations,doi:10.1007/s10817-016-9400-6->doi:10.1145/1480881.1480886,doi:10.1007/s10817-016-9400-6,doi:10.1145/1480881.1480886,10.1007/s10817-016-9400-6,10.1145/1480881.1480886,10.1007/s10817-016-9400-6,10.1145/1480881.1480886,061302860384-061403201126,2016-12-17,included,raw/cs009-citations-p0001-opencitations.json.gz
opencitations,CS009,S10,citations,doi:10.1145/1480881.1480922->doi:10.1145/1480881.1480886,doi:10.1145/1480881.1480922,doi:10.1145/1480881.1480886,10.1145/1480881.1480922,10.1145/1480881.1480886,10.1145/1480881.1480922,10.1145/1480881.1480886,061503225188-061403201126,2008,included,raw/cs009-citations-p0001-opencitations.json.gz
opencitations,CS009,S10,citations,doi:10.1145/2796550->doi:10.1145/1480881.1480886,doi:10.1145/2796550,doi:10.1145/1480881.1480886,10.1145/2796550,10.1145/1480881.1480886,10.1145/2796550,10.1145/1480881.1480886,062601631897-061403201126,2015-11-21,included,raw/cs009-citations-p0001-opencitations.json.gz
opencitations,CS009,S10,citations,doi:10.1145/2837614.2837635->doi:10.1145/1480881.1480886,doi:10.1145/2837614.2837635,doi:10.1145/1480881.1480886,10.1145/2837614.2837635,10.1145/1480881.1480886,10.1145/2837614.2837635,10.1145/1480881.1480886,06301934914-061403201126,2016-01-11,included,raw/cs009-citations-p0001-opencitations.json.gz
opencitations,CS009,S10,citations,doi:10.1007/s00165-014-0310-2->doi:10.1145/1480881.1480886,doi:10.1007/s00165-014-0310-2,doi:10.1145/1480881.1480886,10.1007/s00165-014-0310-2,10.1145/1480881.1480886,10.1007/s00165-014-0310-2,10.1145/1480881.1480886,062101754128-061403201126,2015-05,included,raw/cs009-citations-p0001-opencitations.json.gz
opencitations,CS009,S10,citations,doi:10.1145/2676724.2693179->doi:10.1145/1480881.1480886,doi:10.1145/2676724.2693179,doi:10.1145/1480881.1480886,10.1145/2676724.2693179,10.1145/1480881.1480886,10.1145/2676724.2693179,10.1145/1480881.1480886,061102557921-061403201126,2015-01-13,included,raw/cs009-citations-p0001-opencitations.json.gz
opencitations,CS009,S10,citations,doi:10.1109/imis.2011.55->doi:10.1145/1480881.1480886,doi:10.1109/imis.2011.55,doi:10.1145/1480881.1480886,10.1109/imis.2011.55,10.1145/1480881.1480886,10.1109/imis.2011.55,10.1145/1480881.1480886,061903015681-061403201126,2011-06,included,raw/cs009-citations-p0001-opencitations.json.gz
opencitations,CS009,S10,citations,doi:10.1007/s11704-023-2774-9->doi:10.1145/1480881.1480886,doi:10.1007/s11704-023-2774-9,doi:10.1145/1480881.1480886,10.1007/s11704-023-2774-9,10.1145/1480881.1480886,10.1007/s11704-023-2774-9,10.1145/1480881.1480886,06015656398-061403201126,2023-12-28,included,raw/cs009-citations-p0001-opencitations.json.gz
opencitations,CS009,S10,citations,doi:10.1145/2103776.2103785->doi:10.1145/1480881.1480886,doi:10.1145/2103776.2103785,doi:10.1145/1480881.1480886,10.1145/2103776.2103785,10.1145/1480881.1480886,10.1145/2103776.2103785,10.1145/1480881.1480886,061402975713-061403201126,2012,included,raw/cs009-citations-p0001-opencitations.json.gz
opencitations,CS009,S10,citations,doi:10.1145/2983990.2984037->doi:10.1145/1480881.1480886,doi:10.1145/2983990.2984037,doi:10.1145/1480881.1480886,10.1145/2983990.2984037,10.1145/1480881.1480886,10.1145/2983990.2984037,10.1145/1480881.1480886,061602492354-061403201126,2016-10-19,included,raw/cs009-citations-p0001-opencitations.json.gz
opencitations,CS009,S10,citations,doi:10.1145/3022671.2984037->doi:10.1145/1480881.1480886,doi:10.1145/3022671.2984037,doi:10.1145/1480881.1480886,10.1145/3022671.2984037,10.1145/1480881.1480886,10.1145/3022671.2984037,10.1145/1480881.1480886,0613091329-061403201126,2016-12-05,included,raw/cs009-citations-p0001-opencitations.json.gz
opencitations,CS009,S10,citations,doi:10.1007/978-3-642-36742-7_5->doi:10.1145/1480881.1480886,doi:10.1007/978-3-642-36742-7_5,doi:10.1145/1480881.1480886,10.1007/978-3-642-36742-7_5,10.1145/1480881.1480886,10.1007/978-3-642-36742-7_5,10.1145/1480881.1480886,061302718185-061403201126,2013,included,raw/cs009-citations-p0001-opencitations.json.gz
opencitations,CS009,S10,citations,doi:10.1145/1745312.1745315->doi:10.1145/1480881.1480886,doi:10.1145/1745312.1745315,doi:10.1145/1480881.1480886,10.1145/1745312.1745315,10.1145/1480881.1480886,10.1145/1745312.1745315,10.1145/1480881.1480886,06602632677-061403201126,2010-05,included,raw/cs009-citations-p0001-opencitations.json.gz
opencitations,CS009,S10,citations,doi:10.1145/2603088.2603123->doi:10.1145/1480881.1480886,doi:10.1145/2603088.2603123,doi:10.1145/1480881.1480886,10.1145/2603088.2603123,10.1145/1480881.1480886,10.1145/2603088.2603123,10.1145/1480881.1480886,062402555344-061403201126,2014-07-14,included,raw/cs009-citations-p0001-opencitations.json.gz
opencitations,CS010,S14,references,doi:10.1145/3720525->doi:10.1017/s0956796818000151,doi:10.1145/3720525,doi:10.1017/s0956796818000151,10.1145/3720525,10.1017/s0956796818000151,10.1145/3720525,10.1017/s0956796818000151,06012443213-061902665994,2025-04-09,included,raw/cs010-references-p0001-opencitations.json.gz
opencitations,CS010,S14,references,doi:10.1145/3720525->doi:10.1145/3371113,doi:10.1145/3720525,doi:10.1145/3371113,10.1145/3720525,10.1145/3371113,10.1145/3720525,10.1145/3371113,06012443213-06202297127,2025-04-09,included,raw/cs010-references-p0001-opencitations.json.gz
opencitations,CS010,S14,references,doi:10.1145/3720525->doi:10.1145/3622857,doi:10.1145/3720525,doi:10.1145/3622857,10.1145/3720525,10.1145/3622857,10.1145/3720525,10.1145/3622857,06012443213-062504353017,2025-04-09,included,raw/cs010-references-p0001-opencitations.json.gz
opencitations,CS010,S14,references,doi:10.1145/3720525->doi:10.1145/2103656.2103666,doi:10.1145/3720525,doi:10.1145/2103656.2103666,10.1145/3720525,10.1145/2103656.2103666,10.1145/3720525,10.1145/2103656.2103666,06012443213-061402975779,2025-04-09,included,raw/cs010-references-p0001-opencitations.json.gz
opencitations,CS010,S14,references,doi:10.1145/3720525->doi:10.1145/3427761.3428345,doi:10.1145/3720525,doi:10.1145/3427761.3428345,10.1145/3720525,10.1145/3427761.3428345,10.1145/3720525,10.1145/3427761.3428345,06012443213-061803409236,2025-04-09,included,raw/cs010-references-p0001-opencitations.json.gz
opencitations,CS010,S14,references,doi:10.1145/3720525->doi:10.1007/978-3-642-54833-8_9,doi:10.1145/3720525,doi:10.1007/978-3-642-54833-8_9,10.1145/3720525,10.1007/978-3-642-54833-8_9,10.1145/3720525,10.1007/978-3-642-54833-8_9,06012443213-062302661864,2025-04-09,included,raw/cs010-references-p0001-opencitations.json.gz
opencitations,CS010,S14,references,doi:10.1145/3720525->doi:10.1145/3656384,doi:10.1145/3720525,doi:10.1145/3656384,10.1145/3720525,10.1145/3656384,10.1145/3720525,10.1145/3656384,06012443213-062404381372,2025-04-09,included,raw/cs010-references-p0001-opencitations.json.gz
opencitations,CS010,S14,references,doi:10.1145/3720525->doi:10.1145/1411204.1411226,doi:10.1145/3720525,doi:10.1145/1411204.1411226,10.1145/3720525,10.1145/1411204.1411226,10.1145/3720525,10.1145/1411204.1411226,06012443213-062403218075,2025-04-09,included,raw/cs010-references-p0001-opencitations.json.gz
opencitations,CS010,S14,references,doi:10.1145/3720525->doi:10.1145/1007912.1007944,doi:10.1145/3720525,doi:10.1145/1007912.1007944,10.1145/3720525,10.1145/1007912.1007944,10.1145/3720525,10.1145/1007912.1007944,06012443213-062503363126,2025-04-09,included,raw/cs010-references-p0001-opencitations.json.gz
opencitations,CS010,S14,references,doi:10.1145/3720525->doi:10.5281/zenodo.14927742,doi:10.1145/3720525,doi:10.5281/zenodo.14927742,10.1145/3720525,10.5281/zenodo.14927742,10.1145/3720525,10.5281/zenodo.14927742,06012443213-0609259070,2025-04-09,included,raw/cs010-references-p0001-opencitations.json.gz
opencitations,CS010,S14,references,doi:10.1145/3720525->doi:10.1145/2951913.2951943,doi:10.1145/3720525,doi:10.1145/2951913.2951943,10.1145/3720525,10.1145/2951913.2951943,10.1145/3720525,10.1145/2951913.2951943,06012443213-06202906292,2025-04-09,included,raw/cs010-references-p0001-opencitations.json.gz
opencitations,CS010,S14,references,doi:10.1145/3720525->doi:10.1145/3453483.3454031,doi:10.1145/3720525,doi:10.1145/3453483.3454031,10.1145/3720525,10.1145/3453483.3454031,10.1145/3720525,10.1145/3453483.3454031,06012443213-06703373094,2025-04-09,included,raw/cs010-references-p0001-opencitations.json.gz
opencitations,CS010,S14,references,doi:10.1145/3720525->doi:10.1145/3428224,doi:10.1145/3720525,doi:10.1145/3428224,10.1145/3720525,10.1145/3428224,10.1145/3720525,10.1145/3428224,06012443213-06202296914,2025-04-09,included,raw/cs010-references-p0001-opencitations.json.gz
opencitations,CS010,S14,references,doi:10.1145/3720525->doi:10.1007/978-3-662-54434-1_34,doi:10.1145/3720525,doi:10.1007/978-3-662-54434-1_34,10.1145/3720525,10.1007/978-3-662-54434-1_34,10.1145/3720525,10.1007/978-3-662-54434-1_34,06012443213-062302394765,2025-04-09,included,raw/cs010-references-p0001-opencitations.json.gz
opencitations,CS010,S14,references,doi:10.1145/3720525->doi:10.1145/3158154,doi:10.1145/3720525,doi:10.1145/3158154,10.1145/3720525,10.1145/3158154,10.1145/3720525,10.1145/3158154,06012443213-06202297484,2025-04-09,included,raw/cs010-references-p0001-opencitations.json.gz
opencitations,CS010,S14,references,doi:10.1145/3720525->doi:10.34727/2021/isbn.978-3-85448-046-4_23,doi:10.1145/3720525,doi:10.34727/2021/isbn.978-3-85448-046-4_23,10.1145/3720525,10.34727/2021/isbn.978-3-85448-046-4_23,10.1145/3720525,10.34727/2021/isbn.978-3-85448-046-4_23,06012443213-06290132026,2025-04-09,included,raw/cs010-references-p0001-opencitations.json.gz
opencitations,CS010,S14,references,doi:10.1145/3720525->doi:10.1145/1926385.1926402,doi:10.1145/3720525,doi:10.1145/1926385.1926402,10.1145/3720525,10.1145/1926385.1926402,10.1145/3720525,10.1145/1926385.1926402,06012443213-061503155648,2025-04-09,included,raw/cs010-references-p0001-opencitations.json.gz
opencitations,CS010,S14,references,doi:10.1145/3720525->doi:10.1145/3600006.3613172,doi:10.1145/3720525,doi:10.1145/3600006.3613172,10.1145/3720525,10.1145/3600006.3613172,10.1145/3720525,10.1145/3600006.3613172,06012443213-062304295929,2025-04-09,included,raw/cs010-references-p0001-opencitations.json.gz
opencitations,CS010,S14,references,doi:10.1145/3720525->doi:10.1145/2837614.2837635,doi:10.1145/3720525,doi:10.1145/2837614.2837635,10.1145/3720525,10.1145/2837614.2837635,10.1145/3720525,10.1145/2837614.2837635,06012443213-06301934914,2025-04-09,included,raw/cs010-references-p0001-opencitations.json.gz
opencitations,CS010,S14,references,doi:10.1145/3720525->doi:10.1145/3477082,doi:10.1145/3720525,doi:10.1145/3477082,10.1145/3720525,10.1145/3477082,10.1145/3720525,10.1145/3477082,06012443213-06602632488,2025-04-09,included,raw/cs010-references-p0001-opencitations.json.gz
opencitations,CS010,S14,references,doi:10.1145/3720525->doi:10.1145/3498689,doi:10.1145/3720525,doi:10.1145/3498689,10.1145/3720525,10.1145/3498689,10.1145/3720525,10.1145/3498689,06012443213-06202296718,2025-04-09,included,raw/cs010-references-p0001-opencitations.json.gz
opencitations,CS010,S14,references,doi:10.1145/3720525->doi:10.1016/j.tcs.2006.12.034,doi:10.1145/3720525,doi:10.1016/j.tcs.2006.12.034,10.1145/3720525,10.1016/j.tcs.2006.12.034,10.1145/3720525,10.1016/j.tcs.2006.12.034,06012443213-0660805778,2025-04-09,included,raw/cs010-references-p0001-opencitations.json.gz
opencitations,CS010,S14,references,doi:10.1145/3720525->doi:10.1145/3519939.3523451,doi:10.1145/3720525,doi:10.1145/3519939.3523451,10.1145/3720525,10.1145/3519939.3523451,10.1145/3720525,10.1145/3519939.3523451,06012443213-061502954671,2025-04-09,included,raw/cs010-references-p0001-opencitations.json.gz
opencitations,CS010,S14,references,doi:10.1145/3720525->doi:10.1145/3571232,doi:10.1145/3720525,doi:10.1145/3571232,10.1145/3720525,10.1145/3571232,10.1145/3720525,10.1145/3571232,06012443213-062203928218,2025-04-09,included,raw/cs010-references-p0001-opencitations.json.gz
opencitations,CS010,S14,references,doi:10.1145/3720525->doi:10.1145/3632851,doi:10.1145/3720525,doi:10.1145/3632851,10.1145/3720525,10.1145/3632851,10.1145/3720525,10.1145/3632851,06012443213-062204192473,2025-04-09,included,raw/cs010-references-p0001-opencitations.json.gz
opencitations,CS010,S14,references,doi:10.1145/3720525->doi:10.1145/960116.54010,doi:10.1145/3720525,doi:10.1145/960116.54010,10.1145/3720525,10.1145/960116.54010,10.1145/3720525,10.1145/960116.54010,06012443213-0621094901,2025-04-09,included,raw/cs010-references-p0001-opencitations.json.gz
opencitations,CS010,S14,references,doi:10.1145/3720525->doi:10.1145/2775051.2676980,doi:10.1145/3720525,doi:10.1145/2775051.2676980,10.1145/3720525,10.1145/2775051.2676980,10.1145/3720525,10.1145/2775051.2676980,06012443213-0614090765,2025-04-09,included,raw/cs010-references-p0001-opencitations.json.gz
opencitations,CS010,S14,references,doi:10.1145/3720525->doi:10.1145/3209108.3209174,doi:10.1145/3720525,doi:10.1145/3209108.3209174,10.1145/3720525,10.1145/3209108.3209174,10.1145/3720525,10.1145/3209108.3209174,06012443213-061602348291,2025-04-09,included,raw/cs010-references-p0001-opencitations.json.gz
opencitations,CS010,S14,references,doi:10.1145/3720525->doi:10.1145/3158108,doi:10.1145/3720525,doi:10.1145/3158108,10.1145/3720525,10.1145/3158108,10.1145/3720525,10.1145/3158108,06012443213-06202297456,2025-04-09,included,raw/cs010-references-p0001-opencitations.json.gz
opencitations,CS010,S14,references,doi:10.1145/3720525->doi:10.1016/j.tcs.2006.12.035,doi:10.1145/3720525,doi:10.1016/j.tcs.2006.12.035,10.1145/3720525,10.1016/j.tcs.2006.12.035,10.1145/3720525,10.1016/j.tcs.2006.12.035,06012443213-0660805781,2025-04-09,included,raw/cs010-references-p0001-opencitations.json.gz
opencitations,CS010,S14,references,doi:10.1145/3720525->doi:10.1145/3009837.3009855,doi:10.1145/3720525,doi:10.1145/3009837.3009855,10.1145/3720525,10.1145/3009837.3009855,10.1145/3720525,10.1145/3009837.3009855,06012443213-061502479223,2025-04-09,included,raw/cs010-references-p0001-opencitations.json.gz
opencitations,CS010,S14,references,doi:10.1145/3720525->doi:10.1145/3547631,doi:10.1145/3720525,doi:10.1145/3547631,10.1145/3720525,10.1145/3547631,10.1145/3720525,10.1145/3547631,06012443213-061903471653,2025-04-09,included,raw/cs010-references-p0001-opencitations.json.gz
opencitations,CS010,S14,references,doi:10.1145/3720525->doi:10.1145/3591253,doi:10.1145/3720525,doi:10.1145/3591253,10.1145/3720525,10.1145/3591253,10.1145/3720525,10.1145/3591253,06012443213-062203928114,2025-04-09,included,raw/cs010-references-p0001-opencitations.json.gz
opencitations,CS010,S14,citations,doi:10.1145/3779031.3779095->doi:10.1145/3720525,doi:10.1145/3779031.3779095,doi:10.1145/3720525,10.1145/3779031.3779095,10.1145/3720525,10.1145/3779031.3779095,10.1145/3720525,06014212771-06012443213,2026-01-08,included,raw/cs010-citations-p0001-opencitations.json.gz
opencitations,CS010,S14,citations,doi:10.1145/3729250->doi:10.1145/3720525,doi:10.1145/3729250,doi:10.1145/3720525,10.1145/3729250,10.1145/3720525,10.1145/3729250,10.1145/3720525,0608941875-06012443213,2025-06-10,included,raw/cs010-citations-p0001-opencitations.json.gz
opencitations,CS013,S17,references,doi:10.1007/978-3-662-49498-1_8->doi:10.1145/142111.964561,doi:10.1007/978-3-662-49498-1_8,doi:10.1145/142111.964561,10.1007/978-3-662-49498-1_8,10.1145/142111.964561,10.1007/978-3-662-49498-1_8,10.1145/142111.964561,062502439163-0680917374,2016,included,raw/cs013-references-p0001-opencitations.json.gz
opencitations,CS013,S17,references,doi:10.1007/978-3-662-49498-1_8->doi:10.1145/114005.102808,doi:10.1007/978-3-662-49498-1_8,doi:10.1145/114005.102808,10.1007/978-3-662-49498-1_8,10.1145/114005.102808,10.1007/978-3-662-49498-1_8,10.1145/114005.102808,062502439163-06602633243,2016,included,raw/cs013-references-p0001-opencitations.json.gz
opencitations,CS013,S17,references,doi:10.1007/978-3-662-49498-1_8->doi:10.1145/2676726.2676980,doi:10.1007/978-3-662-49498-1_8,doi:10.1145/2676726.2676980,10.1007/978-3-662-49498-1_8,10.1145/2676726.2676980,10.1007/978-3-662-49498-1_8,10.1145/2676726.2676980,062502439163-06801942711,2016,included,raw/cs013-references-p0001-opencitations.json.gz
opencitations,CS013,S17,references,doi:10.1007/978-3-662-49498-1_8->doi:10.1145/1040305.1040326,doi:10.1007/978-3-662-49498-1_8,doi:10.1145/1040305.1040326,10.1007/978-3-662-49498-1_8,10.1145/1040305.1040326,10.1007/978-3-662-49498-1_8,10.1145/1040305.1040326,062502439163-062603387758,2016,included,raw/cs013-references-p0001-opencitations.json.gz
opencitations,CS013,S17,references,doi:10.1007/978-3-662-49498-1_8->doi:10.1007/bf01444205,doi:10.1007/978-3-662-49498-1_8,doi:10.1007/bf01444205,10.1007/978-3-662-49498-1_8,10.1007/bf01444205,10.1007/978-3-662-49498-1_8,10.1007/bf01444205,062502439163-062101215328,2016,included,raw/cs013-references-p0001-opencitations.json.gz
opencitations,CS013,S17,references,doi:10.1007/978-3-662-49498-1_8->doi:10.1109/lics.2013.18,doi:10.1007/978-3-662-49498-1_8,doi:10.1109/lics.2013.18,10.1007/978-3-662-49498-1_8,10.1109/lics.2013.18,10.1007/978-3-662-49498-1_8,10.1109/lics.2013.18,062502439163-06803346172,2016,included,raw/cs013-references-p0001-opencitations.json.gz
opencitations,CS013,S17,references,doi:10.1007/978-3-662-49498-1_8->doi:10.1016/j.entcs.2015.12.002,doi:10.1007/978-3-662-49498-1_8,doi:10.1016/j.entcs.2015.12.002,10.1007/978-3-662-49498-1_8,10.1016/j.entcs.2015.12.002,10.1007/978-3-662-49498-1_8,10.1016/j.entcs.2015.12.002,062502439163-06601447307,2016,included,raw/cs013-references-p0001-opencitations.json.gz
opencitations,CS013,S17,references,doi:10.1007/978-3-662-49498-1_8->doi:10.1007/978-3-642-54833-8_9,doi:10.1007/978-3-662-49498-1_8,doi:10.1007/978-3-642-54833-8_9,10.1007/978-3-662-49498-1_8,10.1007/978-3-642-54833-8_9,10.1007/978-3-662-49498-1_8,10.1007/978-3-642-54833-8_9,062502439163-062302661864,2016,included,raw/cs013-references-p0001-opencitations.json.gz
opencitations,CS013,S17,references,doi:10.1007/978-3-662-49498-1_8->doi:10.1007/978-3-662-49498-1_8,doi:10.1007/978-3-662-49498-1_8,doi:10.1007/978-3-662-49498-1_8,10.1007/978-3-662-49498-1_8,10.1007/978-3-662-49498-1_8,10.1007/978-3-662-49498-1_8,10.1007/978-3-662-49498-1_8,062502439163-062502439163,2016,included,raw/cs013-references-p0001-opencitations.json.gz
opencitations,CS013,S17,references,doi:10.1007/978-3-662-49498-1_8->doi:10.1007/978-3-662-44202-9_9,doi:10.1007/978-3-662-49498-1_8,doi:10.1007/978-3-662-44202-9_9,10.1007/978-3-662-49498-1_8,10.1007/978-3-662-44202-9_9,10.1007/978-3-662-49498-1_8,10.1007/978-3-662-44202-9_9,062502439163-062102644433,2016,included,raw/cs013-references-p0001-opencitations.json.gz
opencitations,CS013,S17,references,doi:10.1007/978-3-662-49498-1_8->doi:10.1145/2429069.2429104,doi:10.1007/978-3-662-49498-1_8,doi:10.1145/2429069.2429104,10.1007/978-3-662-49498-1_8,10.1145/2429069.2429104,10.1007/978-3-662-49498-1_8,10.1145/2429069.2429104,062502439163-061502963050,2016,included,raw/cs013-references-p0001-opencitations.json.gz
opencitations,CS013,S17,references,doi:10.1007/978-3-662-49498-1_8->doi:10.1145/2480359.2429104,doi:10.1007/978-3-662-49498-1_8,doi:10.1145/2480359.2429104,10.1007/978-3-662-49498-1_8,10.1145/2480359.2429104,10.1007/978-3-662-49498-1_8,10.1145/2480359.2429104,062502439163-0614090140,2016,included,raw/cs013-references-p0001-opencitations.json.gz
opencitations,CS013,S17,references,doi:10.1007/978-3-662-49498-1_8->doi:10.1007/3-540-44898-5_4,doi:10.1007/978-3-662-49498-1_8,doi:10.1007/3-540-44898-5_4,10.1007/978-3-662-49498-1_8,10.1007/3-540-44898-5_4,10.1007/978-3-662-49498-1_8,10.1007/3-540-44898-5_4,062502439163-061503112784,2016,included,raw/cs013-references-p0001-opencitations.json.gz
opencitations,CS013,S17,references,doi:10.1007/978-3-662-49498-1_8->doi:10.1007/978-3-642-14107-2_24,doi:10.1007/978-3-662-49498-1_8,doi:10.1007/978-3-642-14107-2_24,10.1007/978-3-662-49498-1_8,10.1007/978-3-642-14107-2_24,10.1007/978-3-662-49498-1_8,10.1007/978-3-642-14107-2_24,062502439163-062503019140,2016,included,raw/cs013-references-p0001-opencitations.json.gz
opencitations,CS013,S17,references,doi:10.1007/978-3-662-49498-1_8->doi:10.1145/2544174.2500600,doi:10.1007/978-3-662-49498-1_8,doi:10.1145/2544174.2500600,10.1007/978-3-662-49498-1_8,10.1145/2544174.2500600,10.1007/978-3-662-49498-1_8,10.1145/2544174.2500600,062502439163-0615093688,2016,included,raw/cs013-references-p0001-opencitations.json.gz
opencitations,CS013,S17,references,doi:10.1007/978-3-662-49498-1_8->doi:10.1145/1594834.1480886,doi:10.1007/978-3-662-49498-1_8,doi:10.1145/1594834.1480886,10.1007/978-3-662-49498-1_8,10.1145/1594834.1480886,10.1007/978-3-662-49498-1_8,10.1145/1594834.1480886,062502439163-0616094915,2016,included,raw/cs013-references-p0001-opencitations.json.gz
opencitations,CS013,S17,references,doi:10.1007/978-3-662-49498-1_8->doi:10.1145/2775051.2676980,doi:10.1007/978-3-662-49498-1_8,doi:10.1145/2775051.2676980,10.1007/978-3-662-49498-1_8,10.1145/2775051.2676980,10.1007/978-3-662-49498-1_8,10.1145/2775051.2676980,062502439163-0614090765,2016,included,raw/cs013-references-p0001-opencitations.json.gz
opencitations,CS013,S17,references,doi:10.1007/978-3-662-49498-1_8->doi:10.1109/lics.2002.1029817,doi:10.1007/978-3-662-49498-1_8,doi:10.1109/lics.2002.1029817,10.1007/978-3-662-49498-1_8,10.1109/lics.2002.1029817,10.1007/978-3-662-49498-1_8,10.1109/lics.2002.1029817,062502439163-06302043364,2016,included,raw/cs013-references-p0001-opencitations.json.gz
opencitations,CS013,S17,references,doi:10.1007/978-3-662-49498-1_8->doi:10.1090/psapm/019/0235771,doi:10.1007/978-3-662-49498-1_8,doi:10.1090/psapm/019/0235771,10.1007/978-3-662-49498-1_8,10.1090/psapm/019/0235771,10.1007/978-3-662-49498-1_8,10.1090/psapm/019/0235771,062502439163-061402938541,2016,included,raw/cs013-references-p0001-opencitations.json.gz
opencitations,CS013,S17,references,doi:10.1007/978-3-662-49498-1_8->doi:10.1145/2603088.2603123,doi:10.1007/978-3-662-49498-1_8,doi:10.1145/2603088.2603123,10.1007/978-3-662-49498-1_8,10.1145/2603088.2603123,10.1007/978-3-662-49498-1_8,10.1145/2603088.2603123,062502439163-062402555344,2016,included,raw/cs013-references-p0001-opencitations.json.gz
opencitations,CS013,S17,references,doi:10.1007/978-3-662-49498-1_8->doi:10.1145/1047659.1040326,doi:10.1007/978-3-662-49498-1_8,doi:10.1145/1047659.1040326,10.1007/978-3-662-49498-1_8,10.1145/1047659.1040326,10.1007/978-3-662-49498-1_8,10.1145/1047659.1040326,062502439163-0625092258,2016,included,raw/cs013-references-p0001-opencitations.json.gz
opencitations,CS013,S17,references,doi:10.1007/978-3-662-49498-1_8->doi:10.1145/2500365.2500600,doi:10.1007/978-3-662-49498-1_8,doi:10.1145/2500365.2500600,10.1007/978-3-662-49498-1_8,10.1145/2500365.2500600,10.1007/978-3-662-49498-1_8,10.1145/2500365.2500600,062502439163-061102942728,2016,included,raw/cs013-references-p0001-opencitations.json.gz
opencitations,CS013,S17,citations,doi:10.1007/978-3-662-54434-1_36->doi:10.1007/978-3-662-49498-1_8,doi:10.1007/978-3-662-54434-1_36,doi:10.1007/978-3-662-49498-1_8,10.1007/978-3-662-54434-1_36,10.1007/978-3-662-49498-1_8,10.1007/978-3-662-54434-1_36,10.1007/978-3-662-49498-1_8,062302394780-062502439163,2017,included,raw/cs013-citations-p0001-opencitations.json.gz
opencitations,CS013,S17,citations,doi:10.1145/3434294->doi:10.1007/978-3-662-49498-1_8,doi:10.1145/3434294,doi:10.1007/978-3-662-49498-1_8,10.1145/3434294,10.1007/978-3-662-49498-1_8,10.1145/3434294,10.1007/978-3-662-49498-1_8,06202296866-062502439163,2021-01-04,included,raw/cs013-citations-p0001-opencitations.json.gz
opencitations,CS013,S17,citations,doi:10.4204/eptcs.289.1->doi:10.1007/978-3-662-49498-1_8,doi:10.4204/eptcs.289.1,doi:10.1007/978-3-662-49498-1_8,10.4204/eptcs.289.1,10.1007/978-3-662-49498-1_8,10.4204/eptcs.289.1,10.1007/978-3-662-49498-1_8,06110302298-062502439163,2019-02-22,included,raw/cs013-citations-p0001-opencitations.json.gz
opencitations,CS013,S17,citations,doi:10.1145/2914770.2837635->doi:10.1007/978-3-662-49498-1_8,doi:10.1145/2914770.2837635,doi:10.1007/978-3-662-49498-1_8,10.1145/2914770.2837635,10.1007/978-3-662-49498-1_8,10.1145/2914770.2837635,10.1007/978-3-662-49498-1_8,0614090397-062502439163,2016-04-08,included,raw/cs013-citations-p0001-opencitations.json.gz
opencitations,CS013,S17,citations,doi:10.1007/978-3-030-81688-9_2->doi:10.1007/978-3-662-49498-1_8,doi:10.1007/978-3-030-81688-9_2,doi:10.1007/978-3-662-49498-1_8,10.1007/978-3-030-81688-9_2,10.1007/978-3-662-49498-1_8,10.1007/978-3-030-81688-9_2,10.1007/978-3-662-49498-1_8,06702107000-062502439163,2021,included,raw/cs013-citations-p0001-opencitations.json.gz
opencitations,CS013,S17,citations,doi:10.1145/3210258->doi:10.1007/978-3-662-49498-1_8,doi:10.1145/3210258,doi:10.1007/978-3-662-49498-1_8,10.1145/3210258,10.1007/978-3-662-49498-1_8,10.1145/3210258,10.1007/978-3-662-49498-1_8,06602632548-062502439163,2018-09-30,included,raw/cs013-citations-p0001-opencitations.json.gz
opencitations,CS013,S17,citations,doi:10.1109/mascots.2019.00019->doi:10.1007/978-3-662-49498-1_8,doi:10.1109/mascots.2019.00019,doi:10.1007/978-3-662-49498-1_8,10.1109/mascots.2019.00019,10.1007/978-3-662-49498-1_8,10.1109/mascots.2019.00019,10.1007/978-3-662-49498-1_8,06101901327-062502439163,2019-10,included,raw/cs013-citations-p0001-opencitations.json.gz
opencitations,CS013,S17,citations,doi:10.1007/978-3-662-49498-1_8->doi:10.1007/978-3-662-49498-1_8,doi:10.1007/978-3-662-49498-1_8,doi:10.1007/978-3-662-49498-1_8,10.1007/978-3-662-49498-1_8,10.1007/978-3-662-49498-1_8,10.1007/978-3-662-49498-1_8,10.1007/978-3-662-49498-1_8,062502439163-062502439163,2016,included,raw/cs013-citations-p0001-opencitations.json.gz
opencitations,CS013,S17,citations,doi:10.1145/3453483.3454031->doi:10.1007/978-3-662-49498-1_8,doi:10.1145/3453483.3454031,doi:10.1007/978-3-662-49498-1_8,10.1145/3453483.3454031,10.1007/978-3-662-49498-1_8,10.1145/3453483.3454031,10.1007/978-3-662-49498-1_8,06703373094-062502439163,2021-06-18,included,raw/cs013-citations-p0001-opencitations.json.gz
opencitations,CS013,S17,citations,doi:10.1007/978-3-662-54434-1_34->doi:10.1007/978-3-662-49498-1_8,doi:10.1007/978-3-662-54434-1_34,doi:10.1007/978-3-662-49498-1_8,10.1007/978-3-662-54434-1_34,10.1007/978-3-662-49498-1_8,10.1007/978-3-662-54434-1_34,10.1007/978-3-662-49498-1_8,062302394765-062502439163,2017,included,raw/cs013-citations-p0001-opencitations.json.gz
opencitations,CS013,S17,citations,doi:10.1145/3689720->doi:10.1007/978-3-662-49498-1_8,doi:10.1145/3689720,doi:10.1007/978-3-662-49498-1_8,10.1145/3689720,10.1007/978-3-662-49498-1_8,10.1145/3689720,10.1007/978-3-662-49498-1_8,062404381255-062502439163,2024-10-08,included,raw/cs013-citations-p0001-opencitations.json.gz
opencitations,CS013,S17,citations,doi:10.1145/3018610.3018623->doi:10.1007/978-3-662-49498-1_8,doi:10.1145/3018610.3018623,doi:10.1007/978-3-662-49498-1_8,10.1145/3018610.3018623,10.1007/978-3-662-49498-1_8,10.1145/3018610.3018623,10.1007/978-3-662-49498-1_8,061502479484-062502439163,2017-01-16,included,raw/cs013-citations-p0001-opencitations.json.gz
opencitations,CS013,S17,citations,doi:10.1145/2837614.2837635->doi:10.1007/978-3-662-49498-1_8,doi:10.1145/2837614.2837635,doi:10.1007/978-3-662-49498-1_8,10.1145/2837614.2837635,10.1007/978-3-662-49498-1_8,10.1145/2837614.2837635,10.1007/978-3-662-49498-1_8,06301934914-062502439163,2016-01-11,included,raw/cs013-citations-p0001-opencitations.json.gz
opencitations,CS013,S17,citations,doi:10.1007/s10703-023-00427-w->doi:10.1007/978-3-662-49498-1_8,doi:10.1007/s10703-023-00427-w,doi:10.1007/978-3-662-49498-1_8,10.1007/s10703-023-00427-w,10.1007/978-3-662-49498-1_8,10.1007/s10703-023-00427-w,10.1007/978-3-662-49498-1_8,06704343545-062502439163,2023-07-31,included,raw/cs013-citations-p0001-opencitations.json.gz
opencitations,CS013,S17,citations,doi:10.1007/978-3-030-90870-6_22->doi:10.1007/978-3-662-49498-1_8,doi:10.1007/978-3-030-90870-6_22,doi:10.1007/978-3-662-49498-1_8,10.1007/978-3-030-90870-6_22,10.1007/978-3-662-49498-1_8,10.1007/978-3-030-90870-6_22,10.1007/978-3-662-49498-1_8,062401697984-062502439163,2021,included,raw/cs013-citations-p0001-opencitations.json.gz
opencitations,CS013,S17,citations,doi:10.1007/978-3-030-32505-3_11->doi:10.1007/978-3-662-49498-1_8,doi:10.1007/978-3-030-32505-3_11,doi:10.1007/978-3-662-49498-1_8,10.1007/978-3-030-32505-3_11,10.1007/978-3-662-49498-1_8,10.1007/978-3-030-32505-3_11,10.1007/978-3-662-49498-1_8,06702443339-062502439163,2019,included,raw/cs013-citations-p0001-opencitations.json.gz
opencitations,CS013,S17,citations,doi:10.1007/s11704-023-2774-9->doi:10.1007/978-3-662-49498-1_8,doi:10.1007/s11704-023-2774-9,doi:10.1007/978-3-662-49498-1_8,10.1007/s11704-023-2774-9,10.1007/978-3-662-49498-1_8,10.1007/s11704-023-2774-9,10.1007/978-3-662-49498-1_8,06015656398-062502439163,2023-12-28,included,raw/cs013-citations-p0001-opencitations.json.gz
opencitations,CS013,S17,citations,doi:10.1016/j.sysarc.2023.103046->doi:10.1007/978-3-662-49498-1_8,doi:10.1016/j.sysarc.2023.103046,doi:10.1007/978-3-662-49498-1_8,10.1016/j.sysarc.2023.103046,10.1007/978-3-662-49498-1_8,10.1016/j.sysarc.2023.103046,10.1007/978-3-662-49498-1_8,06330382214-062502439163,2024-02,included,raw/cs013-citations-p0001-opencitations.json.gz
opencitations,CS013,S17,citations,doi:10.1016/j.sysarc.2023.103049->doi:10.1007/978-3-662-49498-1_8,doi:10.1016/j.sysarc.2023.103049,doi:10.1007/978-3-662-49498-1_8,10.1016/j.sysarc.2023.103049,10.1007/978-3-662-49498-1_8,10.1016/j.sysarc.2023.103049,10.1007/978-3-662-49498-1_8,06330382205-062502439163,2024-02,included,raw/cs013-citations-p0001-opencitations.json.gz
opencitations,CS013,S17,citations,doi:10.1145/3296979.3192381->doi:10.1007/978-3-662-49498-1_8,doi:10.1145/3296979.3192381,doi:10.1007/978-3-662-49498-1_8,10.1145/3296979.3192381,10.1007/978-3-662-49498-1_8,10.1145/3296979.3192381,10.1007/978-3-662-49498-1_8,0613090941-062502439163,2018-12-02,included,raw/cs013-citations-p0001-opencitations.json.gz
opencitations,CS013,S17,citations,doi:10.1007/978-3-319-89884-1_15->doi:10.1007/978-3-662-49498-1_8,doi:10.1007/978-3-319-89884-1_15,doi:10.1007/978-3-662-49498-1_8,10.1007/978-3-319-89884-1_15,10.1007/978-3-662-49498-1_8,10.1007/978-3-319-89884-1_15,10.1007/978-3-662-49498-1_8,061702211238-062502439163,2018,included,raw/cs013-citations-p0001-opencitations.json.gz
opencitations,CS013,S17,citations,doi:10.1145/3158108->doi:10.1007/978-3-662-49498-1_8,doi:10.1145/3158108,doi:10.1007/978-3-662-49498-1_8,10.1145/3158108,10.1007/978-3-662-49498-1_8,10.1145/3158108,10.1007/978-3-662-49498-1_8,06202297456-062502439163,2018-01,included,raw/cs013-citations-p0001-opencitations.json.gz
opencitations,CS013,S17,citations,doi:10.1007/978-3-319-71237-6_14->doi:10.1007/978-3-662-49498-1_8,doi:10.1007/978-3-319-71237-6_14,doi:10.1007/978-3-662-49498-1_8,10.1007/978-3-319-71237-6_14,10.1007/978-3-662-49498-1_8,10.1007/978-3-319-71237-6_14,10.1007/978-3-662-49498-1_8,061402200224-062502439163,2017,included,raw/cs013-citations-p0001-opencitations.json.gz
opencitations,CS013,S17,citations,doi:10.1145/3158125->doi:10.1007/978-3-662-49498-1_8,doi:10.1145/3158125,doi:10.1007/978-3-662-49498-1_8,10.1145/3158125,10.1007/978-3-662-49498-1_8,10.1145/3158125,10.1007/978-3-662-49498-1_8,06202297497-062502439163,2018-01,included,raw/cs013-citations-p0001-opencitations.json.gz
opencitations,CS013,S17,citations,doi:10.1145/3591253->doi:10.1007/978-3-662-49498-1_8,doi:10.1145/3591253,doi:10.1007/978-3-662-49498-1_8,10.1145/3591253,10.1007/978-3-662-49498-1_8,10.1145/3591253,10.1007/978-3-662-49498-1_8,062203928114-062502439163,2023-06-06,included,raw/cs013-citations-p0001-opencitations.json.gz
opencitations,CS014,S19,references,doi:10.1145/2837614.2837635->doi:10.1145/103727.103729,doi:10.1145/2837614.2837635,doi:10.1145/103727.103729,10.1145/2837614.2837635,10.1145/103727.103729,10.1145/2837614.2837635,10.1145/103727.103729,06301934914-061903526786,2016-01-11,included,raw/cs014-references-p0001-opencitations.json.gz
opencitations,CS014,S19,references,doi:10.1145/2837614.2837635->doi:10.1007/978-3-642-25873-2_22,doi:10.1145/2837614.2837635,doi:10.1007/978-3-642-25873-2_22,10.1145/2837614.2837635,10.1007/978-3-642-25873-2_22,10.1145/2837614.2837635,10.1007/978-3-642-25873-2_22,06301934914-061202809152,2016-01-11,included,raw/cs014-references-p0001-opencitations.json.gz
opencitations,CS014,S19,references,doi:10.1145/2837614.2837635->doi:10.1007/11795490_3,doi:10.1145/2837614.2837635,doi:10.1007/11795490_3,10.1145/2837614.2837635,10.1007/11795490_3,10.1145/2837614.2837635,10.1007/11795490_3,06301934914-061303125573,2016-01-11,included,raw/cs014-references-p0001-opencitations.json.gz
opencitations,CS014,S19,references,doi:10.1145/2837614.2837635->doi:10.1007/978-3-642-40184-8_17,doi:10.1145/2837614.2837635,doi:10.1007/978-3-642-40184-8_17,10.1145/2837614.2837635,10.1007/978-3-642-40184-8_17,10.1145/2837614.2837635,10.1007/978-3-642-40184-8_17,06301934914-062102665323,2016-01-11,included,raw/cs014-references-p0001-opencitations.json.gz
opencitations,CS014,S19,references,doi:10.1145/2837614.2837635->doi:10.1109/lics.2013.18,doi:10.1145/2837614.2837635,doi:10.1109/lics.2013.18,10.1145/2837614.2837635,10.1109/lics.2013.18,10.1145/2837614.2837635,10.1109/lics.2013.18,06301934914-06803346172,2016-01-11,included,raw/cs014-references-p0001-opencitations.json.gz
opencitations,CS014,S19,references,doi:10.1145/2837614.2837635->doi:10.1145/2914770.2837635,doi:10.1145/2837614.2837635,doi:10.1145/2914770.2837635,10.1145/2837614.2837635,10.1145/2914770.2837635,10.1145/2837614.2837635,10.1145/2914770.2837635,06301934914-0614090397,2016-01-11,included,raw/cs014-references-p0001-opencitations.json.gz
opencitations,CS014,S19,references,doi:10.1145/2837614.2837635->doi:10.1007/978-3-662-49498-1_8,doi:10.1145/2837614.2837635,doi:10.1007/978-3-662-49498-1_8,10.1145/2837614.2837635,10.1007/978-3-662-49498-1_8,10.1145/2837614.2837635,10.1007/978-3-662-49498-1_8,06301934914-062502439163,2016-01-11,included,raw/cs014-references-p0001-opencitations.json.gz
opencitations,CS014,S19,references,doi:10.1145/2837614.2837635->doi:10.1145/2491956.2462189,doi:10.1145/2837614.2837635,doi:10.1145/2491956.2462189,10.1145/2837614.2837635,10.1145/2491956.2462189,10.1145/2837614.2837635,10.1145/2491956.2462189,06301934914-062402933996,2016-01-11,included,raw/cs014-references-p0001-opencitations.json.gz
opencitations,CS014,S19,references,doi:10.1145/2837614.2837635->doi:10.1007/11531142_26,doi:10.1145/2837614.2837635,doi:10.1007/11531142_26,10.1145/2837614.2837635,10.1007/11531142_26,10.1145/2837614.2837635,10.1007/11531142_26,06301934914-06103464905,2016-01-11,included,raw/cs014-references-p0001-opencitations.json.gz
opencitations,CS014,S19,references,doi:10.1145/2837614.2837635->doi:10.1007/978-3-642-11957-6_22,doi:10.1145/2837614.2837635,doi:10.1007/978-3-642-11957-6_22,10.1145/2837614.2837635,10.1007/978-3-642-11957-6_22,10.1145/2837614.2837635,10.1007/978-3-642-11957-6_22,06301934914-062502871768,2016-01-11,included,raw/cs014-references-p0001-opencitations.json.gz
opencitations,CS014,S19,references,doi:10.1145/2837614.2837635->doi:10.1007/978-3-642-00590-9_27,doi:10.1145/2837614.2837635,doi:10.1007/978-3-642-00590-9_27,10.1145/2837614.2837635,10.1007/978-3-642-00590-9_27,10.1145/2837614.2837635,10.1007/978-3-642-00590-9_27,06301934914-062603098723,2016-01-11,included,raw/cs014-references-p0001-opencitations.json.gz
opencitations,CS014,S19,references,doi:10.1145/2837614.2837635->doi:10.1145/582419.582440,doi:10.1145/2837614.2837635,doi:10.1145/582419.582440,10.1145/2837614.2837635,10.1145/582419.582440,10.1145/2837614.2837635,10.1145/582419.582440,06301934914-06303801019,2016-01-11,included,raw/cs014-references-p0001-opencitations.json.gz
opencitations,CS014,S19,references,doi:10.1145/2837614.2837635->doi:10.1145/1594834.1480922,doi:10.1145/2837614.2837635,doi:10.1145/1594834.1480922,10.1145/2837614.2837635,10.1145/1594834.1480922,10.1145/2837614.2837635,10.1145/1594834.1480922,06301934914-0616094864,2016-01-11,included,raw/cs014-references-p0001-opencitations.json.gz
opencitations,CS014,S19,references,doi:10.1145/2837614.2837635->doi:10.1145/1480881.1480922,doi:10.1145/2837614.2837635,doi:10.1145/1480881.1480922,10.1145/2837614.2837635,10.1145/1480881.1480922,10.1145/2837614.2837635,10.1145/1480881.1480922,06301934914-061503225188,2016-01-11,included,raw/cs014-references-p0001-opencitations.json.gz
opencitations,CS014,S19,references,doi:10.1145/2837614.2837635->doi:10.1007/978-3-642-22012-8_36,doi:10.1145/2837614.2837635,doi:10.1007/978-3-642-22012-8_36,10.1145/2837614.2837635,10.1007/978-3-642-22012-8_36,10.1145/2837614.2837635,10.1007/978-3-642-22012-8_36,06301934914-061802808379,2016-01-11,included,raw/cs014-references-p0001-opencitations.json.gz
opencitations,CS014,S19,references,doi:10.1145/2837614.2837635->doi:10.1145/1889997.1890001,doi:10.1145/2837614.2837635,doi:10.1145/1889997.1890001,10.1145/2837614.2837635,10.1145/1889997.1890001,10.1145/2837614.2837635,10.1145/1889997.1890001,06301934914-06602632664,2016-01-11,included,raw/cs014-references-p0001-opencitations.json.gz
opencitations,CS014,S19,references,doi:10.1145/2837614.2837635->doi:10.1145/583854.582440,doi:10.1145/2837614.2837635,doi:10.1145/583854.582440,10.1145/2837614.2837635,10.1145/583854.582440,10.1145/2837614.2837635,10.1145/583854.582440,06301934914-0621095602,2016-01-11,included,raw/cs014-references-p0001-opencitations.json.gz
opencitations,CS014,S19,references,doi:10.1145/2837614.2837635->doi:10.1007/3-540-16042-6_21,doi:10.1145/2837614.2837635,doi:10.1007/3-540-16042-6_21,10.1145/2837614.2837635,10.1007/3-540-16042-6_21,10.1145/2837614.2837635,10.1007/3-540-16042-6_21,06301934914-06902863489,2016-01-11,included,raw/cs014-references-p0001-opencitations.json.gz
opencitations,CS014,S19,references,doi:10.1145/2837614.2837635->doi:10.1109/lics.2006.52,doi:10.1145/2837614.2837635,doi:10.1109/lics.2006.52,10.1145/2837614.2837635,10.1109/lics.2006.52,10.1145/2837614.2837635,10.1109/lics.2006.52,06301934914-06303702772,2016-01-11,included,raw/cs014-references-p0001-opencitations.json.gz
opencitations,CS014,S19,references,doi:10.1145/2837614.2837635->doi:10.1145/248052.248106,doi:10.1145/2837614.2837635,doi:10.1145/248052.248106,10.1145/2837614.2837635,10.1145/248052.248106,10.1145/2837614.2837635,10.1145/248052.248106,06301934914-06703784449,2016-01-11,included,raw/cs014-references-p0001-opencitations.json.gz
opencitations,CS014,S19,references,doi:10.1145/2837614.2837635->doi:10.1145/2544174.2500600,doi:10.1145/2837614.2837635,doi:10.1145/2544174.2500600,10.1145/2837614.2837635,10.1145/2544174.2500600,10.1145/2837614.2837635,10.1145/2544174.2500600,06301934914-0615093688,2016-01-11,included,raw/cs014-references-p0001-opencitations.json.gz
opencitations,CS014,S19,references,doi:10.1145/2837614.2837635->doi:10.1016/j.tcs.2010.09.021,doi:10.1145/2837614.2837635,doi:10.1016/j.tcs.2010.09.021,10.1145/2837614.2837635,10.1016/j.tcs.2010.09.021,10.1145/2837614.2837635,10.1016/j.tcs.2010.09.021,06301934914-0650807804,2016-01-11,included,raw/cs014-references-p0001-opencitations.json.gz
opencitations,CS014,S19,references,doi:10.1145/2837614.2837635->doi:10.1145/1594834.1480886,doi:10.1145/2837614.2837635,doi:10.1145/1594834.1480886,10.1145/2837614.2837635,10.1145/1594834.1480886,10.1145/2837614.2837635,10.1145/1594834.1480886,06301934914-0616094915,2016-01-11,included,raw/cs014-references-p0001-opencitations.json.gz
opencitations,CS014,S19,references,doi:10.1145/2837614.2837635->doi:10.1145/203095.201069,doi:10.1145/2837614.2837635,doi:10.1145/203095.201069,10.1145/2837614.2837635,10.1145/203095.201069,10.1145/2837614.2837635,10.1145/203095.201069,06301934914-06602633461,2016-01-11,included,raw/cs014-references-p0001-opencitations.json.gz
opencitations,CS014,S19,references,doi:10.1145/2837614.2837635->doi:10.1007/bf01211617,doi:10.1145/2837614.2837635,doi:10.1007/bf01211617,10.1145/2837614.2837635,10.1007/bf01211617,10.1145/2837614.2837635,10.1007/bf01211617,06301934914-062201750579,2016-01-11,included,raw/cs014-references-p0001-opencitations.json.gz
opencitations,CS014,S19,references,doi:10.1145/2837614.2837635->doi:10.1006/inco.2001.3085,doi:10.1145/2837614.2837635,doi:10.1006/inco.2001.3085,10.1145/2837614.2837635,10.1006/inco.2001.3085,10.1145/2837614.2837635,10.1006/inco.2001.3085,06301934914-06701412454,2016-01-11,included,raw/cs014-references-p0001-opencitations.json.gz
opencitations,CS014,S19,references,doi:10.1145/2837614.2837635->doi:10.1145/69575.69577,doi:10.1145/2837614.2837635,doi:10.1145/69575.69577,10.1145/2837614.2837635,10.1145/69575.69577,10.1145/2837614.2837635,10.1145/69575.69577,06301934914-06602633320,2016-01-11,included,raw/cs014-references-p0001-opencitations.json.gz
opencitations,CS014,S19,references,doi:10.1145/2837614.2837635->doi:10.1145/1480881.1480886,doi:10.1145/2837614.2837635,doi:10.1145/1480881.1480886,10.1145/2837614.2837635,10.1145/1480881.1480886,10.1145/2837614.2837635,10.1145/1480881.1480886,06301934914-061403201126,2016-01-11,included,raw/cs014-references-p0001-opencitations.json.gz
opencitations,CS014,S19,references,doi:10.1145/2837614.2837635->doi:10.1007/s002360050116,doi:10.1145/2837614.2837635,doi:10.1007/s002360050116,10.1145/2837614.2837635,10.1007/s002360050116,10.1145/2837614.2837635,10.1007/s002360050116,06301934914-06901608763,2016-01-11,included,raw/cs014-references-p0001-opencitations.json.gz
opencitations,CS014,S19,references,doi:10.1145/2837614.2837635->doi:10.1145/2603088.2603123,doi:10.1145/2837614.2837635,doi:10.1145/2603088.2603123,10.1145/2837614.2837635,10.1145/2603088.2603123,10.1145/2837614.2837635,10.1145/2603088.2603123,06301934914-062402555344,2016-01-11,included,raw/cs014-references-p0001-opencitations.json.gz
opencitations,CS014,S19,references,doi:10.1145/2837614.2837635->doi:10.1145/78969.78972,doi:10.1145/2837614.2837635,doi:10.1145/78969.78972,10.1145/2837614.2837635,10.1145/78969.78972,10.1145/2837614.2837635,10.1145/78969.78972,06301934914-06702614122,2016-01-11,included,raw/cs014-references-p0001-opencitations.json.gz
opencitations,CS014,S19,references,doi:10.1145/2837614.2837635->doi:10.1145/2500365.2500600,doi:10.1145/2837614.2837635,doi:10.1145/2500365.2500600,10.1145/2837614.2837635,10.1145/2500365.2500600,10.1145/2837614.2837635,10.1145/2500365.2500600,06301934914-061102942728,2016-01-11,included,raw/cs014-references-p0001-opencitations.json.gz
opencitations,CS014,S19,citations,doi:10.1007/978-3-319-33693-0_13->doi:10.1145/2837614.2837635,doi:10.1007/978-3-319-33693-0_13,doi:10.1145/2837614.2837635,10.1007/978-3-319-33693-0_13,10.1145/2837614.2837635,10.1007/978-3-319-33693-0_13,10.1145/2837614.2837635,06102865081-06301934914,2016,included,raw/cs014-citations-p0001-opencitations.json.gz
opencitations,CS014,S19,citations,doi:10.1145/2984450.2984457->doi:10.1145/2837614.2837635,doi:10.1145/2984450.2984457,doi:10.1145/2837614.2837635,10.1145/2984450.2984457,10.1145/2837614.2837635,10.1145/2984450.2984457,10.1145/2837614.2837635,061702147321-06301934914,2016-08-08,included,raw/cs014-citations-p0001-opencitations.json.gz
opencitations,CS014,S19,citations,doi:10.1145/3158116->doi:10.1145/2837614.2837635,doi:10.1145/3158116,doi:10.1145/2837614.2837635,10.1145/3158116,10.1145/2837614.2837635,10.1145/3158116,10.1145/2837614.2837635,06202297442-06301934914,2018-01,included,raw/cs014-citations-p0001-opencitations.json.gz
opencitations,CS014,S19,citations,doi:10.1145/3427761.3428345->doi:10.1145/2837614.2837635,doi:10.1145/3427761.3428345,doi:10.1145/2837614.2837635,10.1145/3427761.3428345,10.1145/2837614.2837635,10.1145/3427761.3428345,10.1145/2837614.2837635,061803409236-06301934914,2020-07-23,included,raw/cs014-citations-p0001-opencitations.json.gz
opencitations,CS014,S19,citations,doi:10.1007/978-3-030-81688-9_2->doi:10.1145/2837614.2837635,doi:10.1007/978-3-030-81688-9_2,doi:10.1145/2837614.2837635,10.1007/978-3-030-81688-9_2,10.1145/2837614.2837635,10.1007/978-3-030-81688-9_2,10.1145/2837614.2837635,06702107000-06301934914,2021,included,raw/cs014-citations-p0001-opencitations.json.gz
opencitations,CS014,S19,citations,doi:10.1145/3720525->doi:10.1145/2837614.2837635,doi:10.1145/3720525,doi:10.1145/2837614.2837635,10.1145/3720525,10.1145/2837614.2837635,10.1145/3720525,10.1145/2837614.2837635,06012443213-06301934914,2025-04-09,included,raw/cs014-citations-p0001-opencitations.json.gz
opencitations,CS014,S19,citations,doi:10.1007/978-3-319-70278-0_30->doi:10.1145/2837614.2837635,doi:10.1007/978-3-319-70278-0_30,doi:10.1145/2837614.2837635,10.1007/978-3-319-70278-0_30,10.1145/2837614.2837635,10.1007/978-3-319-70278-0_30,10.1145/2837614.2837635,06502592932-06301934914,2017,included,raw/cs014-citations-p0001-opencitations.json.gz
opencitations,CS014,S19,citations,doi:10.1109/tits.2022.3224385->doi:10.1145/2837614.2837635,doi:10.1109/tits.2022.3224385,doi:10.1145/2837614.2837635,10.1109/tits.2022.3224385,10.1145/2837614.2837635,10.1109/tits.2022.3224385,10.1145/2837614.2837635,06804626675-06301934914,2023-12,included,raw/cs014-citations-p0001-opencitations.json.gz
opencitations,CS014,S19,citations,doi:10.1145/3453483.3454031->doi:10.1145/2837614.2837635,doi:10.1145/3453483.3454031,doi:10.1145/2837614.2837635,10.1145/3453483.3454031,10.1145/2837614.2837635,10.1145/3453483.3454031,10.1145/2837614.2837635,06703373094-06301934914,2021-06-18,included,raw/cs014-citations-p0001-opencitations.json.gz
opencitations,CS014,S19,citations,doi:10.1145/3571231->doi:10.1145/2837614.2837635,doi:10.1145/3571231,doi:10.1145/2837614.2837635,10.1145/3571231,10.1145/2837614.2837635,10.1145/3571231,10.1145/2837614.2837635,062203928177-06301934914,2023-01-09,included,raw/cs014-citations-p0001-opencitations.json.gz
opencitations,CS014,S19,citations,doi:10.1145/3719027.3765138->doi:10.1145/2837614.2837635,doi:10.1145/3719027.3765138,doi:10.1145/2837614.2837635,10.1145/3719027.3765138,10.1145/2837614.2837635,10.1145/3719027.3765138,10.1145/2837614.2837635,06013174095-06301934914,2025-11-19,included,raw/cs014-citations-p0001-opencitations.json.gz
opencitations,CS014,S19,citations,doi:10.1007/978-3-662-54434-1_34->doi:10.1145/2837614.2837635,doi:10.1007/978-3-662-54434-1_34,doi:10.1145/2837614.2837635,10.1007/978-3-662-54434-1_34,10.1145/2837614.2837635,10.1007/978-3-662-54434-1_34,10.1145/2837614.2837635,062302394765-06301934914,2017,included,raw/cs014-citations-p0001-opencitations.json.gz
opencitations,CS014,S19,citations,doi:10.1145/3763091->doi:10.1145/2837614.2837635,doi:10.1145/3763091,doi:10.1145/2837614.2837635,10.1145/3763091,10.1145/2837614.2837635,10.1145/3763091,10.1145/2837614.2837635,06014051291-06301934914,2025-10-09,included,raw/cs014-citations-p0001-opencitations.json.gz
opencitations,CS014,S19,citations,doi:10.1145/3763138->doi:10.1145/2837614.2837635,doi:10.1145/3763138,doi:10.1145/2837614.2837635,10.1145/3763138,10.1145/2837614.2837635,10.1145/3763138,10.1145/2837614.2837635,06015366603-06301934914,2025-10-09,included,raw/cs014-citations-p0001-opencitations.json.gz
opencitations,CS014,S19,citations,doi:10.1145/3356903->doi:10.1145/2837614.2837635,doi:10.1145/3356903,doi:10.1145/2837614.2837635,10.1145/3356903,10.1145/2837614.2837635,10.1145/3356903,10.1145/2837614.2837635,062502379483-06301934914,2019-09-24,included,raw/cs014-citations-p0001-opencitations.json.gz
opencitations,CS014,S19,citations,doi:10.1145/3477082->doi:10.1145/2837614.2837635,doi:10.1145/3477082,doi:10.1145/2837614.2837635,10.1145/3477082,10.1145/2837614.2837635,10.1145/3477082,10.1145/2837614.2837635,06602632488-06301934914,2021-12-31,included,raw/cs014-citations-p0001-opencitations.json.gz
opencitations,CS014,S19,citations,doi:10.1145/3632898->doi:10.1145/2837614.2837635,doi:10.1145/3632898,doi:10.1145/2837614.2837635,10.1145/3632898,10.1145/2837614.2837635,10.1145/3632898,10.1145/2837614.2837635,062204192466-06301934914,2024-01-05,included,raw/cs014-citations-p0001-opencitations.json.gz
opencitations,CS014,S19,citations,doi:10.1145/3498689->doi:10.1145/2837614.2837635,doi:10.1145/3498689,doi:10.1145/2837614.2837635,10.1145/3498689,10.1145/2837614.2837635,10.1145/3498689,10.1145/2837614.2837635,06202296718-06301934914,2022-01-16,included,raw/cs014-citations-p0001-opencitations.json.gz
opencitations,CS014,S19,citations,doi:10.1007/s11704-023-2774-9->doi:10.1145/2837614.2837635,doi:10.1007/s11704-023-2774-9,doi:10.1145/2837614.2837635,10.1007/s11704-023-2774-9,10.1145/2837614.2837635,10.1007/s11704-023-2774-9,10.1145/2837614.2837635,06015656398-06301934914,2023-12-28,included,raw/cs014-citations-p0001-opencitations.json.gz
opencitations,CS014,S19,citations,doi:10.1016/j.sysarc.2023.103046->doi:10.1145/2837614.2837635,doi:10.1016/j.sysarc.2023.103046,doi:10.1145/2837614.2837635,10.1016/j.sysarc.2023.103046,10.1145/2837614.2837635,10.1016/j.sysarc.2023.103046,10.1145/2837614.2837635,06330382214-06301934914,2024-02,included,raw/cs014-citations-p0001-opencitations.json.gz
opencitations,CS014,S19,citations,doi:10.1145/3689739->doi:10.1145/2837614.2837635,doi:10.1145/3689739,doi:10.1145/2837614.2837635,10.1145/3689739,10.1145/2837614.2837635,10.1145/3689739,10.1145/2837614.2837635,062404381199-06301934914,2024-10-08,included,raw/cs014-citations-p0001-opencitations.json.gz
opencitations,CS014,S19,citations,doi:10.1145/3571232->doi:10.1145/2837614.2837635,doi:10.1145/3571232,doi:10.1145/2837614.2837635,10.1145/3571232,10.1145/2837614.2837635,10.1145/3571232,10.1145/2837614.2837635,062203928218-06301934914,2023-01-09,included,raw/cs014-citations-p0001-opencitations.json.gz
opencitations,CS014,S19,citations,doi:10.1016/j.sysarc.2023.103049->doi:10.1145/2837614.2837635,doi:10.1016/j.sysarc.2023.103049,doi:10.1145/2837614.2837635,10.1016/j.sysarc.2023.103049,10.1145/2837614.2837635,10.1016/j.sysarc.2023.103049,10.1145/2837614.2837635,06330382205-06301934914,2024-02,included,raw/cs014-citations-p0001-opencitations.json.gz
opencitations,CS014,S19,citations,doi:10.1145/3632851->doi:10.1145/2837614.2837635,doi:10.1145/3632851,doi:10.1145/2837614.2837635,10.1145/3632851,10.1145/2837614.2837635,10.1145/3632851,10.1145/2837614.2837635,062204192473-06301934914,2024-01-05,included,raw/cs014-citations-p0001-opencitations.json.gz
opencitations,CS014,S19,citations,doi:10.1145/3296979.3192381->doi:10.1145/2837614.2837635,doi:10.1145/3296979.3192381,doi:10.1145/2837614.2837635,10.1145/3296979.3192381,10.1145/2837614.2837635,10.1145/3296979.3192381,10.1145/2837614.2837635,0613090941-06301934914,2018-12-02,included,raw/cs014-citations-p0001-opencitations.json.gz
opencitations,CS014,S19,citations,doi:10.1007/s12652-021-03454-9->doi:10.1145/2837614.2837635,doi:10.1007/s12652-021-03454-9,doi:10.1145/2837614.2837635,10.1007/s12652-021-03454-9,10.1145/2837614.2837635,10.1007/s12652-021-03454-9,10.1145/2837614.2837635,062401235303-06301934914,2021-08-29,included,raw/cs014-citations-p0001-opencitations.json.gz
opencitations,CS014,S19,citations,doi:10.1145/3783996->doi:10.1145/2837614.2837635,doi:10.1145/3783996,doi:10.1145/2837614.2837635,10.1145/3783996,10.1145/2837614.2837635,10.1145/3783996,10.1145/2837614.2837635,06013376542-06301934914,2025-12-18,included,raw/cs014-citations-p0001-opencitations.json.gz
opencitations,CS014,S19,citations,doi:10.1145/3158108->doi:10.1145/2837614.2837635,doi:10.1145/3158108,doi:10.1145/2837614.2837635,10.1145/3158108,10.1145/2837614.2837635,10.1145/3158108,10.1145/2837614.2837635,06202297456-06301934914,2018-01,included,raw/cs014-citations-p0001-opencitations.json.gz
opencitations,CS014,S19,citations,doi:10.1145/3643668->doi:10.1145/2837614.2837635,doi:10.1145/3643668,doi:10.1145/2837614.2837635,10.1145/3643668,10.1145/2837614.2837635,10.1145/3643668,10.1145/2837614.2837635,06604683443-06301934914,2024-01-27,included,raw/cs014-citations-p0001-opencitations.json.gz
opencitations,CS014,S19,citations,doi:10.1007/978-3-032-11176-0_7->doi:10.1145/2837614.2837635,doi:10.1007/978-3-032-11176-0_7,doi:10.1145/2837614.2837635,10.1007/978-3-032-11176-0_7,10.1145/2837614.2837635,10.1007/978-3-032-11176-0_7,10.1145/2837614.2837635,06015385904-06301934914,2025-11-23,included,raw/cs014-citations-p0001-opencitations.json.gz
opencitations,CS014,S19,citations,doi:10.1007/978-3-031-40436-8_5->doi:10.1145/2837614.2837635,doi:10.1007/978-3-031-40436-8_5,doi:10.1145/2837614.2837635,10.1007/978-3-031-40436-8_5,10.1145/2837614.2837635,10.1007/978-3-031-40436-8_5,10.1145/2837614.2837635,061903963298-06301934914,2023,included,raw/cs014-citations-p0001-opencitations.json.gz
opencitations,CS014,S19,citations,doi:10.1007/s11390-021-1671-7->doi:10.1145/2837614.2837635,doi:10.1007/s11390-021-1671-7,doi:10.1145/2837614.2837635,10.1007/s11390-021-1671-7,10.1145/2837614.2837635,10.1007/s11390-021-1671-7,10.1145/2837614.2837635,062202058594-06301934914,2021-11-30,included,raw/cs014-citations-p0001-opencitations.json.gz
opencitations,CS014,S19,citations,doi:10.1007/978-3-319-71237-6_14->doi:10.1145/2837614.2837635,doi:10.1007/978-3-319-71237-6_14,doi:10.1145/2837614.2837635,10.1007/978-3-319-71237-6_14,10.1145/2837614.2837635,10.1007/978-3-319-71237-6_14,10.1145/2837614.2837635,061402200224-06301934914,2017,included,raw/cs014-citations-p0001-opencitations.json.gz
opencitations,CS014,S19,citations,doi:10.1145/3192366.3192381->doi:10.1145/2837614.2837635,doi:10.1145/3192366.3192381,doi:10.1145/2837614.2837635,10.1145/3192366.3192381,10.1145/2837614.2837635,10.1145/3192366.3192381,10.1145/2837614.2837635,061102349547-06301934914,2018-06-11,included,raw/cs014-citations-p0001-opencitations.json.gz
opencitations,CS014,S19,citations,doi:10.1007/978-3-031-66676-6_4->doi:10.1145/2837614.2837635,doi:10.1007/978-3-031-66676-6_4,doi:10.1145/2837614.2837635,10.1007/978-3-031-66676-6_4,10.1145/2837614.2837635,10.1007/978-3-031-66676-6_4,10.1145/2837614.2837635,061504233398-06301934914,2024,included,raw/cs014-citations-p0001-opencitations.json.gz
opencitations,CS014,S19,citations,doi:10.1145/3674645->doi:10.1145/2837614.2837635,doi:10.1145/3674645,doi:10.1145/2837614.2837635,10.1145/3674645,10.1145/2837614.2837635,10.1145/3674645,10.1145/2837614.2837635,062404381340-06301934914,2024-08-15,included,raw/cs014-citations-p0001-opencitations.json.gz
opencitations,CS014,S19,citations,doi:10.1145/3591253->doi:10.1145/2837614.2837635,doi:10.1145/3591253,doi:10.1145/2837614.2837635,10.1145/3591253,10.1145/2837614.2837635,10.1145/3591253,10.1145/2837614.2837635,062203928114-06301934914,2023-06-06,included,raw/cs014-citations-p0001-opencitations.json.gz
opencitations,CS014,S19,citations,doi:10.1145/3632889->doi:10.1145/2837614.2837635,doi:10.1145/3632889,doi:10.1145/2837614.2837635,10.1145/3632889,10.1145/2837614.2837635,10.1145/3632889,10.1145/2837614.2837635,062204192441-06301934914,2024-01-05,included,raw/cs014-citations-p0001-opencitations.json.gz
opencitations,CS016,A27,references,doi:10.1109/lics.2013.18->doi:10.1007/978-3-540-75292-9_9,doi:10.1109/lics.2013.18,doi:10.1007/978-3-540-75292-9_9,10.1109/lics.2013.18,10.1007/978-3-540-75292-9_9,10.1109/lics.2013.18,10.1007/978-3-540-75292-9_9,06803346172-061903119237,2013-06,included,raw/cs016-references-p0001-opencitations.json.gz
opencitations,CS016,A27,references,doi:10.1109/lics.2013.18->doi:10.1109/icdcs.2003.1203503,doi:10.1109/lics.2013.18,doi:10.1109/icdcs.2003.1203503,10.1109/lics.2013.18,10.1109/icdcs.2003.1203503,10.1109/lics.2013.18,10.1109/icdcs.2003.1203503,06803346172-061603385517,2013-06,included,raw/cs016-references-p0001-opencitations.json.gz
opencitations,CS016,A27,references,doi:10.1109/lics.2013.18->doi:10.1016/j.entcs.2011.09.029,doi:10.1109/lics.2013.18,doi:10.1016/j.entcs.2011.09.029,10.1109/lics.2013.18,10.1016/j.entcs.2011.09.029,10.1109/lics.2013.18,10.1016/j.entcs.2011.09.029,06803346172-06601447710,2013-06,included,raw/cs016-references-p0001-opencitations.json.gz
opencitations,CS016,A27,references,doi:10.1109/lics.2013.18->doi:10.1145/114005.102808,doi:10.1109/lics.2013.18,doi:10.1145/114005.102808,10.1109/lics.2013.18,10.1145/114005.102808,10.1109/lics.2013.18,10.1145/114005.102808,06803346172-06602633243,2013-06,included,raw/cs016-references-p0001-opencitations.json.gz
opencitations,CS016,A27,references,doi:10.1109/lics.2013.18->doi:10.1109/lics.2013.18,doi:10.1109/lics.2013.18,doi:10.1109/lics.2013.18,10.1109/lics.2013.18,10.1109/lics.2013.18,10.1109/lics.2013.18,10.1109/lics.2013.18,06803346172-06803346172,2013-06,included,raw/cs016-references-p0001-opencitations.json.gz
opencitations,CS016,A27,references,doi:10.1109/lics.2013.18->doi:10.1145/1190216.1190261,doi:10.1109/lics.2013.18,doi:10.1145/1190216.1190261,10.1109/lics.2013.18,10.1145/1190216.1190261,10.1109/lics.2013.18,10.1145/1190216.1190261,06803346172-061603273748,2013-06,included,raw/cs016-references-p0001-opencitations.json.gz
opencitations,CS016,A27,references,doi:10.1109/lics.2013.18->doi:10.1145/363235.363259,doi:10.1109/lics.2013.18,doi:10.1145/363235.363259,10.1109/lics.2013.18,10.1145/363235.363259,10.1109/lics.2013.18,10.1145/363235.363259,06803346172-06603899679,2013-06,included,raw/cs016-references-p0001-opencitations.json.gz
opencitations,CS016,A27,references,doi:10.1109/lics.2013.18->doi:10.1007/3-540-45414-4_21,doi:10.1109/lics.2013.18,doi:10.1007/3-540-45414-4_21,10.1109/lics.2013.18,10.1007/3-540-45414-4_21,10.1109/lics.2013.18,10.1007/3-540-45414-4_21,06803346172-06903141955,2013-06,included,raw/cs016-references-p0001-opencitations.json.gz
opencitations,CS016,A27,references,doi:10.1109/lics.2013.18->doi:10.1007/978-3-642-11957-6_6,doi:10.1109/lics.2013.18,doi:10.1007/978-3-642-11957-6_6,10.1109/lics.2013.18,10.1007/978-3-642-11957-6_6,10.1109/lics.2013.18,10.1007/978-3-642-11957-6_6,06803346172-062502871755,2013-06,included,raw/cs016-references-p0001-opencitations.json.gz
opencitations,CS016,A27,references,doi:10.1109/lics.2013.18->doi:10.1109/tpds.2004.8,doi:10.1109/lics.2013.18,doi:10.1109/tpds.2004.8,10.1109/lics.2013.18,10.1109/tpds.2004.8,10.1109/lics.2013.18,10.1109/tpds.2004.8,06803346172-061203026926,2013-06,included,raw/cs016-references-p0001-opencitations.json.gz
opencitations,CS016,A27,references,doi:10.1109/lics.2013.18->doi:10.1145/1542476.1542493,doi:10.1109/lics.2013.18,doi:10.1145/1542476.1542493,10.1109/lics.2013.18,10.1145/1542476.1542493,10.1109/lics.2013.18,10.1145/1542476.1542493,06803346172-06803619312,2013-06,included,raw/cs016-references-p0001-opencitations.json.gz
opencitations,CS016,A27,references,doi:10.1109/lics.2013.18->doi:10.1145/1594834.1480922,doi:10.1109/lics.2013.18,doi:10.1145/1594834.1480922,10.1109/lics.2013.18,10.1145/1594834.1480922,10.1109/lics.2013.18,10.1145/1594834.1480922,06803346172-0616094864,2013-06,included,raw/cs016-references-p0001-opencitations.json.gz
opencitations,CS016,A27,references,doi:10.1109/lics.2013.18->doi:10.1145/1745312.1745313,doi:10.1109/lics.2013.18,doi:10.1145/1745312.1745313,10.1109/lics.2013.18,10.1145/1745312.1745313,10.1109/lics.2013.18,10.1145/1745312.1745313,06803346172-06602632678,2013-06,included,raw/cs016-references-p0001-opencitations.json.gz
opencitations,CS016,A27,references,doi:10.1109/lics.2013.18->doi:10.1145/360204.375719,doi:10.1109/lics.2013.18,doi:10.1145/360204.375719,10.1109/lics.2013.18,10.1145/360204.375719,10.1109/lics.2013.18,10.1145/360204.375719,06803346172-061203391204,2013-06,included,raw/cs016-references-p0001-opencitations.json.gz
opencitations,CS016,A27,references,doi:10.1109/lics.2013.18->doi:10.1007/978-3-642-15375-4_27,doi:10.1109/lics.2013.18,doi:10.1007/978-3-642-15375-4_27,10.1109/lics.2013.18,10.1007/978-3-642-15375-4_27,10.1109/lics.2013.18,10.1007/978-3-642-15375-4_27,06803346172-06403455074,2013-06,included,raw/cs016-references-p0001-opencitations.json.gz
opencitations,CS016,A27,references,doi:10.1109/lics.2013.18->doi:10.1145/604131.604148,doi:10.1109/lics.2013.18,doi:10.1145/604131.604148,10.1109/lics.2013.18,10.1145/604131.604148,10.1109/lics.2013.18,10.1145/604131.604148,06803346172-061203391283,2013-06,included,raw/cs016-references-p0001-opencitations.json.gz
opencitations,CS016,A27,references,doi:10.1109/lics.2013.18->doi:10.1007/978-3-642-14107-2_24,doi:10.1109/lics.2013.18,doi:10.1007/978-3-642-14107-2_24,10.1109/lics.2013.18,10.1007/978-3-642-14107-2_24,10.1109/lics.2013.18,10.1007/978-3-642-14107-2_24,06803346172-062503019140,2013-06,included,raw/cs016-references-p0001-opencitations.json.gz
opencitations,CS016,A27,references,doi:10.1109/lics.2013.18->doi:10.1007/978-3-540-74407-8_18,doi:10.1109/lics.2013.18,doi:10.1007/978-3-540-74407-8_18,10.1109/lics.2013.18,10.1007/978-3-540-74407-8_18,10.1109/lics.2013.18,10.1007/978-3-540-74407-8_18,06803346172-062403101181,2013-06,included,raw/cs016-references-p0001-opencitations.json.gz
opencitations,CS016,A27,references,doi:10.1109/lics.2013.18->doi:10.2307/421090,doi:10.1109/lics.2013.18,doi:10.2307/421090,10.1109/lics.2013.18,10.2307/421090,10.1109/lics.2013.18,10.2307/421090,06803346172-062501255814,2013-06,included,raw/cs016-references-p0001-opencitations.json.gz
opencitations,CS016,A27,references,doi:10.1109/lics.2013.18->doi:10.1145/1897852.1897873,doi:10.1109/lics.2013.18,doi:10.1145/1897852.1897873,10.1109/lics.2013.18,10.1145/1897852.1897873,10.1109/lics.2013.18,10.1145/1897852.1897873,06803346172-06102780451,2013-06,included,raw/cs016-references-p0001-opencitations.json.gz
opencitations,CS016,A27,references,doi:10.1109/lics.2013.18->doi:10.1145/248052.248106,doi:10.1109/lics.2013.18,doi:10.1145/248052.248106,10.1109/lics.2013.18,10.1145/248052.248106,10.1109/lics.2013.18,10.1145/248052.248106,06803346172-06703784449,2013-06,included,raw/cs016-references-p0001-opencitations.json.gz
opencitations,CS016,A27,references,doi:10.1109/lics.2013.18->doi:10.1145/360051.360224,doi:10.1109/lics.2013.18,doi:10.1145/360051.360224,10.1109/lics.2013.18,10.1145/360051.360224,10.1109/lics.2013.18,10.1145/360051.360224,06803346172-061203479329,2013-06,included,raw/cs016-references-p0001-opencitations.json.gz
opencitations,CS016,A27,references,doi:10.1109/lics.2013.18->doi:10.1007/978-3-642-13321-3_21,doi:10.1109/lics.2013.18,doi:10.1007/978-3-642-13321-3_21,10.1109/lics.2013.18,10.1007/978-3-642-13321-3_21,10.1109/lics.2013.18,10.1007/978-3-642-13321-3_21,06803346172-061303017499,2013-06,included,raw/cs016-references-p0001-opencitations.json.gz
opencitations,CS016,A27,references,doi:10.1109/lics.2013.18->doi:10.1016/j.scico.2008.09.013,doi:10.1109/lics.2013.18,doi:10.1016/j.scico.2008.09.013,10.1109/lics.2013.18,10.1016/j.scico.2008.09.013,10.1109/lics.2013.18,10.1016/j.scico.2008.09.013,06803346172-06250453036,2013-06,included,raw/cs016-references-p0001-opencitations.json.gz
opencitations,CS016,A27,references,doi:10.1109/lics.2013.18->doi:10.1109/lics.2002.1029817,doi:10.1109/lics.2013.18,doi:10.1109/lics.2002.1029817,10.1109/lics.2013.18,10.1109/lics.2002.1029817,10.1109/lics.2013.18,10.1109/lics.2002.1029817,06803346172-06302043364,2013-06,included,raw/cs016-references-p0001-opencitations.json.gz
opencitations,CS016,A27,references,doi:10.1109/lics.2013.18->doi:10.1016/j.tcs.2006.12.035,doi:10.1109/lics.2013.18,doi:10.1016/j.tcs.2006.12.035,10.1109/lics.2013.18,10.1016/j.tcs.2006.12.035,10.1109/lics.2013.18,10.1016/j.tcs.2006.12.035,06803346172-0660805781,2013-06,included,raw/cs016-references-p0001-opencitations.json.gz
opencitations,CS016,A27,references,doi:10.1109/lics.2013.18->doi:10.1145/1506409.1506431,doi:10.1109/lics.2013.18,doi:10.1145/1506409.1506431,10.1109/lics.2013.18,10.1145/1506409.1506431,10.1109/lics.2013.18,10.1145/1506409.1506431,06803346172-06202769333,2013-06,included,raw/cs016-references-p0001-opencitations.json.gz
opencitations,CS016,A27,references,doi:10.1109/lics.2013.18->doi:10.1145/78969.78972,doi:10.1109/lics.2013.18,doi:10.1145/78969.78972,10.1109/lics.2013.18,10.1145/78969.78972,10.1109/lics.2013.18,10.1145/78969.78972,06803346172-06702614122,2013-06,included,raw/cs016-references-p0001-opencitations.json.gz
opencitations,CS016,A27,citations,doi:10.1007/s10817-017-9431-7->doi:10.1109/lics.2013.18,doi:10.1007/s10817-017-9431-7,doi:10.1109/lics.2013.18,10.1007/s10817-017-9431-7,10.1109/lics.2013.18,10.1007/s10817-017-9431-7,10.1109/lics.2013.18,061302860355-06803346172,2017-09-22,included,raw/cs016-citations-p0001-opencitations.json.gz
opencitations,CS016,A27,citations,doi:10.1109/lics.2013.18->doi:10.1109/lics.2013.18,doi:10.1109/lics.2013.18,doi:10.1109/lics.2013.18,10.1109/lics.2013.18,10.1109/lics.2013.18,10.1109/lics.2013.18,10.1109/lics.2013.18,06803346172-06803346172,2013-06,included,raw/cs016-citations-p0001-opencitations.json.gz
opencitations,CS016,A27,citations,doi:10.1145/2914770.2837635->doi:10.1109/lics.2013.18,doi:10.1145/2914770.2837635,doi:10.1109/lics.2013.18,10.1145/2914770.2837635,10.1109/lics.2013.18,10.1145/2914770.2837635,10.1109/lics.2013.18,0614090397-06803346172,2016-04-08,included,raw/cs016-citations-p0001-opencitations.json.gz
opencitations,CS016,A27,citations,doi:10.1145/3210258->doi:10.1109/lics.2013.18,doi:10.1145/3210258,doi:10.1109/lics.2013.18,10.1145/3210258,10.1109/lics.2013.18,10.1145/3210258,10.1109/lics.2013.18,06602632548-06803346172,2018-09-30,included,raw/cs016-citations-p0001-opencitations.json.gz
opencitations,CS016,A27,citations,doi:10.1109/mascots.2019.00019->doi:10.1109/lics.2013.18,doi:10.1109/mascots.2019.00019,doi:10.1109/lics.2013.18,10.1109/mascots.2019.00019,10.1109/lics.2013.18,10.1109/mascots.2019.00019,10.1109/lics.2013.18,06101901327-06803346172,2019-10,included,raw/cs016-citations-p0001-opencitations.json.gz
opencitations,CS016,A27,citations,doi:10.1145/3290387->doi:10.1109/lics.2013.18,doi:10.1145/3290387,doi:10.1109/lics.2013.18,10.1145/3290387,10.1109/lics.2013.18,10.1145/3290387,10.1109/lics.2013.18,06202297291-06803346172,2019-01-02,included,raw/cs016-citations-p0001-opencitations.json.gz
opencitations,CS016,A27,citations,doi:10.1007/978-3-662-49498-1_8->doi:10.1109/lics.2013.18,doi:10.1007/978-3-662-49498-1_8,doi:10.1109/lics.2013.18,10.1007/978-3-662-49498-1_8,10.1109/lics.2013.18,10.1007/978-3-662-49498-1_8,10.1109/lics.2013.18,062502439163-06803346172,2016,included,raw/cs016-citations-p0001-opencitations.json.gz
opencitations,CS016,A27,citations,doi:10.1145/2594291.2594301->doi:10.1109/lics.2013.18,doi:10.1145/2594291.2594301,doi:10.1109/lics.2013.18,10.1145/2594291.2594301,10.1109/lics.2013.18,10.1145/2594291.2594301,10.1109/lics.2013.18,061202887437-06803346172,2014-06-09,included,raw/cs016-citations-p0001-opencitations.json.gz
opencitations,CS016,A27,citations,doi:10.1007/978-3-319-89960-2_9->doi:10.1109/lics.2013.18,doi:10.1007/978-3-319-89960-2_9,doi:10.1109/lics.2013.18,10.1007/978-3-319-89960-2_9,10.1109/lics.2013.18,10.1007/978-3-319-89960-2_9,10.1109/lics.2013.18,061402186418-06803346172,2018,included,raw/cs016-citations-p0001-opencitations.json.gz
opencitations,CS016,A27,citations,doi:10.1007/978-3-662-54434-1_34->doi:10.1109/lics.2013.18,doi:10.1007/978-3-662-54434-1_34,doi:10.1109/lics.2013.18,10.1007/978-3-662-54434-1_34,10.1109/lics.2013.18,10.1007/978-3-662-54434-1_34,10.1109/lics.2013.18,062302394765-06803346172,2017,included,raw/cs016-citations-p0001-opencitations.json.gz
opencitations,CS016,A27,citations,doi:10.1145/2837614.2837635->doi:10.1109/lics.2013.18,doi:10.1145/2837614.2837635,doi:10.1109/lics.2013.18,10.1145/2837614.2837635,10.1109/lics.2013.18,10.1145/2837614.2837635,10.1109/lics.2013.18,06301934914-06803346172,2016-01-11,included,raw/cs016-citations-p0001-opencitations.json.gz
opencitations,CS016,A27,citations,doi:10.1145/3477082->doi:10.1109/lics.2013.18,doi:10.1145/3477082,doi:10.1109/lics.2013.18,10.1145/3477082,10.1109/lics.2013.18,10.1145/3477082,10.1109/lics.2013.18,06602632488-06803346172,2021-12-31,included,raw/cs016-citations-p0001-opencitations.json.gz
opencitations,CS016,A27,citations,doi:10.1145/2676724.2693179->doi:10.1109/lics.2013.18,doi:10.1145/2676724.2693179,doi:10.1109/lics.2013.18,10.1145/2676724.2693179,10.1109/lics.2013.18,10.1145/2676724.2693179,10.1109/lics.2013.18,061102557921-06803346172,2015-01-13,included,raw/cs016-citations-p0001-opencitations.json.gz
opencitations,CS016,A27,citations,doi:10.1017/s0960129521000487->doi:10.1109/lics.2013.18,doi:10.1017/s0960129521000487,doi:10.1109/lics.2013.18,10.1017/s0960129521000487,10.1109/lics.2013.18,10.1017/s0960129521000487,10.1109/lics.2013.18,06190560573-06803346172,2022-03-16,included,raw/cs016-citations-p0001-opencitations.json.gz
opencitations,CS016,A27,citations,doi:10.1145/3632892->doi:10.1109/lics.2013.18,doi:10.1145/3632892,doi:10.1109/lics.2013.18,10.1145/3632892,10.1109/lics.2013.18,10.1145/3632892,10.1109/lics.2013.18,062204192502-06803346172,2024-01-05,included,raw/cs016-citations-p0001-opencitations.json.gz
opencitations,CS016,A27,citations,doi:10.1007/978-3-030-32505-3_11->doi:10.1109/lics.2013.18,doi:10.1007/978-3-030-32505-3_11,doi:10.1109/lics.2013.18,10.1007/978-3-030-32505-3_11,10.1109/lics.2013.18,10.1007/978-3-030-32505-3_11,10.1109/lics.2013.18,06702443339-06803346172,2019,included,raw/cs016-citations-p0001-opencitations.json.gz
opencitations,CS016,A27,citations,doi:10.1145/3763077->doi:10.1109/lics.2013.18,doi:10.1145/3763077,doi:10.1109/lics.2013.18,10.1145/3763077,10.1109/lics.2013.18,10.1145/3763077,10.1109/lics.2013.18,06013467727-06803346172,2025-10-09,included,raw/cs016-citations-p0001-opencitations.json.gz
opencitations,CS016,A27,citations,doi:10.1007/s11704-023-2774-9->doi:10.1109/lics.2013.18,doi:10.1007/s11704-023-2774-9,doi:10.1109/lics.2013.18,10.1007/s11704-023-2774-9,10.1109/lics.2013.18,10.1007/s11704-023-2774-9,10.1109/lics.2013.18,06015656398-06803346172,2023-12-28,included,raw/cs016-citations-p0001-opencitations.json.gz
opencitations,CS016,A27,citations,doi:10.1145/2676724.2693180->doi:10.1109/lics.2013.18,doi:10.1145/2676724.2693180,doi:10.1109/lics.2013.18,10.1145/2676724.2693180,10.1109/lics.2013.18,10.1145/2676724.2693180,10.1109/lics.2013.18,061102557539-06803346172,2015-01-13,included,raw/cs016-citations-p0001-opencitations.json.gz
opencitations,CS016,A27,citations,doi:10.1145/2666356.2594301->doi:10.1109/lics.2013.18,doi:10.1145/2666356.2594301,doi:10.1109/lics.2013.18,10.1145/2666356.2594301,10.1109/lics.2013.18,10.1145/2666356.2594301,10.1109/lics.2013.18,0614090978-06803346172,2014-06-05,included,raw/cs016-citations-p0001-opencitations.json.gz
opencitations,CS016,A27,citations,doi:10.1007/978-3-319-89884-1_15->doi:10.1109/lics.2013.18,doi:10.1007/978-3-319-89884-1_15,doi:10.1109/lics.2013.18,10.1007/978-3-319-89884-1_15,10.1109/lics.2013.18,10.1007/978-3-319-89884-1_15,10.1109/lics.2013.18,061702211238-06803346172,2018,included,raw/cs016-citations-p0001-opencitations.json.gz
opencitations,CS016,A27,citations,doi:10.1145/3158108->doi:10.1109/lics.2013.18,doi:10.1145/3158108,doi:10.1109/lics.2013.18,10.1145/3158108,10.1109/lics.2013.18,10.1145/3158108,10.1109/lics.2013.18,06202297456-06803346172,2018-01,included,raw/cs016-citations-p0001-opencitations.json.gz
opencitations,CS016,A27,citations,doi:10.1145/2603088.2603123->doi:10.1109/lics.2013.18,doi:10.1145/2603088.2603123,doi:10.1109/lics.2013.18,10.1145/2603088.2603123,10.1109/lics.2013.18,10.1145/2603088.2603123,10.1109/lics.2013.18,062402555344-06803346172,2014-07-14,included,raw/cs016-citations-p0001-opencitations.json.gz
opencitations,CS017,A28,references,doi:10.1145/2676724.2693179->doi:10.1007/978-3-540-75292-9_9,doi:10.1145/2676724.2693179,doi:10.1007/978-3-540-75292-9_9,10.1145/2676724.2693179,10.1007/978-3-540-75292-9_9,10.1145/2676724.2693179,10.1007/978-3-540-75292-9_9,061102557921-061903119237,2015-01-13,included,raw/cs017-references-p0001-opencitations.json.gz
opencitations,CS017,A28,references,doi:10.1145/2676724.2693179->doi:10.1109/icdcs.2003.1203503,doi:10.1145/2676724.2693179,doi:10.1109/icdcs.2003.1203503,10.1145/2676724.2693179,10.1109/icdcs.2003.1203503,10.1145/2676724.2693179,10.1109/icdcs.2003.1203503,061102557921-061603385517,2015-01-13,included,raw/cs017-references-p0001-opencitations.json.gz
opencitations,CS017,A28,references,doi:10.1145/2676724.2693179->doi:10.1007/978-3-642-14295-6_40,doi:10.1145/2676724.2693179,doi:10.1007/978-3-642-14295-6_40,10.1145/2676724.2693179,10.1007/978-3-642-14295-6_40,10.1145/2676724.2693179,10.1007/978-3-642-14295-6_40,061102557921-061703036727,2015-01-13,included,raw/cs017-references-p0001-opencitations.json.gz
opencitations,CS017,A28,references,doi:10.1145/2676724.2693179->doi:10.1145/142111.964561,doi:10.1145/2676724.2693179,doi:10.1145/142111.964561,10.1145/2676724.2693179,10.1145/142111.964561,10.1145/2676724.2693179,10.1145/142111.964561,061102557921-0680917374,2015-01-13,included,raw/cs017-references-p0001-opencitations.json.gz
opencitations,CS017,A28,references,doi:10.1145/2676724.2693179->doi:10.1145/114005.102808,doi:10.1145/2676724.2693179,doi:10.1145/114005.102808,10.1145/2676724.2693179,10.1145/114005.102808,10.1145/2676724.2693179,10.1145/114005.102808,061102557921-06602633243,2015-01-13,included,raw/cs017-references-p0001-opencitations.json.gz
opencitations,CS017,A28,references,doi:10.1145/2676724.2693179->doi:10.1109/lics.2013.18,doi:10.1145/2676724.2693179,doi:10.1109/lics.2013.18,10.1145/2676724.2693179,10.1109/lics.2013.18,10.1145/2676724.2693179,10.1109/lics.2013.18,061102557921-06803346172,2015-01-13,included,raw/cs017-references-p0001-opencitations.json.gz
opencitations,CS017,A28,references,doi:10.1145/2676724.2693179->doi:10.1007/978-3-642-11319-2_25,doi:10.1145/2676724.2693179,doi:10.1007/978-3-642-11319-2_25,10.1145/2676724.2693179,10.1007/978-3-642-11319-2_25,10.1145/2676724.2693179,10.1007/978-3-642-11319-2_25,061102557921-062203060338,2015-01-13,included,raw/cs017-references-p0001-opencitations.json.gz
opencitations,CS017,A28,references,doi:10.1145/2676724.2693179->doi:10.1016/j.jpdc.2009.08.011,doi:10.1145/2676724.2693179,doi:10.1016/j.jpdc.2009.08.011,10.1145/2676724.2693179,10.1016/j.jpdc.2009.08.011,10.1145/2676724.2693179,10.1016/j.jpdc.2009.08.011,061102557921-062103033326,2015-01-13,included,raw/cs017-references-p0001-opencitations.json.gz
opencitations,CS017,A28,references,doi:10.1145/2676724.2693179->doi:10.1007/978-3-540-74407-8_18,doi:10.1145/2676724.2693179,doi:10.1007/978-3-540-74407-8_18,10.1145/2676724.2693179,10.1007/978-3-540-74407-8_18,10.1145/2676724.2693179,10.1007/978-3-540-74407-8_18,061102557921-062403101181,2015-01-13,included,raw/cs017-references-p0001-opencitations.json.gz
opencitations,CS017,A28,references,doi:10.1145/2676724.2693179->doi:10.1145/248052.248106,doi:10.1145/2676724.2693179,doi:10.1145/248052.248106,10.1145/2676724.2693179,10.1145/248052.248106,10.1145/2676724.2693179,10.1145/248052.248106,061102557921-06703784449,2015-01-13,included,raw/cs017-references-p0001-opencitations.json.gz
opencitations,CS017,A28,references,doi:10.1145/2676724.2693179->doi:10.1016/j.scico.2008.09.013,doi:10.1145/2676724.2693179,doi:10.1016/j.scico.2008.09.013,10.1145/2676724.2693179,10.1016/j.scico.2008.09.013,10.1145/2676724.2693179,10.1016/j.scico.2008.09.013,061102557921-06250453036,2015-01-13,included,raw/cs017-references-p0001-opencitations.json.gz
opencitations,CS017,A28,references,doi:10.1145/2676724.2693179->doi:10.1007/978-3-540-30232-2_7,doi:10.1145/2676724.2693179,doi:10.1007/978-3-540-30232-2_7,10.1145/2676724.2693179,10.1007/978-3-540-30232-2_7,10.1145/2676724.2693179,10.1007/978-3-540-30232-2_7,061102557921-06303043890,2015-01-13,included,raw/cs017-references-p0001-opencitations.json.gz
opencitations,CS017,A28,references,doi:10.1145/2676724.2693179->doi:10.1145/1480881.1480886,doi:10.1145/2676724.2693179,doi:10.1145/1480881.1480886,10.1145/2676724.2693179,10.1145/1480881.1480886,10.1145/2676724.2693179,10.1145/1480881.1480886,061102557921-061403201126,2015-01-13,included,raw/cs017-references-p0001-opencitations.json.gz
opencitations,CS017,A28,references,doi:10.1145/2676724.2693179->doi:10.1145/2603088.2603123,doi:10.1145/2676724.2693179,doi:10.1145/2603088.2603123,10.1145/2676724.2693179,10.1145/2603088.2603123,10.1145/2676724.2693179,10.1145/2603088.2603123,061102557921-062402555344,2015-01-13,included,raw/cs017-references-p0001-opencitations.json.gz
opencitations,CS017,A28,citations,doi:10.1109/mascots.2019.00019->doi:10.1145/2676724.2693179,doi:10.1109/mascots.2019.00019,doi:10.1145/2676724.2693179,10.1109/mascots.2019.00019,10.1145/2676724.2693179,10.1109/mascots.2019.00019,10.1145/2676724.2693179,06101901327-061102557921,2019-10,included,raw/cs017-citations-p0001-opencitations.json.gz
opencitations,CS017,A28,citations,doi:10.1145/3591230->doi:10.1145/2676724.2693179,doi:10.1145/3591230,doi:10.1145/2676724.2693179,10.1145/3591230,10.1145/2676724.2693179,10.1145/3591230,10.1145/2676724.2693179,062203928115-061102557921,2023-06-06,included,raw/cs017-citations-p0001-opencitations.json.gz
opencitations,CS017,A28,citations,doi:10.1007/s10703-021-00370-8->doi:10.1145/2676724.2693179,doi:10.1007/s10703-021-00370-8,doi:10.1145/2676724.2693179,10.1007/s10703-021-00370-8,10.1145/2676724.2693179,10.1007/s10703-021-00370-8,10.1145/2676724.2693179,0680344067-061102557921,2021-04-06,included,raw/cs017-citations-p0001-opencitations.json.gz
opencitations,CS017,A28,citations,doi:10.1145/3763077->doi:10.1145/2676724.2693179,doi:10.1145/3763077,doi:10.1145/2676724.2693179,10.1145/3763077,10.1145/2676724.2693179,10.1145/3763077,10.1145/2676724.2693179,06013467727-061102557921,2025-10-09,included,raw/cs017-citations-p0001-opencitations.json.gz
opencitations,CS017,A28,citations,doi:10.23919/fmcad.2018.8603020->doi:10.1145/2676724.2693179,doi:10.23919/fmcad.2018.8603020,doi:10.1145/2676724.2693179,10.23919/fmcad.2018.8603020,10.1145/2676724.2693179,10.23919/fmcad.2018.8603020,10.1145/2676724.2693179,061302313560-061102557921,2018-10,included,raw/cs017-citations-p0001-opencitations.json.gz
opencitations,CS018,S28,references,doi:10.1007/978-3-642-23283-1_16->doi:10.1007/978-94-017-0435-9_1,doi:10.1007/978-3-642-23283-1_16,doi:10.1007/978-94-017-0435-9_1,10.1007/978-3-642-23283-1_16,10.1007/978-94-017-0435-9_1,10.1007/978-3-642-23283-1_16,10.1007/978-94-017-0435-9_1,061402803012-061102743313,2011,included,raw/cs018-references-p0001-opencitations.json.gz
opencitations,CS018,S28,references,doi:10.1007/978-3-642-23283-1_16->doi:10.1109/tpds.2004.8,doi:10.1007/978-3-642-23283-1_16,doi:10.1109/tpds.2004.8,10.1007/978-3-642-23283-1_16,10.1109/tpds.2004.8,10.1007/978-3-642-23283-1_16,10.1109/tpds.2004.8,061402803012-061203026926,2011,included,raw/cs018-references-p0001-opencitations.json.gz
opencitations,CS018,S28,references,doi:10.1007/978-3-642-23283-1_16->doi:10.3233/aic-2010-0458,doi:10.1007/978-3-642-23283-1_16,doi:10.3233/aic-2010-0458,10.1007/978-3-642-23283-1_16,10.3233/aic-2010-0458,10.1007/978-3-642-23283-1_16,10.3233/aic-2010-0458,061402803012-06220773985,2011,included,raw/cs018-references-p0001-opencitations.json.gz
opencitations,CS018,S28,references,doi:10.1007/978-3-642-23283-1_16->doi:10.1007/978-3-642-15375-4_27,doi:10.1007/978-3-642-23283-1_16,doi:10.1007/978-3-642-15375-4_27,10.1007/978-3-642-23283-1_16,10.1007/978-3-642-15375-4_27,10.1007/978-3-642-23283-1_16,10.1007/978-3-642-15375-4_27,061402803012-06403455074,2011,included,raw/cs018-references-p0001-opencitations.json.gz
opencitations,CS018,S28,references,doi:10.1007/978-3-642-23283-1_16->doi:10.1109/time.2011.12,doi:10.1007/978-3-642-23283-1_16,doi:10.1109/time.2011.12,10.1007/978-3-642-23283-1_16,10.1109/time.2011.12,10.1007/978-3-642-23283-1_16,10.1109/time.2011.12,061402803012-06101999214,2011,included,raw/cs018-references-p0001-opencitations.json.gz
opencitations,CS018,S28,references,doi:10.1007/978-3-642-23283-1_16->doi:10.1145/1190215.1190261,doi:10.1007/978-3-642-23283-1_16,doi:10.1145/1190215.1190261,10.1007/978-3-642-23283-1_16,10.1145/1190215.1190261,10.1007/978-3-642-23283-1_16,10.1145/1190215.1190261,061402803012-0616095380,2011,included,raw/cs018-references-p0001-opencitations.json.gz
opencitations,CS018,S28,references,doi:10.1007/978-3-642-23283-1_16->doi:10.1007/978-3-642-13321-3_21,doi:10.1007/978-3-642-23283-1_16,doi:10.1007/978-3-642-13321-3_21,10.1007/978-3-642-23283-1_16,10.1007/978-3-642-13321-3_21,10.1007/978-3-642-23283-1_16,10.1007/978-3-642-13321-3_21,061402803012-061303017499,2011,included,raw/cs018-references-p0001-opencitations.json.gz
opencitations,CS018,S28,references,doi:10.1007/978-3-642-23283-1_16->doi:10.1007/978-3-540-30232-2_7,doi:10.1007/978-3-642-23283-1_16,doi:10.1007/978-3-540-30232-2_7,10.1007/978-3-642-23283-1_16,10.1007/978-3-540-30232-2_7,10.1007/978-3-642-23283-1_16,10.1007/978-3-540-30232-2_7,061402803012-06303043890,2011,included,raw/cs018-references-p0001-opencitations.json.gz
opencitations,CS018,S28,references,doi:10.1007/978-3-642-23283-1_16->doi:10.1145/78969.78972,doi:10.1007/978-3-642-23283-1_16,doi:10.1145/78969.78972,10.1007/978-3-642-23283-1_16,10.1145/78969.78972,10.1007/978-3-642-23283-1_16,10.1145/78969.78972,061402803012-06702614122,2011,included,raw/cs018-references-p0001-opencitations.json.gz
opencitations,CS018,S28,citations,doi:10.1007/978-3-031-08166-8_20->doi:10.1007/978-3-642-23283-1_16,doi:10.1007/978-3-031-08166-8_20,doi:10.1007/978-3-642-23283-1_16,10.1007/978-3-031-08166-8_20,10.1007/978-3-642-23283-1_16,10.1007/978-3-031-08166-8_20,10.1007/978-3-642-23283-1_16,06401191974-061402803012,2022,included,raw/cs018-citations-p0001-opencitations.json.gz
opencitations,CS018,S28,citations,doi:10.1007/978-3-031-92196-4_1->doi:10.1007/978-3-642-23283-1_16,doi:10.1007/978-3-031-92196-4_1,doi:10.1007/978-3-642-23283-1_16,10.1007/978-3-031-92196-4_1,10.1007/978-3-642-23283-1_16,10.1007/978-3-031-92196-4_1,10.1007/978-3-642-23283-1_16,06010572414-061402803012,2025,included,raw/cs018-citations-p0001-opencitations.json.gz
opencitations,CS018,S28,citations,doi:10.1007/978-3-319-06410-9_15->doi:10.1007/978-3-642-23283-1_16,doi:10.1007/978-3-319-06410-9_15,doi:10.1007/978-3-642-23283-1_16,10.1007/978-3-319-06410-9_15,10.1007/978-3-642-23283-1_16,10.1007/978-3-319-06410-9_15,10.1007/978-3-642-23283-1_16,06403080658-061402803012,2014,included,raw/cs018-citations-p0001-opencitations.json.gz
opencitations,CS018,S28,citations,doi:10.1007/978-3-031-65941-6_3->doi:10.1007/978-3-642-23283-1_16,doi:10.1007/978-3-031-65941-6_3,doi:10.1007/978-3-642-23283-1_16,10.1007/978-3-031-65941-6_3,10.1007/978-3-642-23283-1_16,10.1007/978-3-031-65941-6_3,10.1007/978-3-642-23283-1_16,062504296243-061402803012,2024,included,raw/cs018-citations-p0001-opencitations.json.gz
opencitations,CS018,S28,citations,doi:10.1007/978-3-319-10181-1_22->doi:10.1007/978-3-642-23283-1_16,doi:10.1007/978-3-319-10181-1_22,doi:10.1007/978-3-642-23283-1_16,10.1007/978-3-319-10181-1_22,10.1007/978-3-642-23283-1_16,10.1007/978-3-319-10181-1_22,10.1007/978-3-642-23283-1_16,061902645667-061402803012,2014,included,raw/cs018-citations-p0001-opencitations.json.gz
opencitations,CS018,S28,citations,doi:10.1007/s10472-013-9389-z->doi:10.1007/978-3-642-23283-1_16,doi:10.1007/s10472-013-9389-z,doi:10.1007/978-3-642-23283-1_16,10.1007/s10472-013-9389-z,10.1007/978-3-642-23283-1_16,10.1007/s10472-013-9389-z,10.1007/978-3-642-23283-1_16,06702389288-061402803012,2014-01-29,included,raw/cs018-citations-p0001-opencitations.json.gz
opencitations,CS018,S28,citations,doi:10.1007/978-3-030-48077-6_2->doi:10.1007/978-3-642-23283-1_16,doi:10.1007/978-3-030-48077-6_2,doi:10.1007/978-3-642-23283-1_16,10.1007/978-3-030-48077-6_2,10.1007/978-3-642-23283-1_16,10.1007/978-3-030-48077-6_2,10.1007/978-3-642-23283-1_16,061101980366-061402803012,2020,included,raw/cs018-citations-p0001-opencitations.json.gz
opencitations,CS018,S28,citations,doi:10.1007/978-3-642-31424-7_21->doi:10.1007/978-3-642-23283-1_16,doi:10.1007/978-3-642-31424-7_21,doi:10.1007/978-3-642-23283-1_16,10.1007/978-3-642-31424-7_21,10.1007/978-3-642-23283-1_16,10.1007/978-3-642-31424-7_21,10.1007/978-3-642-23283-1_16,06703085370-061402803012,2012,included,raw/cs018-citations-p0001-opencitations.json.gz
opencitations,CS018,S28,citations,doi:10.1145/2796550->doi:10.1007/978-3-642-23283-1_16,doi:10.1145/2796550,doi:10.1007/978-3-642-23283-1_16,10.1145/2796550,10.1007/978-3-642-23283-1_16,10.1145/2796550,10.1007/978-3-642-23283-1_16,062601631897-061402803012,2015-11-21,included,raw/cs018-citations-p0001-opencitations.json.gz
opencitations,CS018,S28,citations,doi:10.1145/3729246->doi:10.1007/978-3-642-23283-1_16,doi:10.1145/3729246,doi:10.1007/978-3-642-23283-1_16,10.1145/3729246,10.1007/978-3-642-23283-1_16,10.1145/3729246,10.1007/978-3-642-23283-1_16,06010619743-061402803012,2025-06-10,included,raw/cs018-citations-p0001-opencitations.json.gz
opencitations,CS018,S28,citations,doi:10.1007/978-3-642-37036-6_15->doi:10.1007/978-3-642-23283-1_16,doi:10.1007/978-3-642-37036-6_15,doi:10.1007/978-3-642-23283-1_16,10.1007/978-3-642-37036-6_15,10.1007/978-3-642-23283-1_16,10.1007/978-3-642-37036-6_15,10.1007/978-3-642-23283-1_16,06503137918-061402803012,2013,included,raw/cs018-citations-p0001-opencitations.json.gz
opencitations,CS018,S28,citations,doi:10.1007/978-3-031-47115-5_17->doi:10.1007/978-3-642-23283-1_16,doi:10.1007/978-3-031-47115-5_17,doi:10.1007/978-3-642-23283-1_16,10.1007/978-3-031-47115-5_17,10.1007/978-3-642-23283-1_16,10.1007/978-3-031-47115-5_17,10.1007/978-3-642-23283-1_16,0608844959-061402803012,,unknown-date,raw/cs018-citations-p0001-opencitations.json.gz
opencitations,CS018,S28,citations,doi:10.1145/3622827->doi:10.1007/978-3-642-23283-1_16,doi:10.1145/3622827,doi:10.1007/978-3-642-23283-1_16,10.1145/3622827,10.1007/978-3-642-23283-1_16,10.1145/3622827,10.1007/978-3-642-23283-1_16,061604166201-061402803012,,unknown-date,raw/cs018-citations-p0001-opencitations.json.gz
opencitations,CS018,S28,citations,doi:10.1145/3290371->doi:10.1007/978-3-642-23283-1_16,doi:10.1145/3290371,doi:10.1007/978-3-642-23283-1_16,10.1145/3290371,10.1007/978-3-642-23283-1_16,10.1145/3290371,10.1007/978-3-642-23283-1_16,06202297263-061402803012,2019-01-02,included,raw/cs018-citations-p0001-opencitations.json.gz
opencitations,CS018,S28,citations,doi:10.1007/s10009-014-0308-3->doi:10.1007/978-3-642-23283-1_16,doi:10.1007/s10009-014-0308-3,doi:10.1007/978-3-642-23283-1_16,10.1007/s10009-014-0308-3,10.1007/978-3-642-23283-1_16,10.1007/s10009-014-0308-3,10.1007/978-3-642-23283-1_16,062203120417-061402803012,2014-04-16,included,raw/cs018-citations-p0001-opencitations.json.gz
opencitations,CS018,S28,citations,doi:10.1007/978-3-319-47677-3_3->doi:10.1007/978-3-642-23283-1_16,doi:10.1007/978-3-319-47677-3_3,doi:10.1007/978-3-642-23283-1_16,10.1007/978-3-319-47677-3_3,10.1007/978-3-642-23283-1_16,10.1007/978-3-319-47677-3_3,10.1007/978-3-642-23283-1_16,06202799435-061402803012,2016,included,raw/cs018-citations-p0001-opencitations.json.gz
opencitations,CS019,S29,references,doi:10.1145/3716312->doi:10.1145/3428272,doi:10.1145/3716312,doi:10.1145/3428272,10.1145/3716312,10.1145/3428272,10.1145/3716312,10.1145/3428272,0606931258-06202296973,2025-02-10,included,raw/cs019-references-p0001-opencitations.json.gz
opencitations,CS019,S29,references,doi:10.1145/3716312->doi:10.1017/s0956796818000151,doi:10.1145/3716312,doi:10.1017/s0956796818000151,10.1145/3716312,10.1017/s0956796818000151,10.1145/3716312,10.1017/s0956796818000151,0606931258-061902665994,2025-02-10,included,raw/cs019-references-p0001-opencitations.json.gz
opencitations,CS019,S29,references,doi:10.1145/3716312->doi:10.1007/978-3-642-04027-6_24,doi:10.1145/3716312,doi:10.1007/978-3-642-04027-6_24,10.1145/3716312,10.1007/978-3-642-04027-6_24,10.1145/3716312,10.1007/978-3-642-04027-6_24,0606931258-06203502995,2025-02-10,included,raw/cs019-references-p0001-opencitations.json.gz
opencitations,CS019,S29,references,doi:10.1145/3716312->doi:10.1145/3544885.3544887,doi:10.1145/3716312,doi:10.1145/3544885.3544887,10.1145/3716312,10.1145/3544885.3544887,10.1145/3716312,10.1145/3544885.3544887,0606931258-061903569294,2025-02-10,included,raw/cs019-references-p0001-opencitations.json.gz
opencitations,CS019,S29,references,doi:10.1145/3716312->doi:10.1007/s10817-017-9431-7,doi:10.1145/3716312,doi:10.1007/s10817-017-9431-7,10.1145/3716312,10.1007/s10817-017-9431-7,10.1145/3716312,10.1007/s10817-017-9431-7,0606931258-061302860355,2025-02-10,included,raw/cs019-references-p0001-opencitations.json.gz
opencitations,CS019,S29,references,doi:10.1145/3716312->doi:10.2307/1968168,doi:10.1145/3716312,doi:10.2307/1968168,10.1145/3716312,10.2307/1968168,10.1145/3716312,10.2307/1968168,0606931258-061401498393,2025-02-10,included,raw/cs019-references-p0001-opencitations.json.gz
opencitations,CS019,S29,references,doi:10.1145/3716312->doi:10.1016/0001-8708(92)90011-9,doi:10.1145/3716312,doi:10.1016/0001-8708(92)90011-9,10.1145/3716312,10.1016/0001-8708(92)90011-9,10.1145/3716312,10.1016/0001-8708(92)90011-9,0606931258-061602265432,2025-02-10,included,raw/cs019-references-p0001-opencitations.json.gz
opencitations,CS019,S29,references,doi:10.1145/3716312->doi:10.1007/3-540-45927-8_4,doi:10.1145/3716312,doi:10.1007/3-540-45927-8_4,10.1145/3716312,10.1007/3-540-45927-8_4,10.1145/3716312,10.1007/3-540-45927-8_4,0606931258-061202862426,2025-02-10,included,raw/cs019-references-p0001-opencitations.json.gz
opencitations,CS019,S29,references,doi:10.1145/3716312->doi:10.1007/s10817-018-9496-y,doi:10.1145/3716312,doi:10.1007/s10817-018-9496-y,10.1145/3716312,10.1007/s10817-018-9496-y,10.1145/3716312,10.1007/s10817-018-9496-y,0606931258-061302860294,2025-02-10,included,raw/cs019-references-p0001-opencitations.json.gz
opencitations,CS019,S29,references,doi:10.1145/3716312->doi:10.1007/3-540-36108-1_18,doi:10.1145/3716312,doi:10.1007/3-540-36108-1_18,10.1145/3716312,10.1007/3-540-36108-1_18,10.1145/3716312,10.1007/3-540-36108-1_18,0606931258-06203526504,2025-02-10,included,raw/cs019-references-p0001-opencitations.json.gz
opencitations,CS019,S29,references,doi:10.1145/3716312->doi:10.1145/2984450.2984457,doi:10.1145/3716312,doi:10.1145/2984450.2984457,10.1145/3716312,10.1145/2984450.2984457,10.1145/3716312,10.1145/2984450.2984457,0606931258-061702147321,2025-02-10,included,raw/cs019-references-p0001-opencitations.json.gz
opencitations,CS019,S29,references,doi:10.1145/3716312->doi:10.1145/2754169.2754187,doi:10.1145/3716312,doi:10.1145/2754169.2754187,10.1145/3716312,10.1145/2754169.2754187,10.1145/3716312,10.1145/2754169.2754187,0606931258-061102541746,2025-02-10,included,raw/cs019-references-p0001-opencitations.json.gz
opencitations,CS019,S29,references,doi:10.1145/3716312->doi:10.1145/1190216.1190261,doi:10.1145/3716312,doi:10.1145/1190216.1190261,10.1145/3716312,10.1145/1190216.1190261,10.1145/3716312,10.1145/1190216.1190261,0606931258-061603273748,2025-02-10,included,raw/cs019-references-p0001-opencitations.json.gz
opencitations,CS019,S29,references,doi:10.1145/3716312->doi:10.1145/3141879,doi:10.1145/3716312,doi:10.1145/3141879,10.1145/3716312,10.1145/3141879,10.1145/3716312,10.1145/3141879,0606931258-06202297529,2025-02-10,included,raw/cs019-references-p0001-opencitations.json.gz
opencitations,CS019,S29,references,doi:10.1145/3716312->doi:10.1145/3571218,doi:10.1145/3716312,doi:10.1145/3571218,10.1145/3716312,10.1145/3571218,10.1145/3716312,10.1145/3571218,0606931258-062203928163,2025-02-10,included,raw/cs019-references-p0001-opencitations.json.gz
opencitations,CS019,S29,references,doi:10.1145/3716312->doi:10.1145/3408995,doi:10.1145/3716312,doi:10.1145/3408995,10.1145/3716312,10.1145/3408995,10.1145/3716312,10.1145/3408995,0606931258-06202297026,2025-02-10,included,raw/cs019-references-p0001-opencitations.json.gz
opencitations,CS019,S29,references,doi:10.1145/3716312->doi:10.1145/3607840,doi:10.1145/3716312,doi:10.1145/3607840,10.1145/3716312,10.1145/3607840,10.1145/3716312,10.1145/3607840,0606931258-062203928024,2025-02-10,included,raw/cs019-references-p0001-opencitations.json.gz
opencitations,CS019,S29,references,doi:10.1145/3716312->doi:10.1007/3-540-45414-4_21,doi:10.1145/3716312,doi:10.1007/3-540-45414-4_21,10.1145/3716312,10.1007/3-540-45414-4_21,10.1145/3716312,10.1007/3-540-45414-4_21,0606931258-06903141955,2025-02-10,included,raw/cs019-references-p0001-opencitations.json.gz
opencitations,CS019,S29,references,doi:10.1145/3716312->doi:10.1145/3009837.3009842,doi:10.1145/3716312,doi:10.1145/3009837.3009842,10.1145/3716312,10.1145/3009837.3009842,10.1145/3716312,10.1145/3009837.3009842,0606931258-061502479324,2025-02-10,included,raw/cs019-references-p0001-opencitations.json.gz
opencitations,CS019,S29,references,doi:10.1145/3716312->doi:10.1145/320384.320418,doi:10.1145/3716312,doi:10.1145/320384.320418,10.1145/3716312,10.1145/320384.320418,10.1145/3716312,10.1145/320384.320418,0606931258-06703788728,2025-02-10,included,raw/cs019-references-p0001-opencitations.json.gz
opencitations,CS019,S29,references,doi:10.1145/3716312->doi:10.1145/3473586,doi:10.1145/3716312,doi:10.1145/3473586,10.1145/3716312,10.1145/3473586,10.1145/3716312,10.1145/3473586,0606931258-06202296832,2025-02-10,included,raw/cs019-references-p0001-opencitations.json.gz
opencitations,CS019,S29,references,doi:10.1145/3716312->doi:10.1093/comjnl/6.4.308,doi:10.1145/3716312,doi:10.1093/comjnl/6.4.308,10.1145/3716312,10.1093/comjnl/6.4.308,10.1145/3716312,10.1093/comjnl/6.4.308,0606931258-06901624237,2025-02-10,included,raw/cs019-references-p0001-opencitations.json.gz
opencitations,CS019,S29,references,doi:10.1145/3716312->doi:10.1145/1375634.1375656,doi:10.1145/3716312,doi:10.1145/1375634.1375656,10.1145/3716312,10.1145/1375634.1375656,10.1145/3716312,10.1145/1375634.1375656,0606931258-06102026766,2025-02-10,included,raw/cs019-references-p0001-opencitations.json.gz
opencitations,CS019,S29,references,doi:10.1145/3716312->doi:10.1007/978-3-662-44202-9_9,doi:10.1145/3716312,doi:10.1007/978-3-662-44202-9_9,10.1145/3716312,10.1007/978-3-662-44202-9_9,10.1145/3716312,10.1007/978-3-662-44202-9_9,0606931258-062102644433,2025-02-10,included,raw/cs019-references-p0001-opencitations.json.gz
opencitations,CS019,S29,references,doi:10.1145/3716312->doi:10.1145/3437992.3439930,doi:10.1145/3716312,doi:10.1145/3437992.3439930,10.1145/3716312,10.1145/3437992.3439930,10.1145/3716312,10.1145/3437992.3439930,0606931258-061703288564,2025-02-10,included,raw/cs019-references-p0001-opencitations.json.gz
opencitations,CS019,S29,references,doi:10.1145/3716312->doi:10.1007/11693024_3,doi:10.1145/3716312,doi:10.1007/11693024_3,10.1145/3716312,10.1007/11693024_3,10.1145/3716312,10.1007/11693024_3,0606931258-062203299292,2025-02-10,included,raw/cs019-references-p0001-opencitations.json.gz
opencitations,CS019,S29,references,doi:10.1145/3716312->doi:10.1109/tpds.2004.8,doi:10.1145/3716312,doi:10.1109/tpds.2004.8,10.1145/3716312,10.1109/tpds.2004.8,10.1145/3716312,10.1109/tpds.2004.8,0606931258-061203026926,2025-02-10,included,raw/cs019-references-p0001-opencitations.json.gz
opencitations,CS019,S29,references,doi:10.1145/3716312->doi:10.1145/1640089.1640133,doi:10.1145/3716312,doi:10.1145/1640089.1640133,10.1145/3716312,10.1145/1640089.1640133,10.1145/3716312,10.1145/1640089.1640133,0606931258-061203196729,2025-02-10,included,raw/cs019-references-p0001-opencitations.json.gz
opencitations,CS019,S29,references,doi:10.1145/3716312->doi:10.1017/cbo9780511609619,doi:10.1145/3716312,doi:10.1017/cbo9780511609619,10.1145/3716312,10.1017/cbo9780511609619,10.1145/3716312,10.1017/cbo9780511609619,0606931258-061503075275,2025-02-10,included,raw/cs019-references-p0001-opencitations.json.gz
opencitations,CS019,S29,references,doi:10.1145/3716312->doi:10.1145/3519939.3523432,doi:10.1145/3716312,doi:10.1145/3519939.3523432,10.1145/3716312,10.1145/3519939.3523432,10.1145/3716312,10.1145/3519939.3523432,0606931258-061502955396,2025-02-10,included,raw/cs019-references-p0001-opencitations.json.gz
opencitations,CS019,S29,references,doi:10.1145/3716312->doi:10.1016/0304-3975(92)90014-7,doi:10.1145/3716312,doi:10.1016/0304-3975(92)90014-7,10.1145/3716312,10.1016/0304-3975(92)90014-7,10.1145/3716312,10.1016/0304-3975(92)90014-7,0606931258-06230796826,2025-02-10,included,raw/cs019-references-p0001-opencitations.json.gz
opencitations,CS019,S29,references,doi:10.1145/3716312->doi:10.1145/2362389.2362393,doi:10.1145/3716312,doi:10.1145/2362389.2362393,10.1145/3716312,10.1145/2362389.2362393,10.1145/3716312,10.1145/2362389.2362393,0606931258-06602632636,2025-02-10,included,raw/cs019-references-p0001-opencitations.json.gz
opencitations,CS019,S29,references,doi:10.1145/3716312->doi:10.1016/j.tcs.2007.09.003,doi:10.1145/3716312,doi:10.1016/j.tcs.2007.09.003,10.1145/3716312,10.1016/j.tcs.2007.09.003,10.1145/3716312,10.1016/j.tcs.2007.09.003,0606931258-0660805391,2025-02-10,included,raw/cs019-references-p0001-opencitations.json.gz
opencitations,CS019,S29,references,doi:10.1145/3716312->doi:10.1145/3498672,doi:10.1145/3716312,doi:10.1145/3498672,10.1145/3716312,10.1145/3498672,10.1145/3716312,10.1145/3498672,0606931258-06202296707,2025-02-10,included,raw/cs019-references-p0001-opencitations.json.gz
opencitations,CS019,S29,references,doi:10.1145/3716312->doi:10.1007/11547662_7,doi:10.1145/3716312,doi:10.1007/11547662_7,10.1145/3716312,10.1007/11547662_7,10.1145/3716312,10.1007/11547662_7,0606931258-06203733875,2025-02-10,included,raw/cs019-references-p0001-opencitations.json.gz
opencitations,CS019,S29,references,doi:10.1145/3716312->doi:10.29007/xkwx,doi:10.1145/3716312,doi:10.29007/xkwx,10.1145/3716312,10.29007/xkwx,10.1145/3716312,10.29007/xkwx,0606931258-061802316525,2025-02-10,included,raw/cs019-references-p0001-opencitations.json.gz
opencitations,CS019,S29,references,doi:10.1145/3716312->doi:10.1145/1375634.1375637,doi:10.1145/3716312,doi:10.1145/1375634.1375637,10.1145/3716312,10.1145/1375634.1375637,10.1145/3716312,10.1145/1375634.1375637,0606931258-06102026635,2025-02-10,included,raw/cs019-references-p0001-opencitations.json.gz
opencitations,CS019,S29,references,doi:10.1145/3716312->doi:10.1016/s0890-5401(03)00009-9,doi:10.1145/3716312,doi:10.1016/s0890-5401(03)00009-9,10.1145/3716312,10.1016/s0890-5401(03)00009-9,10.1145/3716312,10.1016/s0890-5401(03)00009-9,0606931258-06601424866,2025-02-10,included,raw/cs019-references-p0001-opencitations.json.gz
opencitations,CS019,S29,references,doi:10.1145/3716312->doi:10.1145/224164.224182,doi:10.1145/3716312,doi:10.1145/224164.224182,10.1145/3716312,10.1145/224164.224182,10.1145/3716312,10.1145/224164.224182,0606931258-062403373002,2025-02-10,included,raw/cs019-references-p0001-opencitations.json.gz
opencitations,CS019,S29,references,doi:10.1145/3716312->doi:10.1145/3158154,doi:10.1145/3716312,doi:10.1145/3158154,10.1145/3716312,10.1145/3158154,10.1145/3716312,10.1145/3158154,0606931258-06202297484,2025-02-10,included,raw/cs019-references-p0001-opencitations.json.gz
opencitations,CS019,S29,references,doi:10.1145/3716312->doi:10.1007/s10009-011-0211-0,doi:10.1145/3716312,doi:10.1007/s10009-011-0211-0,10.1145/3716312,10.1007/s10009-011-0211-0,10.1145/3716312,10.1007/s10009-011-0211-0,0606931258-062203120516,2025-02-10,included,raw/cs019-references-p0001-opencitations.json.gz
opencitations,CS019,S29,references,doi:10.1145/3716312->doi:10.1109/lics.1999.782641,doi:10.1145/3716312,doi:10.1109/lics.1999.782641,10.1145/3716312,10.1109/lics.1999.782641,10.1145/3716312,10.1109/lics.1999.782641,0606931258-061403380585,2025-02-10,included,raw/cs019-references-p0001-opencitations.json.gz
opencitations,CS019,S29,references,doi:10.1145/3716312->doi:10.1145/3341687,doi:10.1145/3716312,doi:10.1145/3341687,10.1145/3716312,10.1145/3341687,10.1145/3716312,10.1145/3341687,0606931258-06202297221,2025-02-10,included,raw/cs019-references-p0001-opencitations.json.gz
opencitations,CS019,S29,references,doi:10.1145/3716312->doi:10.1145/1094811.1094852,doi:10.1145/3716312,doi:10.1145/1094811.1094852,10.1145/3716312,10.1145/1094811.1094852,10.1145/3716312,10.1145/1094811.1094852,0606931258-062103335314,2025-02-10,included,raw/cs019-references-p0001-opencitations.json.gz
opencitations,CS019,S29,references,doi:10.1145/3716312->doi:10.1007/978-3-642-04761-9_14,doi:10.1145/3716312,doi:10.1007/978-3-642-04761-9_14,10.1145/3716312,10.1007/978-3-642-04761-9_14,10.1145/3716312,10.1007/978-3-642-04761-9_14,0606931258-061603088331,2025-02-10,included,raw/cs019-references-p0001-opencitations.json.gz
opencitations,CS019,S29,references,doi:10.1145/3716312->doi:10.1145/325694.325716,doi:10.1145/3716312,doi:10.1145/325694.325716,10.1145/3716312,10.1145/325694.325716,10.1145/3716312,10.1145/325694.325716,0606931258-061103405242,2025-02-10,included,raw/cs019-references-p0001-opencitations.json.gz
opencitations,CS019,S29,references,doi:10.1145/3716312->doi:10.1305/ndjfl/1093635499,doi:10.1145/3716312,doi:10.1305/ndjfl/1093635499,10.1145/3716312,10.1305/ndjfl/1093635499,10.1145/3716312,10.1305/ndjfl/1093635499,0606931258-061801834845,2025-02-10,included,raw/cs019-references-p0001-opencitations.json.gz
opencitations,CS019,S29,references,doi:10.1145/3716312->doi:10.1145/1693453.1693459,doi:10.1145/3716312,doi:10.1145/1693453.1693459,10.1145/3716312,10.1145/1693453.1693459,10.1145/3716312,10.1145/1693453.1693459,0606931258-061403173840,2025-02-10,included,raw/cs019-references-p0001-opencitations.json.gz
opencitations,CS019,S29,references,doi:10.1145/3716312->doi:10.1145/3473581,doi:10.1145/3716312,doi:10.1145/3473581,10.1145/3716312,10.1145/3473581,10.1145/3716312,10.1145/3473581,0606931258-06202296847,2025-02-10,included,raw/cs019-references-p0001-opencitations.json.gz
opencitations,CS019,S29,references,doi:10.1145/3716312->doi:10.1007/978-3-642-15375-4_27,doi:10.1145/3716312,doi:10.1007/978-3-642-15375-4_27,10.1145/3716312,10.1007/978-3-642-15375-4_27,10.1145/3716312,10.1007/978-3-642-15375-4_27,0606931258-06403455074,2025-02-10,included,raw/cs019-references-p0001-opencitations.json.gz
opencitations,CS019,S29,references,doi:10.1145/3716312->doi:10.1007/978-3-030-17184-1_1,doi:10.1145/3716312,doi:10.1007/978-3-030-17184-1_1,10.1145/3716312,10.1007/978-3-030-17184-1_1,10.1145/3716312,10.1007/978-3-030-17184-1_1,0606931258-062302090453,2025-02-10,included,raw/cs019-references-p0001-opencitations.json.gz
opencitations,CS019,S29,references,doi:10.1145/3716312->doi:10.1017/s0960129521000487,doi:10.1145/3716312,doi:10.1017/s0960129521000487,10.1145/3716312,10.1017/s0960129521000487,10.1145/3716312,10.1017/s0960129521000487,0606931258-06190560573,2025-02-10,included,raw/cs019-references-p0001-opencitations.json.gz
opencitations,CS019,S29,references,doi:10.1145/3716312->doi:10.1007/3-540-44898-5_4,doi:10.1145/3716312,doi:10.1007/3-540-44898-5_4,10.1145/3716312,10.1007/3-540-44898-5_4,10.1145/3716312,10.1007/3-540-44898-5_4,0606931258-061503112784,2025-02-10,included,raw/cs019-references-p0001-opencitations.json.gz
opencitations,CS019,S29,references,doi:10.1145/3716312->doi:10.1145/165180.165205,doi:10.1145/3716312,doi:10.1145/165180.165205,10.1145/3716312,10.1145/165180.165205,10.1145/3716312,10.1145/165180.165205,0606931258-062103368883,2025-02-10,included,raw/cs019-references-p0001-opencitations.json.gz
opencitations,CS019,S29,references,doi:10.1145/3716312->doi:10.1007/978-3-642-37036-6_32,doi:10.1145/3716312,doi:10.1007/978-3-642-37036-6_32,10.1145/3716312,10.1007/978-3-642-37036-6_32,10.1145/3716312,10.1007/978-3-642-37036-6_32,0606931258-06503137917,2025-02-10,included,raw/cs019-references-p0001-opencitations.json.gz
opencitations,CS019,S29,references,doi:10.1145/3716312->doi:10.1145/564870.564881,doi:10.1145/3716312,doi:10.1145/564870.564881,10.1145/3716312,10.1145/564870.564881,10.1145/3716312,10.1145/564870.564881,0606931258-06402051896,2025-02-10,included,raw/cs019-references-p0001-opencitations.json.gz
opencitations,CS019,S29,references,doi:10.1145/3716312->doi:10.1145/640128.604148,doi:10.1145/3716312,doi:10.1145/640128.604148,10.1145/3716312,10.1145/640128.604148,10.1145/3716312,10.1145/640128.604148,0606931258-0617092613,2025-02-10,included,raw/cs019-references-p0001-opencitations.json.gz
opencitations,CS019,S29,references,doi:10.1145/3716312->doi:10.1145/2737924.2737955,doi:10.1145/3716312,doi:10.1145/2737924.2737955,10.1145/3716312,10.1145/2737924.2737955,10.1145/3716312,10.1145/2737924.2737955,0606931258-062502531838,2025-02-10,included,raw/cs019-references-p0001-opencitations.json.gz
opencitations,CS019,S29,references,doi:10.1145/3716312->doi:10.1007/978-3-642-37036-6_15,doi:10.1145/3716312,doi:10.1007/978-3-642-37036-6_15,10.1145/3716312,10.1007/978-3-642-37036-6_15,10.1145/3716312,10.1007/978-3-642-37036-6_15,0606931258-06503137918,2025-02-10,included,raw/cs019-references-p0001-opencitations.json.gz
opencitations,CS019,S29,references,doi:10.1145/3716312->doi:10.1006/jpdc.1996.0107,doi:10.1145/3716312,doi:10.1006/jpdc.1996.0107,10.1145/3716312,10.1006/jpdc.1996.0107,10.1145/3716312,10.1006/jpdc.1996.0107,0606931258-062603065943,2025-02-10,included,raw/cs019-references-p0001-opencitations.json.gz
opencitations,CS019,S29,references,doi:10.1145/3716312->doi:10.1017/9781009129220,doi:10.1145/3716312,doi:10.1017/9781009129220,10.1145/3716312,10.1017/9781009129220,10.1145/3716312,10.1017/9781009129220,0606931258-0606180005,2025-02-10,included,raw/cs019-references-p0001-opencitations.json.gz
opencitations,CS019,S29,references,doi:10.1145/3716312->doi:10.1145/3236772,doi:10.1145/3716312,doi:10.1145/3236772,10.1145/3716312,10.1145/3236772,10.1145/3716312,10.1145/3236772,0606931258-06202297394,2025-02-10,included,raw/cs019-references-p0001-opencitations.json.gz
opencitations,CS019,S29,references,doi:10.1145/3716312->doi:10.1145/2775051.2676980,doi:10.1145/3716312,doi:10.1145/2775051.2676980,10.1145/3716312,10.1145/2775051.2676980,10.1145/3716312,10.1145/2775051.2676980,0606931258-0614090765,2025-02-10,included,raw/cs019-references-p0001-opencitations.json.gz
opencitations,CS019,S29,references,doi:10.1145/3716312->doi:10.1145/3622827,doi:10.1145/3716312,doi:10.1145/3622827,10.1145/3716312,10.1145/3622827,10.1145/3716312,10.1145/3622827,0606931258-061604166201,2025-02-10,included,raw/cs019-references-p0001-opencitations.json.gz
opencitations,CS019,S29,references,doi:10.1145/3716312->doi:10.1109/lics.2002.1029817,doi:10.1145/3716312,doi:10.1109/lics.2002.1029817,10.1145/3716312,10.1109/lics.2002.1029817,10.1145/3716312,10.1109/lics.2002.1029817,0606931258-06302043364,2025-02-10,included,raw/cs019-references-p0001-opencitations.json.gz
opencitations,CS019,S29,references,doi:10.1145/3716312->doi:10.1016/s0049-237x(08)70247-7,doi:10.1145/3716312,doi:10.1016/s0049-237x(08)70247-7,10.1145/3716312,10.1016/s0049-237x(08)70247-7,10.1145/3716312,10.1016/s0049-237x(08)70247-7,0606931258-062303914194,2025-02-10,included,raw/cs019-references-p0001-opencitations.json.gz
opencitations,CS019,S29,references,doi:10.1145/3716312->doi:10.1145/1040305.1040327,doi:10.1145/3716312,doi:10.1145/1040305.1040327,10.1145/3716312,10.1145/1040305.1040327,10.1145/3716312,10.1145/1040305.1040327,0606931258-062503355346,2025-02-10,included,raw/cs019-references-p0001-opencitations.json.gz
opencitations,CS019,S29,references,doi:10.1145/3716312->doi:10.1145/3290371,doi:10.1145/3716312,doi:10.1145/3290371,10.1145/3716312,10.1145/3290371,10.1145/3716312,10.1145/3290371,0606931258-06202297263,2025-02-10,included,raw/cs019-references-p0001-opencitations.json.gz
opencitations,CS019,S29,references,doi:10.1145/3716312->doi:10.1145/3201897,doi:10.1145/3716312,doi:10.1145/3201897,10.1145/3716312,10.1145/3201897,10.1145/3716312,10.1145/3201897,0606931258-0628023713,2025-02-10,included,raw/cs019-references-p0001-opencitations.json.gz
opencitations,CS019,S29,references,doi:10.1145/3716312->doi:10.1147/sj.442.0399,doi:10.1145/3716312,doi:10.1147/sj.442.0399,10.1145/3716312,10.1147/sj.442.0399,10.1145/3716312,10.1147/sj.442.0399,0606931258-06230691261,2025-02-10,included,raw/cs019-references-p0001-opencitations.json.gz
opencitations,CS019,S29,references,doi:10.1145/3716312->doi:10.1007/978-3-642-37036-6_10,doi:10.1145/3716312,doi:10.1007/978-3-642-37036-6_10,10.1145/3716312,10.1007/978-3-642-37036-6_10,10.1145/3716312,10.1007/978-3-642-37036-6_10,0606931258-06503137939,2025-02-10,included,raw/cs019-references-p0001-opencitations.json.gz
opencitations,CS019,S29,references,doi:10.1145/3716312->doi:10.1007/978-3-642-31424-7_64,doi:10.1145/3716312,doi:10.1007/978-3-642-31424-7_64,10.1145/3716312,10.1007/978-3-642-31424-7_64,10.1145/3716312,10.1007/978-3-642-31424-7_64,0606931258-06703085344,2025-02-10,included,raw/cs019-references-p0001-opencitations.json.gz
opencitations,CS019,S29,references,doi:10.1145/3716312->doi:10.1145/3547631,doi:10.1145/3716312,doi:10.1145/3547631,10.1145/3716312,10.1145/3547631,10.1145/3716312,10.1145/3547631,0606931258-061903471653,2025-02-10,included,raw/cs019-references-p0001-opencitations.json.gz
opencitations,CS019,S29,references,doi:10.1145/3716312->doi:10.1145/3211968,doi:10.1145/3716312,doi:10.1145/3211968,10.1145/3716312,10.1145/3211968,10.1145/3716312,10.1145/3211968,0606931258-062502379614,2025-02-10,included,raw/cs019-references-p0001-opencitations.json.gz
opencitations,CS019,S29,references,doi:10.1145/3716312->doi:10.1109/lics.2011.46,doi:10.1145/3716312,doi:10.1109/lics.2011.46,10.1145/3716312,10.1109/lics.2011.46,10.1145/3716312,10.1109/lics.2011.46,0606931258-061603010479,2025-02-10,included,raw/cs019-references-p0001-opencitations.json.gz
opencitations,CS019,S29,references,doi:10.1145/3716312->doi:10.1145/78969.78972,doi:10.1145/3716312,doi:10.1145/78969.78972,10.1145/3716312,10.1145/78969.78972,10.1145/3716312,10.1145/78969.78972,0606931258-06702614122,2025-02-10,included,raw/cs019-references-p0001-opencitations.json.gz
opencitations,CS021,S31,references,doi:10.1007/978-3-031-92196-4_16->doi:10.1145/2629496,doi:10.1007/978-3-031-92196-4_16,doi:10.1145/2629496,10.1007/978-3-031-92196-4_16,10.1145/2629496,10.1007/978-3-031-92196-4_16,10.1145/2629496,0609000452-061502741006,2025,included,raw/cs021-references-p0001-opencitations.json.gz
opencitations,CS021,S31,references,doi:10.1007/978-3-031-92196-4_16->doi:10.1145/3453483.3454105,doi:10.1007/978-3-031-92196-4_16,doi:10.1145/3453483.3454105,10.1007/978-3-031-92196-4_16,10.1145/3453483.3454105,10.1007/978-3-031-92196-4_16,10.1145/3453483.3454105,0609000452-062202963979,2025,included,raw/cs021-references-p0001-opencitations.json.gz
opencitations,CS021,S31,references,doi:10.1007/978-3-031-92196-4_16->doi:10.1145/3385412.3386031,doi:10.1007/978-3-031-92196-4_16,doi:10.1145/3385412.3386031,10.1007/978-3-031-92196-4_16,10.1145/3385412.3386031,10.1007/978-3-031-92196-4_16,10.1145/3385412.3386031,0609000452-06702087771,2025,included,raw/cs021-references-p0001-opencitations.json.gz
opencitations,CS021,S31,references,doi:10.1007/978-3-031-92196-4_16->doi:10.46298/lmcs-18(3:7)2022,doi:10.1007/978-3-031-92196-4_16,doi:10.46298/lmcs-18(3:7)2022,10.1007/978-3-031-92196-4_16,10.46298/lmcs-18(3:7)2022,10.1007/978-3-031-92196-4_16,10.46298/lmcs-18(3:7)2022,0609000452-06804297322,2025,included,raw/cs021-references-p0001-opencitations.json.gz
opencitations,CS021,S31,references,doi:10.1007/978-3-031-92196-4_16->doi:10.1145/41840.41852,doi:10.1007/978-3-031-92196-4_16,doi:10.1145/41840.41852,10.1007/978-3-031-92196-4_16,10.1145/41840.41852,10.1007/978-3-031-92196-4_16,10.1145/41840.41852,0609000452-06703784572,2025,included,raw/cs021-references-p0001-opencitations.json.gz
opencitations,CS021,S31,references,doi:10.1007/978-3-031-92196-4_16->doi:10.1145/3472456.3472458,doi:10.1007/978-3-031-92196-4_16,doi:10.1145/3472456.3472458,10.1007/978-3-031-92196-4_16,10.1145/3472456.3472458,10.1007/978-3-031-92196-4_16,10.1145/3472456.3472458,0609000452-06801945144,2025,included,raw/cs021-references-p0001-opencitations.json.gz
opencitations,CS021,S31,references,doi:10.1007/978-3-031-92196-4_16->doi:10.1007/978-3-030-50086-3_3,doi:10.1007/978-3-031-92196-4_16,doi:10.1007/978-3-030-50086-3_3,10.1007/978-3-031-92196-4_16,10.1007/978-3-030-50086-3_3,10.1007/978-3-031-92196-4_16,10.1007/978-3-030-50086-3_3,0609000452-062601931250,2025,included,raw/cs021-references-p0001-opencitations.json.gz
opencitations,CS021,S31,references,doi:10.1007/978-3-031-92196-4_16->doi:10.1016/j.scico.2014.04.001,doi:10.1007/978-3-031-92196-4_16,doi:10.1016/j.scico.2014.04.001,10.1007/978-3-031-92196-4_16,10.1016/j.scico.2014.04.001,10.1007/978-3-031-92196-4_16,10.1016/j.scico.2014.04.001,0609000452-06240449411,2025,included,raw/cs021-references-p0001-opencitations.json.gz
opencitations,CS021,S31,references,doi:10.1007/978-3-031-92196-4_16->doi:10.1145/3434328,doi:10.1007/978-3-031-92196-4_16,doi:10.1145/3434328,10.1007/978-3-031-92196-4_16,10.1145/3434328,10.1007/978-3-031-92196-4_16,10.1145/3434328,0609000452-06202296851,2025,included,raw/cs021-references-p0001-opencitations.json.gz
opencitations,CS021,S31,references,doi:10.1007/978-3-031-92196-4_16->doi:10.1007/3-540-61769-8_9,doi:10.1007/978-3-031-92196-4_16,doi:10.1007/3-540-61769-8_9,10.1007/978-3-031-92196-4_16,10.1007/3-540-61769-8_9,10.1007/978-3-031-92196-4_16,10.1007/3-540-61769-8_9,0609000452-062102793368,2025,included,raw/cs021-references-p0001-opencitations.json.gz
opencitations,CS021,S31,references,doi:10.1007/978-3-031-92196-4_16->doi:10.1145/3571219,doi:10.1007/978-3-031-92196-4_16,doi:10.1145/3571219,10.1007/978-3-031-92196-4_16,10.1145/3571219,10.1007/978-3-031-92196-4_16,10.1145/3571219,0609000452-062203928181,2025,included,raw/cs021-references-p0001-opencitations.json.gz
opencitations,CS021,S31,references,doi:10.1007/978-3-031-92196-4_16->doi:10.1016/j.scico.2024.103227,doi:10.1007/978-3-031-92196-4_16,doi:10.1016/j.scico.2024.103227,10.1007/978-3-031-92196-4_16,10.1016/j.scico.2024.103227,10.1007/978-3-031-92196-4_16,10.1016/j.scico.2024.103227,0609000452-061504237613,2025,included,raw/cs021-references-p0001-opencitations.json.gz
opencitations,CS021,S31,references,doi:10.1007/978-3-031-92196-4_16->doi:10.1145/1889997.1890001,doi:10.1007/978-3-031-92196-4_16,doi:10.1145/1889997.1890001,10.1007/978-3-031-92196-4_16,10.1145/1889997.1890001,10.1007/978-3-031-92196-4_16,10.1145/1889997.1890001,0609000452-06602632664,2025,included,raw/cs021-references-p0001-opencitations.json.gz
opencitations,CS021,S31,references,doi:10.1007/978-3-031-92196-4_16->doi:10.1007/978-3-642-31424-7_21,doi:10.1007/978-3-031-92196-4_16,doi:10.1007/978-3-642-31424-7_21,10.1007/978-3-031-92196-4_16,10.1007/978-3-642-31424-7_21,10.1007/978-3-031-92196-4_16,10.1007/978-3-642-31424-7_21,0609000452-06703085370,2025,included,raw/cs021-references-p0001-opencitations.json.gz
opencitations,CS021,S31,references,doi:10.1007/978-3-031-92196-4_16->doi:10.1007/978-3-031-50521-8_2,doi:10.1007/978-3-031-92196-4_16,doi:10.1007/978-3-031-50521-8_2,10.1007/978-3-031-92196-4_16,10.1007/978-3-031-50521-8_2,10.1007/978-3-031-92196-4_16,10.1007/978-3-031-50521-8_2,0609000452-06204643406,2025,included,raw/cs021-references-p0001-opencitations.json.gz
opencitations,CS021,S31,references,doi:10.1007/978-3-031-92196-4_16->doi:10.1007/s00165-021-00541-8,doi:10.1007/978-3-031-92196-4_16,doi:10.1007/s00165-021-00541-8,10.1007/978-3-031-92196-4_16,10.1007/s00165-021-00541-8,10.1007/978-3-031-92196-4_16,10.1007/s00165-021-00541-8,0609000452-062101753689,2025,included,raw/cs021-references-p0001-opencitations.json.gz
opencitations,CS021,S31,references,doi:10.1007/978-3-031-92196-4_16->doi:10.1007/978-3-031-57267-8_8,doi:10.1007/978-3-031-92196-4_16,doi:10.1007/978-3-031-57267-8_8,10.1007/978-3-031-92196-4_16,10.1007/978-3-031-57267-8_8,10.1007/978-3-031-92196-4_16,10.1007/978-3-031-57267-8_8,0609000452-062304424838,2025,included,raw/cs021-references-p0001-opencitations.json.gz
opencitations,CS021,S31,references,doi:10.1007/978-3-031-92196-4_16->doi:10.1007/3-540-16780-3_99,doi:10.1007/978-3-031-92196-4_16,doi:10.1007/3-540-16780-3_99,10.1007/978-3-031-92196-4_16,10.1007/3-540-16780-3_99,10.1007/978-3-031-92196-4_16,10.1007/3-540-16780-3_99,0609000452-06203554968,2025,included,raw/cs021-references-p0001-opencitations.json.gz
opencitations,CS021,S31,references,doi:10.1007/978-3-031-92196-4_16->doi:10.1007/978-3-031-57267-8_6,doi:10.1007/978-3-031-92196-4_16,doi:10.1007/978-3-031-57267-8_6,10.1007/978-3-031-92196-4_16,10.1007/978-3-031-57267-8_6,10.1007/978-3-031-92196-4_16,10.1007/978-3-031-57267-8_6,0609000452-062304424823,2025,included,raw/cs021-references-p0001-opencitations.json.gz
opencitations,CS021,S31,references,doi:10.1007/978-3-031-92196-4_16->doi:10.1007/s004460050028,doi:10.1007/978-3-031-92196-4_16,doi:10.1007/s004460050028,10.1007/978-3-031-92196-4_16,10.1007/s004460050028,10.1007/978-3-031-92196-4_16,10.1007/s004460050028,0609000452-06603246634,2025,included,raw/cs021-references-p0001-opencitations.json.gz
opencitations,CS021,S31,references,doi:10.1007/978-3-031-92196-4_16->doi:10.1006/inco.1995.1134,doi:10.1007/978-3-031-92196-4_16,doi:10.1006/inco.1995.1134,10.1007/978-3-031-92196-4_16,10.1006/inco.1995.1134,10.1007/978-3-031-92196-4_16,10.1006/inco.1995.1134,0609000452-06701412313,2025,included,raw/cs021-references-p0001-opencitations.json.gz
opencitations,CS021,S31,references,doi:10.1007/978-3-031-92196-4_16->doi:10.1145/3503221.3508436,doi:10.1007/978-3-031-92196-4_16,doi:10.1145/3503221.3508436,10.1007/978-3-031-92196-4_16,10.1145/3503221.3508436,10.1007/978-3-031-92196-4_16,10.1145/3503221.3508436,0609000452-06402126818,2025,included,raw/cs021-references-p0001-opencitations.json.gz
opencitations,CS021,S31,references,doi:10.1007/978-3-031-92196-4_16->doi:10.1145/248052.248106,doi:10.1007/978-3-031-92196-4_16,doi:10.1145/248052.248106,10.1007/978-3-031-92196-4_16,10.1145/248052.248106,10.1007/978-3-031-92196-4_16,10.1145/248052.248106,0609000452-06703784449,2025,included,raw/cs021-references-p0001-opencitations.json.gz
opencitations,CS021,S31,references,doi:10.1007/978-3-031-92196-4_16->doi:10.1145/2714064.2660224,doi:10.1007/978-3-031-92196-4_16,doi:10.1145/2714064.2660224,10.1007/978-3-031-92196-4_16,10.1145/2714064.2660224,10.1007/978-3-031-92196-4_16,10.1145/2714064.2660224,0609000452-0614090845,2025,included,raw/cs021-references-p0001-opencitations.json.gz
opencitations,CS021,S31,references,doi:10.1007/978-3-031-92196-4_16->doi:10.1145/3371079,doi:10.1007/978-3-031-92196-4_16,doi:10.1145/3371079,10.1007/978-3-031-92196-4_16,10.1145/3371079,10.1007/978-3-031-92196-4_16,10.1145/3371079,0609000452-06202297101,2025,included,raw/cs021-references-p0001-opencitations.json.gz
opencitations,CS021,S31,references,doi:10.1007/978-3-031-92196-4_16->doi:10.1007/978-1-4842-4932-1,doi:10.1007/978-3-031-92196-4_16,doi:10.1007/978-1-4842-4932-1,10.1007/978-3-031-92196-4_16,10.1007/978-1-4842-4932-1,10.1007/978-3-031-92196-4_16,10.1007/978-1-4842-4932-1,0609000452-0616049073,2025,included,raw/cs021-references-p0001-opencitations.json.gz
opencitations,CS021,S31,references,doi:10.1007/978-3-031-92196-4_16->doi:10.1145/3373376.3378456,doi:10.1007/978-3-031-92196-4_16,doi:10.1145/3373376.3378456,10.1007/978-3-031-92196-4_16,10.1145/3373376.3378456,10.1007/978-3-031-92196-4_16,10.1145/3373376.3378456,0609000452-06202641667,2025,included,raw/cs021-references-p0001-opencitations.json.gz
opencitations,CS021,S31,references,doi:10.1007/978-3-031-92196-4_16->doi:10.1007/978-3-642-21437-0_25,doi:10.1007/978-3-031-92196-4_16,doi:10.1007/978-3-642-21437-0_25,10.1007/978-3-031-92196-4_16,10.1007/978-3-642-21437-0_25,10.1007/978-3-031-92196-4_16,10.1007/978-3-642-21437-0_25,0609000452-062302881724,2025,included,raw/cs021-references-p0001-opencitations.json.gz
opencitations,CS021,S31,references,doi:10.1007/978-3-031-92196-4_16->doi:10.1007/978-3-540-73210-5_11,doi:10.1007/978-3-031-92196-4_16,doi:10.1007/978-3-540-73210-5_11,10.1007/978-3-031-92196-4_16,10.1007/978-3-540-73210-5_11,10.1007/978-3-031-92196-4_16,10.1007/978-3-540-73210-5_11,0609000452-06103547527,2025,included,raw/cs021-references-p0001-opencitations.json.gz
opencitations,CS021,S31,references,doi:10.1007/978-3-031-92196-4_16->doi:10.1007/978-3-540-30232-2_7,doi:10.1007/978-3-031-92196-4_16,doi:10.1007/978-3-540-30232-2_7,10.1007/978-3-031-92196-4_16,10.1007/978-3-540-30232-2_7,10.1007/978-3-031-92196-4_16,10.1007/978-3-540-30232-2_7,0609000452-06303043890,2025,included,raw/cs021-references-p0001-opencitations.json.gz
opencitations,CS021,S31,references,doi:10.1007/978-3-031-92196-4_16->doi:10.1007/978-3-662-53426-7_23,doi:10.1007/978-3-031-92196-4_16,doi:10.1007/978-3-662-53426-7_23,10.1007/978-3-031-92196-4_16,10.1007/978-3-662-53426-7_23,10.1007/978-3-031-92196-4_16,10.1007/978-3-662-53426-7_23,0609000452-06802460163,2025,included,raw/cs021-references-p0001-opencitations.json.gz
opencitations,CS021,S31,references,doi:10.1007/978-3-031-92196-4_16->doi:10.1007/978-3-540-68863-1_6,doi:10.1007/978-3-031-92196-4_16,doi:10.1007/978-3-540-68863-1_6,10.1007/978-3-031-92196-4_16,10.1007/978-3-540-68863-1_6,10.1007/978-3-031-92196-4_16,10.1007/978-3-540-68863-1_6,0609000452-061403097756,2025,included,raw/cs021-references-p0001-opencitations.json.gz
opencitations,CS021,S31,references,doi:10.1007/978-3-031-92196-4_16->doi:10.1145/78969.78972,doi:10.1007/978-3-031-92196-4_16,doi:10.1145/78969.78972,10.1007/978-3-031-92196-4_16,10.1145/78969.78972,10.1007/978-3-031-92196-4_16,10.1145/78969.78972,0609000452-06702614122,2025,included,raw/cs021-references-p0001-opencitations.json.gz
opencitations,CS022,S33,references,doi:10.1145/3704906->doi:10.1007/bf00625969,doi:10.1145/3704906,doi:10.1007/bf00625969,10.1145/3704906,10.1007/bf00625969,10.1145/3704906,10.1007/bf00625969,0605577529-0680344513,2025-01-07,included,raw/cs022-references-p0001-opencitations.json.gz
opencitations,CS022,S33,references,doi:10.1145/3704906->doi:10.1007/978-3-642-14295-6_40,doi:10.1145/3704906,doi:10.1007/978-3-642-14295-6_40,10.1145/3704906,10.1007/978-3-642-14295-6_40,10.1145/3704906,10.1007/978-3-642-14295-6_40,0605577529-061703036727,2025-01-07,included,raw/cs022-references-p0001-opencitations.json.gz
opencitations,CS022,S33,references,doi:10.1145/3704906->doi:10.1109/tpds.2011.159,doi:10.1145/3704906,doi:10.1109/tpds.2011.159,10.1145/3704906,10.1109/tpds.2011.159,10.1145/3704906,10.1109/tpds.2011.159,0605577529-061103044465,2025-01-07,included,raw/cs022-references-p0001-opencitations.json.gz
opencitations,CS022,S33,references,doi:10.1145/3704906->doi:10.1145/3428196,doi:10.1145/3704906,doi:10.1145/3428196,10.1145/3704906,10.1145/3428196,10.1145/3704906,10.1145/3428196,0605577529-06202296976,2025-01-07,included,raw/cs022-references-p0001-opencitations.json.gz
opencitations,CS022,S33,references,doi:10.1145/3704906->doi:10.1145/3158119,doi:10.1145/3704906,doi:10.1145/3158119,10.1145/3704906,10.1145/3158119,10.1145/3704906,10.1145/3158119,0605577529-06202297438,2025-01-07,included,raw/cs022-references-p0001-opencitations.json.gz
opencitations,CS022,S33,references,doi:10.1145/3704906->doi:10.1007/978-3-031-37706-8_8,doi:10.1145/3704906,doi:10.1007/978-3-031-37706-8_8,10.1145/3704906,10.1007/978-3-031-37706-8_8,10.1145/3704906,10.1007/978-3-031-37706-8_8,0605577529-062603979014,2025-01-07,included,raw/cs022-references-p0001-opencitations.json.gz
opencitations,CS022,S33,references,doi:10.1145/3704906->doi:10.1007/978-3-540-77096-1_29,doi:10.1145/3704906,doi:10.1007/978-3-540-77096-1_29,10.1145/3704906,10.1007/978-3-540-77096-1_29,10.1145/3704906,10.1007/978-3-540-77096-1_29,0605577529-06403529176,2025-01-07,included,raw/cs022-references-p0001-opencitations.json.gz
opencitations,CS022,S33,references,doi:10.1145/3704906->doi:10.1007/978-3-642-03359-9_27,doi:10.1145/3704906,doi:10.1007/978-3-642-03359-9_27,10.1145/3704906,10.1007/978-3-642-03359-9_27,10.1145/3704906,10.1007/978-3-642-03359-9_27,0605577529-061203081735,2025-01-07,included,raw/cs022-references-p0001-opencitations.json.gz
opencitations,CS022,S33,references,doi:10.1145/3704906->doi:10.1007/978-3-540-93900-9_27,doi:10.1145/3704906,doi:10.1007/978-3-540-93900-9_27,10.1145/3704906,10.1007/978-3-540-93900-9_27,10.1145/3704906,10.1007/978-3-540-93900-9_27,0605577529-061403070942,2025-01-07,included,raw/cs022-references-p0001-opencitations.json.gz
opencitations,CS022,S33,references,doi:10.1145/3704906->doi:10.1007/978-3-540-70545-1_12,doi:10.1145/3704906,doi:10.1007/978-3-540-70545-1_12,10.1145/3704906,10.1007/978-3-540-70545-1_12,10.1145/3704906,10.1007/978-3-540-70545-1_12,0605577529-06803507002,2025-01-07,included,raw/cs022-references-p0001-opencitations.json.gz
opencitations,CS022,S33,references,doi:10.1145/3704906->doi:10.1007/978-3-540-73368-3_49,doi:10.1145/3704906,doi:10.1007/978-3-540-73368-3_49,10.1145/3704906,10.1007/978-3-540-73368-3_49,10.1145/3704906,10.1007/978-3-540-73368-3_49,0605577529-061503105533,2025-01-07,included,raw/cs022-references-p0001-opencitations.json.gz
opencitations,CS022,S33,references,doi:10.1145/3704906->doi:10.1109/tc.1979.1675439,doi:10.1145/3704906,doi:10.1109/tc.1979.1675439,10.1145/3704906,10.1109/tc.1979.1675439,10.1145/3704906,10.1109/tc.1979.1675439,0605577529-062201331177,2025-01-07,included,raw/cs022-references-p0001-opencitations.json.gz
opencitations,CS022,S33,references,doi:10.1145/3704906->doi:10.1002/cpe.3928,doi:10.1145/3704906,doi:10.1002/cpe.3928,10.1145/3704906,10.1002/cpe.3928,10.1145/3704906,10.1002/cpe.3928,0605577529-06240944129,2025-01-07,included,raw/cs022-references-p0001-opencitations.json.gz
opencitations,CS022,S33,references,doi:10.1145/3704906->doi:10.1145/3158105,doi:10.1145/3704906,doi:10.1145/3158105,10.1145/3704906,10.1145/3158105,10.1145/3704906,10.1145/3158105,0605577529-06202297467,2025-01-07,included,raw/cs022-references-p0001-opencitations.json.gz
opencitations,CS022,S33,references,doi:10.1145/3704906->doi:10.1145/1007912.1007944,doi:10.1145/3704906,doi:10.1145/1007912.1007944,10.1145/3704906,10.1145/1007912.1007944,10.1145/3704906,10.1145/1007912.1007944,0605577529-062503363126,2025-01-07,included,raw/cs022-references-p0001-opencitations.json.gz
opencitations,CS022,S33,references,doi:10.1145/3704906->doi:10.1007/978-3-030-25543-5_30,doi:10.1145/3704906,doi:10.1007/978-3-030-25543-5_30,10.1145/3704906,10.1007/978-3-030-25543-5_30,10.1145/3704906,10.1007/978-3-030-25543-5_30,0605577529-061102097857,2025-01-07,included,raw/cs022-references-p0001-opencitations.json.gz
opencitations,CS022,S33,references,doi:10.1145/3704906->doi:10.1145/2491956.2462189,doi:10.1145/3704906,doi:10.1145/2491956.2462189,10.1145/3704906,10.1145/2491956.2462189,10.1145/3704906,10.1145/2491956.2462189,0605577529-062402933996,2025-01-07,included,raw/cs022-references-p0001-opencitations.json.gz
opencitations,CS022,S33,references,doi:10.1145/3704906->doi:10.1109/tpds.2004.8,doi:10.1145/3704906,doi:10.1109/tpds.2004.8,10.1145/3704906,10.1109/tpds.2004.8,10.1145/3704906,10.1109/tpds.2004.8,0605577529-061203026926,2025-01-07,included,raw/cs022-references-p0001-opencitations.json.gz
opencitations,CS022,S33,references,doi:10.1145/3704906->doi:10.1007/978-3-030-25540-4_19,doi:10.1145/3704906,doi:10.1007/978-3-030-25540-4_19,10.1145/3704906,10.1007/978-3-030-25540-4_19,10.1145/3704906,10.1007/978-3-030-25540-4_19,0605577529-061102097823,2025-01-07,included,raw/cs022-references-p0001-opencitations.json.gz
opencitations,CS022,S33,references,doi:10.1145/3704906->doi:10.1145/3018743.3018749,doi:10.1145/3704906,doi:10.1145/3018743.3018749,10.1145/3704906,10.1145/3018743.3018749,10.1145/3704906,10.1145/3018743.3018749,0605577529-06701903425,2025-01-07,included,raw/cs022-references-p0001-opencitations.json.gz
opencitations,CS022,S33,references,doi:10.1145/3704906->doi:10.1145/3290373,doi:10.1145/3704906,doi:10.1145/3290373,10.1145/3704906,10.1145/3290373,10.1145/3704906,10.1145/3290373,0605577529-06202297306,2025-01-07,included,raw/cs022-references-p0001-opencitations.json.gz
opencitations,CS022,S33,references,doi:10.1145/3704906->doi:10.1145/2429069.2429099,doi:10.1145/3704906,doi:10.1145/2429069.2429099,10.1145/3704906,10.1145/2429069.2429099,10.1145/3704906,10.1145/2429069.2429099,0605577529-061502962980,2025-01-07,included,raw/cs022-references-p0001-opencitations.json.gz
opencitations,CS022,S33,references,doi:10.1145/3704906->doi:10.1145/1250734.1250737,doi:10.1145/3704906,doi:10.1145/1250734.1250737,10.1145/3704906,10.1145/1250734.1250737,10.1145/3704906,10.1145/1250734.1250737,0605577529-06603674283,2025-01-07,included,raw/cs022-references-p0001-opencitations.json.gz
opencitations,CS022,S33,references,doi:10.1145/3704906->doi:10.1145/3656449,doi:10.1145/3704906,doi:10.1145/3656449,10.1145/3704906,10.1145/3656449,10.1145/3704906,10.1145/3656449,0605577529-062404381167,2025-01-07,included,raw/cs022-references-p0001-opencitations.json.gz
opencitations,CS022,S33,references,doi:10.1145/3704906->doi:10.1145/3571246,doi:10.1145/3704906,doi:10.1145/3571246,10.1145/3704906,10.1145/3571246,10.1145/3704906,10.1145/3571246,0605577529-062203928164,2025-01-07,included,raw/cs022-references-p0001-opencitations.json.gz
opencitations,CS022,S33,references,doi:10.1145/3704906->doi:10.1007/978-3-319-73721-8_9,doi:10.1145/3704906,doi:10.1007/978-3-319-73721-8_9,10.1145/3704906,10.1007/978-3-319-73721-8_9,10.1145/3704906,10.1007/978-3-319-73721-8_9,0605577529-06802501601,2025-01-07,included,raw/cs022-references-p0001-opencitations.json.gz
opencitations,CS022,S33,references,doi:10.1145/3704906->doi:10.1145/2814270.2814297,doi:10.1145/3704906,doi:10.1145/2814270.2814297,10.1145/3704906,10.1145/2814270.2814297,10.1145/3704906,10.1145/2814270.2814297,0605577529-062502507930,2025-01-07,included,raw/cs022-references-p0001-opencitations.json.gz
opencitations,CS022,S33,references,doi:10.1145/3704906->doi:10.1145/3498711,doi:10.1145/3704906,doi:10.1145/3498711,10.1145/3704906,10.1145/3498711,10.1145/3704906,10.1145/3498711,0605577529-06202296721,2025-01-07,included,raw/cs022-references-p0001-opencitations.json.gz
opencitations,CS022,S33,references,doi:10.1145/3704906->doi:10.1016/j.scico.2005.03.007,doi:10.1145/3704906,doi:10.1016/j.scico.2005.03.007,10.1145/3704906,10.1016/j.scico.2005.03.007,10.1145/3704906,10.1016/j.scico.2005.03.007,0605577529-06250453248,2025-01-07,included,raw/cs022-references-p0001-opencitations.json.gz
opencitations,CS022,S33,references,doi:10.1145/3704906->doi:10.1145/3314221.3314609,doi:10.1145/3704906,doi:10.1145/3314221.3314609,10.1145/3704906,10.1145/3314221.3314609,10.1145/3704906,10.1145/3314221.3314609,0605577529-062602316838,2025-01-07,included,raw/cs022-references-p0001-opencitations.json.gz
opencitations,CS022,S33,references,doi:10.1145/3704906->doi:10.1145/2676726.2676963,doi:10.1145/3704906,doi:10.1145/2676726.2676963,10.1145/3704906,10.1145/2676726.2676963,10.1145/3704906,10.1145/2676726.2676963,0605577529-06801943243,2025-01-07,included,raw/cs022-references-p0001-opencitations.json.gz
opencitations,CS022,S33,references,doi:10.1145/3704906->doi:10.1145/2509136.2509514,doi:10.1145/3704906,doi:10.1145/2509136.2509514,10.1145/3704906,10.1145/2509136.2509514,10.1145/3704906,10.1145/2509136.2509514,0605577529-06803332181,2025-01-07,included,raw/cs022-references-p0001-opencitations.json.gz
opencitations,CS022,S33,references,doi:10.1145/3704906->doi:10.1007/978-3-031-37706-8_12,doi:10.1145/3704906,doi:10.1007/978-3-031-37706-8_12,10.1145/3704906,10.1007/978-3-031-37706-8_12,10.1145/3704906,10.1007/978-3-031-37706-8_12,0605577529-062603979016,2025-01-07,included,raw/cs022-references-p0001-opencitations.json.gz
opencitations,CS022,S33,references,doi:10.1145/3704906->doi:10.1145/564870.564881,doi:10.1145/3704906,doi:10.1145/564870.564881,10.1145/3704906,10.1145/564870.564881,10.1145/3704906,10.1145/564870.564881,0605577529-06402051896,2025-01-07,included,raw/cs022-references-p0001-opencitations.json.gz
opencitations,CS022,S33,references,doi:10.1145/3704906->doi:10.1145/3485541,doi:10.1145/3704906,doi:10.1145/3485541,10.1145/3704906,10.1145/3485541,10.1145/3704906,10.1145/3485541,0605577529-06202296771,2025-01-07,included,raw/cs022-references-p0001-opencitations.json.gz
opencitations,CS022,S33,references,doi:10.1145/3704906->doi:10.1007/978-3-642-40184-8_18,doi:10.1145/3704906,doi:10.1007/978-3-642-40184-8_18,10.1145/3704906,10.1007/978-3-642-40184-8_18,10.1145/3704906,10.1007/978-3-642-40184-8_18,0605577529-062102665341,2025-01-07,included,raw/cs022-references-p0001-opencitations.json.gz
opencitations,CS022,S33,references,doi:10.1145/3704906->doi:10.1145/3445814.3446748,doi:10.1145/3704906,doi:10.1145/3445814.3446748,10.1145/3704906,10.1145/3445814.3446748,10.1145/3704906,10.1145/3445814.3446748,0605577529-061103183070,2025-01-07,included,raw/cs022-references-p0001-opencitations.json.gz
opencitations,CS022,S33,references,doi:10.1145/3704906->doi:10.1145/1835698.1835722,doi:10.1145/3704906,doi:10.1145/1835698.1835722,10.1145/3704906,10.1145/1835698.1835722,10.1145/3704906,10.1145/1835698.1835722,0605577529-061703185906,2025-01-07,included,raw/cs022-references-p0001-opencitations.json.gz
opencitations,CS022,S33,references,doi:10.1145/3704906->doi:10.1145/3062341.3062352,doi:10.1145/3704906,doi:10.1145/3062341.3062352,10.1145/3704906,10.1145/3062341.3062352,10.1145/3704906,10.1145/3062341.3062352,0605577529-06801863793,2025-01-07,included,raw/cs022-references-p0001-opencitations.json.gz
opencitations,CS022,S33,references,doi:10.1145/3704906->doi:10.1007/978-3-662-46681-0_28,doi:10.1145/3704906,doi:10.1007/978-3-662-46681-0_28,10.1145/3704906,10.1007/978-3-662-46681-0_28,10.1145/3704906,10.1007/978-3-662-46681-0_28,0605577529-062402612861,2025-01-07,included,raw/cs022-references-p0001-opencitations.json.gz
opencitations,CS022,S33,references,doi:10.1145/3704906->doi:10.1007/978-3-319-48989-6_26,doi:10.1145/3704906,doi:10.1007/978-3-319-48989-6_26,10.1145/3704906,10.1007/978-3-319-48989-6_26,10.1145/3704906,10.1007/978-3-319-48989-6_26,0605577529-06602804397,2025-01-07,included,raw/cs022-references-p0001-opencitations.json.gz
opencitations,CS022,S33,references,doi:10.1145/3704906->doi:10.1007/978-3-030-81685-8_20,doi:10.1145/3704906,doi:10.1007/978-3-030-81685-8_20,10.1145/3704906,10.1007/978-3-030-81685-8_20,10.1145/3704906,10.1007/978-3-030-81685-8_20,0605577529-06702106984,2025-01-07,included,raw/cs022-references-p0001-opencitations.json.gz
opencitations,CS022,S33,references,doi:10.1145/3704906->doi:10.1007/978-3-642-28869-2_5,doi:10.1145/3704906,doi:10.1007/978-3-642-28869-2_5,10.1145/3704906,10.1007/978-3-642-28869-2_5,10.1145/3704906,10.1007/978-3-642-28869-2_5,0605577529-06203136104,2025-01-07,included,raw/cs022-references-p0001-opencitations.json.gz
opencitations,CS022,S33,references,doi:10.1145/3704906->doi:10.1145/1926385.1926394,doi:10.1145/3704906,doi:10.1145/1926385.1926394,10.1145/3704906,10.1145/1926385.1926394,10.1145/3704906,10.1145/1926385.1926394,0605577529-061503155181,2025-01-07,included,raw/cs022-references-p0001-opencitations.json.gz
opencitations,CS022,S33,references,doi:10.1145/3704906->doi:10.1145/3290381,doi:10.1145/3704906,doi:10.1145/3290381,10.1145/3704906,10.1145/3290381,10.1145/3704906,10.1145/3290381,0605577529-06202297318,2025-01-07,included,raw/cs022-references-p0001-opencitations.json.gz
opencitations,CS022,S33,references,doi:10.1145/3704906->doi:10.1007/978-3-540-24730-2_15,doi:10.1145/3704906,doi:10.1007/978-3-540-24730-2_15,10.1145/3704906,10.1007/978-3-540-24730-2_15,10.1145/3704906,10.1007/978-3-540-24730-2_15,0605577529-061602811444,2025-01-07,included,raw/cs022-references-p0001-opencitations.json.gz
opencitations,CS022,S33,references,doi:10.1145/3704906->doi:10.1007/978-3-642-36742-7_23,doi:10.1145/3704906,doi:10.1007/978-3-642-36742-7_23,10.1145/3704906,10.1007/978-3-642-36742-7_23,10.1145/3704906,10.1007/978-3-642-36742-7_23,0605577529-061302718148,2025-01-07,included,raw/cs022-references-p0001-opencitations.json.gz
opencitations,CS022,S33,references,doi:10.1145/3704906->doi:10.1145/1806596.1806634,doi:10.1145/3704906,doi:10.1145/1806596.1806634,10.1145/3704906,10.1145/1806596.1806634,10.1145/3704906,10.1145/1806596.1806634,0605577529-061103187976,2025-01-07,included,raw/cs022-references-p0001-opencitations.json.gz
opencitations,CS022,S33,references,doi:10.1145/3704906->doi:10.1007/11817963_45,doi:10.1145/3704906,doi:10.1007/11817963_45,10.1145/3704906,10.1007/11817963_45,10.1145/3704906,10.1007/11817963_45,0605577529-06703520810,2025-01-07,included,raw/cs022-references-p0001-opencitations.json.gz
opencitations,CS022,S33,references,doi:10.1145/3704906->doi:10.5281/zenodo.13992580,doi:10.1145/3704906,doi:10.5281/zenodo.13992580,10.1145/3704906,10.5281/zenodo.13992580,10.1145/3704906,10.5281/zenodo.13992580,0605577529-0606178622,2025-01-07,included,raw/cs022-references-p0001-opencitations.json.gz
opencitations,CS022,S33,references,doi:10.1145/3704906->doi:10.1145/78969.78972,doi:10.1145/3704906,doi:10.1145/78969.78972,10.1145/3704906,10.1145/78969.78972,10.1145/3704906,10.1145/78969.78972,0605577529-06702614122,2025-01-07,included,raw/cs022-references-p0001-opencitations.json.gz
opencitations,CS022,S33,citations,doi:10.1145/3763123->doi:10.1145/3704906,doi:10.1145/3763123,doi:10.1145/3704906,10.1145/3763123,10.1145/3704906,10.1145/3763123,10.1145/3704906,06014938276-0605577529,2025-10-09,included,raw/cs022-citations-p0001-opencitations.json.gz
opencitations,CS022,S33,citations,doi:10.1145/3776713->doi:10.1145/3704906,doi:10.1145/3776713,doi:10.1145/3704906,10.1145/3776713,10.1145/3704906,10.1145/3776713,10.1145/3704906,06013472397-0605577529,2026-01-08,included,raw/cs022-citations-p0001-opencitations.json.gz
opencitations,CS024,A29,references,doi:10.1007/978-3-540-75292-9_9->doi:10.1007/978-1-4419-8528-6,doi:10.1007/978-3-540-75292-9_9,doi:10.1007/978-1-4419-8528-6,10.1007/978-3-540-75292-9_9,10.1007/978-1-4419-8528-6,10.1007/978-3-540-75292-9_9,10.1007/978-1-4419-8528-6,061903119237-0617055375,,included,raw/cs024-references-p0001-opencitations.json.gz
opencitations,CS024,A29,references,doi:10.1007/978-3-540-75292-9_9->doi:10.1109/icdcs.2003.1203503,doi:10.1007/978-3-540-75292-9_9,doi:10.1109/icdcs.2003.1203503,10.1007/978-3-540-75292-9_9,10.1109/icdcs.2003.1203503,10.1007/978-3-540-75292-9_9,10.1109/icdcs.2003.1203503,061903119237-061603385517,,included,raw/cs024-references-p0001-opencitations.json.gz
opencitations,CS024,A29,references,doi:10.1007/978-3-540-75292-9_9->doi:10.1007/978-1-4612-0931-7,doi:10.1007/978-3-540-75292-9_9,doi:10.1007/978-1-4612-0931-7,10.1007/978-3-540-75292-9_9,10.1007/978-1-4612-0931-7,10.1007/978-3-540-75292-9_9,10.1007/978-1-4612-0931-7,061903119237-0625056328,,included,raw/cs024-references-p0001-opencitations.json.gz
opencitations,CS024,A29,references,doi:10.1007/978-3-540-75292-9_9->doi:10.1145/259380.259442,doi:10.1007/978-3-540-75292-9_9,doi:10.1145/259380.259442,10.1007/978-3-540-75292-9_9,10.1145/259380.259442,10.1007/978-3-540-75292-9_9,10.1145/259380.259442,061903119237-06603798536,,included,raw/cs024-references-p0001-opencitations.json.gz
opencitations,CS024,A29,references,doi:10.1007/978-3-540-75292-9_9->doi:10.1007/11817963_44,doi:10.1007/978-3-540-75292-9_9,doi:10.1007/11817963_44,10.1007/978-3-540-75292-9_9,10.1007/11817963_44,10.1007/978-3-540-75292-9_9,10.1007/11817963_44,061903119237-06703520820,,included,raw/cs024-references-p0001-opencitations.json.gz
opencitations,CS024,A29,references,doi:10.1007/978-3-540-75292-9_9->doi:10.1007/11901433_16,doi:10.1007/978-3-540-75292-9_9,doi:10.1007/11901433_16,10.1007/978-3-540-75292-9_9,10.1007/11901433_16,10.1007/978-3-540-75292-9_9,10.1007/11901433_16,061903119237-06303555666,,included,raw/cs024-references-p0001-opencitations.json.gz
opencitations,CS024,A29,references,doi:10.1007/978-3-540-75292-9_9->doi:10.1016/j.ic.2006.10.003,doi:10.1007/978-3-540-75292-9_9,doi:10.1016/j.ic.2006.10.003,10.1007/978-3-540-75292-9_9,10.1016/j.ic.2006.10.003,10.1007/978-3-540-75292-9_9,10.1016/j.ic.2006.10.003,061903119237-06601424264,,included,raw/cs024-references-p0001-opencitations.json.gz
opencitations,CS024,A29,references,doi:10.1007/978-3-540-75292-9_9->doi:10.1109/iceccs.2005.49,doi:10.1007/978-3-540-75292-9_9,doi:10.1109/iceccs.2005.49,10.1007/978-3-540-75292-9_9,10.1109/iceccs.2005.49,10.1007/978-3-540-75292-9_9,10.1109/iceccs.2005.49,061903119237-061803355988,,included,raw/cs024-references-p0001-opencitations.json.gz
opencitations,CS024,A29,references,doi:10.1007/978-3-540-75292-9_9->doi:10.1109/tpds.2004.8,doi:10.1007/978-3-540-75292-9_9,doi:10.1109/tpds.2004.8,10.1007/978-3-540-75292-9_9,10.1109/tpds.2004.8,10.1007/978-3-540-75292-9_9,10.1109/tpds.2004.8,061903119237-061203026926,,included,raw/cs024-references-p0001-opencitations.json.gz
opencitations,CS024,A29,references,doi:10.1007/978-3-540-75292-9_9->doi:10.1007/978-1-4757-3837-7,doi:10.1007/978-3-540-75292-9_9,doi:10.1007/978-1-4757-3837-7,10.1007/978-3-540-75292-9_9,10.1007/978-1-4757-3837-7,10.1007/978-3-540-75292-9_9,10.1007/978-1-4757-3837-7,061903119237-0616057553,,included,raw/cs024-references-p0001-opencitations.json.gz
opencitations,CS024,A29,references,doi:10.1007/978-3-540-75292-9_9->doi:10.1007/11783596_11,doi:10.1007/978-3-540-75292-9_9,doi:10.1007/11783596_11,10.1007/978-3-540-75292-9_9,10.1007/11783596_11,10.1007/978-3-540-75292-9_9,10.1007/11783596_11,061903119237-061703129803,,included,raw/cs024-references-p0001-opencitations.json.gz
opencitations,CS024,A29,references,doi:10.1007/978-3-540-75292-9_9->doi:10.1006/jpdc.1998.1446,doi:10.1007/978-3-540-75292-9_9,doi:10.1006/jpdc.1998.1446,10.1007/978-3-540-75292-9_9,10.1006/jpdc.1998.1446,10.1007/978-3-540-75292-9_9,10.1006/jpdc.1998.1446,061903119237-062303039323,,included,raw/cs024-references-p0001-opencitations.json.gz
opencitations,CS024,A29,references,doi:10.1007/978-3-540-75292-9_9->doi:10.1007/s00165-007-0037-4,doi:10.1007/978-3-540-75292-9_9,doi:10.1007/s00165-007-0037-4,10.1007/978-3-540-75292-9_9,10.1007/s00165-007-0037-4,10.1007/978-3-540-75292-9_9,10.1007/s00165-007-0037-4,061903119237-062201750001,,included,raw/cs024-references-p0001-opencitations.json.gz
opencitations,CS024,A29,references,doi:10.1007/978-3-540-75292-9_9->doi:10.1016/j.entcs.2005.04.026,doi:10.1007/978-3-540-75292-9_9,doi:10.1016/j.entcs.2005.04.026,10.1007/978-3-540-75292-9_9,10.1016/j.entcs.2005.04.026,10.1007/978-3-540-75292-9_9,10.1016/j.entcs.2005.04.026,061903119237-06901456981,,included,raw/cs024-references-p0001-opencitations.json.gz
opencitations,CS024,A29,references,doi:10.1007/978-3-540-75292-9_9->doi:10.1007/3-540-36108-1_23,doi:10.1007/978-3-540-75292-9_9,doi:10.1007/3-540-36108-1_23,10.1007/978-3-540-75292-9_9,10.1007/3-540-36108-1_23,10.1007/978-3-540-75292-9_9,10.1007/3-540-36108-1_23,061903119237-06203526492,,included,raw/cs024-references-p0001-opencitations.json.gz
opencitations,CS024,A29,references,doi:10.1007/978-3-540-75292-9_9->doi:10.1007/3-540-61474-5_91,doi:10.1007/978-3-540-75292-9_9,doi:10.1007/3-540-61474-5_91,10.1007/978-3-540-75292-9_9,10.1007/3-540-61474-5_91,10.1007/978-3-540-75292-9_9,10.1007/3-540-61474-5_91,061903119237-061502827509,,included,raw/cs024-references-p0001-opencitations.json.gz
opencitations,CS024,A29,references,doi:10.1007/978-3-540-75292-9_9->doi:10.1007/978-3-540-30232-2_7,doi:10.1007/978-3-540-75292-9_9,doi:10.1007/978-3-540-30232-2_7,10.1007/978-3-540-75292-9_9,10.1007/978-3-540-30232-2_7,10.1007/978-3-540-75292-9_9,10.1007/978-3-540-30232-2_7,061903119237-06303043890,,included,raw/cs024-references-p0001-opencitations.json.gz
opencitations,CS024,A29,references,doi:10.1007/978-3-540-75292-9_9->doi:10.1093/logcom/6.3.343,doi:10.1007/978-3-540-75292-9_9,doi:10.1093/logcom/6.3.343,10.1007/978-3-540-75292-9_9,10.1093/logcom/6.3.343,10.1007/978-3-540-75292-9_9,10.1093/logcom/6.3.343,061903119237-06403754674,,included,raw/cs024-references-p0001-opencitations.json.gz
opencitations,CS024,A29,citations,doi:10.1109/lics.2013.18->doi:10.1007/978-3-540-75292-9_9,doi:10.1109/lics.2013.18,doi:10.1007/978-3-540-75292-9_9,10.1109/lics.2013.18,10.1007/978-3-540-75292-9_9,10.1109/lics.2013.18,10.1007/978-3-540-75292-9_9,06803346172-061903119237,2013-06,included,raw/cs024-citations-p0001-opencitations.json.gz
opencitations,CS024,A29,citations,doi:10.1145/2676724.2693179->doi:10.1007/978-3-540-75292-9_9,doi:10.1145/2676724.2693179,doi:10.1007/978-3-540-75292-9_9,10.1145/2676724.2693179,10.1007/978-3-540-75292-9_9,10.1145/2676724.2693179,10.1007/978-3-540-75292-9_9,061102557921-061903119237,2015-01-13,included,raw/cs024-citations-p0001-opencitations.json.gz
opencitations,CS024,A29,citations,doi:10.1007/978-3-642-13321-3_21->doi:10.1007/978-3-540-75292-9_9,doi:10.1007/978-3-642-13321-3_21,doi:10.1007/978-3-540-75292-9_9,10.1007/978-3-642-13321-3_21,10.1007/978-3-540-75292-9_9,10.1007/978-3-642-13321-3_21,10.1007/978-3-540-75292-9_9,061303017499-061903119237,2010,included,raw/cs024-citations-p0001-opencitations.json.gz
opencitations,CS025,A30,references,doi:10.1016/j.scico.2008.09.013->doi:10.1145/259380.259442,doi:10.1016/j.scico.2008.09.013,doi:10.1145/259380.259442,10.1016/j.scico.2008.09.013,10.1145/259380.259442,10.1016/j.scico.2008.09.013,10.1145/259380.259442,06250453036-06603798536,2009-01,included,raw/cs025-references-p0001-opencitations.json.gz
opencitations,CS025,A30,references,doi:10.1016/j.scico.2008.09.013->doi:10.1016/j.ic.2006.10.003,doi:10.1016/j.scico.2008.09.013,doi:10.1016/j.ic.2006.10.003,10.1016/j.scico.2008.09.013,10.1016/j.ic.2006.10.003,10.1016/j.scico.2008.09.013,10.1016/j.ic.2006.10.003,06250453036-06601424264,2009-01,included,raw/cs025-references-p0001-opencitations.json.gz
opencitations,CS025,A30,references,doi:10.1016/j.scico.2008.09.013->doi:10.1006/jpdc.1998.1446,doi:10.1016/j.scico.2008.09.013,doi:10.1006/jpdc.1998.1446,10.1016/j.scico.2008.09.013,10.1006/jpdc.1998.1446,10.1016/j.scico.2008.09.013,10.1006/jpdc.1998.1446,06250453036-062303039323,2009-01,included,raw/cs025-references-p0001-opencitations.json.gz
opencitations,CS025,A30,references,doi:10.1016/j.scico.2008.09.013->doi:10.1093/logcom/6.3.343,doi:10.1016/j.scico.2008.09.013,doi:10.1093/logcom/6.3.343,10.1016/j.scico.2008.09.013,10.1093/logcom/6.3.343,10.1016/j.scico.2008.09.013,10.1093/logcom/6.3.343,06250453036-06403754674,2009-01,included,raw/cs025-references-p0001-opencitations.json.gz
opencitations,CS025,A30,references,doi:10.1016/j.scico.2008.09.013->doi:10.1145/78969.78972,doi:10.1016/j.scico.2008.09.013,doi:10.1145/78969.78972,10.1016/j.scico.2008.09.013,10.1145/78969.78972,10.1016/j.scico.2008.09.013,10.1145/78969.78972,06250453036-06702614122,2009-01,included,raw/cs025-references-p0001-opencitations.json.gz
opencitations,CS025,A30,citations,doi:10.1109/lics.2013.18->doi:10.1016/j.scico.2008.09.013,doi:10.1109/lics.2013.18,doi:10.1016/j.scico.2008.09.013,10.1109/lics.2013.18,10.1016/j.scico.2008.09.013,10.1109/lics.2013.18,10.1016/j.scico.2008.09.013,06803346172-06250453036,2013-06,included,raw/cs025-citations-p0001-opencitations.json.gz
opencitations,CS025,A30,citations,doi:10.1145/2676724.2693179->doi:10.1016/j.scico.2008.09.013,doi:10.1145/2676724.2693179,doi:10.1016/j.scico.2008.09.013,10.1145/2676724.2693179,10.1016/j.scico.2008.09.013,10.1145/2676724.2693179,10.1016/j.scico.2008.09.013,061102557921-06250453036,2015-01-13,included,raw/cs025-citations-p0001-opencitations.json.gz
opencitations,CS025,A30,citations,doi:10.1145/3763077->doi:10.1016/j.scico.2008.09.013,doi:10.1145/3763077,doi:10.1016/j.scico.2008.09.013,10.1145/3763077,10.1016/j.scico.2008.09.013,10.1145/3763077,10.1016/j.scico.2008.09.013,06013467727-06250453036,2025-10-09,included,raw/cs025-citations-p0001-opencitations.json.gz
opencitations,CS025,A30,citations,doi:10.1109/acsd.2009.10->doi:10.1016/j.scico.2008.09.013,doi:10.1109/acsd.2009.10,doi:10.1016/j.scico.2008.09.013,10.1109/acsd.2009.10,10.1016/j.scico.2008.09.013,10.1109/acsd.2009.10,10.1016/j.scico.2008.09.013,06502008145-06250453036,2009-07,included,raw/cs025-citations-p0001-opencitations.json.gz
opencitations,CS025,A30,citations,doi:10.1007/978-3-642-13321-3_21->doi:10.1016/j.scico.2008.09.013,doi:10.1007/978-3-642-13321-3_21,doi:10.1016/j.scico.2008.09.013,10.1007/978-3-642-13321-3_21,10.1016/j.scico.2008.09.013,10.1007/978-3-642-13321-3_21,10.1016/j.scico.2008.09.013,061303017499-06250453036,2010,included,raw/cs025-citations-p0001-opencitations.json.gz
opencitations,CS025,A30,citations,doi:10.1016/j.jpdc.2010.06.006->doi:10.1016/j.scico.2008.09.013,doi:10.1016/j.jpdc.2010.06.006,doi:10.1016/j.scico.2008.09.013,10.1016/j.jpdc.2010.06.006,10.1016/j.scico.2008.09.013,10.1016/j.jpdc.2010.06.006,10.1016/j.scico.2008.09.013,062103033254-06250453036,2010-10,included,raw/cs025-citations-p0001-opencitations.json.gz
opencitations,CS025,A30,citations,doi:10.1145/3555776.3577636->doi:10.1016/j.scico.2008.09.013,doi:10.1145/3555776.3577636,doi:10.1016/j.scico.2008.09.013,10.1145/3555776.3577636,10.1016/j.scico.2008.09.013,10.1145/3555776.3577636,10.1016/j.scico.2008.09.013,061403834808-06250453036,2023-03-27,included,raw/cs025-citations-p0001-opencitations.json.gz
opencitations,CS026,S27,references,doi:10.1145/3622820->doi:10.1017/s0956796818000151,doi:10.1145/3622820,doi:10.1017/s0956796818000151,10.1145/3622820,10.1017/s0956796818000151,10.1145/3622820,10.1017/s0956796818000151,061204288022-061902665994,,included,raw/cs026-references-p0001-opencitations.json.gz
opencitations,CS026,S27,references,doi:10.1145/3622820->doi:10.1145/3341301.3359632,doi:10.1145/3622820,doi:10.1145/3341301.3359632,10.1145/3622820,10.1145/3341301.3359632,10.1145/3622820,10.1145/3341301.3359632,061204288022-062402269520,,included,raw/cs026-references-p0001-opencitations.json.gz
opencitations,CS026,S27,references,doi:10.1145/3622820->doi:10.1145/3178487.3178490,doi:10.1145/3622820,doi:10.1145/3178487.3178490,10.1145/3622820,10.1145/3178487.3178490,10.1145/3622820,10.1145/3178487.3178490,061204288022-06501968603,,included,raw/cs026-references-p0001-opencitations.json.gz
opencitations,CS026,S27,references,doi:10.1145/3622820->doi:10.1145/1950365.1950379,doi:10.1145/3622820,doi:10.1145/1950365.1950379,10.1145/3622820,10.1145/1950365.1950379,10.1145/3622820,10.1145/1950365.1950379,061204288022-06503576837,,included,raw/cs026-references-p0001-opencitations.json.gz
opencitations,CS026,S27,references,doi:10.1145/3622820->doi:10.1145/3385412.3386031,doi:10.1145/3622820,doi:10.1145/3385412.3386031,10.1145/3622820,10.1145/3385412.3386031,10.1145/3622820,10.1145/3385412.3386031,061204288022-06702087771,,included,raw/cs026-references-p0001-opencitations.json.gz
opencitations,CS026,S27,references,doi:10.1145/3622820->doi:10.1145/2660193.2660243,doi:10.1145/3622820,doi:10.1145/2660193.2660243,10.1145/3622820,10.1145/2660193.2660243,10.1145/3622820,10.1145/2660193.2660243,061204288022-06402985784,,included,raw/cs026-references-p0001-opencitations.json.gz
opencitations,CS026,S27,references,doi:10.1145/3622820->doi:10.1007/978-3-030-99336-8_9,doi:10.1145/3622820,doi:10.1007/978-3-030-99336-8_9,10.1145/3622820,10.1007/978-3-030-99336-8_9,10.1145/3622820,10.1007/978-3-030-99336-8_9,061204288022-062301471164,,included,raw/cs026-references-p0001-opencitations.json.gz
opencitations,CS026,S27,references,doi:10.1145/3622820->doi:10.1145/3434328,doi:10.1145/3622820,doi:10.1145/3434328,10.1145/3622820,10.1145/3434328,10.1145/3622820,10.1145/3434328,061204288022-06202296851,,included,raw/cs026-references-p0001-opencitations.json.gz
opencitations,CS026,S27,references,doi:10.1145/3622820->doi:10.1145/3371102,doi:10.1145/3622820,doi:10.1145/3371102,10.1145/3622820,10.1145/3371102,10.1145/3622820,10.1145/3371102,061204288022-06202297114,,included,raw/cs026-references-p0001-opencitations.json.gz
opencitations,CS026,S27,references,doi:10.1145/3622820->doi:10.4230/lipics.disc.2021.14,doi:10.1145/3622820,doi:10.4230/lipics.disc.2021.14,10.1145/3622820,10.4230/lipics.disc.2021.14,10.1145/3622820,10.4230/lipics.disc.2021.14,061204288022-060573,,included,raw/cs026-references-p0001-opencitations.json.gz
opencitations,CS026,S27,references,doi:10.1145/3622820->doi:10.1145/3473571,doi:10.1145/3622820,doi:10.1145/3473571,10.1145/3622820,10.1145/3473571,10.1145/3622820,10.1145/3473571,061204288022-06202296820,,included,raw/cs026-references-p0001-opencitations.json.gz
opencitations,CS026,S27,references,doi:10.1145/3622820->doi:10.1145/3428219,doi:10.1145/3622820,doi:10.1145/3428219,10.1145/3622820,10.1145/3428219,10.1145/3622820,10.1145/3428219,061204288022-06202296913,,included,raw/cs026-references-p0001-opencitations.json.gz
opencitations,CS026,S27,references,doi:10.1145/3622820->doi:10.1145/3373376.3378515,doi:10.1145/3622820,doi:10.1145/3373376.3378515,10.1145/3622820,10.1145/3373376.3378515,10.1145/3622820,10.1145/3373376.3378515,061204288022-06302641863,,included,raw/cs026-references-p0001-opencitations.json.gz
opencitations,CS026,S27,references,doi:10.1145/3622820->doi:10.5281/zenodo.8314888,doi:10.1145/3622820,doi:10.5281/zenodo.8314888,10.1145/3622820,10.5281/zenodo.8314888,10.1145/3622820,10.5281/zenodo.8314888,061204288022-06012131206,,included,raw/cs026-references-p0001-opencitations.json.gz
opencitations,CS026,S27,references,doi:10.1145/3622820->doi:10.4230/lipics.ecoop.2017.17,doi:10.1145/3622820,doi:10.4230/lipics.ecoop.2017.17,10.1145/3622820,10.4230/lipics.ecoop.2017.17,10.1145/3622820,10.4230/lipics.ecoop.2017.17,061204288022-062503561954,,included,raw/cs026-references-p0001-opencitations.json.gz
opencitations,CS026,S27,references,doi:10.1145/3622820->doi:10.1145/3360561,doi:10.1145/3622820,doi:10.1145/3360561,10.1145/3622820,10.1145/3360561,10.1145/3622820,10.1145/3360561,061204288022-06202297185,,included,raw/cs026-references-p0001-opencitations.json.gz
opencitations,CS026,S27,references,doi:10.1145/3622820->doi:10.1145/3519939.3523451,doi:10.1145/3622820,doi:10.1145/3519939.3523451,10.1145/3622820,10.1145/3519939.3523451,10.1145/3622820,10.1145/3519939.3523451,061204288022-061502954671,,included,raw/cs026-references-p0001-opencitations.json.gz
opencitations,CS026,S27,references,doi:10.1145/3622820->doi:10.1145/3437801.3441586,doi:10.1145/3622820,doi:10.1145/3437801.3441586,10.1145/3622820,10.1145/3437801.3441586,10.1145/3622820,10.1145/3437801.3441586,061204288022-061903247606,,included,raw/cs026-references-p0001-opencitations.json.gz
opencitations,CS026,S27,references,doi:10.1145/3622820->doi:10.1145/3381898.3397212,doi:10.1145/3622820,doi:10.1145/3381898.3397212,10.1145/3622820,10.1145/3381898.3397212,10.1145/3622820,10.1145/3381898.3397212,061204288022-06102122446,,included,raw/cs026-references-p0001-opencitations.json.gz
opencitations,CS026,S27,references,doi:10.1145/3622820->doi:10.1145/2509136.2509532,doi:10.1145/3622820,doi:10.1145/2509136.2509532,10.1145/3622820,10.1145/2509136.2509532,10.1145/3622820,10.1145/2509136.2509532,061204288022-06303346490,,included,raw/cs026-references-p0001-opencitations.json.gz
opencitations,CS026,S27,references,doi:10.1145/3622820->doi:10.1007/978-3-662-49122-5_20,doi:10.1145/3622820,doi:10.1007/978-3-662-49122-5_20,10.1145/3622820,10.1007/978-3-662-49122-5_20,10.1145/3622820,10.1007/978-3-662-49122-5_20,061204288022-06502603578,,included,raw/cs026-references-p0001-opencitations.json.gz
opencitations,CS026,S27,references,doi:10.1145/3622820->doi:10.1145/3371079,doi:10.1145/3622820,doi:10.1145/3371079,10.1145/3622820,10.1145/3371079,10.1145/3622820,10.1145/3371079,061204288022-06202297101,,included,raw/cs026-references-p0001-opencitations.json.gz
opencitations,CS026,S27,references,doi:10.1145/3622820->doi:10.1109/isca.2014.6853222,doi:10.1145/3622820,doi:10.1109/isca.2014.6853222,10.1145/3622820,10.1109/isca.2014.6853222,10.1145/3622820,10.1109/isca.2014.6853222,061204288022-062202555417,,included,raw/cs026-references-p0001-opencitations.json.gz
opencitations,CS026,S27,references,doi:10.1145/3622820->doi:10.1145/3009837.3009855,doi:10.1145/3622820,doi:10.1145/3009837.3009855,10.1145/3622820,10.1145/3009837.3009855,10.1145/3622820,10.1145/3009837.3009855,061204288022-061502479223,,included,raw/cs026-references-p0001-opencitations.json.gz
opencitations,CS026,S27,references,doi:10.1145/3622820->doi:10.1145/3453483.3454027,doi:10.1145/3622820,doi:10.1145/3453483.3454027,10.1145/3622820,10.1145/3453483.3454027,10.1145/3622820,10.1145/3453483.3454027,061204288022-061102983759,,included,raw/cs026-references-p0001-opencitations.json.gz
opencitations,CS026,S27,references,doi:10.1145/3622820->doi:10.1007/978-3-662-53426-7_23,doi:10.1145/3622820,doi:10.1007/978-3-662-53426-7_23,10.1145/3622820,10.1007/978-3-662-53426-7_23,10.1145/3622820,10.1007/978-3-662-53426-7_23,061204288022-06802460163,,included,raw/cs026-references-p0001-opencitations.json.gz
opencitations,CS026,S27,citations,doi:10.1145/3703595.3705876->doi:10.1145/3622820,doi:10.1145/3703595.3705876,doi:10.1145/3622820,10.1145/3703595.3705876,10.1145/3622820,10.1145/3703595.3705876,10.1145/3622820,0606577601-061204288022,2025-01-10,included,raw/cs026-citations-p0001-opencitations.json.gz
opencitations,CS026,S27,citations,doi:10.1007/978-3-031-71162-6_27->doi:10.1145/3622820,doi:10.1007/978-3-031-71162-6_27,doi:10.1145/3622820,10.1007/978-3-031-71162-6_27,10.1145/3622820,10.1007/978-3-031-71162-6_27,10.1145/3622820,06270614660-061204288022,2024-09-11,included,raw/cs026-citations-p0001-opencitations.json.gz
opencitations,CS026,S27,citations,doi:10.1145/3786762->doi:10.1145/3622820,doi:10.1145/3786762,doi:10.1145/3622820,10.1145/3786762,10.1145/3622820,10.1145/3786762,10.1145/3622820,06013427268-061204288022,2026-01-19,included,raw/cs026-citations-p0001-opencitations.json.gz
opencitations,CS026,S27,citations,doi:10.1007/978-3-031-91118-7_3->doi:10.1145/3622820,doi:10.1007/978-3-031-91118-7_3,doi:10.1145/3622820,10.1007/978-3-031-91118-7_3,10.1145/3622820,10.1007/978-3-031-91118-7_3,10.1145/3622820,0609635992-061204288022,2025,included,raw/cs026-citations-p0001-opencitations.json.gz
opencitations,CS026,S27,citations,doi:10.1007/s10703-024-00462-1->doi:10.1145/3622820,doi:10.1007/s10703-024-00462-1,doi:10.1145/3622820,10.1007/s10703-024-00462-1,10.1145/3622820,10.1007/s10703-024-00462-1,10.1145/3622820,06280630324-061204288022,2024-07-31,included,raw/cs026-citations-p0001-opencitations.json.gz
opencitations,CS026,S27,citations,doi:10.1145/3763077->doi:10.1145/3622820,doi:10.1145/3763077,doi:10.1145/3622820,10.1145/3763077,10.1145/3622820,10.1145/3763077,10.1145/3622820,06013467727-061204288022,2025-10-09,included,raw/cs026-citations-p0001-opencitations.json.gz
opencitations,CS027,S38,references,doi:10.1007/978-3-540-68863-1_6->doi:10.1007/978-94-017-0435-9_1,doi:10.1007/978-3-540-68863-1_6,doi:10.1007/978-94-017-0435-9_1,10.1007/978-3-540-68863-1_6,10.1007/978-94-017-0435-9_1,10.1007/978-3-540-68863-1_6,10.1007/978-94-017-0435-9_1,061403097756-061102743313,2008,included,raw/cs027-references-p0001-opencitations.json.gz
opencitations,CS027,S38,references,doi:10.1007/978-3-540-68863-1_6->doi:10.1016/j.entcs.2006.08.044,doi:10.1007/978-3-540-68863-1_6,doi:10.1016/j.entcs.2006.08.044,10.1007/978-3-540-68863-1_6,10.1016/j.entcs.2006.08.044,10.1007/978-3-540-68863-1_6,10.1016/j.entcs.2006.08.044,061403097756-06801442277,2008,included,raw/cs027-references-p0001-opencitations.json.gz
opencitations,CS027,S38,references,doi:10.1007/978-3-540-68863-1_6->doi:10.1007/978-1-4471-0257-1,doi:10.1007/978-3-540-68863-1_6,doi:10.1007/978-1-4471-0257-1,10.1007/978-3-540-68863-1_6,10.1007/978-1-4471-0257-1,10.1007/978-3-540-68863-1_6,10.1007/978-1-4471-0257-1,061403097756-061062784,2008,included,raw/cs027-references-p0001-opencitations.json.gz
opencitations,CS027,S38,references,doi:10.1007/978-3-540-68863-1_6->doi:10.1145/1007912.1007944,doi:10.1007/978-3-540-68863-1_6,doi:10.1145/1007912.1007944,10.1007/978-3-540-68863-1_6,10.1145/1007912.1007944,10.1007/978-3-540-68863-1_6,10.1145/1007912.1007944,061403097756-062503363126,2008,included,raw/cs027-references-p0001-opencitations.json.gz
opencitations,CS027,S38,references,doi:10.1007/978-3-540-68863-1_6->doi:10.1145/361227.361234,doi:10.1007/978-3-540-68863-1_6,doi:10.1145/361227.361234,10.1007/978-3-540-68863-1_6,10.1145/361227.361234,10.1007/978-3-540-68863-1_6,10.1145/361227.361234,061403097756-06803891500,2008,included,raw/cs027-references-p0001-opencitations.json.gz
opencitations,CS027,S38,references,doi:10.1007/978-3-540-68863-1_6->doi:10.1007/3-540-44880-2_10,doi:10.1007/978-3-540-68863-1_6,doi:10.1007/3-540-44880-2_10,10.1007/978-3-540-68863-1_6,10.1007/3-540-44880-2_10,10.1007/978-3-540-68863-1_6,10.1007/3-540-44880-2_10,061403097756-061403092380,2008,included,raw/cs027-references-p0001-opencitations.json.gz
opencitations,CS027,S38,references,doi:10.1007/978-3-540-68863-1_6->doi:10.1007/s00236-006-0020-1,doi:10.1007/978-3-540-68863-1_6,doi:10.1007/s00236-006-0020-1,10.1007/978-3-540-68863-1_6,10.1007/s00236-006-0020-1,10.1007/978-3-540-68863-1_6,10.1007/s00236-006-0020-1,061403097756-06701585144,2008,included,raw/cs027-references-p0001-opencitations.json.gz
opencitations,CS027,S38,references,doi:10.1007/978-3-540-68863-1_6->doi:10.1006/jpdc.1998.1446,doi:10.1007/978-3-540-68863-1_6,doi:10.1006/jpdc.1998.1446,10.1007/978-3-540-68863-1_6,10.1006/jpdc.1998.1446,10.1007/978-3-540-68863-1_6,10.1006/jpdc.1998.1446,061403097756-062303039323,2008,included,raw/cs027-references-p0001-opencitations.json.gz
opencitations,CS027,S38,references,doi:10.1007/978-3-540-68863-1_6->doi:10.1007/978-3-540-73210-5_11,doi:10.1007/978-3-540-68863-1_6,doi:10.1007/978-3-540-73210-5_11,10.1007/978-3-540-68863-1_6,10.1007/978-3-540-73210-5_11,10.1007/978-3-540-68863-1_6,10.1007/978-3-540-73210-5_11,061403097756-06103547527,2008,included,raw/cs027-references-p0001-opencitations.json.gz
opencitations,CS027,S38,references,doi:10.1007/978-3-540-68863-1_6->doi:10.1007/s00236-007-0044-1,doi:10.1007/978-3-540-68863-1_6,doi:10.1007/s00236-007-0044-1,10.1007/978-3-540-68863-1_6,10.1007/s00236-007-0044-1,10.1007/978-3-540-68863-1_6,10.1007/s00236-007-0044-1,061403097756-06701585122,2008,included,raw/cs027-references-p0001-opencitations.json.gz
opencitations,CS027,S38,references,doi:10.1007/978-3-540-68863-1_6->doi:10.1007/978-3-540-30232-2_7,doi:10.1007/978-3-540-68863-1_6,doi:10.1007/978-3-540-30232-2_7,10.1007/978-3-540-68863-1_6,10.1007/978-3-540-30232-2_7,10.1007/978-3-540-68863-1_6,10.1007/978-3-540-30232-2_7,061403097756-06303043890,2008,included,raw/cs027-references-p0001-opencitations.json.gz
opencitations,CS027,S38,references,doi:10.1007/978-3-540-68863-1_6->doi:10.1017/cbo9780511663079,doi:10.1007/978-3-540-68863-1_6,doi:10.1017/cbo9780511663079,10.1007/978-3-540-68863-1_6,10.1017/cbo9780511663079,10.1007/978-3-540-68863-1_6,10.1017/cbo9780511663079,061403097756-061103072513,2008,included,raw/cs027-references-p0001-opencitations.json.gz
opencitations,CS027,S38,references,doi:10.1007/978-3-540-68863-1_6->doi:10.1145/78969.78972,doi:10.1007/978-3-540-68863-1_6,doi:10.1145/78969.78972,10.1007/978-3-540-68863-1_6,10.1145/78969.78972,10.1007/978-3-540-68863-1_6,10.1145/78969.78972,061403097756-06702614122,2008,included,raw/cs027-references-p0001-opencitations.json.gz
opencitations,CS027,S38,citations,doi:10.1145/2629496->doi:10.1007/978-3-540-68863-1_6,doi:10.1145/2629496,doi:10.1007/978-3-540-68863-1_6,10.1145/2629496,10.1007/978-3-540-68863-1_6,10.1145/2629496,10.1007/978-3-540-68863-1_6,061502741006-061403097756,2014-08,included,raw/cs027-citations-p0001-opencitations.json.gz
opencitations,CS027,S38,citations,doi:10.1109/tse.2012.82->doi:10.1007/978-3-540-68863-1_6,doi:10.1109/tse.2012.82,doi:10.1007/978-3-540-68863-1_6,10.1109/tse.2012.82,10.1007/978-3-540-68863-1_6,10.1109/tse.2012.82,10.1007/978-3-540-68863-1_6,062201957194-061403097756,2013-07,included,raw/cs027-citations-p0001-opencitations.json.gz
opencitations,CS027,S38,citations,doi:10.1007/978-3-319-06410-9_15->doi:10.1007/978-3-540-68863-1_6,doi:10.1007/978-3-319-06410-9_15,doi:10.1007/978-3-540-68863-1_6,10.1007/978-3-319-06410-9_15,10.1007/978-3-540-68863-1_6,10.1007/978-3-319-06410-9_15,10.1007/978-3-540-68863-1_6,06403080658-061403097756,2014,included,raw/cs027-citations-p0001-opencitations.json.gz
opencitations,CS027,S38,citations,doi:10.1007/s00165-009-0130-y->doi:10.1007/978-3-540-68863-1_6,doi:10.1007/s00165-009-0130-y,doi:10.1007/978-3-540-68863-1_6,10.1007/s00165-009-0130-y,10.1007/978-3-540-68863-1_6,10.1007/s00165-009-0130-y,10.1007/978-3-540-68863-1_6,062101754579-061403097756,2011-01,included,raw/cs027-citations-p0001-opencitations.json.gz
opencitations,CS027,S38,citations,doi:10.1007/978-3-031-92196-4_16->doi:10.1007/978-3-540-68863-1_6,doi:10.1007/978-3-031-92196-4_16,doi:10.1007/978-3-540-68863-1_6,10.1007/978-3-031-92196-4_16,10.1007/978-3-540-68863-1_6,10.1007/978-3-031-92196-4_16,10.1007/978-3-540-68863-1_6,0609000452-061403097756,2025,included,raw/cs027-citations-p0001-opencitations.json.gz
opencitations,CS027,S38,citations,doi:10.1145/1889997.1890001->doi:10.1007/978-3-540-68863-1_6,doi:10.1145/1889997.1890001,doi:10.1007/978-3-540-68863-1_6,10.1145/1889997.1890001,10.1007/978-3-540-68863-1_6,10.1145/1889997.1890001,10.1007/978-3-540-68863-1_6,06602632664-061403097756,2011-01,included,raw/cs027-citations-p0001-opencitations.json.gz
opencitations,CS027,S38,citations,doi:10.1007/978-3-031-66673-5_13->doi:10.1007/978-3-540-68863-1_6,doi:10.1007/978-3-031-66673-5_13,doi:10.1007/978-3-540-68863-1_6,10.1007/978-3-031-66673-5_13,10.1007/978-3-540-68863-1_6,10.1007/978-3-031-66673-5_13,10.1007/978-3-540-68863-1_6,062204393386-061403097756,2024,included,raw/cs027-citations-p0001-opencitations.json.gz
opencitations,CS027,S38,citations,doi:10.1007/978-3-319-13338-6_1->doi:10.1007/978-3-540-68863-1_6,doi:10.1007/978-3-319-13338-6_1,doi:10.1007/978-3-540-68863-1_6,10.1007/978-3-319-13338-6_1,10.1007/978-3-540-68863-1_6,10.1007/978-3-319-13338-6_1,10.1007/978-3-540-68863-1_6,062502635452-061403097756,2014,included,raw/cs027-citations-p0001-opencitations.json.gz
opencitations,CS027,S38,citations,doi:10.1007/978-3-642-21437-0_25->doi:10.1007/978-3-540-68863-1_6,doi:10.1007/978-3-642-21437-0_25,doi:10.1007/978-3-540-68863-1_6,10.1007/978-3-642-21437-0_25,10.1007/978-3-540-68863-1_6,10.1007/978-3-642-21437-0_25,10.1007/978-3-540-68863-1_6,062302881724-061403097756,2011,included,raw/cs027-citations-p0001-opencitations.json.gz
opencitations,CS027,S38,citations,doi:10.1007/978-3-540-87603-8_4->doi:10.1007/978-3-540-68863-1_6,doi:10.1007/978-3-540-87603-8_4,doi:10.1007/978-3-540-68863-1_6,10.1007/978-3-540-87603-8_4,10.1007/978-3-540-68863-1_6,10.1007/978-3-540-87603-8_4,10.1007/978-3-540-68863-1_6,06703500071-061403097756,,unknown-date,raw/cs027-citations-p0001-opencitations.json.gz
opencitations,CS027,S38,citations,doi:10.1007/s10009-014-0308-3->doi:10.1007/978-3-540-68863-1_6,doi:10.1007/s10009-014-0308-3,doi:10.1007/978-3-540-68863-1_6,10.1007/s10009-014-0308-3,10.1007/978-3-540-68863-1_6,10.1007/s10009-014-0308-3,10.1007/978-3-540-68863-1_6,062203120417-061403097756,2014-04-16,included,raw/cs027-citations-p0001-opencitations.json.gz
opencitations,CS028,S40,references,doi:10.1007/s10703-021-00370-8->doi:10.1007/978-3-642-14295-6_40,doi:10.1007/s10703-021-00370-8,doi:10.1007/978-3-642-14295-6_40,10.1007/s10703-021-00370-8,10.1007/978-3-642-14295-6_40,10.1007/s10703-021-00370-8,10.1007/978-3-642-14295-6_40,0680344067-061703036727,2021-04-06,included,raw/cs028-references-p0001-opencitations.json.gz
opencitations,CS028,S40,references,doi:10.1007/s10703-021-00370-8->doi:10.2168/lmcs-11(1:20)2015,doi:10.1007/s10703-021-00370-8,doi:10.2168/lmcs-11(1:20)2015,10.1007/s10703-021-00370-8,10.2168/lmcs-11(1:20)2015,10.1007/s10703-021-00370-8,10.2168/lmcs-11(1:20)2015,0680344067-06801394750,2021-04-06,included,raw/cs028-references-p0001-opencitations.json.gz
opencitations,CS028,S40,references,doi:10.1007/s10703-021-00370-8->doi:10.1007/978-3-642-28717-6_1,doi:10.1007/s10703-021-00370-8,doi:10.1007/978-3-642-28717-6_1,10.1007/s10703-021-00370-8,10.1007/978-3-642-28717-6_1,10.1007/s10703-021-00370-8,10.1007/978-3-642-28717-6_1,0680344067-06603194284,2021-04-06,included,raw/cs028-references-p0001-opencitations.json.gz
opencitations,CS028,S40,references,doi:10.1007/s10703-021-00370-8->doi:10.1145/2866575,doi:10.1007/s10703-021-00370-8,doi:10.1145/2866575,10.1007/s10703-021-00370-8,10.1145/2866575,10.1007/s10703-021-00370-8,10.1145/2866575,0680344067-06602632579,2021-04-06,included,raw/cs028-references-p0001-opencitations.json.gz
opencitations,CS028,S40,references,doi:10.1007/s10703-021-00370-8->doi:10.1145/1543135.1542493,doi:10.1007/s10703-021-00370-8,doi:10.1145/1543135.1542493,10.1007/s10703-021-00370-8,10.1145/1543135.1542493,10.1007/s10703-021-00370-8,10.1145/1543135.1542493,0680344067-0616094946,2021-04-06,included,raw/cs028-references-p0001-opencitations.json.gz
opencitations,CS028,S40,references,doi:10.1007/s10703-021-00370-8->doi:10.1007/978-3-540-93900-9_27,doi:10.1007/s10703-021-00370-8,doi:10.1007/978-3-540-93900-9_27,10.1007/s10703-021-00370-8,10.1007/978-3-540-93900-9_27,10.1007/s10703-021-00370-8,10.1007/978-3-540-93900-9_27,0680344067-061403070942,2021-04-06,included,raw/cs028-references-p0001-opencitations.json.gz
opencitations,CS028,S40,references,doi:10.1007/s10703-021-00370-8->doi:10.1145/1273442.1250765,doi:10.1007/s10703-021-00370-8,doi:10.1145/1273442.1250765,10.1007/s10703-021-00370-8,10.1145/1273442.1250765,10.1007/s10703-021-00370-8,10.1145/1273442.1250765,0680344067-0616095347,2021-04-06,included,raw/cs028-references-p0001-opencitations.json.gz
opencitations,CS028,S40,references,doi:10.1007/s10703-021-00370-8->doi:10.1007/978-3-540-70545-1_37,doi:10.1007/s10703-021-00370-8,doi:10.1007/978-3-540-70545-1_37,10.1007/s10703-021-00370-8,10.1007/978-3-540-70545-1_37,10.1007/s10703-021-00370-8,10.1007/978-3-540-70545-1_37,0680344067-06803506974,2021-04-06,included,raw/cs028-references-p0001-opencitations.json.gz
opencitations,CS028,S40,references,doi:10.1007/s10703-021-00370-8->doi:10.1007/s10817-016-9402-4,doi:10.1007/s10703-021-00370-8,doi:10.1007/s10817-016-9402-4,10.1007/s10703-021-00370-8,10.1007/s10817-016-9402-4,10.1007/s10703-021-00370-8,10.1007/s10817-016-9402-4,0680344067-061302860381,2021-04-06,included,raw/cs028-references-p0001-opencitations.json.gz
opencitations,CS028,S40,references,doi:10.1007/s10703-021-00370-8->doi:10.1007/978-3-319-66706-5_9,doi:10.1007/s10703-021-00370-8,doi:10.1007/978-3-319-66706-5_9,10.1007/s10703-021-00370-8,10.1007/978-3-319-66706-5_9,10.1007/s10703-021-00370-8,10.1007/978-3-319-66706-5_9,0680344067-06302630358,2021-04-06,included,raw/cs028-references-p0001-opencitations.json.gz
opencitations,CS028,S40,references,doi:10.1007/s10703-021-00370-8->doi:10.1145/1809028.1806630,doi:10.1007/s10703-021-00370-8,doi:10.1145/1809028.1806630,10.1007/s10703-021-00370-8,10.1145/1809028.1806630,10.1007/s10703-021-00370-8,10.1145/1809028.1806630,0680344067-0616094642,2021-04-06,included,raw/cs028-references-p0001-opencitations.json.gz
opencitations,CS028,S40,references,doi:10.1007/s10703-021-00370-8->doi:10.1145/1007912.1007944,doi:10.1007/s10703-021-00370-8,doi:10.1145/1007912.1007944,10.1007/s10703-021-00370-8,10.1145/1007912.1007944,10.1007/s10703-021-00370-8,10.1145/1007912.1007944,0680344067-062503363126,2021-04-06,included,raw/cs028-references-p0001-opencitations.json.gz
opencitations,CS028,S40,references,doi:10.1007/s10703-021-00370-8->doi:10.1007/978-3-642-11319-2_25,doi:10.1007/s10703-021-00370-8,doi:10.1007/978-3-642-11319-2_25,10.1007/s10703-021-00370-8,10.1007/978-3-642-11319-2_25,10.1007/s10703-021-00370-8,10.1007/978-3-642-11319-2_25,0680344067-062203060338,2021-04-06,included,raw/cs028-references-p0001-opencitations.json.gz
opencitations,CS028,S40,references,doi:10.1007/s10703-021-00370-8->doi:10.1007/978-3-540-74061-2_15,doi:10.1007/s10703-021-00370-8,doi:10.1007/978-3-540-74061-2_15,10.1007/s10703-021-00370-8,10.1007/978-3-540-74061-2_15,10.1007/s10703-021-00370-8,10.1007/978-3-540-74061-2_15,0680344067-06703502766,2021-04-06,included,raw/cs028-references-p0001-opencitations.json.gz
opencitations,CS028,S40,references,doi:10.1007/s10703-021-00370-8->doi:10.21236/ada309412,doi:10.1007/s10703-021-00370-8,doi:10.21236/ada309412,10.1007/s10703-021-00370-8,10.21236/ada309412,10.1007/s10703-021-00370-8,10.21236/ada309412,0680344067-061202366868,2021-04-06,included,raw/cs028-references-p0001-opencitations.json.gz
opencitations,CS028,S40,references,doi:10.1007/s10703-021-00370-8->doi:10.1007/s10817-010-9174-1,doi:10.1007/s10703-021-00370-8,doi:10.1007/s10817-010-9174-1,10.1007/s10703-021-00370-8,10.1007/s10817-010-9174-1,10.1007/s10703-021-00370-8,10.1007/s10817-010-9174-1,0680344067-061302860594,2021-04-06,included,raw/cs028-references-p0001-opencitations.json.gz
opencitations,CS028,S40,references,doi:10.1007/s10703-021-00370-8->doi:10.1007/3-540-45927-8_19,doi:10.1007/s10703-021-00370-8,doi:10.1007/3-540-45927-8_19,10.1007/s10703-021-00370-8,10.1007/3-540-45927-8_19,10.1007/s10703-021-00370-8,10.1007/3-540-45927-8_19,0680344067-061202862424,2021-04-06,included,raw/cs028-references-p0001-opencitations.json.gz
opencitations,CS028,S40,references,doi:10.1007/s10703-021-00370-8->doi:10.1007/s10817-016-9400-6,doi:10.1007/s10703-021-00370-8,doi:10.1007/s10817-016-9400-6,10.1007/s10703-021-00370-8,10.1007/s10817-016-9400-6,10.1007/s10703-021-00370-8,10.1007/s10817-016-9400-6,0680344067-061302860384,2021-04-06,included,raw/cs028-references-p0001-opencitations.json.gz
opencitations,CS028,S40,references,doi:10.1007/s10703-021-00370-8->doi:10.1007/978-3-319-12736-1_15,doi:10.1007/s10703-021-00370-8,doi:10.1007/978-3-319-12736-1_15,10.1007/s10703-021-00370-8,10.1007/978-3-319-12736-1_15,10.1007/s10703-021-00370-8,10.1007/978-3-319-12736-1_15,0680344067-062602664752,2021-04-06,included,raw/cs028-references-p0001-opencitations.json.gz
opencitations,CS028,S40,references,doi:10.1007/s10703-021-00370-8->doi:10.1007/978-3-319-73721-8_10,doi:10.1007/s10703-021-00370-8,doi:10.1007/978-3-319-73721-8_10,10.1007/s10703-021-00370-8,10.1007/978-3-319-73721-8_10,10.1007/s10703-021-00370-8,10.1007/978-3-319-73721-8_10,0680344067-06802501619,2021-04-06,included,raw/cs028-references-p0001-opencitations.json.gz
opencitations,CS028,S40,references,doi:10.1007/s10703-021-00370-8->doi:10.1007/3-540-44829-2_14,doi:10.1007/s10703-021-00370-8,doi:10.1007/3-540-44829-2_14,10.1007/s10703-021-00370-8,10.1007/3-540-44829-2_14,10.1007/s10703-021-00370-8,10.1007/3-540-44829-2_14,0680344067-062503103592,2021-04-06,included,raw/cs028-references-p0001-opencitations.json.gz
opencitations,CS028,S40,references,doi:10.1007/s10703-021-00370-8->doi:10.1145/2676724.2693179,doi:10.1007/s10703-021-00370-8,doi:10.1145/2676724.2693179,10.1007/s10703-021-00370-8,10.1145/2676724.2693179,10.1007/s10703-021-00370-8,10.1145/2676724.2693179,0680344067-061102557921,2021-04-06,included,raw/cs028-references-p0001-opencitations.json.gz
opencitations,CS028,S40,references,doi:10.1007/s10703-021-00370-8->doi:10.1007/978-3-642-15769-1_8,doi:10.1007/s10703-021-00370-8,doi:10.1007/978-3-642-15769-1_8,10.1007/s10703-021-00370-8,10.1007/978-3-642-15769-1_8,10.1007/s10703-021-00370-8,10.1007/978-3-642-15769-1_8,0680344067-062503019892,2021-04-06,included,raw/cs028-references-p0001-opencitations.json.gz
opencitations,CS028,S40,references,doi:10.1007/s10703-021-00370-8->doi:10.1007/978-3-319-63390-9_4,doi:10.1007/s10703-021-00370-8,doi:10.1007/978-3-319-63390-9_4,10.1007/s10703-021-00370-8,10.1007/978-3-319-63390-9_4,10.1007/s10703-021-00370-8,10.1007/978-3-319-63390-9_4,0680344067-06302631822,2021-04-06,included,raw/cs028-references-p0001-opencitations.json.gz
opencitations,CS028,S40,references,doi:10.1007/s10703-021-00370-8->doi:10.1145/1273442.1250771,doi:10.1007/s10703-021-00370-8,doi:10.1145/1273442.1250771,10.1007/s10703-021-00370-8,10.1145/1273442.1250771,10.1007/s10703-021-00370-8,10.1145/1273442.1250771,0680344067-0616095360,2021-04-06,included,raw/cs028-references-p0001-opencitations.json.gz
opencitations,CS028,S40,references,doi:10.1007/s10703-021-00370-8->doi:10.1007/11921240_13,doi:10.1007/s10703-021-00370-8,doi:10.1007/11921240_13,10.1007/s10703-021-00370-8,10.1007/11921240_13,10.1007/s10703-021-00370-8,10.1007/11921240_13,0680344067-061303122936,2021-04-06,included,raw/cs028-references-p0001-opencitations.json.gz
opencitations,CS028,S40,references,doi:10.1007/s10703-021-00370-8->doi:10.1007/3-540-48153-2_30,doi:10.1007/s10703-021-00370-8,doi:10.1007/3-540-48153-2_30,10.1007/s10703-021-00370-8,10.1007/3-540-48153-2_30,10.1007/s10703-021-00370-8,10.1007/3-540-48153-2_30,0680344067-062303020135,2021-04-06,included,raw/cs028-references-p0001-opencitations.json.gz
opencitations,CS028,S40,references,doi:10.1007/s10703-021-00370-8->doi:10.1007/s10817-016-9389-x,doi:10.1007/s10703-021-00370-8,doi:10.1007/s10817-016-9389-x,10.1007/s10703-021-00370-8,10.1007/s10817-016-9389-x,10.1007/s10703-021-00370-8,10.1007/s10817-016-9389-x,0680344067-061302860393,2021-04-06,included,raw/cs028-references-p0001-opencitations.json.gz
opencitations,CS028,S40,references,doi:10.1007/s10703-021-00370-8->doi:10.1145/248052.248106,doi:10.1007/s10703-021-00370-8,doi:10.1145/248052.248106,10.1007/s10703-021-00370-8,10.1145/248052.248106,10.1007/s10703-021-00370-8,10.1145/248052.248106,0680344067-06703784449,2021-04-06,included,raw/cs028-references-p0001-opencitations.json.gz
opencitations,CS028,S40,references,doi:10.1007/s10703-021-00370-8->doi:10.1145/1594834.1480886,doi:10.1007/s10703-021-00370-8,doi:10.1145/1594834.1480886,10.1007/s10703-021-00370-8,10.1145/1594834.1480886,10.1007/s10703-021-00370-8,10.1145/1594834.1480886,0680344067-0616094915,2021-04-06,included,raw/cs028-references-p0001-opencitations.json.gz
opencitations,CS028,S40,references,doi:10.1007/s10703-021-00370-8->doi:10.1145/203095.201069,doi:10.1007/s10703-021-00370-8,doi:10.1145/203095.201069,10.1007/s10703-021-00370-8,10.1145/203095.201069,10.1007/s10703-021-00370-8,10.1145/203095.201069,0680344067-06602633461,2021-04-06,included,raw/cs028-references-p0001-opencitations.json.gz
opencitations,CS028,S40,references,doi:10.1007/s10703-021-00370-8->doi:10.1145/1594834.1480917,doi:10.1007/s10703-021-00370-8,doi:10.1145/1594834.1480917,10.1007/s10703-021-00370-8,10.1145/1594834.1480917,10.1007/s10703-021-00370-8,10.1145/1594834.1480917,0680344067-0616094853,2021-04-06,included,raw/cs028-references-p0001-opencitations.json.gz
opencitations,CS028,S40,references,doi:10.1007/s10703-021-00370-8->doi:10.1007/bf01211617,doi:10.1007/s10703-021-00370-8,doi:10.1007/bf01211617,10.1007/s10703-021-00370-8,10.1007/bf01211617,10.1007/s10703-021-00370-8,10.1007/bf01211617,0680344067-062201750579,2021-04-06,included,raw/cs028-references-p0001-opencitations.json.gz
opencitations,CS028,S40,references,doi:10.1007/s10703-021-00370-8->doi:10.1007/978-3-642-36742-7_23,doi:10.1007/s10703-021-00370-8,doi:10.1007/978-3-642-36742-7_23,10.1007/s10703-021-00370-8,10.1007/978-3-642-36742-7_23,10.1007/s10703-021-00370-8,10.1007/978-3-642-36742-7_23,0680344067-061302718148,2021-04-06,included,raw/cs028-references-p0001-opencitations.json.gz
opencitations,CS028,S40,references,doi:10.1007/s10703-021-00370-8->doi:10.1007/978-3-642-19718-5_21,doi:10.1007/s10703-021-00370-8,doi:10.1007/978-3-642-19718-5_21,10.1007/s10703-021-00370-8,10.1007/978-3-642-19718-5_21,10.1007/s10703-021-00370-8,10.1007/978-3-642-19718-5_21,0680344067-061603031419,2021-04-06,included,raw/cs028-references-p0001-opencitations.json.gz
opencitations,CS028,S40,references,doi:10.1007/s10703-021-00370-8->doi:10.1007/s10703-011-0111-7,doi:10.1007/s10703-021-00370-8,doi:10.1007/s10703-011-0111-7,10.1007/s10703-021-00370-8,10.1007/s10703-011-0111-7,10.1007/s10703-021-00370-8,10.1007/s10703-011-0111-7,0680344067-0680344307,2021-04-06,included,raw/cs028-references-p0001-opencitations.json.gz
opencitations,CS028,S40,references,doi:10.1007/s10703-021-00370-8->doi:10.23919/fmcad.2018.8603020,doi:10.1007/s10703-021-00370-8,doi:10.23919/fmcad.2018.8603020,10.1007/s10703-021-00370-8,10.23919/fmcad.2018.8603020,10.1007/s10703-021-00370-8,10.23919/fmcad.2018.8603020,0680344067-061302313560,2021-04-06,included,raw/cs028-references-p0001-opencitations.json.gz
opencitations,CS028,S40,references,doi:10.1007/s10703-021-00370-8->doi:10.1007/978-3-540-30232-2_7,doi:10.1007/s10703-021-00370-8,doi:10.1007/978-3-540-30232-2_7,10.1007/s10703-021-00370-8,10.1007/978-3-540-30232-2_7,10.1007/s10703-021-00370-8,10.1007/978-3-540-30232-2_7,0680344067-06303043890,2021-04-06,included,raw/cs028-references-p0001-opencitations.json.gz
opencitations,CS028,S40,citations,doi:10.1145/3632864->doi:10.1007/s10703-021-00370-8,doi:10.1145/3632864,doi:10.1007/s10703-021-00370-8,10.1145/3632864,10.1007/s10703-021-00370-8,10.1145/3632864,10.1007/s10703-021-00370-8,062204192490-0680344067,2024-01-05,included,raw/cs028-citations-p0001-opencitations.json.gz
opencitations,CS028,S40,citations,doi:10.1007/978-3-031-37706-8_6->doi:10.1007/s10703-021-00370-8,doi:10.1007/978-3-031-37706-8_6,doi:10.1007/s10703-021-00370-8,10.1007/978-3-031-37706-8_6,10.1007/s10703-021-00370-8,10.1007/978-3-031-37706-8_6,10.1007/s10703-021-00370-8,062603979010-0680344067,2023,included,raw/cs028-citations-p0001-opencitations.json.gz
opencitations,CS029,S42,references,doi:10.1145/1542476.1542493->doi:10.1145/1375581.1375587,doi:10.1145/1542476.1542493,doi:10.1145/1375581.1375587,10.1145/1542476.1542493,10.1145/1375581.1375587,10.1145/1542476.1542493,10.1145/1375581.1375587,06803619312-06802011457,2009,included,raw/cs029-references-p0001-opencitations.json.gz
opencitations,CS029,S42,references,doi:10.1145/1542476.1542493->doi:10.1145/114005.102808,doi:10.1145/1542476.1542493,doi:10.1145/114005.102808,10.1145/1542476.1542493,10.1145/114005.102808,10.1145/1542476.1542493,10.1145/114005.102808,06803619312-06602633243,2009,included,raw/cs029-references-p0001-opencitations.json.gz
opencitations,CS029,S42,references,doi:10.1145/1542476.1542493->doi:10.1007/11561071_31,doi:10.1145/1542476.1542493,doi:10.1007/11561071_31,10.1145/1542476.1542493,10.1007/11561071_31,10.1145/1542476.1542493,10.1007/11561071_31,06803619312-06303732273,2009,included,raw/cs029-references-p0001-opencitations.json.gz
opencitations,CS029,S42,references,doi:10.1145/1542476.1542493->doi:10.1109/sfcs.1977.32,doi:10.1145/1542476.1542493,doi:10.1109/sfcs.1977.32,10.1145/1542476.1542493,10.1109/sfcs.1977.32,10.1145/1542476.1542493,10.1109/sfcs.1977.32,06803619312-06903255811,2009,included,raw/cs029-references-p0001-opencitations.json.gz
opencitations,CS029,S42,references,doi:10.1145/1542476.1542493->doi:10.1007/11901433_16,doi:10.1145/1542476.1542493,doi:10.1007/11901433_16,10.1145/1542476.1542493,10.1007/11901433_16,10.1145/1542476.1542493,10.1007/11901433_16,06803619312-06303555666,2009,included,raw/cs029-references-p0001-opencitations.json.gz
opencitations,CS029,S42,references,doi:10.1145/1542476.1542493->doi:10.1007/s00234-004-1233-z,doi:10.1145/1542476.1542493,doi:10.1007/s00234-004-1233-z,10.1145/1542476.1542493,10.1007/s00234-004-1233-z,10.1145/1542476.1542493,10.1007/s00234-004-1233-z,06803619312-062602151360,2009,included,raw/cs029-references-p0001-opencitations.json.gz
opencitations,CS029,S42,references,doi:10.1145/1542476.1542493->doi:10.1145/224964.224988,doi:10.1145/1542476.1542493,doi:10.1145/224964.224988,10.1145/1542476.1542493,10.1145/224964.224988,10.1145/1542476.1542493,10.1145/224964.224988,06803619312-061403364433,2009,included,raw/cs029-references-p0001-opencitations.json.gz
opencitations,CS029,S42,references,doi:10.1145/1542476.1542493->doi:10.1145/42282.42283,doi:10.1145/1542476.1542493,doi:10.1145/42282.42283,10.1145/1542476.1542493,10.1145/42282.42283,10.1145/1542476.1542493,10.1145/42282.42283,06803619312-06803893344,2009,included,raw/cs029-references-p0001-opencitations.json.gz
opencitations,CS029,S42,references,doi:10.1145/1542476.1542493->doi:10.1145/1062247.1062249,doi:10.1145/1542476.1542493,doi:10.1145/1062247.1062249,10.1145/1542476.1542493,10.1145/1062247.1062249,10.1145/1542476.1542493,10.1145/1062247.1062249,06803619312-06260241343,2009,included,raw/cs029-references-p0001-opencitations.json.gz
opencitations,CS029,S42,references,doi:10.1145/1542476.1542493->doi:10.1007/11561927_8,doi:10.1145/1542476.1542493,doi:10.1007/11561927_8,10.1145/1542476.1542493,10.1007/11561927_8,10.1145/1542476.1542493,10.1007/11561927_8,06803619312-06503533323,2009,included,raw/cs029-references-p0001-opencitations.json.gz
opencitations,CS029,S42,references,doi:10.1145/1542476.1542493->doi:10.1145/571825.571829,doi:10.1145/1542476.1542493,doi:10.1145/571825.571829,10.1145/1542476.1542493,10.1145/571825.571829,10.1145/1542476.1542493,10.1145/571825.571829,06803619312-06603794322,2009,included,raw/cs029-references-p0001-opencitations.json.gz
opencitations,CS029,S42,references,doi:10.1145/1542476.1542493->doi:10.1145/1480881.1480886,doi:10.1145/1542476.1542493,doi:10.1145/1480881.1480886,10.1145/1542476.1542493,10.1145/1480881.1480886,10.1145/1542476.1542493,10.1145/1480881.1480886,06803619312-061403201126,2009,included,raw/cs029-references-p0001-opencitations.json.gz
opencitations,CS029,S42,references,doi:10.1145/1542476.1542493->doi:10.1145/996841.996848,doi:10.1145/1542476.1542493,doi:10.1145/996841.996848,10.1145/1542476.1542493,10.1145/996841.996848,10.1145/1542476.1542493,10.1145/996841.996848,06803619312-062303370526,2009,included,raw/cs029-references-p0001-opencitations.json.gz
opencitations,CS029,S42,citations,doi:10.1145/2928275.2928285->doi:10.1145/1542476.1542493,doi:10.1145/2928275.2928285,doi:10.1145/1542476.1542493,10.1145/2928275.2928285,10.1145/1542476.1542493,10.1145/2928275.2928285,10.1145/1542476.1542493,061702502921-06803619312,2016-06-06,included,raw/cs029-citations-p0001-opencitations.json.gz
opencitations,CS029,S42,citations,doi:10.1109/lics.2013.18->doi:10.1145/1542476.1542493,doi:10.1109/lics.2013.18,doi:10.1145/1542476.1542493,10.1109/lics.2013.18,10.1145/1542476.1542493,10.1109/lics.2013.18,10.1145/1542476.1542493,06803346172-06803619312,2013-06,included,raw/cs029-citations-p0001-opencitations.json.gz
opencitations,CS029,S42,citations,doi:10.1007/978-3-642-23397-5_15->doi:10.1145/1542476.1542493,doi:10.1007/978-3-642-23397-5_15,doi:10.1145/1542476.1542493,10.1007/978-3-642-23397-5_15,10.1145/1542476.1542493,10.1007/978-3-642-23397-5_15,10.1145/1542476.1542493,06902897586-06803619312,2011,included,raw/cs029-citations-p0001-opencitations.json.gz
opencitations,CS029,S42,citations,doi:10.1145/2247684.2247685->doi:10.1145/1542476.1542493,doi:10.1145/2247684.2247685,doi:10.1145/1542476.1542493,10.1145/2247684.2247685,10.1145/1542476.1542493,10.1145/2247684.2247685,10.1145/1542476.1542493,06103413764-06803619312,2012,included,raw/cs029-citations-p0001-opencitations.json.gz
opencitations,CS029,S42,citations,doi:10.1145/3533724->doi:10.1145/1542476.1542493,doi:10.1145/3533724,doi:10.1145/1542476.1542493,10.1145/3533724,10.1145/1542476.1542493,10.1145/3533724,10.1145/1542476.1542493,061801132662-06803619312,2022-07-31,included,raw/cs029-citations-p0001-opencitations.json.gz
opencitations,CS029,S42,citations,doi:10.1109/dsn.2018.00037->doi:10.1145/1542476.1542493,doi:10.1109/dsn.2018.00037,doi:10.1145/1542476.1542493,10.1109/dsn.2018.00037,10.1145/1542476.1542493,10.1109/dsn.2018.00037,10.1145/1542476.1542493,062602357483-06803619312,2018-06,included,raw/cs029-citations-p0001-opencitations.json.gz
opencitations,CS029,S42,citations,doi:10.1145/3766061->doi:10.1145/1542476.1542493,doi:10.1145/3766061,doi:10.1145/1542476.1542493,10.1145/3766061,10.1145/1542476.1542493,10.1145/3766061,10.1145/1542476.1542493,06013173929-06803619312,2026-02-13,included,raw/cs029-citations-p0001-opencitations.json.gz
opencitations,CS029,S42,citations,doi:10.23919/fmcad.2018.8603020->doi:10.1145/1542476.1542493,doi:10.23919/fmcad.2018.8603020,doi:10.1145/1542476.1542493,10.23919/fmcad.2018.8603020,10.1145/1542476.1542493,10.23919/fmcad.2018.8603020,10.1145/1542476.1542493,061302313560-06803619312,2018-10,included,raw/cs029-citations-p0001-opencitations.json.gz
opencitations,CS029,S42,citations,doi:10.1145/2312005.2312016->doi:10.1145/1542476.1542493,doi:10.1145/2312005.2312016,doi:10.1145/1542476.1542493,10.1145/2312005.2312016,10.1145/1542476.1542493,10.1145/2312005.2312016,10.1145/1542476.1542493,06303404344-06803619312,2012,included,raw/cs029-citations-p0001-opencitations.json.gz
opencitations,CS029,S42,citations,doi:10.1007/s10703-023-00439-6->doi:10.1145/1542476.1542493,doi:10.1007/s10703-023-00439-6,doi:10.1145/1542476.1542493,10.1007/s10703-023-00439-6,10.1145/1542476.1542493,10.1007/s10703-023-00439-6,10.1145/1542476.1542493,0607411421-06803619312,2023-10-06,included,raw/cs029-citations-p0001-opencitations.json.gz
opencitations,CS031,S45,references,doi:10.1145/3766061->doi:10.1145/114005.102808,doi:10.1145/3766061,doi:10.1145/114005.102808,10.1145/3766061,10.1145/114005.102808,10.1145/3766061,10.1145/114005.102808,06013173929-06602633243,2026-02-13,included,raw/cs031-references-p0001-opencitations.json.gz
opencitations,CS031,S45,references,doi:10.1145/3766061->doi:10.1007/978-3-319-51517-5_2,doi:10.1145/3766061,doi:10.1007/978-3-319-51517-5_2,10.1145/3766061,10.1007/978-3-319-51517-5_2,10.1145/3766061,10.1007/978-3-319-51517-5_2,06013173929-06402796593,2026-02-13,included,raw/cs031-references-p0001-opencitations.json.gz
opencitations,CS031,S45,references,doi:10.1145/3766061->doi:10.1007/978-3-642-03359-9_27,doi:10.1145/3766061,doi:10.1007/978-3-642-03359-9_27,10.1145/3766061,10.1007/978-3-642-03359-9_27,10.1145/3766061,10.1007/978-3-642-03359-9_27,06013173929-061203081735,2026-02-13,included,raw/cs031-references-p0001-opencitations.json.gz
opencitations,CS031,S45,references,doi:10.1145/3766061->doi:10.1007/978-3-030-67087-0_4,doi:10.1145/3766061,doi:10.1007/978-3-030-67087-0_4,10.1145/3766061,10.1007/978-3-030-67087-0_4,10.1145/3766061,10.1007/978-3-030-67087-0_4,06013173929-061601913668,2026-02-13,included,raw/cs031-references-p0001-opencitations.json.gz
opencitations,CS031,S45,references,doi:10.1145/3766061->doi:10.1007/bf00290732,doi:10.1145/3766061,doi:10.1007/bf00290732,10.1145/3766061,10.1007/bf00290732,10.1145/3766061,10.1007/bf00290732,06013173929-06701585579,2026-02-13,included,raw/cs031-references-p0001-opencitations.json.gz
opencitations,CS031,S45,references,doi:10.1145/3766061->doi:10.1007/978-3-642-40184-8_17,doi:10.1145/3766061,doi:10.1007/978-3-642-40184-8_17,10.1145/3766061,10.1007/978-3-642-40184-8_17,10.1145/3766061,10.1007/978-3-642-40184-8_17,06013173929-062102665323,2026-02-13,included,raw/cs031-references-p0001-opencitations.json.gz
opencitations,CS031,S45,references,doi:10.1145/3766061->doi:10.1145/1504176.1504186,doi:10.1145/3766061,doi:10.1145/1504176.1504186,10.1145/3766061,10.1145/1504176.1504186,10.1145/3766061,10.1145/1504176.1504186,06013173929-061103226912,2026-02-13,included,raw/cs031-references-p0001-opencitations.json.gz
opencitations,CS031,S45,references,doi:10.1145/3766061->doi:10.1109/tc.1979.1675439,doi:10.1145/3766061,doi:10.1109/tc.1979.1675439,10.1145/3766061,10.1109/tc.1979.1675439,10.1145/3766061,10.1109/tc.1979.1675439,06013173929-062201331177,2026-02-13,included,raw/cs031-references-p0001-opencitations.json.gz
opencitations,CS031,S45,references,doi:10.1145/3766061->doi:10.1007/3-540-45414-4_21,doi:10.1145/3766061,doi:10.1007/3-540-45414-4_21,10.1145/3766061,10.1007/3-540-45414-4_21,10.1145/3766061,10.1007/3-540-45414-4_21,06013173929-06903141955,2026-02-13,included,raw/cs031-references-p0001-opencitations.json.gz
opencitations,CS031,S45,references,doi:10.1145/3766061->doi:10.1145/361082.361093,doi:10.1145/3766061,doi:10.1145/361082.361093,10.1145/3766061,10.1145/361082.361093,10.1145/3766061,10.1145/361082.361093,06013173929-06903507519,2026-02-13,included,raw/cs031-references-p0001-opencitations.json.gz
opencitations,CS031,S45,references,doi:10.1145/3766061->doi:10.1145/1040305.1040336,doi:10.1145/3766061,doi:10.1145/1040305.1040336,10.1145/3766061,10.1145/1040305.1040336,10.1145/3766061,10.1145/1040305.1040336,06013173929-062503354939,2026-02-13,included,raw/cs031-references-p0001-opencitations.json.gz
opencitations,CS031,S45,references,doi:10.1145/3766061->doi:10.1007/978-3-642-33651-5_3,doi:10.1145/3766061,doi:10.1007/978-3-642-33651-5_3,10.1145/3766061,10.1007/978-3-642-33651-5_3,10.1145/3766061,10.1007/978-3-642-33651-5_3,06013173929-06503159620,2026-02-13,included,raw/cs031-references-p0001-opencitations.json.gz
opencitations,CS031,S45,references,doi:10.1145/3766061->doi:10.1090/s0002-9904-1946-08555-9,doi:10.1145/3766061,doi:10.1090/s0002-9904-1946-08555-9,10.1145/3766061,10.1090/s0002-9904-1946-08555-9,10.1145/3766061,10.1090/s0002-9904-1946-08555-9,06013173929-061301877627,2026-02-13,included,raw/cs031-references-p0001-opencitations.json.gz
opencitations,CS031,S45,references,doi:10.1145/3766061->doi:10.1145/1542476.1542493,doi:10.1145/3766061,doi:10.1145/1542476.1542493,10.1145/3766061,10.1145/1542476.1542493,10.1145/3766061,10.1145/1542476.1542493,06013173929-06803619312,2026-02-13,included,raw/cs031-references-p0001-opencitations.json.gz
opencitations,CS031,S45,references,doi:10.1145/3766061->doi:10.1007/978-3-031-37706-8_10,doi:10.1145/3766061,doi:10.1007/978-3-031-37706-8_10,10.1145/3766061,10.1007/978-3-031-37706-8_10,10.1145/3766061,10.1007/978-3-031-37706-8_10,06013173929-062603979005,2026-02-13,included,raw/cs031-references-p0001-opencitations.json.gz
opencitations,CS031,S45,references,doi:10.1145/3766061->doi:10.1007/978-3-319-24953-7_24,doi:10.1145/3766061,doi:10.1007/978-3-319-24953-7_24,10.1145/3766061,10.1007/978-3-319-24953-7_24,10.1145/3766061,10.1007/978-3-319-24953-7_24,06013173929-062502572701,2026-02-13,included,raw/cs031-references-p0001-opencitations.json.gz
opencitations,CS031,S45,references,doi:10.1145/3766061->doi:10.1007/978-3-642-37036-6_29,doi:10.1145/3766061,doi:10.1007/978-3-642-37036-6_29,10.1145/3766061,10.1007/978-3-642-37036-6_29,10.1145/3766061,10.1007/978-3-642-37036-6_29,06013173929-06503137942,2026-02-13,included,raw/cs031-references-p0001-opencitations.json.gz
opencitations,CS031,S45,references,doi:10.1145/3766061->doi:10.1007/978-3-319-10181-1_21,doi:10.1145/3766061,doi:10.1007/978-3-319-10181-1_21,10.1145/3766061,10.1007/978-3-319-10181-1_21,10.1145/3766061,10.1007/978-3-319-10181-1_21,06013173929-061902645682,2026-02-13,included,raw/cs031-references-p0001-opencitations.json.gz
opencitations,CS031,S45,references,doi:10.1145/3766061->doi:10.1006/inco.1996.0083,doi:10.1145/3766061,doi:10.1006/inco.1996.0083,10.1145/3766061,10.1006/inco.1996.0083,10.1145/3766061,10.1006/inco.1996.0083,06013173929-06601425005,2026-02-13,included,raw/cs031-references-p0001-opencitations.json.gz
opencitations,CS031,S45,references,doi:10.1145/3766061->doi:10.1145/248052.248106,doi:10.1145/3766061,doi:10.1145/248052.248106,10.1145/3766061,10.1145/248052.248106,10.1145/3766061,10.1145/248052.248106,06013173929-06703784449,2026-02-13,included,raw/cs031-references-p0001-opencitations.json.gz
opencitations,CS031,S45,references,doi:10.1145/3766061->doi:10.1007/978-3-031-21213-0_10,doi:10.1145/3766061,doi:10.1007/978-3-031-21213-0_10,10.1145/3766061,10.1007/978-3-031-21213-0_10,10.1145/3766061,10.1007/978-3-031-21213-0_10,06013173929-0643085536,2026-02-13,included,raw/cs031-references-p0001-opencitations.json.gz
opencitations,CS031,S45,references,doi:10.1145/3766061->doi:10.1145/3485475,doi:10.1145/3766061,doi:10.1145/3485475,10.1145/3766061,10.1145/3485475,10.1145/3766061,10.1145/3485475,06013173929-06202296744,2026-02-13,included,raw/cs031-references-p0001-opencitations.json.gz
opencitations,CS031,S45,references,doi:10.1145/3766061->doi:10.1007/978-3-642-28869-2_5,doi:10.1145/3766061,doi:10.1007/978-3-642-28869-2_5,10.1145/3766061,10.1007/978-3-642-28869-2_5,10.1145/3766061,10.1007/978-3-642-28869-2_5,06013173929-06203136104,2026-02-13,included,raw/cs031-references-p0001-opencitations.json.gz
opencitations,CS031,S45,references,doi:10.1145/3766061->doi:10.1145/1706299.1706303,doi:10.1145/3766061,doi:10.1145/1706299.1706303,10.1145/3766061,10.1145/1706299.1706303,10.1145/3766061,10.1145/1706299.1706303,06013173929-06703590949,2026-02-13,included,raw/cs031-references-p0001-opencitations.json.gz
opencitations,CS031,S45,references,doi:10.1145/3766061->doi:10.1145/1926385.1926394,doi:10.1145/3766061,doi:10.1145/1926385.1926394,10.1145/3766061,10.1145/1926385.1926394,10.1145/3766061,10.1145/1926385.1926394,06013173929-061503155181,2026-02-13,included,raw/cs031-references-p0001-opencitations.json.gz
opencitations,CS031,S45,references,doi:10.1145/3766061->doi:10.1145/872035.872048,doi:10.1145/3766061,doi:10.1145/872035.872048,10.1145/3766061,10.1145/872035.872048,10.1145/3766061,10.1145/872035.872048,06013173929-06703784354,2026-02-13,included,raw/cs031-references-p0001-opencitations.json.gz
opencitations,CS031,S45,references,doi:10.1145/3766061->doi:10.1016/0020-0190(81)90106-x,doi:10.1145/3766061,doi:10.1016/0020-0190(81)90106-x,10.1145/3766061,10.1016/0020-0190(81)90106-x,10.1145/3766061,10.1016/0020-0190(81)90106-x,06013173929-0660941034,2026-02-13,included,raw/cs031-references-p0001-opencitations.json.gz
opencitations,CS031,S45,references,doi:10.1145/3766061->doi:10.1016/s0020-0190(01)00337-4,doi:10.1145/3766061,doi:10.1016/s0020-0190(01)00337-4,10.1145/3766061,10.1016/s0020-0190(01)00337-4,10.1145/3766061,10.1016/s0020-0190(01)00337-4,06013173929-06190937994,2026-02-13,included,raw/cs031-references-p0001-opencitations.json.gz
opencitations,CS031,S45,references,doi:10.1145/3766061->doi:10.1145/1640089.1640106,doi:10.1145/3766061,doi:10.1145/1640089.1640106,10.1145/3766061,10.1145/1640089.1640106,10.1145/3766061,10.1145/1640089.1640106,06013173929-061203196524,2026-02-13,included,raw/cs031-references-p0001-opencitations.json.gz
