provider,seed_id,screening_record_id,direction,operation_status,identity_status,page_index,cursor_in,cursor_out,requested_url,final_url,retrieved_at_utc,http_status,response_date,response_etag,rate_limit_remaining,attempt_count,retry_delays_seconds,content_type,total_results,returned_results,retained_results,cumulative_results,normalization_error_count,raw_file,raw_sha256,raw_gzip_sha256,truncated,pagination_complete,coverage_note,error
semanticscholar,CS001,S01,metadata,failed,not-checked,0,,,https://api.semanticscholar.org/graph/v1/paper/DOI%3A10.1145%2F3485475?fields=paperId%2CcorpusId%2CexternalIds%2Curl%2Ctitle%2Cvenue%2Cyear%2CreferenceCount%2CcitationCount%2CpublicationDate%2CpublicationTypes%2Cauthors,https://api.semanticscholar.org/graph/v1/paper/DOI%3A10.1145%2F3485475?fields=paperId%2CcorpusId%2CexternalIds%2Curl%2Ctitle%2Cvenue%2Cyear%2CreferenceCount%2CcitationCount%2CpublicationDate%2CpublicationTypes%2Cauthors,2026-07-31T01:03:20+00:00,429,"Fri, 31 Jul 2026 01:03:20 GMT",,,4,1.185;2.156;4.119,application/json,,0,0,0,0,raw/cs001-metadata-p0001-semanticscholar.json.gz,65ab993d12c5c2cc9b68e6da2bb79b326930283e520363ffcdc145f88cd5a148,a37ee953037a673450b9887efa8dc62cc1ab6cfc466a9417bb25e634a377cf41,unknown,no,,HTTPError: 429 
semanticscholar,CS001,S01,references,success,not-checked,0,0,,https://api.semanticscholar.org/graph/v1/paper/DOI%3A10.1145%2F3485475/references?fields=paperId%2CcorpusId%2CexternalIds%2Curl%2Ctitle%2Cvenue%2Cyear%2CreferenceCount%2CcitationCount%2CpublicationDate%2CpublicationTypes%2Cauthors&offset=0&limit=1000,https://api.semanticscholar.org/graph/v1/paper/DOI%3A10.1145%2F3485475/references?fields=paperId%2CcorpusId%2CexternalIds%2Curl%2Ctitle%2Cvenue%2Cyear%2CreferenceCount%2CcitationCount%2CpublicationDate%2CpublicationTypes%2Cauthors&offset=0&limit=1000,2026-07-31T01:03:22+00:00,200,"Fri, 31 Jul 2026 01:03:22 GMT",,,1,,application/json,,50,50,50,0,raw/cs001-references-p0001-semanticscholar.json.gz,3fe32037c20e2aa860e58edd3e6fcecd2ed9d43b29b93e7d6c1cbf8bd6ab2a1a,6c20dbaaf4bce0773935897c98f1dadf6b598c65a8a0f9afd4e7212384bf5404,no,yes,,
semanticscholar,CS001,S01,citations,success,not-checked,0,0,,https://api.semanticscholar.org/graph/v1/paper/DOI%3A10.1145%2F3485475/citations?fields=paperId%2CcorpusId%2CexternalIds%2Curl%2Ctitle%2Cvenue%2Cyear%2CreferenceCount%2CcitationCount%2CpublicationDate%2CpublicationTypes%2Cauthors&offset=0&limit=1000,https://api.semanticscholar.org/graph/v1/paper/DOI%3A10.1145%2F3485475/citations?fields=paperId%2CcorpusId%2CexternalIds%2Curl%2Ctitle%2Cvenue%2Cyear%2CreferenceCount%2CcitationCount%2CpublicationDate%2CpublicationTypes%2Cauthors&offset=0&limit=1000,2026-07-31T01:03:24+00:00,200,"Fri, 31 Jul 2026 01:03:24 GMT",,,1,,application/json,,24,24,24,0,raw/cs001-citations-p0001-semanticscholar.json.gz,ef03c0f0642db179bf32dbd07a0b09c2aa2318bf70855a42d64be58817d9f881,b25133c70dad32fb4fe878f57972259afb279929b39f5bcdc241c7d8b9475b9b,no,yes,,
opencitations,CS001,S01,references-count,success,verified-primary,0,,,https://api.opencitations.net/index/v1/reference-count/10.1145%2F3485475,https://api.opencitations.net/index/v1/reference-count/10.1145%2F3485475,2026-07-31T01:03:26+00:00,200,"Fri, 31 Jul 2026 01:03:26 GMT",,,1,,application/json,51,1,1,1,0,raw/cs001-references-count-opencitations.json.gz,7f846a4b203674c469c808b688a120ff31ae6c3bcbd28fa48b8d2c5157ff92ea,9467a8ab68a0fb00dfece902115c228854dd815dfa7bb0aae9ebd235d235bfce,no,yes,,
opencitations,CS001,S01,references,success,verified-primary,0,,,https://api.opencitations.net/index/v1/references/10.1145%2F3485475,https://api.opencitations.net/index/v1/references/10.1145%2F3485475,2026-07-31T01:03:27+00:00,200,"Fri, 31 Jul 2026 00:37:19 GMT",,,1,,application/json,51,51,51,51,0,raw/cs001-references-p0001-opencitations.json.gz,7b9dff5e840d3f3069daa0ebde0aeafcf73780445423f143d2d792d4a016e61c,cd6cf2e95bc93c637659a760cbbd85b9470cdaae07b0471f8927f72503a8a0ec,no,yes,,
opencitations,CS001,S01,citations-count,success,verified-primary,0,,,https://api.opencitations.net/index/v1/citation-count/10.1145%2F3485475,https://api.opencitations.net/index/v1/citation-count/10.1145%2F3485475,2026-07-31T01:03:28+00:00,200,"Fri, 31 Jul 2026 01:00:17 GMT",,,1,,application/json,22,1,1,1,0,raw/cs001-citations-count-opencitations.json.gz,08f897f41a2b18582e4a37e645e4ca2e6771b5b020526161eb78f72cef5f0f13,e749753937aaa602ff9aa5daea011482ad49719c6e999765bf0025dd28b721a0,no,yes,,
opencitations,CS001,S01,citations,success-with-limitations,verified-primary,0,,,https://api.opencitations.net/index/v1/citations/10.1145%2F3485475,https://api.opencitations.net/index/v1/citations/10.1145%2F3485475,2026-07-31T01:03:29+00:00,200,"Fri, 31 Jul 2026 00:38:59 GMT",,,1,,application/json,22,22,22,22,3,raw/cs001-citations-p0001-opencitations.json.gz,ad6a3ad7a9ddf867495dd3b1c701469eb9c37fe1ec5ad3e422fbae72a2516702,5e823842bf6df4b85bc0e2086f958030b57a8277f7790ad2ec8760e7555a7fbb,no,yes,3 rows lacked a valid DOI pair,
semanticscholar,CS002,S02,metadata,success,verified-primary,0,,,https://api.semanticscholar.org/graph/v1/paper/DOI%3A10.1145%2F3591253?fields=paperId%2CcorpusId%2CexternalIds%2Curl%2Ctitle%2Cvenue%2Cyear%2CreferenceCount%2CcitationCount%2CpublicationDate%2CpublicationTypes%2Cauthors,https://api.semanticscholar.org/graph/v1/paper/DOI%3A10.1145%2F3591253?fields=paperId%2CcorpusId%2CexternalIds%2Curl%2Ctitle%2Cvenue%2Cyear%2CreferenceCount%2CcitationCount%2CpublicationDate%2CpublicationTypes%2Cauthors,2026-07-31T01:03:35+00:00,200,"Fri, 31 Jul 2026 01:03:35 GMT",,,3,1.068;2.012,application/json,1,1,1,1,0,raw/cs002-metadata-p0001-semanticscholar.json.gz,58ee780620a108f72917fec9edf35bae9b4ec81972dd28de0029f020184654ef,184ac446fe38401a2bcad6249e662cd6fac76315078e44f1ea6b886087a12463,no,yes,,
semanticscholar,CS002,S02,references,success,not-checked,0,0,,https://api.semanticscholar.org/graph/v1/paper/DOI%3A10.1145%2F3591253/references?fields=paperId%2CcorpusId%2CexternalIds%2Curl%2Ctitle%2Cvenue%2Cyear%2CreferenceCount%2CcitationCount%2CpublicationDate%2CpublicationTypes%2Cauthors&offset=0&limit=1000,https://api.semanticscholar.org/graph/v1/paper/DOI%3A10.1145%2F3591253/references?fields=paperId%2CcorpusId%2CexternalIds%2Curl%2Ctitle%2Cvenue%2Cyear%2CreferenceCount%2CcitationCount%2CpublicationDate%2CpublicationTypes%2Cauthors&offset=0&limit=1000,2026-07-31T01:03:37+00:00,200,"Fri, 31 Jul 2026 01:03:36 GMT",,,1,,application/json,,37,37,37,0,raw/cs002-references-p0001-semanticscholar.json.gz,9d88c950caa3aa2d7f29b0a5872026e196d3fbc8e9a01a2219432ad33851b58f,bcc6fce72ea129f93636b2c6ef0d863482bd421985c45950fe3f639d28e8b821,no,yes,,
semanticscholar,CS002,S02,citations,success,not-checked,0,0,,https://api.semanticscholar.org/graph/v1/paper/DOI%3A10.1145%2F3591253/citations?fields=paperId%2CcorpusId%2CexternalIds%2Curl%2Ctitle%2Cvenue%2Cyear%2CreferenceCount%2CcitationCount%2CpublicationDate%2CpublicationTypes%2Cauthors&offset=0&limit=1000,https://api.semanticscholar.org/graph/v1/paper/DOI%3A10.1145%2F3591253/citations?fields=paperId%2CcorpusId%2CexternalIds%2Curl%2Ctitle%2Cvenue%2Cyear%2CreferenceCount%2CcitationCount%2CpublicationDate%2CpublicationTypes%2Cauthors&offset=0&limit=1000,2026-07-31T01:03:39+00:00,200,"Fri, 31 Jul 2026 01:03:38 GMT",,,1,,application/json,,13,13,13,0,raw/cs002-citations-p0001-semanticscholar.json.gz,b0264faa0a608d806e99441edc6df8fd141a3ed17f6537be71f5efb7dea717e5,ac63d6d8abda4678bfeec013ea51ab10e977ee8a768f3048a1e2a9906a287145,no,yes,,
opencitations,CS002,S02,references-count,success,verified-primary,0,,,https://api.opencitations.net/index/v1/reference-count/10.1145%2F3591253,https://api.opencitations.net/index/v1/reference-count/10.1145%2F3591253,2026-07-31T01:03:40+00:00,200,"Fri, 31 Jul 2026 01:03:40 GMT",,,1,,application/json,25,1,1,1,0,raw/cs002-references-count-opencitations.json.gz,02aa43cda6be9bae7c94f95715a23959ddfa18744f591c26aacaa1b4abce459c,c2f4dedbfd0a3648584cba5533f109b4094a493057e684fe7f0172464c45b463,no,yes,,
opencitations,CS002,S02,references,success,verified-primary,0,,,https://api.opencitations.net/index/v1/references/10.1145%2F3591253,https://api.opencitations.net/index/v1/references/10.1145%2F3591253,2026-07-31T01:03:41+00:00,200,"Fri, 31 Jul 2026 01:03:41 GMT",,,1,,application/json,25,25,25,25,0,raw/cs002-references-p0001-opencitations.json.gz,3e1058e68298ad4959c69150f5ccb64ab211e152f7ab06aab5f175ef781f8c66,55711b8edcfb990f20be9fd8aa09065e4f58b0292dc1be77cea79638a96f3dd1,no,yes,,
opencitations,CS002,S02,citations-count,success,verified-primary,0,,,https://api.opencitations.net/index/v1/citation-count/10.1145%2F3591253,https://api.opencitations.net/index/v1/citation-count/10.1145%2F3591253,2026-07-31T01:03:42+00:00,200,"Fri, 31 Jul 2026 01:03:42 GMT",,,1,,application/json,8,1,1,1,0,raw/cs002-citations-count-opencitations.json.gz,75dc05d1d55c46ff91d99e38d58b0d8d72752bbac4230fcb5b21472c048a3409,f76a5ba364791879389c983b28dc5abe63db8f216c41501c6302264d8db633f0,no,yes,,
opencitations,CS002,S02,citations,success,verified-primary,0,,,https://api.opencitations.net/index/v1/citations/10.1145%2F3591253,https://api.opencitations.net/index/v1/citations/10.1145%2F3591253,2026-07-31T01:03:43+00:00,200,"Fri, 31 Jul 2026 01:03:43 GMT",,,1,,application/json,8,8,8,8,0,raw/cs002-citations-p0001-opencitations.json.gz,987a8489b3496544b2a3833f66b29498890bdc1c81986e6747d9942a2ba2bb03,e0db0d8f239c40aeaf749e7f893f4bfab470350ca8e54f42c5de49bfb68d597c,no,yes,,
semanticscholar,CS003,S03,metadata,failed,not-checked,0,,,https://api.semanticscholar.org/graph/v1/paper/DOI%3A10.1007%2F978-3-031-37706-8_10?fields=paperId%2CcorpusId%2CexternalIds%2Curl%2Ctitle%2Cvenue%2Cyear%2CreferenceCount%2CcitationCount%2CpublicationDate%2CpublicationTypes%2Cauthors,https://api.semanticscholar.org/graph/v1/paper/DOI%3A10.1007%2F978-3-031-37706-8_10?fields=paperId%2CcorpusId%2CexternalIds%2Curl%2Ctitle%2Cvenue%2Cyear%2CreferenceCount%2CcitationCount%2CpublicationDate%2CpublicationTypes%2Cauthors,2026-07-31T01:03:53+00:00,429,"Fri, 31 Jul 2026 01:03:53 GMT",,,4,1.202;2.074;4.156,application/json,,0,0,0,0,raw/cs003-metadata-p0001-semanticscholar.json.gz,65ab993d12c5c2cc9b68e6da2bb79b326930283e520363ffcdc145f88cd5a148,a37ee953037a673450b9887efa8dc62cc1ab6cfc466a9417bb25e634a377cf41,unknown,no,,HTTPError: 429 
semanticscholar,CS003,S03,references,failed,not-checked,0,0,,https://api.semanticscholar.org/graph/v1/paper/DOI%3A10.1007%2F978-3-031-37706-8_10/references?fields=paperId%2CcorpusId%2CexternalIds%2Curl%2Ctitle%2Cvenue%2Cyear%2CreferenceCount%2CcitationCount%2CpublicationDate%2CpublicationTypes%2Cauthors&offset=0&limit=1000,https://api.semanticscholar.org/graph/v1/paper/DOI%3A10.1007%2F978-3-031-37706-8_10/references?fields=paperId%2CcorpusId%2CexternalIds%2Curl%2Ctitle%2Cvenue%2Cyear%2CreferenceCount%2CcitationCount%2CpublicationDate%2CpublicationTypes%2Cauthors&offset=0&limit=1000,2026-07-31T01:03:55+00:00,404,"Fri, 31 Jul 2026 01:03:55 GMT",,,1,,application/json,,0,0,0,0,raw/cs003-references-p0001-semanticscholar.json.gz,07e1f9e85710096b0839815f2986995a9ad3fe1018a89dfabd46f4fec9dbc585,c080ad34c33fbe6ab140b96dbec4b70f1525007aab0522cc8bd3c3d24f75468b,unknown,no,,HTTPError: 404 Not Found
semanticscholar,CS003,S03,citations,failed,not-checked,0,0,,https://api.semanticscholar.org/graph/v1/paper/DOI%3A10.1007%2F978-3-031-37706-8_10/citations?fields=paperId%2CcorpusId%2CexternalIds%2Curl%2Ctitle%2Cvenue%2Cyear%2CreferenceCount%2CcitationCount%2CpublicationDate%2CpublicationTypes%2Cauthors&offset=0&limit=1000,https://api.semanticscholar.org/graph/v1/paper/DOI%3A10.1007%2F978-3-031-37706-8_10/citations?fields=paperId%2CcorpusId%2CexternalIds%2Curl%2Ctitle%2Cvenue%2Cyear%2CreferenceCount%2CcitationCount%2CpublicationDate%2CpublicationTypes%2Cauthors&offset=0&limit=1000,2026-07-31T01:03:57+00:00,404,"Fri, 31 Jul 2026 01:03:56 GMT",,,1,,application/json,,0,0,0,0,raw/cs003-citations-p0001-semanticscholar.json.gz,07e1f9e85710096b0839815f2986995a9ad3fe1018a89dfabd46f4fec9dbc585,c080ad34c33fbe6ab140b96dbec4b70f1525007aab0522cc8bd3c3d24f75468b,unknown,no,,HTTPError: 404 Not Found
opencitations,CS003,S03,references-count,success,verified-primary,0,,,https://api.opencitations.net/index/v1/reference-count/10.1007%2F978-3-031-37706-8_10,https://api.opencitations.net/index/v1/reference-count/10.1007%2F978-3-031-37706-8_10,2026-07-31T01:03:58+00:00,200,"Fri, 31 Jul 2026 01:03:58 GMT",,,1,,application/json,44,1,1,1,0,raw/cs003-references-count-opencitations.json.gz,bbc58a3fc87e3255e605424ddd40dedb4f37b0483a888911f488c76a46c83278,a184ca4af87f7effeaffe664045069f53365046a7991b8a4534e8a98d2e0fd24,no,yes,,
opencitations,CS003,S03,references,success,verified-primary,0,,,https://api.opencitations.net/index/v1/references/10.1007%2F978-3-031-37706-8_10,https://api.opencitations.net/index/v1/references/10.1007%2F978-3-031-37706-8_10,2026-07-31T01:03:59+00:00,200,"Fri, 31 Jul 2026 01:03:59 GMT",,,1,,application/json,44,44,44,44,0,raw/cs003-references-p0001-opencitations.json.gz,fc52d8611193f03a9f9ff772146a898ab3887fc49bb35fb249d6008a2fe829f4,d6af58f35468e3c30f841173e1405e5dc7315ace37f53528fb08021653b54946,no,yes,,
opencitations,CS003,S03,citations-count,success,verified-primary,0,,,https://api.opencitations.net/index/v1/citation-count/10.1007%2F978-3-031-37706-8_10,https://api.opencitations.net/index/v1/citation-count/10.1007%2F978-3-031-37706-8_10,2026-07-31T01:04:00+00:00,200,"Fri, 31 Jul 2026 01:04:00 GMT",,,1,,application/json,10,1,1,1,0,raw/cs003-citations-count-opencitations.json.gz,327e9cd860f81ca8c8713d6c0ed07580bfa4a22b851e054b1dabc92d0f75fa24,3d52e4539952d45506db5bb9894e9456f334d4e68c53814f757e540139989bac,no,yes,,
opencitations,CS003,S03,citations,success-with-limitations,verified-primary,0,,,https://api.opencitations.net/index/v1/citations/10.1007%2F978-3-031-37706-8_10,https://api.opencitations.net/index/v1/citations/10.1007%2F978-3-031-37706-8_10,2026-07-31T01:04:01+00:00,200,"Fri, 31 Jul 2026 01:04:01 GMT",,,1,,application/json,10,10,10,10,2,raw/cs003-citations-p0001-opencitations.json.gz,6234a4ee6abd03f7c649ef0feacd2ed313bb185f9c0b66889a787bb25fa028af,61babfb1b3d36e1e007a49a8423399cf5ebe5fb0c1f83614f50adb74bd4c76aa,no,yes,2 rows lacked a valid DOI pair,
semanticscholar,CS004,S05,metadata,failed,not-checked,0,,,https://api.semanticscholar.org/graph/v1/paper/DOI%3A10.1145%2F3776687?fields=paperId%2CcorpusId%2CexternalIds%2Curl%2Ctitle%2Cvenue%2Cyear%2CreferenceCount%2CcitationCount%2CpublicationDate%2CpublicationTypes%2Cauthors,https://api.semanticscholar.org/graph/v1/paper/DOI%3A10.1145%2F3776687?fields=paperId%2CcorpusId%2CexternalIds%2Curl%2Ctitle%2Cvenue%2Cyear%2CreferenceCount%2CcitationCount%2CpublicationDate%2CpublicationTypes%2Cauthors,2026-07-31T01:04:12+00:00,429,"Fri, 31 Jul 2026 01:04:12 GMT",,,4,1.147;2.034;4.167,application/json,,0,0,0,0,raw/cs004-metadata-p0001-semanticscholar.json.gz,65ab993d12c5c2cc9b68e6da2bb79b326930283e520363ffcdc145f88cd5a148,a37ee953037a673450b9887efa8dc62cc1ab6cfc466a9417bb25e634a377cf41,unknown,no,,HTTPError: 429 
semanticscholar,CS004,S05,references,success,not-checked,0,0,,https://api.semanticscholar.org/graph/v1/paper/DOI%3A10.1145%2F3776687/references?fields=paperId%2CcorpusId%2CexternalIds%2Curl%2Ctitle%2Cvenue%2Cyear%2CreferenceCount%2CcitationCount%2CpublicationDate%2CpublicationTypes%2Cauthors&offset=0&limit=1000,https://api.semanticscholar.org/graph/v1/paper/DOI%3A10.1145%2F3776687/references?fields=paperId%2CcorpusId%2CexternalIds%2Curl%2Ctitle%2Cvenue%2Cyear%2CreferenceCount%2CcitationCount%2CpublicationDate%2CpublicationTypes%2Cauthors&offset=0&limit=1000,2026-07-31T01:04:14+00:00,200,"Fri, 31 Jul 2026 01:04:14 GMT",,,1,,application/json,,50,50,50,0,raw/cs004-references-p0001-semanticscholar.json.gz,f7ea80f3e43d79dfcbbde2b36118934a77997c3a9fb60e5e29b8f77f82d87ffc,673959420142bb6a7a83985b752e50e1d03ca058335211aaa2f2b12d64ef1f26,no,yes,,
semanticscholar,CS004,S05,citations,success,not-checked,0,0,,https://api.semanticscholar.org/graph/v1/paper/DOI%3A10.1145%2F3776687/citations?fields=paperId%2CcorpusId%2CexternalIds%2Curl%2Ctitle%2Cvenue%2Cyear%2CreferenceCount%2CcitationCount%2CpublicationDate%2CpublicationTypes%2Cauthors&offset=0&limit=1000,https://api.semanticscholar.org/graph/v1/paper/DOI%3A10.1145%2F3776687/citations?fields=paperId%2CcorpusId%2CexternalIds%2Curl%2Ctitle%2Cvenue%2Cyear%2CreferenceCount%2CcitationCount%2CpublicationDate%2CpublicationTypes%2Cauthors&offset=0&limit=1000,2026-07-31T01:04:16+00:00,200,"Fri, 31 Jul 2026 01:04:16 GMT",,,1,,application/json,,2,2,2,0,raw/cs004-citations-p0001-semanticscholar.json.gz,ebb9bd2c2f0614a019f5af8d22a98d3ec59997ccb807e9c51b40d07e7600238b,1c5453c93c94432dff4e057c608f21c36a52fe8f7bb6cb6066b9c55ceaa56f1c,no,yes,,
opencitations,CS004,S05,references-count,success,verified-primary,0,,,https://api.opencitations.net/index/v1/reference-count/10.1145%2F3776687,https://api.opencitations.net/index/v1/reference-count/10.1145%2F3776687,2026-07-31T01:04:17+00:00,200,"Fri, 31 Jul 2026 01:04:17 GMT",,,1,,application/json,34,1,1,1,0,raw/cs004-references-count-opencitations.json.gz,f2125eabaf7459eec2e27cd6b7f92129209c0da952990e41c877a9ff781bbac3,16eead569601c03a1e49d56077f46c0dac01da164c6fe6e74e0b283523b9dcf3,no,yes,,
opencitations,CS004,S05,references,success,verified-primary,0,,,https://api.opencitations.net/index/v1/references/10.1145%2F3776687,https://api.opencitations.net/index/v1/references/10.1145%2F3776687,2026-07-31T01:04:18+00:00,200,"Fri, 31 Jul 2026 01:04:18 GMT",,,1,,application/json,34,34,34,34,0,raw/cs004-references-p0001-opencitations.json.gz,1016e9140996a22b2f5c3d5836f1b434eddc8426668ba41d9a8537004377286a,15abd7aa9dc527df62c95ca68cf348f6efb0039107c6161088d8a9004df4b1fc,no,yes,,
opencitations,CS004,S05,citations-count,success,verified-primary,0,,,https://api.opencitations.net/index/v1/citation-count/10.1145%2F3776687,https://api.opencitations.net/index/v1/citation-count/10.1145%2F3776687,2026-07-31T01:04:19+00:00,200,"Fri, 31 Jul 2026 01:04:19 GMT",,,1,,application/json,0,1,1,1,0,raw/cs004-citations-count-opencitations.json.gz,6486e57e78a021661017453e99de98c8be810c07f89e6e985ed0dfccf9cb1fe3,2f5c99c678271b5f2f5db318d41ad7286cf42d8a4aac4bd4100a66ee0a6690ff,no,yes,,
opencitations,CS004,S05,citations,success,verified-primary,0,,,https://api.opencitations.net/index/v1/citations/10.1145%2F3776687,https://api.opencitations.net/index/v1/citations/10.1145%2F3776687,2026-07-31T01:04:20+00:00,200,"Fri, 31 Jul 2026 01:04:20 GMT",,,1,,application/json,0,0,0,0,0,raw/cs004-citations-p0001-opencitations.json.gz,4f53cda18c2baa0c0354bb5f9a3ecbe5ed12ab4d8e11ba873c2f11161202b945,d15254cd9d142b950433cb8d1c0efb328352fa04db90c0f4d6eb2a68dead445f,no,yes,,
semanticscholar,CS005,S06,metadata,success,verified-primary,0,,,https://api.semanticscholar.org/graph/v1/paper/DOI%3A10.1007%2F978-3-032-26204-2_6?fields=paperId%2CcorpusId%2CexternalIds%2Curl%2Ctitle%2Cvenue%2Cyear%2CreferenceCount%2CcitationCount%2CpublicationDate%2CpublicationTypes%2Cauthors,https://api.semanticscholar.org/graph/v1/paper/DOI%3A10.1007%2F978-3-032-26204-2_6?fields=paperId%2CcorpusId%2CexternalIds%2Curl%2Ctitle%2Cvenue%2Cyear%2CreferenceCount%2CcitationCount%2CpublicationDate%2CpublicationTypes%2Cauthors,2026-07-31T01:04:22+00:00,200,"Fri, 31 Jul 2026 01:04:21 GMT",,,1,,application/json,1,1,1,1,0,raw/cs005-metadata-p0001-semanticscholar.json.gz,a007e73f304947de20853904b096fe547e0aade635d39e54ad484d4147818a53,4baa7ad0112fb66ac6a4f93c79deacd2d22d973b438dd271aee9e9e0a1f5424f,no,yes,,
semanticscholar,CS005,S06,references,success,not-checked,0,0,,https://api.semanticscholar.org/graph/v1/paper/DOI%3A10.1007%2F978-3-032-26204-2_6/references?fields=paperId%2CcorpusId%2CexternalIds%2Curl%2Ctitle%2Cvenue%2Cyear%2CreferenceCount%2CcitationCount%2CpublicationDate%2CpublicationTypes%2Cauthors&offset=0&limit=1000,https://api.semanticscholar.org/graph/v1/paper/DOI%3A10.1007%2F978-3-032-26204-2_6/references?fields=paperId%2CcorpusId%2CexternalIds%2Curl%2Ctitle%2Cvenue%2Cyear%2CreferenceCount%2CcitationCount%2CpublicationDate%2CpublicationTypes%2Cauthors&offset=0&limit=1000,2026-07-31T01:04:23+00:00,200,"Fri, 31 Jul 2026 01:04:23 GMT",,,1,,application/json,,0,0,0,0,raw/cs005-references-p0001-semanticscholar.json.gz,fb0f75b2ba0308ca7e479c3fb16b7aeab592fc0d2699d49a05e695d61280a3d3,049e7450af0d5812f98db0c320b0dc712c97820c0bfa1de3e139380a9c43cee4,no,yes,,
semanticscholar,CS005,S06,citations,success,not-checked,0,0,,https://api.semanticscholar.org/graph/v1/paper/DOI%3A10.1007%2F978-3-032-26204-2_6/citations?fields=paperId%2CcorpusId%2CexternalIds%2Curl%2Ctitle%2Cvenue%2Cyear%2CreferenceCount%2CcitationCount%2CpublicationDate%2CpublicationTypes%2Cauthors&offset=0&limit=1000,https://api.semanticscholar.org/graph/v1/paper/DOI%3A10.1007%2F978-3-032-26204-2_6/citations?fields=paperId%2CcorpusId%2CexternalIds%2Curl%2Ctitle%2Cvenue%2Cyear%2CreferenceCount%2CcitationCount%2CpublicationDate%2CpublicationTypes%2Cauthors&offset=0&limit=1000,2026-07-31T01:04:25+00:00,200,"Fri, 31 Jul 2026 01:04:25 GMT",,,1,,application/json,,0,0,0,0,raw/cs005-citations-p0001-semanticscholar.json.gz,b890c0f15f5c03ba84c2ef5ace10d4d63f07c6388916be8151f53ffbb7a0b479,d4d8ca6284e219176f00e54a8f7825ee027947b9e76c3989e3f083dcf6ce3675,no,yes,,
opencitations,CS005,S06,references-count,success,verified-primary,0,,,https://api.opencitations.net/index/v1/reference-count/10.1007%2F978-3-032-26204-2_6,https://api.opencitations.net/index/v1/reference-count/10.1007%2F978-3-032-26204-2_6,2026-07-31T01:04:27+00:00,200,"Fri, 31 Jul 2026 01:04:27 GMT",,,1,,application/json,0,1,1,1,0,raw/cs005-references-count-opencitations.json.gz,6486e57e78a021661017453e99de98c8be810c07f89e6e985ed0dfccf9cb1fe3,2f5c99c678271b5f2f5db318d41ad7286cf42d8a4aac4bd4100a66ee0a6690ff,no,yes,,
opencitations,CS005,S06,references,success,verified-primary,0,,,https://api.opencitations.net/index/v1/references/10.1007%2F978-3-032-26204-2_6,https://api.opencitations.net/index/v1/references/10.1007%2F978-3-032-26204-2_6,2026-07-31T01:04:28+00:00,200,"Fri, 31 Jul 2026 01:04:28 GMT",,,1,,application/json,0,0,0,0,0,raw/cs005-references-p0001-opencitations.json.gz,4f53cda18c2baa0c0354bb5f9a3ecbe5ed12ab4d8e11ba873c2f11161202b945,d15254cd9d142b950433cb8d1c0efb328352fa04db90c0f4d6eb2a68dead445f,no,yes,,
opencitations,CS005,S06,citations-count,success,verified-primary,0,,,https://api.opencitations.net/index/v1/citation-count/10.1007%2F978-3-032-26204-2_6,https://api.opencitations.net/index/v1/citation-count/10.1007%2F978-3-032-26204-2_6,2026-07-31T01:04:29+00:00,200,"Fri, 31 Jul 2026 01:04:29 GMT",,,1,,application/json,0,1,1,1,0,raw/cs005-citations-count-opencitations.json.gz,6486e57e78a021661017453e99de98c8be810c07f89e6e985ed0dfccf9cb1fe3,2f5c99c678271b5f2f5db318d41ad7286cf42d8a4aac4bd4100a66ee0a6690ff,no,yes,,
opencitations,CS005,S06,citations,success,verified-primary,0,,,https://api.opencitations.net/index/v1/citations/10.1007%2F978-3-032-26204-2_6,https://api.opencitations.net/index/v1/citations/10.1007%2F978-3-032-26204-2_6,2026-07-31T01:04:30+00:00,200,"Fri, 31 Jul 2026 01:04:30 GMT",,,1,,application/json,0,0,0,0,0,raw/cs005-citations-p0001-opencitations.json.gz,4f53cda18c2baa0c0354bb5f9a3ecbe5ed12ab4d8e11ba873c2f11161202b945,d15254cd9d142b950433cb8d1c0efb328352fa04db90c0f4d6eb2a68dead445f,no,yes,,
semanticscholar,CS006,S07,metadata,failed,not-checked,0,,,https://api.semanticscholar.org/graph/v1/paper/DOI%3A10.1145%2F3519939.3523451?fields=paperId%2CcorpusId%2CexternalIds%2Curl%2Ctitle%2Cvenue%2Cyear%2CreferenceCount%2CcitationCount%2CpublicationDate%2CpublicationTypes%2Cauthors,https://api.semanticscholar.org/graph/v1/paper/DOI%3A10.1145%2F3519939.3523451?fields=paperId%2CcorpusId%2CexternalIds%2Curl%2Ctitle%2Cvenue%2Cyear%2CreferenceCount%2CcitationCount%2CpublicationDate%2CpublicationTypes%2Cauthors,2026-07-31T01:04:40+00:00,429,"Fri, 31 Jul 2026 01:04:40 GMT",,,4,1.096;2.062;4.208,application/json,,0,0,0,0,raw/cs006-metadata-p0001-semanticscholar.json.gz,65ab993d12c5c2cc9b68e6da2bb79b326930283e520363ffcdc145f88cd5a148,a37ee953037a673450b9887efa8dc62cc1ab6cfc466a9417bb25e634a377cf41,unknown,no,,HTTPError: 429 
semanticscholar,CS006,S07,references,success,not-checked,0,0,,https://api.semanticscholar.org/graph/v1/paper/DOI%3A10.1145%2F3519939.3523451/references?fields=paperId%2CcorpusId%2CexternalIds%2Curl%2Ctitle%2Cvenue%2Cyear%2CreferenceCount%2CcitationCount%2CpublicationDate%2CpublicationTypes%2Cauthors&offset=0&limit=1000,https://api.semanticscholar.org/graph/v1/paper/DOI%3A10.1145%2F3519939.3523451/references?fields=paperId%2CcorpusId%2CexternalIds%2Curl%2Ctitle%2Cvenue%2Cyear%2CreferenceCount%2CcitationCount%2CpublicationDate%2CpublicationTypes%2Cauthors&offset=0&limit=1000,2026-07-31T01:04:43+00:00,200,"Fri, 31 Jul 2026 01:04:42 GMT",,,1,,application/json,,76,76,76,0,raw/cs006-references-p0001-semanticscholar.json.gz,75cd7962d975f2fcd2ea46fc51cc3010ba8e795a1018c0b08033b1d6ca11932e,0d65fea06d5f4b0e760c9254f9132ba6ca89024553ccd6a16088bb16a5ab3328,no,yes,,
semanticscholar,CS006,S07,citations,success,not-checked,0,0,,https://api.semanticscholar.org/graph/v1/paper/DOI%3A10.1145%2F3519939.3523451/citations?fields=paperId%2CcorpusId%2CexternalIds%2Curl%2Ctitle%2Cvenue%2Cyear%2CreferenceCount%2CcitationCount%2CpublicationDate%2CpublicationTypes%2Cauthors&offset=0&limit=1000,https://api.semanticscholar.org/graph/v1/paper/DOI%3A10.1145%2F3519939.3523451/citations?fields=paperId%2CcorpusId%2CexternalIds%2Curl%2Ctitle%2Cvenue%2Cyear%2CreferenceCount%2CcitationCount%2CpublicationDate%2CpublicationTypes%2Cauthors&offset=0&limit=1000,2026-07-31T01:04:45+00:00,200,"Fri, 31 Jul 2026 01:04:44 GMT",,,1,,application/json,,26,26,26,0,raw/cs006-citations-p0001-semanticscholar.json.gz,fa9ad6e5485a1ad8005d6344719b210e062d9cf5af59255ea358bd049419baeb,cbafd24b78a011727ddb4e5b09fd0a9f5e449c32df9c416f544dbb0f63e8a146,no,yes,,
opencitations,CS006,S07,references-count,success,verified-primary,0,,,https://api.opencitations.net/index/v1/reference-count/10.1145%2F3519939.3523451,https://api.opencitations.net/index/v1/reference-count/10.1145%2F3519939.3523451,2026-07-31T01:04:46+00:00,200,"Fri, 31 Jul 2026 01:04:46 GMT",,,1,,application/json,68,1,1,1,0,raw/cs006-references-count-opencitations.json.gz,2e8e7ae95b7776e2b219702b16f0bff04438eb004c7fac8b9e2ac28e4df7c7b3,6a6925855a97102f67c9962c86028eb7096a29837c48e59cffae6d313999de32,no,yes,,
opencitations,CS006,S07,references,success,verified-primary,0,,,https://api.opencitations.net/index/v1/references/10.1145%2F3519939.3523451,https://api.opencitations.net/index/v1/references/10.1145%2F3519939.3523451,2026-07-31T01:04:48+00:00,200,"Fri, 31 Jul 2026 01:04:47 GMT",,,1,,application/json,68,68,68,68,0,raw/cs006-references-p0001-opencitations.json.gz,46445a9416c976966721577c3fedf287cbead3d8c1cf4c6b8f11c64764499341,019cef0793f39cfe4ed675fe5136818350cdce1f3f05f08be2cf2f8b1e6bd6e0,no,yes,,
opencitations,CS006,S07,citations-count,success,verified-primary,0,,,https://api.opencitations.net/index/v1/citation-count/10.1145%2F3519939.3523451,https://api.opencitations.net/index/v1/citation-count/10.1145%2F3519939.3523451,2026-07-31T01:04:49+00:00,200,"Fri, 31 Jul 2026 01:04:49 GMT",,,1,,application/json,21,1,1,1,0,raw/cs006-citations-count-opencitations.json.gz,c8e5b0b1db4af16e03d022eb4b4fbf67437c0eaf5b4860ef2a2be5ead5c24d34,1618e196fe8c6251c61ee69be8408dd23bc660aaf18a06558aa9fdd150021ce8,no,yes,,
opencitations,CS006,S07,citations,success-with-limitations,verified-primary,0,,,https://api.opencitations.net/index/v1/citations/10.1145%2F3519939.3523451,https://api.opencitations.net/index/v1/citations/10.1145%2F3519939.3523451,2026-07-31T01:04:50+00:00,200,"Fri, 31 Jul 2026 01:04:50 GMT",,,1,,application/json,21,21,21,21,1,raw/cs006-citations-p0001-opencitations.json.gz,e73c0802b4a1dbabc91ebe96af623d93ed09c2e112611fa962221b5e16854cfe,89bbbe2760b9c050373e92595a16908aed0cdab95c3225bb4948cfb6484359d1,no,yes,1 rows lacked a valid DOI pair,
semanticscholar,CS007,S08,metadata,success,verified-primary,0,,,https://api.semanticscholar.org/graph/v1/paper/DOI%3A10.1145%2F3656384?fields=paperId%2CcorpusId%2CexternalIds%2Curl%2Ctitle%2Cvenue%2Cyear%2CreferenceCount%2CcitationCount%2CpublicationDate%2CpublicationTypes%2Cauthors,https://api.semanticscholar.org/graph/v1/paper/DOI%3A10.1145%2F3656384?fields=paperId%2CcorpusId%2CexternalIds%2Curl%2Ctitle%2Cvenue%2Cyear%2CreferenceCount%2CcitationCount%2CpublicationDate%2CpublicationTypes%2Cauthors,2026-07-31T01:05:01+00:00,200,"Fri, 31 Jul 2026 01:05:01 GMT",,,4,1.024;2.219;4.242,application/json,1,1,1,1,0,raw/cs007-metadata-p0001-semanticscholar.json.gz,1cea24134c0bcf81118b533b0c7c125e02d67ff36bd97ba651d3198345944f6d,67f4938173b61cc4e19f6e174d45c37e1790765264ff9b86eeff013257957651,no,yes,,
semanticscholar,CS007,S08,references,success,not-checked,0,0,,https://api.semanticscholar.org/graph/v1/paper/DOI%3A10.1145%2F3656384/references?fields=paperId%2CcorpusId%2CexternalIds%2Curl%2Ctitle%2Cvenue%2Cyear%2CreferenceCount%2CcitationCount%2CpublicationDate%2CpublicationTypes%2Cauthors&offset=0&limit=1000,https://api.semanticscholar.org/graph/v1/paper/DOI%3A10.1145%2F3656384/references?fields=paperId%2CcorpusId%2CexternalIds%2Curl%2Ctitle%2Cvenue%2Cyear%2CreferenceCount%2CcitationCount%2CpublicationDate%2CpublicationTypes%2Cauthors&offset=0&limit=1000,2026-07-31T01:05:03+00:00,200,"Fri, 31 Jul 2026 01:05:03 GMT",,,1,,application/json,,51,51,51,0,raw/cs007-references-p0001-semanticscholar.json.gz,888e6edb0b654bbe3daf9a18f2c8beceb2d765a8e3436f58432a2cbc163eca1a,f84b455ada6ba56248679da17d77a65bce44089b2becff8b7944a48371f71021,no,yes,,
semanticscholar,CS007,S08,citations,success,not-checked,0,0,,https://api.semanticscholar.org/graph/v1/paper/DOI%3A10.1145%2F3656384/citations?fields=paperId%2CcorpusId%2CexternalIds%2Curl%2Ctitle%2Cvenue%2Cyear%2CreferenceCount%2CcitationCount%2CpublicationDate%2CpublicationTypes%2Cauthors&offset=0&limit=1000,https://api.semanticscholar.org/graph/v1/paper/DOI%3A10.1145%2F3656384/citations?fields=paperId%2CcorpusId%2CexternalIds%2Curl%2Ctitle%2Cvenue%2Cyear%2CreferenceCount%2CcitationCount%2CpublicationDate%2CpublicationTypes%2Cauthors&offset=0&limit=1000,2026-07-31T01:05:04+00:00,200,"Fri, 31 Jul 2026 01:05:04 GMT",,,1,,application/json,,6,6,6,0,raw/cs007-citations-p0001-semanticscholar.json.gz,143266e70620660a6a3a67f3cf59a24a344cacf77711db8f16d6331a1a78299a,a690f1225a014b4977935847dc1f0d2c6986f7ac07118a252980ae1107ad823f,no,yes,,
opencitations,CS007,S08,references-count,success,verified-primary,0,,,https://api.opencitations.net/index/v1/reference-count/10.1145%2F3656384,https://api.opencitations.net/index/v1/reference-count/10.1145%2F3656384,2026-07-31T01:05:06+00:00,200,"Fri, 31 Jul 2026 01:05:06 GMT",,,1,,application/json,46,1,1,1,0,raw/cs007-references-count-opencitations.json.gz,e9ac3852b3a9d1114ae310dfe4f45150449fbd114769cc7ed99dfd2fea017791,cfa00109a2dc1198888ff34fc50b6e3e9a1cf5104c79aecae79fa80708cacefd,no,yes,,
opencitations,CS007,S08,references,success,verified-primary,0,,,https://api.opencitations.net/index/v1/references/10.1145%2F3656384,https://api.opencitations.net/index/v1/references/10.1145%2F3656384,2026-07-31T01:05:07+00:00,200,"Fri, 31 Jul 2026 01:05:06 GMT",,,1,,application/json,46,46,46,46,0,raw/cs007-references-p0001-opencitations.json.gz,a85cc8d3f0882a5afa105bfc9bd7b5d522a1a85c7912ad6504ade11cd23b3a57,756f3a79194c52a7e9cd5ef819e63479a433f9c6d8eae6120903f505a71e9933,no,yes,,
opencitations,CS007,S08,citations-count,success,verified-primary,0,,,https://api.opencitations.net/index/v1/citation-count/10.1145%2F3656384,https://api.opencitations.net/index/v1/citation-count/10.1145%2F3656384,2026-07-31T01:05:07+00:00,200,"Fri, 31 Jul 2026 01:05:07 GMT",,,1,,application/json,4,1,1,1,0,raw/cs007-citations-count-opencitations.json.gz,1da1f01547ce6004e1929734bd0389372c49adf6e31f971a4a2021419307f389,5f6bedb5288d04c8e12834e99e801557dd3cd798ea2aa05ae873e2b1c501fb35,no,yes,,
opencitations,CS007,S08,citations,success,verified-primary,0,,,https://api.opencitations.net/index/v1/citations/10.1145%2F3656384,https://api.opencitations.net/index/v1/citations/10.1145%2F3656384,2026-07-31T01:05:08+00:00,200,"Fri, 31 Jul 2026 01:05:08 GMT",,,1,,application/json,4,4,4,4,0,raw/cs007-citations-p0001-opencitations.json.gz,9bc4a80fd9f5adfbf24a42a0a25bf4a4ccf25f2cf4fc759e071620901786dc74,ad7bc9e4975e5f2d0ecee2fd4bcd0234739306f925eaca8cd5a04ec5b3a78a6a,no,yes,,
semanticscholar,CS008,S09,metadata,failed,not-checked,0,,,https://api.semanticscholar.org/graph/v1/paper/DOI%3A10.1145%2F3437801.3441619?fields=paperId%2CcorpusId%2CexternalIds%2Curl%2Ctitle%2Cvenue%2Cyear%2CreferenceCount%2CcitationCount%2CpublicationDate%2CpublicationTypes%2Cauthors,https://api.semanticscholar.org/graph/v1/paper/DOI%3A10.1145%2F3437801.3441619?fields=paperId%2CcorpusId%2CexternalIds%2Curl%2Ctitle%2Cvenue%2Cyear%2CreferenceCount%2CcitationCount%2CpublicationDate%2CpublicationTypes%2Cauthors,2026-07-31T01:05:19+00:00,429,"Fri, 31 Jul 2026 01:05:19 GMT",,,4,1.070;2.155;4.138,application/json,,0,0,0,0,raw/cs008-metadata-p0001-semanticscholar.json.gz,65ab993d12c5c2cc9b68e6da2bb79b326930283e520363ffcdc145f88cd5a148,a37ee953037a673450b9887efa8dc62cc1ab6cfc466a9417bb25e634a377cf41,unknown,no,,HTTPError: 429 
semanticscholar,CS008,S09,references,success,not-checked,0,0,,https://api.semanticscholar.org/graph/v1/paper/DOI%3A10.1145%2F3437801.3441619/references?fields=paperId%2CcorpusId%2CexternalIds%2Curl%2Ctitle%2Cvenue%2Cyear%2CreferenceCount%2CcitationCount%2CpublicationDate%2CpublicationTypes%2Cauthors&offset=0&limit=1000,https://api.semanticscholar.org/graph/v1/paper/DOI%3A10.1145%2F3437801.3441619/references?fields=paperId%2CcorpusId%2CexternalIds%2Curl%2Ctitle%2Cvenue%2Cyear%2CreferenceCount%2CcitationCount%2CpublicationDate%2CpublicationTypes%2Cauthors&offset=0&limit=1000,2026-07-31T01:05:21+00:00,200,"Fri, 31 Jul 2026 01:05:21 GMT",,,1,,application/json,,44,44,44,0,raw/cs008-references-p0001-semanticscholar.json.gz,3946c6dfa167d1ffaf640d76a10cbb332b9b2f72a7ce2ae36b0fc7c475f5c515,60fff0afb85c8e434918838e066380d639437fd1dbb0635ca4046078742225dd,no,yes,,
semanticscholar,CS008,S09,citations,success,not-checked,0,0,,https://api.semanticscholar.org/graph/v1/paper/DOI%3A10.1145%2F3437801.3441619/citations?fields=paperId%2CcorpusId%2CexternalIds%2Curl%2Ctitle%2Cvenue%2Cyear%2CreferenceCount%2CcitationCount%2CpublicationDate%2CpublicationTypes%2Cauthors&offset=0&limit=1000,https://api.semanticscholar.org/graph/v1/paper/DOI%3A10.1145%2F3437801.3441619/citations?fields=paperId%2CcorpusId%2CexternalIds%2Curl%2Ctitle%2Cvenue%2Cyear%2CreferenceCount%2CcitationCount%2CpublicationDate%2CpublicationTypes%2Cauthors&offset=0&limit=1000,2026-07-31T01:05:23+00:00,200,"Fri, 31 Jul 2026 01:05:23 GMT",,,1,,application/json,,6,6,6,0,raw/cs008-citations-p0001-semanticscholar.json.gz,d2094dea5302b6264f2dc48627495c7bd90db9df39aff17edb6330baf301f95c,fab026f9eb257034fe29fcf3f1d66d80bd6c63f75a2172a5765cf70081c3d687,no,yes,,
opencitations,CS008,S09,references-count,success,verified-primary,0,,,https://api.opencitations.net/index/v1/reference-count/10.1145%2F3437801.3441619,https://api.opencitations.net/index/v1/reference-count/10.1145%2F3437801.3441619,2026-07-31T01:05:24+00:00,200,"Fri, 31 Jul 2026 01:05:24 GMT",,,1,,application/json,11,1,1,1,0,raw/cs008-references-count-opencitations.json.gz,2848d172121a4b02643066f4edc1b8e6d1684b887e944b9d2940a6a78216f0ad,5e2398db07b4daefdffcbde84f9658f34e6633e28b7925df6cf28d0ccc1981c4,no,yes,,
opencitations,CS008,S09,references,success-with-limitations,verified-primary,0,,,https://api.opencitations.net/index/v1/references/10.1145%2F3437801.3441619,https://api.opencitations.net/index/v1/references/10.1145%2F3437801.3441619,2026-07-31T01:05:25+00:00,200,"Fri, 31 Jul 2026 01:05:25 GMT",,,1,,application/json,11,11,11,11,1,raw/cs008-references-p0001-opencitations.json.gz,f516615055ced94c824432eacd679d74d1698bcc49ba83879436b737f6f67f91,78cbfa6ba8427627a84761bd25bc9d28136db2affc823eac87d53a2f1d32e517,no,yes,1 rows lacked a valid DOI pair,
opencitations,CS008,S09,citations-count,success,verified-primary,0,,,https://api.opencitations.net/index/v1/citation-count/10.1145%2F3437801.3441619,https://api.opencitations.net/index/v1/citation-count/10.1145%2F3437801.3441619,2026-07-31T01:05:26+00:00,200,"Fri, 31 Jul 2026 01:05:26 GMT",,,1,,application/json,5,1,1,1,0,raw/cs008-citations-count-opencitations.json.gz,8d006efca95c4d18fda85fc6ab5de11418df6dfe895a03bc85b80f33af1d6603,ce4cfe43ae251918ed097b5cd2f6f288c9597e2dc88f8c3da00bee0c73c68506,no,yes,,
opencitations,CS008,S09,citations,success-with-limitations,verified-primary,0,,,https://api.opencitations.net/index/v1/citations/10.1145%2F3437801.3441619,https://api.opencitations.net/index/v1/citations/10.1145%2F3437801.3441619,2026-07-31T01:05:27+00:00,200,"Fri, 31 Jul 2026 01:05:27 GMT",,,1,,application/json,5,5,5,5,1,raw/cs008-citations-p0001-opencitations.json.gz,8165325d66983f756a3a55371ec7ca57a6872497a826f359232611910cc8cfdd,500e0d963767b46369f518db2cd1dbd77a000a5351c3830fc4efedebceb4ee1d,no,yes,1 rows lacked a valid DOI pair,
semanticscholar,CS009,S10,metadata,failed,not-checked,0,,,https://api.semanticscholar.org/graph/v1/paper/DOI%3A10.1145%2F1480881.1480886?fields=paperId%2CcorpusId%2CexternalIds%2Curl%2Ctitle%2Cvenue%2Cyear%2CreferenceCount%2CcitationCount%2CpublicationDate%2CpublicationTypes%2Cauthors,https://api.semanticscholar.org/graph/v1/paper/DOI%3A10.1145%2F1480881.1480886?fields=paperId%2CcorpusId%2CexternalIds%2Curl%2Ctitle%2Cvenue%2Cyear%2CreferenceCount%2CcitationCount%2CpublicationDate%2CpublicationTypes%2Cauthors,2026-07-31T01:05:38+00:00,429,"Fri, 31 Jul 2026 01:05:38 GMT",,,4,1.243;2.062;4.191,application/json,,0,0,0,0,raw/cs009-metadata-p0001-semanticscholar.json.gz,65ab993d12c5c2cc9b68e6da2bb79b326930283e520363ffcdc145f88cd5a148,a37ee953037a673450b9887efa8dc62cc1ab6cfc466a9417bb25e634a377cf41,unknown,no,,HTTPError: 429 
semanticscholar,CS009,S10,references,failed,not-checked,0,0,,https://api.semanticscholar.org/graph/v1/paper/DOI%3A10.1145%2F1480881.1480886/references?fields=paperId%2CcorpusId%2CexternalIds%2Curl%2Ctitle%2Cvenue%2Cyear%2CreferenceCount%2CcitationCount%2CpublicationDate%2CpublicationTypes%2Cauthors&offset=0&limit=1000,https://api.semanticscholar.org/graph/v1/paper/DOI%3A10.1145%2F1480881.1480886/references?fields=paperId%2CcorpusId%2CexternalIds%2Curl%2Ctitle%2Cvenue%2Cyear%2CreferenceCount%2CcitationCount%2CpublicationDate%2CpublicationTypes%2Cauthors&offset=0&limit=1000,2026-07-31T01:05:40+00:00,200,"Fri, 31 Jul 2026 01:05:40 GMT",,,1,,application/json,,0,0,0,0,raw/cs009-references-p0001-semanticscholar.json.gz,f78371cc51c2f0ce01c2f2db34debdf558de7375c567cb0e4934fc0731060a80,c2e25f23a2d785762fbd4d3bb755c71764b749174aeebd40040fe627a6eed779,unknown,no,,ValueError: Semantic Scholar relation response lacks a data array
semanticscholar,CS009,S10,citations,success,not-checked,0,0,,https://api.semanticscholar.org/graph/v1/paper/DOI%3A10.1145%2F1480881.1480886/citations?fields=paperId%2CcorpusId%2CexternalIds%2Curl%2Ctitle%2Cvenue%2Cyear%2CreferenceCount%2CcitationCount%2CpublicationDate%2CpublicationTypes%2Cauthors&offset=0&limit=1000,https://api.semanticscholar.org/graph/v1/paper/DOI%3A10.1145%2F1480881.1480886/citations?fields=paperId%2CcorpusId%2CexternalIds%2Curl%2Ctitle%2Cvenue%2Cyear%2CreferenceCount%2CcitationCount%2CpublicationDate%2CpublicationTypes%2Cauthors&offset=0&limit=1000,2026-07-31T01:05:42+00:00,200,"Fri, 31 Jul 2026 01:05:42 GMT",,,1,,application/json,,98,98,98,0,raw/cs009-citations-p0001-semanticscholar.json.gz,2d9bc4daec2188ef0bf26c27cff0960abc8d42a840ad4eb0cd9538637bb7ca23,0604ca52857d7cf4f0b203a52ab44eb89e5ee40ecf08ba2e0ee1077a7701a05c,no,yes,,
opencitations,CS009,S10,references-count,success,verified-primary,0,,,https://api.opencitations.net/index/v1/reference-count/10.1145%2F1480881.1480886,https://api.opencitations.net/index/v1/reference-count/10.1145%2F1480881.1480886,2026-07-31T01:05:44+00:00,200,"Fri, 31 Jul 2026 01:05:44 GMT",,,1,,application/json,20,1,1,1,0,raw/cs009-references-count-opencitations.json.gz,d208151cdc70b1d478eb786d0e79260c9bf356b0d7633bf9cdd83f0fedc8650d,bfe8a9bceba272477b0682955e1dcaca87cb2b79ef24ddd78ab06c7bbd3e4fe5,no,yes,,
opencitations,CS009,S10,references,success,verified-primary,0,,,https://api.opencitations.net/index/v1/references/10.1145%2F1480881.1480886,https://api.opencitations.net/index/v1/references/10.1145%2F1480881.1480886,2026-07-31T01:05:45+00:00,200,"Fri, 31 Jul 2026 01:05:45 GMT",,,1,,application/json,20,20,20,20,0,raw/cs009-references-p0001-opencitations.json.gz,23dae08562a7941ec764af854c93da764f25da1401bf5818244d89dc3ae8d17b,94f7bb9edb3bf595a1976442bb057a6b417e7ebe9ed181564b04a3fef4f5f22b,no,yes,,
opencitations,CS009,S10,citations-count,success,verified-primary,0,,,https://api.opencitations.net/index/v1/citation-count/10.1145%2F1480881.1480886,https://api.opencitations.net/index/v1/citation-count/10.1145%2F1480881.1480886,2026-07-31T01:05:45+00:00,200,"Fri, 31 Jul 2026 01:05:45 GMT",,,1,,application/json,25,1,1,1,0,raw/cs009-citations-count-opencitations.json.gz,02aa43cda6be9bae7c94f95715a23959ddfa18744f591c26aacaa1b4abce459c,c2f4dedbfd0a3648584cba5533f109b4094a493057e684fe7f0172464c45b463,no,yes,,
opencitations,CS009,S10,citations,success-with-limitations,verified-primary,0,,,https://api.opencitations.net/index/v1/citations/10.1145%2F1480881.1480886,https://api.opencitations.net/index/v1/citations/10.1145%2F1480881.1480886,2026-07-31T01:05:46+00:00,200,"Fri, 31 Jul 2026 01:05:46 GMT",,,1,,application/json,25,25,25,25,1,raw/cs009-citations-p0001-opencitations.json.gz,57e91fa97db174f8ab842eb8977919843393c5e31b931a7936448c9cf7b6a9bb,4127ceacd9cf60cb20a252901c9fe024e80a55b388a6de736094cda610f7e334,no,yes,1 rows lacked a valid DOI pair,
semanticscholar,CS010,S14,metadata,failed,not-checked,0,,,https://api.semanticscholar.org/graph/v1/paper/DOI%3A10.1145%2F3720525?fields=paperId%2CcorpusId%2CexternalIds%2Curl%2Ctitle%2Cvenue%2Cyear%2CreferenceCount%2CcitationCount%2CpublicationDate%2CpublicationTypes%2Cauthors,https://api.semanticscholar.org/graph/v1/paper/DOI%3A10.1145%2F3720525?fields=paperId%2CcorpusId%2CexternalIds%2Curl%2Ctitle%2Cvenue%2Cyear%2CreferenceCount%2CcitationCount%2CpublicationDate%2CpublicationTypes%2Cauthors,2026-07-31T01:05:57+00:00,429,"Fri, 31 Jul 2026 01:05:57 GMT",,,4,1.077;2.009;4.249,application/json,,0,0,0,0,raw/cs010-metadata-p0001-semanticscholar.json.gz,65ab993d12c5c2cc9b68e6da2bb79b326930283e520363ffcdc145f88cd5a148,a37ee953037a673450b9887efa8dc62cc1ab6cfc466a9417bb25e634a377cf41,unknown,no,,HTTPError: 429 
semanticscholar,CS010,S14,references,success,not-checked,0,0,,https://api.semanticscholar.org/graph/v1/paper/DOI%3A10.1145%2F3720525/references?fields=paperId%2CcorpusId%2CexternalIds%2Curl%2Ctitle%2Cvenue%2Cyear%2CreferenceCount%2CcitationCount%2CpublicationDate%2CpublicationTypes%2Cauthors&offset=0&limit=1000,https://api.semanticscholar.org/graph/v1/paper/DOI%3A10.1145%2F3720525/references?fields=paperId%2CcorpusId%2CexternalIds%2Curl%2Ctitle%2Cvenue%2Cyear%2CreferenceCount%2CcitationCount%2CpublicationDate%2CpublicationTypes%2Cauthors&offset=0&limit=1000,2026-07-31T01:05:59+00:00,200,"Fri, 31 Jul 2026 01:05:59 GMT",,,1,,application/json,,43,43,43,0,raw/cs010-references-p0001-semanticscholar.json.gz,2e98b8956903f277279ca59e3d908b3d35fd2d2591b852dd383e766d5801d417,17bb80246c10742edf3ec6976949c84f79dcbc6f65a0b6803b5b2566091a3bf3,no,yes,,
semanticscholar,CS010,S14,citations,success,not-checked,0,0,,https://api.semanticscholar.org/graph/v1/paper/DOI%3A10.1145%2F3720525/citations?fields=paperId%2CcorpusId%2CexternalIds%2Curl%2Ctitle%2Cvenue%2Cyear%2CreferenceCount%2CcitationCount%2CpublicationDate%2CpublicationTypes%2Cauthors&offset=0&limit=1000,https://api.semanticscholar.org/graph/v1/paper/DOI%3A10.1145%2F3720525/citations?fields=paperId%2CcorpusId%2CexternalIds%2Curl%2Ctitle%2Cvenue%2Cyear%2CreferenceCount%2CcitationCount%2CpublicationDate%2CpublicationTypes%2Cauthors&offset=0&limit=1000,2026-07-31T01:06:01+00:00,200,"Fri, 31 Jul 2026 01:06:01 GMT",,,1,,application/json,,6,6,6,0,raw/cs010-citations-p0001-semanticscholar.json.gz,5e101d3bc2400ac487fbef58f2c60a695085c831ff162002e423bed3aa6831f0,6e2d1ce38816cf3ae300270f8975cd7514446700232274d5272519e3181cbd86,no,yes,,
opencitations,CS010,S14,references-count,success,verified-primary,0,,,https://api.opencitations.net/index/v1/reference-count/10.1145%2F3720525,https://api.opencitations.net/index/v1/reference-count/10.1145%2F3720525,2026-07-31T01:06:02+00:00,200,"Fri, 31 Jul 2026 01:06:02 GMT",,,1,,application/json,33,1,1,1,0,raw/cs010-references-count-opencitations.json.gz,d380e45daf02405f4473f26bab284d14cb92776938b2f57645e6e04c1f65cd4d,5509eb9f178da07157ce4f24ddb13ff78e51355dff76bbeffb18ec79ef966531,no,yes,,
opencitations,CS010,S14,references,success,verified-primary,0,,,https://api.opencitations.net/index/v1/references/10.1145%2F3720525,https://api.opencitations.net/index/v1/references/10.1145%2F3720525,2026-07-31T01:06:04+00:00,200,"Fri, 31 Jul 2026 01:06:03 GMT",,,1,,application/json,33,33,33,33,0,raw/cs010-references-p0001-opencitations.json.gz,d2e5e20f494d373d9e729429404da22e42fb165754b803f48a9edd992a701d74,843df357d2c33f81c250563490c102622fe35c001b109eef0ad1d9131fb137ea,no,yes,,
opencitations,CS010,S14,citations-count,success,verified-primary,0,,,https://api.opencitations.net/index/v1/citation-count/10.1145%2F3720525,https://api.opencitations.net/index/v1/citation-count/10.1145%2F3720525,2026-07-31T01:06:05+00:00,200,"Fri, 31 Jul 2026 01:06:05 GMT",,,1,,application/json,3,1,1,1,0,raw/cs010-citations-count-opencitations.json.gz,6c5e818b47959df0cc4f65614135c0fed1e934f49e27be3d820cdc8a2ebcbb04,114feac0f1117f671031bff7f7f7d047492e7faeb7c3aa4619a7327d61178023,no,yes,,
opencitations,CS010,S14,citations,success-with-limitations,verified-primary,0,,,https://api.opencitations.net/index/v1/citations/10.1145%2F3720525,https://api.opencitations.net/index/v1/citations/10.1145%2F3720525,2026-07-31T01:06:06+00:00,200,"Fri, 31 Jul 2026 01:06:06 GMT",,,1,,application/json,3,3,3,3,1,raw/cs010-citations-p0001-opencitations.json.gz,6c371da3a4427f15001dfb14516bd024635e0a9ae769bf02c5ed6ab9138ac08a,5211d5926a812ac2f7f89f5358238e3ffd77beafc7604a84c9a49a29570ad7e0,no,yes,1 rows lacked a valid DOI pair,
semanticscholar,CS011,S15,metadata,success,verified-primary,0,,,https://api.semanticscholar.org/graph/v1/paper/DOI%3A10.1145%2F3798240?fields=paperId%2CcorpusId%2CexternalIds%2Curl%2Ctitle%2Cvenue%2Cyear%2CreferenceCount%2CcitationCount%2CpublicationDate%2CpublicationTypes%2Cauthors,https://api.semanticscholar.org/graph/v1/paper/DOI%3A10.1145%2F3798240?fields=paperId%2CcorpusId%2CexternalIds%2Curl%2Ctitle%2Cvenue%2Cyear%2CreferenceCount%2CcitationCount%2CpublicationDate%2CpublicationTypes%2Cauthors,2026-07-31T01:06:12+00:00,200,"Fri, 31 Jul 2026 01:06:12 GMT",,,3,1.217;2.012,application/json,1,1,1,1,0,raw/cs011-metadata-p0001-semanticscholar.json.gz,12d0082b44715f1139bf00ba00f4194538f247be621d51ca31eecd5b45f783e4,6f4d64b0702a451c73502a5f744fbe548b8c428432fc59c394153a5c5e6eb0e4,no,yes,,
semanticscholar,CS011,S15,references,success,not-checked,0,0,,https://api.semanticscholar.org/graph/v1/paper/DOI%3A10.1145%2F3798240/references?fields=paperId%2CcorpusId%2CexternalIds%2Curl%2Ctitle%2Cvenue%2Cyear%2CreferenceCount%2CcitationCount%2CpublicationDate%2CpublicationTypes%2Cauthors&offset=0&limit=1000,https://api.semanticscholar.org/graph/v1/paper/DOI%3A10.1145%2F3798240/references?fields=paperId%2CcorpusId%2CexternalIds%2Curl%2Ctitle%2Cvenue%2Cyear%2CreferenceCount%2CcitationCount%2CpublicationDate%2CpublicationTypes%2Cauthors&offset=0&limit=1000,2026-07-31T01:06:14+00:00,200,"Fri, 31 Jul 2026 01:06:13 GMT",,,1,,application/json,,39,39,39,0,raw/cs011-references-p0001-semanticscholar.json.gz,af11f358b52932d23ada0d540a199aa79a87cb1afeee41286e699f50fc0226a0,ba62deaebbad98447fe1be2f272aa86c2698728b1a21f5a1ea350786db6461a0,no,yes,,
semanticscholar,CS011,S15,citations,success,not-checked,0,0,,https://api.semanticscholar.org/graph/v1/paper/DOI%3A10.1145%2F3798240/citations?fields=paperId%2CcorpusId%2CexternalIds%2Curl%2Ctitle%2Cvenue%2Cyear%2CreferenceCount%2CcitationCount%2CpublicationDate%2CpublicationTypes%2Cauthors&offset=0&limit=1000,https://api.semanticscholar.org/graph/v1/paper/DOI%3A10.1145%2F3798240/citations?fields=paperId%2CcorpusId%2CexternalIds%2Curl%2Ctitle%2Cvenue%2Cyear%2CreferenceCount%2CcitationCount%2CpublicationDate%2CpublicationTypes%2Cauthors&offset=0&limit=1000,2026-07-31T01:06:15+00:00,200,"Fri, 31 Jul 2026 01:06:15 GMT",,,1,,application/json,,2,2,2,0,raw/cs011-citations-p0001-semanticscholar.json.gz,a20dde4eded67939aef3a5e7feb1ffc1b332689228fd3fec8d5bb2319c9ce03b,e33c5edd40033e1e46e3347e985e9908f10f2d2a2adfc449bceba3e5a2d42bbd,no,yes,,
opencitations,CS011,S15,references-count,success,verified-primary,0,,,https://api.opencitations.net/index/v1/reference-count/10.1145%2F3798240,https://api.opencitations.net/index/v1/reference-count/10.1145%2F3798240,2026-07-31T01:06:17+00:00,200,"Fri, 31 Jul 2026 01:06:17 GMT",,,1,,application/json,0,1,1,1,0,raw/cs011-references-count-opencitations.json.gz,6486e57e78a021661017453e99de98c8be810c07f89e6e985ed0dfccf9cb1fe3,2f5c99c678271b5f2f5db318d41ad7286cf42d8a4aac4bd4100a66ee0a6690ff,no,yes,,
opencitations,CS011,S15,references,success,verified-primary,0,,,https://api.opencitations.net/index/v1/references/10.1145%2F3798240,https://api.opencitations.net/index/v1/references/10.1145%2F3798240,2026-07-31T01:06:17+00:00,200,"Fri, 31 Jul 2026 01:06:17 GMT",,,1,,application/json,0,0,0,0,0,raw/cs011-references-p0001-opencitations.json.gz,4f53cda18c2baa0c0354bb5f9a3ecbe5ed12ab4d8e11ba873c2f11161202b945,d15254cd9d142b950433cb8d1c0efb328352fa04db90c0f4d6eb2a68dead445f,no,yes,,
opencitations,CS011,S15,citations-count,success,verified-primary,0,,,https://api.opencitations.net/index/v1/citation-count/10.1145%2F3798240,https://api.opencitations.net/index/v1/citation-count/10.1145%2F3798240,2026-07-31T01:06:18+00:00,200,"Fri, 31 Jul 2026 01:06:18 GMT",,,1,,application/json,0,1,1,1,0,raw/cs011-citations-count-opencitations.json.gz,6486e57e78a021661017453e99de98c8be810c07f89e6e985ed0dfccf9cb1fe3,2f5c99c678271b5f2f5db318d41ad7286cf42d8a4aac4bd4100a66ee0a6690ff,no,yes,,
opencitations,CS011,S15,citations,success,verified-primary,0,,,https://api.opencitations.net/index/v1/citations/10.1145%2F3798240,https://api.opencitations.net/index/v1/citations/10.1145%2F3798240,2026-07-31T01:06:19+00:00,200,"Fri, 31 Jul 2026 01:06:19 GMT",,,1,,application/json,0,0,0,0,0,raw/cs011-citations-p0001-opencitations.json.gz,4f53cda18c2baa0c0354bb5f9a3ecbe5ed12ab4d8e11ba873c2f11161202b945,d15254cd9d142b950433cb8d1c0efb328352fa04db90c0f4d6eb2a68dead445f,no,yes,,
semanticscholar,CS012,S16,metadata,success,verified-primary,0,,,https://api.semanticscholar.org/graph/v1/paper/ARXIV%3A2212.14126?fields=paperId%2CcorpusId%2CexternalIds%2Curl%2Ctitle%2Cvenue%2Cyear%2CreferenceCount%2CcitationCount%2CpublicationDate%2CpublicationTypes%2Cauthors,https://api.semanticscholar.org/graph/v1/paper/ARXIV%3A2212.14126?fields=paperId%2CcorpusId%2CexternalIds%2Curl%2Ctitle%2Cvenue%2Cyear%2CreferenceCount%2CcitationCount%2CpublicationDate%2CpublicationTypes%2Cauthors,2026-07-31T01:06:22+00:00,200,"Fri, 31 Jul 2026 01:06:22 GMT",,,2,1.165,application/json,1,1,1,1,0,raw/cs012-metadata-p0001-semanticscholar.json.gz,faefcc971ca795c45704185859cc1999ab0165b3ff76540ac2bb4c681c5e38ca,4c5ff4e1233328c44a1c566c551e7485835c7dcfc1944c9ce4aa728ef5a8c360,no,yes,,
semanticscholar,CS012,S16,references,success,not-checked,0,0,,https://api.semanticscholar.org/graph/v1/paper/ARXIV%3A2212.14126/references?fields=paperId%2CcorpusId%2CexternalIds%2Curl%2Ctitle%2Cvenue%2Cyear%2CreferenceCount%2CcitationCount%2CpublicationDate%2CpublicationTypes%2Cauthors&offset=0&limit=1000,https://api.semanticscholar.org/graph/v1/paper/ARXIV%3A2212.14126/references?fields=paperId%2CcorpusId%2CexternalIds%2Curl%2Ctitle%2Cvenue%2Cyear%2CreferenceCount%2CcitationCount%2CpublicationDate%2CpublicationTypes%2Cauthors&offset=0&limit=1000,2026-07-31T01:06:24+00:00,200,"Fri, 31 Jul 2026 01:06:24 GMT",,,1,,application/json,,45,45,45,0,raw/cs012-references-p0001-semanticscholar.json.gz,5dd482bf5f2238d961fb97fc51aa19b1555e16658adf1161c1a0e598e7133cde,5b427fbf27bdf124b512655c9365d275ddd175ea2a20c35266f7684e4c461d40,no,yes,,
semanticscholar,CS012,S16,citations,success,not-checked,0,0,,https://api.semanticscholar.org/graph/v1/paper/ARXIV%3A2212.14126/citations?fields=paperId%2CcorpusId%2CexternalIds%2Curl%2Ctitle%2Cvenue%2Cyear%2CreferenceCount%2CcitationCount%2CpublicationDate%2CpublicationTypes%2Cauthors&offset=0&limit=1000,https://api.semanticscholar.org/graph/v1/paper/ARXIV%3A2212.14126/citations?fields=paperId%2CcorpusId%2CexternalIds%2Curl%2Ctitle%2Cvenue%2Cyear%2CreferenceCount%2CcitationCount%2CpublicationDate%2CpublicationTypes%2Cauthors&offset=0&limit=1000,2026-07-31T01:06:25+00:00,200,"Fri, 31 Jul 2026 01:06:25 GMT",,,1,,application/json,,0,0,0,0,raw/cs012-citations-p0001-semanticscholar.json.gz,b890c0f15f5c03ba84c2ef5ace10d4d63f07c6388916be8151f53ffbb7a0b479,d4d8ca6284e219176f00e54a8f7825ee027947b9e76c3989e3f083dcf6ce3675,no,yes,,
opencitations,CS012,S16,references-count,skipped,not-checked,0,,,,,2026-07-31T01:06:26+00:00,,,,,,,,,0,0,0,0,,,,unknown,not-attempted,,SKIPPED: OpenCitations COCI requires a DOI
opencitations,CS012,S16,references,skipped,not-checked,0,,,,,2026-07-31T01:06:26+00:00,,,,,,,,,0,0,0,0,,,,unknown,not-attempted,,SKIPPED: OpenCitations COCI requires a DOI
opencitations,CS012,S16,citations-count,skipped,not-checked,0,,,,,2026-07-31T01:06:26+00:00,,,,,,,,,0,0,0,0,,,,unknown,not-attempted,,SKIPPED: OpenCitations COCI requires a DOI
opencitations,CS012,S16,citations,skipped,not-checked,0,,,,,2026-07-31T01:06:26+00:00,,,,,,,,,0,0,0,0,,,,unknown,not-attempted,,SKIPPED: OpenCitations COCI requires a DOI
semanticscholar,CS013,S17,metadata,failed,not-checked,0,,,https://api.semanticscholar.org/graph/v1/paper/DOI%3A10.1007%2F978-3-662-49498-1_8?fields=paperId%2CcorpusId%2CexternalIds%2Curl%2Ctitle%2Cvenue%2Cyear%2CreferenceCount%2CcitationCount%2CpublicationDate%2CpublicationTypes%2Cauthors,https://api.semanticscholar.org/graph/v1/paper/DOI%3A10.1007%2F978-3-662-49498-1_8?fields=paperId%2CcorpusId%2CexternalIds%2Curl%2Ctitle%2Cvenue%2Cyear%2CreferenceCount%2CcitationCount%2CpublicationDate%2CpublicationTypes%2Cauthors,2026-07-31T01:06:36+00:00,429,"Fri, 31 Jul 2026 01:06:36 GMT",,,4,1.164;2.023;4.145,application/json,,0,0,0,0,raw/cs013-metadata-p0001-semanticscholar.json.gz,65ab993d12c5c2cc9b68e6da2bb79b326930283e520363ffcdc145f88cd5a148,a37ee953037a673450b9887efa8dc62cc1ab6cfc466a9417bb25e634a377cf41,unknown,no,,HTTPError: 429 
semanticscholar,CS013,S17,references,failed,not-checked,0,0,,https://api.semanticscholar.org/graph/v1/paper/DOI%3A10.1007%2F978-3-662-49498-1_8/references?fields=paperId%2CcorpusId%2CexternalIds%2Curl%2Ctitle%2Cvenue%2Cyear%2CreferenceCount%2CcitationCount%2CpublicationDate%2CpublicationTypes%2Cauthors&offset=0&limit=1000,https://api.semanticscholar.org/graph/v1/paper/DOI%3A10.1007%2F978-3-662-49498-1_8/references?fields=paperId%2CcorpusId%2CexternalIds%2Curl%2Ctitle%2Cvenue%2Cyear%2CreferenceCount%2CcitationCount%2CpublicationDate%2CpublicationTypes%2Cauthors&offset=0&limit=1000,2026-07-31T01:06:38+00:00,200,"Fri, 31 Jul 2026 01:06:38 GMT",,,1,,application/json,,0,0,0,0,raw/cs013-references-p0001-semanticscholar.json.gz,4a0b5f1cd27229bb92327898ecedaf4323da7e2ebfa3db2eec0230fede948f6c,1d391555b8e5d006a0d34dc814db3dce1460b1a85fa09389a69b4f2dfe219b35,unknown,no,,ValueError: Semantic Scholar relation response lacks a data array
semanticscholar,CS013,S17,citations,success,not-checked,0,0,,https://api.semanticscholar.org/graph/v1/paper/DOI%3A10.1007%2F978-3-662-49498-1_8/citations?fields=paperId%2CcorpusId%2CexternalIds%2Curl%2Ctitle%2Cvenue%2Cyear%2CreferenceCount%2CcitationCount%2CpublicationDate%2CpublicationTypes%2Cauthors&offset=0&limit=1000,https://api.semanticscholar.org/graph/v1/paper/DOI%3A10.1007%2F978-3-662-49498-1_8/citations?fields=paperId%2CcorpusId%2CexternalIds%2Curl%2Ctitle%2Cvenue%2Cyear%2CreferenceCount%2CcitationCount%2CpublicationDate%2CpublicationTypes%2Cauthors&offset=0&limit=1000,2026-07-31T01:06:40+00:00,200,"Fri, 31 Jul 2026 01:06:39 GMT",,,1,,application/json,,32,32,32,0,raw/cs013-citations-p0001-semanticscholar.json.gz,8936b72801b2910144d3489a13cd42b2b60b575c96c9c764d4b0e69dec5d52e3,77d78abc0750cffbe33e7493519268b7553cc4cd44b56bcd7a575579f4790b8b,no,yes,,
opencitations,CS013,S17,references-count,success,verified-primary,0,,,https://api.opencitations.net/index/v1/reference-count/10.1007%2F978-3-662-49498-1_8,https://api.opencitations.net/index/v1/reference-count/10.1007%2F978-3-662-49498-1_8,2026-07-31T01:06:41+00:00,200,"Fri, 31 Jul 2026 01:06:41 GMT",,,1,,application/json,22,1,1,1,0,raw/cs013-references-count-opencitations.json.gz,08f897f41a2b18582e4a37e645e4ca2e6771b5b020526161eb78f72cef5f0f13,e749753937aaa602ff9aa5daea011482ad49719c6e999765bf0025dd28b721a0,no,yes,,
opencitations,CS013,S17,references,success,verified-primary,0,,,https://api.opencitations.net/index/v1/references/10.1007%2F978-3-662-49498-1_8,https://api.opencitations.net/index/v1/references/10.1007%2F978-3-662-49498-1_8,2026-07-31T01:06:42+00:00,200,"Fri, 31 Jul 2026 01:06:42 GMT",,,1,,application/json,22,22,22,22,0,raw/cs013-references-p0001-opencitations.json.gz,1f99dc393f8c10b621e0eb5da3223bbba00dadd952b44f043b69b8234a281e2d,20c85701447416ed5b9f8f3e90ef02b1e2cf804580c2c75b979cd0afd9a2ae71,no,yes,,
opencitations,CS013,S17,citations-count,success,verified-primary,0,,,https://api.opencitations.net/index/v1/citation-count/10.1007%2F978-3-662-49498-1_8,https://api.opencitations.net/index/v1/citation-count/10.1007%2F978-3-662-49498-1_8,2026-07-31T01:06:43+00:00,200,"Fri, 31 Jul 2026 01:06:43 GMT",,,1,,application/json,26,1,1,1,0,raw/cs013-citations-count-opencitations.json.gz,de64fa612287d33982402ab4f520bc71568be1625dbc8bb0031069b10762f9ff,21c999ccf8254af3f6f44886883e10791df1659bbaa71177a438fc99aea7c23e,no,yes,,
opencitations,CS013,S17,citations,success-with-limitations,verified-primary,0,,,https://api.opencitations.net/index/v1/citations/10.1007%2F978-3-662-49498-1_8,https://api.opencitations.net/index/v1/citations/10.1007%2F978-3-662-49498-1_8,2026-07-31T01:06:44+00:00,200,"Fri, 31 Jul 2026 01:06:44 GMT",,,1,,application/json,26,26,26,26,1,raw/cs013-citations-p0001-opencitations.json.gz,0affb66d9fa57ce9e2cc13313f6b7e7f4ddb516e434622cdbab3b6fd5f6593c1,47d12a2e641c4f39067c4b8b56504cb01698c46112fdf704674561bc8cbe5c1b,no,yes,1 rows lacked a valid DOI pair,
semanticscholar,CS014,S19,metadata,success,verified-primary,0,,,https://api.semanticscholar.org/graph/v1/paper/DOI%3A10.1145%2F2837614.2837635?fields=paperId%2CcorpusId%2CexternalIds%2Curl%2Ctitle%2Cvenue%2Cyear%2CreferenceCount%2CcitationCount%2CpublicationDate%2CpublicationTypes%2Cauthors,https://api.semanticscholar.org/graph/v1/paper/DOI%3A10.1145%2F2837614.2837635?fields=paperId%2CcorpusId%2CexternalIds%2Curl%2Ctitle%2Cvenue%2Cyear%2CreferenceCount%2CcitationCount%2CpublicationDate%2CpublicationTypes%2Cauthors,2026-07-31T01:06:46+00:00,200,"Fri, 31 Jul 2026 01:06:46 GMT",,,1,,application/json,1,1,1,1,0,raw/cs014-metadata-p0001-semanticscholar.json.gz,a7bc25938102c952f1c4adef0a21162bd358564ab3e105c7a48688d7a7e8752b,d20c82998f1d688eacd6b3fe3cc09c44f1a519300b837d1ae00f01d354b53f69,no,yes,,
semanticscholar,CS014,S19,references,failed,not-checked,0,0,,https://api.semanticscholar.org/graph/v1/paper/DOI%3A10.1145%2F2837614.2837635/references?fields=paperId%2CcorpusId%2CexternalIds%2Curl%2Ctitle%2Cvenue%2Cyear%2CreferenceCount%2CcitationCount%2CpublicationDate%2CpublicationTypes%2Cauthors&offset=0&limit=1000,https://api.semanticscholar.org/graph/v1/paper/DOI%3A10.1145%2F2837614.2837635/references?fields=paperId%2CcorpusId%2CexternalIds%2Curl%2Ctitle%2Cvenue%2Cyear%2CreferenceCount%2CcitationCount%2CpublicationDate%2CpublicationTypes%2Cauthors&offset=0&limit=1000,2026-07-31T01:06:48+00:00,200,"Fri, 31 Jul 2026 01:06:47 GMT",,,1,,application/json,,0,0,0,0,raw/cs014-references-p0001-semanticscholar.json.gz,993894e1c0f61bb220ec5eff4a76c79a350cf8b85df971951a21ae168221f497,d70759e5700ccd441b649764af66b4d4dcab8d1d5ca75f9caf0c1fbdbc76e6ba,unknown,no,,ValueError: Semantic Scholar relation response lacks a data array
semanticscholar,CS014,S19,citations,success,not-checked,0,0,,https://api.semanticscholar.org/graph/v1/paper/DOI%3A10.1145%2F2837614.2837635/citations?fields=paperId%2CcorpusId%2CexternalIds%2Curl%2Ctitle%2Cvenue%2Cyear%2CreferenceCount%2CcitationCount%2CpublicationDate%2CpublicationTypes%2Cauthors&offset=0&limit=1000,https://api.semanticscholar.org/graph/v1/paper/DOI%3A10.1145%2F2837614.2837635/citations?fields=paperId%2CcorpusId%2CexternalIds%2Curl%2Ctitle%2Cvenue%2Cyear%2CreferenceCount%2CcitationCount%2CpublicationDate%2CpublicationTypes%2Cauthors&offset=0&limit=1000,2026-07-31T01:06:50+00:00,200,"Fri, 31 Jul 2026 01:06:49 GMT",,,1,,application/json,,53,53,53,0,raw/cs014-citations-p0001-semanticscholar.json.gz,7fe4c124cf0a9c4418201d38e2e9b1f13d8ad59d2b0904eae866feb993af80cd,07c79e56e4205c3d14d6202a87a4fc701b62f921d0f44629fb57fc260b1520fc,no,yes,,
opencitations,CS014,S19,references-count,success,verified-primary,0,,,https://api.opencitations.net/index/v1/reference-count/10.1145%2F2837614.2837635,https://api.opencitations.net/index/v1/reference-count/10.1145%2F2837614.2837635,2026-07-31T01:06:51+00:00,200,"Fri, 31 Jul 2026 01:06:51 GMT",,,1,,application/json,32,1,1,1,0,raw/cs014-references-count-opencitations.json.gz,52c869b9c8af3833428ca33386805220b34cda7e44c3263375d98372950c39fc,74ce6248f5f1c8f52f82206f21714edd31ea344106e480687f44a473815bc4af,no,yes,,
opencitations,CS014,S19,references,success,verified-primary,0,,,https://api.opencitations.net/index/v1/references/10.1145%2F2837614.2837635,https://api.opencitations.net/index/v1/references/10.1145%2F2837614.2837635,2026-07-31T01:06:52+00:00,200,"Fri, 31 Jul 2026 01:06:52 GMT",,,1,,application/json,32,32,32,32,0,raw/cs014-references-p0001-opencitations.json.gz,284457bc15a41c4b9247483164a5c7254feeb1f305bb6574821c013fd5dff99c,2351b7f9faf19e72f8bd0e5dd31e68cd4779e14749b8ab9aca6849ef5d5bb61c,no,yes,,
opencitations,CS014,S19,citations-count,success,verified-primary,0,,,https://api.opencitations.net/index/v1/citation-count/10.1145%2F2837614.2837635,https://api.opencitations.net/index/v1/citation-count/10.1145%2F2837614.2837635,2026-07-31T01:06:53+00:00,200,"Fri, 31 Jul 2026 01:06:53 GMT",,,1,,application/json,42,1,1,1,0,raw/cs014-citations-count-opencitations.json.gz,ea4da6ab4f1d5cbd12e4e5c76603174ed29d16cde91f579fcb4f670db1b77206,e808450959b1f3668201316829d186e71ee500ac4d081eb65c08e2c5c5ae2c8c,no,yes,,
opencitations,CS014,S19,citations,success-with-limitations,verified-primary,0,,,https://api.opencitations.net/index/v1/citations/10.1145%2F2837614.2837635,https://api.opencitations.net/index/v1/citations/10.1145%2F2837614.2837635,2026-07-31T01:06:54+00:00,200,"Fri, 31 Jul 2026 01:06:54 GMT",,,1,,application/json,42,42,42,42,4,raw/cs014-citations-p0001-opencitations.json.gz,2dfe43bfef9de24d927be6809279fda7c582a2b0e3576eb42f7a4ee2af7d0435,00a790d387d7f1560ab90de8cd3444853226fe8799f088e621421b4c41d1debc,no,yes,4 rows lacked a valid DOI pair,
semanticscholar,CS015,S20,metadata,failed,not-checked,0,,,https://api.semanticscholar.org/graph/v1/paper/DOI%3A10.14279%2Ftuj.eceasst.66.885?fields=paperId%2CcorpusId%2CexternalIds%2Curl%2Ctitle%2Cvenue%2Cyear%2CreferenceCount%2CcitationCount%2CpublicationDate%2CpublicationTypes%2Cauthors,https://api.semanticscholar.org/graph/v1/paper/DOI%3A10.14279%2Ftuj.eceasst.66.885?fields=paperId%2CcorpusId%2CexternalIds%2Curl%2Ctitle%2Cvenue%2Cyear%2CreferenceCount%2CcitationCount%2CpublicationDate%2CpublicationTypes%2Cauthors,2026-07-31T01:06:58+00:00,404,"Fri, 31 Jul 2026 01:06:57 GMT",,,2,1.092,application/json,,0,0,0,0,raw/cs015-metadata-p0001-semanticscholar.json.gz,5bf62f28e9742ab41f5f060339673da73947dd5369a900b4c72fc3786be93f9b,8ad780a2b13081bd3984eb0ff12c36cbaddbaaf20288ca6f5de9ac121e84fda1,unknown,no,,HTTPError: 404 Not Found
semanticscholar,CS015,S20,references,failed,not-checked,0,0,,https://api.semanticscholar.org/graph/v1/paper/DOI%3A10.14279%2Ftuj.eceasst.66.885/references?fields=paperId%2CcorpusId%2CexternalIds%2Curl%2Ctitle%2Cvenue%2Cyear%2CreferenceCount%2CcitationCount%2CpublicationDate%2CpublicationTypes%2Cauthors&offset=0&limit=1000,https://api.semanticscholar.org/graph/v1/paper/DOI%3A10.14279%2Ftuj.eceasst.66.885/references?fields=paperId%2CcorpusId%2CexternalIds%2Curl%2Ctitle%2Cvenue%2Cyear%2CreferenceCount%2CcitationCount%2CpublicationDate%2CpublicationTypes%2Cauthors&offset=0&limit=1000,2026-07-31T01:06:59+00:00,404,"Fri, 31 Jul 2026 01:06:59 GMT",,,1,,application/json,,0,0,0,0,raw/cs015-references-p0001-semanticscholar.json.gz,5bf62f28e9742ab41f5f060339673da73947dd5369a900b4c72fc3786be93f9b,8ad780a2b13081bd3984eb0ff12c36cbaddbaaf20288ca6f5de9ac121e84fda1,unknown,no,,HTTPError: 404 Not Found
semanticscholar,CS015,S20,citations,failed,not-checked,0,0,,https://api.semanticscholar.org/graph/v1/paper/DOI%3A10.14279%2Ftuj.eceasst.66.885/citations?fields=paperId%2CcorpusId%2CexternalIds%2Curl%2Ctitle%2Cvenue%2Cyear%2CreferenceCount%2CcitationCount%2CpublicationDate%2CpublicationTypes%2Cauthors&offset=0&limit=1000,https://api.semanticscholar.org/graph/v1/paper/DOI%3A10.14279%2Ftuj.eceasst.66.885/citations?fields=paperId%2CcorpusId%2CexternalIds%2Curl%2Ctitle%2Cvenue%2Cyear%2CreferenceCount%2CcitationCount%2CpublicationDate%2CpublicationTypes%2Cauthors&offset=0&limit=1000,2026-07-31T01:07:01+00:00,404,"Fri, 31 Jul 2026 01:07:00 GMT",,,1,,application/json,,0,0,0,0,raw/cs015-citations-p0001-semanticscholar.json.gz,5bf62f28e9742ab41f5f060339673da73947dd5369a900b4c72fc3786be93f9b,8ad780a2b13081bd3984eb0ff12c36cbaddbaaf20288ca6f5de9ac121e84fda1,unknown,no,,HTTPError: 404 Not Found
opencitations,CS015,S20,references-count,success,verified-primary,0,,,https://api.opencitations.net/index/v1/reference-count/10.14279%2Ftuj.eceasst.66.885,https://api.opencitations.net/index/v1/reference-count/10.14279%2Ftuj.eceasst.66.885,2026-07-31T01:07:02+00:00,200,"Fri, 31 Jul 2026 01:07:02 GMT",,,1,,application/json,0,1,1,1,0,raw/cs015-references-count-opencitations.json.gz,6486e57e78a021661017453e99de98c8be810c07f89e6e985ed0dfccf9cb1fe3,2f5c99c678271b5f2f5db318d41ad7286cf42d8a4aac4bd4100a66ee0a6690ff,no,yes,,
opencitations,CS015,S20,references,success,verified-primary,0,,,https://api.opencitations.net/index/v1/references/10.14279%2Ftuj.eceasst.66.885,https://api.opencitations.net/index/v1/references/10.14279%2Ftuj.eceasst.66.885,2026-07-31T01:07:03+00:00,200,"Fri, 31 Jul 2026 01:07:03 GMT",,,1,,application/json,0,0,0,0,0,raw/cs015-references-p0001-opencitations.json.gz,4f53cda18c2baa0c0354bb5f9a3ecbe5ed12ab4d8e11ba873c2f11161202b945,d15254cd9d142b950433cb8d1c0efb328352fa04db90c0f4d6eb2a68dead445f,no,yes,,
opencitations,CS015,S20,citations-count,success,verified-primary,0,,,https://api.opencitations.net/index/v1/citation-count/10.14279%2Ftuj.eceasst.66.885,https://api.opencitations.net/index/v1/citation-count/10.14279%2Ftuj.eceasst.66.885,2026-07-31T01:07:04+00:00,200,"Fri, 31 Jul 2026 01:07:03 GMT",,,1,,application/json,0,1,1,1,0,raw/cs015-citations-count-opencitations.json.gz,6486e57e78a021661017453e99de98c8be810c07f89e6e985ed0dfccf9cb1fe3,2f5c99c678271b5f2f5db318d41ad7286cf42d8a4aac4bd4100a66ee0a6690ff,no,yes,,
opencitations,CS015,S20,citations,success,verified-primary,0,,,https://api.opencitations.net/index/v1/citations/10.14279%2Ftuj.eceasst.66.885,https://api.opencitations.net/index/v1/citations/10.14279%2Ftuj.eceasst.66.885,2026-07-31T01:07:04+00:00,200,"Fri, 31 Jul 2026 01:07:04 GMT",,,1,,application/json,0,0,0,0,0,raw/cs015-citations-p0001-opencitations.json.gz,4f53cda18c2baa0c0354bb5f9a3ecbe5ed12ab4d8e11ba873c2f11161202b945,d15254cd9d142b950433cb8d1c0efb328352fa04db90c0f4d6eb2a68dead445f,no,yes,,
semanticscholar,CS016,A27,metadata,failed,not-checked,0,,,https://api.semanticscholar.org/graph/v1/paper/DOI%3A10.1109%2Flics.2013.18?fields=paperId%2CcorpusId%2CexternalIds%2Curl%2Ctitle%2Cvenue%2Cyear%2CreferenceCount%2CcitationCount%2CpublicationDate%2CpublicationTypes%2Cauthors,https://api.semanticscholar.org/graph/v1/paper/DOI%3A10.1109%2Flics.2013.18?fields=paperId%2CcorpusId%2CexternalIds%2Curl%2Ctitle%2Cvenue%2Cyear%2CreferenceCount%2CcitationCount%2CpublicationDate%2CpublicationTypes%2Cauthors,2026-07-31T01:07:15+00:00,429,"Fri, 31 Jul 2026 01:07:15 GMT",,,4,1.028;2.156;4.071,application/json,,0,0,0,0,raw/cs016-metadata-p0001-semanticscholar.json.gz,65ab993d12c5c2cc9b68e6da2bb79b326930283e520363ffcdc145f88cd5a148,a37ee953037a673450b9887efa8dc62cc1ab6cfc466a9417bb25e634a377cf41,unknown,no,,HTTPError: 429 
semanticscholar,CS016,A27,references,failed,not-checked,0,0,,https://api.semanticscholar.org/graph/v1/paper/DOI%3A10.1109%2Flics.2013.18/references?fields=paperId%2CcorpusId%2CexternalIds%2Curl%2Ctitle%2Cvenue%2Cyear%2CreferenceCount%2CcitationCount%2CpublicationDate%2CpublicationTypes%2Cauthors&offset=0&limit=1000,https://api.semanticscholar.org/graph/v1/paper/DOI%3A10.1109%2Flics.2013.18/references?fields=paperId%2CcorpusId%2CexternalIds%2Curl%2Ctitle%2Cvenue%2Cyear%2CreferenceCount%2CcitationCount%2CpublicationDate%2CpublicationTypes%2Cauthors&offset=0&limit=1000,2026-07-31T01:07:17+00:00,200,"Fri, 31 Jul 2026 01:07:16 GMT",,,1,,application/json,,0,0,0,0,raw/cs016-references-p0001-semanticscholar.json.gz,f0267f4bfe860e2a8383b24e41535de53157493dc52cc2df671663dcfba68c67,1118b7d6e7befc015a3726c6a3cef7056ebd3bc7a567bbc7939d0aca42ccad87,unknown,no,,ValueError: Semantic Scholar relation response lacks a data array
semanticscholar,CS016,A27,citations,success,not-checked,0,0,,https://api.semanticscholar.org/graph/v1/paper/DOI%3A10.1109%2Flics.2013.18/citations?fields=paperId%2CcorpusId%2CexternalIds%2Curl%2Ctitle%2Cvenue%2Cyear%2CreferenceCount%2CcitationCount%2CpublicationDate%2CpublicationTypes%2Cauthors&offset=0&limit=1000,https://api.semanticscholar.org/graph/v1/paper/DOI%3A10.1109%2Flics.2013.18/citations?fields=paperId%2CcorpusId%2CexternalIds%2Curl%2Ctitle%2Cvenue%2Cyear%2CreferenceCount%2CcitationCount%2CpublicationDate%2CpublicationTypes%2Cauthors&offset=0&limit=1000,2026-07-31T01:07:18+00:00,200,"Fri, 31 Jul 2026 01:07:18 GMT",,,1,,application/json,,33,33,33,0,raw/cs016-citations-p0001-semanticscholar.json.gz,201540428154f072df004db0782cdfbdf4a0f40b29a7c8825ec2d24a7914ec75,487bdfcce52f43d8ea33225f4dc8b07adf53280efa0d322fb491014012c42146,no,yes,,
opencitations,CS016,A27,references-count,success,verified-primary,0,,,https://api.opencitations.net/index/v1/reference-count/10.1109%2Flics.2013.18,https://api.opencitations.net/index/v1/reference-count/10.1109%2Flics.2013.18,2026-07-31T01:07:20+00:00,200,"Fri, 31 Jul 2026 01:07:20 GMT",,,1,,application/json,28,1,1,1,0,raw/cs016-references-count-opencitations.json.gz,db3afe41eb8754b9cf94b8f154760b30ebcdf7c15e9f55d374e6bd30c21c1f8c,32bb869ce948d3131e437f75bd164b01e8099d019cc68871b5d499987487f127,no,yes,,
opencitations,CS016,A27,references,success,verified-primary,0,,,https://api.opencitations.net/index/v1/references/10.1109%2Flics.2013.18,https://api.opencitations.net/index/v1/references/10.1109%2Flics.2013.18,2026-07-31T01:07:21+00:00,200,"Fri, 31 Jul 2026 01:07:21 GMT",,,1,,application/json,28,28,28,28,0,raw/cs016-references-p0001-opencitations.json.gz,d0aa3fe5097970900e1c62939106db55cf78786c76b1a785692193f15a4f2e91,8283dc374eb568ca22e18cfc10e73b490da5d4233929bb917f46be6f345ec236,no,yes,,
opencitations,CS016,A27,citations-count,success,verified-primary,0,,,https://api.opencitations.net/index/v1/citation-count/10.1109%2Flics.2013.18,https://api.opencitations.net/index/v1/citation-count/10.1109%2Flics.2013.18,2026-07-31T01:07:22+00:00,200,"Fri, 31 Jul 2026 01:07:22 GMT",,,1,,application/json,23,1,1,1,0,raw/cs016-citations-count-opencitations.json.gz,bd74c3b14c591cadfe99339e7f15d72e875d0f929099d162d0335603a749d9d9,96b3668b9b671b173859a051ddf7f748cdf188b28268fee5f95c1a21d6b62046,no,yes,,
opencitations,CS016,A27,citations,success,verified-primary,0,,,https://api.opencitations.net/index/v1/citations/10.1109%2Flics.2013.18,https://api.opencitations.net/index/v1/citations/10.1109%2Flics.2013.18,2026-07-31T01:07:23+00:00,200,"Fri, 31 Jul 2026 01:07:23 GMT",,,1,,application/json,23,23,23,23,0,raw/cs016-citations-p0001-opencitations.json.gz,7c14c5cc5f91cd432e8059ec7d69ebdd7c242c4769ef4f50a3902030285212d3,980540c5b39d6db224c305f1ab840302008feff20f0e9af3a0e68d40ed5848de,no,yes,,
semanticscholar,CS017,A28,metadata,failed,not-checked,0,,,https://api.semanticscholar.org/graph/v1/paper/DOI%3A10.1145%2F2676724.2693179?fields=paperId%2CcorpusId%2CexternalIds%2Curl%2Ctitle%2Cvenue%2Cyear%2CreferenceCount%2CcitationCount%2CpublicationDate%2CpublicationTypes%2Cauthors,https://api.semanticscholar.org/graph/v1/paper/DOI%3A10.1145%2F2676724.2693179?fields=paperId%2CcorpusId%2CexternalIds%2Curl%2Ctitle%2Cvenue%2Cyear%2CreferenceCount%2CcitationCount%2CpublicationDate%2CpublicationTypes%2Cauthors,2026-07-31T01:07:34+00:00,429,"Fri, 31 Jul 2026 01:07:34 GMT",,,4,1.249;2.143;4.189,application/json,,0,0,0,0,raw/cs017-metadata-p0001-semanticscholar.json.gz,65ab993d12c5c2cc9b68e6da2bb79b326930283e520363ffcdc145f88cd5a148,a37ee953037a673450b9887efa8dc62cc1ab6cfc466a9417bb25e634a377cf41,unknown,no,,HTTPError: 429 
semanticscholar,CS017,A28,references,failed,not-checked,0,0,,https://api.semanticscholar.org/graph/v1/paper/DOI%3A10.1145%2F2676724.2693179/references?fields=paperId%2CcorpusId%2CexternalIds%2Curl%2Ctitle%2Cvenue%2Cyear%2CreferenceCount%2CcitationCount%2CpublicationDate%2CpublicationTypes%2Cauthors&offset=0&limit=1000,https://api.semanticscholar.org/graph/v1/paper/DOI%3A10.1145%2F2676724.2693179/references?fields=paperId%2CcorpusId%2CexternalIds%2Curl%2Ctitle%2Cvenue%2Cyear%2CreferenceCount%2CcitationCount%2CpublicationDate%2CpublicationTypes%2Cauthors&offset=0&limit=1000,2026-07-31T01:07:36+00:00,200,"Fri, 31 Jul 2026 01:07:36 GMT",,,1,,application/json,,0,0,0,0,raw/cs017-references-p0001-semanticscholar.json.gz,4905dc999c2ddd1a40a4218d7bf4fde6f39e8f05b877d6a1c252efa24853e844,fd3ec27b2b41e60dbe0e77e0dbbe135a9349f091b9114c8f6a8409faa80391e1,unknown,no,,ValueError: Semantic Scholar relation response lacks a data array
semanticscholar,CS017,A28,citations,success,not-checked,0,0,,https://api.semanticscholar.org/graph/v1/paper/DOI%3A10.1145%2F2676724.2693179/citations?fields=paperId%2CcorpusId%2CexternalIds%2Curl%2Ctitle%2Cvenue%2Cyear%2CreferenceCount%2CcitationCount%2CpublicationDate%2CpublicationTypes%2Cauthors&offset=0&limit=1000,https://api.semanticscholar.org/graph/v1/paper/DOI%3A10.1145%2F2676724.2693179/citations?fields=paperId%2CcorpusId%2CexternalIds%2Curl%2Ctitle%2Cvenue%2Cyear%2CreferenceCount%2CcitationCount%2CpublicationDate%2CpublicationTypes%2Cauthors&offset=0&limit=1000,2026-07-31T01:07:38+00:00,200,"Fri, 31 Jul 2026 01:07:38 GMT",,,1,,application/json,,10,10,10,0,raw/cs017-citations-p0001-semanticscholar.json.gz,cf5a7a1993b42e05610bf92fd2f02c2aa2a5a1b330ebbcfe9ceca7212893ec4b,9d702f36664d9e960706633671fefc6106fbb5478b7dcff0e31f0ed1c8ff3789,no,yes,,
opencitations,CS017,A28,references-count,success,verified-primary,0,,,https://api.opencitations.net/index/v1/reference-count/10.1145%2F2676724.2693179,https://api.opencitations.net/index/v1/reference-count/10.1145%2F2676724.2693179,2026-07-31T01:07:39+00:00,200,"Fri, 31 Jul 2026 01:07:39 GMT",,,1,,application/json,14,1,1,1,0,raw/cs017-references-count-opencitations.json.gz,a4a6a67c0ea022c1963f07a72096987ff00bc2b0abc02642c05bc371108b4049,4de0db6eb6eb6517e5c77198b2ff09ae7be4cb0c5624810a395a7b1c687a792b,no,yes,,
opencitations,CS017,A28,references,success,verified-primary,0,,,https://api.opencitations.net/index/v1/references/10.1145%2F2676724.2693179,https://api.opencitations.net/index/v1/references/10.1145%2F2676724.2693179,2026-07-31T01:07:40+00:00,200,"Fri, 31 Jul 2026 01:07:40 GMT",,,1,,application/json,14,14,14,14,0,raw/cs017-references-p0001-opencitations.json.gz,ef9d0d822dfd5cfe3c2e40889fd929a1d707f36957ea880cacb28f4dc2b3e00b,21d0a78fc2def73ce6999a673bc5f0ed546e9348cc6ea3ff5f890c79802f7f04,no,yes,,
opencitations,CS017,A28,citations-count,success,verified-primary,0,,,https://api.opencitations.net/index/v1/citation-count/10.1145%2F2676724.2693179,https://api.opencitations.net/index/v1/citation-count/10.1145%2F2676724.2693179,2026-07-31T01:07:41+00:00,200,"Fri, 31 Jul 2026 01:07:41 GMT",,,1,,application/json,5,1,1,1,0,raw/cs017-citations-count-opencitations.json.gz,8d006efca95c4d18fda85fc6ab5de11418df6dfe895a03bc85b80f33af1d6603,ce4cfe43ae251918ed097b5cd2f6f288c9597e2dc88f8c3da00bee0c73c68506,no,yes,,
opencitations,CS017,A28,citations,success,verified-primary,0,,,https://api.opencitations.net/index/v1/citations/10.1145%2F2676724.2693179,https://api.opencitations.net/index/v1/citations/10.1145%2F2676724.2693179,2026-07-31T01:07:42+00:00,200,"Fri, 31 Jul 2026 01:07:42 GMT",,,1,,application/json,5,5,5,5,0,raw/cs017-citations-p0001-opencitations.json.gz,276aeded8106b8a9caea18871e65172b61d41661fa04bdc4a450cc760ec0937b,57e703bd2086be73c9f5180f4145b8b7b360a20a6547a2280376ed7bcc28eced,no,yes,,
semanticscholar,CS018,S28,metadata,success,verified-primary,0,,,https://api.semanticscholar.org/graph/v1/paper/DOI%3A10.1007%2F978-3-642-23283-1_16?fields=paperId%2CcorpusId%2CexternalIds%2Curl%2Ctitle%2Cvenue%2Cyear%2CreferenceCount%2CcitationCount%2CpublicationDate%2CpublicationTypes%2Cauthors,https://api.semanticscholar.org/graph/v1/paper/DOI%3A10.1007%2F978-3-642-23283-1_16?fields=paperId%2CcorpusId%2CexternalIds%2Curl%2Ctitle%2Cvenue%2Cyear%2CreferenceCount%2CcitationCount%2CpublicationDate%2CpublicationTypes%2Cauthors,2026-07-31T01:07:47+00:00,200,"Fri, 31 Jul 2026 01:07:47 GMT",,,3,1.137;2.107,application/json,1,1,1,1,0,raw/cs018-metadata-p0001-semanticscholar.json.gz,a0e17ec6b7279dfc17310f708a530aa5628a867f0179bd052334f2a1738063ff,db149bed57298d25f973929dfa3840411fa5c3d90ff1508a70101228ed287507,no,yes,,
semanticscholar,CS018,S28,references,failed,not-checked,0,0,,https://api.semanticscholar.org/graph/v1/paper/DOI%3A10.1007%2F978-3-642-23283-1_16/references?fields=paperId%2CcorpusId%2CexternalIds%2Curl%2Ctitle%2Cvenue%2Cyear%2CreferenceCount%2CcitationCount%2CpublicationDate%2CpublicationTypes%2Cauthors&offset=0&limit=1000,https://api.semanticscholar.org/graph/v1/paper/DOI%3A10.1007%2F978-3-642-23283-1_16/references?fields=paperId%2CcorpusId%2CexternalIds%2Curl%2Ctitle%2Cvenue%2Cyear%2CreferenceCount%2CcitationCount%2CpublicationDate%2CpublicationTypes%2Cauthors&offset=0&limit=1000,2026-07-31T01:07:49+00:00,200,"Fri, 31 Jul 2026 01:07:49 GMT",,,1,,application/json,,0,0,0,0,raw/cs018-references-p0001-semanticscholar.json.gz,df1b613c9b0436b270c1406ae32d9cdbe537685538962b01b00231df6e5c2546,ddfecf3f96134bab1b98e9901f0843c63ffbd530e8c24a72f81d76cdd9e2e575,unknown,no,,ValueError: Semantic Scholar relation response lacks a data array
semanticscholar,CS018,S28,citations,success,not-checked,0,0,,https://api.semanticscholar.org/graph/v1/paper/DOI%3A10.1007%2F978-3-642-23283-1_16/citations?fields=paperId%2CcorpusId%2CexternalIds%2Curl%2Ctitle%2Cvenue%2Cyear%2CreferenceCount%2CcitationCount%2CpublicationDate%2CpublicationTypes%2Cauthors&offset=0&limit=1000,https://api.semanticscholar.org/graph/v1/paper/DOI%3A10.1007%2F978-3-642-23283-1_16/citations?fields=paperId%2CcorpusId%2CexternalIds%2Curl%2Ctitle%2Cvenue%2Cyear%2CreferenceCount%2CcitationCount%2CpublicationDate%2CpublicationTypes%2Cauthors&offset=0&limit=1000,2026-07-31T01:07:51+00:00,200,"Fri, 31 Jul 2026 01:07:51 GMT",,,1,,application/json,,25,25,25,0,raw/cs018-citations-p0001-semanticscholar.json.gz,e881270644f066537b824230859517f284ab7aaf5e98991982d236a810995085,16e7440c6a6890ce86e0896b62d6f653b78e61e1de0ce1409714fadc5f76aaee,no,yes,,
opencitations,CS018,S28,references-count,success,verified-primary,0,,,https://api.opencitations.net/index/v1/reference-count/10.1007%2F978-3-642-23283-1_16,https://api.opencitations.net/index/v1/reference-count/10.1007%2F978-3-642-23283-1_16,2026-07-31T01:07:52+00:00,200,"Fri, 31 Jul 2026 01:07:52 GMT",,,1,,application/json,9,1,1,1,0,raw/cs018-references-count-opencitations.json.gz,d90e42a3f5ba8d3fbdd71c0f6e3ee8cd005d4d4ac280d1a63700051cd6ed6a37,53a8ea0ec8733c3528924aa8b610abc1e6ed47faa07870982442bd47f15512f6,no,yes,,
opencitations,CS018,S28,references,success,verified-primary,0,,,https://api.opencitations.net/index/v1/references/10.1007%2F978-3-642-23283-1_16,https://api.opencitations.net/index/v1/references/10.1007%2F978-3-642-23283-1_16,2026-07-31T01:07:53+00:00,200,"Fri, 31 Jul 2026 01:07:53 GMT",,,1,,application/json,9,9,9,9,0,raw/cs018-references-p0001-opencitations.json.gz,a03b69d6ab3d5cfea66743f5d889d961614833977b7ce26a89226880e66792ff,29ee58012a9c071d1fecad8c8ac7f7b915ce8d1c7d3ba4be052aad2151896737,no,yes,,
opencitations,CS018,S28,citations-count,success,verified-primary,0,,,https://api.opencitations.net/index/v1/citation-count/10.1007%2F978-3-642-23283-1_16,https://api.opencitations.net/index/v1/citation-count/10.1007%2F978-3-642-23283-1_16,2026-07-31T01:07:54+00:00,200,"Fri, 31 Jul 2026 01:07:54 GMT",,,1,,application/json,17,1,1,1,0,raw/cs018-citations-count-opencitations.json.gz,276009672f527ea36a69c5997fd1ac06378beb8ca588dacacba3d6df8e65ca5f,23acfd1884e43bab04a90f4178414a0141e035e2b38abefff2c662050d0177ae,no,yes,,
opencitations,CS018,S28,citations,success-with-limitations,verified-primary,0,,,https://api.opencitations.net/index/v1/citations/10.1007%2F978-3-642-23283-1_16,https://api.opencitations.net/index/v1/citations/10.1007%2F978-3-642-23283-1_16,2026-07-31T01:07:55+00:00,200,"Fri, 31 Jul 2026 01:07:55 GMT",,,1,,application/json,17,17,17,17,1,raw/cs018-citations-p0001-opencitations.json.gz,6ed7f2319a9a945d863148736bb56a6b3d410339dc8835f7b3766a692da2cb79,a5702c84d2b1afa434d1131b52bbfd4e464cfbf82808580f1801c834b0419f4b,no,yes,1 rows lacked a valid DOI pair,
semanticscholar,CS019,S29,metadata,failed,not-checked,0,,,https://api.semanticscholar.org/graph/v1/paper/DOI%3A10.1145%2F3716312?fields=paperId%2CcorpusId%2CexternalIds%2Curl%2Ctitle%2Cvenue%2Cyear%2CreferenceCount%2CcitationCount%2CpublicationDate%2CpublicationTypes%2Cauthors,https://api.semanticscholar.org/graph/v1/paper/DOI%3A10.1145%2F3716312?fields=paperId%2CcorpusId%2CexternalIds%2Curl%2Ctitle%2Cvenue%2Cyear%2CreferenceCount%2CcitationCount%2CpublicationDate%2CpublicationTypes%2Cauthors,2026-07-31T01:08:05+00:00,429,"Fri, 31 Jul 2026 01:08:05 GMT",,,4,1.184;2.077;4.102,application/json,,0,0,0,0,raw/cs019-metadata-p0001-semanticscholar.json.gz,65ab993d12c5c2cc9b68e6da2bb79b326930283e520363ffcdc145f88cd5a148,a37ee953037a673450b9887efa8dc62cc1ab6cfc466a9417bb25e634a377cf41,unknown,no,,HTTPError: 429 
semanticscholar,CS019,S29,references,success,not-checked,0,0,,https://api.semanticscholar.org/graph/v1/paper/DOI%3A10.1145%2F3716312/references?fields=paperId%2CcorpusId%2CexternalIds%2Curl%2Ctitle%2Cvenue%2Cyear%2CreferenceCount%2CcitationCount%2CpublicationDate%2CpublicationTypes%2Cauthors&offset=0&limit=1000,https://api.semanticscholar.org/graph/v1/paper/DOI%3A10.1145%2F3716312/references?fields=paperId%2CcorpusId%2CexternalIds%2Curl%2Ctitle%2Cvenue%2Cyear%2CreferenceCount%2CcitationCount%2CpublicationDate%2CpublicationTypes%2Cauthors&offset=0&limit=1000,2026-07-31T01:08:07+00:00,200,"Fri, 31 Jul 2026 01:08:07 GMT",,,1,,application/json,,48,48,48,0,raw/cs019-references-p0001-semanticscholar.json.gz,8c58985808d7bd7f2641151cb1183431b8829c293f534b3f1f5c1cd8081f3df0,7afc97a9edb4a008047bd74f317adc76e8e3ec9679b9f4a96dfa2e82aeeb3cf4,no,yes,,
semanticscholar,CS019,S29,citations,success,not-checked,0,0,,https://api.semanticscholar.org/graph/v1/paper/DOI%3A10.1145%2F3716312/citations?fields=paperId%2CcorpusId%2CexternalIds%2Curl%2Ctitle%2Cvenue%2Cyear%2CreferenceCount%2CcitationCount%2CpublicationDate%2CpublicationTypes%2Cauthors&offset=0&limit=1000,https://api.semanticscholar.org/graph/v1/paper/DOI%3A10.1145%2F3716312/citations?fields=paperId%2CcorpusId%2CexternalIds%2Curl%2Ctitle%2Cvenue%2Cyear%2CreferenceCount%2CcitationCount%2CpublicationDate%2CpublicationTypes%2Cauthors&offset=0&limit=1000,2026-07-31T01:08:09+00:00,200,"Fri, 31 Jul 2026 01:08:09 GMT",,,1,,application/json,,2,2,2,0,raw/cs019-citations-p0001-semanticscholar.json.gz,0c192643345760631e47211a8853d1d01f845685941d610c084081480f9f00de,bd5a2fe35949af68b13f2ee3e78579498180bdb49e3d6ba2c72f6a1ed748d6f8,no,yes,,
opencitations,CS019,S29,references-count,success,verified-primary,0,,,https://api.opencitations.net/index/v1/reference-count/10.1145%2F3716312,https://api.opencitations.net/index/v1/reference-count/10.1145%2F3716312,2026-07-31T01:08:10+00:00,200,"Fri, 31 Jul 2026 01:08:10 GMT",,,1,,application/json,76,1,1,1,0,raw/cs019-references-count-opencitations.json.gz,ec6ee02bf63c2fee422a1c5b352830d2eea96334b0a528fe717ed97bb44b2382,01d83aeab7c1489b56ebebb82bba6ee9f156ebce61d7bbd69e5dc46a28c1ecaa,no,yes,,
opencitations,CS019,S29,references,success,verified-primary,0,,,https://api.opencitations.net/index/v1/references/10.1145%2F3716312,https://api.opencitations.net/index/v1/references/10.1145%2F3716312,2026-07-31T01:08:11+00:00,200,"Fri, 31 Jul 2026 01:08:11 GMT",,,1,,application/json,76,76,76,76,0,raw/cs019-references-p0001-opencitations.json.gz,3b846bea0eff9b5c00086ea5f56c8f14210ede205d4db3107154408226430338,1cf0cbe6d6659f5fd72f0e171c120de6750e95410bdbaa1a1cd1b69fb4932d67,no,yes,,
opencitations,CS019,S29,citations-count,success,verified-primary,0,,,https://api.opencitations.net/index/v1/citation-count/10.1145%2F3716312,https://api.opencitations.net/index/v1/citation-count/10.1145%2F3716312,2026-07-31T01:08:12+00:00,200,"Fri, 31 Jul 2026 01:08:12 GMT",,,1,,application/json,0,1,1,1,0,raw/cs019-citations-count-opencitations.json.gz,6486e57e78a021661017453e99de98c8be810c07f89e6e985ed0dfccf9cb1fe3,2f5c99c678271b5f2f5db318d41ad7286cf42d8a4aac4bd4100a66ee0a6690ff,no,yes,,
opencitations,CS019,S29,citations,success,verified-primary,0,,,https://api.opencitations.net/index/v1/citations/10.1145%2F3716312,https://api.opencitations.net/index/v1/citations/10.1145%2F3716312,2026-07-31T01:08:13+00:00,200,"Fri, 31 Jul 2026 01:08:13 GMT",,,1,,application/json,0,0,0,0,0,raw/cs019-citations-p0001-opencitations.json.gz,4f53cda18c2baa0c0354bb5f9a3ecbe5ed12ab4d8e11ba873c2f11161202b945,d15254cd9d142b950433cb8d1c0efb328352fa04db90c0f4d6eb2a68dead445f,no,yes,,
semanticscholar,CS020,S30,metadata,skipped,not-checked,0,,,,,2026-07-31T01:08:14+00:00,,,,,,,,,0,0,0,0,,,,unknown,not-attempted,,SKIPPED: the seed has no Semantic Scholar-supported identifier
semanticscholar,CS020,S30,references,skipped,not-checked,0,,,,,2026-07-31T01:08:14+00:00,,,,,,,,,0,0,0,0,,,,unknown,not-attempted,,SKIPPED: the seed has no Semantic Scholar-supported identifier
semanticscholar,CS020,S30,citations,skipped,not-checked,0,,,,,2026-07-31T01:08:14+00:00,,,,,,,,,0,0,0,0,,,,unknown,not-attempted,,SKIPPED: the seed has no Semantic Scholar-supported identifier
opencitations,CS020,S30,references-count,skipped,not-checked,0,,,,,2026-07-31T01:08:14+00:00,,,,,,,,,0,0,0,0,,,,unknown,not-attempted,,SKIPPED: OpenCitations COCI requires a DOI
opencitations,CS020,S30,references,skipped,not-checked,0,,,,,2026-07-31T01:08:14+00:00,,,,,,,,,0,0,0,0,,,,unknown,not-attempted,,SKIPPED: OpenCitations COCI requires a DOI
opencitations,CS020,S30,citations-count,skipped,not-checked,0,,,,,2026-07-31T01:08:14+00:00,,,,,,,,,0,0,0,0,,,,unknown,not-attempted,,SKIPPED: OpenCitations COCI requires a DOI
opencitations,CS020,S30,citations,skipped,not-checked,0,,,,,2026-07-31T01:08:14+00:00,,,,,,,,,0,0,0,0,,,,unknown,not-attempted,,SKIPPED: OpenCitations COCI requires a DOI
semanticscholar,CS021,S31,metadata,failed,not-checked,0,,,https://api.semanticscholar.org/graph/v1/paper/DOI%3A10.1007%2F978-3-031-92196-4_16?fields=paperId%2CcorpusId%2CexternalIds%2Curl%2Ctitle%2Cvenue%2Cyear%2CreferenceCount%2CcitationCount%2CpublicationDate%2CpublicationTypes%2Cauthors,https://api.semanticscholar.org/graph/v1/paper/DOI%3A10.1007%2F978-3-031-92196-4_16?fields=paperId%2CcorpusId%2CexternalIds%2Curl%2Ctitle%2Cvenue%2Cyear%2CreferenceCount%2CcitationCount%2CpublicationDate%2CpublicationTypes%2Cauthors,2026-07-31T01:08:24+00:00,429,"Fri, 31 Jul 2026 01:08:24 GMT",,,4,1.156;2.049;4.104,application/json,,0,0,0,0,raw/cs021-metadata-p0001-semanticscholar.json.gz,65ab993d12c5c2cc9b68e6da2bb79b326930283e520363ffcdc145f88cd5a148,a37ee953037a673450b9887efa8dc62cc1ab6cfc466a9417bb25e634a377cf41,unknown,no,,HTTPError: 429 
semanticscholar,CS021,S31,references,failed,not-checked,0,0,,https://api.semanticscholar.org/graph/v1/paper/DOI%3A10.1007%2F978-3-031-92196-4_16/references?fields=paperId%2CcorpusId%2CexternalIds%2Curl%2Ctitle%2Cvenue%2Cyear%2CreferenceCount%2CcitationCount%2CpublicationDate%2CpublicationTypes%2Cauthors&offset=0&limit=1000,https://api.semanticscholar.org/graph/v1/paper/DOI%3A10.1007%2F978-3-031-92196-4_16/references?fields=paperId%2CcorpusId%2CexternalIds%2Curl%2Ctitle%2Cvenue%2Cyear%2CreferenceCount%2CcitationCount%2CpublicationDate%2CpublicationTypes%2Cauthors&offset=0&limit=1000,2026-07-31T01:08:26+00:00,200,"Fri, 31 Jul 2026 01:08:26 GMT",,,1,,application/json,,0,0,0,0,raw/cs021-references-p0001-semanticscholar.json.gz,2ec2330fa4b64c103e321027b5da16bfac6c85c6d4270020fbb1cd71508c114d,f6b5d1ebafec7331191b6549ef00e91fc1a9c9990afe83b8c260dca12917060f,unknown,no,,ValueError: Semantic Scholar relation response lacks a data array
semanticscholar,CS021,S31,citations,success,not-checked,0,0,,https://api.semanticscholar.org/graph/v1/paper/DOI%3A10.1007%2F978-3-031-92196-4_16/citations?fields=paperId%2CcorpusId%2CexternalIds%2Curl%2Ctitle%2Cvenue%2Cyear%2CreferenceCount%2CcitationCount%2CpublicationDate%2CpublicationTypes%2Cauthors&offset=0&limit=1000,https://api.semanticscholar.org/graph/v1/paper/DOI%3A10.1007%2F978-3-031-92196-4_16/citations?fields=paperId%2CcorpusId%2CexternalIds%2Curl%2Ctitle%2Cvenue%2Cyear%2CreferenceCount%2CcitationCount%2CpublicationDate%2CpublicationTypes%2Cauthors&offset=0&limit=1000,2026-07-31T01:08:27+00:00,200,"Fri, 31 Jul 2026 01:08:27 GMT",,,1,,application/json,,0,0,0,0,raw/cs021-citations-p0001-semanticscholar.json.gz,b890c0f15f5c03ba84c2ef5ace10d4d63f07c6388916be8151f53ffbb7a0b479,d4d8ca6284e219176f00e54a8f7825ee027947b9e76c3989e3f083dcf6ce3675,no,yes,,
opencitations,CS021,S31,references-count,success,verified-primary,0,,,https://api.opencitations.net/index/v1/reference-count/10.1007%2F978-3-031-92196-4_16,https://api.opencitations.net/index/v1/reference-count/10.1007%2F978-3-031-92196-4_16,2026-07-31T01:08:29+00:00,200,"Fri, 31 Jul 2026 01:08:29 GMT",,,1,,application/json,33,1,1,1,0,raw/cs021-references-count-opencitations.json.gz,d380e45daf02405f4473f26bab284d14cb92776938b2f57645e6e04c1f65cd4d,5509eb9f178da07157ce4f24ddb13ff78e51355dff76bbeffb18ec79ef966531,no,yes,,
opencitations,CS021,S31,references,success,verified-primary,0,,,https://api.opencitations.net/index/v1/references/10.1007%2F978-3-031-92196-4_16,https://api.opencitations.net/index/v1/references/10.1007%2F978-3-031-92196-4_16,2026-07-31T01:08:30+00:00,200,"Fri, 31 Jul 2026 01:08:30 GMT",,,1,,application/json,33,33,33,33,0,raw/cs021-references-p0001-opencitations.json.gz,c410477f048d4b56a43180c7e819d19ee604be718fc08fdc2d17e854dda9f4c2,e1f303e9ffd57cbcbe0afc01e277ee24a00528d872cf2e04a187f5166ba04281,no,yes,,
opencitations,CS021,S31,citations-count,success,verified-primary,0,,,https://api.opencitations.net/index/v1/citation-count/10.1007%2F978-3-031-92196-4_16,https://api.opencitations.net/index/v1/citation-count/10.1007%2F978-3-031-92196-4_16,2026-07-31T01:08:31+00:00,200,"Fri, 31 Jul 2026 01:08:31 GMT",,,1,,application/json,0,1,1,1,0,raw/cs021-citations-count-opencitations.json.gz,6486e57e78a021661017453e99de98c8be810c07f89e6e985ed0dfccf9cb1fe3,2f5c99c678271b5f2f5db318d41ad7286cf42d8a4aac4bd4100a66ee0a6690ff,no,yes,,
opencitations,CS021,S31,citations,success,verified-primary,0,,,https://api.opencitations.net/index/v1/citations/10.1007%2F978-3-031-92196-4_16,https://api.opencitations.net/index/v1/citations/10.1007%2F978-3-031-92196-4_16,2026-07-31T01:08:32+00:00,200,"Fri, 31 Jul 2026 01:08:32 GMT",,,1,,application/json,0,0,0,0,0,raw/cs021-citations-p0001-opencitations.json.gz,4f53cda18c2baa0c0354bb5f9a3ecbe5ed12ab4d8e11ba873c2f11161202b945,d15254cd9d142b950433cb8d1c0efb328352fa04db90c0f4d6eb2a68dead445f,no,yes,,
semanticscholar,CS022,S33,metadata,failed,not-checked,0,,,https://api.semanticscholar.org/graph/v1/paper/DOI%3A10.1145%2F3704906?fields=paperId%2CcorpusId%2CexternalIds%2Curl%2Ctitle%2Cvenue%2Cyear%2CreferenceCount%2CcitationCount%2CpublicationDate%2CpublicationTypes%2Cauthors,https://api.semanticscholar.org/graph/v1/paper/DOI%3A10.1145%2F3704906?fields=paperId%2CcorpusId%2CexternalIds%2Curl%2Ctitle%2Cvenue%2Cyear%2CreferenceCount%2CcitationCount%2CpublicationDate%2CpublicationTypes%2Cauthors,2026-07-31T01:08:42+00:00,429,"Fri, 31 Jul 2026 01:08:42 GMT",,,4,1.045;2.186;4.062,application/json,,0,0,0,0,raw/cs022-metadata-p0001-semanticscholar.json.gz,65ab993d12c5c2cc9b68e6da2bb79b326930283e520363ffcdc145f88cd5a148,a37ee953037a673450b9887efa8dc62cc1ab6cfc466a9417bb25e634a377cf41,unknown,no,,HTTPError: 429 
semanticscholar,CS022,S33,references,success,not-checked,0,0,,https://api.semanticscholar.org/graph/v1/paper/DOI%3A10.1145%2F3704906/references?fields=paperId%2CcorpusId%2CexternalIds%2Curl%2Ctitle%2Cvenue%2Cyear%2CreferenceCount%2CcitationCount%2CpublicationDate%2CpublicationTypes%2Cauthors&offset=0&limit=1000,https://api.semanticscholar.org/graph/v1/paper/DOI%3A10.1145%2F3704906/references?fields=paperId%2CcorpusId%2CexternalIds%2Curl%2Ctitle%2Cvenue%2Cyear%2CreferenceCount%2CcitationCount%2CpublicationDate%2CpublicationTypes%2Cauthors&offset=0&limit=1000,2026-07-31T01:08:44+00:00,200,"Fri, 31 Jul 2026 01:08:44 GMT",,,1,,application/json,,59,59,59,0,raw/cs022-references-p0001-semanticscholar.json.gz,e43e89e72f5a7a32c4d53b72e9ea4dc206278239d935bd0ec47e98442735b175,e09991c2522d0bee510e710e5aa718839230eb80399b0169059583f797b4f735,no,yes,,
semanticscholar,CS022,S33,citations,success,not-checked,0,0,,https://api.semanticscholar.org/graph/v1/paper/DOI%3A10.1145%2F3704906/citations?fields=paperId%2CcorpusId%2CexternalIds%2Curl%2Ctitle%2Cvenue%2Cyear%2CreferenceCount%2CcitationCount%2CpublicationDate%2CpublicationTypes%2Cauthors&offset=0&limit=1000,https://api.semanticscholar.org/graph/v1/paper/DOI%3A10.1145%2F3704906/citations?fields=paperId%2CcorpusId%2CexternalIds%2Curl%2Ctitle%2Cvenue%2Cyear%2CreferenceCount%2CcitationCount%2CpublicationDate%2CpublicationTypes%2Cauthors&offset=0&limit=1000,2026-07-31T01:08:46+00:00,200,"Fri, 31 Jul 2026 01:08:46 GMT",,,1,,application/json,,5,5,5,0,raw/cs022-citations-p0001-semanticscholar.json.gz,cefb526eec47caa9ccbddd110cfc6a4e05ae3cd2076dbfff86cda6e5e306ab17,0cce6ec6cf3b3d97f7eba8638483e4b87602161897ab32011443f971731fea58,no,yes,,
opencitations,CS022,S33,references-count,success,verified-primary,0,,,https://api.opencitations.net/index/v1/reference-count/10.1145%2F3704906,https://api.opencitations.net/index/v1/reference-count/10.1145%2F3704906,2026-07-31T01:08:48+00:00,200,"Fri, 31 Jul 2026 01:08:47 GMT",,,1,,application/json,51,1,1,1,0,raw/cs022-references-count-opencitations.json.gz,7f846a4b203674c469c808b688a120ff31ae6c3bcbd28fa48b8d2c5157ff92ea,9467a8ab68a0fb00dfece902115c228854dd815dfa7bb0aae9ebd235d235bfce,no,yes,,
opencitations,CS022,S33,references,success,verified-primary,0,,,https://api.opencitations.net/index/v1/references/10.1145%2F3704906,https://api.opencitations.net/index/v1/references/10.1145%2F3704906,2026-07-31T01:08:49+00:00,200,"Fri, 31 Jul 2026 01:08:49 GMT",,,1,,application/json,51,51,51,51,0,raw/cs022-references-p0001-opencitations.json.gz,108cf401e1836354dea03d6595af3959f0d7ca5211150cd73707f0ee8ef1ca74,03bf64c032b3ceaaff5f9c67ee7b0baf6259113127a7b1a6663d92755a793677,no,yes,,
opencitations,CS022,S33,citations-count,success,verified-primary,0,,,https://api.opencitations.net/index/v1/citation-count/10.1145%2F3704906,https://api.opencitations.net/index/v1/citation-count/10.1145%2F3704906,2026-07-31T01:08:50+00:00,200,"Fri, 31 Jul 2026 01:08:50 GMT",,,1,,application/json,4,1,1,1,0,raw/cs022-citations-count-opencitations.json.gz,1da1f01547ce6004e1929734bd0389372c49adf6e31f971a4a2021419307f389,5f6bedb5288d04c8e12834e99e801557dd3cd798ea2aa05ae873e2b1c501fb35,no,yes,,
opencitations,CS022,S33,citations,success-with-limitations,verified-primary,0,,,https://api.opencitations.net/index/v1/citations/10.1145%2F3704906,https://api.opencitations.net/index/v1/citations/10.1145%2F3704906,2026-07-31T01:08:51+00:00,200,"Fri, 31 Jul 2026 01:08:51 GMT",,,1,,application/json,4,4,4,4,2,raw/cs022-citations-p0001-opencitations.json.gz,55da555b34b6be5cbfdb2f607529d7fc64d4724d9aec9c6cb4b30a41ca2f8e59,6ac3ae92d706abf9e5790ae0837805602cbbfff08d7ccd15977a536a4ba3e669,no,yes,2 rows lacked a valid DOI pair,
semanticscholar,CS023,S35,metadata,failed,not-checked,0,,,https://api.semanticscholar.org/graph/v1/paper/ARXIV%3A2607.11582?fields=paperId%2CcorpusId%2CexternalIds%2Curl%2Ctitle%2Cvenue%2Cyear%2CreferenceCount%2CcitationCount%2CpublicationDate%2CpublicationTypes%2Cauthors,https://api.semanticscholar.org/graph/v1/paper/ARXIV%3A2607.11582?fields=paperId%2CcorpusId%2CexternalIds%2Curl%2Ctitle%2Cvenue%2Cyear%2CreferenceCount%2CcitationCount%2CpublicationDate%2CpublicationTypes%2Cauthors,2026-07-31T01:09:02+00:00,429,"Fri, 31 Jul 2026 01:09:02 GMT",,,4,1.021;2.063;4.077,application/json,,0,0,0,0,raw/cs023-metadata-p0001-semanticscholar.json.gz,65ab993d12c5c2cc9b68e6da2bb79b326930283e520363ffcdc145f88cd5a148,a37ee953037a673450b9887efa8dc62cc1ab6cfc466a9417bb25e634a377cf41,unknown,no,,HTTPError: 429 
semanticscholar,CS023,S35,references,success,not-checked,0,0,,https://api.semanticscholar.org/graph/v1/paper/ARXIV%3A2607.11582/references?fields=paperId%2CcorpusId%2CexternalIds%2Curl%2Ctitle%2Cvenue%2Cyear%2CreferenceCount%2CcitationCount%2CpublicationDate%2CpublicationTypes%2Cauthors&offset=0&limit=1000,https://api.semanticscholar.org/graph/v1/paper/ARXIV%3A2607.11582/references?fields=paperId%2CcorpusId%2CexternalIds%2Curl%2Ctitle%2Cvenue%2Cyear%2CreferenceCount%2CcitationCount%2CpublicationDate%2CpublicationTypes%2Cauthors&offset=0&limit=1000,2026-07-31T01:09:04+00:00,200,"Fri, 31 Jul 2026 01:09:03 GMT",,,1,,application/json,,58,58,58,0,raw/cs023-references-p0001-semanticscholar.json.gz,adfee9c4aa69d7181bdb7efcef72f01cea6cafb5175ba601cc9f308b55dd1dad,a04fc5e22d1958b83c9c3e208dafb092027310d7d71565e1e13b8929c1cd7dd8,no,yes,,
semanticscholar,CS023,S35,citations,success,not-checked,0,0,,https://api.semanticscholar.org/graph/v1/paper/ARXIV%3A2607.11582/citations?fields=paperId%2CcorpusId%2CexternalIds%2Curl%2Ctitle%2Cvenue%2Cyear%2CreferenceCount%2CcitationCount%2CpublicationDate%2CpublicationTypes%2Cauthors&offset=0&limit=1000,https://api.semanticscholar.org/graph/v1/paper/ARXIV%3A2607.11582/citations?fields=paperId%2CcorpusId%2CexternalIds%2Curl%2Ctitle%2Cvenue%2Cyear%2CreferenceCount%2CcitationCount%2CpublicationDate%2CpublicationTypes%2Cauthors&offset=0&limit=1000,2026-07-31T01:09:05+00:00,200,"Fri, 31 Jul 2026 01:09:05 GMT",,,1,,application/json,,1,1,1,0,raw/cs023-citations-p0001-semanticscholar.json.gz,b5b660f4f6499a17fe14a7f459bd8a644ba52984deb4399ff9f201bc1e838d1d,560f75590e10db7d0cb5301172e5d3c1a7e37ae47e2c3f7501617dc280110cb6,no,yes,,
opencitations,CS023,S35,references-count,success,verified-primary,0,,,https://api.opencitations.net/index/v1/reference-count/10.1145%2F3828679,https://api.opencitations.net/index/v1/reference-count/10.1145%2F3828679,2026-07-31T01:09:07+00:00,200,"Fri, 31 Jul 2026 01:09:07 GMT",,,1,,application/json,0,1,1,1,0,raw/cs023-references-count-opencitations.json.gz,6486e57e78a021661017453e99de98c8be810c07f89e6e985ed0dfccf9cb1fe3,2f5c99c678271b5f2f5db318d41ad7286cf42d8a4aac4bd4100a66ee0a6690ff,no,yes,,
opencitations,CS023,S35,references,success-with-limitations,verified-primary,0,,,https://api.opencitations.net/index/v1/references/10.1145%2F3828679,https://api.opencitations.net/index/v1/references/10.1145%2F3828679,2026-07-31T01:09:07+00:00,200,"Fri, 31 Jul 2026 01:09:07 GMT",,,1,,application/json,0,0,0,0,0,raw/cs023-references-p0001-opencitations.json.gz,4f53cda18c2baa0c0354bb5f9a3ecbe5ed12ab4d8e11ba873c2f11161202b945,d15254cd9d142b950433cb8d1c0efb328352fa04db90c0f4d6eb2a68dead445f,no,yes,The DOI is a version alias; the cutoff-eligible seed version is addressed by arXiv in Semantic Scholar,
opencitations,CS023,S35,citations-count,success,verified-primary,0,,,https://api.opencitations.net/index/v1/citation-count/10.1145%2F3828679,https://api.opencitations.net/index/v1/citation-count/10.1145%2F3828679,2026-07-31T01:09:08+00:00,200,"Fri, 31 Jul 2026 01:09:08 GMT",,,1,,application/json,0,1,1,1,0,raw/cs023-citations-count-opencitations.json.gz,6486e57e78a021661017453e99de98c8be810c07f89e6e985ed0dfccf9cb1fe3,2f5c99c678271b5f2f5db318d41ad7286cf42d8a4aac4bd4100a66ee0a6690ff,no,yes,,
opencitations,CS023,S35,citations,success-with-limitations,verified-primary,0,,,https://api.opencitations.net/index/v1/citations/10.1145%2F3828679,https://api.opencitations.net/index/v1/citations/10.1145%2F3828679,2026-07-31T01:09:09+00:00,200,"Fri, 31 Jul 2026 01:09:09 GMT",,,1,,application/json,0,0,0,0,0,raw/cs023-citations-p0001-opencitations.json.gz,4f53cda18c2baa0c0354bb5f9a3ecbe5ed12ab4d8e11ba873c2f11161202b945,d15254cd9d142b950433cb8d1c0efb328352fa04db90c0f4d6eb2a68dead445f,no,yes,The DOI is a version alias; the cutoff-eligible seed version is addressed by arXiv in Semantic Scholar,
semanticscholar,CS024,A29,metadata,success,verified-primary,0,,,https://api.semanticscholar.org/graph/v1/paper/DOI%3A10.1007%2F978-3-540-75292-9_9?fields=paperId%2CcorpusId%2CexternalIds%2Curl%2Ctitle%2Cvenue%2Cyear%2CreferenceCount%2CcitationCount%2CpublicationDate%2CpublicationTypes%2Cauthors,https://api.semanticscholar.org/graph/v1/paper/DOI%3A10.1007%2F978-3-540-75292-9_9?fields=paperId%2CcorpusId%2CexternalIds%2Curl%2Ctitle%2Cvenue%2Cyear%2CreferenceCount%2CcitationCount%2CpublicationDate%2CpublicationTypes%2Cauthors,2026-07-31T01:09:20+00:00,200,"Fri, 31 Jul 2026 01:09:20 GMT",,,4,1.064;2.075;4.124,application/json,1,1,1,1,0,raw/cs024-metadata-p0001-semanticscholar.json.gz,db07d34cdda5676d207ad0c2c79796874d7134bac657d98fef387a1e2abe914d,fac309bbcfff61fb83126703c2ebc291ddba4fb543bcf9ca5d69e0ef210c1e35,no,yes,,
semanticscholar,CS024,A29,references,failed,not-checked,0,0,,https://api.semanticscholar.org/graph/v1/paper/DOI%3A10.1007%2F978-3-540-75292-9_9/references?fields=paperId%2CcorpusId%2CexternalIds%2Curl%2Ctitle%2Cvenue%2Cyear%2CreferenceCount%2CcitationCount%2CpublicationDate%2CpublicationTypes%2Cauthors&offset=0&limit=1000,https://api.semanticscholar.org/graph/v1/paper/DOI%3A10.1007%2F978-3-540-75292-9_9/references?fields=paperId%2CcorpusId%2CexternalIds%2Curl%2Ctitle%2Cvenue%2Cyear%2CreferenceCount%2CcitationCount%2CpublicationDate%2CpublicationTypes%2Cauthors&offset=0&limit=1000,2026-07-31T01:09:22+00:00,200,"Fri, 31 Jul 2026 01:09:22 GMT",,,1,,application/json,,0,0,0,0,raw/cs024-references-p0001-semanticscholar.json.gz,cd173bf3d295ae0f2ad74b9bd8f7810eac6090e4e8dc8c261b732edf54271913,485f827614bea609e3e3e67217357c1e437f034991da8e940b52313f5679dff8,unknown,no,,ValueError: Semantic Scholar relation response lacks a data array
semanticscholar,CS024,A29,citations,success,not-checked,0,0,,https://api.semanticscholar.org/graph/v1/paper/DOI%3A10.1007%2F978-3-540-75292-9_9/citations?fields=paperId%2CcorpusId%2CexternalIds%2Curl%2Ctitle%2Cvenue%2Cyear%2CreferenceCount%2CcitationCount%2CpublicationDate%2CpublicationTypes%2Cauthors&offset=0&limit=1000,https://api.semanticscholar.org/graph/v1/paper/DOI%3A10.1007%2F978-3-540-75292-9_9/citations?fields=paperId%2CcorpusId%2CexternalIds%2Curl%2Ctitle%2Cvenue%2Cyear%2CreferenceCount%2CcitationCount%2CpublicationDate%2CpublicationTypes%2Cauthors&offset=0&limit=1000,2026-07-31T01:09:24+00:00,200,"Fri, 31 Jul 2026 01:09:24 GMT",,,1,,application/json,,12,12,12,0,raw/cs024-citations-p0001-semanticscholar.json.gz,660406747d12c3f695819663c2d063ded28f948c52615e8ae649fd55bc0349ab,b0d97045ab159924e3574929eb1f5f2d517a8a1af0c901675f9a2d70edae87a1,no,yes,,
opencitations,CS024,A29,references-count,success,verified-primary,0,,,https://api.opencitations.net/index/v1/reference-count/10.1007%2F978-3-540-75292-9_9,https://api.opencitations.net/index/v1/reference-count/10.1007%2F978-3-540-75292-9_9,2026-07-31T01:09:25+00:00,200,"Fri, 31 Jul 2026 01:09:25 GMT",,,1,,application/json,18,1,1,1,0,raw/cs024-references-count-opencitations.json.gz,124cd389c06e7c7a43fc16a595e366ffb8fc297dd0e17d68933473612fb4f549,e1b0943f94755fd984fbd4822b560450d4803146efa4ed987547397004dfc3a0,no,yes,,
opencitations,CS024,A29,references,success,verified-primary,0,,,https://api.opencitations.net/index/v1/references/10.1007%2F978-3-540-75292-9_9,https://api.opencitations.net/index/v1/references/10.1007%2F978-3-540-75292-9_9,2026-07-31T01:09:26+00:00,200,"Fri, 31 Jul 2026 01:09:26 GMT",,,1,,application/json,18,18,18,18,0,raw/cs024-references-p0001-opencitations.json.gz,295a916c8e0770e3452a6a67bbe2265f5a332cd4e97bde9264bd0636bccb9fba,8f4320f5d0cc09ae57c3a3986b71ceba9588ad19fd8f37948eeea13e77efa1d2,no,yes,,
opencitations,CS024,A29,citations-count,success,verified-primary,0,,,https://api.opencitations.net/index/v1/citation-count/10.1007%2F978-3-540-75292-9_9,https://api.opencitations.net/index/v1/citation-count/10.1007%2F978-3-540-75292-9_9,2026-07-31T01:09:27+00:00,200,"Fri, 31 Jul 2026 01:09:27 GMT",,,1,,application/json,3,1,1,1,0,raw/cs024-citations-count-opencitations.json.gz,6c5e818b47959df0cc4f65614135c0fed1e934f49e27be3d820cdc8a2ebcbb04,114feac0f1117f671031bff7f7f7d047492e7faeb7c3aa4619a7327d61178023,no,yes,,
opencitations,CS024,A29,citations,success,verified-primary,0,,,https://api.opencitations.net/index/v1/citations/10.1007%2F978-3-540-75292-9_9,https://api.opencitations.net/index/v1/citations/10.1007%2F978-3-540-75292-9_9,2026-07-31T01:09:28+00:00,200,"Fri, 31 Jul 2026 01:09:28 GMT",,,1,,application/json,3,3,3,3,0,raw/cs024-citations-p0001-opencitations.json.gz,22afb4026772a8abcda616479487c262e0ff1293023c8264b338dfbe7da1b578,b758a642be40638aa27e33bacbe337a1631565db4c248de24a181f9fa4ed9619,no,yes,,
semanticscholar,CS025,A30,metadata,failed,not-checked,0,,,https://api.semanticscholar.org/graph/v1/paper/DOI%3A10.1016%2Fj.scico.2008.09.013?fields=paperId%2CcorpusId%2CexternalIds%2Curl%2Ctitle%2Cvenue%2Cyear%2CreferenceCount%2CcitationCount%2CpublicationDate%2CpublicationTypes%2Cauthors,https://api.semanticscholar.org/graph/v1/paper/DOI%3A10.1016%2Fj.scico.2008.09.013?fields=paperId%2CcorpusId%2CexternalIds%2Curl%2Ctitle%2Cvenue%2Cyear%2CreferenceCount%2CcitationCount%2CpublicationDate%2CpublicationTypes%2Cauthors,2026-07-31T01:09:39+00:00,429,"Fri, 31 Jul 2026 01:09:39 GMT",,,4,1.018;2.023;4.090,application/json,,0,0,0,0,raw/cs025-metadata-p0001-semanticscholar.json.gz,65ab993d12c5c2cc9b68e6da2bb79b326930283e520363ffcdc145f88cd5a148,a37ee953037a673450b9887efa8dc62cc1ab6cfc466a9417bb25e634a377cf41,unknown,no,,HTTPError: 429 
semanticscholar,CS025,A30,references,failed,not-checked,0,0,,https://api.semanticscholar.org/graph/v1/paper/DOI%3A10.1016%2Fj.scico.2008.09.013/references?fields=paperId%2CcorpusId%2CexternalIds%2Curl%2Ctitle%2Cvenue%2Cyear%2CreferenceCount%2CcitationCount%2CpublicationDate%2CpublicationTypes%2Cauthors&offset=0&limit=1000,https://api.semanticscholar.org/graph/v1/paper/DOI%3A10.1016%2Fj.scico.2008.09.013/references?fields=paperId%2CcorpusId%2CexternalIds%2Curl%2Ctitle%2Cvenue%2Cyear%2CreferenceCount%2CcitationCount%2CpublicationDate%2CpublicationTypes%2Cauthors&offset=0&limit=1000,2026-07-31T01:09:40+00:00,200,"Fri, 31 Jul 2026 01:09:40 GMT",,,1,,application/json,,0,0,0,0,raw/cs025-references-p0001-semanticscholar.json.gz,68d61cb3c1a97426e51cf97073eb757cebd8b0f525afaa15975755c6ec03e370,b730f52bd59648bdfda930b9254a4ff0a4f3e4d6a8e4b287546e047acf8c12c3,unknown,no,,ValueError: Semantic Scholar relation response lacks a data array
semanticscholar,CS025,A30,citations,success,not-checked,0,0,,https://api.semanticscholar.org/graph/v1/paper/DOI%3A10.1016%2Fj.scico.2008.09.013/citations?fields=paperId%2CcorpusId%2CexternalIds%2Curl%2Ctitle%2Cvenue%2Cyear%2CreferenceCount%2CcitationCount%2CpublicationDate%2CpublicationTypes%2Cauthors&offset=0&limit=1000,https://api.semanticscholar.org/graph/v1/paper/DOI%3A10.1016%2Fj.scico.2008.09.013/citations?fields=paperId%2CcorpusId%2CexternalIds%2Curl%2Ctitle%2Cvenue%2Cyear%2CreferenceCount%2CcitationCount%2CpublicationDate%2CpublicationTypes%2Cauthors&offset=0&limit=1000,2026-07-31T01:09:42+00:00,200,"Fri, 31 Jul 2026 01:09:42 GMT",,,1,,application/json,,17,17,17,0,raw/cs025-citations-p0001-semanticscholar.json.gz,94e4f8fd4c529e52a04c8a69e6fa00c5b11f9fb0d49a00d1d6a649e0ed8fc10a,1df5e46c5507709860f84d28d595ed2b4d0fa23fab92ffebad97aef21f53c421,no,yes,,
opencitations,CS025,A30,references-count,success,verified-primary,0,,,https://api.opencitations.net/index/v1/reference-count/10.1016%2Fj.scico.2008.09.013,https://api.opencitations.net/index/v1/reference-count/10.1016%2Fj.scico.2008.09.013,2026-07-31T01:09:44+00:00,200,"Fri, 31 Jul 2026 01:09:44 GMT",,,1,,application/json,5,1,1,1,0,raw/cs025-references-count-opencitations.json.gz,8d006efca95c4d18fda85fc6ab5de11418df6dfe895a03bc85b80f33af1d6603,ce4cfe43ae251918ed097b5cd2f6f288c9597e2dc88f8c3da00bee0c73c68506,no,yes,,
opencitations,CS025,A30,references,success,verified-primary,0,,,https://api.opencitations.net/index/v1/references/10.1016%2Fj.scico.2008.09.013,https://api.opencitations.net/index/v1/references/10.1016%2Fj.scico.2008.09.013,2026-07-31T01:09:45+00:00,200,"Fri, 31 Jul 2026 01:09:44 GMT",,,1,,application/json,5,5,5,5,0,raw/cs025-references-p0001-opencitations.json.gz,047ca581716af68b98cb605e402cc991299476aeed32c69e5f0962da6cadafce,5161b6c443dcdc3038ceb934e69d8152faec69d1220e69272ed10d1c2a51f3aa,no,yes,,
opencitations,CS025,A30,citations-count,success,verified-primary,0,,,https://api.opencitations.net/index/v1/citation-count/10.1016%2Fj.scico.2008.09.013,https://api.opencitations.net/index/v1/citation-count/10.1016%2Fj.scico.2008.09.013,2026-07-31T01:09:45+00:00,200,"Fri, 31 Jul 2026 01:09:45 GMT",,,1,,application/json,7,1,1,1,0,raw/cs025-citations-count-opencitations.json.gz,3b518ffc8069487b2e0f20961d45f808a8e88b808f1daef373654d9247042e6c,90a4f5dec1d374c06fee5d73d971b8df1fb22eff3ab816b1f4bffada16e6885b,no,yes,,
opencitations,CS025,A30,citations,success,verified-primary,0,,,https://api.opencitations.net/index/v1/citations/10.1016%2Fj.scico.2008.09.013,https://api.opencitations.net/index/v1/citations/10.1016%2Fj.scico.2008.09.013,2026-07-31T01:09:46+00:00,200,"Fri, 31 Jul 2026 01:09:46 GMT",,,1,,application/json,7,7,7,7,0,raw/cs025-citations-p0001-opencitations.json.gz,4a28312f81666fdc0a036a7733687264a962470d0f2d97961d55ad6a7f7506d2,97d0a7e995072690fb1cd05358731e38e3b20979c44af261a01f0ec93b33ec07,no,yes,,
semanticscholar,CS026,S27,metadata,failed,not-checked,0,,,https://api.semanticscholar.org/graph/v1/paper/DOI%3A10.1145%2F3622820?fields=paperId%2CcorpusId%2CexternalIds%2Curl%2Ctitle%2Cvenue%2Cyear%2CreferenceCount%2CcitationCount%2CpublicationDate%2CpublicationTypes%2Cauthors,https://api.semanticscholar.org/graph/v1/paper/DOI%3A10.1145%2F3622820?fields=paperId%2CcorpusId%2CexternalIds%2Curl%2Ctitle%2Cvenue%2Cyear%2CreferenceCount%2CcitationCount%2CpublicationDate%2CpublicationTypes%2Cauthors,2026-07-31T01:09:57+00:00,429,"Fri, 31 Jul 2026 01:09:57 GMT",,,4,1.026;2.165;4.036,application/json,,0,0,0,0,raw/cs026-metadata-p0001-semanticscholar.json.gz,65ab993d12c5c2cc9b68e6da2bb79b326930283e520363ffcdc145f88cd5a148,a37ee953037a673450b9887efa8dc62cc1ab6cfc466a9417bb25e634a377cf41,unknown,no,,HTTPError: 429 
semanticscholar,CS026,S27,references,success,not-checked,0,0,,https://api.semanticscholar.org/graph/v1/paper/DOI%3A10.1145%2F3622820/references?fields=paperId%2CcorpusId%2CexternalIds%2Curl%2Ctitle%2Cvenue%2Cyear%2CreferenceCount%2CcitationCount%2CpublicationDate%2CpublicationTypes%2Cauthors&offset=0&limit=1000,https://api.semanticscholar.org/graph/v1/paper/DOI%3A10.1145%2F3622820/references?fields=paperId%2CcorpusId%2CexternalIds%2Curl%2Ctitle%2Cvenue%2Cyear%2CreferenceCount%2CcitationCount%2CpublicationDate%2CpublicationTypes%2Cauthors&offset=0&limit=1000,2026-07-31T01:09:59+00:00,200,"Fri, 31 Jul 2026 01:09:58 GMT",,,1,,application/json,,35,35,35,0,raw/cs026-references-p0001-semanticscholar.json.gz,90d3e4935dee39e124488bc5e1c41f8a4ba33cb85836955c0f8537de49860e59,a753a6de35cd948e7a6b3806844f57096a3fc173d807507b6759b4f0011d4ed1,no,yes,,
semanticscholar,CS026,S27,citations,success,not-checked,0,0,,https://api.semanticscholar.org/graph/v1/paper/DOI%3A10.1145%2F3622820/citations?fields=paperId%2CcorpusId%2CexternalIds%2Curl%2Ctitle%2Cvenue%2Cyear%2CreferenceCount%2CcitationCount%2CpublicationDate%2CpublicationTypes%2Cauthors&offset=0&limit=1000,https://api.semanticscholar.org/graph/v1/paper/DOI%3A10.1145%2F3622820/citations?fields=paperId%2CcorpusId%2CexternalIds%2Curl%2Ctitle%2Cvenue%2Cyear%2CreferenceCount%2CcitationCount%2CpublicationDate%2CpublicationTypes%2Cauthors&offset=0&limit=1000,2026-07-31T01:10:00+00:00,200,"Fri, 31 Jul 2026 01:10:00 GMT",,,1,,application/json,,6,6,6,0,raw/cs026-citations-p0001-semanticscholar.json.gz,c782125ad301faccf20553792fbca7b6d0610ab4c5b72479fc5f14e4a92505b1,aabb8b938c78756e852c2d9c26df457e96d725d06e543fd8ac1642f68ab3e80d,no,yes,,
opencitations,CS026,S27,references-count,success,verified-primary,0,,,https://api.opencitations.net/index/v1/reference-count/10.1145%2F3622820,https://api.opencitations.net/index/v1/reference-count/10.1145%2F3622820,2026-07-31T01:10:02+00:00,200,"Fri, 31 Jul 2026 01:10:02 GMT",,,1,,application/json,26,1,1,1,0,raw/cs026-references-count-opencitations.json.gz,de64fa612287d33982402ab4f520bc71568be1625dbc8bb0031069b10762f9ff,21c999ccf8254af3f6f44886883e10791df1659bbaa71177a438fc99aea7c23e,no,yes,,
opencitations,CS026,S27,references,success,verified-primary,0,,,https://api.opencitations.net/index/v1/references/10.1145%2F3622820,https://api.opencitations.net/index/v1/references/10.1145%2F3622820,2026-07-31T01:10:03+00:00,200,"Fri, 31 Jul 2026 01:10:03 GMT",,,1,,application/json,26,26,26,26,0,raw/cs026-references-p0001-opencitations.json.gz,091f6818ba6f67f0e9c7e80de7854677f5842ce20d526605d9b20f883de3a90f,7ad655ae4dd5787a6fe3881ec5a91491b7c02734c6d81c91781e6a545113412e,no,yes,,
opencitations,CS026,S27,citations-count,success,verified-primary,0,,,https://api.opencitations.net/index/v1/citation-count/10.1145%2F3622820,https://api.opencitations.net/index/v1/citation-count/10.1145%2F3622820,2026-07-31T01:10:04+00:00,200,"Fri, 31 Jul 2026 01:10:04 GMT",,,1,,application/json,6,1,1,1,0,raw/cs026-citations-count-opencitations.json.gz,5d938fe3475482d9160e76f745ce805cd8c25be5963ac02770b445978e126282,ca730ab05c5d629a9075df8814728629492948bfc96a1fd74605c20bdcae8577,no,yes,,
opencitations,CS026,S27,citations,success,verified-primary,0,,,https://api.opencitations.net/index/v1/citations/10.1145%2F3622820,https://api.opencitations.net/index/v1/citations/10.1145%2F3622820,2026-07-31T01:10:04+00:00,200,"Fri, 31 Jul 2026 01:10:04 GMT",,,1,,application/json,6,6,6,6,0,raw/cs026-citations-p0001-opencitations.json.gz,c79474715b431021e07f9d9291c7a48e4e2f029bf653b4055b4383f4a286950b,16994b658268756e5e883a92dd3fd12a808b48a7b5dd2b5c0ffd2c5a7cd61a07,no,yes,,
semanticscholar,CS027,S38,metadata,failed,not-checked,0,,,https://api.semanticscholar.org/graph/v1/paper/DOI%3A10.1007%2F978-3-540-68863-1_6?fields=paperId%2CcorpusId%2CexternalIds%2Curl%2Ctitle%2Cvenue%2Cyear%2CreferenceCount%2CcitationCount%2CpublicationDate%2CpublicationTypes%2Cauthors,https://api.semanticscholar.org/graph/v1/paper/DOI%3A10.1007%2F978-3-540-68863-1_6?fields=paperId%2CcorpusId%2CexternalIds%2Curl%2Ctitle%2Cvenue%2Cyear%2CreferenceCount%2CcitationCount%2CpublicationDate%2CpublicationTypes%2Cauthors,2026-07-31T01:10:14+00:00,429,"Fri, 31 Jul 2026 01:10:14 GMT",,,4,1.124;2.005;4.070,application/json,,0,0,0,0,raw/cs027-metadata-p0001-semanticscholar.json.gz,65ab993d12c5c2cc9b68e6da2bb79b326930283e520363ffcdc145f88cd5a148,a37ee953037a673450b9887efa8dc62cc1ab6cfc466a9417bb25e634a377cf41,unknown,no,,HTTPError: 429 
semanticscholar,CS027,S38,references,failed,not-checked,0,0,,https://api.semanticscholar.org/graph/v1/paper/DOI%3A10.1007%2F978-3-540-68863-1_6/references?fields=paperId%2CcorpusId%2CexternalIds%2Curl%2Ctitle%2Cvenue%2Cyear%2CreferenceCount%2CcitationCount%2CpublicationDate%2CpublicationTypes%2Cauthors&offset=0&limit=1000,https://api.semanticscholar.org/graph/v1/paper/DOI%3A10.1007%2F978-3-540-68863-1_6/references?fields=paperId%2CcorpusId%2CexternalIds%2Curl%2Ctitle%2Cvenue%2Cyear%2CreferenceCount%2CcitationCount%2CpublicationDate%2CpublicationTypes%2Cauthors&offset=0&limit=1000,2026-07-31T01:10:16+00:00,200,"Fri, 31 Jul 2026 01:10:16 GMT",,,1,,application/json,,0,0,0,0,raw/cs027-references-p0001-semanticscholar.json.gz,06d5713a993b7d2aba7d32c392c97e76992355ccecc9dff66f6eab3a13d331b4,b1b9266e241ef53bc29212e16b69a251b3f1e5c4321bc8f38279c344f8128062,unknown,no,,ValueError: Semantic Scholar relation response lacks a data array
semanticscholar,CS027,S38,citations,success,not-checked,0,0,,https://api.semanticscholar.org/graph/v1/paper/DOI%3A10.1007%2F978-3-540-68863-1_6/citations?fields=paperId%2CcorpusId%2CexternalIds%2Curl%2Ctitle%2Cvenue%2Cyear%2CreferenceCount%2CcitationCount%2CpublicationDate%2CpublicationTypes%2Cauthors&offset=0&limit=1000,https://api.semanticscholar.org/graph/v1/paper/DOI%3A10.1007%2F978-3-540-68863-1_6/citations?fields=paperId%2CcorpusId%2CexternalIds%2Curl%2Ctitle%2Cvenue%2Cyear%2CreferenceCount%2CcitationCount%2CpublicationDate%2CpublicationTypes%2Cauthors&offset=0&limit=1000,2026-07-31T01:10:18+00:00,200,"Fri, 31 Jul 2026 01:10:18 GMT",,,1,,application/json,,19,19,19,0,raw/cs027-citations-p0001-semanticscholar.json.gz,0e26d6c5f57e5e1ad23eb69f31f9b3de1d06f075155ff3c40ed8ca5acf68478b,9556dc656bc093f16c3b0bcd9db2d94cd8baade9e001c783af4e2f309f91e835,no,yes,,
opencitations,CS027,S38,references-count,success,verified-primary,0,,,https://api.opencitations.net/index/v1/reference-count/10.1007%2F978-3-540-68863-1_6,https://api.opencitations.net/index/v1/reference-count/10.1007%2F978-3-540-68863-1_6,2026-07-31T01:10:19+00:00,200,"Fri, 31 Jul 2026 01:10:19 GMT",,,1,,application/json,13,1,1,1,0,raw/cs027-references-count-opencitations.json.gz,cb52aeac6d41d24902a2791a5599bd0e5b154f70fb538d136f1c839d561f5b89,6a91c5e1d96662e6bdb257370a9e3616eb8934ef0153ce3bfa2d96a5639178c1,no,yes,,
opencitations,CS027,S38,references,success,verified-primary,0,,,https://api.opencitations.net/index/v1/references/10.1007%2F978-3-540-68863-1_6,https://api.opencitations.net/index/v1/references/10.1007%2F978-3-540-68863-1_6,2026-07-31T01:10:20+00:00,200,"Fri, 31 Jul 2026 01:10:20 GMT",,,1,,application/json,13,13,13,13,0,raw/cs027-references-p0001-opencitations.json.gz,e3e8cac852ec46c6f6bfeaf1c3219591300cdc79887588ca247c03b215dd830f,3140835682a33376df01de5c1fd700f656be013677caad99f78f72f93ac649c9,no,yes,,
opencitations,CS027,S38,citations-count,success,verified-primary,0,,,https://api.opencitations.net/index/v1/citation-count/10.1007%2F978-3-540-68863-1_6,https://api.opencitations.net/index/v1/citation-count/10.1007%2F978-3-540-68863-1_6,2026-07-31T01:10:21+00:00,200,"Fri, 31 Jul 2026 01:10:21 GMT",,,1,,application/json,11,1,1,1,0,raw/cs027-citations-count-opencitations.json.gz,2848d172121a4b02643066f4edc1b8e6d1684b887e944b9d2940a6a78216f0ad,5e2398db07b4daefdffcbde84f9658f34e6633e28b7925df6cf28d0ccc1981c4,no,yes,,
opencitations,CS027,S38,citations,success,verified-primary,0,,,https://api.opencitations.net/index/v1/citations/10.1007%2F978-3-540-68863-1_6,https://api.opencitations.net/index/v1/citations/10.1007%2F978-3-540-68863-1_6,2026-07-31T01:10:22+00:00,200,"Fri, 31 Jul 2026 01:10:22 GMT",,,1,,application/json,11,11,11,11,0,raw/cs027-citations-p0001-opencitations.json.gz,d0710215d362788bb831ea9e7ca0d1afa96fec4815417fda1e301a05f3ce27fa,143e98bd9b9ca1e1d87f1b278a4cf16419ebeedc4b686ccdf1f90645be68aa56,no,yes,,
semanticscholar,CS028,S40,metadata,failed,not-checked,0,,,https://api.semanticscholar.org/graph/v1/paper/DOI%3A10.1007%2Fs10703-021-00370-8?fields=paperId%2CcorpusId%2CexternalIds%2Curl%2Ctitle%2Cvenue%2Cyear%2CreferenceCount%2CcitationCount%2CpublicationDate%2CpublicationTypes%2Cauthors,https://api.semanticscholar.org/graph/v1/paper/DOI%3A10.1007%2Fs10703-021-00370-8?fields=paperId%2CcorpusId%2CexternalIds%2Curl%2Ctitle%2Cvenue%2Cyear%2CreferenceCount%2CcitationCount%2CpublicationDate%2CpublicationTypes%2Cauthors,2026-07-31T01:10:33+00:00,429,"Fri, 31 Jul 2026 01:10:33 GMT",,,4,1.203;2.247;4.002,application/json,,0,0,0,0,raw/cs028-metadata-p0001-semanticscholar.json.gz,65ab993d12c5c2cc9b68e6da2bb79b326930283e520363ffcdc145f88cd5a148,a37ee953037a673450b9887efa8dc62cc1ab6cfc466a9417bb25e634a377cf41,unknown,no,,HTTPError: 429 
semanticscholar,CS028,S40,references,success,not-checked,0,0,,https://api.semanticscholar.org/graph/v1/paper/DOI%3A10.1007%2Fs10703-021-00370-8/references?fields=paperId%2CcorpusId%2CexternalIds%2Curl%2Ctitle%2Cvenue%2Cyear%2CreferenceCount%2CcitationCount%2CpublicationDate%2CpublicationTypes%2Cauthors&offset=0&limit=1000,https://api.semanticscholar.org/graph/v1/paper/DOI%3A10.1007%2Fs10703-021-00370-8/references?fields=paperId%2CcorpusId%2CexternalIds%2Curl%2Ctitle%2Cvenue%2Cyear%2CreferenceCount%2CcitationCount%2CpublicationDate%2CpublicationTypes%2Cauthors&offset=0&limit=1000,2026-07-31T01:10:35+00:00,200,"Fri, 31 Jul 2026 01:10:34 GMT",,,1,,application/json,,50,50,50,0,raw/cs028-references-p0001-semanticscholar.json.gz,6aaac9bbb1ebf71075ce4d50b5320aac5658597e4771aa2319224f8f920faf97,9ebb73cfaa51128ded2913a7a18322bdd527f002f43864b86c93263a17e0dabd,no,yes,,
semanticscholar,CS028,S40,citations,success,not-checked,0,0,,https://api.semanticscholar.org/graph/v1/paper/DOI%3A10.1007%2Fs10703-021-00370-8/citations?fields=paperId%2CcorpusId%2CexternalIds%2Curl%2Ctitle%2Cvenue%2Cyear%2CreferenceCount%2CcitationCount%2CpublicationDate%2CpublicationTypes%2Cauthors&offset=0&limit=1000,https://api.semanticscholar.org/graph/v1/paper/DOI%3A10.1007%2Fs10703-021-00370-8/citations?fields=paperId%2CcorpusId%2CexternalIds%2Curl%2Ctitle%2Cvenue%2Cyear%2CreferenceCount%2CcitationCount%2CpublicationDate%2CpublicationTypes%2Cauthors&offset=0&limit=1000,2026-07-31T01:10:36+00:00,200,"Fri, 31 Jul 2026 01:10:36 GMT",,,1,,application/json,,3,3,3,0,raw/cs028-citations-p0001-semanticscholar.json.gz,1afa2e6f0b6e829d02097ddc33108f4c0a23a70995bd4e6484f7ab5580e5bac7,ad068fc4a2ad4d1919a90246ca082a8abc40c5ed006310d419b3851ac0a8bfed,no,yes,,
opencitations,CS028,S40,references-count,success,verified-primary,0,,,https://api.opencitations.net/index/v1/reference-count/10.1007%2Fs10703-021-00370-8,https://api.opencitations.net/index/v1/reference-count/10.1007%2Fs10703-021-00370-8,2026-07-31T01:10:38+00:00,200,"Fri, 31 Jul 2026 01:10:38 GMT",,,1,,application/json,38,1,1,1,0,raw/cs028-references-count-opencitations.json.gz,2296b02deee91d52370825eacfa0762b965c7e3e2231570d4de1a5c31006a625,58646dacbdc95ae8dbf6d68cafb541aa01dda98f89cc5d15133dfd773d49912f,no,yes,,
opencitations,CS028,S40,references,success,verified-primary,0,,,https://api.opencitations.net/index/v1/references/10.1007%2Fs10703-021-00370-8,https://api.opencitations.net/index/v1/references/10.1007%2Fs10703-021-00370-8,2026-07-31T01:10:39+00:00,200,"Fri, 31 Jul 2026 01:10:39 GMT",,,1,,application/json,38,38,38,38,0,raw/cs028-references-p0001-opencitations.json.gz,4f53551e2ccb5edbf13c93ab73cc1362929698ab1f614b3b0d3bc567ead2c176,3a5ad107451c2994d38991c30c7ac6a65f6b0ca8d89aaa85516e9d87607dbeef,no,yes,,
opencitations,CS028,S40,citations-count,success,verified-primary,0,,,https://api.opencitations.net/index/v1/citation-count/10.1007%2Fs10703-021-00370-8,https://api.opencitations.net/index/v1/citation-count/10.1007%2Fs10703-021-00370-8,2026-07-31T01:10:40+00:00,200,"Fri, 31 Jul 2026 01:10:40 GMT",,,1,,application/json,2,1,1,1,0,raw/cs028-citations-count-opencitations.json.gz,d9d7dc6f884f4f6c356cf3bc21d2b4efc7bdbe6e4f5712a5846416ddff9a2860,48c181bc26d4fa0980ba35a451f91a7c928601c09528cc3351c7155f268e713a,no,yes,,
opencitations,CS028,S40,citations,success,verified-primary,0,,,https://api.opencitations.net/index/v1/citations/10.1007%2Fs10703-021-00370-8,https://api.opencitations.net/index/v1/citations/10.1007%2Fs10703-021-00370-8,2026-07-31T01:10:40+00:00,200,"Fri, 31 Jul 2026 01:10:40 GMT",,,1,,application/json,2,2,2,2,0,raw/cs028-citations-p0001-opencitations.json.gz,eaebd1913cc44ea45e34b2ed639445d04768caeafb6bd325385f07f23109ce7f,3f6c08c81d4246a9b06384829161604b8b44587b4e5c84d2506af46790af3db3,no,yes,,
semanticscholar,CS029,S42,metadata,failed,not-checked,0,,,https://api.semanticscholar.org/graph/v1/paper/DOI%3A10.1145%2F1542476.1542493?fields=paperId%2CcorpusId%2CexternalIds%2Curl%2Ctitle%2Cvenue%2Cyear%2CreferenceCount%2CcitationCount%2CpublicationDate%2CpublicationTypes%2Cauthors,https://api.semanticscholar.org/graph/v1/paper/DOI%3A10.1145%2F1542476.1542493?fields=paperId%2CcorpusId%2CexternalIds%2Curl%2Ctitle%2Cvenue%2Cyear%2CreferenceCount%2CcitationCount%2CpublicationDate%2CpublicationTypes%2Cauthors,2026-07-31T01:10:50+00:00,429,"Fri, 31 Jul 2026 01:10:50 GMT",,,4,1.202;2.109;4.161,application/json,,0,0,0,0,raw/cs029-metadata-p0001-semanticscholar.json.gz,65ab993d12c5c2cc9b68e6da2bb79b326930283e520363ffcdc145f88cd5a148,a37ee953037a673450b9887efa8dc62cc1ab6cfc466a9417bb25e634a377cf41,unknown,no,,HTTPError: 429 
semanticscholar,CS029,S42,references,failed,not-checked,0,0,,https://api.semanticscholar.org/graph/v1/paper/DOI%3A10.1145%2F1542476.1542493/references?fields=paperId%2CcorpusId%2CexternalIds%2Curl%2Ctitle%2Cvenue%2Cyear%2CreferenceCount%2CcitationCount%2CpublicationDate%2CpublicationTypes%2Cauthors&offset=0&limit=1000,https://api.semanticscholar.org/graph/v1/paper/DOI%3A10.1145%2F1542476.1542493/references?fields=paperId%2CcorpusId%2CexternalIds%2Curl%2Ctitle%2Cvenue%2Cyear%2CreferenceCount%2CcitationCount%2CpublicationDate%2CpublicationTypes%2Cauthors&offset=0&limit=1000,2026-07-31T01:10:52+00:00,200,"Fri, 31 Jul 2026 01:10:52 GMT",,,1,,application/json,,0,0,0,0,raw/cs029-references-p0001-semanticscholar.json.gz,11623f42e9900777b2a6f1e2999ed4b001c719841078cbde7e2de127136636fb,ec163d0757088a01c8f814cbd40a7e860a859cd526a77577b9bb30f96d1d04a9,unknown,no,,ValueError: Semantic Scholar relation response lacks a data array
semanticscholar,CS029,S42,citations,success,not-checked,0,0,,https://api.semanticscholar.org/graph/v1/paper/DOI%3A10.1145%2F1542476.1542493/citations?fields=paperId%2CcorpusId%2CexternalIds%2Curl%2Ctitle%2Cvenue%2Cyear%2CreferenceCount%2CcitationCount%2CpublicationDate%2CpublicationTypes%2Cauthors&offset=0&limit=1000,https://api.semanticscholar.org/graph/v1/paper/DOI%3A10.1145%2F1542476.1542493/citations?fields=paperId%2CcorpusId%2CexternalIds%2Curl%2Ctitle%2Cvenue%2Cyear%2CreferenceCount%2CcitationCount%2CpublicationDate%2CpublicationTypes%2Cauthors&offset=0&limit=1000,2026-07-31T01:10:54+00:00,200,"Fri, 31 Jul 2026 01:10:54 GMT",,,1,,application/json,,25,25,25,0,raw/cs029-citations-p0001-semanticscholar.json.gz,b44d94cde4f0edb06f1794e966b546fe571dceba524c9a04768465e26a635833,2d9a0ea95d6650d8a5bf32d8908b2c01b2c0103f58daad84880126b998822bdc,no,yes,,
opencitations,CS029,S42,references-count,success,verified-primary,0,,,https://api.opencitations.net/index/v1/reference-count/10.1145%2F1542476.1542493,https://api.opencitations.net/index/v1/reference-count/10.1145%2F1542476.1542493,2026-07-31T01:10:55+00:00,200,"Fri, 31 Jul 2026 01:10:55 GMT",,,1,,application/json,13,1,1,1,0,raw/cs029-references-count-opencitations.json.gz,cb52aeac6d41d24902a2791a5599bd0e5b154f70fb538d136f1c839d561f5b89,6a91c5e1d96662e6bdb257370a9e3616eb8934ef0153ce3bfa2d96a5639178c1,no,yes,,
opencitations,CS029,S42,references,success,verified-primary,0,,,https://api.opencitations.net/index/v1/references/10.1145%2F1542476.1542493,https://api.opencitations.net/index/v1/references/10.1145%2F1542476.1542493,2026-07-31T01:10:56+00:00,200,"Fri, 31 Jul 2026 01:10:56 GMT",,,1,,application/json,13,13,13,13,0,raw/cs029-references-p0001-opencitations.json.gz,3e122b33b74e19771a52c4935a39af10d4498191c8a8ccdfd4ee687adee38d13,f1ac74e2f347dcb708f745d335ea482ddd07ea915f06e6e971879efa19b2153e,no,yes,,
opencitations,CS029,S42,citations-count,success,verified-primary,0,,,https://api.opencitations.net/index/v1/citation-count/10.1145%2F1542476.1542493,https://api.opencitations.net/index/v1/citation-count/10.1145%2F1542476.1542493,2026-07-31T01:10:57+00:00,200,"Fri, 31 Jul 2026 01:10:57 GMT",,,1,,application/json,10,1,1,1,0,raw/cs029-citations-count-opencitations.json.gz,327e9cd860f81ca8c8713d6c0ed07580bfa4a22b851e054b1dabc92d0f75fa24,3d52e4539952d45506db5bb9894e9456f334d4e68c53814f757e540139989bac,no,yes,,
opencitations,CS029,S42,citations,success,verified-primary,0,,,https://api.opencitations.net/index/v1/citations/10.1145%2F1542476.1542493,https://api.opencitations.net/index/v1/citations/10.1145%2F1542476.1542493,2026-07-31T01:10:58+00:00,200,"Fri, 31 Jul 2026 01:10:58 GMT",,,1,,application/json,10,10,10,10,0,raw/cs029-citations-p0001-opencitations.json.gz,740cb4cf12dace867518708a0c088b5e040d5fefa68aeba9622afd186f464198,a562d47ce7ddebd8a1df96cf1bbc251a1e06c2ccbbfc47d59ccc7266c88caf69,no,yes,,
