"source_queue_run_id","source_queue_checksums_sha256","candidate_id","work_key","title","screening_stage","decision","canonical_record_id","canonical_decision","matrix_record_id","full_text_checked","evidence_url","evidence_location","reviewer","review_date","human_confirmation","reason"
"20260731T052500Z-pending-closest-union","bddb8c1df7380092cba1a9df363d60ce34e9f294e74d90c6abb9d073d8b90b1d","CG0176","doi:10.1145/3776687","Recurrence Sets for Proving Fair Non-termination under Axiomatic Memory Consistency Models","source-audit","linked-existing","S05","include-closest","PA04","yes","https://hernanponcedeleon.github.io/pdfs/popl2026.pdf","§3.3; Theorems 4.3–4.4; pinned and current Dat3M source audit","Codex-assisted triage; human confirmation pending","2026-07-31","pending","Exact DOI/title link to S05/PA04. The paper names primitive weak-CAS fairness but omits it from the theory; no positive weak-CAS Treiber theorem or integrated separation was found."
"20260731T052500Z-pending-closest-union","bddb8c1df7380092cba1a9df363d60ce34e9f294e74d90c6abb9d073d8b90b1d","CG0149","doi:10.1145/3485475","Making weak memory models fair","full-text","linked-existing","S01","include-closest","PA01","yes","https://arxiv.org/pdf/2012.01067","§§4.2–4.3; Theorem 5.3; §6 Weak RMWs","Codex-assisted triage; human confirmation pending","2026-07-31","pending","Exact DOI/title link to S01/PA01, the RC11 memory-fairness baseline that leaves weak-RMW fairness as an orthogonal future extension."
"20260731T052500Z-pending-closest-union","bddb8c1df7380092cba1a9df363d60ce34e9f294e74d90c6abb9d073d8b90b1d","CG0211","s2:8eb71d6d82a3d334eb95bd04747d54d95d1fcfd6","A Formally-Verified Framework for Fair Synchronization in Kotlin Coroutines","source-audit","linked-existing","S67","include-closest","PA48","yes","https://arxiv.org/pdf/2111.12682","§§5.1–5.2; Appendices D and F.4; pinned cqs-proofs inventory","Codex-assisted triage; human confirmation pending","2026-07-31","pending","Prepublication title alias of CQS, already covered by S67/PA48; no distinct theorem or version result."
"20260731T052500Z-pending-closest-union","bddb8c1df7380092cba1a9df363d60ce34e9f294e74d90c6abb9d073d8b90b1d","CG0079","doi:10.1109/dasc.2009.25","Verification of a Lock-Free Implementation of Multiword LL/SC Object","full-text","linked-existing","S86","include-adjacent","","yes","https://pure.rug.nl/ws/files/2675740/2009ProcIEEEDASCGao.pdf","§II pp. 31–32; §III pp. 32–33; §IV and Theorem 2 pp. 33–35","Codex-assisted triage; human confirmation pending","2026-07-31","pending","Promoted as S86. PVS-supported exact-CAS/LL-SC refinement has no stated temporal lock-freedom theorem, Treiber case, weak memory, spuriosity, justice, or all-spurious witness."
"20260731T052500Z-pending-closest-union","bddb8c1df7380092cba1a9df363d60ce34e9f294e74d90c6abb9d073d8b90b1d","CG0147","doi:10.1145/3445814.3446748","VSync: push-button verification and optimization for synchronization primitives on weak memory models","full-text","linked-existing","S21","include-adjacent","PA17","yes","https://arxiv.org/pdf/2102.06590","Definitions 1–2; Theorem 1; ARM/Rmem case study","Codex-assisted triage; human confirmation pending","2026-07-31","pending","Exact DOI/title link to S21/PA17. VSync checks await termination under boundedness conditions but has no Treiber or separate justice for spurious weak CAS."
"20260731T052500Z-pending-closest-union","bddb8c1df7380092cba1a9df363d60ce34e9f294e74d90c6abb9d073d8b90b1d","CG0181","doi:10.1145/3798208","RAT-CAT-SAT: Model Checking Memory Consistency Models","metadata","exclude-topic","","","","partial","https://2026.splashcon.org/details/oopsla-2026/9/RAT-CAT-SAT-Model-Checking-Memory-Consistency-Models","Official OOPSLA 2026 abstract and theorem summary","Codex-assisted triage; human confirmation pending","2026-07-31","pending","The work proves solver metatheory for satisfiability in rational CAT relation theory and memory-model comparison, not a concurrent program safety or liveness theorem; full publisher text remains access-limited."
"20260731T052500Z-pending-closest-union","bddb8c1df7380092cba1a9df363d60ce34e9f294e74d90c6abb9d073d8b90b1d","CG0004","arxiv:2212.14126","Modular termination verification with a higher-order concurrent separation logic (Intermediate report)","full-text","linked-existing","S16","include-closest","PA12","yes","https://arxiv.org/pdf/2212.14126","§4 and stack figures; code and proof discussion","Codex-assisted triage; human confirmation pending","2026-07-31","pending","Exact arXiv/title link to S16/PA12; the mechanized adapted stack uses a strong-CAS effect in an SC HeapLang variant."
"20260731T052500Z-pending-closest-union","bddb8c1df7380092cba1a9df363d60ce34e9f294e74d90c6abb9d073d8b90b1d","CG0020","doi:10.1007/978-3-030-61362-4_29","Modular Verification of Liveness Properties of the I/O Behavior of Imperative Programs","full-text","exclude-topic","","","","yes","https://people.cs.kuleuven.be/~bart.jacobs/isola2020.pdf","§§4.3 and 4.6–4.8; §6","Codex-assisted triage; human confirmation pending","2026-07-31","pending","The verified echo-server I/O liveness theory is for a language without concurrency; the paper proposes concurrency only as future work and has no CAS, Treiber, weak memory, or fairness result."
"20260731T052500Z-pending-closest-union","bddb8c1df7380092cba1a9df363d60ce34e9f294e74d90c6abb9d073d8b90b1d","CG0052","doi:10.1007/978-3-642-13321-3_21","Temporal Logic Verification of Lock-Freedom","full-text","linked-existing","S49","include-adjacent","","yes","https://opus.bibliothek.uni-augsburg.de/opus4/frontdoor/index/index/year/2019/docId/57145","Definitions 1–2; Theorem 1; Michael–Scott case; unfair-loop variant","Codex-assisted triage; human confirmation pending","2026-07-31","pending","Exact DOI/title link to S49. This is KIV temporal lock-freedom lineage for an SC strong-CAS queue, not weak-CAS Treiber under RC11."
"20260731T052500Z-pending-closest-union","bddb8c1df7380092cba1a9df363d60ce34e9f294e74d90c6abb9d073d8b90b1d","CG0143","doi:10.1145/3427761.3428345","A separation logic to verify termination of busy-waiting for abrupt program exit","full-text","linked-existing","S79","include-context","","yes","https://arxiv.org/pdf/2010.07800","Definition 2.7; Theorem 4.3; §6","Codex-assisted triage; human confirmation pending","2026-07-31","pending","Exact DOI/title link to S79. The fair-scheduler proof-rule lineage has no weak memory, CAS, Treiber, or primitive-justice dimension."
"20260731T052500Z-pending-closest-union","bddb8c1df7380092cba1a9df363d60ce34e9f294e74d90c6abb9d073d8b90b1d","CG0190","doi:10.26686/wgtn.17004076","On the Use of Model Checking for the Bounded and Unbounded Verification of Nonblocking Concurrent Data Structures","full-text","linked-existing","S44","include-closest","PA36","yes","https://openaccess.wgtn.ac.nz/articles/thesis/On_the_Use_of_Model_Checking_for_the_Bounded_and_Unbounded_Verification_of_Nonblocking_Concurrent_Data_Structures/17004076","§§5.3 and 6.2–6.4; Table 6.8","Codex-assisted triage; human confirmation pending","2026-07-31","pending","Exact DOI/title link to S44/PA36. Treiber progress checks are bounded; the unbounded analysis establishes safety/linearizability only."
"20260731T052500Z-pending-closest-union","bddb8c1df7380092cba1a9df363d60ce34e9f294e74d90c6abb9d073d8b90b1d","CG0221","s2:dcec3805ae1e9b30ccbf20184bfba14766889d8e","Design and verification of lock-free parallel algorithms","full-text","linked-existing","S87","include-closest","PA52","yes","https://www.mi.fu-berlin.de/inf/groups/ag-tech/intern/19548-V-Model-Checking/Hui_Gao.pdf","Chapter 3 Theorem 3.3.1 and §3.6; Chapter 4 Theorem 4.4.1 and §4.4.3; summary","Codex-assisted triage; human confirmation pending","2026-07-31","pending","Promoted as S87/PA52. The thesis expands the scheduler-fairness-plus-success-premise lineage, but its PVS liveness proof is deferred and it has no Treiber, RC11, genuine weak CAS, primitive justice, or all-spurious execution."
"20260731T052500Z-pending-closest-union","bddb8c1df7380092cba1a9df363d60ce34e9f294e74d90c6abb9d073d8b90b1d","CG0222","s2:e19813ac9eba9ca86c1e46a9954552b5b837391d","Burrow: A Proof Framework for Weak Memory","full-text","linked-existing","S88","include-adjacent","","yes","https://dennis.life/pubs/cav26-burrow.pdf","Abstract and §§1–2 pp. 1–5; §3 framework; §4 x86-to-Arm mapping; conclusion; public agda-burrow repository at commit 739a327","Codex-assisted triage; human confirmation pending","2026-07-31","pending","Authoritative identity/full-text screen links this work to canonical S88; no separate result is counted."
"20260731T052500Z-pending-closest-union","bddb8c1df7380092cba1a9df363d60ce34e9f294e74d90c6abb9d073d8b90b1d","CG0011","doi:10.1002/cpe.70484","Weak Memory Model Formalisms: Introduction and Survey","metadata","exclude-secondary","","","","not-applicable","https://doi.org/10.1002/cpe.70484","title and venue metadata","Codex-assisted triage; human confirmation pending","2026-07-31","pending","Secondary, tutorial, manual, or overview title with no independent theorem requiring full-text promotion."
"20260731T052500Z-pending-closest-union","bddb8c1df7380092cba1a9df363d60ce34e9f294e74d90c6abb9d073d8b90b1d","CG0016","doi:10.1007/978-3-030-25540-4_19","BMC for Weak Memory Models: Relation Analysis for Compact SMT Encodings","full-text","linked-existing","S109","include-version-audit","","yes","https://aaltodoc.aalto.fi/server/api/core/bitstreams/5bb1b8d0-2472-40df-80ba-6f3319c26606/content","Abstract p. 1; §2 p. 3; §3.1 p. 5; §5 and conclusion pp. 9–10","Codex-assisted triage; human confirmation pending","2026-07-31","pending","Promoted as S109, a bounded weak-memory safety precursor in the Dartagnan lineage; no Treiber progress, fairness, or weak-CAS spuriosity theorem."
"20260731T052500Z-pending-closest-union","bddb8c1df7380092cba1a9df363d60ce34e9f294e74d90c6abb9d073d8b90b1d","CG0075","doi:10.1109/2.546611","Shared Memory Consistency Models: A Tutorial","metadata","exclude-secondary","","","","not-applicable","https://doi.org/10.1109/2.546611","title and venue metadata","Codex-assisted triage; human confirmation pending","2026-07-31","pending","Secondary, tutorial, manual, or overview title with no independent theorem requiring full-text promotion."
"20260731T052500Z-pending-closest-union","bddb8c1df7380092cba1a9df363d60ce34e9f294e74d90c6abb9d073d8b90b1d","CG0083","doi:10.1109/icise.2009.841","Practical Lock-Free Implementation of LL/SC Using Only Pointer-Size CAS","full-text","linked-existing","S89","include-adjacent","","yes","https://pure.rug.nl/ws/files/2669065/2009ProcICISEGao.pdf","§§II-A and IV; Theorem 2; conclusion","Codex-assisted triage; human confirmation pending","2026-07-31","pending","PVS-supported exact-CAS/LL-SC safety refinement; no temporal progress theorem or target conjunction."
"20260731T052500Z-pending-closest-union","bddb8c1df7380092cba1a9df363d60ce34e9f294e74d90c6abb9d073d8b90b1d","CG0088","doi:10.1109/tpds.2004.8","Hazard pointers: safe memory reclamation for lock-free objects","full-text","linked-existing","S154","include-closest","PA69","yes","https://www.cs.otago.ac.nz/cosc440/readings/hazard-pointers.pdf","§2 pp. 492–493; §§3.2–3.3; §4.2","Codex-assisted triage; human confirmation pending","2026-07-31","pending","Promoted as S154/PA69: hazard-pointer reclamation and a lock-free LIFO, with an explicit premise that real SC may fail spuriously occasionally but not infinitely often."
"20260731T052500Z-pending-closest-union","bddb8c1df7380092cba1a9df363d60ce34e9f294e74d90c6abb9d073d8b90b1d","CG0096","doi:10.1145/1250734.1250737","CheckFence: checking consistency of concurrent data types on relaxed memory models","full-text","linked-existing","S90","include-adjacent","","yes","https://www.cis.upenn.edu/~alur/Pldi07.pdf","§§2.3, 3.1, 4, and 6; Figure 6","Codex-assisted triage; human confirmation pending","2026-07-31","pending","Bounded relaxed-memory safety checking with exact CAS; no liveness theorem."
"20260731T052500Z-pending-closest-union","bddb8c1df7380092cba1a9df363d60ce34e9f294e74d90c6abb9d073d8b90b1d","CG0115","doi:10.1145/2775051.2676995","Common Compiler Optimisations are Invalid in the C11 Memory Model and what we can do about it","metadata","exclude-topic","","","","not-applicable","https://doi.org/10.1145/2775051.2676995","title and venue metadata","Codex-assisted triage; human confirmation pending","2026-07-31","pending","Title/venue metadata does not indicate a theorem spanning the target weak-memory, CAS, fairness, Treiber, and progress dimensions."
"20260731T052500Z-pending-closest-union","bddb8c1df7380092cba1a9df363d60ce34e9f294e74d90c6abb9d073d8b90b1d","CG0123","doi:10.1145/3062341.3062352","Repairing sequential consistency in C/C++11","metadata","exclude-topic","","","","not-applicable","https://doi.org/10.1145/3062341.3062352","title and venue metadata","Codex-assisted triage; human confirmation pending","2026-07-31","pending","Title/venue metadata does not indicate a theorem spanning the target weak-memory, CAS, fairness, Treiber, and progress dimensions."
"20260731T052500Z-pending-closest-union","bddb8c1df7380092cba1a9df363d60ce34e9f294e74d90c6abb9d073d8b90b1d","CG0124","doi:10.1145/3087556.3087588","Brief Announcement: Hazard Eras - Non-Blocking Memory Reclamation","full-text","linked-existing","S160","include-adjacent","","yes","https://raw.githubusercontent.com/pramalhe/ConcurrencyFreaks/master/papers/hazarderas-2017.pdf","Entire brief; algorithm and progress discussion","Codex-assisted triage; human confirmation pending","2026-07-31","pending","Promoted as S160: adjacent nonblocking memory-reclamation evidence using classical exact atomic primitives; no target weak-CAS fairness theorem."
"20260731T052500Z-pending-closest-union","bddb8c1df7380092cba1a9df363d60ce34e9f294e74d90c6abb9d073d8b90b1d","CG0133","doi:10.1145/3290382","Bridging the gap between programming languages and hardware weak memory models","metadata","exclude-topic","","","","not-applicable","https://doi.org/10.1145/3290382","title and venue metadata","Codex-assisted triage; human confirmation pending","2026-07-31","pending","Title/venue metadata does not indicate a theorem spanning the target weak-memory, CAS, fairness, Treiber, and progress dimensions."
"20260731T052500Z-pending-closest-union","bddb8c1df7380092cba1a9df363d60ce34e9f294e74d90c6abb9d073d8b90b1d","CG0139","doi:10.1145/3371102","RustBelt meets relaxed memory","full-text","linked-existing","S91","include-adjacent","","yes","https://plv.mpi-sws.org/rustbelt/rbrlx/paper.pdf","§§2.2, 3, 5.3, and 6","Codex-assisted triage; human confirmation pending","2026-07-31","pending","Coq/Iris relaxed-memory Rust safety with equality-guarded CAS; no Treiber or liveness."
"20260731T052500Z-pending-closest-union","bddb8c1df7380092cba1a9df363d60ce34e9f294e74d90c6abb9d073d8b90b1d","CG0141","doi:10.1145/3385412.3386010","Promising 2.0: global optimizations in relaxed memory concurrency","metadata","exclude-topic","","","","not-applicable","https://doi.org/10.1145/3385412.3386010","title and venue metadata","Codex-assisted triage; human confirmation pending","2026-07-31","pending","Title/venue metadata does not indicate a theorem spanning the target weak-memory, CAS, fairness, Treiber, and progress dimensions."
"20260731T052500Z-pending-closest-union","bddb8c1df7380092cba1a9df363d60ce34e9f294e74d90c6abb9d073d8b90b1d","CG0144","doi:10.1145/3428262","Pomsets with preconditions: a simple model of relaxed memory","full-text","linked-existing","S110","include-adjacent","","yes","https://fpl.cs.depaul.edu/jriely/papers/2020-oopsla.pdf","Abstract and §1 pp. 1–4; RMW/CAS pp. 18–19; Theorems 7.1 and 8.1; §10 p. 26","Codex-assisted triage; human confirmation pending","2026-07-31","pending","Promoted as S110. Relaxed-memory CAS safety semantics explicitly excludes loops/recursion and their liveness questions."
"20260731T052500Z-pending-closest-union","bddb8c1df7380092cba1a9df363d60ce34e9f294e74d90c6abb9d073d8b90b1d","CG0156","doi:10.1145/3571212","Kater: Automating Weak Memory Model Metatheory and Consistency Checking","full-text","linked-existing","S111","include-context","","yes","https://plv.mpi-sws.org/kater/paper.pdf","Abstract and §1; §3.1; §§6–7; §9","Codex-assisted triage; human confirmation pending","2026-07-31","pending","Promoted as S111. Automated weak-memory metatheory and bounded consistency checks provide no object response or fairness theorem."
"20260731T052500Z-pending-closest-union","bddb8c1df7380092cba1a9df363d60ce34e9f294e74d90c6abb9d073d8b90b1d","CG0158","doi:10.1145/3575693.3575729","Probabilistic Concurrency Testing for Weak Memory Programs","full-text","linked-existing","S112","include-context","","yes","https://pure.tudelft.nl/ws/portalfiles/portal/148152318/3575693.3575729.pdf","§§2.1, 3.2–3.3, and 5; §6; conclusion","Codex-assisted triage; human confirmation pending","2026-07-31","pending","Promoted as S112. Probabilistic bounded bug testing is not correctness or progress verification."
"20260731T052500Z-pending-closest-union","bddb8c1df7380092cba1a9df363d60ce34e9f294e74d90c6abb9d073d8b90b1d","CG0160","doi:10.1145/3591251","Optimal Reads-From Consistency Checking for C11-Style Memory Models","full-text","linked-existing","S113","include-closest","PA56","yes","https://arxiv.org/pdf/2304.03714","§1 Theorems 1.1–1.7; §2; TruSt Treiber tables pp. 20 and 33","Codex-assisted triage; human confirmation pending","2026-07-31","pending","Promoted as S113/PA56. Direct bounded C11-style Treiber consistency checking uses no genuine weak-CAS branch, fairness, or unbounded response theorem."
"20260731T052500Z-pending-closest-union","bddb8c1df7380092cba1a9df363d60ce34e9f294e74d90c6abb9d073d8b90b1d","CG0172","doi:10.1145/3704906","RELINCHE: Automatically Checking Linearizability under Relaxed Memory Consistency","full-text","linked-existing","S33","include-closest","PA27","yes","https://people.mpi-sws.org/~viktor/papers/popl2025-relinche.pdf","Abstract; §2–§4; Theorem 4.3; §6 and Figures 4–5; artifact RC11 configuration","Codex-assisted triage; human confirmation pending","2026-07-31","pending","Exact title/identifier link to canonical S33; no distinct result or version contribution."
"20260731T052500Z-pending-closest-union","bddb8c1df7380092cba1a9df363d60ce34e9f294e74d90c6abb9d073d8b90b1d","CG0173","doi:10.1145/3704908","Relaxed Memory Concurrency Re-executed","full-text","linked-existing","S114","include-adjacent","","yes","https://pure.tudelft.nl/ws/portalfiles/portal/236458880/3704908.pdf","§§2–3; Theorems 1–2; §4.1; §5","Codex-assisted triage; human confirmation pending","2026-07-31","pending","Promoted as S114. The framework explicitly restricts executions to finite graphs and leaves infinite graphs, fairness, and termination to future work."
"20260731T052500Z-pending-closest-union","bddb8c1df7380092cba1a9df363d60ce34e9f294e74d90c6abb9d073d8b90b1d","CG0179","doi:10.1145/3779212.3790129","Arm Weak Memory Consistency on Apple Silicon: What Is It Good For?","metadata","exclude-topic","","","","not-applicable","https://doi.org/10.1145/3779212.3790129","title and venue metadata","Codex-assisted triage; human confirmation pending","2026-07-31","pending","Title/venue metadata does not indicate a theorem spanning the target weak-memory, CAS, fairness, Treiber, and progress dimensions."
"20260731T052500Z-pending-closest-union","bddb8c1df7380092cba1a9df363d60ce34e9f294e74d90c6abb9d073d8b90b1d","CG0195","doi:10.4230/darts.3.2.15","Strong Logic for Weak Memory: Reasoning About Release-Acquire Consistency in Iris (Artifact)","full-text","linked-existing","S92","include-context","","yes","https://drops.dagstuhl.de/entities/document/10.4230/DARTS.3.2.15","Artifact description pp. 15:1–15:2","Codex-assisted triage; human confirmation pending","2026-07-31","pending","Two-page safety-artifact description; no independent progress theorem."
"20260731T052500Z-pending-closest-union","bddb8c1df7380092cba1a9df363d60ce34e9f294e74d90c6abb9d073d8b90b1d","CG0203","s2:1f6718d33e62b7d168e32eaa727a8e13d35c746c","Verifying concurrent programs under weak memory models","full-text","linked-existing","S115","include-closest","PA57","yes","https://digital.ub.uni-paderborn.de/hs/download/pdf/2678720","Ch. 3 Theorems 1–2; Ch. 6 Table 6.1 and Treiber pp. 148–154","Codex-assisted triage; human confirmation pending","2026-07-31","pending","Promoted as S115/PA57. Direct TSO/PSO Treiber safety and finite linearizability checking; no Treiber liveness or weak-CAS fairness theorem."
"20260731T052500Z-pending-closest-union","bddb8c1df7380092cba1a9df363d60ce34e9f294e74d90c6abb9d073d8b90b1d","CG0208","s2:640470dde79798ca3ed4eeeb139a37e80843b861","Probabilistic Concurrency Testing for Weak Memory Programs","metadata","exclude-duplicate","","","","not-applicable","","authoritative title, relation, and version metadata","Codex-assisted triage; human confirmation pending","2026-07-31","pending","Duplicate, corrupted-title alias, or separately represented version; retained through its canonical queue work or version family."
"20260731T052500Z-pending-closest-union","bddb8c1df7380092cba1a9df363d60ce34e9f294e74d90c6abb9d073d8b90b1d","CG0209","s2:799435c026fcf486ea72be2dbfbee99cf5cca9cd","Probabilistic Concurrency Testing for Weak Memory Programs","metadata","exclude-duplicate","","","","not-applicable","","authoritative title, relation, and version metadata","Codex-assisted triage; human confirmation pending","2026-07-31","pending","Duplicate, corrupted-title alias, or separately represented version; retained through its canonical queue work or version family."
"20260731T052500Z-pending-closest-union","bddb8c1df7380092cba1a9df363d60ce34e9f294e74d90c6abb9d073d8b90b1d","CG0210","s2:8bfa87122b6a00586dd811cd5accc8e8d8a703e3","Probabilistic Concurrency Testing for Weak Memory Programs","metadata","exclude-duplicate","","","","not-applicable","","authoritative title, relation, and version metadata","Codex-assisted triage; human confirmation pending","2026-07-31","pending","Duplicate, corrupted-title alias, or separately represented version; retained through its canonical queue work or version family."
"20260731T052500Z-pending-closest-union","bddb8c1df7380092cba1a9df363d60ce34e9f294e74d90c6abb9d073d8b90b1d","CG0215","s2:be8143f6066e232d8b5f6ba3a7627d51cd4db1d5","Probabilistic Concurrency Testing for Weak Memory Programs","metadata","exclude-duplicate","","","","not-applicable","","authoritative title, relation, and version metadata","Codex-assisted triage; human confirmation pending","2026-07-31","pending","Duplicate, corrupted-title alias, or separately represented version; retained through its canonical queue work or version family."
"20260731T052500Z-pending-closest-union","bddb8c1df7380092cba1a9df363d60ce34e9f294e74d90c6abb9d073d8b90b1d","CG0218","s2:d0d9108b45bb5dd26ea27bf2576bd9157d15a48e","Probabilistic Concurrency Testing for Weak Memory Programs","metadata","exclude-duplicate","","","","not-applicable","","authoritative title, relation, and version metadata","Codex-assisted triage; human confirmation pending","2026-07-31","pending","Duplicate, corrupted-title alias, or separately represented version; retained through its canonical queue work or version family."
"20260731T052500Z-pending-closest-union","bddb8c1df7380092cba1a9df363d60ce34e9f294e74d90c6abb9d073d8b90b1d","CG0229","unknown:semanticscholar:cs040:references:0:38","Herding cats: Modelling, simulation, testing, and data mining for weak memory","full-text","linked-existing","S116","include-context","","yes","https://arxiv.org/pdf/1308.6810","§§1–7; Coq correspondence pp. 40–46; bounded checking pp. 61–65; conclusion","Codex-assisted triage; human confirmation pending","2026-07-31","pending","Promoted as S116. Foundational weak-memory models/tools and Coq correspondence, without CAS-result liveness or fairness."
"20260731T052500Z-pending-closest-union","bddb8c1df7380092cba1a9df363d60ce34e9f294e74d90c6abb9d073d8b90b1d","CG0002","arxiv:2010.11762","Ghost Signals: Verifying Termination of Busy-Waiting (Extended Version)","full-text","linked-existing","S93","include-adjacent","","yes","https://arxiv.org/pdf/2010.11762","§3; §5; Appendix B Definition 14; Appendix D Theorem 1","Codex-assisted triage; human confirmation pending","2026-07-31","pending","Fair-scheduler busy-wait termination logic without weak memory, Treiber, or weak-CAS justice."
"20260731T052500Z-pending-closest-union","bddb8c1df7380092cba1a9df363d60ce34e9f294e74d90c6abb9d073d8b90b1d","CG0012","doi:10.1007/11576235_31","Lock-Free Parallel Garbage Collection","full-text","linked-existing","S158","include-version-audit","","yes","https://pure.tue.nl/ws/portalfiles/portal/2184465/200431.pdf","§4.2; §4.3 and Theorem 4.1; §5 and Theorem 5.1","Codex-assisted triage; human confirmation pending","2026-07-31","pending","Promoted as S158, the conference version in the S87/PA52 garbage-collector lineage; retained for provenance rather than double-counted."
"20260731T052500Z-pending-closest-union","bddb8c1df7380092cba1a9df363d60ce34e9f294e74d90c6abb9d073d8b90b1d","CG0018","doi:10.1007/978-3-030-31157-5_10","Proving a Non-blocking Algorithm for Process Renaming with TLA ^+ +","metadata","include-adjacent","","","","partial","https://doi.org/10.1007/978-3-030-31157-5_10","Official abstract, publisher metadata, DBLP record, and stated TLA+/TLAPS/TLC proof scope; exact chapter text access-limited","Codex-assisted triage; human confirmation pending","2026-07-31","pending","Conservatively retained as adjacent mechanized-progress evidence: the accessible primary metadata states a nonblocking process-renaming proof using TLA+, TLAPS, and finite TLC checks. It is a different object/model and no claim is made about inaccessible details or absence of weak-CAS features."
"20260731T052500Z-pending-closest-union","bddb8c1df7380092cba1a9df363d60ce34e9f294e74d90c6abb9d073d8b90b1d","CG0068","doi:10.1016/j.ic.2006.10.003","A general lock-free algorithm using compare-and-swap","full-text","linked-existing","S94","include-version-audit","","yes","https://pure.rug.nl/ws/files/2807412/2007InfCompGao.pdf","§§2.3, 3.2, and 4.4; Theorem 4.1; conclusion","Codex-assisted triage; human confirmation pending","2026-07-31","pending","Journal expansion of S87/PA52; exact-CAS liveness uses command fairness plus fair index choice, while PVS liveness is deferred."
"20260731T052500Z-pending-closest-union","bddb8c1df7380092cba1a9df363d60ce34e9f294e74d90c6abb9d073d8b90b1d","CG0071","doi:10.1016/j.scico.2006.10.001","Lock-free parallel and concurrent garbage collection by mark&sweep","full-text","linked-existing","S159","include-version-audit","","yes","https://pure.rug.nl/ws/files/2794847/2007SciCompProgGao.pdf","§4.2; §4.3 and Theorem 4.1; §5","Codex-assisted triage; human confirmation pending","2026-07-31","pending","Promoted as S159, the journal version in the S87/PA52 garbage-collector lineage; retained for provenance rather than double-counted."
"20260731T052500Z-pending-closest-union","bddb8c1df7380092cba1a9df363d60ce34e9f294e74d90c6abb9d073d8b90b1d","CG0078","doi:10.1109/cit.2010.206","XMalloc: A Scalable Lock-free Dynamic Memory Allocator for Many-core Machines","full-text","exclude-topic","","","","yes","https://doi.org/10.1109/cit.2010.206","Abstract; model and main-result sections","Codex-assisted triage; human confirmation pending","2026-07-31","pending","GPU-oriented lock-free allocator; no theorem about Treiber, weak-CAS justice, or the target fairness/progress conjunction."
"20260731T052500Z-pending-closest-union","bddb8c1df7380092cba1a9df363d60ce34e9f294e74d90c6abb9d073d8b90b1d","CG0080","doi:10.1109/icacia.2009.5361143","A lock-free algorithm for union-find with deletion","metadata","include-adjacent","","","","partial","https://doi.org/10.1109/icacia.2009.5361143","IEEE metadata, abstract, and algorithm/progress scope; exact proceedings text access-limited","Codex-assisted triage; human confirmation pending","2026-07-31","pending","Conservatively retained as an adjacent classical lock-free data-structure result. The identified object is union-find with deletion rather than Treiber; no inaccessible-page absence claim is made, and the record does not threaten the full six-part conjunction on the accessible evidence."
"20260731T052500Z-pending-closest-union","bddb8c1df7380092cba1a9df363d60ce34e9f294e74d90c6abb9d073d8b90b1d","CG0081","doi:10.1109/iccsa.2011.46","A Fast Lock-Free User Memory Space Allocator for Embedded Systems","full-text","exclude-topic","","","","yes","https://doi.org/10.1109/iccsa.2011.46","Abstract; model and main-result sections","Codex-assisted triage; human confirmation pending","2026-07-31","pending","Embedded-system memory allocator; no theorem about Treiber, weak-CAS justice, or the target fairness/progress conjunction."
"20260731T052500Z-pending-closest-union","bddb8c1df7380092cba1a9df363d60ce34e9f294e74d90c6abb9d073d8b90b1d","CG0094","doi:10.1145/1065944.1065953","Static analysis of atomicity for programs with non-blocking synchronization","full-text","linked-existing","S95","include-adjacent","","yes","https://www.cs.ucf.edu/~lwang/papers/PPoPP05-nonblocking.pdf","§§3–6","Codex-assisted triage; human confirmation pending","2026-07-31","pending","Manual SC exact-CAS/LL-SC atomicity analysis with no liveness result."
"20260731T052500Z-pending-closest-union","bddb8c1df7380092cba1a9df363d60ce34e9f294e74d90c6abb9d073d8b90b1d","CG0105","doi:10.1145/248052.248106","Simple, fast, and practical non-blocking and blocking concurrent queue algorithms","full-text","linked-existing","S161","include-adjacent","","yes","https://www.cs.rochester.edu/u/scott/papers/1996_PODC_queues.pdf","§1; §§3.2–3.3","Codex-assisted triage; human confirmation pending","2026-07-31","pending","Promoted as S161: canonical Michael-Scott queue linearizability and system-wide nonblocking progress under exact CAS/LL-SC."
"20260731T052500Z-pending-closest-union","bddb8c1df7380092cba1a9df363d60ce34e9f294e74d90c6abb9d073d8b90b1d","CG0113","doi:10.1145/2676724.2693179","Proving Lock-Freedom Easily and Automatically","full-text","linked-existing","A28","include-closest","PA40","yes","https://people.mpi-sws.org/~viktor/papers/cpp2015-lockfree.pdf","§1.1; §3 method; §4.3 CAVE implementation and evaluation","Codex-assisted triage; human confirmation pending","2026-07-31","pending","Exact title/identifier link to canonical A28; no distinct result or version contribution."
"20260731T052500Z-pending-closest-union","bddb8c1df7380092cba1a9df363d60ce34e9f294e74d90c6abb9d073d8b90b1d","CG0118","doi:10.1145/2851141.2851168","A wait-free queue as fast as fetch-and-add","full-text","linked-existing","S155","include-closest","PA70","yes","https://web.archive.org/web/20160803104053id_/http://chaoran.me:80/assets/pdf/wfq-ppopp16.pdf","§3.1; §4 Lemmas 4.3–4.5 and Theorem 4.6; §5.1","Codex-assisted triage; human confirmation pending","2026-07-31","pending","Promoted as S155/PA70: the native-FAA queue is wait-free, while an LL/SC implementation with an unbounded retry loop loses wait-freedom."
"20260731T052500Z-pending-closest-union","bddb8c1df7380092cba1a9df363d60ce34e9f294e74d90c6abb9d073d8b90b1d","CG0122","doi:10.1145/3040220","Generality and Speed in Nonblocking Dual Containers","full-text","linked-existing","S162","include-adjacent","","yes","https://www.cs.rochester.edu/u/scott/papers/2017_Izraelevitz_TOPC_duals.pdf","Main progress results; appendix Treiber conversion","Codex-assisted triage; human confirmation pending","2026-07-31","pending","Promoted as S162: a nonblocking dual-container framework with a Treiber conversion, exact CAS, and no weak-memory/weak-CAS theorem."
"20260731T052500Z-pending-closest-union","bddb8c1df7380092cba1a9df363d60ce34e9f294e74d90c6abb9d073d8b90b1d","CG0148","doi:10.1145/3477082","TaDA Live: Compositional Reasoning for Termination of Fine-grained Concurrent Programs","full-text","linked-existing","A24","include-adjacent","","yes","https://www.cs.toronto.edu/~azadeh/resources/papers/tada-live.pdf","Abstract; §3.2 fair trace semantics; §4 proof rules; §5 case studies","Codex-assisted triage; human confirmation pending","2026-07-31","pending","Exact title/identifier link to canonical A24; no distinct result or version contribution."
"20260731T052500Z-pending-closest-union","bddb8c1df7380092cba1a9df363d60ce34e9f294e74d90c6abb9d073d8b90b1d","CG0182","doi:10.1145/3798240","Lawyer: Modular Obligations-Based Liveness Reasoning in Higher-Order Impredicative Concurrent Separation Logic","full-text","linked-existing","S15","include-closest","PA13","yes","https://iris-project.org/pdfs/2026-oopsla-lawyer.pdf","§2.1 Figure 4; Definition 4; Lemmas 2.2–2.3; §4","Codex-assisted triage; human confirmation pending","2026-07-31","pending","Exact title/identifier link to canonical S15; no distinct result or version contribution."
"20260731T052500Z-pending-closest-union","bddb8c1df7380092cba1a9df363d60ce34e9f294e74d90c6abb9d073d8b90b1d","CG0204","s2:35fed15421b1891a37b893f1ba0a58de3073a0c4","Static Analysis of Atomicity for Algorithms Using Non-Blocking Synchronization ∗","metadata","exclude-duplicate","","","","not-applicable","","title and provider-identity screen","Codex-assisted triage; human confirmation pending","2026-07-31","pending","Duplicate, version, or probable alias of queue candidate CG0094; retained through the canonical candidate rather than counted twice."
"20260731T052500Z-pending-closest-union","bddb8c1df7380092cba1a9df363d60ce34e9f294e74d90c6abb9d073d8b90b1d","CG0214","s2:9d8caec3d6b4afc02588fcf5233d2d7615dbd072","Verifying Termination of Busy-Waiting","metadata","exclude-duplicate","","","","not-applicable","","title and provider-identity screen","Codex-assisted triage; human confirmation pending","2026-07-31","pending","Duplicate, version, or probable alias of queue candidate CG0002; retained through the canonical candidate rather than counted twice."
"20260731T052500Z-pending-closest-union","bddb8c1df7380092cba1a9df363d60ce34e9f294e74d90c6abb9d073d8b90b1d","CG0219","s2:d27dcb8d89b48954abf30e9b2a36bc860c5f5d08","Static Analysis of Atomicity for Programs with Lock-Free Synchronization","metadata","exclude-duplicate","","","","not-applicable","","title and provider-identity screen","Codex-assisted triage; human confirmation pending","2026-07-31","pending","Duplicate, version, or probable alias of queue candidate CG0094; retained through the canonical candidate rather than counted twice."
"20260731T052500Z-pending-closest-union","bddb8c1df7380092cba1a9df363d60ce34e9f294e74d90c6abb9d073d8b90b1d","CG0227","unknown:semanticscholar:cs039:references:0:38","A Wait-free 16 (Feb","metadata","exclude-topic","","","","not-applicable","","provider raw-record and citation-context audit","Codex-assisted triage; human confirmation pending","2026-07-31","pending","Semantic Scholar parsed an incomplete bibliography fragment as a work: it has no paper identifier, authors, or recoverable title and is not counted as a distinct literature record. No novelty inference is drawn from the fragment."
"20260731T052500Z-pending-closest-union","bddb8c1df7380092cba1a9df363d60ce34e9f294e74d90c6abb9d073d8b90b1d","CG0237","unknown:semanticscholar:cs041:citations:0:22","A Refinement Proof of a Multiword Ll/sc Object","full-text","linked-existing","S157","include-closest","PA72","yes","https://www.cs.rug.nl/~wim/pub/whh349jej.pdf","§3; §4 pp. 6–7; §5; §9 Theorem 1; §11","Codex-assisted triage; human confirmation pending","2026-07-31","pending","Promoted as S157/PA72: PVS-verified wait-free multiword LL/SC refinement with weak fairness excluding infinitely repeated adverse safe-read choices; no Treiber or weak CAS."
"20260731T052500Z-pending-closest-union","bddb8c1df7380092cba1a9df363d60ce34e9f294e74d90c6abb9d073d8b90b1d","CG0005","arxiv:2307.15930","Tailoring Stateless Model Checking for Event-Driven Multi-Threaded Programs","full-text","exclude-topic","","","","yes","https://arxiv.org/pdf/2307.15930","§4; Theorems 1–3; §8","Codex-assisted triage; human confirmation pending","2026-07-31","pending","Event-driven SC DPOR for bounded terminating programs is outside weak-memory object progress."
"20260731T052500Z-pending-closest-union","bddb8c1df7380092cba1a9df363d60ce34e9f294e74d90c6abb9d073d8b90b1d","CG0009","arxiv:2606.17182","Verified Detection and Prevention of Concurrency Anomalies in Multi-Agent Large Language Model Systems","metadata","exclude-topic","","","","not-applicable","https://arxiv.org/pdf/2606.17182","title and venue metadata","Codex-assisted triage; human confirmation pending","2026-07-31","pending","Title/venue metadata does not indicate a theorem spanning the target weak-memory, CAS, fairness, Treiber, and progress dimensions."
"20260731T052500Z-pending-closest-union","bddb8c1df7380092cba1a9df363d60ce34e9f294e74d90c6abb9d073d8b90b1d","CG0010","arxiv:2606.20134","An MSO Framework for Weak-Memory Verification and Robustness","full-text","linked-existing","S96","include-adjacent","","yes","https://arxiv.org/pdf/2606.20134","§2; §§4.2–4.3; §5; Theorems 9, 17, and 19","Codex-assisted triage; human confirmation pending","2026-07-31","pending","MSO weak-memory verification metatheory without CAS outcomes, Treiber, fairness, or liveness."
"20260731T052500Z-pending-closest-union","bddb8c1df7380092cba1a9df363d60ce34e9f294e74d90c6abb9d073d8b90b1d","CG0024","doi:10.1007/978-3-030-91014-3_16","BAM: Efficient Model Checking for Barriers","metadata","exclude-topic","","","","not-applicable","https://doi.org/10.1007/978-3-030-91014-3_16","title and venue metadata","Codex-assisted triage; human confirmation pending","2026-07-31","pending","Title/venue metadata does not indicate a theorem spanning the target weak-memory, CAS, fairness, Treiber, and progress dimensions."
"20260731T052500Z-pending-closest-union","bddb8c1df7380092cba1a9df363d60ce34e9f294e74d90c6abb9d073d8b90b1d","CG0028","doi:10.1007/978-3-031-30823-9_6","Optimal Stateless Model Checking for Causal Consistency","metadata","exclude-topic","","","","not-applicable","https://doi.org/10.1007/978-3-031-30823-9_6","title and venue metadata","Codex-assisted triage; human confirmation pending","2026-07-31","pending","Title/venue metadata does not indicate a theorem spanning the target weak-memory, CAS, fairness, Treiber, and progress dimensions."
"20260731T052500Z-pending-closest-union","bddb8c1df7380092cba1a9df363d60ce34e9f294e74d90c6abb9d073d8b90b1d","CG0038","doi:10.1007/978-3-319-41540-6_8","Stateless Model Checking for POWER","full-text","linked-existing","S117","include-context","","yes","https://arxiv.org/pdf/1605.02185","§§2–4; Theorems 1–5; evaluation table; conclusion","Codex-assisted triage; human confirmation pending","2026-07-31","pending","Promoted as S117. POWER stateless checking is bounded safety exploration; the stack benchmark is not an object-progress theorem."
"20260731T052500Z-pending-closest-union","bddb8c1df7380092cba1a9df363d60ce34e9f294e74d90c6abb9d073d8b90b1d","CG0055","doi:10.1007/978-3-642-39799-8_9","Partial Orders for Efficient Bounded Model Checking of Concurrent Software","full-text","linked-existing","S118","include-context","","yes","https://www.kroening.com/papers/cav2013-wpo.pdf","Abstract and §1; Theorem 1; §§5–7","Codex-assisted triage; human confirmation pending","2026-07-31","pending","Promoted as S118. Weak-memory SAT/BMC safety encoding proves no fairness or object progress."
"20260731T052500Z-pending-closest-union","bddb8c1df7380092cba1a9df363d60ce34e9f294e74d90c6abb9d073d8b90b1d","CG0062","doi:10.1007/bf00625969","Exploiting symmetry in temporal logic model checking","metadata","exclude-topic","","","","not-applicable","https://doi.org/10.1007/bf00625969","title and venue metadata","Codex-assisted triage; human confirmation pending","2026-07-31","pending","Title/venue metadata does not indicate a theorem spanning the target weak-memory, CAS, fairness, Treiber, and progress dimensions."
"20260731T052500Z-pending-closest-union","bddb8c1df7380092cba1a9df363d60ce34e9f294e74d90c6abb9d073d8b90b1d","CG0063","doi:10.1007/s00236-016-0275-0","Stateless model checking for TSO and PSO","full-text","linked-existing","S119","include-version-audit","","yes","https://arxiv.org/pdf/1501.02069","§§2–5; Theorems 1–2","Codex-assisted triage; human confirmation pending","2026-07-31","pending","Promoted as S119, the journal expansion of the TACAS TSO/PSO safety-exploration lineage; no liveness theorem."
"20260731T052500Z-pending-closest-union","bddb8c1df7380092cba1a9df363d60ce34e9f294e74d90c6abb9d073d8b90b1d","CG0065","doi:10.1007/s10703-025-00479-0","Awaiting for Godot: Stateless Model Checking that Avoids Executions where Nothing Happens","full-text","linked-existing","S97","include-closest","PA53","yes","https://arxiv.org/pdf/2208.09259","§§II–V; Theorems 1–2; Table I","Codex-assisted triage; human confirmation pending","2026-07-31","pending","Direct SC Treiber/spinloop model-checking neighbor; theorems concern terminating-program exploration, not progress."
"20260731T052500Z-pending-closest-union","bddb8c1df7380092cba1a9df363d60ce34e9f294e74d90c6abb9d073d8b90b1d","CG0072","doi:10.1016/j.scico.2009.09.006","Simulation refinement for concurrency verification","full-text","linked-existing","S136","include-closest","PA61","yes","https://pure.rug.nl/ws/portalfiles/portal/2542927/2011SciComputProgHesselink2.pdf","§3.2 pp. 743–745; Definition 3.3 and Theorem 3.1; §8","Codex-assisted triage; human confirmation pending","2026-07-31","pending","Promoted as S136/PA61. Weak-fairness-preserving refinement and exact-CAS system response, but no Treiber, weak memory, or genuine weak CAS."
"20260731T052500Z-pending-closest-union","bddb8c1df7380092cba1a9df363d60ce34e9f294e74d90c6abb9d073d8b90b1d","CG0112","doi:10.1145/263699.263717","Model checking for programming languages using VeriSoft","metadata","exclude-topic","","","","not-applicable","https://doi.org/10.1145/263699.263717","title and venue metadata","Codex-assisted triage; human confirmation pending","2026-07-31","pending","Title/venue metadata does not indicate a theorem spanning the target weak-memory, CAS, fairness, Treiber, and progress dimensions."
"20260731T052500Z-pending-closest-union","bddb8c1df7380092cba1a9df363d60ce34e9f294e74d90c6abb9d073d8b90b1d","CG0126","doi:10.1145/3158105","Effective stateless model checking for C/C++ concurrency","full-text","linked-existing","S120","include-adjacent","","yes","https://plv.mpi-sws.org/rcmc/full-paper.pdf","§§2.6 and 2.8; Theorems 4.6 and 4.16; implementation/evaluation","Codex-assisted triage; human confirmation pending","2026-07-31","pending","Promoted as S120. RC11 exact-CAS safety checking can erase failed iterations and therefore cannot establish genuine weak-CAS retry progress."
"20260731T052500Z-pending-closest-union","bddb8c1df7380092cba1a9df363d60ce34e9f294e74d90c6abb9d073d8b90b1d","CG0132","doi:10.1145/3276505","Optimal stateless model checking under the release-acquire semantics","full-text","linked-existing","S98","include-adjacent","","yes","https://arxiv.org/pdf/1808.00843","§§3–6; Theorem 4.8","Codex-assisted triage; human confirmation pending","2026-07-31","pending","RA stateless model checking for terminating bounded programs; no RMW in the core or liveness theorem."
"20260731T052500Z-pending-closest-union","bddb8c1df7380092cba1a9df363d60ce34e9f294e74d90c6abb9d073d8b90b1d","CG0135","doi:10.1145/3314221.3314609","Model checking for weakly consistent libraries","full-text","linked-existing","S99","include-adjacent","","yes","https://plv.mpi-sws.org/genmc/paper.pdf","§§2.6 and 4.4–6; Theorem 4.1","Codex-assisted triage; human confirmation pending","2026-07-31","pending","RC11-family safety model checking with exact RMW/CAS; no Treiber liveness or fairness."
"20260731T052500Z-pending-closest-union","bddb8c1df7380092cba1a9df363d60ce34e9f294e74d90c6abb9d073d8b90b1d","CG0137","doi:10.1145/3360576","Optimal stateless model checking for reads-from equivalence under sequential consistency","metadata","exclude-topic","","","","not-applicable","https://doi.org/10.1145/3360576","title and venue metadata","Codex-assisted triage; human confirmation pending","2026-07-31","pending","Title/venue metadata does not indicate a theorem spanning the target weak-memory, CAS, fairness, Treiber, and progress dimensions."
"20260731T052500Z-pending-closest-union","bddb8c1df7380092cba1a9df363d60ce34e9f294e74d90c6abb9d073d8b90b1d","CG0138","doi:10.1145/3360599","Effective lock handling in stateless model checking","metadata","exclude-topic","","","","not-applicable","https://doi.org/10.1145/3360599","title and venue metadata","Codex-assisted triage; human confirmation pending","2026-07-31","pending","Title/venue metadata does not indicate a theorem spanning the target weak-memory, CAS, fairness, Treiber, and progress dimensions."
"20260731T052500Z-pending-closest-union","bddb8c1df7380092cba1a9df363d60ce34e9f294e74d90c6abb9d073d8b90b1d","CG0140","doi:10.1145/3373376.3378480","HMC: Model Checking for Hardware Memory Models","full-text","linked-existing","S121","include-closest","PA58","yes","https://plv.mpi-sws.org/wmc/hmc-paper.pdf","§§1–2; §5 and Table 4; conclusion","Codex-assisted triage; human confirmation pending","2026-07-31","pending","Promoted as S121/PA58. Direct bounded hardware-weak-memory Treiber safety checking with exact CAS, without fairness or liveness."
"20260731T052500Z-pending-closest-union","bddb8c1df7380092cba1a9df363d60ce34e9f294e74d90c6abb9d073d8b90b1d","CG0145","doi:10.1145/3434324","PerSeVerE: persistency semantics for verification under ext4","full-text","exclude-topic","","","","yes","https://plv.mpi-sws.org/persevere/paper.pdf","Abstract and §1; Parameter 1 and Definition 3.3; Theorem 4.3; §6","Codex-assisted triage; human confirmation pending","2026-07-31","pending","Filesystem persistency and crash safety under ext4 have no Treiber, CAS fairness, or response-progress result."
"20260731T052500Z-pending-closest-union","bddb8c1df7380092cba1a9df363d60ce34e9f294e74d90c6abb9d073d8b90b1d","CG0146","doi:10.1145/3437992.3439930","Contextual refinement of the Michael-Scott queue (proof pearl)","full-text","linked-existing","S100","include-adjacent","","yes","https://iris-project.org/pdfs/2021-cpp-ms-queue-final.pdf","§§3–6; Figures 7 and 11","Codex-assisted triage; human confirmation pending","2026-07-31","pending","Coq/Iris SC exact-CAS queue refinement; no weak-memory progress theorem."
"20260731T052500Z-pending-closest-union","bddb8c1df7380092cba1a9df363d60ce34e9f294e74d90c6abb9d073d8b90b1d","CG0150","doi:10.1145/3497775.3503681","Applying formal verification to microkernel IPC at meta","metadata","exclude-topic","","","","not-applicable","https://doi.org/10.1145/3497775.3503681","title and venue metadata","Codex-assisted triage; human confirmation pending","2026-07-31","pending","Title/venue metadata does not indicate a theorem spanning the target weak-memory, CAS, fairness, Treiber, and progress dimensions."
"20260731T052500Z-pending-closest-union","bddb8c1df7380092cba1a9df363d60ce34e9f294e74d90c6abb9d073d8b90b1d","CG0151","doi:10.1145/3497775.3503689","Mechanized verification of a fine-grained concurrent queue from meta’s folly library","full-text","linked-existing","S137","include-adjacent","","yes","https://iris-project.org/pdfs/2022-cpp-folly-queue.pdf","§§2.3–2.4 and 5–7","Codex-assisted triage; human confirmation pending","2026-07-31","pending","Promoted as S137. Coq queue refinement deliberately omits the original relaxed-memory behavior and proves no progress theorem."
"20260731T052500Z-pending-closest-union","bddb8c1df7380092cba1a9df363d60ce34e9f294e74d90c6abb9d073d8b90b1d","CG0154","doi:10.1145/3563315","Model checking for a multi-execution memory model","full-text","linked-existing","S122","include-closest","PA59","yes","https://eupp.github.io/papers/oopsla2022-wmc.pdf","Theorem 2.5; Theorems 3.12, 3.14, and 3.15; §5 Table 2","Codex-assisted triage; human confirmation pending","2026-07-31","pending","Promoted as S122/PA59. Weakestmo2 directly checks bounded Treiber safety; experimental loop unrolling is not semantic fairness or progress."
"20260731T052500Z-pending-closest-union","bddb8c1df7380092cba1a9df363d60ce34e9f294e74d90c6abb9d073d8b90b1d","CG0155","doi:10.1145/3563321","Consistency-preserving propagation for SMT solving of concurrent program verification","full-text","linked-existing","S123","include-context","","yes","https://feihe.github.io/materials/oopsla22.pdf","§§4.2–4.4; §5.4; §6.1; §7; §8","Codex-assisted triage; human confirmation pending","2026-07-31","pending","Promoted as S123. Deagle unwinds loops and returns bounded safety results, not unbounded progress."
"20260731T052500Z-pending-closest-union","bddb8c1df7380092cba1a9df363d60ce34e9f294e74d90c6abb9d073d8b90b1d","CG0174","doi:10.1145/3704911","Model Checking C/C++ with Mixed-Size Accesses","full-text","linked-existing","S124","include-adjacent","","yes","https://people.mpi-sws.org/~viktor/papers/popl2025-mixer.pdf","§§1 and 4.4–4.5; Theorems 4.3–4.4; §5; conclusion","Codex-assisted triage; human confirmation pending","2026-07-31","pending","Promoted as S124. Mixer assumes program termination for its DPOR results; it does not prove object progress."
"20260731T052500Z-pending-closest-union","bddb8c1df7380092cba1a9df363d60ce34e9f294e74d90c6abb9d073d8b90b1d","CG0177","doi:10.1145/3776713","A Verified High-Performance Composable Object Library for Remote Direct Memory Access","full-text","linked-existing","S138","include-adjacent","","yes","https://arxiv.org/pdf/2510.10531","p. 13; Definition 3.10; Theorems 3.14–3.15; §§4–5 and 7","Codex-assisted triage; human confirmation pending","2026-07-31","pending","Promoted as S138. RDMA/TSO object-library refinement uses exact CAS and hand proofs, without target weak-CAS fairness or liveness."
"20260731T052500Z-pending-closest-union","bddb8c1df7380092cba1a9df363d60ce34e9f294e74d90c6abb9d073d8b90b1d","CG0213","s2:9b406452109d22e745b0958b11e5ef228561d4f3","GoJournal: a verified, concurrent, crash-safe journaling system","metadata","exclude-topic","","","","not-applicable","","title and venue metadata","Codex-assisted triage; human confirmation pending","2026-07-31","pending","Title/venue metadata does not indicate a theorem spanning the target weak-memory, CAS, fairness, Treiber, and progress dimensions."
"20260731T052500Z-pending-closest-union","bddb8c1df7380092cba1a9df363d60ce34e9f294e74d90c6abb9d073d8b90b1d","CG0217","s2:ca22066f6396d706496e126295574a28418abbdc","Model Checking on Multi-execution Memory Models","metadata","exclude-duplicate","","","","not-applicable","","title and provider-identity screen","Codex-assisted triage; human confirmation pending","2026-07-31","pending","Duplicate, version, or probable alias of queue candidate CG0154; retained through the canonical candidate rather than counted twice."
"20260731T052500Z-pending-closest-union","bddb8c1df7380092cba1a9df363d60ce34e9f294e74d90c6abb9d073d8b90b1d","CG0225","s2:fc66018aeb176ccd3eaca6cdbd65d121000e603f","BWoS: Formally Verified Block-based Work Stealing for Parallel Processing","full-text","linked-existing","S139","include-closest","PA62","yes","https://www.usenix.org/system/files/osdi23-wang-jiawei.pdf","§5.1 pp. 839–841","Codex-assisted triage; human confirmation pending","2026-07-31","pending","Promoted as S139/PA62. Bounded IMM/RC11 client checks terminate unbounded spin loops, but do not prove unbounded object response or individual-operation progress."
"20260731T052500Z-pending-closest-union","bddb8c1df7380092cba1a9df363d60ce34e9f294e74d90c6abb9d073d8b90b1d","CG0235","unknown:semanticscholar:cs040:references:0:48","Generality: The tool should be able to verify programs written in a variety of programming languages with respect to a variety of memory models","metadata","exclude-topic","","","","not-applicable","","provider relation resolved against the GenMC source/reference list","Codex-assisted triage; human confirmation pending","2026-07-31","pending","Provider parser false-positive or non-paper software issue; this row is not an independent scholarly work with a target theorem."
"20260731T052500Z-pending-closest-union","bddb8c1df7380092cba1a9df363d60ce34e9f294e74d90c6abb9d073d8b90b1d","CG0001","arxiv:1902.05311","Sip4J: Statically inferring permission-based specifications for sequential Java programs","metadata","exclude-topic","","","","not-applicable","https://arxiv.org/pdf/1902.05311","title and venue metadata","Codex-assisted triage; human confirmation pending","2026-07-31","pending","Title/venue metadata does not indicate a theorem spanning the target weak-memory, CAS, fairness, Treiber, and progress dimensions."
"20260731T052500Z-pending-closest-union","bddb8c1df7380092cba1a9df363d60ce34e9f294e74d90c6abb9d073d8b90b1d","CG0003","arxiv:2211.11942","A Pragmatic Approach to Stateful Partial Order Reduction","metadata","exclude-topic","","","","not-applicable","https://doi.org/10.48550/arxiv.2211.11942","title and venue metadata","Codex-assisted triage; human confirmation pending","2026-07-31","pending","Title/venue metadata does not indicate a theorem spanning the target weak-memory, CAS, fairness, Treiber, and progress dimensions."
"20260731T052500Z-pending-closest-union","bddb8c1df7380092cba1a9df363d60ce34e9f294e74d90c6abb9d073d8b90b1d","CG0006","arxiv:2405.11128","Parsimonious Optimal Dynamic Partial Order Reduction","metadata","exclude-topic","","","","not-applicable","https://doi.org/10.48550/arxiv.2405.11128","title and venue metadata","Codex-assisted triage; human confirmation pending","2026-07-31","pending","Title/venue metadata does not indicate a theorem spanning the target weak-memory, CAS, fairness, Treiber, and progress dimensions."
"20260731T052500Z-pending-closest-union","bddb8c1df7380092cba1a9df363d60ce34e9f294e74d90c6abb9d073d8b90b1d","CG0007","arxiv:2505.15053","Owicki-Gries Logic for Timestamp Semantics","full-text","linked-existing","S125","include-context","","yes","https://arxiv.org/pdf/2505.15053","§§2–4; Theorems 1–2; §6","Codex-assisted triage; human confirmation pending","2026-07-31","pending","Promoted as S125. Manual timestamp-semantics safety logic has no CAS object, fairness, liveness, or mechanization result."
"20260731T052500Z-pending-closest-union","bddb8c1df7380092cba1a9df363d60ce34e9f294e74d90c6abb9d073d8b90b1d","CG0008","arxiv:2508.07855","Checking Consistency of Event-driven Traces","metadata","exclude-topic","","","","not-applicable","https://doi.org/10.48550/arxiv.2508.07855","title and venue metadata","Codex-assisted triage; human confirmation pending","2026-07-31","pending","Title/venue metadata does not indicate a theorem spanning the target weak-memory, CAS, fairness, Treiber, and progress dimensions."
"20260731T052500Z-pending-closest-union","bddb8c1df7380092cba1a9df363d60ce34e9f294e74d90c6abb9d073d8b90b1d","CG0013","doi:10.1007/3-540-36108-1_23","","full-text","linked-existing","S140","include-adjacent","","yes","https://cs.brown.edu/~mph/HerlihyLM02/smli_tr-2002-112.pdf","§§1–3; Appendix Theorem 1","Codex-assisted triage; human confirmation pending","2026-07-31","pending","Promoted as S140. Dynamic exact-CAS reclamation prior art is adjacent to an explicitly reclamation-free target."
"20260731T052500Z-pending-closest-union","bddb8c1df7380092cba1a9df363d60ce34e9f294e74d90c6abb9d073d8b90b1d","CG0014","doi:10.1007/3-540-44898-5_4","","metadata","exclude-topic","","","","not-applicable","https://doi.org/10.1007/3-540-44898-5_4","authoritative identity, date, title, and venue metadata","Codex-assisted triage; human confirmation pending","2026-07-31","pending","Resolved cutoff-eligible identity is outside the target conjunction or contributes only generic safety, semantics, performance, or unrelated theory."
"20260731T052500Z-pending-closest-union","bddb8c1df7380092cba1a9df363d60ce34e9f294e74d90c6abb9d073d8b90b1d","CG0015","doi:10.1007/978-1-4612-0931-7","","metadata","include-context","","","","partial","https://link.springer.com/book/10.1007/978-1-4612-0931-7","Publisher metadata and table of contents; theorem text access-limited","Codex-assisted triage; human confirmation pending","2026-07-31","pending","Conservatively retained as foundational temporal-verification and fairness context. The book is not used for any absence or priority inference; exact theorem-level comparison remains an explicit external-review question because the text is access-limited."
"20260731T052500Z-pending-closest-union","bddb8c1df7380092cba1a9df363d60ce34e9f294e74d90c6abb9d073d8b90b1d","CG0017","doi:10.1007/978-3-030-29400-7_23","Scalable FIFO Channels for Programming via Communicating Sequential Processes","metadata","exclude-topic","","","","not-applicable","https://doi.org/10.1007/978-3-030-29400-7_23","title and venue metadata","Codex-assisted triage; human confirmation pending","2026-07-31","pending","Title/venue metadata does not indicate a theorem spanning the target weak-memory, CAS, fairness, Treiber, and progress dimensions."
"20260731T052500Z-pending-closest-union","bddb8c1df7380092cba1a9df363d60ce34e9f294e74d90c6abb9d073d8b90b1d","CG0019","doi:10.1007/978-3-030-32505-3_11","Starvation-Free Monitors","metadata","include-adjacent","","","","partial","https://imec-publications.be/entities/publication/a76faeb5-41b5-4769-a308-0d3d6f51c5f9","Official abstract, repository metadata, and request-only file record 44916.pdf; exact chapter text access-limited","Codex-assisted triage; human confirmation pending","2026-07-31","pending","Conservatively retained as adjacent mechanized starvation-freedom evidence. The official abstract states modular VeriFast verification of starvation-free ticket/CLH-style monitors without a scheduling policy; it is not counted as a Treiber/weak-CAS result, and no inaccessible-text absence claim is made."
"20260731T052500Z-pending-closest-union","bddb8c1df7380092cba1a9df363d60ce34e9f294e74d90c6abb9d073d8b90b1d","CG0021","doi:10.1007/978-3-030-78142-2_5","Safe Session-Based Asynchronous Coordination in Rust","metadata","exclude-topic","","","","not-applicable","https://doi.org/10.1007/978-3-030-78142-2_5","title and venue metadata","Codex-assisted triage; human confirmation pending","2026-07-31","pending","Title/venue metadata does not indicate a theorem spanning the target weak-memory, CAS, fairness, Treiber, and progress dimensions."
"20260731T052500Z-pending-closest-union","bddb8c1df7380092cba1a9df363d60ce34e9f294e74d90c6abb9d073d8b90b1d","CG0023","doi:10.1007/978-3-030-81688-9_2","","full-text","linked-existing","S93","include-adjacent","","yes","https://arxiv.org/pdf/2010.11762","§3; §5; Appendix B Definition 14; Appendix D Theorem 1","Codex-assisted triage; human confirmation pending","2026-07-31","pending","Exact duplicate link to S93: VeriFast fair-scheduler termination with no weak memory, Treiber, or primitive justice."
"20260731T052500Z-pending-closest-union","bddb8c1df7380092cba1a9df363d60ce34e9f294e74d90c6abb9d073d8b90b1d","CG0025","doi:10.1007/978-3-031-24950-1_7","","metadata","exclude-duplicate","","","","not-applicable","https://doi.org/10.1007/978-3-031-24950-1_7","authoritative title, relation, and version metadata","Codex-assisted triage; human confirmation pending","2026-07-31","pending","Duplicate, corrupted-title alias, or separately represented version; retained through its canonical queue work or version family."
"20260731T052500Z-pending-closest-union","bddb8c1df7380092cba1a9df363d60ce34e9f294e74d90c6abb9d073d8b90b1d","CG0026","doi:10.1007/978-3-031-30820-8_26","","metadata","exclude-topic","","","","not-applicable","https://doi.org/10.1007/978-3-031-30820-8_26","authoritative identity, date, title, and venue metadata","Codex-assisted triage; human confirmation pending","2026-07-31","pending","Resolved cutoff-eligible identity is outside the target conjunction or contributes only generic safety, semantics, performance, or unrelated theory."
"20260731T052500Z-pending-closest-union","bddb8c1df7380092cba1a9df363d60ce34e9f294e74d90c6abb9d073d8b90b1d","CG0027","doi:10.1007/978-3-031-30823-9_5","Reconciling Preemption Bounding with DPOR","metadata","exclude-topic","","","","not-applicable","https://doi.org/10.1007/978-3-031-30823-9_5","title and venue metadata","Codex-assisted triage; human confirmation pending","2026-07-31","pending","Title/venue metadata does not indicate a theorem spanning the target weak-memory, CAS, fairness, Treiber, and progress dimensions."
"20260731T052500Z-pending-closest-union","bddb8c1df7380092cba1a9df363d60ce34e9f294e74d90c6abb9d073d8b90b1d","CG0029","doi:10.1007/978-3-031-37706-8_12","Unblocking Dynamic Partial Order Reduction","metadata","exclude-topic","","","","not-applicable","https://doi.org/10.1007/978-3-031-37706-8_12","title and venue metadata","Codex-assisted triage; human confirmation pending","2026-07-31","pending","Title/venue metadata does not indicate a theorem spanning the target weak-memory, CAS, fairness, Treiber, and progress dimensions."
"20260731T052500Z-pending-closest-union","bddb8c1df7380092cba1a9df363d60ce34e9f294e74d90c6abb9d073d8b90b1d","CG0030","doi:10.1007/978-3-031-37706-8_8","Lincheck: A Practical Framework for Testing Concurrent Data Structures on JVM","full-text","linked-existing","S163","include-adjacent","","yes","https://link.springer.com/content/pdf/10.1007/978-3-031-37706-8_8.pdf","§2.2; evaluation and limitations","Codex-assisted triage; human confirmation pending","2026-07-31","pending","Promoted as S163: bounded JVM data-structure testing; stronger progress and weak-memory integration remain outside the established result."
"20260731T052500Z-pending-closest-union","bddb8c1df7380092cba1a9df363d60ce34e9f294e74d90c6abb9d073d8b90b1d","CG0031","doi:10.1007/978-3-031-45332-8_9","","metadata","exclude-duplicate","","","","not-applicable","https://doi.org/10.1007/978-3-031-45332-8_9","authoritative title, relation, and version metadata","Codex-assisted triage; human confirmation pending","2026-07-31","pending","Duplicate, corrupted-title alias, or separately represented version; retained through its canonical queue work or version family."
"20260731T052500Z-pending-closest-union","bddb8c1df7380092cba1a9df363d60ce34e9f294e74d90c6abb9d073d8b90b1d","CG0032","doi:10.1007/978-3-031-57249-4_4","Enhancing GenMC's Usability and Performance","full-text","linked-existing","S126","include-version-audit","","yes","https://plv.mpi-sws.org/genmc/tacas2024-gater.pdf","§§1 and 3; Figure 4; §5 Treiber tables; conclusion","Codex-assisted triage; human confirmation pending","2026-07-31","pending","Promoted as S126, a GenMC-lineage version record; additional Treiber state-space evidence is safety-only."
"20260731T052500Z-pending-closest-union","bddb8c1df7380092cba1a9df363d60ce34e9f294e74d90c6abb9d073d8b90b1d","CG0033","doi:10.1007/978-3-031-65630-9_2","","metadata","exclude-duplicate","","","","not-applicable","https://doi.org/10.1007/978-3-031-65630-9_2","authoritative title, relation, and version metadata","Codex-assisted triage; human confirmation pending","2026-07-31","pending","Duplicate, corrupted-title alias, or separately represented version; retained through its canonical queue work or version family."
"20260731T052500Z-pending-closest-union","bddb8c1df7380092cba1a9df363d60ce34e9f294e74d90c6abb9d073d8b90b1d","CG0034","doi:10.1007/978-3-031-71162-6_27","","full-text","linked-existing","S141","include-adjacent","","yes","https://orbilu.uni.lu/bitstream/10993/62434/1/978-3-031-71162-6.pdf","paper pp. 519–537; §7 Theorems 1–4; §8","Codex-assisted triage; human confirmation pending","2026-07-31","pending","Promoted as S141. Piccolo unifies weak-memory safety rules but leaves RMW and liveness outside scope."
"20260731T052500Z-pending-closest-union","bddb8c1df7380092cba1a9df363d60ce34e9f294e74d90c6abb9d073d8b90b1d","CG0035","doi:10.1007/978-3-031-73751-0_8","","metadata","exclude-topic","","","","not-applicable","https://doi.org/10.1007/978-3-031-73751-0_8","authoritative identity, date, title, and venue metadata","Codex-assisted triage; human confirmation pending","2026-07-31","pending","Resolved cutoff-eligible identity is outside the target conjunction or contributes only generic safety, semantics, performance, or unrelated theory."
"20260731T052500Z-pending-closest-union","bddb8c1df7380092cba1a9df363d60ce34e9f294e74d90c6abb9d073d8b90b1d","CG0036","doi:10.1007/978-3-032-22749-2_13","jMT: Testing Correctness of Java Memory Models","full-text","linked-existing","S127","include-context","","yes","https://arxiv.org/pdf/2604.15978","§§1–8","Codex-assisted triage; human confirmation pending","2026-07-31","pending","Promoted as S127. Java memory-model testing omits key termination features and proves no object liveness."
"20260731T052500Z-pending-closest-union","bddb8c1df7380092cba1a9df363d60ce34e9f294e74d90c6abb9d073d8b90b1d","CG0037","doi:10.1007/978-3-319-17885-1_100398","Extensibility","metadata","exclude-topic","","","","not-applicable","https://doi.org/10.1007/978-3-319-17885-1_100398","title and venue metadata","Codex-assisted triage; human confirmation pending","2026-07-31","pending","Title/venue metadata does not indicate a theorem spanning the target weak-memory, CAS, fairness, Treiber, and progress dimensions."
"20260731T052500Z-pending-closest-union","bddb8c1df7380092cba1a9df363d60ce34e9f294e74d90c6abb9d073d8b90b1d","CG0039","doi:10.1007/978-3-319-63387-9_26","Context-Sensitive Dynamic Partial Order Reduction","metadata","exclude-topic","","","","not-applicable","https://doi.org/10.1007/978-3-319-63387-9_26","title and venue metadata","Codex-assisted triage; human confirmation pending","2026-07-31","pending","Title/venue metadata does not indicate a theorem spanning the target weak-memory, CAS, fairness, Treiber, and progress dimensions."
"20260731T052500Z-pending-closest-union","bddb8c1df7380092cba1a9df363d60ce34e9f294e74d90c6abb9d073d8b90b1d","CG0040","doi:10.1007/978-3-319-89963-3_14","Optimal Dynamic Partial Order Reduction with Observers","metadata","exclude-topic","","","","not-applicable","https://doi.org/10.1007/978-3-319-89963-3_14","title and venue metadata","Codex-assisted triage; human confirmation pending","2026-07-31","pending","Title/venue metadata does not indicate a theorem spanning the target weak-memory, CAS, fairness, Treiber, and progress dimensions."
"20260731T052500Z-pending-closest-union","bddb8c1df7380092cba1a9df363d60ce34e9f294e74d90c6abb9d073d8b90b1d","CG0041","doi:10.1007/978-3-319-96142-2_24","Constrained Dynamic Partial Order Reduction","metadata","exclude-topic","","","","not-applicable","https://doi.org/10.1007/978-3-319-96142-2_24","title and venue metadata","Codex-assisted triage; human confirmation pending","2026-07-31","pending","Title/venue metadata does not indicate a theorem spanning the target weak-memory, CAS, fairness, Treiber, and progress dimensions."
"20260731T052500Z-pending-closest-union","bddb8c1df7380092cba1a9df363d60ce34e9f294e74d90c6abb9d073d8b90b1d","CG0042","doi:10.1007/978-3-540-24730-2_15","A Tool for Checking ANSI-C Programs","metadata","exclude-topic","","","","not-applicable","https://doi.org/10.1007/978-3-540-24730-2_15","title and venue metadata","Codex-assisted triage; human confirmation pending","2026-07-31","pending","Title/venue metadata does not indicate a theorem spanning the target weak-memory, CAS, fairness, Treiber, and progress dimensions."
"20260731T052500Z-pending-closest-union","bddb8c1df7380092cba1a9df363d60ce34e9f294e74d90c6abb9d073d8b90b1d","CG0044","doi:10.1007/978-3-540-31980-1_25","Dynamic Symmetry Reduction","metadata","exclude-topic","","","","not-applicable","https://doi.org/10.1007/978-3-540-31980-1_25","title and venue metadata","Codex-assisted triage; human confirmation pending","2026-07-31","pending","Title/venue metadata does not indicate a theorem spanning the target weak-memory, CAS, fairness, Treiber, and progress dimensions."
"20260731T052500Z-pending-closest-union","bddb8c1df7380092cba1a9df363d60ce34e9f294e74d90c6abb9d073d8b90b1d","CG0045","doi:10.1007/978-3-540-68237-0_7","","metadata","exclude-topic","","","","not-applicable","https://doi.org/10.1007/978-3-540-68237-0_7","authoritative identity, date, title, and venue metadata","Codex-assisted triage; human confirmation pending","2026-07-31","pending","Resolved cutoff-eligible identity is outside the target conjunction or contributes only generic safety, semantics, performance, or unrelated theory."
"20260731T052500Z-pending-closest-union","bddb8c1df7380092cba1a9df363d60ce34e9f294e74d90c6abb9d073d8b90b1d","CG0046","doi:10.1007/978-3-540-73368-3_49","Comparison Under Abstraction for Verifying Linearizability","full-text","linked-existing","S156","include-closest","PA71","yes","https://research.cs.wisc.edu/wpis/papers/cav07.linearizability.pdf","§1; §2; §4; §5","Codex-assisted triage; human confirmation pending","2026-07-31","pending","Promoted as S156/PA71: automatic bounded-thread Treiber linearizability under SC and exact CAS; no positive progress theorem."
"20260731T052500Z-pending-closest-union","bddb8c1df7380092cba1a9df363d60ce34e9f294e74d90c6abb9d073d8b90b1d","CG0047","doi:10.1007/978-3-642-00593-0_16","","metadata","exclude-topic","","","","not-applicable","https://doi.org/10.1007/978-3-642-00593-0_16","authoritative identity, date, title, and venue metadata","Codex-assisted triage; human confirmation pending","2026-07-31","pending","Resolved cutoff-eligible identity is outside the target conjunction or contributes only generic safety, semantics, performance, or unrelated theory."
"20260731T052500Z-pending-closest-union","bddb8c1df7380092cba1a9df363d60ce34e9f294e74d90c6abb9d073d8b90b1d","CG0048","doi:10.1007/978-3-642-03013-0_22","","metadata","exclude-topic","","","","not-applicable","https://doi.org/10.1007/978-3-642-03013-0_22","authoritative identity, date, title, and venue metadata","Codex-assisted triage; human confirmation pending","2026-07-31","pending","Resolved cutoff-eligible identity is outside the target conjunction or contributes only generic safety, semantics, performance, or unrelated theory."
"20260731T052500Z-pending-closest-union","bddb8c1df7380092cba1a9df363d60ce34e9f294e74d90c6abb9d073d8b90b1d","CG0049","doi:10.1007/978-3-642-03359-9_26","","metadata","exclude-topic","","","","not-applicable","https://doi.org/10.1007/978-3-642-03359-9_26","authoritative identity, date, title, and venue metadata","Codex-assisted triage; human confirmation pending","2026-07-31","pending","Resolved cutoff-eligible identity is outside the target conjunction or contributes only generic safety, semantics, performance, or unrelated theory."
"20260731T052500Z-pending-closest-union","bddb8c1df7380092cba1a9df363d60ce34e9f294e74d90c6abb9d073d8b90b1d","CG0050","doi:10.1007/978-3-642-03359-9_27","A Better x86 Memory Model: x86-TSO","full-text","linked-existing","S128","include-context","","yes","https://www.cl.cam.ac.uk/~pes20/weakmemory/x86tso-paper.tphols.pdf","§§1 and 3; operational progress condition §3.2; Theorems 1–4; §6","Codex-assisted triage; human confirmation pending","2026-07-31","pending","Promoted as S128. HOL4 x86-TSO includes buffer propagation but no scheduler/CAS justice or object response theorem."
"20260731T052500Z-pending-closest-union","bddb8c1df7380092cba1a9df363d60ce34e9f294e74d90c6abb9d073d8b90b1d","CG0051","doi:10.1007/978-3-642-11957-6_22","","full-text","exclude-topic","","","","partial","https://www.microsoft.com/en-us/research/publication/deadlock-free-channels-locks/","Official record; Definitions and theorems described in §§4–5","Codex-assisted triage; human confirmation pending","2026-07-31","pending","Blocking channels/locks deadlock freedom is outside lock-free CAS response progress."
"20260731T052500Z-pending-closest-union","bddb8c1df7380092cba1a9df363d60ce34e9f294e74d90c6abb9d073d8b90b1d","CG0053","doi:10.1007/978-3-642-17653-1_27","Fast Local-Spin Abortable Mutual Exclusion with Bounded Space","full-text","exclude-topic","","","","yes","https://doi.org/10.1007/978-3-642-17653-1_27","Abstract; model and main-result sections","Codex-assisted triage; human confirmation pending","2026-07-31","pending","Abortable mutual-exclusion algorithm outside Treiber and weak memory; no genuine weak-CAS primitive-fairness result."
"20260731T052500Z-pending-closest-union","bddb8c1df7380092cba1a9df363d60ce34e9f294e74d90c6abb9d073d8b90b1d","CG0054","doi:10.1007/978-3-642-31057-7_12","Pause 'n' Play: Formalizing Asynchronous C#","metadata","exclude-topic","","","","not-applicable","https://doi.org/10.1007/978-3-642-31057-7_12","title and venue metadata","Codex-assisted triage; human confirmation pending","2026-07-31","pending","Title/venue metadata does not indicate a theorem spanning the target weak-memory, CAS, fairness, Treiber, and progress dimensions."
"20260731T052500Z-pending-closest-union","bddb8c1df7380092cba1a9df363d60ce34e9f294e74d90c6abb9d073d8b90b1d","CG0056","doi:10.1007/978-3-642-54833-8_17","Checking Linearizability of Encapsulated Extended Operations","full-text","exclude-topic","","","","yes","https://doi.org/10.1007/978-3-642-54833-8_17","Abstract; model and main-result sections","Codex-assisted triage; human confirmation pending","2026-07-31","pending","Linearizability checking of extended operations is a safety result; no target weak-CAS progress or fairness theorem."
"20260731T052500Z-pending-closest-union","bddb8c1df7380092cba1a9df363d60ce34e9f294e74d90c6abb9d073d8b90b1d","CG0057","doi:10.1007/978-3-662-46669-8_7","","metadata","exclude-topic","","","","not-applicable","https://doi.org/10.1007/978-3-662-46669-8_7","authoritative identity, date, title, and venue metadata","Codex-assisted triage; human confirmation pending","2026-07-31","pending","Resolved cutoff-eligible identity is outside the target conjunction or contributes only generic safety, semantics, performance, or unrelated theory."
"20260731T052500Z-pending-closest-union","bddb8c1df7380092cba1a9df363d60ce34e9f294e74d90c6abb9d073d8b90b1d","CG0058","doi:10.1007/978-3-662-46681-0_28","","full-text","linked-existing","S119","include-version-audit","","yes","https://arxiv.org/pdf/1501.02069","§3 Theorem 1; §4 Theorem 2; §5","Codex-assisted triage; human confirmation pending","2026-07-31","pending","Conference form linked to S119, the journal version of the same bounded TSO/PSO safety-exploration lineage."
"20260731T052500Z-pending-closest-union","bddb8c1df7380092cba1a9df363d60ce34e9f294e74d90c6abb9d073d8b90b1d","CG0059","doi:10.1007/978-3-662-49498-1_8","","full-text","linked-existing","S17","include-closest","PA10","yes","https://vtss.doc.ic.ac.uk/publications/daRochaPinto2016Modular.techreport.pdf","§4 Treiber; §6 lock-/wait-freedom; Appendix B","Codex-assisted triage; human confirmation pending","2026-07-31","pending","Authoritative identity/full-text screen links this work to canonical S17; no separate result is counted."
"20260731T052500Z-pending-closest-union","bddb8c1df7380092cba1a9df363d60ce34e9f294e74d90c6abb9d073d8b90b1d","CG0060","doi:10.1007/978-981-95-3585-9_9","","metadata","exclude-duplicate","","","","not-applicable","https://doi.org/10.1007/978-981-95-3585-9_9","authoritative title, relation, and version metadata","Codex-assisted triage; human confirmation pending","2026-07-31","pending","Duplicate, corrupted-title alias, or separately represented version; retained through its canonical queue work or version family."
"20260731T052500Z-pending-closest-union","bddb8c1df7380092cba1a9df363d60ce34e9f294e74d90c6abb9d073d8b90b1d","CG0061","doi:10.1007/978-981-97-8943-6_17","","full-text","linked-existing","S142","include-adjacent","","yes","https://link.springer.com/content/pdf/10.1007/978-981-97-8943-6_17.pdf","§§1–2.3; §3.4","Codex-assisted triage; human confirmation pending","2026-07-31","pending","Promoted as S142. Mixed-size SMC explicitly loses temporal/liveness properties and leaves atomic semantics open."
"20260731T052500Z-pending-closest-union","bddb8c1df7380092cba1a9df363d60ce34e9f294e74d90c6abb9d073d8b90b1d","CG0064","doi:10.1007/s00446-010-0096-2","Closing the complexity gap between FCFS mutual exclusion and mutual exclusion","full-text","exclude-topic","","","","yes","https://doi.org/10.1007/s00446-010-0096-2","Abstract; model and main-result sections","Codex-assisted triage; human confirmation pending","2026-07-31","pending","Mutual-exclusion complexity result outside Treiber and weak memory; no target primitive-justice or all-spurious theorem."
"20260731T052500Z-pending-closest-union","bddb8c1df7380092cba1a9df363d60ce34e9f294e74d90c6abb9d073d8b90b1d","CG0066","doi:10.1016/0304-3975(91)90224-p","","metadata","exclude-topic","","","","not-applicable","https://doi.org/10.1016/0304-3975(91)90224-p","authoritative identity, date, title, and venue metadata","Codex-assisted triage; human confirmation pending","2026-07-31","pending","Resolved cutoff-eligible identity is outside the target conjunction or contributes only generic safety, semantics, performance, or unrelated theory."
"20260731T052500Z-pending-closest-union","bddb8c1df7380092cba1a9df363d60ce34e9f294e74d90c6abb9d073d8b90b1d","CG0067","doi:10.1016/j.entcs.2011.09.029","","metadata","exclude-topic","","","","not-applicable","https://doi.org/10.1016/j.entcs.2011.09.029","authoritative identity, date, title, and venue metadata","Codex-assisted triage; human confirmation pending","2026-07-31","pending","Resolved cutoff-eligible identity is outside the target conjunction or contributes only generic safety, semantics, performance, or unrelated theory."
"20260731T052500Z-pending-closest-union","bddb8c1df7380092cba1a9df363d60ce34e9f294e74d90c6abb9d073d8b90b1d","CG0069","doi:10.1016/j.jlamp.2019.03.002","A reduction semantics for direct-style asynchronous observables","metadata","exclude-topic","","","","not-applicable","https://doi.org/10.1016/j.jlamp.2019.03.002","title and venue metadata","Codex-assisted triage; human confirmation pending","2026-07-31","pending","Title/venue metadata does not indicate a theorem spanning the target weak-memory, CAS, fairness, Treiber, and progress dimensions."
"20260731T052500Z-pending-closest-union","bddb8c1df7380092cba1a9df363d60ce34e9f294e74d90c6abb9d073d8b90b1d","CG0070","doi:10.1016/j.scico.2005.03.007","The java.util.concurrent synchronizer framework","full-text","exclude-topic","","","","yes","https://doi.org/10.1016/j.scico.2005.03.007","Abstract; model and main-result sections","Codex-assisted triage; human confirmation pending","2026-07-31","pending","Blocking Java synchronizer framework rather than a lock-free Treiber/weak-CAS progress theorem."
"20260731T052500Z-pending-closest-union","bddb8c1df7380092cba1a9df363d60ce34e9f294e74d90c6abb9d073d8b90b1d","CG0073","doi:10.1017/s0956796818000151","Iris from the ground up: A modular foundation for higher-order concurrent separation logic","full-text","linked-existing","S143","include-adjacent","","yes","https://www.mpi-sws.org/~dreyer/papers/iris-ground-up/paper.pdf","§§2.2–2.3; §6.4 Theorem 6; §7.4 Theorem 7; §8.3","Codex-assisted triage; human confirmation pending","2026-07-31","pending","Promoted as S143. Coq/Iris exact-CAS safety foundation contains no weak-memory liveness or fairness theorem."
"20260731T052500Z-pending-closest-union","bddb8c1df7380092cba1a9df363d60ce34e9f294e74d90c6abb9d073d8b90b1d","CG0074","doi:10.1088/1757-899x/928/3/032064","Algorithm for CPU resource allocator case study and compering between ordinary and ML Algorithms","metadata","exclude-topic","","","","not-applicable","https://doi.org/10.1088/1757-899x/928/3/032064","title and venue metadata","Codex-assisted triage; human confirmation pending","2026-07-31","pending","Title/venue metadata does not indicate a theorem spanning the target weak-memory, CAS, fairness, Treiber, and progress dimensions."
"20260731T052500Z-pending-closest-union","bddb8c1df7380092cba1a9df363d60ce34e9f294e74d90c6abb9d073d8b90b1d","CG0076","doi:10.1109/access.2022.3223359","Combining BMC and Fuzzing Techniques for Finding Software Vulnerabilities in Concurrent Programs","metadata","exclude-topic","","","","not-applicable","https://doi.org/10.1109/access.2022.3223359","title and venue metadata","Codex-assisted triage; human confirmation pending","2026-07-31","pending","Title/venue metadata does not indicate a theorem spanning the target weak-memory, CAS, fairness, Treiber, and progress dimensions."
"20260731T052500Z-pending-closest-union","bddb8c1df7380092cba1a9df363d60ce34e9f294e74d90c6abb9d073d8b90b1d","CG0077","doi:10.1109/access.2023.3272833","When Memory Corruption Met Concurrency: Vulnerabilities in Concurrent Programs","metadata","exclude-topic","","","","not-applicable","https://doi.org/10.1109/access.2023.3272833","title and venue metadata","Codex-assisted triage; human confirmation pending","2026-07-31","pending","Title/venue metadata does not indicate a theorem spanning the target weak-memory, CAS, fairness, Treiber, and progress dimensions."
"20260731T052500Z-pending-closest-union","bddb8c1df7380092cba1a9df363d60ce34e9f294e74d90c6abb9d073d8b90b1d","CG0082","doi:10.1109/icdcs.1993.287700","","full-text","linked-existing","S144","include-closest","PA63","yes","https://www.cs.cmu.edu/afs/cs.cmu.edu/project/mach/public/doc/published/non-blocking.ps","§3.5 pp. 270–272; conclusion","Codex-assisted triage; human confirmation pending","2026-07-31","pending","Promoted as S144/PA63. Advisory CAS may fail without proving mismatch, an early semantic precedent without a justice or progress theorem."
"20260731T052500Z-pending-closest-union","bddb8c1df7380092cba1a9df363d60ce34e9f294e74d90c6abb9d073d8b90b1d","CG0084","doi:10.1109/ipps.1994.288305","Queue locks on cache coherent multiprocessors","full-text","exclude-topic","","","","yes","https://doi.org/10.1109/ipps.1994.288305","Abstract; model and main-result sections","Codex-assisted triage; human confirmation pending","2026-07-31","pending","Queue-lock algorithm is blocking synchronization and outside the target weak-memory Treiber progress conjunction."
"20260731T052500Z-pending-closest-union","bddb8c1df7380092cba1a9df363d60ce34e9f294e74d90c6abb9d073d8b90b1d","CG0085","doi:10.1109/lics.2002.1029817","","metadata","exclude-topic","","","","not-applicable","https://doi.org/10.1109/lics.2002.1029817","authoritative identity, date, title, and venue metadata","Codex-assisted triage; human confirmation pending","2026-07-31","pending","Resolved cutoff-eligible identity is outside the target conjunction or contributes only generic safety, semantics, performance, or unrelated theory."
"20260731T052500Z-pending-closest-union","bddb8c1df7380092cba1a9df363d60ce34e9f294e74d90c6abb9d073d8b90b1d","CG0086","doi:10.1109/lics.2013.18","","full-text","linked-existing","A27","include-closest","PA39","yes","https://www.cs.cmu.edu/~janh/assets/pdf/HoffmannMZ13.pdf","§III Treiber argument; §VI Treiber verification; conclusion","Codex-assisted triage; human confirmation pending","2026-07-31","pending","Authoritative identity/full-text screen links this work to canonical A27; no separate result is counted."
"20260731T052500Z-pending-closest-union","bddb8c1df7380092cba1a9df363d60ce34e9f294e74d90c6abb9d073d8b90b1d","CG0087","doi:10.1109/sp46214.2022.9833774","Cats vs. Spectre: An Axiomatic Approach to Modeling Speculative Execution Attacks","full-text","exclude-topic","","","","yes","https://arxiv.org/pdf/2108.13818","Abstract and §§I–VII","Codex-assisted triage; human confirmation pending","2026-07-31","pending","Speculative-execution security and bounded attack checking are outside shared-object progress."
"20260731T052500Z-pending-closest-union","bddb8c1df7380092cba1a9df363d60ce34e9f294e74d90c6abb9d073d8b90b1d","CG0089","doi:10.1109/tse.2023.3326056","Simulating Operational Memory Models Using Off-the-Shelf Program Analysis Tools","full-text","linked-existing","S129","include-context","","yes","https://www.doc.ic.ac.uk/~afd/papers/2023/TSE.pdf","Abstract and §§I–VI","Codex-assisted triage; human confirmation pending","2026-07-31","pending","Promoted as S129. Operational memory-model simulation is deliberately litmus-test-only, not full object verification."
"20260731T052500Z-pending-closest-union","bddb8c1df7380092cba1a9df363d60ce34e9f294e74d90c6abb9d073d8b90b1d","CG0090","doi:10.1145/103727.103729","Algorithms for scalable synchronization on shared-memory multiprocessors","full-text","exclude-topic","","","","yes","https://doi.org/10.1145/103727.103729","Abstract; model and main-result sections","Codex-assisted triage; human confirmation pending","2026-07-31","pending","Classical scalable-lock algorithms are outside the target lock-free Treiber and weak-CAS justice result."
"20260731T052500Z-pending-closest-union","bddb8c1df7380092cba1a9df363d60ce34e9f294e74d90c6abb9d073d8b90b1d","CG0091","doi:10.1145/1040305.1040326","","metadata","exclude-topic","","","","not-applicable","https://doi.org/10.1145/1040305.1040326","authoritative identity, date, title, and venue metadata","Codex-assisted triage; human confirmation pending","2026-07-31","pending","Resolved cutoff-eligible identity is outside the target conjunction or contributes only generic safety, semantics, performance, or unrelated theory."
"20260731T052500Z-pending-closest-union","bddb8c1df7380092cba1a9df363d60ce34e9f294e74d90c6abb9d073d8b90b1d","CG0092","doi:10.1145/1040305.1040327","","metadata","exclude-topic","","","","not-applicable","https://doi.org/10.1145/1040305.1040327","authoritative identity, date, title, and venue metadata","Codex-assisted triage; human confirmation pending","2026-07-31","pending","Resolved cutoff-eligible identity is outside the target conjunction or contributes only generic safety, semantics, performance, or unrelated theory."
"20260731T052500Z-pending-closest-union","bddb8c1df7380092cba1a9df363d60ce34e9f294e74d90c6abb9d073d8b90b1d","CG0093","doi:10.1145/1040305.1040336","The Java memory model","full-text","linked-existing","S130","include-context","","yes","https://pages.cs.wisc.edu/~markhill/restricted/popl05_java_memory.pdf","§§3–4; nonterminating executions pp. 8–9; Theorems 1–3","Codex-assisted triage; human confirmation pending","2026-07-31","pending","Promoted as S130. The Java memory model assumes no fairness and contains no CAS/Treiber theorem."
"20260731T052500Z-pending-closest-union","bddb8c1df7380092cba1a9df363d60ce34e9f294e74d90c6abb9d073d8b90b1d","CG0095","doi:10.1145/1122971.1122994","Scalable synchronous queues","full-text","linked-existing","S101","include-adjacent","","yes","https://www.cs.rochester.edu/u/scott/papers/2006_PPoPP_synch_queues.pdf","§§2.1–2.4, 3.3, and 4","Codex-assisted triage; human confirmation pending","2026-07-31","pending","FIFO request-order fairness and empirical exact-CAS dual containers; no formal liveness theorem."
"20260731T052500Z-pending-closest-union","bddb8c1df7380092cba1a9df363d60ce34e9f294e74d90c6abb9d073d8b90b1d","CG0097","doi:10.1145/161468.161469","","full-text","linked-existing","S145","include-closest","PA64","yes","https://www.cs.utexas.edu/~lorenzo/corsi/cs380d/papers/p745-herlihy.pdf","p. 747; §4.1 p. 752; §4.4 pp. 760–761","Codex-assisted triage; human confirmation pending","2026-07-31","pending","Promoted as S145/PA64. Herlihy explicitly names unchanged-value SC failures spurious and conditions liveness on their absence."
"20260731T052500Z-pending-closest-union","bddb8c1df7380092cba1a9df363d60ce34e9f294e74d90c6abb9d073d8b90b1d","CG0098","doi:10.1145/165231.165265","","full-text","linked-existing","S146","include-closest","PA65","yes","https://pure.mpg.de/rest/items/item_1834238_5/component/file_2019499/content","§1.1; §4; Proposition 5.1 and Theorem 5.2; §6","Codex-assisted triage; human confirmation pending","2026-07-31","pending","Promoted as S146/PA65. Early system-wide nonblocking/work bounds under arbitrary delays use exact LL/SC, not weak memory or spurious CAS."
"20260731T052500Z-pending-closest-union","bddb8c1df7380092cba1a9df363d60ce34e9f294e74d90c6abb9d073d8b90b1d","CG0099","doi:10.1145/177492.177726","","full-text","linked-existing","S147","include-adjacent","","yes","https://lamport.org/pubs/lamport-actions.pdf","§§5.2–5.6; Figure 5; §6.2","Codex-assisted triage; human confirmation pending","2026-07-31","pending","Promoted as S147. General weak/strong fairness and leads-to proof rules are foundational prior art, without the target object or primitive."
"20260731T052500Z-pending-closest-union","bddb8c1df7380092cba1a9df363d60ce34e9f294e74d90c6abb9d073d8b90b1d","CG0100","doi:10.1145/186025.186051","","metadata","exclude-topic","","","","not-applicable","https://doi.org/10.1145/186025.186051","authoritative identity, date, title, and venue metadata","Codex-assisted triage; human confirmation pending","2026-07-31","pending","Resolved cutoff-eligible identity is outside the target conjunction or contributes only generic safety, semantics, performance, or unrelated theory."
"20260731T052500Z-pending-closest-union","bddb8c1df7380092cba1a9df363d60ce34e9f294e74d90c6abb9d073d8b90b1d","CG0101","doi:10.1145/1926385.1926394","Mathematizing C++ concurrency","full-text","linked-existing","S131","include-adjacent","","yes","https://kar.kent.ac.uk/50265/1/popl085ap-sewell.pdf","§§1–6; Theorems 1–3","Codex-assisted triage; human confirmation pending","2026-07-31","pending","Promoted as S131. Isabelle/HOL C++ memory/RMW safety metatheory supplies no object progress or spurious-CAS justice."
"20260731T052500Z-pending-closest-union","bddb8c1df7380092cba1a9df363d60ce34e9f294e74d90c6abb9d073d8b90b1d","CG0102","doi:10.1145/197917.197975","","metadata","exclude-topic","","","","not-applicable","https://doi.org/10.1145/197917.197975","authoritative identity, date, title, and venue metadata","Codex-assisted triage; human confirmation pending","2026-07-31","pending","Resolved cutoff-eligible identity is outside the target conjunction or contributes only generic safety, semantics, performance, or unrelated theory."
"20260731T052500Z-pending-closest-union","bddb8c1df7380092cba1a9df363d60ce34e9f294e74d90c6abb9d073d8b90b1d","CG0103","doi:10.1145/2034773.2034828","","metadata","exclude-topic","","","","not-applicable","https://doi.org/10.1145/2034773.2034828","authoritative identity, date, title, and venue metadata","Codex-assisted triage; human confirmation pending","2026-07-31","pending","Resolved cutoff-eligible identity is outside the target conjunction or contributes only generic safety, semantics, performance, or unrelated theory."
"20260731T052500Z-pending-closest-union","bddb8c1df7380092cba1a9df363d60ce34e9f294e74d90c6abb9d073d8b90b1d","CG0104","doi:10.1145/2442516.2442527","Fast concurrent queues for x86 processors","full-text","linked-existing","S164","include-adjacent","","yes","https://www.cs.tau.ac.il/~mad/publications/ppopp2013-x86queues.pdf","Algorithm and correctness/progress sections; evaluation","Codex-assisted triage; human confirmation pending","2026-07-31","pending","Promoted as S164: x86 exact-CAS/FAA queue progress, without language-level RC11 or genuine weak-CAS fairness."
"20260731T052500Z-pending-closest-union","bddb8c1df7380092cba1a9df363d60ce34e9f294e74d90c6abb9d073d8b90b1d","CG0106","doi:10.1145/2509136.2509514","CDSchecker: checking concurrent data structures written with C/C++ atomics","full-text","linked-existing","S102","include-closest","PA54","yes","http://plrg.eecs.uci.edu/publications/c11modelcheck.pdf","Paper §§1.3, 8, and 9; audited commit include/impatomic.h:112–113","Codex-assisted triage; human confirmation pending","2026-07-31","pending","C11 checker separates scheduler and memory-liveness bounds, but disables spurious failure and aliases weak CAS to strong."
"20260731T052500Z-pending-closest-union","bddb8c1df7380092cba1a9df363d60ce34e9f294e74d90c6abb9d073d8b90b1d","CG0107","doi:10.1145/2535838.2535845","Optimal dynamic partial order reduction","metadata","exclude-topic","","","","not-applicable","https://doi.org/10.1145/2535838.2535845","title and venue metadata","Codex-assisted triage; human confirmation pending","2026-07-31","pending","Title/venue metadata does not indicate a theorem spanning the target weak-memory, CAS, fairness, Treiber, and progress dimensions."
"20260731T052500Z-pending-closest-union","bddb8c1df7380092cba1a9df363d60ce34e9f294e74d90c6abb9d073d8b90b1d","CG0108","doi:10.1145/2568225.2568309","A study and toolkit for asynchronous programming in c#","metadata","exclude-topic","","","","not-applicable","https://doi.org/10.1145/2568225.2568309","title and venue metadata","Codex-assisted triage; human confirmation pending","2026-07-31","pending","Title/venue metadata does not indicate a theorem spanning the target weak-memory, CAS, fairness, Treiber, and progress dimensions."
"20260731T052500Z-pending-closest-union","bddb8c1df7380092cba1a9df363d60ce34e9f294e74d90c6abb9d073d8b90b1d","CG0109","doi:10.1145/259380.259442","","full-text","linked-existing","S148","include-closest","PA66","yes","https://dl.acm.org/doi/pdf/10.1145/259380.259442","§1; Theorems 1 and 3; §5; 2001 correction","Codex-assisted triage; human confirmation pending","2026-07-31","pending","Promoted as S148/PA66. Moir obtains wait-freedom only under finitely many spurious failures per invocation, a direct primitive-progress precedent."
"20260731T052500Z-pending-closest-union","bddb8c1df7380092cba1a9df363d60ce34e9f294e74d90c6abb9d073d8b90b1d","CG0110","doi:10.1145/2610384.2610402","Verifying atomicity via data independence","full-text","exclude-topic","","","","yes","https://doi.org/10.1145/2610384.2610402","Abstract; model and main-result sections","Codex-assisted triage; human confirmation pending","2026-07-31","pending","Atomicity-reduction result rather than a positive concurrent-object progress theorem; no target weak-CAS fairness dimensions."
"20260731T052500Z-pending-closest-union","bddb8c1df7380092cba1a9df363d60ce34e9f294e74d90c6abb9d073d8b90b1d","CG0111","doi:10.1145/2627752","","full-text","linked-existing","S116","include-context","","yes","https://arxiv.org/pdf/1308.6810","§§2–7","Codex-assisted triage; human confirmation pending","2026-07-31","pending","Exact DOI duplicate of S116, foundational executable weak-memory work without CAS-result liveness or fairness."
"20260731T052500Z-pending-closest-union","bddb8c1df7380092cba1a9df363d60ce34e9f294e74d90c6abb9d073d8b90b1d","CG0114","doi:10.1145/2676726.2676995","","metadata","exclude-duplicate","","","","not-applicable","https://doi.org/10.1145/2676726.2676995","authoritative title, relation, and version metadata","Codex-assisted triage; human confirmation pending","2026-07-31","pending","Duplicate, corrupted-title alias, or separately represented version; retained through its canonical queue work or version family."
"20260731T052500Z-pending-closest-union","bddb8c1df7380092cba1a9df363d60ce34e9f294e74d90c6abb9d073d8b90b1d","CG0116","doi:10.1145/2786536.2786543","","metadata","exclude-topic","","","","not-applicable","https://doi.org/10.1145/2786536.2786543","authoritative identity, date, title, and venue metadata","Codex-assisted triage; human confirmation pending","2026-07-31","pending","Resolved cutoff-eligible identity is outside the target conjunction or contributes only generic safety, semantics, performance, or unrelated theory."
"20260731T052500Z-pending-closest-union","bddb8c1df7380092cba1a9df363d60ce34e9f294e74d90c6abb9d073d8b90b1d","CG0117","doi:10.1145/2837614.2837615","Modelling the ARMv8 architecture, operationally: concurrency and ISA","full-text","linked-existing","S132","include-context","","yes","https://research-repository.st-andrews.ac.uk/bitstream/handle/10023/8431/top.pdf?isAllowed=y&sequence=1","§§1 and 9–14; Theorems 1–2","Codex-assisted triage; human confirmation pending","2026-07-31","pending","Promoted as S132. ARMv8 architecture semantics and finite exploration have no Treiber/CAS response theorem."
"20260731T052500Z-pending-closest-union","bddb8c1df7380092cba1a9df363d60ce34e9f294e74d90c6abb9d073d8b90b1d","CG0119","doi:10.1145/3009837.3009850","A promising semantics for relaxed-memory concurrency","full-text","linked-existing","S133","include-adjacent","","yes","https://sf.snu.ac.kr/promise-concurrency/publications/promising.pdf","§§1–6; Theorems 1–5; liveness paragraph §6","Codex-assisted triage; human confirmation pending","2026-07-31","pending","Promoted as S133. Coq-backed relaxed-memory safety metatheory explicitly leaves liveness guarantees to future work."
"20260731T052500Z-pending-closest-union","bddb8c1df7380092cba1a9df363d60ce34e9f294e74d90c6abb9d073d8b90b1d","CG0120","doi:10.1145/3009837.3009855","Interactive proofs in higher-order concurrent separation logic","full-text","exclude-topic","","","","partial","https://cs.au.dk/~timany/publications/pub_pages/2017_popl_ipm/","Official publication page and paper scope","Codex-assisted triage; human confirmation pending","2026-07-31","pending","Iris proof-mode proof engineering has no target weak-memory or liveness result."
"20260731T052500Z-pending-closest-union","bddb8c1df7380092cba1a9df363d60ce34e9f294e74d90c6abb9d073d8b90b1d","CG0121","doi:10.1145/3016078.2851168","","metadata","exclude-duplicate","","","","not-applicable","https://doi.org/10.1145/3016078.2851168","authoritative title, relation, and version metadata","Codex-assisted triage; human confirmation pending","2026-07-31","pending","Duplicate, corrupted-title alias, or separately represented version; retained through its canonical queue work or version family."
"20260731T052500Z-pending-closest-union","bddb8c1df7380092cba1a9df363d60ce34e9f294e74d90c6abb9d073d8b90b1d","CG0125","doi:10.1145/3087801.3087837","Randomized Abortable Mutual Exclusion with Constant Amortized RMR Complexity on the CC Model","full-text","linked-existing","S165","include-adjacent","","yes","https://hal.inria.fr/hal-01635734/file/podc2017mutex.pdf","Model, algorithm, and main progress/RMR theorems","Codex-assisted triage; human confirmation pending","2026-07-31","pending","Promoted as S165: randomized abortable-mutual-exclusion progress and RMR theory, outside the target object and memory model."
"20260731T052500Z-pending-closest-union","bddb8c1df7380092cba1a9df363d60ce34e9f294e74d90c6abb9d073d8b90b1d","CG0127","doi:10.1145/3158119","Data-centric dynamic partial order reduction","metadata","exclude-topic","","","","not-applicable","https://doi.org/10.1145/3158119","title and venue metadata","Codex-assisted triage; human confirmation pending","2026-07-31","pending","Title/venue metadata does not indicate a theorem spanning the target weak-memory, CAS, fairness, Treiber, and progress dimensions."
"20260731T052500Z-pending-closest-union","bddb8c1df7380092cba1a9df363d60ce34e9f294e74d90c6abb9d073d8b90b1d","CG0128","doi:10.1145/3158154","RustBelt: securing the foundations of the rust programming language","full-text","linked-existing","S149","include-adjacent","","yes","https://jhjourdan.mketjh.fr/pdf/jourdan2018rustbelt.pdf","§3.2; §7 Theorems 7.1–7.2; §8","Codex-assisted triage; human confirmation pending","2026-07-31","pending","Promoted as S149. Kernel-checked Rust safety uses SC exact atomics and proves no progress."
"20260731T052500Z-pending-closest-union","bddb8c1df7380092cba1a9df363d60ce34e9f294e74d90c6abb9d073d8b90b1d","CG0129","doi:10.1145/3173162.3177156","Frightening Small Children and Disconcerting Grown-ups: Concurrency in the Linux Kernel","full-text","linked-existing","S150","include-adjacent","","yes","https://discovery.ucl.ac.uk/id/eprint/10070727/1/asplos18.pdf","§§2–4 and 6; Theorems 1–2; appendices","Codex-assisted triage; human confirmation pending","2026-07-31","pending","Promoted as S150. LKMM executable semantics and safety proofs contain no Treiber/CAS response or fairness theorem."
"20260731T052500Z-pending-closest-union","bddb8c1df7380092cba1a9df363d60ce34e9f294e74d90c6abb9d073d8b90b1d","CG0131","doi:10.1145/3212734.3212759","Deterministic Abortable Mutual Exclusion with Sublogarithmic Adaptive RMR Complexity","full-text","linked-existing","S166","include-adjacent","","yes","https://www.cs.tau.ac.il/~mad/publications/podc2018-mutex.pdf","Model, algorithm, and main progress/RMR theorems","Codex-assisted triage; human confirmation pending","2026-07-31","pending","Promoted as S166: deterministic abortable-mutual-exclusion progress and RMR theory, outside the target object and memory model."
"20260731T052500Z-pending-closest-union","bddb8c1df7380092cba1a9df363d60ce34e9f294e74d90c6abb9d073d8b90b1d","CG0134","doi:10.1145/3290383","Grounding thin-air reads with event structures","full-text","linked-existing","S134","include-adjacent","","yes","https://plv.mpi-sws.org/weakest/paper.pdf","§2 CAS/update semantics; Theorems 1–8; §8","Codex-assisted triage; human confirmation pending","2026-07-31","pending","Promoted as S134. Weakestmo CAS-result safety semantics has no object liveness/fairness theorem or proof-assistant certificate."
"20260731T052500Z-pending-closest-union","bddb8c1df7380092cba1a9df363d60ce34e9f294e74d90c6abb9d073d8b90b1d","CG0136","doi:10.1145/3332466.3374503","Testing concurrency on the JVM with lincheck","metadata","exclude-duplicate","","","","not-applicable","https://doi.org/10.1145/3332466.3374503","title and provider-identity screen","Codex-assisted triage; human confirmation pending","2026-07-31","pending","Duplicate, version, or probable alias of queue candidate CG0030; retained through the canonical candidate rather than counted twice."
"20260731T052500Z-pending-closest-union","bddb8c1df7380092cba1a9df363d60ce34e9f294e74d90c6abb9d073d8b90b1d","CG0142","doi:10.1145/3385412.3386029","Verifying concurrent search structure templates","full-text","exclude-topic","","","","yes","https://doi.org/10.1145/3385412.3386029","Abstract; model and main-result sections","Codex-assisted triage; human confirmation pending","2026-07-31","pending","Concurrent-search-template safety verification; no target Treiber progress, weak-CAS justice, or all-spurious separation theorem."
"20260731T052500Z-pending-closest-union","bddb8c1df7380092cba1a9df363d60ce34e9f294e74d90c6abb9d073d8b90b1d","CG0152","doi:10.1145/355592.365595","","metadata","exclude-topic","","","","not-applicable","https://doi.org/10.1145/355592.365595","authoritative identity, date, title, and venue metadata","Codex-assisted triage; human confirmation pending","2026-07-31","pending","Resolved cutoff-eligible identity is outside the target conjunction or contributes only generic safety, semantics, performance, or unrelated theory."
"20260731T052500Z-pending-closest-union","bddb8c1df7380092cba1a9df363d60ce34e9f294e74d90c6abb9d073d8b90b1d","CG0153","doi:10.1145/3563292","CAAT: consistency as a theory","full-text","linked-existing","S135","include-closest","PA60","yes","https://hernanponcedeleon.github.io/pdfs/oopsla2022.pdf","§§1–2; Theorems 3.4, 4.1–4.6, and 5.1; §7 Treiber evaluation","Codex-assisted triage; human confirmation pending","2026-07-31","pending","Promoted as S135/PA60. Direct bounded Treiber checking under RC11 and hardware models uses exact RMW and has no weak-CAS justice or progress theorem."
"20260731T052500Z-pending-closest-union","bddb8c1df7380092cba1a9df363d60ce34e9f294e74d90c6abb9d073d8b90b1d","CG0157","doi:10.1145/3572848.3577481","Fast and Scalable Channels in Kotlin Coroutines","full-text","linked-existing","S167","include-adjacent","","yes","https://arxiv.org/pdf/2211.04986","Algorithm, correctness, progress, and evaluation sections","Codex-assisted triage; human confirmation pending","2026-07-31","pending","Promoted as S167: Kotlin/JVM channel progress under exact atomic primitives; no C11/RC11 Treiber or weak-CAS justice result."
"20260731T052500Z-pending-closest-union","bddb8c1df7380092cba1a9df363d60ce34e9f294e74d90c6abb9d073d8b90b1d","CG0161","doi:10.1145/359138.359142","","metadata","exclude-topic","","","","not-applicable","https://doi.org/10.1145/359138.359142","authoritative identity, date, title, and venue metadata","Codex-assisted triage; human confirmation pending","2026-07-31","pending","Resolved cutoff-eligible identity is outside the target conjunction or contributes only generic safety, semantics, performance, or unrelated theory."
"20260731T052500Z-pending-closest-union","bddb8c1df7380092cba1a9df363d60ce34e9f294e74d90c6abb9d073d8b90b1d","CG0162","doi:10.1145/3597503.3639099","Optimistic Prediction of Synchronization-Reversal Data Races","metadata","exclude-topic","","","","not-applicable","https://doi.org/10.1145/3597503.3639099","title and venue metadata","Codex-assisted triage; human confirmation pending","2026-07-31","pending","Title/venue metadata does not indicate a theorem spanning the target weak-memory, CAS, fairness, Treiber, and progress dimensions."
"20260731T052500Z-pending-closest-union","bddb8c1df7380092cba1a9df363d60ce34e9f294e74d90c6abb9d073d8b90b1d","CG0163","doi:10.1145/3620665.3640389","Greybox Fuzzing for Concurrency Testing","metadata","exclude-topic","","","","not-applicable","https://doi.org/10.1145/3620665.3640389","title and venue metadata","Codex-assisted triage; human confirmation pending","2026-07-31","pending","Title/venue metadata does not indicate a theorem spanning the target weak-memory, CAS, fairness, Treiber, and progress dimensions."
"20260731T052500Z-pending-closest-union","bddb8c1df7380092cba1a9df363d60ce34e9f294e74d90c6abb9d073d8b90b1d","CG0164","doi:10.1145/3622855","Static Analysis of Memory Models for SMT Encodings","full-text","linked-existing","S151","include-closest","PA67","yes","https://hernanponcedeleon.github.io/pdfs/oopsla2023.pdf","§6 pp. 24–25","Codex-assisted triage; human confirmation pending","2026-07-31","pending","Promoted as S151/PA67. Bounded C11 Treiber safety/liveness checking under ARMv8/RISC-V; loops and threads are finitely bounded and CAS is exact."
"20260731T052500Z-pending-closest-union","bddb8c1df7380092cba1a9df363d60ce34e9f294e74d90c6abb9d073d8b90b1d","CG0165","doi:10.1145/3650212.3685301","Testing Concurrent Algorithms on JVM with Lincheck and IntelliJ IDEA","metadata","exclude-duplicate","","","","not-applicable","https://doi.org/10.1145/3650212.3685301","title and provider-identity screen","Codex-assisted triage; human confirmation pending","2026-07-31","pending","Duplicate, version, or probable alias of queue candidate CG0030; retained through the canonical candidate rather than counted twice."
"20260731T052500Z-pending-closest-union","bddb8c1df7380092cba1a9df363d60ce34e9f294e74d90c6abb9d073d8b90b1d","CG0166","doi:10.1145/365559.365617","Solution of a problem in concurrent programming control","full-text","exclude-topic","","","","yes","https://doi.org/10.1145/365559.365617","Entire one-page note","Codex-assisted triage; human confirmation pending","2026-07-31","pending","Historical blocking mutual exclusion predates CAS and modern weak memory; outside target scope."
"20260731T052500Z-pending-closest-union","bddb8c1df7380092cba1a9df363d60ce34e9f294e74d90c6abb9d073d8b90b1d","CG0167","doi:10.1145/366663.366704","Design of a separable transition-diagram compiler","metadata","exclude-topic","","","","not-applicable","https://doi.org/10.1145/366663.366704","title and venue metadata","Codex-assisted triage; human confirmation pending","2026-07-31","pending","Title/venue metadata does not indicate a theorem spanning the target weak-memory, CAS, fairness, Treiber, and progress dimensions."
"20260731T052500Z-pending-closest-union","bddb8c1df7380092cba1a9df363d60ce34e9f294e74d90c6abb9d073d8b90b1d","CG0168","doi:10.1145/3669940.3707214","Selectively Uniform Concurrency Testing","metadata","exclude-topic","","","","not-applicable","https://doi.org/10.1145/3669940.3707214","title and venue metadata","Codex-assisted triage; human confirmation pending","2026-07-31","pending","Title/venue metadata does not indicate a theorem spanning the target weak-memory, CAS, fairness, Treiber, and progress dimensions."
"20260731T052500Z-pending-closest-union","bddb8c1df7380092cba1a9df363d60ce34e9f294e74d90c6abb9d073d8b90b1d","CG0169","doi:10.1145/3669940.3707269","","metadata","exclude-topic","","","","not-applicable","https://doi.org/10.1145/3669940.3707269","authoritative identity, date, title, and venue metadata","Codex-assisted triage; human confirmation pending","2026-07-31","pending","Resolved cutoff-eligible identity is outside the target conjunction or contributes only generic safety, semantics, performance, or unrelated theory."
"20260731T052500Z-pending-closest-union","bddb8c1df7380092cba1a9df363d60ce34e9f294e74d90c6abb9d073d8b90b1d","CG0170","doi:10.1145/3694715.3695944","OZZ: Identifying Kernel Out-of-Order Concurrency Bugs with In-Vivo Memory Access Reordering","metadata","exclude-duplicate","","","","not-applicable","https://doi.org/10.1145/3694715.3695944","title and provider-identity screen","Codex-assisted triage; human confirmation pending","2026-07-31","pending","Duplicate, version, or probable alias of queue candidate CG0183; retained through the canonical candidate rather than counted twice."
"20260731T052500Z-pending-closest-union","bddb8c1df7380092cba1a9df363d60ce34e9f294e74d90c6abb9d073d8b90b1d","CG0171","doi:10.1145/3695053.3731102","Precise exceptions in relaxed architectures","full-text","exclude-topic","","","","yes","https://www.cl.cam.ac.uk/~jp622/exceptions.pdf","Abstract and §§2–5","Codex-assisted triage; human confirmation pending","2026-07-31","pending","Arm precise-exception semantics has no concurrent-object progress content."
"20260731T052500Z-pending-closest-union","bddb8c1df7380092cba1a9df363d60ce34e9f294e74d90c6abb9d073d8b90b1d","CG0175","doi:10.1145/3776643","The Complexity of Testing Message-Passing Concurrency","metadata","exclude-topic","","","","not-applicable","https://doi.org/10.1145/3776643","title and venue metadata","Codex-assisted triage; human confirmation pending","2026-07-31","pending","Title/venue metadata does not indicate a theorem spanning the target weak-memory, CAS, fairness, Treiber, and progress dimensions."
"20260731T052500Z-pending-closest-union","bddb8c1df7380092cba1a9df363d60ce34e9f294e74d90c6abb9d073d8b90b1d","CG0178","doi:10.1145/3776723","Counting and Sampling Traces in Regular Languages","metadata","exclude-topic","","","","not-applicable","https://doi.org/10.1145/3776723","title and venue metadata","Codex-assisted triage; human confirmation pending","2026-07-31","pending","Title/venue metadata does not indicate a theorem spanning the target weak-memory, CAS, fairness, Treiber, and progress dimensions."
"20260731T052500Z-pending-closest-union","bddb8c1df7380092cba1a9df363d60ce34e9f294e74d90c6abb9d073d8b90b1d","CG0180","doi:10.1145/3789260","Rust Meets Linux: Lessons from an Evolving Experiment","metadata","exclude-topic","","","","not-applicable","https://doi.org/10.1145/3789260","title and venue metadata","Codex-assisted triage; human confirmation pending","2026-07-31","pending","Title/venue metadata does not indicate a theorem spanning the target weak-memory, CAS, fairness, Treiber, and progress dimensions."
"20260731T052500Z-pending-closest-union","bddb8c1df7380092cba1a9df363d60ce34e9f294e74d90c6abb9d073d8b90b1d","CG0183","doi:10.1145/3821428","OZZ: Identifying Kernel Out-of-Order Concurrency Bugs with In-Vivo Memory Access Reordering","full-text","exclude-topic","","","","yes","https://lifeasageek.github.io/papers/ozz.pdf","Abstract and §§3–6","Codex-assisted triage; human confirmation pending","2026-07-31","pending","Runtime fuzzing of memory-reordering and kernel bugs provides no object theorem, CAS semantics, fairness, or proof."
"20260731T052500Z-pending-closest-union","bddb8c1df7380092cba1a9df363d60ce34e9f294e74d90c6abb9d073d8b90b1d","CG0184","doi:10.1145/503502.503505","","metadata","exclude-topic","","","","not-applicable","https://doi.org/10.1145/503502.503505","authoritative identity, date, title, and venue metadata","Codex-assisted triage; human confirmation pending","2026-07-31","pending","Resolved cutoff-eligible identity is outside the target conjunction or contributes only generic safety, semantics, performance, or unrelated theory."
"20260731T052500Z-pending-closest-union","bddb8c1df7380092cba1a9df363d60ce34e9f294e74d90c6abb9d073d8b90b1d","CG0185","doi:10.1145/777412.777468","","full-text","linked-existing","S152","include-closest","PA68","yes","https://people.csail.mit.edu/shanir/publications/Nonblocking%20k-compare.pdf","§§1.1 and 2.1–2.4; Appendix A Lemmas 1–14","Codex-assisted triage; human confirmation pending","2026-07-31","pending","Promoted as S152/PA68. Conservative SC failure after interference and solo-progress are direct neighbors, but no genuine weak-CAS justice or fairness theorem."
"20260731T052500Z-pending-closest-union","bddb8c1df7380092cba1a9df363d60ce34e9f294e74d90c6abb9d073d8b90b1d","CG0186","doi:10.1145/872035.872079","Adaptive and efficient abortable mutual exclusion","metadata","include-adjacent","","","","partial","https://www.cs.dartmouth.edu/~prasad/publications.html","Author bibliography, ACM/DBLP metadata, and official abstract; exact proceedings text access-limited","Codex-assisted triage; human confirmation pending","2026-07-31","pending","Conservatively retained as adjacent classical progress/complexity evidence for abortable mutual exclusion. Its object and model differ from the target; it is not used for an inaccessible-page absence claim or a novelty conclusion."
"20260731T052500Z-pending-closest-union","bddb8c1df7380092cba1a9df363d60ce34e9f294e74d90c6abb9d073d8b90b1d","CG0187","doi:10.13109/prkk.2018.67.6.587","[Authors].","metadata","exclude-topic","","","","not-applicable","https://doi.org/10.13109/prkk.2018.67.6.587","title and venue metadata","Codex-assisted triage; human confirmation pending","2026-07-31","pending","Title/venue metadata does not indicate a theorem spanning the target weak-memory, CAS, fairness, Treiber, and progress dimensions."
"20260731T052500Z-pending-closest-union","bddb8c1df7380092cba1a9df363d60ce34e9f294e74d90c6abb9d073d8b90b1d","CG0188","doi:10.2168/lmcs-7(2:17)2011","","metadata","exclude-topic","","","","not-applicable","https://doi.org/10.2168/lmcs-7(2:17)2011","authoritative identity, date, title, and venue metadata","Codex-assisted triage; human confirmation pending","2026-07-31","pending","Resolved cutoff-eligible identity is outside the target conjunction or contributes only generic safety, semantics, performance, or unrelated theory."
"20260731T052500Z-pending-closest-union","bddb8c1df7380092cba1a9df363d60ce34e9f294e74d90c6abb9d073d8b90b1d","CG0189","doi:10.26180/5db106c787d35","Automatic Inference of Symbolic Permissions for Single-threaded Java Programs","metadata","exclude-topic","","","","not-applicable","https://doi.org/10.26180/5db106c787d35","title and venue metadata","Codex-assisted triage; human confirmation pending","2026-07-31","pending","Title/venue metadata does not indicate a theorem spanning the target weak-memory, CAS, fairness, Treiber, and progress dimensions."
"20260731T052500Z-pending-closest-union","bddb8c1df7380092cba1a9df363d60ce34e9f294e74d90c6abb9d073d8b90b1d","CG0191","doi:10.34727/2021/isbn.978-3-85448-046-4_25","Dynamic Partial Order Reductions for Spinloops","full-text","linked-existing","S103","include-closest","PA55","yes","https://people.inf.ethz.ch/mkokologiann/papers/fmcad2021-saver.pdf","§III Figure 4; §§VII–VIII; Table I","Codex-assisted triage; human confirmation pending","2026-07-31","pending","RC11/IMM Treiber benchmark and safety reduction; paper explicitly says liveness requires fairness."
"20260731T052500Z-pending-closest-union","bddb8c1df7380092cba1a9df363d60ce34e9f294e74d90c6abb9d073d8b90b1d","CG0192","doi:10.34727/2023/isbn.978-3-85448-060-0_16","Optimal Bounded Partial Order Reduction","metadata","exclude-topic","","","","not-applicable","https://doi.org/10.34727/2023/isbn.978-3-85448-060-0_16","title and venue metadata","Codex-assisted triage; human confirmation pending","2026-07-31","pending","Title/venue metadata does not indicate a theorem spanning the target weak-memory, CAS, fairness, Treiber, and progress dimensions."
"20260731T052500Z-pending-closest-union","bddb8c1df7380092cba1a9df363d60ce34e9f294e74d90c6abb9d073d8b90b1d","CG0193","doi:10.38124/ijisrt/25aug324","","metadata","exclude-topic","","","","not-applicable","https://doi.org/10.38124/ijisrt/25aug324","authoritative identity, date, title, and venue metadata","Codex-assisted triage; human confirmation pending","2026-07-31","pending","Resolved cutoff-eligible identity is outside the target conjunction or contributes only generic safety, semantics, performance, or unrelated theory."
"20260731T052500Z-pending-closest-union","bddb8c1df7380092cba1a9df363d60ce34e9f294e74d90c6abb9d073d8b90b1d","CG0194","doi:10.4204/eptcs.153.8","","metadata","exclude-topic","","","","not-applicable","https://doi.org/10.4204/eptcs.153.8","authoritative identity, date, title, and venue metadata","Codex-assisted triage; human confirmation pending","2026-07-31","pending","Resolved cutoff-eligible identity is outside the target conjunction or contributes only generic safety, semantics, performance, or unrelated theory."
"20260731T052500Z-pending-closest-union","bddb8c1df7380092cba1a9df363d60ce34e9f294e74d90c6abb9d073d8b90b1d","CG0196","doi:10.4230/lipics.ecoop.2018.3","Theory and Practice of Coroutines with Snapshots","metadata","exclude-topic","","","","not-applicable","https://doi.org/10.4230/lipics.ecoop.2018.3","title and venue metadata","Codex-assisted triage; human confirmation pending","2026-07-31","pending","Title/venue metadata does not indicate a theorem spanning the target weak-memory, CAS, fairness, Treiber, and progress dimensions."
"20260731T052500Z-pending-closest-union","bddb8c1df7380092cba1a9df363d60ce34e9f294e74d90c6abb9d073d8b90b1d","CG0197","doi:10.4230/lipics.ecoop.2019.19","Transferring Obligations Through Synchronizations","full-text","linked-existing","S104","include-adjacent","","yes","https://drops.dagstuhl.de/storage/00lipics/lipics-vol134-ecoop2019/LIPIcs.ECOOP.2019.19/LIPIcs.ECOOP.2019.19.pdf","§§2.3 and 3.3–5","Codex-assisted triage; human confirmation pending","2026-07-31","pending","Obligation-transfer/deadlock work whose fair mutex assumes fair monitor primitives/FIFO, not weak-CAS justice."
"20260731T052500Z-pending-closest-union","bddb8c1df7380092cba1a9df363d60ce34e9f294e74d90c6abb9d073d8b90b1d","CG0198","doi:10.5381/jot.2006.5.5.a3","","metadata","exclude-topic","","","","not-applicable","https://doi.org/10.5381/jot.2006.5.5.a3","authoritative identity, date, title, and venue metadata","Codex-assisted triage; human confirmation pending","2026-07-31","pending","Resolved cutoff-eligible identity is outside the target conjunction or contributes only generic safety, semantics, performance, or unrelated theory."
"20260731T052500Z-pending-closest-union","bddb8c1df7380092cba1a9df363d60ce34e9f294e74d90c6abb9d073d8b90b1d","CG0199","s2:04c457456b9332562b83faa356503b54a92719c7","Testing for C # Programs with Coyote","metadata","exclude-topic","","","","not-applicable","","title and venue metadata","Codex-assisted triage; human confirmation pending","2026-07-31","pending","Title/venue metadata does not indicate a theorem spanning the target weak-memory, CAS, fairness, Treiber, and progress dimensions."
"20260731T052500Z-pending-closest-union","bddb8c1df7380092cba1a9df363d60ce34e9f294e74d90c6abb9d073d8b90b1d","CG0200","s2:0606341a32e29c4e70333d4af68aabb02518d9b8","An Empirical Study of Rust-for-Linux: The Success, Dissatisfaction, and Compromise","metadata","exclude-topic","","","","not-applicable","","title and venue metadata","Codex-assisted triage; human confirmation pending","2026-07-31","pending","Title/venue metadata does not indicate a theorem spanning the target weak-memory, CAS, fairness, Treiber, and progress dimensions."
"20260731T052500Z-pending-closest-union","bddb8c1df7380092cba1a9df363d60ce34e9f294e74d90c6abb9d073d8b90b1d","CG0201","s2:066d0aac0185aac3a420a927423100e6305df256","Analysis of synchronization errors for multithreaded programs","full-text","linked-existing","S95","include-adjacent","","yes","https://www.cs.ucf.edu/~lwang/papers/Liqiang-Wang-Dissertation.pdf","Chapter 8 §§8.1–8.7; Appendix B","Codex-assisted triage; human confirmation pending","2026-07-31","pending","Dissertation version linked to S95 atomicity lineage; SC exact LL/SC/CAS safety only, with no target progress theorem."
"20260731T052500Z-pending-closest-union","bddb8c1df7380092cba1a9df363d60ce34e9f294e74d90c6abb9d073d8b90b1d","CG0202","s2:1923583f73eddea0b5c4b554edce4cba66cdd62d","Order Reduction","metadata","exclude-duplicate","","","","not-applicable","","authoritative title, relation, and version metadata","Codex-assisted triage; human confirmation pending","2026-07-31","pending","Duplicate, corrupted-title alias, or separately represented version; retained through its canonical queue work or version family."
"20260731T052500Z-pending-closest-union","bddb8c1df7380092cba1a9df363d60ce34e9f294e74d90c6abb9d073d8b90b1d","CG0205","s2:3a68704a06d5fafc9101bac8a57f185239d16003","Verifying a concurrent data-structure from the Dartino Framework in Iris","full-text","linked-existing","S153","include-adjacent","","yes","https://iris-project.org/pdfs/2017-case-study-verifying-dartino-framework.pdf","§§1–2.1; §4 and Table 1; §4.4; §6","Codex-assisted triage; human confirmation pending","2026-07-31","pending","Promoted as S153. Coq/Iris exact-CAS scheduler-queue refinement has no progress, fairness, or weak-memory result."
"20260731T052500Z-pending-closest-union","bddb8c1df7380092cba1a9df363d60ce34e9f294e74d90c6abb9d073d8b90b1d","CG0206","s2:5504cfba3baba433174af34b86a8537b5a6042ae","Memory model sensitive analysis of concurrent data types","full-text","linked-existing","S105","include-version-audit","","yes","https://www.cis.upenn.edu/~alur/burckhardt.pdf","§§1.2.2, 3.4.1, 6.2.3, and 6.3; Figure 8.1; Chapter 9","Codex-assisted triage; human confirmation pending","2026-07-31","pending","Dissertation expansion of CheckFence; bounded safety with exact CAS and no liveness result."
"20260731T052500Z-pending-closest-union","bddb8c1df7380092cba1a9df363d60ce34e9f294e74d90c6abb9d073d8b90b1d","CG0207","s2:5fea43b959fd5b5a76dc09ea890ba0b4270f79e3","The sparc architecture manual","metadata","exclude-secondary","","","","not-applicable","","title and venue metadata","Codex-assisted triage; human confirmation pending","2026-07-31","pending","Secondary, tutorial, manual, or overview title with no independent theorem requiring full-text promotion."
"20260731T052500Z-pending-closest-union","bddb8c1df7380092cba1a9df363d60ce34e9f294e74d90c6abb9d073d8b90b1d","CG0212","s2:9294104611616d8c50be96a4416b599cd6f5441f","RMR-Efficient Randomized Abortable Mutual Exclusion","full-text","linked-existing","S168","include-adjacent","","yes","https://arxiv.org/pdf/1208.1723","Model, algorithm, and main progress/RMR theorems","Codex-assisted triage; human confirmation pending","2026-07-31","pending","Promoted as S168: randomized abortable-mutual-exclusion progress and RMR theory, outside the target conjunction."
"20260731T052500Z-pending-closest-union","bddb8c1df7380092cba1a9df363d60ce34e9f294e74d90c6abb9d073d8b90b1d","CG0216","s2:c9bec79b1b3f10f9d80dc5a3aca94cf2c7e5584e","Additional comments on a problem in concurrent programming control","metadata","exclude-topic","","","","not-applicable","","title and venue metadata","Codex-assisted triage; human confirmation pending","2026-07-31","pending","Title/venue metadata does not indicate a theorem spanning the target weak-memory, CAS, fairness, Treiber, and progress dimensions."
"20260731T052500Z-pending-closest-union","bddb8c1df7380092cba1a9df363d60ce34e9f294e74d90c6abb9d073d8b90b1d","CG0220","s2:d894a5a09e0217d6961e8d3648df48f30f542dd4","Coroutines and Networks of Parallel Processes","metadata","exclude-topic","","","","not-applicable","","title and venue metadata","Codex-assisted triage; human confirmation pending","2026-07-31","pending","Title/venue metadata does not indicate a theorem spanning the target weak-memory, CAS, fairness, Treiber, and progress dimensions."
"20260731T052500Z-pending-closest-union","bddb8c1df7380092cba1a9df363d60ce34e9f294e74d90c6abb9d073d8b90b1d","CG0223","s2:e3829e2e4096fdce8051ef428dba05baeee9822b","This paper is included in the Proceedings of the 17th USENIX Symposium on Operating Systems Design and Implementation.","metadata","exclude-duplicate","","","","not-applicable","","authoritative title, relation, and version metadata","Codex-assisted triage; human confirmation pending","2026-07-31","pending","Duplicate, corrupted-title alias, or separately represented version; retained through its canonical queue work or version family."
"20260731T052500Z-pending-closest-union","bddb8c1df7380092cba1a9df363d60ce34e9f294e74d90c6abb9d073d8b90b1d","CG0224","s2:f68a1814799628d3ecbb2e46746d9c28ebe2c069","Finding and Reproducing Heisenbugs in Concurrent Programs","metadata","exclude-topic","","","","not-applicable","","title and venue metadata","Codex-assisted triage; human confirmation pending","2026-07-31","pending","Title/venue metadata does not indicate a theorem spanning the target weak-memory, CAS, fairness, Treiber, and progress dimensions."
"20260731T052500Z-pending-closest-union","bddb8c1df7380092cba1a9df363d60ce34e9f294e74d90c6abb9d073d8b90b1d","CG0226","s2:fdfb5caf6102324e8e727805a786a7654512c3f0","The SPARC architecture manual : version 9","metadata","exclude-secondary","","","","not-applicable","","title and venue metadata","Codex-assisted triage; human confirmation pending","2026-07-31","pending","Secondary, tutorial, manual, or overview title with no independent theorem requiring full-text promotion."
"20260731T052500Z-pending-closest-union","bddb8c1df7380092cba1a9df363d60ce34e9f294e74d90c6abb9d073d8b90b1d","CG0228","unknown:semanticscholar:cs040:references:0:37","Automatically generated litmus tests for validation LISA-language Linux-kernel memory models(2021)","metadata","exclude-secondary","","","","not-applicable","https://github.com/paulmckrcu/litmus","Repository inventory","Codex-assisted triage; human confirmation pending","2026-07-31","pending","Malformed repository-only candidate without an independent theorem-bearing publication; substantive lineage is covered by Herding Cats and LKMM sources."
"20260731T052500Z-pending-closest-union","bddb8c1df7380092cba1a9df363d60ce34e9f294e74d90c6abb9d073d8b90b1d","CG0230","unknown:semanticscholar:cs040:references:0:40","lli - directly execute programs from LLVM bitcode","metadata","exclude-secondary","","","","not-applicable","","title and venue metadata","Codex-assisted triage; human confirmation pending","2026-07-31","pending","Secondary, tutorial, manual, or overview title with no independent theorem requiring full-text promotion."
"20260731T052500Z-pending-closest-union","bddb8c1df7380092cba1a9df363d60ce34e9f294e74d90c6abb9d073d8b90b1d","CG0231","unknown:semanticscholar:cs040:references:0:44","The tool should implement a state-of-the-art SMC algorithm and incorporate further optimizations for common programming patterns","metadata","exclude-topic","","","","not-applicable","","provider relation resolved against the GenMC source/reference list","Codex-assisted triage; human confirmation pending","2026-07-31","pending","Provider parser false-positive or non-paper software issue; this row is not an independent scholarly work with a target theorem."
"20260731T052500Z-pending-closest-union","bddb8c1df7380092cba1a9df363d60ce34e9f294e74d90c6abb9d073d8b90b1d","CG0232","unknown:semanticscholar:cs040:references:0:45","No-Thin-Air:","metadata","exclude-topic","","","","not-applicable","","provider relation resolved against the GenMC source/reference list","Codex-assisted triage; human confirmation pending","2026-07-31","pending","Provider parser false-positive or non-paper software issue; this row is not an independent scholarly work with a target theorem."
"20260731T052500Z-pending-closest-union","bddb8c1df7380092cba1a9df363d60ce34e9f294e74d90c6abb9d073d8b90b1d","CG0233","unknown:semanticscholar:cs040:references:0:46","Usability: The tool should provide useful and readable error messages","metadata","exclude-topic","","","","not-applicable","","provider relation resolved against the GenMC source/reference list","Codex-assisted triage; human confirmation pending","2026-07-31","pending","Provider parser false-positive or non-paper software issue; this row is not an independent scholarly work with a target theorem."
"20260731T052500Z-pending-closest-union","bddb8c1df7380092cba1a9df363d60ce34e9f294e74d90c6abb9d073d8b90b1d","CG0234","unknown:semanticscholar:cs040:references:0:47","Crossbeam","metadata","exclude-topic","","","","not-applicable","","provider relation resolved against the GenMC source/reference list","Codex-assisted triage; human confirmation pending","2026-07-31","pending","Provider parser false-positive or non-paper software issue; this row is not an independent scholarly work with a target theorem."
"20260731T052500Z-pending-closest-union","bddb8c1df7380092cba1a9df363d60ce34e9f294e74d90c6abb9d073d8b90b1d","CG0236","unknown:semanticscholar:cs040:references:0:49","Preﬁx-Closedness","metadata","exclude-topic","","","","not-applicable","","provider relation resolved against the GenMC source/reference list","Codex-assisted triage; human confirmation pending","2026-07-31","pending","Provider parser false-positive or non-paper software issue; this row is not an independent scholarly work with a target theorem."
"20260731T052500Z-pending-closest-union","bddb8c1df7380092cba1a9df363d60ce34e9f294e74d90c6abb9d073d8b90b1d","CG0159","doi:10.1145/3591230","CQS: A Formally-Verified Framework for Fair and Abortable Synchronization","full-text","linked-existing","S67","include-closest","PA48","yes","https://arxiv.org/pdf/2111.12682","§2 p. 3; §§5.1–5.2 pp. 14–16; Appendix D pp. 42–45; Appendix F.4 pp. 51–53; artifact 970ef8c formal-proofs inventory","Codex-assisted triage; human confirmation pending","2026-07-31","pending","Queue seed identity links exactly to canonical S67; no separate screening record is required."
"20260731T052500Z-pending-closest-union","bddb8c1df7380092cba1a9df363d60ce34e9f294e74d90c6abb9d073d8b90b1d","CG0022","doi:10.1007/978-3-030-81685-8_20","GenMC: A Model Checker for Weak Memory Models","full-text","linked-existing","S70","include-closest","PA49","yes","https://people.inf.ethz.ch/mkokologiann/papers/cav2021-genmc.pdf","§§1–2 pp. 1–4; §6 pp. 7–9; conclusion; v0.6 include/atomic, src/Execution.cpp, and tests/correct/data-structures/treiber-stack","Codex-assisted triage; human confirmation pending","2026-07-31","pending","Queue seed identity links exactly to canonical S70; no separate screening record is required."
"20260731T052500Z-pending-closest-union","bddb8c1df7380092cba1a9df363d60ce34e9f294e74d90c6abb9d073d8b90b1d","CG0043","doi:10.1007/978-3-540-27813-9_4","A Formal Reduction for Lock-Free Parallel Algorithms","full-text","linked-existing","S76","include-closest","PA50","yes","https://pure.rug.nl/ws/files/2980544/2004LNCSGao.pdf","Abstract and §1 pp. 44–46; §2 pp. 46–47; Theorems 3–4 §4 pp. 50–51; post-Theorem-4 liveness premise p. 51; conclusion pp. 55–56","Codex-assisted triage; human confirmation pending","2026-07-31","pending","Queue seed identity links exactly to canonical S76; no separate screening record is required."
"20260731T052500Z-pending-closest-union","bddb8c1df7380092cba1a9df363d60ce34e9f294e74d90c6abb9d073d8b90b1d","CG0130","doi:10.1145/3210258","Modular Termination Verification of Single-Threaded and Multithreaded Programs","full-text","linked-existing","S78","include-closest","PA51","yes","https://lirias.kuleuven.be/retrieve/411c54a9-cb2e-45d2-bd69-3a789d9cdec9","§4.1; §4.4 and Figures 31–32 pp. 34–38; §6 pp. 40–43; Appendix A.2 Theorem A.10; levels-Coq project page","Codex-assisted triage; human confirmation pending","2026-07-31","pending","Queue seed identity links exactly to canonical S78; no separate screening record is required."
