"source_queue_run_id","source_queue_checksums_sha256","candidate_id","work_key","title","screening_stage","decision","canonical_record_id","canonical_decision","matrix_record_id","full_text_checked","evidence_url","evidence_location","reviewer","review_date","human_confirmation","reason"
"20260731T061500Z-new-closest-union","79079f201c6448cb41256c256d3f432439667272fd89350fd9954535704ec8c9","CG0005","arxiv:2103.01553","Dynamic Verification of C/C++11 Concurrency over Multi Copy Atomics","full-text","include-context","","","","yes","https://arxiv.org/pdf/2103.01553","Primary-source scope screen; main definitions, theorems, evaluation, and stated limitations","Codex-assisted triage; human confirmation pending","2026-07-31","pending","Retained as contextual weak-memory or verification evidence. The theorem-level screen found no result combining RC11 Treiber, genuine weak CAS, separate primitive justice, an all-spurious separation execution, unbounded Treiber response progress, and machine-checked safety/liveness composition."
"20260731T061500Z-new-closest-union","79079f201c6448cb41256c256d3f432439667272fd89350fd9954535704ec8c9","CG0024","doi:10.1007/978-3-030-81685-8_20","GenMC: A Model Checker for Weak Memory Models","full-text","linked-existing","S70","include-closest","PA49","yes","https://people.inf.ethz.ch/mkokologiann/papers/cav2021-genmc.pdf","§§1–2 pp. 1–4; §6 pp. 7–9; conclusion; v0.6 include/atomic, src/Execution.cpp, and tests/correct/data-structures/treiber-stack","Codex-assisted triage; human confirmation pending","2026-07-31","pending","Canonicalized to S70. Included as direct RC11/Treiber tool prior art. The paper checks bounded safety/error properties. At v0.6, atomic_compare_exchange_weak is exposed but visitAtomicCmpXchgInst ignores the LLVM weak flag and succeeds exactly on equality; the bundled Treiber test uses strong compare-exchange. There is no positive liveness, fairness/justice, or all-spurious theorem. The 3.18 GB Zenodo image was not downloaded; no source-level claim relies on it."
"20260731T061500Z-new-closest-union","79079f201c6448cb41256c256d3f432439667272fd89350fd9954535704ec8c9","CG0113","doi:10.1145/2806886","A Practical Approach for Model Checking C/C++11 Code","full-text","linked-existing","S102","include-closest","PA54","yes","https://plrg.eecs.uci.edu/publications/c11modelcheck.pdf","Paper §§1.3, 8, and 9; commit 5c4efe5cd8bdfe1e85138396109876a121ca61d1 include/impatomic.h:112–113","Codex-assisted triage; human confirmation pending","2026-07-31","pending","Canonicalized to S102. Included because CDSChecker separately configures scheduler fairness and a memory-liveness bound for C/C++11 exploration. The audited source explicitly says 'No spurious failure for now' and aliases weak compare-exchange to strong; the work gives no Treiber or positive liveness theorem, primitive justice, or all-spurious execution."
"20260731T061500Z-new-closest-union","79079f201c6448cb41256c256d3f432439667272fd89350fd9954535704ec8c9","CG0154","doi:10.1145/3340672.3341117","Towards deductive verification of C11 programs with Event-B and ProB","full-text","include-adjacent","","","","yes","https://doi.org/10.1145/3340672.3341117","Primary-source scope screen; main definitions, theorems, evaluation, and stated limitations","Codex-assisted triage; human confirmation pending","2026-07-31","pending","Retained as an adjacent result covering at least one target dimension. The theorem-level screen found no result combining RC11 Treiber, genuine weak CAS, separate primitive justice, an all-spurious separation execution, unbounded Treiber response progress, and machine-checked safety/liveness composition."
"20260731T061500Z-new-closest-union","79079f201c6448cb41256c256d3f432439667272fd89350fd9954535704ec8c9","CG0162","doi:10.1145/3445814.3446748","VSync: push-button verification and optimization for synchronization primitives on weak memory models","full-text","linked-existing","S21","include-adjacent","","yes","https://arxiv.org/pdf/2102.06590","§1.1 Definition 1; §1.2 Definition 2 and fragment conditions; §2.3 Theorem 1 and consistency caveat; §3.1 ARM/Rmem case study","Codex-assisted triage; human confirmation pending","2026-07-31","pending","Canonicalized to S21. Included as weak-memory await-termination model-checking prior art for Bounded-Length/Bounded-Effect programs under fair scheduling and an await/read-progress condition. VSync instantiates IMM and separately analyzes ARMv8, but has no Treiber or separate justice for spurious weak CAS; the generic proof explicitly omits memory-model consistency."
"20260731T061500Z-new-closest-union","79079f201c6448cb41256c256d3f432439667272fd89350fd9954535704ec8c9","CG0211","s2:621147998d7ef0058386db35ec9e112c2a16c030","Progressive Automated Formal Verification of Memory Consistency in Parallel Processors","metadata","exclude-topic","","","","partial","","title, abstract, scope, and available primary-text screen","Codex-assisted triage; human confirmation pending","2026-07-31","pending","The identified subject and stated results are outside the target conjunction; no absence claim is made about any inaccessible text."
"20260731T061500Z-new-closest-union","79079f201c6448cb41256c256d3f432439667272fd89350fd9954535704ec8c9","CG0223","s2:a1660ac1f1962a507080334a023129a3e732351a","Digital Comprehensive Summaries of Uppsala Dissertations from the Faculty of Science and Technology 1745 Model Checking of Software Systems under Weak Memory Models","full-text","include-context","","","","yes","https://www.diva-portal.org/smash/get/diva2%3A1264434/FULLTEXT01.pdf","Primary-source scope screen; main definitions, theorems, evaluation, and stated limitations","Codex-assisted triage; human confirmation pending","2026-07-31","pending","Retained as contextual weak-memory or verification evidence. The theorem-level screen found no result combining RC11 Treiber, genuine weak CAS, separate primitive justice, an all-spurious separation execution, unbounded Treiber response progress, and machine-checked safety/liveness composition."
"20260731T061500Z-new-closest-union","79079f201c6448cb41256c256d3f432439667272fd89350fd9954535704ec8c9","CG0215","s2:77bf635b620a5c914de22261a822cc65c1a87052","Correctness and Progress Verification of Non-Blocking Programs","full-text","linked-existing","S46","include-version-audit","","yes","https://stars.library.ucf.edu/etd/6557/","Chapters 3–4, especially descriptor protocols, loop invariants, Theorems 3.0.1 and 3.0.2, and Coq/VST implementation discussion","Codex-assisted triage; human confirmation pending","2026-07-31","pending","Canonicalized to S46. Retained as the expanded primary source for A31 rather than as independent prior art. It gives the detailed semi-automatic Coq/VST progress framework and its transactional-list and wait-free-queue cases, but no Treiber, weak memory, spurious CAS, primitive justice, or all-spurious separation."
"20260731T061500Z-new-closest-union","79079f201c6448cb41256c256d3f432439667272fd89350fd9954535704ec8c9","CG0001","arxiv:1512.01416","New Lace and Arsenic: adventures in weak memory with a program logic","full-text","include-context","","","","yes","https://arxiv.org/pdf/1512.01416","Primary-source scope screen; main definitions, theorems, evaluation, and stated limitations","Codex-assisted triage; human confirmation pending","2026-07-31","pending","Retained as contextual weak-memory or verification evidence. The theorem-level screen found no result combining RC11 Treiber, genuine weak CAS, separate primitive justice, an all-spurious separation execution, unbounded Treiber response progress, and machine-checked safety/liveness composition."
"20260731T061500Z-new-closest-union","79079f201c6448cb41256c256d3f432439667272fd89350fd9954535704ec8c9","CG0006","arxiv:2208.00285","Fence Synthesis under the C11 Memory Model","full-text","include-context","","","","yes","https://arxiv.org/pdf/2208.00285","Primary-source scope screen; main definitions, theorems, evaluation, and stated limitations","Codex-assisted triage; human confirmation pending","2026-07-31","pending","Retained as contextual weak-memory or verification evidence. The theorem-level screen found no result combining RC11 Treiber, genuine weak CAS, separate primitive justice, an all-spurious separation execution, unbounded Treiber response progress, and machine-checked safety/liveness composition."
"20260731T061500Z-new-closest-union","79079f201c6448cb41256c256d3f432439667272fd89350fd9954535704ec8c9","CG0015","doi:10.1002/cpe.70484","Weak Memory Model Formalisms: Introduction and Survey","metadata","exclude-secondary","","","","partial","https://doi.org/10.1002/cpe.70484","title, abstract, document type, and lineage screen","Codex-assisted triage; human confirmation pending","2026-07-31","pending","Secondary, survey, dissertation expansion, artifact-only companion, or proceedings-level record; relevant constituent primary research is retained separately."
"20260731T061500Z-new-closest-union","79079f201c6448cb41256c256d3f432439667272fd89350fd9954535704ec8c9","CG0046","doi:10.1007/978-3-662-49122-5_20","A Program Logic for C11 Memory Fences","full-text","include-adjacent","","","","yes","https://plv.mpi-sws.org/fsl/base/paper.pdf","Primary-source scope screen; main definitions, theorems, evaluation, and stated limitations","Codex-assisted triage; human confirmation pending","2026-07-31","pending","Retained as an adjacent result covering at least one target dimension. The theorem-level screen found no result combining RC11 Treiber, genuine weak CAS, separate primitive justice, an all-spurious separation execution, unbounded Treiber response progress, and machine-checked safety/liveness composition."
"20260731T061500Z-new-closest-union","79079f201c6448cb41256c256d3f432439667272fd89350fd9954535704ec8c9","CG0109","doi:10.1145/2737924.2737956","Dynamic partial order reduction for relaxed memory models","full-text","include-context","","","","yes","https://chaowang-vt.github.io/pubDOC/ZhangKW15.pdf","Primary-source scope screen; main definitions, theorems, evaluation, and stated limitations","Codex-assisted triage; human confirmation pending","2026-07-31","pending","Retained as contextual weak-memory or verification evidence. The theorem-level screen found no result combining RC11 Treiber, genuine weak CAS, separate primitive justice, an all-spurious separation execution, unbounded Treiber response progress, and machine-checked safety/liveness composition."
"20260731T061500Z-new-closest-union","79079f201c6448cb41256c256d3f432439667272fd89350fd9954535704ec8c9","CG0111","doi:10.1145/2775051.2676995","Common Compiler Optimisations are Invalid in the C11 Memory Model and what we can do about it","metadata","exclude-topic","","","","partial","https://doi.org/10.1145/2775051.2676995","title, abstract, scope, and available primary-text screen","Codex-assisted triage; human confirmation pending","2026-07-31","pending","The identified subject and stated results are outside the target conjunction; no absence claim is made about any inaccessible text."
"20260731T061500Z-new-closest-union","79079f201c6448cb41256c256d3f432439667272fd89350fd9954535704ec8c9","CG0115","doi:10.1145/2814270.2814286","AutoMO: automatic inference of memory order parameters for C/C++11","full-text","linked-existing","S169","include-closest","PA73","yes","https://peizhaoo.github.io/drafts/oopsla15_automo_preprint.pdf","Abstract; §2; §8; Figures 19–20; CDSChecker weak-CAS source boundary inherited from S102/PA54","Codex-assisted triage; human confirmation pending","2026-07-31","pending","Canonicalized to S169. Included as a direct bounded C/C++11 Treiber neighbor. AutoMO uses a fixed three-thread client with two pushes and one pop, infers eight memory-order parameters, and reports 29 feasible traces with no non-SC trace. It proves neither linearizability nor progress, uses exact CDSChecker-era CAS, and supplies no fairness, all-spurious execution, or proof-assistant certificate."
"20260731T061500Z-new-closest-union","79079f201c6448cb41256c256d3f432439667272fd89350fd9954535704ec8c9","CG0117","doi:10.1145/2837614.2837637","Overhauling SC atomics in C11 and OpenCL","metadata","exclude-topic","","","","partial","https://doi.org/10.1145/2837614.2837637","title, abstract, scope, and available primary-text screen","Codex-assisted triage; human confirmation pending","2026-07-31","pending","The identified subject and stated results are outside the target conjunction; no absence claim is made about any inaccessible text."
"20260731T061500Z-new-closest-union","79079f201c6448cb41256c256d3f432439667272fd89350fd9954535704ec8c9","CG0121","doi:10.1145/2908080.2908114","Exposing errors related to weak memory in GPU applications","metadata","exclude-topic","","","","partial","https://doi.org/10.1145/2908080.2908114","title, abstract, scope, and available primary-text screen","Codex-assisted triage; human confirmation pending","2026-07-31","pending","The identified subject and stated results are outside the target conjunction; no absence claim is made about any inaccessible text."
"20260731T061500Z-new-closest-union","79079f201c6448cb41256c256d3f432439667272fd89350fd9954535704ec8c9","CG0123","doi:10.1145/2926697.2926700","Prescient memory: exposing weak memory model behavior by looking into the future","metadata","exclude-topic","","","","partial","https://doi.org/10.1145/2926697.2926700","title, abstract, scope, and available primary-text screen","Codex-assisted triage; human confirmation pending","2026-07-31","pending","The identified subject and stated results are outside the target conjunction; no absence claim is made about any inaccessible text."
"20260731T061500Z-new-closest-union","79079f201c6448cb41256c256d3f432439667272fd89350fd9954535704ec8c9","CG0125","doi:10.1145/2983990.2983997","An operational semantics for C/C++11 concurrency","full-text","include-adjacent","","","","yes","https://www.cl.cam.ac.uk/~pes20/rems/papers/nienhuis-oopsla-2016.pdf","Primary-source scope screen; main definitions, theorems, evaluation, and stated limitations","Codex-assisted triage; human confirmation pending","2026-07-31","pending","Retained as an adjacent result covering at least one target dimension. The theorem-level screen found no result combining RC11 Treiber, genuine weak CAS, separate primitive justice, an all-spurious separation execution, unbounded Treiber response progress, and machine-checked safety/liveness composition."
"20260731T061500Z-new-closest-union","79079f201c6448cb41256c256d3f432439667272fd89350fd9954535704ec8c9","CG0128","doi:10.1145/3009837.3009838","Automatically comparing memory consistency models","full-text","include-context","","","","yes","https://johnwickerson.github.io/papers/memalloy.pdf","Primary-source scope screen; main definitions, theorems, evaluation, and stated limitations","Codex-assisted triage; human confirmation pending","2026-07-31","pending","Retained as contextual weak-memory or verification evidence. The theorem-level screen found no result combining RC11 Treiber, genuine weak CAS, separate primitive justice, an all-spurious separation execution, unbounded Treiber response progress, and machine-checked safety/liveness composition."
"20260731T061500Z-new-closest-union","79079f201c6448cb41256c256d3f432439667272fd89350fd9954535704ec8c9","CG0130","doi:10.1145/3009837.3009857","Dynamic race detection for C++11","full-text","include-context","","","","yes","https://www.doc.ic.ac.uk/~afd/homepages/papers/pdfs/2017/POPL.pdf","Primary-source scope screen; main definitions, theorems, evaluation, and stated limitations","Codex-assisted triage; human confirmation pending","2026-07-31","pending","Retained as contextual weak-memory or verification evidence. The theorem-level screen found no result combining RC11 Treiber, genuine weak CAS, separate primitive justice, an all-spurious separation execution, unbounded Treiber response progress, and machine-checked safety/liveness composition."
"20260731T061500Z-new-closest-union","79079f201c6448cb41256c256d3f432439667272fd89350fd9954535704ec8c9","CG0132","doi:10.1145/3018743.3018749","Checking Concurrent Data Structures Under the C/C++11 Memory Model","full-text","include-adjacent","","","","yes","https://peizhaoo.github.io/drafts/ppopp17_cdsspec_preprint.pdf","Primary-source scope screen; main definitions, theorems, evaluation, and stated limitations","Codex-assisted triage; human confirmation pending","2026-07-31","pending","Retained as an adjacent result covering at least one target dimension. The theorem-level screen found no result combining RC11 Treiber, genuine weak CAS, separate primitive justice, an all-spurious separation execution, unbounded Treiber response progress, and machine-checked safety/liveness composition."
"20260731T061500Z-new-closest-union","79079f201c6448cb41256c256d3f432439667272fd89350fd9954535704ec8c9","CG0134","doi:10.1145/3062341.3062352","Repairing sequential consistency in C/C++11","metadata","exclude-topic","","","","partial","https://doi.org/10.1145/3062341.3062352","title, abstract, scope, and available primary-text screen","Codex-assisted triage; human confirmation pending","2026-07-31","pending","The identified subject and stated results are outside the target conjunction; no absence claim is made about any inaccessible text."
"20260731T061500Z-new-closest-union","79079f201c6448cb41256c256d3f432439667272fd89350fd9954535704ec8c9","CG0140","doi:10.1145/3106237.3106243","Thread-modular static analysis for relaxed memory models","full-text","include-context","","","","yes","https://chaowang-vt.github.io/pubDOC/KusanoW17.pdf","Primary-source scope screen; main definitions, theorems, evaluation, and stated limitations","Codex-assisted triage; human confirmation pending","2026-07-31","pending","Retained as contextual weak-memory or verification evidence. The theorem-level screen found no result combining RC11 Treiber, genuine weak CAS, separate primitive justice, an all-spurious separation execution, unbounded Treiber response progress, and machine-checked safety/liveness composition."
"20260731T061500Z-new-closest-union","79079f201c6448cb41256c256d3f432439667272fd89350fd9954535704ec8c9","CG0157","doi:10.1145/3368826.3377910","Interactive debugging of concurrent programs under relaxed memory models","full-text","include-context","","","","partial","https://doi.org/10.1145/3368826.3377910","Primary-source scope screen; main definitions, theorems, evaluation, and stated limitations","Codex-assisted triage; human confirmation pending","2026-07-31","pending","Retained as contextual weak-memory or verification evidence. The theorem-level screen found no result combining RC11 Treiber, genuine weak CAS, separate primitive justice, an all-spurious separation execution, unbounded Treiber response progress, and machine-checked safety/liveness composition."
"20260731T061500Z-new-closest-union","79079f201c6448cb41256c256d3f432439667272fd89350fd9954535704ec8c9","CG0159","doi:10.1145/3428294","Foundations of empirical memory consistency testing","full-text","include-context","","","","yes","https://oar.princeton.edu/bitstream/88435/pr19c37/1/FoundationsMemoryTesting.pdf","Primary-source scope screen; main definitions, theorems, evaluation, and stated limitations","Codex-assisted triage; human confirmation pending","2026-07-31","pending","Retained as contextual weak-memory or verification evidence. The theorem-level screen found no result combining RC11 Treiber, genuine weak CAS, separate primitive justice, an all-spurious separation execution, unbounded Treiber response progress, and machine-checked safety/liveness composition."
"20260731T061500Z-new-closest-union","79079f201c6448cb41256c256d3f432439667272fd89350fd9954535704ec8c9","CG0166","doi:10.1145/3498538","BiRD: Race Detection in Software Binaries under Relaxed Memory Models","full-text","include-context","","","","partial","https://doi.org/10.1145/3498538","Primary-source scope screen; main definitions, theorems, evaluation, and stated limitations","Codex-assisted triage; human confirmation pending","2026-07-31","pending","Retained as contextual weak-memory or verification evidence. The theorem-level screen found no result combining RC11 Treiber, genuine weak CAS, separate primitive justice, an all-spurious separation execution, unbounded Treiber response progress, and machine-checked safety/liveness composition."
"20260731T061500Z-new-closest-union","79079f201c6448cb41256c256d3f432439667272fd89350fd9954535704ec8c9","CG0170","doi:10.1145/3571212","Kater: Automating Weak Memory Model Metatheory and Consistency Checking","full-text","linked-existing","S111","include-context","","yes","https://plv.mpi-sws.org/kater/paper.pdf","Abstract and §1 pp. 1–2; §3.1 p. 7; §§6–7 pp. 18–23; §9 pp. 27–28","Codex-assisted triage; human confirmation pending","2026-07-31","pending","Canonicalized to S111. Retained as automated weak-memory metatheory and bounded consistency-checking context. RMWs are execution events, not a genuine weak-CAS result semantics, and no object response or fairness theorem is established."
"20260731T061500Z-new-closest-union","79079f201c6448cb41256c256d3f432439667272fd89350fd9954535704ec8c9","CG0171","doi:10.1145/3575693.3575729","Probabilistic Concurrency Testing for Weak Memory Programs","full-text","linked-existing","S112","include-context","","yes","https://pure.tudelft.nl/ws/portalfiles/portal/148152318/3575693.3575729.pdf","§§2.1 and 3.2–3.3; §5 Definitions 2–4 and probability bound; §6; conclusion","Codex-assisted triage; human confirmation pending","2026-07-31","pending","Canonicalized to S112. Retained as probabilistic weak-memory testing context. PCTWM models successful RMWs and failed-RMW reads, samples bounded communication/history depths, and proves bug-detection probability bounds rather than correctness, fairness, or progress."
"20260731T061500Z-new-closest-union","79079f201c6448cb41256c256d3f432439667272fd89350fd9954535704ec8c9","CG0172","doi:10.1145/3580285","Mechanised Operational Reasoning for C11 Programs with Relaxed Dependencies","full-text","include-adjacent","","","","yes","https://kar.kent.ac.uk/99629/1/3580285.pdf","Primary-source scope screen; main definitions, theorems, evaluation, and stated limitations","Codex-assisted triage; human confirmation pending","2026-07-31","pending","Retained as an adjacent result covering at least one target dimension. The theorem-level screen found no result combining RC11 Treiber, genuine weak CAS, separate primitive justice, an all-spurious separation execution, unbounded Treiber response progress, and machine-checked safety/liveness composition."
"20260731T061500Z-new-closest-union","79079f201c6448cb41256c256d3f432439667272fd89350fd9954535704ec8c9","CG0174","doi:10.1145/3591251","Optimal Reads-From Consistency Checking for C11-Style Memory Models","full-text","linked-existing","S113","include-closest","PA56","yes","https://arxiv.org/pdf/2304.03714","§1 Theorems 1.1–1.7 pp. 4–5; §2 pp. 5–7; TruSt Treiber tables pp. 20 and 33","Codex-assisted triage; human confirmation pending","2026-07-31","pending","Canonicalized to S113. Included as direct C11-style Treiber consistency-checking prior art. TruSt performs bounded finite safety exploration with successful RMW events and failed RMW reads, not a genuine compare-equal weak-CAS branch, fairness decomposition, or unbounded response theorem."
"20260731T061500Z-new-closest-union","79079f201c6448cb41256c256d3f432439667272fd89350fd9954535704ec8c9","CG0180","doi:10.1145/3650212.3685549","Robustness against the C/C++11 Memory Model","full-text","include-context","","","","yes","https://www.cs.tau.ac.il/research/roy.margalit/papers/issta24.pdf","Primary-source scope screen; main definitions, theorems, evaluation, and stated limitations","Codex-assisted triage; human confirmation pending","2026-07-31","pending","Retained as contextual weak-memory or verification evidence. The theorem-level screen found no result combining RC11 Treiber, genuine weak CAS, separate primitive justice, an all-spurious separation execution, unbounded Treiber response progress, and machine-checked safety/liveness composition."
"20260731T061500Z-new-closest-union","79079f201c6448cb41256c256d3f432439667272fd89350fd9954535704ec8c9","CG0185","doi:10.1145/3704906","RELINCHE: Automatically Checking Linearizability under Relaxed Memory Consistency","full-text","linked-existing","S33","include-closest","PA27","yes","https://people.mpi-sws.org/~viktor/papers/popl2025-relinche.pdf","Abstract; §2–§4; Theorem 4.3; §6 and Figures 4–5; artifact RC11 configuration","Codex-assisted triage; human confirmation pending","2026-07-31","pending","Canonicalized to S33. Included as the closest automated RC11 Treiber safety neighbor. Relinche soundly checks contextual refinement for every client respecting a fixed method-invocation bound and evaluates Treiber variants with GenMC under RC11. It checks finite executions and provides no infinite progress theorem, scheduler or prefix-finite memory fairness, weak-CAS justice, or all-spurious separation."
"20260731T061500Z-new-closest-union","79079f201c6448cb41256c256d3f432439667272fd89350fd9954535704ec8c9","CG0186","doi:10.1145/3704908","Relaxed Memory Concurrency Re-executed","full-text","linked-existing","S114","include-adjacent","","yes","https://pure.tudelft.nl/ws/portalfiles/portal/236458880/3704908.pdf","§2 p. 5; §3 p. 9; Theorems 1–2 pp. 15–16; §4.1 soundness theorem p. 23; §5 pp. 24–25","Codex-assisted triage; human confirmation pending","2026-07-31","pending","Canonicalized to S114. Included as a finite relaxed-memory execution and safety boundary. Successful and failed RMW events are modeled, but execution graphs are expressly finite and infinite graphs, fairness, and termination remain future work."
"20260731T061500Z-new-closest-union","79079f201c6448cb41256c256d3f432439667272fd89350fd9954535704ec8c9","CG0192","doi:10.34727/2021/isbn.978-3-85448-046-4_26","Robustness between Weak Memory Models","full-text","include-context","","","","yes","https://repositum.tuwien.at/bitstream/20.500.12708/18636/1/Chakraborty-2021-Robustness%20between%20Weak%20Memory%20Models-vor.pdf","Primary-source scope screen; main definitions, theorems, evaluation, and stated limitations","Codex-assisted triage; human confirmation pending","2026-07-31","pending","Retained as contextual weak-memory or verification evidence. The theorem-level screen found no result combining RC11 Treiber, genuine weak CAS, separate primitive justice, an all-spurious separation execution, unbounded Treiber response progress, and machine-checked safety/liveness composition."
"20260731T061500Z-new-closest-union","79079f201c6448cb41256c256d3f432439667272fd89350fd9954535704ec8c9","CG0198","doi:10.70675/5c9ea897z1b59z4f1bza9d9z9019d5a87c13","Compiler optimisations and relaxed memory consistency models. (Optimisations des compilateurs et modèles mémoire relâchés)","full-text","linked-existing","S171","include-closest","PA75","yes","https://fzn.fr/students/morisset-phd.pdf","Chapter 6 §6.3.3, Theorems 15–17; Chapter 7 Treiber/compiler-fence benchmark","Codex-assisted triage; human confirmation pending","2026-07-31","pending","Canonicalized to S171. Included as a direct C11 liveness-and-fairness neighbor. The LibKPN scheduler obtains unbounded progress under a minimal scheduler-fairness condition, but is explicitly not lock-free; Treiber is only a compiler-fence benchmark. The work uses exact atomics and has no primitive justice, memory fairness, all-spurious separation, or mechanization."
"20260731T061500Z-new-closest-union","79079f201c6448cb41256c256d3f432439667272fd89350fd9954535704ec8c9","CG0206","s2:27817c08876ab0e67393ad2aed5f36275d2e22d1","CDSSPEC: Testing Concurrent Data Structures Under the C/C++11 Memory Model","metadata","exclude-duplicate","","","","not-applicable","","provider identity, title, and version/alias screen","Codex-assisted triage; human confirmation pending","2026-07-31","pending","Bibliographic alias, predecessor, parser duplicate, or noncanonical version; the canonical work or result family was screened separately and is not counted twice."
"20260731T061500Z-new-closest-union","79079f201c6448cb41256c256d3f432439667272fd89350fd9954535704ec8c9","CG0208","s2:3b956ca622ea68142025bf91aef4a097c0c58848","Comparing Memory Consistency Models","metadata","exclude-duplicate","","","","not-applicable","","provider identity, title, and version/alias screen","Codex-assisted triage; human confirmation pending","2026-07-31","pending","Bibliographic alias, predecessor, parser duplicate, or noncanonical version; the canonical work or result family was screened separately and is not counted twice."
"20260731T061500Z-new-closest-union","79079f201c6448cb41256c256d3f432439667272fd89350fd9954535704ec8c9","CG0213","s2:640470dde79798ca3ed4eeeb139a37e80843b861","Probabilistic Concurrency Testing for Weak Memory Programs","full-text","linked-existing","S112","include-context","","yes","https://pure.tudelft.nl/ws/portalfiles/portal/148152318/3575693.3575729.pdf","§§2.1 and 3.2–3.3; §5 Definitions 2–4 and probability bound; §6; conclusion","Codex-assisted triage; human confirmation pending","2026-07-31","pending","Canonicalized to S112. Retained as probabilistic weak-memory testing context. PCTWM models successful RMWs and failed-RMW reads, samples bounded communication/history depths, and proves bug-detection probability bounds rather than correctness, fairness, or progress."
"20260731T061500Z-new-closest-union","79079f201c6448cb41256c256d3f432439667272fd89350fd9954535704ec8c9","CG0216","s2:799435c026fcf486ea72be2dbfbee99cf5cca9cd","Probabilistic Concurrency Testing for Weak Memory Programs","full-text","linked-existing","S112","include-context","","yes","https://pure.tudelft.nl/ws/portalfiles/portal/148152318/3575693.3575729.pdf","§§2.1 and 3.2–3.3; §5 Definitions 2–4 and probability bound; §6; conclusion","Codex-assisted triage; human confirmation pending","2026-07-31","pending","Canonicalized to S112. Retained as probabilistic weak-memory testing context. PCTWM models successful RMWs and failed-RMW reads, samples bounded communication/history depths, and proves bug-detection probability bounds rather than correctness, fairness, or progress."
"20260731T061500Z-new-closest-union","79079f201c6448cb41256c256d3f432439667272fd89350fd9954535704ec8c9","CG0220","s2:8bfa87122b6a00586dd811cd5accc8e8d8a703e3","Probabilistic Concurrency Testing for Weak Memory Programs","full-text","linked-existing","S112","include-context","","yes","https://pure.tudelft.nl/ws/portalfiles/portal/148152318/3575693.3575729.pdf","§§2.1 and 3.2–3.3; §5 Definitions 2–4 and probability bound; §6; conclusion","Codex-assisted triage; human confirmation pending","2026-07-31","pending","Canonicalized to S112. Retained as probabilistic weak-memory testing context. PCTWM models successful RMWs and failed-RMW reads, samples bounded communication/history depths, and proves bug-detection probability bounds rather than correctness, fairness, or progress."
"20260731T061500Z-new-closest-union","79079f201c6448cb41256c256d3f432439667272fd89350fd9954535704ec8c9","CG0225","s2:be8143f6066e232d8b5f6ba3a7627d51cd4db1d5","Probabilistic Concurrency Testing for Weak Memory Programs","full-text","linked-existing","S112","include-context","","yes","https://pure.tudelft.nl/ws/portalfiles/portal/148152318/3575693.3575729.pdf","§§2.1 and 3.2–3.3; §5 Definitions 2–4 and probability bound; §6; conclusion","Codex-assisted triage; human confirmation pending","2026-07-31","pending","Canonicalized to S112. Retained as probabilistic weak-memory testing context. PCTWM models successful RMWs and failed-RMW reads, samples bounded communication/history depths, and proves bug-detection probability bounds rather than correctness, fairness, or progress."
"20260731T061500Z-new-closest-union","79079f201c6448cb41256c256d3f432439667272fd89350fd9954535704ec8c9","CG0227","s2:c5b2a6c9ed18521e71a5bae810e9786cfe29897a","Static analyses over weak memory","full-text","include-context","","","","yes","https://ora.ox.ac.uk/objects/ora%3A12272","Primary-source scope screen; main definitions, theorems, evaluation, and stated limitations","Codex-assisted triage; human confirmation pending","2026-07-31","pending","Retained as contextual weak-memory or verification evidence. The theorem-level screen found no result combining RC11 Treiber, genuine weak CAS, separate primitive justice, an all-spurious separation execution, unbounded Treiber response progress, and machine-checked safety/liveness composition."
"20260731T061500Z-new-closest-union","79079f201c6448cb41256c256d3f432439667272fd89350fd9954535704ec8c9","CG0229","s2:d0d9108b45bb5dd26ea27bf2576bd9157d15a48e","Probabilistic Concurrency Testing for Weak Memory Programs","full-text","linked-existing","S112","include-context","","yes","https://pure.tudelft.nl/ws/portalfiles/portal/148152318/3575693.3575729.pdf","§§2.1 and 3.2–3.3; §5 Definitions 2–4 and probability bound; §6; conclusion","Codex-assisted triage; human confirmation pending","2026-07-31","pending","Canonicalized to S112. Retained as probabilistic weak-memory testing context. PCTWM models successful RMWs and failed-RMW reads, samples bounded communication/history depths, and proves bug-detection probability bounds rather than correctness, fairness, or progress."
"20260731T061500Z-new-closest-union","79079f201c6448cb41256c256d3f432439667272fd89350fd9954535704ec8c9","CG0231","s2:d71962c88be654eba1f82683e82fa1d4a953ee5b","Specifying, Verifying, and Translating Between Memory Consistency Models","metadata","exclude-topic","","","","partial","","title, abstract, scope, and available primary-text screen","Codex-assisted triage; human confirmation pending","2026-07-31","pending","The identified subject and stated results are outside the target conjunction; no absence claim is made about any inaccessible text."
"20260731T061500Z-new-closest-union","79079f201c6448cb41256c256d3f432439667272fd89350fd9954535704ec8c9","CG0232","s2:d8e443a2a7de396dd009801a1db3341a951fcd8d","The C11 and C++11 concurrency model","full-text","include-context","","","","yes","https://www.sigplan.org/Awards/Dissertation/2015_batty.pdf","Primary-source scope screen; main definitions, theorems, evaluation, and stated limitations","Codex-assisted triage; human confirmation pending","2026-07-31","pending","Retained as contextual weak-memory or verification evidence. The theorem-level screen found no result combining RC11 Treiber, genuine weak CAS, separate primitive justice, an all-spurious separation execution, unbounded Treiber response progress, and machine-checked safety/liveness composition."
"20260731T061500Z-new-closest-union","79079f201c6448cb41256c256d3f432439667272fd89350fd9954535704ec8c9","CG0234","s2:ee2c34198da94d77b10708e544567b6e282fde98","Probabilistic Testing for Weak Memory Concurrency","full-text","linked-existing","S112","include-context","","yes","https://pure.tudelft.nl/ws/portalfiles/portal/148152318/3575693.3575729.pdf","§§2.1 and 3.2–3.3; §5 Definitions 2–4 and probability bound; §6; conclusion","Codex-assisted triage; human confirmation pending","2026-07-31","pending","Canonicalized to S112. Retained as probabilistic weak-memory testing context. PCTWM models successful RMWs and failed-RMW reads, samples bounded communication/history depths, and proves bug-detection probability bounds rather than correctness, fairness, or progress."
"20260731T061500Z-new-closest-union","79079f201c6448cb41256c256d3f432439667272fd89350fd9954535704ec8c9","CG0037","doi:10.1007/978-3-319-49583-5_4","A Portable Lock-Free Bounded Queue","full-text","include-adjacent","","","","yes","https://rmmilewi.github.io/files/lockfreequeue16.pdf","Primary-source scope screen; main definitions, theorems, evaluation, and stated limitations","Codex-assisted triage; human confirmation pending","2026-07-31","pending","Retained as an adjacent result covering at least one target dimension. The theorem-level screen found no result combining RC11 Treiber, genuine weak CAS, separate primitive justice, an all-spurious separation execution, unbounded Treiber response progress, and machine-checked safety/liveness composition."
"20260731T061500Z-new-closest-union","79079f201c6448cb41256c256d3f432439667272fd89350fd9954535704ec8c9","CG0055","doi:10.1007/s11227-019-02827-4","Detecting semantic violations of lock-free data structures through C++ contracts","metadata","exclude-topic","","","","partial","https://doi.org/10.1007/s11227-019-02827-4","title, abstract, scope, and available primary-text screen","Codex-assisted triage; human confirmation pending","2026-07-31","pending","The identified subject and stated results are outside the target conjunction; no absence claim is made about any inaccessible text."
"20260731T061500Z-new-closest-union","79079f201c6448cb41256c256d3f432439667272fd89350fd9954535704ec8c9","CG0070","doi:10.1109/ipdps49936.2021.00044","Nowa: A Wait-Free Continuation-Stealing Concurrency Platform","full-text","include-adjacent","","","","yes","https://www4.cs.fau.de/~flow/papers/schmaus2021nowa.pdf","Primary-source scope screen; main definitions, theorems, evaluation, and stated limitations","Codex-assisted triage; human confirmation pending","2026-07-31","pending","Retained as an adjacent result covering at least one target dimension. The theorem-level screen found no result combining RC11 Treiber, genuine weak CAS, separate primitive justice, an all-spurious separation execution, unbounded Treiber response progress, and machine-checked safety/liveness composition."
"20260731T061500Z-new-closest-union","79079f201c6448cb41256c256d3f432439667272fd89350fd9954535704ec8c9","CG0003","arxiv:2007.09944","The Decidability of Verification under Promising 2.0","metadata","exclude-duplicate","","","","not-applicable","","provider identity, title, and version/alias screen","Codex-assisted triage; human confirmation pending","2026-07-31","pending","Bibliographic alias, predecessor, parser duplicate, or noncanonical version; the canonical work or result family was screened separately and is not counted twice."
"20260731T061500Z-new-closest-union","79079f201c6448cb41256c256d3f432439667272fd89350fd9954535704ec8c9","CG0007","arxiv:2309.03642","Formal Verification of Chase-Lev Deque in Concurrent Separation Logic","full-text","include-adjacent","","","","yes","https://arxiv.org/pdf/2309.03642","Primary-source scope screen; main definitions, theorems, evaluation, and stated limitations","Codex-assisted triage; human confirmation pending","2026-07-31","pending","Retained as an adjacent result covering at least one target dimension. The theorem-level screen found no result combining RC11 Treiber, genuine weak CAS, separate primitive justice, an all-spurious separation execution, unbounded Treiber response progress, and machine-checked safety/liveness composition."
"20260731T061500Z-new-closest-union","79079f201c6448cb41256c256d3f432439667272fd89350fd9954535704ec8c9","CG0012","arxiv:2505.09209","Towards Efficient Verification of Parallel Applications with Mc SimGrid","metadata","exclude-topic","","","","partial","https://doi.org/10.48550/arxiv.2505.09209","title, abstract, scope, and available primary-text screen","Codex-assisted triage; human confirmation pending","2026-07-31","pending","The identified subject and stated results are outside the target conjunction; no absence claim is made about any inaccessible text."
"20260731T061500Z-new-closest-union","79079f201c6448cb41256c256d3f432439667272fd89350fd9954535704ec8c9","CG0013","arxiv:2606.17182","Verified Detection and Prevention of Concurrency Anomalies in Multi-Agent Large Language Model Systems","metadata","exclude-topic","","","","partial","https://arxiv.org/pdf/2606.17182","title, abstract, scope, and available primary-text screen","Codex-assisted triage; human confirmation pending","2026-07-31","pending","The identified subject and stated results are outside the target conjunction; no absence claim is made about any inaccessible text."
"20260731T061500Z-new-closest-union","79079f201c6448cb41256c256d3f432439667272fd89350fd9954535704ec8c9","CG0019","doi:10.1007/978-3-030-02450-5_8","Model Checking of C++ Programs Under the x86-TSO Memory Model","full-text","include-context","","","","yes","https://divine.fi.muni.cz/2018/x86tso/paper.pdf","Primary-source scope screen; main definitions, theorems, evaluation, and stated limitations","Codex-assisted triage; human confirmation pending","2026-07-31","pending","Retained as contextual weak-memory or verification evidence. The theorem-level screen found no result combining RC11 Treiber, genuine weak CAS, separate primitive justice, an all-spurious separation execution, unbounded Treiber response progress, and machine-checked safety/liveness composition."
"20260731T061500Z-new-closest-union","79079f201c6448cb41256c256d3f432439667272fd89350fd9954535704ec8c9","CG0021","doi:10.1007/978-3-030-55754-6","NASA Formal Methods: 12th International Symposium, NFM 2020, Moffett Field, CA, USA, May 11–15, 2020, Proceedings","metadata","exclude-secondary","","","","partial","https://doi.org/10.1007/978-3-030-55754-6","title, abstract, document type, and lineage screen","Codex-assisted triage; human confirmation pending","2026-07-31","pending","Secondary, survey, dissertation expansion, artifact-only companion, or proceedings-level record; relevant constituent primary research is retained separately."
"20260731T061500Z-new-closest-union","79079f201c6448cb41256c256d3f432439667272fd89350fd9954535704ec8c9","CG0023","doi:10.1007/978-3-030-72019-3_1","The Decidability of Verification under PS 2.0","full-text","include-context","","","","yes","https://link.springer.com/content/pdf/10.1007/978-3-030-72019-3_1.pdf","Primary-source scope screen; main definitions, theorems, evaluation, and stated limitations","Codex-assisted triage; human confirmation pending","2026-07-31","pending","Retained as contextual weak-memory or verification evidence. The theorem-level screen found no result combining RC11 Treiber, genuine weak CAS, separate primitive justice, an all-spurious separation execution, unbounded Treiber response progress, and machine-checked safety/liveness composition."
"20260731T061500Z-new-closest-union","79079f201c6448cb41256c256d3f432439667272fd89350fd9954535704ec8c9","CG0032","doi:10.1007/978-3-319-08867-9_37","Automatic Atomicity Verification for Clients of Concurrent Data Structures","full-text","include-adjacent","","","","yes","https://people.csail.mit.edu/lesani/companion/cav14/CAV14.pdf","Primary-source scope screen; main definitions, theorems, evaluation, and stated limitations","Codex-assisted triage; human confirmation pending","2026-07-31","pending","Retained as an adjacent result covering at least one target dimension. The theorem-level screen found no result combining RC11 Treiber, genuine weak CAS, separate primitive justice, an all-spurious separation execution, unbounded Treiber response progress, and machine-checked safety/liveness composition."
"20260731T061500Z-new-closest-union","79079f201c6448cb41256c256d3f432439667272fd89350fd9954535704ec8c9","CG0035","doi:10.1007/978-3-319-27140-8_36","Local State Reusing for Efficient Model Checking of Multithreaded Programs","metadata","exclude-topic","","","","partial","https://doi.org/10.1007/978-3-319-27140-8_36","title, abstract, scope, and available primary-text screen","Codex-assisted triage; human confirmation pending","2026-07-31","pending","The identified subject and stated results are outside the target conjunction; no absence claim is made about any inaccessible text."
"20260731T061500Z-new-closest-union","79079f201c6448cb41256c256d3f432439667272fd89350fd9954535704ec8c9","CG0050","doi:10.1007/s00236-016-0275-0","Stateless model checking for TSO and PSO","full-text","linked-existing","S119","include-version-audit","","yes","https://arxiv.org/pdf/1501.02069","§§2–4 pp. 3–10; Theorems 1–2 p. 10; §5 pp. 11–13","Codex-assisted triage; human confirmation pending","2026-07-31","pending","Canonicalized to S119. Retained as the journal form of the TACAS trace-optimal TSO/PSO lineage. Its theorem concerns terminating finite safety exploration, not fairness or object liveness; conference and journal forms count as one result family."
"20260731T061500Z-new-closest-union","79079f201c6448cb41256c256d3f432439667272fd89350fd9954535704ec8c9","CG0051","doi:10.1007/s10009-016-0415-4","An integrated specification and verification technique for highly concurrent data structures","full-text","linked-existing","S170","include-closest","PA74","yes","https://user.it.uu.se/~bengt/Papers/Full/sttt17.pdf","Abstract; §2 CAS semantics; §§5–7; Table 1; §8","Codex-assisted triage; human confirmation pending","2026-07-31","pending","Canonicalized to S170. Included as parameterized automatic Treiber safety prior art. The method verifies linearizability/conformance for Treiber variants with arbitrary thread counts and unbounded heap/data domains under SC and mismatch-only exact CAS; it contains no progress, fairness, weak-memory, or genuine weak-CAS theorem."
"20260731T061500Z-new-closest-union","79079f201c6448cb41256c256d3f432439667272fd89350fd9954535704ec8c9","CG0052","doi:10.1007/s10009-019-00514-6","Stateless model checking of the Linux kernel’s read–copy update (RCU)","full-text","include-adjacent","","","","yes","https://people.inf.ethz.ch/mkokologiann/papers/sttt2019-rcu.pdf","Primary-source scope screen; main definitions, theorems, evaluation, and stated limitations","Codex-assisted triage; human confirmation pending","2026-07-31","pending","Retained as an adjacent result covering at least one target dimension. The theorem-level screen found no result combining RC11 Treiber, genuine weak CAS, separate primitive justice, an all-spurious separation execution, unbounded Treiber response progress, and machine-checked safety/liveness composition."
"20260731T061500Z-new-closest-union","79079f201c6448cb41256c256d3f432439667272fd89350fd9954535704ec8c9","CG0053","doi:10.1007/s10703-005-1489-x","Software Model Checking: The VeriSoft Approach","metadata","exclude-topic","","","","partial","https://doi.org/10.1007/s10703-005-1489-x","title, abstract, scope, and available primary-text screen","Codex-assisted triage; human confirmation pending","2026-07-31","pending","The identified subject and stated results are outside the target conjunction; no absence claim is made about any inaccessible text."
"20260731T061500Z-new-closest-union","79079f201c6448cb41256c256d3f432439667272fd89350fd9954535704ec8c9","CG0082","doi:10.1145/1040305.1040315","Dynamic partial-order reduction for model checking software","metadata","exclude-topic","","","","partial","https://doi.org/10.1145/1040305.1040315","title, abstract, scope, and available primary-text screen","Codex-assisted triage; human confirmation pending","2026-07-31","pending","The identified subject and stated results are outside the target conjunction; no absence claim is made about any inaccessible text."
"20260731T061500Z-new-closest-union","79079f201c6448cb41256c256d3f432439667272fd89350fd9954535704ec8c9","CG0104","doi:10.1145/263699.263717","Model checking for programming languages using VeriSoft","metadata","exclude-topic","","","","partial","https://doi.org/10.1145/263699.263717","title, abstract, scope, and available primary-text screen","Codex-assisted triage; human confirmation pending","2026-07-31","pending","The identified subject and stated results are outside the target conjunction; no absence claim is made about any inaccessible text."
"20260731T061500Z-new-closest-union","79079f201c6448cb41256c256d3f432439667272fd89350fd9954535704ec8c9","CG0110","doi:10.1145/2737924.2737975","Stateless model checking concurrent programs with maximal causality reduction","metadata","exclude-topic","","","","partial","https://doi.org/10.1145/2737924.2737975","title, abstract, scope, and available primary-text screen","Codex-assisted triage; human confirmation pending","2026-07-31","pending","The identified subject and stated results are outside the target conjunction; no absence claim is made about any inaccessible text."
"20260731T061500Z-new-closest-union","79079f201c6448cb41256c256d3f432439667272fd89350fd9954535704ec8c9","CG0116","doi:10.1145/2814270.2814297","SATCheck: SAT-directed stateless model checking for SC and TSO","full-text","include-adjacent","","","","yes","https://plrg.eecs.uci.edu/publications/oopsla15mc.pdf","Primary-source scope screen; main definitions, theorems, evaluation, and stated limitations","Codex-assisted triage; human confirmation pending","2026-07-31","pending","Retained as an adjacent result covering at least one target dimension. The theorem-level screen found no result combining RC11 Treiber, genuine weak CAS, separate primitive justice, an all-spurious separation execution, unbounded Treiber response progress, and machine-checked safety/liveness composition."
"20260731T061500Z-new-closest-union","79079f201c6448cb41256c256d3f432439667272fd89350fd9954535704ec8c9","CG0131","doi:10.1145/3009837.3009883","Ogre and Pythia: an invariance proof method for weak consistency models","full-text","include-context","","","","yes","https://discovery.ucl.ac.uk/1550683/1/Alglave_Ogre_Pythia_Invariance.pdf","Primary-source scope screen; main definitions, theorems, evaluation, and stated limitations","Codex-assisted triage; human confirmation pending","2026-07-31","pending","Retained as contextual weak-memory or verification evidence. The theorem-level screen found no result combining RC11 Treiber, genuine weak CAS, separate primitive justice, an all-spurious separation execution, unbounded Treiber response progress, and machine-checked safety/liveness composition."
"20260731T061500Z-new-closest-union","79079f201c6448cb41256c256d3f432439667272fd89350fd9954535704ec8c9","CG0136","doi:10.1145/3092282.3092287","Stateless model checking of the Linux kernel's hierarchical read-copy-update (tree RCU)","metadata","exclude-duplicate","","","","not-applicable","","provider identity, title, and version/alias screen","Codex-assisted triage; human confirmation pending","2026-07-31","pending","Bibliographic alias, predecessor, parser duplicate, or noncanonical version; the canonical work or result family was screened separately and is not counted twice."
"20260731T061500Z-new-closest-union","79079f201c6448cb41256c256d3f432439667272fd89350fd9954535704ec8c9","CG0141","doi:10.1145/3133877","Model checking copy phases of concurrent copying garbage collection with various memory models","full-text","include-context","","","","yes","https://doi.org/10.1145/3133877","Primary-source scope screen; main definitions, theorems, evaluation, and stated limitations","Codex-assisted triage; human confirmation pending","2026-07-31","pending","Retained as contextual weak-memory or verification evidence. The theorem-level screen found no result combining RC11 Treiber, genuine weak CAS, separate primitive justice, an all-spurious separation execution, unbounded Treiber response progress, and machine-checked safety/liveness composition."
"20260731T061500Z-new-closest-union","79079f201c6448cb41256c256d3f432439667272fd89350fd9954535704ec8c9","CG0145","doi:10.1145/3158105","Effective stateless model checking for C/C++ concurrency","full-text","linked-existing","S120","include-adjacent","","yes","https://plv.mpi-sws.org/rcmc/full-paper.pdf","§2.6 p. 6; §2.8 failed-CAS-loop optimization pp. 9–10; Theorems 4.6 and 4.16 pp. 20–21; implementation/evaluation pp. 24–25","Codex-assisted triage; human confirmation pending","2026-07-31","pending","Canonicalized to S120. Included as an important RC11 exact-CAS safety boundary. Equality determines CAS success, and failed retry iterations may be erased or replaced for safety exploration; that abstraction cannot prove liveness with genuine compare-equal spurious failures."
"20260731T061500Z-new-closest-union","79079f201c6448cb41256c256d3f432439667272fd89350fd9954535704ec8c9","CG0150","doi:10.1145/3314221.3314609","Model checking for weakly consistent libraries","full-text","linked-existing","S99","include-adjacent","","yes","https://plv.mpi-sws.org/genmc/paper.pdf","§§2.6 and 4.4–6; Theorem 4.1","Codex-assisted triage; human confirmation pending","2026-07-31","pending","Canonicalized to S99. Included as GenMC's weak-library safety precursor. It proves soundness, completeness, and optimality for safety exploration under RC11-family models, treating CAS as an atomic exact RMW; it has no Treiber or liveness theorem and no primitive-fairness dimension."
"20260731T061500Z-new-closest-union","79079f201c6448cb41256c256d3f432439667272fd89350fd9954535704ec8c9","CG0152","doi:10.1145/3314221.3314649","Verification of programs under the release-acquire semantics","full-text","include-context","","","","yes","https://www.cs.cmu.edu/afs/cs.cmu.edu/user/jatina/www/public_html/_site/assets/docs/main.pdf","Primary-source scope screen; main definitions, theorems, evaluation, and stated limitations","Codex-assisted triage; human confirmation pending","2026-07-31","pending","Retained as contextual weak-memory or verification evidence. The theorem-level screen found no result combining RC11 Treiber, genuine weak CAS, separate primitive justice, an all-spurious separation execution, unbounded Treiber response progress, and machine-checked safety/liveness composition."
"20260731T061500Z-new-closest-union","79079f201c6448cb41256c256d3f432439667272fd89350fd9954535704ec8c9","CG0155","doi:10.1145/3360576","Optimal stateless model checking for reads-from equivalence under sequential consistency","metadata","exclude-topic","","","","partial","https://doi.org/10.1145/3360576","title, abstract, scope, and available primary-text screen","Codex-assisted triage; human confirmation pending","2026-07-31","pending","The identified subject and stated results are outside the target conjunction; no absence claim is made about any inaccessible text."
"20260731T061500Z-new-closest-union","79079f201c6448cb41256c256d3f432439667272fd89350fd9954535704ec8c9","CG0156","doi:10.1145/3360599","Effective lock handling in stateless model checking","metadata","exclude-topic","","","","partial","https://doi.org/10.1145/3360599","title, abstract, scope, and available primary-text screen","Codex-assisted triage; human confirmation pending","2026-07-31","pending","The identified subject and stated results are outside the target conjunction; no absence claim is made about any inaccessible text."
"20260731T061500Z-new-closest-union","79079f201c6448cb41256c256d3f432439667272fd89350fd9954535704ec8c9","CG0158","doi:10.1145/3373376.3378480","HMC: Model Checking for Hardware Memory Models","full-text","linked-existing","S121","include-closest","PA58","yes","https://plv.mpi-sws.org/wmc/hmc-paper.pdf","Abstract and §1 p. 1; CAS semantics §2 pp. 2–4; §5 and Table 4 pp. 10–12; conclusion","Codex-assisted triage; human confirmation pending","2026-07-31","pending","Canonicalized to S121. Included as direct bounded weak-hardware-memory Treiber safety prior art. HMC's STC benchmark is Treiber and uses exact CAS; there is no fairness premise, genuine weak-CAS failure, primitive justice, or unbounded response theorem."
"20260731T061500Z-new-closest-union","79079f201c6448cb41256c256d3f432439667272fd89350fd9954535704ec8c9","CG0163","doi:10.1145/3477132.3483540","Using Lightweight Formal Methods to Validate a Key-Value Storage Node in Amazon S3","metadata","exclude-topic","","","","partial","https://doi.org/10.1145/3477132.3483540","title, abstract, scope, and available primary-text screen","Codex-assisted triage; human confirmation pending","2026-07-31","pending","The identified subject and stated results are outside the target conjunction; no absence claim is made about any inaccessible text."
"20260731T061500Z-new-closest-union","79079f201c6448cb41256c256d3f432439667272fd89350fd9954535704ec8c9","CG0169","doi:10.1145/3563315","Model checking for a multi-execution memory model","full-text","linked-existing","S122","include-closest","PA59","yes","https://eupp.github.io/papers/oopsla2022-wmc.pdf","Abstract and §1; Theorem 2.5 p. 5; Theorems 3.12, 3.14, and 3.15 pp. 12–14; §5 and Table 2 p. 24","Codex-assisted triage; human confirmation pending","2026-07-31","pending","Canonicalized to S122. Included as direct Weakestmo2/WMC Treiber prior art. The treiber-stack-bnd benchmark is manually unrolled; the paper's fairness wording normalizes experiments across tools rather than stating an execution-fairness or progress theorem."
"20260731T061500Z-new-closest-union","79079f201c6448cb41256c256d3f432439667272fd89350fd9954535704ec8c9","CG0183","doi:10.1145/3689778","Model Checking Distributed Protocols in Must","metadata","exclude-topic","","","","partial","https://doi.org/10.1145/3689778","title, abstract, scope, and available primary-text screen","Codex-assisted triage; human confirmation pending","2026-07-31","pending","The identified subject and stated results are outside the target conjunction; no absence claim is made about any inaccessible text."
"20260731T061500Z-new-closest-union","79079f201c6448cb41256c256d3f432439667272fd89350fd9954535704ec8c9","CG0188","doi:10.1145/3779212.3790150","CXLMC: Model Checking CXL Shared Memory Programs","metadata","exclude-topic","","","","partial","https://doi.org/10.1145/3779212.3790150","title, abstract, scope, and available primary-text screen","Codex-assisted triage; human confirmation pending","2026-07-31","pending","The identified subject and stated results are outside the target conjunction; no absence claim is made about any inaccessible text."
"20260731T061500Z-new-closest-union","79079f201c6448cb41256c256d3f432439667272fd89350fd9954535704ec8c9","CG0214","s2:770418222ab517ecc1288fcfe6235de593a1125c","Concurrency and Security Verification in Heterogeneous Parallel Systems","metadata","exclude-topic","","","","partial","","title, abstract, scope, and available primary-text screen","Codex-assisted triage; human confirmation pending","2026-07-31","pending","The identified subject and stated results are outside the target conjunction; no absence claim is made about any inaccessible text."
"20260731T061500Z-new-closest-union","79079f201c6448cb41256c256d3f432439667272fd89350fd9954535704ec8c9","CG0224","s2:b10f90d7a21757373e44674b0fe5455aa9529684","Towards Eﬀicient Verification of Parallel Applications with Mc SimGrid","metadata","exclude-duplicate","","","","not-applicable","","provider identity, title, and version/alias screen","Codex-assisted triage; human confirmation pending","2026-07-31","pending","Bibliographic alias, predecessor, parser duplicate, or noncanonical version; the canonical work or result family was screened separately and is not counted twice."
"20260731T061500Z-new-closest-union","79079f201c6448cb41256c256d3f432439667272fd89350fd9954535704ec8c9","CG0228","s2:ca22066f6396d706496e126295574a28418abbdc","Model Checking on Multi-execution Memory Models","full-text","linked-existing","S122","include-closest","PA59","yes","https://eupp.github.io/papers/oopsla2022-wmc.pdf","Abstract and §1; Theorem 2.5 p. 5; Theorems 3.12, 3.14, and 3.15 pp. 12–14; §5 and Table 2 p. 24","Codex-assisted triage; human confirmation pending","2026-07-31","pending","Canonicalized to S122. Included as direct Weakestmo2/WMC Treiber prior art. The treiber-stack-bnd benchmark is manually unrolled; the paper's fairness wording normalizes experiments across tools rather than stating an execution-fairness or progress theorem."
"20260731T061500Z-new-closest-union","79079f201c6448cb41256c256d3f432439667272fd89350fd9954535704ec8c9","CG0236","s2:fa185bd855bd1c894ca176d5f07f9560d6d68d58","Verification of Concurrent Data Structures with TLA","full-text","include-adjacent","","","","yes","https://openresearch-repository.anu.edu.au/server/api/core/bitstreams/22fffcae-3646-4263-a663-cb9a7c36f26e/content","Primary-source scope screen; main definitions, theorems, evaluation, and stated limitations","Codex-assisted triage; human confirmation pending","2026-07-31","pending","Retained as an adjacent result covering at least one target dimension. The theorem-level screen found no result combining RC11 Treiber, genuine weak CAS, separate primitive justice, an all-spurious separation execution, unbounded Treiber response progress, and machine-checked safety/liveness composition."
"20260731T061500Z-new-closest-union","79079f201c6448cb41256c256d3f432439667272fd89350fd9954535704ec8c9","CG0237","s2:fc66018aeb176ccd3eaca6cdbd65d121000e603f","BWoS: Formally Verified Block-based Work Stealing for Parallel Processing","full-text","linked-existing","S139","include-closest","PA62","yes","https://www.usenix.org/system/files/osdi23-wang-jiawei.pdf","§5.1 pp. 839–841; bounded client and individual-operation limitations","Codex-assisted triage; human confirmation pending","2026-07-31","pending","Canonicalized to S139. Included as direct weak-memory loop-termination tool evidence. GenMC/VSync checks every unbounded spin loop and bounded failure-retry loop in a small fixed IMM/RC11 BWoS client, but cannot verify individual operations generally; it is not an unbounded object theorem and uses exact CAS."
"20260731T061500Z-new-closest-union","79079f201c6448cb41256c256d3f432439667272fd89350fd9954535704ec8c9","CG0238","unknown:semanticscholar:cs044:references:0:30","Replication Package for Awaiting for Godot: Stateless Model Checking that Avoids Executions where Nothing Happens","metadata","exclude-secondary","","","","partial","","title, abstract, document type, and lineage screen","Codex-assisted triage; human confirmation pending","2026-07-31","pending","Secondary, survey, dissertation expansion, artifact-only companion, or proceedings-level record; relevant constituent primary research is retained separately."
"20260731T061500Z-new-closest-union","79079f201c6448cb41256c256d3f432439667272fd89350fd9954535704ec8c9","CG0240","unknown:semanticscholar:cs044:references:0:34","“Model checking without a model: An analysis of the heart-beat monitor of a telephone switch using VeriSoft,”","metadata","exclude-topic","","","","partial","","title, abstract, scope, and available primary-text screen","Codex-assisted triage; human confirmation pending","2026-07-31","pending","The identified subject and stated results are outside the target conjunction; no absence claim is made about any inaccessible text."
"20260731T061500Z-new-closest-union","79079f201c6448cb41256c256d3f432439667272fd89350fd9954535704ec8c9","CG0245","unknown:semanticscholar:cs044:references:0:40","Awaiting for Godot : Stateless model checking that avoids executions where nothing happens , ” arXiv CoRR , Aug . 2022 , Extended Version with Proofs","full-text","linked-existing","S97","include-closest","PA53","yes","https://arxiv.org/pdf/2208.09259","§§II–V; Theorems 1–2; Table I","Codex-assisted triage; human confirmation pending","2026-07-31","pending","Canonicalized to S97. Included as a direct Treiber/spinloop model-checking threat. Its operational model is sequentially consistent, CAS is exact, and Theorems 1–2 establish behavior preservation and correct optimal exploration for terminating programs rather than Treiber progress. It has no RC11, genuine weak CAS, primitive justice, all-spurious witness, or proof-assistant certificate."
"20260731T061500Z-new-closest-union","79079f201c6448cb41256c256d3f432439667272fd89350fd9954535704ec8c9","CG0002","arxiv:1904.04291","Analysis of Commutativity with State-Chart Graph Representation of Concurrent Programs","metadata","exclude-topic","","","","partial","https://arxiv.org/pdf/1904.04291","title, abstract, scope, and available primary-text screen","Codex-assisted triage; human confirmation pending","2026-07-31","pending","The identified subject and stated results are outside the target conjunction; no absence claim is made about any inaccessible text."
"20260731T061500Z-new-closest-union","79079f201c6448cb41256c256d3f432439667272fd89350fd9954535704ec8c9","CG0004","arxiv:2009.03846","On Architecture to Architecture Mapping for Concurrency","full-text","include-context","","","","yes","https://arxiv.org/pdf/2009.03846","Primary-source scope screen; main definitions, theorems, evaluation, and stated limitations","Codex-assisted triage; human confirmation pending","2026-07-31","pending","Retained as contextual weak-memory or verification evidence. The theorem-level screen found no result combining RC11 Treiber, genuine weak CAS, separate primitive justice, an all-spurious separation execution, unbounded Treiber response progress, and machine-checked safety/liveness composition."
"20260731T061500Z-new-closest-union","79079f201c6448cb41256c256d3f432439667272fd89350fd9954535704ec8c9","CG0008","arxiv:2405.11128","Parsimonious Optimal Dynamic Partial Order Reduction","metadata","exclude-duplicate","","","","not-applicable","","provider identity, title, and version/alias screen","Codex-assisted triage; human confirmation pending","2026-07-31","pending","Bibliographic alias, predecessor, parser duplicate, or noncanonical version; the canonical work or result family was screened separately and is not counted twice."
"20260731T061500Z-new-closest-union","79079f201c6448cb41256c256d3f432439667272fd89350fd9954535704ec8c9","CG0009","arxiv:2407.15805","A simple and fast C++ thread pool implementation capable of running task graphs","metadata","exclude-topic","","","","partial","https://doi.org/10.48550/arxiv.2407.15805","title, abstract, scope, and available primary-text screen","Codex-assisted triage; human confirmation pending","2026-07-31","pending","The identified subject and stated results are outside the target conjunction; no absence claim is made about any inaccessible text."
"20260731T061500Z-new-closest-union","79079f201c6448cb41256c256d3f432439667272fd89350fd9954535704ec8c9","CG0010","arxiv:2411.16921","Revisiting Stateful Partial-Order Reduction","metadata","exclude-topic","","","","partial","https://doi.org/10.48550/arxiv.2411.16921","title, abstract, scope, and available primary-text screen","Codex-assisted triage; human confirmation pending","2026-07-31","pending","The identified subject and stated results are outside the target conjunction; no absence claim is made about any inaccessible text."
"20260731T061500Z-new-closest-union","79079f201c6448cb41256c256d3f432439667272fd89350fd9954535704ec8c9","CG0011","arxiv:2501.14326","Assessing Large Language Models in Comprehending and Verifying Concurrent Programs across Memory Models","metadata","exclude-duplicate","","","","not-applicable","","provider identity, title, and version/alias screen","Codex-assisted triage; human confirmation pending","2026-07-31","pending","Bibliographic alias, predecessor, parser duplicate, or noncanonical version; the canonical work or result family was screened separately and is not counted twice."
"20260731T061500Z-new-closest-union","79079f201c6448cb41256c256d3f432439667272fd89350fd9954535704ec8c9","CG0014","doi:10.1002/cpe.5732","Dynamic Transactional Transformation","metadata","exclude-topic","","","","partial","https://doi.org/10.1002/cpe.5732","title, abstract, scope, and available primary-text screen","Codex-assisted triage; human confirmation pending","2026-07-31","pending","The identified subject and stated results are outside the target conjunction; no absence claim is made about any inaccessible text."
"20260731T061500Z-new-closest-union","79079f201c6448cb41256c256d3f432439667272fd89350fd9954535704ec8c9","CG0016","doi:10.1007/11813040_32","","full-text","include-context","","","","yes","https://www.comp.nus.edu.sg/~abhik/pdf/mmchecker.pdf","Primary-source scope screen; main definitions, theorems, evaluation, and stated limitations","Codex-assisted triage; human confirmation pending","2026-07-31","pending","Retained as contextual weak-memory or verification evidence. The theorem-level screen found no result combining RC11 Treiber, genuine weak CAS, separate primitive justice, an all-spurious separation execution, unbounded Treiber response progress, and machine-checked safety/liveness composition."
"20260731T061500Z-new-closest-union","79079f201c6448cb41256c256d3f432439667272fd89350fd9954535704ec8c9","CG0017","doi:10.1007/3-540-17906-2_30","","metadata","exclude-topic","","","","partial","https://doi.org/10.1007/3-540-17906-2_30","title, abstract, scope, and available primary-text screen","Codex-assisted triage; human confirmation pending","2026-07-31","pending","The identified subject and stated results are outside the target conjunction; no absence claim is made about any inaccessible text."
"20260731T061500Z-new-closest-union","79079f201c6448cb41256c256d3f432439667272fd89350fd9954535704ec8c9","CG0018","doi:10.1007/978-0-387-09766-4_491","Trace Theory","metadata","exclude-secondary","","","","partial","https://doi.org/10.1007/978-0-387-09766-4_491","title, abstract, document type, and lineage screen","Codex-assisted triage; human confirmation pending","2026-07-31","pending","Secondary, survey, dissertation expansion, artifact-only companion, or proceedings-level record; relevant constituent primary research is retained separately."
"20260731T061500Z-new-closest-union","79079f201c6448cb41256c256d3f432439667272fd89350fd9954535704ec8c9","CG0020","doi:10.1007/978-3-030-25540-4_22","Cerberus-BMC: A Principled Reference Semantics and Exploration Tool for Concurrent and Sequential C","full-text","include-context","","","","yes","https://www.cl.cam.ac.uk/~pes20/cerberus/bmc-cerberus.pdf","Primary-source scope screen; main definitions, theorems, evaluation, and stated limitations","Codex-assisted triage; human confirmation pending","2026-07-31","pending","Retained as contextual weak-memory or verification evidence. The theorem-level screen found no result combining RC11 Treiber, genuine weak CAS, separate primitive justice, an all-spurious separation execution, unbounded Treiber response progress, and machine-checked safety/liveness composition."
"20260731T061500Z-new-closest-union","79079f201c6448cb41256c256d3f432439667272fd89350fd9954535704ec8c9","CG0022","doi:10.1007/978-3-030-55754-6_16","Per-Location Simulation","full-text","include-adjacent","","","","partial","https://link.springer.com/content/pdf/10.1007/978-3-030-55754-6_16.pdf","Primary-source scope screen; main definitions, theorems, evaluation, and stated limitations","Codex-assisted triage; human confirmation pending","2026-07-31","pending","Retained as an adjacent result covering at least one target dimension. The theorem-level screen found no result combining RC11 Treiber, genuine weak CAS, separate primitive justice, an all-spurious separation execution, unbounded Treiber response progress, and machine-checked safety/liveness composition."
"20260731T061500Z-new-closest-union","79079f201c6448cb41256c256d3f432439667272fd89350fd9954535704ec8c9","CG0025","doi:10.1007/978-3-031-19992-9_6","","full-text","include-context","","","","yes","https://arxiv.org/pdf/2208.00285","Primary-source scope screen; main definitions, theorems, evaluation, and stated limitations","Codex-assisted triage; human confirmation pending","2026-07-31","pending","Retained as contextual weak-memory or verification evidence. The theorem-level screen found no result combining RC11 Treiber, genuine weak CAS, separate primitive justice, an all-spurious separation execution, unbounded Treiber response progress, and machine-checked safety/liveness composition."
"20260731T061500Z-new-closest-union","79079f201c6448cb41256c256d3f432439667272fd89350fd9954535704ec8c9","CG0026","doi:10.1007/978-3-031-30820-8_26","","metadata","exclude-topic","","","","partial","https://doi.org/10.1007/978-3-031-30820-8_26","title, abstract, scope, and available primary-text screen","Codex-assisted triage; human confirmation pending","2026-07-31","pending","The identified subject and stated results are outside the target conjunction; no absence claim is made about any inaccessible text."
"20260731T061500Z-new-closest-union","79079f201c6448cb41256c256d3f432439667272fd89350fd9954535704ec8c9","CG0027","doi:10.1007/978-3-031-37706-8_12","Unblocking Dynamic Partial Order Reduction","metadata","exclude-topic","","","","partial","https://doi.org/10.1007/978-3-031-37706-8_12","title, abstract, scope, and available primary-text screen","Codex-assisted triage; human confirmation pending","2026-07-31","pending","The identified subject and stated results are outside the target conjunction; no absence claim is made about any inaccessible text."
"20260731T061500Z-new-closest-union","79079f201c6448cb41256c256d3f432439667272fd89350fd9954535704ec8c9","CG0028","doi:10.1007/978-3-031-57249-4_4","Enhancing GenMC's Usability and Performance","full-text","linked-existing","S126","include-version-audit","","yes","https://plv.mpi-sws.org/genmc/tacas2024-gater.pdf","Abstract and §1 pp. 1–2; §3 and Figure 4 p. 9; §5 Treiber tables pp. 12–13; conclusion","Codex-assisted triage; human confirmation pending","2026-07-31","pending","Canonicalized to S126. Retained as a versioned GenMC follow-up with additional Treiber state-space evidence. It belongs to the S70/PA49 lineage and does not add an independent weak-CAS fairness or unbounded liveness theorem."
"20260731T061500Z-new-closest-union","79079f201c6448cb41256c256d3f432439667272fd89350fd9954535704ec8c9","CG0029","doi:10.1007/978-3-031-65630-9_2","","metadata","exclude-topic","","","","partial","https://doi.org/10.1007/978-3-031-65630-9_2","title, abstract, scope, and available primary-text screen","Codex-assisted triage; human confirmation pending","2026-07-31","pending","The identified subject and stated results are outside the target conjunction; no absence claim is made about any inaccessible text."
"20260731T061500Z-new-closest-union","79079f201c6448cb41256c256d3f432439667272fd89350fd9954535704ec8c9","CG0030","doi:10.1007/978-3-031-73751-0_8","","metadata","exclude-topic","","","","partial","https://doi.org/10.1007/978-3-031-73751-0_8","title, abstract, scope, and available primary-text screen","Codex-assisted triage; human confirmation pending","2026-07-31","pending","The identified subject and stated results are outside the target conjunction; no absence claim is made about any inaccessible text."
"20260731T061500Z-new-closest-union","79079f201c6448cb41256c256d3f432439667272fd89350fd9954535704ec8c9","CG0031","doi:10.1007/978-3-032-26220-2_12","Complexity of Consistency Testing for the Release-Acquire Semantics","full-text","include-context","","","","yes","https://arxiv.org/pdf/2604.09589","Primary-source scope screen; main definitions, theorems, evaluation, and stated limitations","Codex-assisted triage; human confirmation pending","2026-07-31","pending","Retained as contextual weak-memory or verification evidence. The theorem-level screen found no result combining RC11 Treiber, genuine weak CAS, separate primitive justice, an all-spurious separation execution, unbounded Treiber response progress, and machine-checked safety/liveness composition."
"20260731T061500Z-new-closest-union","79079f201c6448cb41256c256d3f432439667272fd89350fd9954535704ec8c9","CG0033","doi:10.1007/978-3-319-10936-7_15","Synthesis of Memory Fences via Refinement Propagation","full-text","include-adjacent","","","","yes","https://files.sri.inf.ethz.ch/website/papers/sas14-smfrp.pdf","Primary-source scope screen; main definitions, theorems, evaluation, and stated limitations","Codex-assisted triage; human confirmation pending","2026-07-31","pending","Retained as an adjacent result covering at least one target dimension. The theorem-level screen found no result combining RC11 Treiber, genuine weak CAS, separate primitive justice, an all-spurious separation execution, unbounded Treiber response progress, and machine-checked safety/liveness composition."
"20260731T061500Z-new-closest-union","79079f201c6448cb41256c256d3f432439667272fd89350fd9954535704ec8c9","CG0034","doi:10.1007/978-3-319-17524-9_35","Reporting Races in Dynamic Partial Order Reduction","metadata","exclude-topic","","","","partial","https://doi.org/10.1007/978-3-319-17524-9_35","title, abstract, scope, and available primary-text screen","Codex-assisted triage; human confirmation pending","2026-07-31","pending","The identified subject and stated results are outside the target conjunction; no absence claim is made about any inaccessible text."
"20260731T061500Z-new-closest-union","79079f201c6448cb41256c256d3f432439667272fd89350fd9954535704ec8c9","CG0036","doi:10.1007/978-3-319-29613-5_10","Moving Around: Lipton's Reduction for TSO - (Regular Submission)","full-text","include-context","","","","partial","https://link.springer.com/content/pdf/10.1007/978-3-319-29613-5_10.pdf","Primary-source scope screen; main definitions, theorems, evaluation, and stated limitations","Codex-assisted triage; human confirmation pending","2026-07-31","pending","Retained as contextual weak-memory or verification evidence. The theorem-level screen found no result combining RC11 Treiber, genuine weak CAS, separate primitive justice, an all-spurious separation execution, unbounded Treiber response progress, and machine-checked safety/liveness composition."
"20260731T061500Z-new-closest-union","79079f201c6448cb41256c256d3f432439667272fd89350fd9954535704ec8c9","CG0038","doi:10.1007/978-3-319-89963-3_14","Optimal Dynamic Partial Order Reduction with Observers","metadata","exclude-topic","","","","partial","https://doi.org/10.1007/978-3-319-89963-3_14","title, abstract, scope, and available primary-text screen","Codex-assisted triage; human confirmation pending","2026-07-31","pending","The identified subject and stated results are outside the target conjunction; no absence claim is made about any inaccessible text."
"20260731T061500Z-new-closest-union","79079f201c6448cb41256c256d3f432439667272fd89350fd9954535704ec8c9","CG0039","doi:10.1007/978-3-319-96142-2_20","Partial Order Aware Concurrency Sampling","metadata","exclude-topic","","","","partial","https://doi.org/10.1007/978-3-319-96142-2_20","title, abstract, scope, and available primary-text screen","Codex-assisted triage; human confirmation pending","2026-07-31","pending","The identified subject and stated results are outside the target conjunction; no absence claim is made about any inaccessible text."
"20260731T061500Z-new-closest-union","79079f201c6448cb41256c256d3f432439667272fd89350fd9954535704ec8c9","CG0040","doi:10.1007/978-3-540-85114-1_20","","metadata","exclude-topic","","","","partial","https://doi.org/10.1007/978-3-540-85114-1_20","title, abstract, scope, and available primary-text screen","Codex-assisted triage; human confirmation pending","2026-07-31","pending","The identified subject and stated results are outside the target conjunction; no absence claim is made about any inaccessible text."
"20260731T061500Z-new-closest-union","79079f201c6448cb41256c256d3f432439667272fd89350fd9954535704ec8c9","CG0041","doi:10.1007/978-3-540-88387-6_11","","metadata","exclude-topic","","","","partial","https://doi.org/10.1007/978-3-540-88387-6_11","title, abstract, scope, and available primary-text screen","Codex-assisted triage; human confirmation pending","2026-07-31","pending","The identified subject and stated results are outside the target conjunction; no absence claim is made about any inaccessible text."
"20260731T061500Z-new-closest-union","79079f201c6448cb41256c256d3f432439667272fd89350fd9954535704ec8c9","CG0042","doi:10.1007/978-3-642-02652-2_22","","metadata","exclude-topic","","","","partial","https://doi.org/10.1007/978-3-642-02652-2_22","title, abstract, scope, and available primary-text screen","Codex-assisted triage; human confirmation pending","2026-07-31","pending","The identified subject and stated results are outside the target conjunction; no absence claim is made about any inaccessible text."
"20260731T061500Z-new-closest-union","79079f201c6448cb41256c256d3f432439667272fd89350fd9954535704ec8c9","CG0043","doi:10.1007/978-3-662-46669-8","Programming Languages and Systems","metadata","exclude-secondary","","","","partial","https://doi.org/10.1007/978-3-662-46669-8","title, abstract, document type, and lineage screen","Codex-assisted triage; human confirmation pending","2026-07-31","pending","Secondary, survey, dissertation expansion, artifact-only companion, or proceedings-level record; relevant constituent primary research is retained separately."
"20260731T061500Z-new-closest-union","79079f201c6448cb41256c256d3f432439667272fd89350fd9954535704ec8c9","CG0044","doi:10.1007/978-3-662-46669-8_12","The Problem of Programming Language Concurrency Semantics","full-text","include-adjacent","","","","yes","https://kar.kent.ac.uk/50271/1/c_concurrency_challenges.pdf","Primary-source scope screen; main definitions, theorems, evaluation, and stated limitations","Codex-assisted triage; human confirmation pending","2026-07-31","pending","Retained as an adjacent result covering at least one target dimension. The theorem-level screen found no result combining RC11 Treiber, genuine weak CAS, separate primitive justice, an all-spurious separation execution, unbounded Treiber response progress, and machine-checked safety/liveness composition."
"20260731T061500Z-new-closest-union","79079f201c6448cb41256c256d3f432439667272fd89350fd9954535704ec8c9","CG0045","doi:10.1007/978-3-662-46681-0_28","","full-text","linked-existing","S119","include-version-audit","","yes","https://arxiv.org/pdf/1501.02069","§§2–4 pp. 3–10; Theorems 1–2 p. 10; §5 pp. 11–13","Codex-assisted triage; human confirmation pending","2026-07-31","pending","Canonicalized to S119. Retained as the journal form of the TACAS trace-optimal TSO/PSO lineage. Its theorem concerns terminating finite safety exploration, not fairness or object liveness; conference and journal forms count as one result family."
"20260731T061500Z-new-closest-union","79079f201c6448cb41256c256d3f432439667272fd89350fd9954535704ec8c9","CG0047","doi:10.1007/978-3-662-54434-1_17","Tackling Real-Life Relaxed Concurrency with FSL++","full-text","include-adjacent","","","","yes","https://plv.mpi-sws.org/fsl/ARC/paper.pdf","Primary-source scope screen; main definitions, theorems, evaluation, and stated limitations","Codex-assisted triage; human confirmation pending","2026-07-31","pending","Retained as an adjacent result covering at least one target dimension. The theorem-level screen found no result combining RC11 Treiber, genuine weak CAS, separate primitive justice, an all-spurious separation execution, unbounded Treiber response progress, and machine-checked safety/liveness composition."
"20260731T061500Z-new-closest-union","79079f201c6448cb41256c256d3f432439667272fd89350fd9954535704ec8c9","CG0048","doi:10.1007/978-981-97-8943-6_17","","full-text","linked-existing","S142","include-adjacent","","yes","https://link.springer.com/content/pdf/10.1007/978-981-97-8943-6_17.pdf","§§1–2.3 pp. 346–351; §2.3 temporal/liveness limitation; §3.4 pp. 356–357","Codex-assisted triage; human confirmation pending","2026-07-31","pending","Canonicalized to S142. Included as mixed-size C11/C++11 stateless-checking prior art. The work is safety-oriented, explicitly notes loss of temporal/liveness properties, and leaves mixed-size atomic semantics open."
"20260731T061500Z-new-closest-union","79079f201c6448cb41256c256d3f432439667272fd89350fd9954535704ec8c9","CG0049","doi:10.1007/bf01384077","State-space caching revisited","metadata","exclude-topic","","","","partial","https://doi.org/10.1007/bf01384077","title, abstract, scope, and available primary-text screen","Codex-assisted triage; human confirmation pending","2026-07-31","pending","The identified subject and stated results are outside the target conjunction; no absence claim is made about any inaccessible text."
"20260731T061500Z-new-closest-union","79079f201c6448cb41256c256d3f432439667272fd89350fd9954535704ec8c9","CG0056","doi:10.1007/s11704-020-9501-6","On interleaving space exploration of multi-threaded programs","metadata","exclude-topic","","","","partial","https://doi.org/10.1007/s11704-020-9501-6","title, abstract, scope, and available primary-text screen","Codex-assisted triage; human confirmation pending","2026-07-31","pending","The identified subject and stated results are outside the target conjunction; no absence claim is made about any inaccessible text."
"20260731T061500Z-new-closest-union","79079f201c6448cb41256c256d3f432439667272fd89350fd9954535704ec8c9","CG0057","doi:10.1016/j.cl.2016.01.001","Lightweight runtime checking of C programs with RTC","metadata","exclude-topic","","","","partial","https://doi.org/10.1016/j.cl.2016.01.001","title, abstract, scope, and available primary-text screen","Codex-assisted triage; human confirmation pending","2026-07-31","pending","The identified subject and stated results are outside the target conjunction; no absence claim is made about any inaccessible text."
"20260731T061500Z-new-closest-union","79079f201c6448cb41256c256d3f432439667272fd89350fd9954535704ec8c9","CG0058","doi:10.1016/j.infsof.2016.04.004","An extensive empirical study on C++ concurrency constructs","metadata","exclude-topic","","","","partial","https://doi.org/10.1016/j.infsof.2016.04.004","title, abstract, scope, and available primary-text screen","Codex-assisted triage; human confirmation pending","2026-07-31","pending","The identified subject and stated results are outside the target conjunction; no absence claim is made about any inaccessible text."
"20260731T061500Z-new-closest-union","79079f201c6448cb41256c256d3f432439667272fd89350fd9954535704ec8c9","CG0059","doi:10.1016/j.jss.2023.111730","Optimal dynamic partial order reduction with context-sensitive independence and observers","metadata","exclude-topic","","","","partial","https://doi.org/10.1016/j.jss.2023.111730","title, abstract, scope, and available primary-text screen","Codex-assisted triage; human confirmation pending","2026-07-31","pending","The identified subject and stated results are outside the target conjunction; no absence claim is made about any inaccessible text."
"20260731T061500Z-new-closest-union","79079f201c6448cb41256c256d3f432439667272fd89350fd9954535704ec8c9","CG0060","doi:10.1057/ori.2001.2","Implementation","metadata","exclude-topic","","","","partial","https://doi.org/10.1057/ori.2001.2","title, abstract, scope, and available primary-text screen","Codex-assisted triage; human confirmation pending","2026-07-31","pending","The identified subject and stated results are outside the target conjunction; no absence claim is made about any inaccessible text."
"20260731T061500Z-new-closest-union","79079f201c6448cb41256c256d3f432439667272fd89350fd9954535704ec8c9","CG0061","doi:10.1109/12.752664","","full-text","include-context","","","","partial","https://doi.org/10.1109/12.752664","Primary-source scope screen; main definitions, theorems, evaluation, and stated limitations","Codex-assisted triage; human confirmation pending","2026-07-31","pending","Retained as contextual weak-memory or verification evidence. The theorem-level screen found no result combining RC11 Treiber, genuine weak CAS, separate primitive justice, an all-spurious separation execution, unbounded Treiber response progress, and machine-checked safety/liveness composition."
"20260731T061500Z-new-closest-union","79079f201c6448cb41256c256d3f432439667272fd89350fd9954535704ec8c9","CG0062","doi:10.1109/ase.2017.8115686","Parallel bug-finding in concurrent programs via reduced interleaving instances","metadata","exclude-topic","","","","partial","https://doi.org/10.1109/ase.2017.8115686","title, abstract, scope, and available primary-text screen","Codex-assisted triage; human confirmation pending","2026-07-31","pending","The identified subject and stated results are outside the target conjunction; no absence claim is made about any inaccessible text."
"20260731T061500Z-new-closest-union","79079f201c6448cb41256c256d3f432439667272fd89350fd9954535704ec8c9","CG0063","doi:10.1109/ase51524.2021.9678838","Nekara: Generalized Concurrency Testing","metadata","exclude-topic","","","","partial","https://doi.org/10.1109/ase51524.2021.9678838","title, abstract, scope, and available primary-text screen","Codex-assisted triage; human confirmation pending","2026-07-31","pending","The identified subject and stated results are outside the target conjunction; no absence claim is made about any inaccessible text."
"20260731T061500Z-new-closest-union","79079f201c6448cb41256c256d3f432439667272fd89350fd9954535704ec8c9","CG0064","doi:10.1109/compsac65507.2025.00137","vRM: Verifying Reference Monitors via Exhaustive Access Pattern Generation","metadata","exclude-topic","","","","partial","https://doi.org/10.1109/compsac65507.2025.00137","title, abstract, scope, and available primary-text screen","Codex-assisted triage; human confirmation pending","2026-07-31","pending","The identified subject and stated results are outside the target conjunction; no absence claim is made about any inaccessible text."
"20260731T061500Z-new-closest-union","79079f201c6448cb41256c256d3f432439667272fd89350fd9954535704ec8c9","CG0065","doi:10.1109/esem.2015.7321187","An Empirical Study on C++ Concurrency Constructs","metadata","exclude-duplicate","","","","not-applicable","","provider identity, title, and version/alias screen","Codex-assisted triage; human confirmation pending","2026-07-31","pending","Bibliographic alias, predecessor, parser duplicate, or noncanonical version; the canonical work or result family was screened separately and is not counted twice."
"20260731T061500Z-new-closest-union","79079f201c6448cb41256c256d3f432439667272fd89350fd9954535704ec8c9","CG0066","doi:10.1109/fccm.2018.00025","Concurrency-Aware Thread Scheduling for High-Level Synthesis","metadata","exclude-topic","","","","partial","https://doi.org/10.1109/fccm.2018.00025","title, abstract, scope, and available primary-text screen","Codex-assisted triage; human confirmation pending","2026-07-31","pending","The identified subject and stated results are outside the target conjunction; no absence claim is made about any inaccessible text."
"20260731T061500Z-new-closest-union","79079f201c6448cb41256c256d3f432439667272fd89350fd9954535704ec8c9","CG0067","doi:10.1109/fmcad.2015.7542261","Pattern-based synthesis of synchronization for the C++ memory model","full-text","include-context","","","","yes","https://software.imdea.org/advent-project/pubs/fmcad15.pdf","Primary-source scope screen; main definitions, theorems, evaluation, and stated limitations","Codex-assisted triage; human confirmation pending","2026-07-31","pending","Retained as contextual weak-memory or verification evidence. The theorem-level screen found no result combining RC11 Treiber, genuine weak CAS, separate primitive justice, an all-spurious separation execution, unbounded Treiber response progress, and machine-checked safety/liveness composition."
"20260731T061500Z-new-closest-union","79079f201c6448cb41256c256d3f432439667272fd89350fd9954535704ec8c9","CG0068","doi:10.1109/icpc.2019.00041","CCSpec: A Correctness Condition Specification Tool","metadata","exclude-topic","","","","partial","https://doi.org/10.1109/icpc.2019.00041","title, abstract, scope, and available primary-text screen","Codex-assisted triage; human confirmation pending","2026-07-31","pending","The identified subject and stated results are outside the target conjunction; no absence claim is made about any inaccessible text."
"20260731T061500Z-new-closest-union","79079f201c6448cb41256c256d3f432439667272fd89350fd9954535704ec8c9","CG0069","doi:10.1109/icst.2013.50","Systematic Testing for Detecting Concurrency Errors in Erlang Programs","metadata","exclude-topic","","","","partial","https://doi.org/10.1109/icst.2013.50","title, abstract, scope, and available primary-text screen","Codex-assisted triage; human confirmation pending","2026-07-31","pending","The identified subject and stated results are outside the target conjunction; no absence claim is made about any inaccessible text."
"20260731T061500Z-new-closest-union","79079f201c6448cb41256c256d3f432439667272fd89350fd9954535704ec8c9","CG0071","doi:10.1109/ispa-bdcloud-socialcom-sustaincom51426.2020.00168","A Heuristic Region-based Concurrency Bug Testing Approach","metadata","exclude-topic","","","","partial","https://doi.org/10.1109/ispa-bdcloud-socialcom-sustaincom51426.2020.00168","title, abstract, scope, and available primary-text screen","Codex-assisted triage; human confirmation pending","2026-07-31","pending","The identified subject and stated results are outside the target conjunction; no absence claim is made about any inaccessible text."
"20260731T061500Z-new-closest-union","79079f201c6448cb41256c256d3f432439667272fd89350fd9954535704ec8c9","CG0072","doi:10.1109/issre.2018.00028","Bugaroo: Exposing Memory Model Bugs in Many-Core Systems","full-text","include-context","","","","yes","https://people.tamu.edu/~abdullah.muzahid/files/issre18.pdf","Primary-source scope screen; main definitions, theorems, evaluation, and stated limitations","Codex-assisted triage; human confirmation pending","2026-07-31","pending","Retained as contextual weak-memory or verification evidence. The theorem-level screen found no result combining RC11 Treiber, genuine weak CAS, separate primitive justice, an all-spurious separation execution, unbounded Treiber response progress, and machine-checked safety/liveness composition."
"20260731T061500Z-new-closest-union","79079f201c6448cb41256c256d3f432439667272fd89350fd9954535704ec8c9","CG0073","doi:10.1109/qrs54544.2021.00033","","metadata","exclude-topic","","","","partial","https://doi.org/10.1109/qrs54544.2021.00033","title, abstract, scope, and available primary-text screen","Codex-assisted triage; human confirmation pending","2026-07-31","pending","The identified subject and stated results are outside the target conjunction; no absence claim is made about any inaccessible text."
"20260731T061500Z-new-closest-union","79079f201c6448cb41256c256d3f432439667272fd89350fd9954535704ec8c9","CG0074","doi:10.1109/saner67736.2026.00094","Assessing Large Language Models in Verifying Concurrent Programs","metadata","exclude-topic","","","","partial","https://doi.org/10.1109/saner67736.2026.00094","title, abstract, scope, and available primary-text screen","Codex-assisted triage; human confirmation pending","2026-07-31","pending","The identified subject and stated results are outside the target conjunction; no absence claim is made about any inaccessible text."
"20260731T061500Z-new-closest-union","79079f201c6448cb41256c256d3f432439667272fd89350fd9954535704ec8c9","CG0075","doi:10.1109/tc.1979.1675439","","full-text","include-context","","","","yes","https://www.microsoft.com/en-us/research/wp-content/uploads/2016/12/How-to-Make-a-Multiprocessor-Computer-That-Correctly-Executes-Multiprocess-Programs.pdf","Primary-source scope screen; main definitions, theorems, evaluation, and stated limitations","Codex-assisted triage; human confirmation pending","2026-07-31","pending","Retained as contextual weak-memory or verification evidence. The theorem-level screen found no result combining RC11 Treiber, genuine weak CAS, separate primitive justice, an all-spurious separation execution, unbounded Treiber response progress, and machine-checked safety/liveness composition."
"20260731T061500Z-new-closest-union","79079f201c6448cb41256c256d3f432439667272fd89350fd9954535704ec8c9","CG0076","doi:10.1109/tpds.2025.3543442","Libfork: Portable Continuation-Stealing With Stackless Coroutines","full-text","include-adjacent","","","","yes","https://arxiv.org/pdf/2402.18480","Primary-source scope screen; main definitions, theorems, evaluation, and stated limitations","Codex-assisted triage; human confirmation pending","2026-07-31","pending","Retained as an adjacent result covering at least one target dimension. The theorem-level screen found no result combining RC11 Treiber, genuine weak CAS, separate primitive justice, an all-spurious separation execution, unbounded Treiber response progress, and machine-checked safety/liveness composition."
"20260731T061500Z-new-closest-union","79079f201c6448cb41256c256d3f432439667272fd89350fd9954535704ec8c9","CG0077","doi:10.1109/tse.2005.47","","metadata","exclude-topic","","","","partial","https://doi.org/10.1109/tse.2005.47","title, abstract, scope, and available primary-text screen","Codex-assisted triage; human confirmation pending","2026-07-31","pending","The identified subject and stated results are outside the target conjunction; no absence claim is made about any inaccessible text."
"20260731T061500Z-new-closest-union","79079f201c6448cb41256c256d3f432439667272fd89350fd9954535704ec8c9","CG0078","doi:10.1109/tse.2017.2707089","A Survey of Recent Trends in Testing Concurrent Software Systems","metadata","exclude-secondary","","","","partial","https://doi.org/10.1109/tse.2017.2707089","title, abstract, document type, and lineage screen","Codex-assisted triage; human confirmation pending","2026-07-31","pending","Secondary, survey, dissertation expansion, artifact-only companion, or proceedings-level record; relevant constituent primary research is retained separately."
"20260731T061500Z-new-closest-union","79079f201c6448cb41256c256d3f432439667272fd89350fd9954535704ec8c9","CG0079","doi:10.1109/tse.2023.3326056","Simulating Operational Memory Models Using Off-the-Shelf Program Analysis Tools","full-text","linked-existing","S129","include-context","","yes","https://www.doc.ic.ac.uk/~afd/papers/2023/TSE.pdf","Abstract and §I pp. 5084–5085; §II pp. 5086–5093; §§III–IV pp. 5093–5098; §VI","Codex-assisted triage; human confirmation pending","2026-07-31","pending","Canonicalized to S129. Retained as operational-memory-model testing context. The CBMC/KLEE/fuzzer method is deliberately limited to litmus tests and does not verify full concurrent objects or response progress."
"20260731T061500Z-new-closest-union","79079f201c6448cb41256c256d3f432439667272fd89350fd9954535704ec8c9","CG0080","doi:10.1109/tvlsi.2020.3026112","Global Analysis of C Concurrency in High-Level Synthesis","metadata","exclude-topic","","","","partial","https://doi.org/10.1109/tvlsi.2020.3026112","title, abstract, scope, and available primary-text screen","Codex-assisted triage; human confirmation pending","2026-07-31","pending","The identified subject and stated results are outside the target conjunction; no absence claim is made about any inaccessible text."
"20260731T061500Z-new-closest-union","79079f201c6448cb41256c256d3f432439667272fd89350fd9954535704ec8c9","CG0081","doi:10.1145/1007512.1007543","Exploiting purity for atomicity","metadata","exclude-duplicate","","","","not-applicable","","provider identity, title, and version/alias screen","Codex-assisted triage; human confirmation pending","2026-07-31","pending","Bibliographic alias, predecessor, parser duplicate, or noncanonical version; the canonical work or result family was screened separately and is not counted twice."
"20260731T061500Z-new-closest-union","79079f201c6448cb41256c256d3f432439667272fd89350fd9954535704ec8c9","CG0083","doi:10.1145/106972.106999","","metadata","exclude-topic","","","","partial","https://doi.org/10.1145/106972.106999","title, abstract, scope, and available primary-text screen","Codex-assisted triage; human confirmation pending","2026-07-31","pending","The identified subject and stated results are outside the target conjunction; no absence claim is made about any inaccessible text."
"20260731T061500Z-new-closest-union","79079f201c6448cb41256c256d3f432439667272fd89350fd9954535704ec8c9","CG0084","doi:10.1145/115372.115320","Efficiently computing static single assignment form and the control dependence graph","metadata","exclude-topic","","","","partial","https://doi.org/10.1145/115372.115320","title, abstract, scope, and available primary-text screen","Codex-assisted triage; human confirmation pending","2026-07-31","pending","The identified subject and stated results are outside the target conjunction; no absence claim is made about any inaccessible text."
"20260731T061500Z-new-closest-union","79079f201c6448cb41256c256d3f432439667272fd89350fd9954535704ec8c9","CG0085","doi:10.1145/1250734.1250762","","metadata","exclude-topic","","","","partial","https://doi.org/10.1145/1250734.1250762","title, abstract, scope, and available primary-text screen","Codex-assisted triage; human confirmation pending","2026-07-31","pending","The identified subject and stated results are outside the target conjunction; no absence claim is made about any inaccessible text."
"20260731T061500Z-new-closest-union","79079f201c6448cb41256c256d3f432439667272fd89350fd9954535704ec8c9","CG0086","doi:10.1145/1375581.1375591","","full-text","include-adjacent","","","","yes","https://rsim.cs.illinois.edu/Pubs/08PLDI.pdf","Primary-source scope screen; main definitions, theorems, evaluation, and stated limitations","Codex-assisted triage; human confirmation pending","2026-07-31","pending","Retained as an adjacent result covering at least one target dimension. The theorem-level screen found no result combining RC11 Treiber, genuine weak CAS, separate primitive justice, an all-spurious separation execution, unbounded Treiber response progress, and machine-checked safety/liveness composition."
"20260731T061500Z-new-closest-union","79079f201c6448cb41256c256d3f432439667272fd89350fd9954535704ec8c9","CG0087","doi:10.1145/1512475.1512478","","full-text","include-context","","","","yes","https://citeseerx.ist.psu.edu/document?doi=21158444c344f2b71d3a5df0e29aa5d94ac397b8&repid=rep1&type=pdf","Primary-source scope screen; main definitions, theorems, evaluation, and stated limitations","Codex-assisted triage; human confirmation pending","2026-07-31","pending","Retained as contextual weak-memory or verification evidence. The theorem-level screen found no result combining RC11 Treiber, genuine weak CAS, separate primitive justice, an all-spurious separation execution, unbounded Treiber response progress, and machine-checked safety/liveness composition."
"20260731T061500Z-new-closest-union","79079f201c6448cb41256c256d3f432439667272fd89350fd9954535704ec8c9","CG0088","doi:10.1145/1542476.1542490","","metadata","exclude-topic","","","","partial","https://doi.org/10.1145/1542476.1542490","title, abstract, scope, and available primary-text screen","Codex-assisted triage; human confirmation pending","2026-07-31","pending","The identified subject and stated results are outside the target conjunction; no absence claim is made about any inaccessible text."
"20260731T061500Z-new-closest-union","79079f201c6448cb41256c256d3f432439667272fd89350fd9954535704ec8c9","CG0089","doi:10.1145/1556444.1556453","","full-text","include-adjacent","","","","yes","https://user.it.uu.se/~bengt/Papers/Full/comparch08.pdf","Primary-source scope screen; main definitions, theorems, evaluation, and stated limitations","Codex-assisted triage; human confirmation pending","2026-07-31","pending","Retained as an adjacent result covering at least one target dimension. The theorem-level screen found no result combining RC11 Treiber, genuine weak CAS, separate primitive justice, an all-spurious separation execution, unbounded Treiber response progress, and machine-checked safety/liveness composition."
"20260731T061500Z-new-closest-union","79079f201c6448cb41256c256d3f432439667272fd89350fd9954535704ec8c9","CG0090","doi:10.1145/1806596.1806625","","metadata","exclude-topic","","","","partial","https://doi.org/10.1145/1806596.1806625","title, abstract, scope, and available primary-text screen","Codex-assisted triage; human confirmation pending","2026-07-31","pending","The identified subject and stated results are outside the target conjunction; no absence claim is made about any inaccessible text."
"20260731T061500Z-new-closest-union","79079f201c6448cb41256c256d3f432439667272fd89350fd9954535704ec8c9","CG0091","doi:10.1145/1806596.1806634","","metadata","exclude-topic","","","","partial","https://doi.org/10.1145/1806596.1806634","title, abstract, scope, and available primary-text screen","Codex-assisted triage; human confirmation pending","2026-07-31","pending","The identified subject and stated results are outside the target conjunction; no absence claim is made about any inaccessible text."
"20260731T061500Z-new-closest-union","79079f201c6448cb41256c256d3f432439667272fd89350fd9954535704ec8c9","CG0092","doi:10.1145/1815961.1815987","","metadata","exclude-topic","","","","partial","https://doi.org/10.1145/1815961.1815987","title, abstract, scope, and available primary-text screen","Codex-assisted triage; human confirmation pending","2026-07-31","pending","The identified subject and stated results are outside the target conjunction; no absence claim is made about any inaccessible text."
"20260731T061500Z-new-closest-union","79079f201c6448cb41256c256d3f432439667272fd89350fd9954535704ec8c9","CG0093","doi:10.1145/1926385.1926394","","full-text","linked-existing","S131","include-adjacent","","yes","https://kar.kent.ac.uk/50265/1/popl085ap-sewell.pdf","Abstract and §1 pp. 1–3; §§2–4 pp. 3–8; Theorems 1–2 p. 8; Theorem 3 p. 11; §6 pp. 11–13","Codex-assisted triage; human confirmation pending","2026-07-31","pending","Canonicalized to S131. Included as an Isabelle/HOL C++ memory and RMW semantics boundary. The mechanized result is safety/metatheory and executable checking, not object progress, fairness, or compare-equal weak-CAS behavior."
"20260731T061500Z-new-closest-union","79079f201c6448cb41256c256d3f432439667272fd89350fd9954535704ec8c9","CG0094","doi:10.1145/1993316.1993521","","full-text","include-context","","","","yes","https://csaws.cs.technion.ac.il/~yahave/papers/pldi11.pdf","Primary-source scope screen; main definitions, theorems, evaluation, and stated limitations","Codex-assisted triage; human confirmation pending","2026-07-31","pending","Retained as contextual weak-memory or verification evidence. The theorem-level screen found no result combining RC11 Treiber, genuine weak CAS, separate primitive justice, an all-spurious separation execution, unbounded Treiber response progress, and machine-checked safety/liveness composition."
"20260731T061500Z-new-closest-union","79079f201c6448cb41256c256d3f432439667272fd89350fd9954535704ec8c9","CG0095","doi:10.1145/1993316.1993522","","metadata","exclude-topic","","","","partial","https://doi.org/10.1145/1993316.1993522","title, abstract, scope, and available primary-text screen","Codex-assisted triage; human confirmation pending","2026-07-31","pending","The identified subject and stated results are outside the target conjunction; no absence claim is made about any inaccessible text."
"20260731T061500Z-new-closest-union","79079f201c6448cb41256c256d3f432439667272fd89350fd9954535704ec8c9","CG0096","doi:10.1145/2003476.2003493","","full-text","include-adjacent","","","","yes","https://user.it.uu.se/~tjawe125/publications/blanchette11nitpicking.pdf","Primary-source scope screen; main definitions, theorems, evaluation, and stated limitations","Codex-assisted triage; human confirmation pending","2026-07-31","pending","Retained as an adjacent result covering at least one target dimension. The theorem-level screen found no result combining RC11 Treiber, genuine weak CAS, separate primitive justice, an all-spurious separation execution, unbounded Treiber response progress, and machine-checked safety/liveness composition."
"20260731T061500Z-new-closest-union","79079f201c6448cb41256c256d3f432439667272fd89350fd9954535704ec8c9","CG0097","doi:10.1145/2247684.2247688","","full-text","include-adjacent","","","","partial","https://doi.org/10.1145/2247684.2247688","Primary-source scope screen; main definitions, theorems, evaluation, and stated limitations","Codex-assisted triage; human confirmation pending","2026-07-31","pending","Retained as an adjacent result covering at least one target dimension. The theorem-level screen found no result combining RC11 Treiber, genuine weak CAS, separate primitive justice, an all-spurious separation execution, unbounded Treiber response progress, and machine-checked safety/liveness composition."
"20260731T061500Z-new-closest-union","79079f201c6448cb41256c256d3f432439667272fd89350fd9954535704ec8c9","CG0098","doi:10.1145/2429069.2429099","","full-text","linked-existing","S172","include-closest","PA76","yes","https://www.cl.cam.ac.uk/~pes20/group_papers/POPL.13.library_abstraction_c_cpp.pdf","Figure 1 and §2; Theorems 3–4; Appendix E.1","Codex-assisted triage; human confirmation pending","2026-07-31","pending","Canonicalized to S172. Included as a direct C11 Treiber abstraction and composition result. It proves safety with exact CAS, while abstract operations may nondeterministically diverge to represent lock-free starvation; no positive progress, weak-CAS, fairness, or mechanized theorem is supplied."
"20260731T061500Z-new-closest-union","79079f201c6448cb41256c256d3f432439667272fd89350fd9954535704ec8c9","CG0099","doi:10.1145/2442516.2442524","","full-text","include-adjacent","","","","yes","https://fzn.fr/readings/ppopp13.pdf","Primary-source scope screen; main definitions, theorems, evaluation, and stated limitations","Codex-assisted triage; human confirmation pending","2026-07-31","pending","Retained as an adjacent result covering at least one target dimension. The theorem-level screen found no result combining RC11 Treiber, genuine weak CAS, separate primitive justice, an all-spurious separation execution, unbounded Treiber response progress, and machine-checked safety/liveness composition."
"20260731T061500Z-new-closest-union","79079f201c6448cb41256c256d3f432439667272fd89350fd9954535704ec8c9","CG0100","doi:10.1145/248052.248106","","full-text","linked-existing","S161","include-adjacent","","yes","https://www.cs.rochester.edu/u/scott/papers/1996_PODC_queues.pdf","§1; §§3.2–3.3","Codex-assisted triage; human confirmation pending","2026-07-31","pending","Canonicalized to S161. Included as canonical classical system-wide nonblocking prior art. The Michael-Scott queue is linearizable and guarantees that some operation completes in a finite number of steps under exact CAS/LL-SC, but it contains none of the candidate's weak-memory or weak-CAS fairness dimensions."
"20260731T061500Z-new-closest-union","79079f201c6448cb41256c256d3f432439667272fd89350fd9954535704ec8c9","CG0102","doi:10.1145/2535838.2535845","Optimal dynamic partial order reduction","metadata","exclude-topic","","","","partial","https://doi.org/10.1145/2535838.2535845","title, abstract, scope, and available primary-text screen","Codex-assisted triage; human confirmation pending","2026-07-31","pending","The identified subject and stated results are outside the target conjunction; no absence claim is made about any inaccessible text."
"20260731T061500Z-new-closest-union","79079f201c6448cb41256c256d3f432439667272fd89350fd9954535704ec8c9","CG0103","doi:10.1145/2618128.2618134","Outlawing ghosts: avoiding out-of-thin-air results","metadata","exclude-topic","","","","partial","https://doi.org/10.1145/2618128.2618134","title, abstract, scope, and available primary-text screen","Codex-assisted triage; human confirmation pending","2026-07-31","pending","The identified subject and stated results are outside the target conjunction; no absence claim is made about any inaccessible text."
"20260731T061500Z-new-closest-union","79079f201c6448cb41256c256d3f432439667272fd89350fd9954535704ec8c9","CG0105","doi:10.1145/265924.265927","","metadata","exclude-topic","","","","partial","https://doi.org/10.1145/265924.265927","title, abstract, scope, and available primary-text screen","Codex-assisted triage; human confirmation pending","2026-07-31","pending","The identified subject and stated results are outside the target conjunction; no absence claim is made about any inaccessible text."
"20260731T061500Z-new-closest-union","79079f201c6448cb41256c256d3f432439667272fd89350fd9954535704ec8c9","CG0106","doi:10.1145/2676726.2676995","","metadata","exclude-duplicate","","","","not-applicable","","provider identity, title, and version/alias screen","Codex-assisted triage; human confirmation pending","2026-07-31","pending","Bibliographic alias, predecessor, parser duplicate, or noncanonical version; the canonical work or result family was screened separately and is not counted twice."
"20260731T061500Z-new-closest-union","79079f201c6448cb41256c256d3f432439667272fd89350fd9954535704ec8c9","CG0107","doi:10.1145/2695664.2695906","Runtime checking C programs","metadata","exclude-topic","","","","partial","https://doi.org/10.1145/2695664.2695906","title, abstract, scope, and available primary-text screen","Codex-assisted triage; human confirmation pending","2026-07-31","pending","The identified subject and stated results are outside the target conjunction; no absence claim is made about any inaccessible text."
"20260731T061500Z-new-closest-union","79079f201c6448cb41256c256d3f432439667272fd89350fd9954535704ec8c9","CG0108","doi:10.1145/271771.271800","","metadata","exclude-topic","","","","partial","https://doi.org/10.1145/271771.271800","title, abstract, scope, and available primary-text screen","Codex-assisted triage; human confirmation pending","2026-07-31","pending","The identified subject and stated results are outside the target conjunction; no absence claim is made about any inaccessible text."
"20260731T061500Z-new-closest-union","79079f201c6448cb41256c256d3f432439667272fd89350fd9954535704ec8c9","CG0112","doi:10.1145/2804322.2804328","Concurrent software testing in practice: a catalog of tools","metadata","exclude-secondary","","","","partial","https://doi.org/10.1145/2804322.2804328","title, abstract, document type, and lineage screen","Codex-assisted triage; human confirmation pending","2026-07-31","pending","Secondary, survey, dissertation expansion, artifact-only companion, or proceedings-level record; relevant constituent primary research is retained separately."
"20260731T061500Z-new-closest-union","79079f201c6448cb41256c256d3f432439667272fd89350fd9954535704ec8c9","CG0114","doi:10.1145/2813885.2737956","","metadata","exclude-duplicate","","","","not-applicable","","provider identity, title, and version/alias screen","Codex-assisted triage; human confirmation pending","2026-07-31","pending","Bibliographic alias, predecessor, parser duplicate, or noncanonical version; the canonical work or result family was screened separately and is not counted twice."
"20260731T061500Z-new-closest-union","79079f201c6448cb41256c256d3f432439667272fd89350fd9954535704ec8c9","CG0118","doi:10.1145/2858651","","metadata","exclude-topic","","","","partial","https://doi.org/10.1145/2858651","title, abstract, scope, and available primary-text screen","Codex-assisted triage; human confirmation pending","2026-07-31","pending","The identified subject and stated results are outside the target conjunction; no absence claim is made about any inaccessible text."
"20260731T061500Z-new-closest-union","79079f201c6448cb41256c256d3f432439667272fd89350fd9954535704ec8c9","CG0119","doi:10.1145/2858965.2814286","","full-text","linked-existing","S169","include-closest","PA73","yes","https://peizhaoo.github.io/drafts/oopsla15_automo_preprint.pdf","Abstract; §2; §8; Figures 19–20; CDSChecker weak-CAS source boundary inherited from S102/PA54","Codex-assisted triage; human confirmation pending","2026-07-31","pending","Canonicalized to S169. Included as a direct bounded C/C++11 Treiber neighbor. AutoMO uses a fixed three-thread client with two pushes and one pop, infers eight memory-order parameters, and reports 29 feasible traces with no non-SC trace. It proves neither linearizability nor progress, uses exact CDSChecker-era CAS, and supplies no fairness, all-spurious execution, or proof-assistant certificate."
"20260731T061500Z-new-closest-union","79079f201c6448cb41256c256d3f432439667272fd89350fd9954535704ec8c9","CG0120","doi:10.1145/2858965.2814297","","metadata","exclude-duplicate","","","","not-applicable","","provider identity, title, and version/alias screen","Codex-assisted triage; human confirmation pending","2026-07-31","pending","Bibliographic alias, predecessor, parser duplicate, or noncanonical version; the canonical work or result family was screened separately and is not counted twice."
"20260731T061500Z-new-closest-union","79079f201c6448cb41256c256d3f432439667272fd89350fd9954535704ec8c9","CG0122","doi:10.1145/2914770.2837637","","full-text","include-context","","","","yes","https://arxiv.org/pdf/1503.07073","Primary-source scope screen; main definitions, theorems, evaluation, and stated limitations","Codex-assisted triage; human confirmation pending","2026-07-31","pending","Retained as contextual weak-memory or verification evidence. The theorem-level screen found no result combining RC11 Treiber, genuine weak CAS, separate primitive justice, an all-spurious separation execution, unbounded Treiber response progress, and machine-checked safety/liveness composition."
"20260731T061500Z-new-closest-union","79079f201c6448cb41256c256d3f432439667272fd89350fd9954535704ec8c9","CG0124","doi:10.1145/2980983.2908114","","metadata","exclude-duplicate","","","","not-applicable","","provider identity, title, and version/alias screen","Codex-assisted triage; human confirmation pending","2026-07-31","pending","Bibliographic alias, predecessor, parser duplicate, or noncanonical version; the canonical work or result family was screened separately and is not counted twice."
"20260731T061500Z-new-closest-union","79079f201c6448cb41256c256d3f432439667272fd89350fd9954535704ec8c9","CG0126","doi:10.1145/2983990.2984033","Modeling and analysis of remote memory access programming","metadata","exclude-topic","","","","partial","https://doi.org/10.1145/2983990.2984033","title, abstract, scope, and available primary-text screen","Codex-assisted triage; human confirmation pending","2026-07-31","pending","The identified subject and stated results are outside the target conjunction; no absence claim is made about any inaccessible text."
"20260731T061500Z-new-closest-union","79079f201c6448cb41256c256d3f432439667272fd89350fd9954535704ec8c9","CG0127","doi:10.1145/2994593","Don’t Sit on the Fence","full-text","include-adjacent","","","","yes","https://arxiv.org/pdf/1312.1411","Primary-source scope screen; main definitions, theorems, evaluation, and stated limitations","Codex-assisted triage; human confirmation pending","2026-07-31","pending","Retained as an adjacent result covering at least one target dimension. The theorem-level screen found no result combining RC11 Treiber, genuine weak CAS, separate primitive justice, an all-spurious separation execution, unbounded Treiber response progress, and machine-checked safety/liveness composition."
"20260731T061500Z-new-closest-union","79079f201c6448cb41256c256d3f432439667272fd89350fd9954535704ec8c9","CG0129","doi:10.1145/3009837.3009850","A promising semantics for relaxed-memory concurrency","full-text","linked-existing","S133","include-adjacent","","yes","https://sf.snu.ac.kr/promise-concurrency/publications/promising.pdf","Abstract and §1; §§2–4 pp. 2–10; §§5.4–5.5 Theorems 1–5 pp. 11–13; Coq scope p. 11; §6 liveness paragraph p. 14","Codex-assisted triage; human confirmation pending","2026-07-31","pending","Canonicalized to S133. Included as Coq-backed relaxed-memory/RMW safety metatheory. The paper expressly leaves adding liveness guarantees to future work and supplies no Treiber or weak-CAS justice theorem."
"20260731T061500Z-new-closest-union","79079f201c6448cb41256c256d3f432439667272fd89350fd9954535704ec8c9","CG0133","doi:10.1145/3022671.2984033","","metadata","exclude-duplicate","","","","not-applicable","","provider identity, title, and version/alias screen","Codex-assisted triage; human confirmation pending","2026-07-31","pending","Bibliographic alias, predecessor, parser duplicate, or noncanonical version; the canonical work or result family was screened separately and is not counted twice."
"20260731T061500Z-new-closest-union","79079f201c6448cb41256c256d3f432439667272fd89350fd9954535704ec8c9","CG0135","doi:10.1145/3073408","","metadata","exclude-topic","","","","partial","https://doi.org/10.1145/3073408","title, abstract, scope, and available primary-text screen","Codex-assisted triage; human confirmation pending","2026-07-31","pending","The identified subject and stated results are outside the target conjunction; no absence claim is made about any inaccessible text."
"20260731T061500Z-new-closest-union","79079f201c6448cb41256c256d3f432439667272fd89350fd9954535704ec8c9","CG0137","doi:10.1145/3093333.3009838","","metadata","exclude-duplicate","","","","not-applicable","","provider identity, title, and version/alias screen","Codex-assisted triage; human confirmation pending","2026-07-31","pending","Bibliographic alias, predecessor, parser duplicate, or noncanonical version; the canonical work or result family was screened separately and is not counted twice."
"20260731T061500Z-new-closest-union","79079f201c6448cb41256c256d3f432439667272fd89350fd9954535704ec8c9","CG0138","doi:10.1145/3093333.3009850","","full-text","linked-existing","S133","include-adjacent","","yes","https://sf.snu.ac.kr/promise-concurrency/publications/promising.pdf","Abstract and §1; §§2–4 pp. 2–10; §§5.4–5.5 Theorems 1–5 pp. 11–13; Coq scope p. 11; §6 liveness paragraph p. 14","Codex-assisted triage; human confirmation pending","2026-07-31","pending","Canonicalized to S133. Included as Coq-backed relaxed-memory/RMW safety metatheory. The paper expressly leaves adding liveness guarantees to future work and supplies no Treiber or weak-CAS justice theorem."
"20260731T061500Z-new-closest-union","79079f201c6448cb41256c256d3f432439667272fd89350fd9954535704ec8c9","CG0139","doi:10.1145/3093333.3009857","","metadata","exclude-duplicate","","","","not-applicable","","provider identity, title, and version/alias screen","Codex-assisted triage; human confirmation pending","2026-07-31","pending","Bibliographic alias, predecessor, parser duplicate, or noncanonical version; the canonical work or result family was screened separately and is not counted twice."
"20260731T061500Z-new-closest-union","79079f201c6448cb41256c256d3f432439667272fd89350fd9954535704ec8c9","CG0142","doi:10.1145/3140587.3062352","","full-text","include-context","","","","yes","https://plv.mpi-sws.org/scfix/full.pdf","Primary-source scope screen; main definitions, theorems, evaluation, and stated limitations","Codex-assisted triage; human confirmation pending","2026-07-31","pending","Retained as contextual weak-memory or verification evidence. The theorem-level screen found no result combining RC11 Treiber, genuine weak CAS, separate primitive justice, an all-spurious separation execution, unbounded Treiber response progress, and machine-checked safety/liveness composition."
"20260731T061500Z-new-closest-union","79079f201c6448cb41256c256d3f432439667272fd89350fd9954535704ec8c9","CG0143","doi:10.1145/3148964","A Transactional Correctness Tool for Abstract Data Types","metadata","exclude-topic","","","","partial","https://doi.org/10.1145/3148964","title, abstract, scope, and available primary-text screen","Codex-assisted triage; human confirmation pending","2026-07-31","pending","The identified subject and stated results are outside the target conjunction; no absence claim is made about any inaccessible text."
"20260731T061500Z-new-closest-union","79079f201c6448cb41256c256d3f432439667272fd89350fd9954535704ec8c9","CG0144","doi:10.1145/3155284.3018749","","metadata","exclude-duplicate","","","","not-applicable","","provider identity, title, and version/alias screen","Codex-assisted triage; human confirmation pending","2026-07-31","pending","Bibliographic alias, predecessor, parser duplicate, or noncanonical version; the canonical work or result family was screened separately and is not counted twice."
"20260731T061500Z-new-closest-union","79079f201c6448cb41256c256d3f432439667272fd89350fd9954535704ec8c9","CG0146","doi:10.1145/3158119","Data-centric dynamic partial order reduction","metadata","exclude-topic","","","","partial","https://doi.org/10.1145/3158119","title, abstract, scope, and available primary-text screen","Codex-assisted triage; human confirmation pending","2026-07-31","pending","The identified subject and stated results are outside the target conjunction; no absence claim is made about any inaccessible text."
"20260731T061500Z-new-closest-union","79079f201c6448cb41256c256d3f432439667272fd89350fd9954535704ec8c9","CG0147","doi:10.1145/3241624.2926700","","metadata","exclude-duplicate","","","","not-applicable","","provider identity, title, and version/alias screen","Codex-assisted triage; human confirmation pending","2026-07-31","pending","Bibliographic alias, predecessor, parser duplicate, or noncanonical version; the canonical work or result family was screened separately and is not counted twice."
"20260731T061500Z-new-closest-union","79079f201c6448cb41256c256d3f432439667272fd89350fd9954535704ec8c9","CG0148","doi:10.1145/3276506","Towards understanding the costs of avoiding out-of-thin-air results","metadata","exclude-topic","","","","partial","https://doi.org/10.1145/3276506","title, abstract, scope, and available primary-text screen","Codex-assisted triage; human confirmation pending","2026-07-31","pending","The identified subject and stated results are outside the target conjunction; no absence claim is made about any inaccessible text."
"20260731T061500Z-new-closest-union","79079f201c6448cb41256c256d3f432439667272fd89350fd9954535704ec8c9","CG0149","doi:10.1145/3314221.3314604","Robustness against release/acquire semantics","full-text","include-context","","","","yes","https://www.cs.tau.ac.il/~orilahav/papers/pldi19.pdf","Primary-source scope screen; main definitions, theorems, evaluation, and stated limitations","Codex-assisted triage; human confirmation pending","2026-07-31","pending","Retained as contextual weak-memory or verification evidence. The theorem-level screen found no result combining RC11 Treiber, genuine weak CAS, separate primitive justice, an all-spurious separation execution, unbounded Treiber response progress, and machine-checked safety/liveness composition."
"20260731T061500Z-new-closest-union","79079f201c6448cb41256c256d3f432439667272fd89350fd9954535704ec8c9","CG0151","doi:10.1145/3314221.3314635","Sparse record and replay with controlled scheduling","metadata","exclude-topic","","","","partial","https://doi.org/10.1145/3314221.3314635","title, abstract, scope, and available primary-text screen","Codex-assisted triage; human confirmation pending","2026-07-31","pending","The identified subject and stated results are outside the target conjunction; no absence claim is made about any inaccessible text."
"20260731T061500Z-new-closest-union","79079f201c6448cb41256c256d3f432439667272fd89350fd9954535704ec8c9","CG0153","doi:10.1145/3335772.3335935","How to Make a Multiprocessor Computer That Correctly Executes Multiprocess Programs","metadata","exclude-duplicate","","","","not-applicable","","provider identity, title, and version/alias screen","Codex-assisted triage; human confirmation pending","2026-07-31","pending","Bibliographic alias, predecessor, parser duplicate, or noncanonical version; the canonical work or result family was screened separately and is not counted twice."
"20260731T061500Z-new-closest-union","79079f201c6448cb41256c256d3f432439667272fd89350fd9954535704ec8c9","CG0160","doi:10.1145/3428298","Learning-based controlled concurrency testing","metadata","exclude-topic","","","","partial","https://doi.org/10.1145/3428298","title, abstract, scope, and available primary-text screen","Codex-assisted triage; human confirmation pending","2026-07-31","pending","The identified subject and stated results are outside the target conjunction; no absence claim is made about any inaccessible text."
"20260731T061500Z-new-closest-union","79079f201c6448cb41256c256d3f432439667272fd89350fd9954535704ec8c9","CG0161","doi:10.1145/3445814.3446711","C11Tester: a race detector for C/C++ atomics","full-text","include-adjacent","","","","yes","https://arxiv.org/pdf/2102.07901","Primary-source scope screen; main definitions, theorems, evaluation, and stated limitations","Codex-assisted triage; human confirmation pending","2026-07-31","pending","Retained as an adjacent result covering at least one target dimension. The theorem-level screen found no result combining RC11 Treiber, genuine weak CAS, separate primitive justice, an all-spurious separation execution, unbounded Treiber response progress, and machine-checked safety/liveness composition."
"20260731T061500Z-new-closest-union","79079f201c6448cb41256c256d3f432439667272fd89350fd9954535704ec8c9","CG0164","doi:10.1145/3485541","The reads-from equivalence for the TSO and PSO memory models","full-text","include-context","","","","yes","https://arxiv.org/pdf/2011.11763","Primary-source scope screen; main definitions, theorems, evaluation, and stated limitations","Codex-assisted triage; human confirmation pending","2026-07-31","pending","Retained as contextual weak-memory or verification evidence. The theorem-level screen found no result combining RC11 Treiber, genuine weak CAS, separate primitive justice, an all-spurious separation execution, unbounded Treiber response progress, and machine-checked safety/liveness composition."
"20260731T061500Z-new-closest-union","79079f201c6448cb41256c256d3f432439667272fd89350fd9954535704ec8c9","CG0165","doi:10.1145/3485546","MonkeyDB: effectively testing correctness under weak isolation levels","metadata","exclude-topic","","","","partial","https://doi.org/10.1145/3485546","title, abstract, scope, and available primary-text screen","Codex-assisted triage; human confirmation pending","2026-07-31","pending","The identified subject and stated results are outside the target conjunction; no absence claim is made about any inaccessible text."
"20260731T061500Z-new-closest-union","79079f201c6448cb41256c256d3f432439667272fd89350fd9954535704ec8c9","CG0167","doi:10.1145/3498711","Truly stateless, optimal dynamic partial order reduction","full-text","include-adjacent","","","","yes","https://plv.mpi-sws.org/genmc/popl2022-trust-full.pdf","Primary-source scope screen; main definitions, theorems, evaluation, and stated limitations","Codex-assisted triage; human confirmation pending","2026-07-31","pending","Retained as an adjacent result covering at least one target dimension. The theorem-level screen found no result combining RC11 Treiber, genuine weak CAS, separate primitive justice, an all-spurious separation execution, unbounded Treiber response progress, and machine-checked safety/liveness composition."
"20260731T061500Z-new-closest-union","79079f201c6448cb41256c256d3f432439667272fd89350fd9954535704ec8c9","CG0168","doi:10.1145/3563292","CAAT: consistency as a theory","full-text","linked-existing","S135","include-closest","PA60","yes","https://hernanponcedeleon.github.io/pdfs/oopsla2022.pdf","Abstract and §1 pp. 1–4; RMW atomicity §2 p. 6; Theorems 3.4, 4.1–4.6, and 5.1 pp. 10–18; §7 Treiber evaluation pp. 23–24","Codex-assisted triage; human confirmation pending","2026-07-31","pending","Canonicalized to S135. Included as direct bounded weak-memory Treiber safety prior art. CAAT evaluates Treiber under ARMv8 and other models with exact atomic RMW semantics; it has no weak-CAS justice, all-spurious execution, or unbounded response theorem."
"20260731T061500Z-new-closest-union","79079f201c6448cb41256c256d3f432439667272fd89350fd9954535704ec8c9","CG0173","doi:10.1145/3591243","Dynamic Partial Order Reduction for Checking Correctness against Transaction Isolation Levels","metadata","exclude-topic","","","","partial","https://doi.org/10.1145/3591243","title, abstract, scope, and available primary-text screen","Codex-assisted triage; human confirmation pending","2026-07-31","pending","The identified subject and stated results are outside the target conjunction; no absence claim is made about any inaccessible text."
"20260731T061500Z-new-closest-union","79079f201c6448cb41256c256d3f432439667272fd89350fd9954535704ec8c9","CG0175","doi:10.1145/359545.359563","","metadata","exclude-topic","","","","partial","https://doi.org/10.1145/359545.359563","title, abstract, scope, and available primary-text screen","Codex-assisted triage; human confirmation pending","2026-07-31","pending","The identified subject and stated results are outside the target conjunction; no absence claim is made about any inaccessible text."
"20260731T061500Z-new-closest-union","79079f201c6448cb41256c256d3f432439667272fd89350fd9954535704ec8c9","CG0176","doi:10.1145/3597503.3639099","Optimistic Prediction of Synchronization-Reversal Data Races","metadata","exclude-topic","","","","partial","https://doi.org/10.1145/3597503.3639099","title, abstract, scope, and available primary-text screen","Codex-assisted triage; human confirmation pending","2026-07-31","pending","The identified subject and stated results are outside the target conjunction; no absence claim is made about any inaccessible text."
"20260731T061500Z-new-closest-union","79079f201c6448cb41256c256d3f432439667272fd89350fd9954535704ec8c9","CG0177","doi:10.1145/3620666.3651358","CSSTs: A Dynamic Data Structure for Partial Orders in Concurrent Execution Analysis","metadata","exclude-topic","","","","partial","https://doi.org/10.1145/3620666.3651358","title, abstract, scope, and available primary-text screen","Codex-assisted triage; human confirmation pending","2026-07-31","pending","The identified subject and stated results are outside the target conjunction; no absence claim is made about any inaccessible text."
"20260731T061500Z-new-closest-union","79079f201c6448cb41256c256d3f432439667272fd89350fd9954535704ec8c9","CG0178","doi:10.1145/3622855","Static Analysis of Memory Models for SMT Encodings","full-text","linked-existing","S151","include-closest","PA67","yes","https://hernanponcedeleon.github.io/pdfs/oopsla2023.pdf","§6 pp. 24–25; Treiber benchmark setup and safety/liveness checks","Codex-assisted triage; human confirmation pending","2026-07-31","pending","Canonicalized to S151. Included as critical bounded weak-memory Treiber liveness evidence. Dartagnan checks C11-atomic Treiber safety and Lahav-style liveness under ARMv8/RISC-V for 3–6 threads, but loops are unrolled twice and spins once; there is no unbounded theorem, genuine weak CAS, or kernel certificate."
"20260731T061500Z-new-closest-union","79079f201c6448cb41256c256d3f432439667272fd89350fd9954535704ec8c9","CG0179","doi:10.1145/3632908","How Hard Is Weak-Memory Testing?","full-text","include-context","","","","yes","https://arxiv.org/pdf/2311.04302","Primary-source scope screen; main definitions, theorems, evaluation, and stated limitations","Codex-assisted triage; human confirmation pending","2026-07-31","pending","Retained as contextual weak-memory or verification evidence. The theorem-level screen found no result combining RC11 Treiber, genuine weak CAS, separate primitive justice, an all-spurious separation execution, unbounded Treiber response progress, and machine-checked safety/liveness composition."
"20260731T061500Z-new-closest-union","79079f201c6448cb41256c256d3f432439667272fd89350fd9954535704ec8c9","CG0181","doi:10.1145/3652024.3665505","SSRD: Shapes and Summaries for Race Detection in Concurrent Data Structures","metadata","exclude-topic","","","","partial","https://doi.org/10.1145/3652024.3665505","title, abstract, scope, and available primary-text screen","Codex-assisted triage; human confirmation pending","2026-07-31","pending","The identified subject and stated results are outside the target conjunction; no absence claim is made about any inaccessible text."
"20260731T061500Z-new-closest-union","79079f201c6448cb41256c256d3f432439667272fd89350fd9954535704ec8c9","CG0182","doi:10.1145/3656449","SPORE: Combining Symmetry and Partial Order Reduction","full-text","linked-existing","S173","include-closest","PA77","yes","https://plv.mpi-sws.org/genmc/pldi2024-spore-full.pdf","§3 Theorems 3.4, 3.8, and 3.9; §4.2 and Figure 3","Codex-assisted triage; human confirmation pending","2026-07-31","pending","Canonicalized to S173. Included as a direct finite RC11 Treiber safety neighbor. SPORE combines symmetry and partial-order reduction for bounded clients under exact CAS; it establishes no unbounded object response, genuine weak-CAS justice, fairness factorization, all-spurious execution, or kernel certificate."
"20260731T061500Z-new-closest-union","79079f201c6448cb41256c256d3f432439667272fd89350fd9954535704ec8c9","CG0184","doi:10.1145/3694715.3695944","OZZ: Identifying Kernel Out-of-Order Concurrency Bugs with In-Vivo Memory Access Reordering","metadata","exclude-topic","","","","partial","https://doi.org/10.1145/3694715.3695944","title, abstract, scope, and available primary-text screen","Codex-assisted triage; human confirmation pending","2026-07-31","pending","The identified subject and stated results are outside the target conjunction; no absence claim is made about any inaccessible text."
"20260731T061500Z-new-closest-union","79079f201c6448cb41256c256d3f432439667272fd89350fd9954535704ec8c9","CG0187","doi:10.1145/3773085","Efficient Dynamic Concurrency Analysis with Collective Sparse Segment Trees","metadata","exclude-topic","","","","partial","https://doi.org/10.1145/3773085","title, abstract, scope, and available primary-text screen","Codex-assisted triage; human confirmation pending","2026-07-31","pending","The identified subject and stated results are outside the target conjunction; no absence claim is made about any inaccessible text."
"20260731T061500Z-new-closest-union","79079f201c6448cb41256c256d3f432439667272fd89350fd9954535704ec8c9","CG0189","doi:10.1145/3821428","OZZ: Identifying Kernel Out-of-Order Concurrency Bugs with In-Vivo Memory Access Reordering","metadata","exclude-duplicate","","","","not-applicable","","provider identity, title, and version/alias screen","Codex-assisted triage; human confirmation pending","2026-07-31","pending","Bibliographic alias, predecessor, parser duplicate, or noncanonical version; the canonical work or result family was screened separately and is not counted twice."
"20260731T061500Z-new-closest-union","79079f201c6448cb41256c256d3f432439667272fd89350fd9954535704ec8c9","CG0190","doi:10.1145/945445.945468","","metadata","exclude-topic","","","","partial","https://doi.org/10.1145/945445.945468","title, abstract, scope, and available primary-text screen","Codex-assisted triage; human confirmation pending","2026-07-31","pending","The identified subject and stated results are outside the target conjunction; no absence claim is made about any inaccessible text."
"20260731T061500Z-new-closest-union","79079f201c6448cb41256c256d3f432439667272fd89350fd9954535704ec8c9","CG0193","doi:10.34727/2022/isbn.978-3-85448-053-2_35","","full-text","linked-existing","S97","include-closest","PA53","yes","https://arxiv.org/pdf/2208.09259","§§II–V; Theorems 1–2; Table I","Codex-assisted triage; human confirmation pending","2026-07-31","pending","Canonicalized to S97. Included as a direct Treiber/spinloop model-checking threat. Its operational model is sequentially consistent, CAS is exact, and Theorems 1–2 establish behavior preservation and correct optimal exploration for terminating programs rather than Treiber progress. It has no RC11, genuine weak CAS, primitive justice, all-spurious witness, or proof-assistant certificate."
"20260731T061500Z-new-closest-union","79079f201c6448cb41256c256d3f432439667272fd89350fd9954535704ec8c9","CG0194","doi:10.34727/2022/isbn.978-3-85448-053-2_40","Automated Conversion of Axiomatic to Operational Models: Theory and Practice","metadata","exclude-topic","","","","partial","https://doi.org/10.34727/2022/isbn.978-3-85448-053-2_40","title, abstract, scope, and available primary-text screen","Codex-assisted triage; human confirmation pending","2026-07-31","pending","The identified subject and stated results are outside the target conjunction; no absence claim is made about any inaccessible text."
"20260731T061500Z-new-closest-union","79079f201c6448cb41256c256d3f432439667272fd89350fd9954535704ec8c9","CG0195","doi:10.4230/lipics.concur.2025.22","Partial-Order Reduction Is Hard","metadata","exclude-topic","","","","partial","https://doi.org/10.4230/lipics.concur.2025.22","title, abstract, scope, and available primary-text screen","Codex-assisted triage; human confirmation pending","2026-07-31","pending","The identified subject and stated results are outside the target conjunction; no absence claim is made about any inaccessible text."
"20260731T061500Z-new-closest-union","79079f201c6448cb41256c256d3f432439667272fd89350fd9954535704ec8c9","CG0196","doi:10.4230/lipics.concur.2025.26","Optimal Concolic Dynamic Partial Order Reduction","metadata","exclude-topic","","","","partial","https://doi.org/10.4230/lipics.concur.2025.26","title, abstract, scope, and available primary-text screen","Codex-assisted triage; human confirmation pending","2026-07-31","pending","The identified subject and stated results are outside the target conjunction; no absence claim is made about any inaccessible text."
"20260731T061500Z-new-closest-union","79079f201c6448cb41256c256d3f432439667272fd89350fd9954535704ec8c9","CG0197","doi:10.5281/zenodo.6979939","","full-text","linked-existing","S97","include-closest","PA53","yes","https://arxiv.org/pdf/2208.09259","§§II–V; Theorems 1–2; Table I","Codex-assisted triage; human confirmation pending","2026-07-31","pending","Canonicalized to S97. Included as a direct Treiber/spinloop model-checking threat. Its operational model is sequentially consistent, CAS is exact, and Theorems 1–2 establish behavior preservation and correct optimal exploration for terminating programs rather than Treiber progress. It has no RC11, genuine weak CAS, primitive justice, all-spurious witness, or proof-assistant certificate."
"20260731T061500Z-new-closest-union","79079f201c6448cb41256c256d3f432439667272fd89350fd9954535704ec8c9","CG0199","doi:10.70675/9532ace0zf98fz443ezb21bz32d8237eb454","Distributed runtime system with global address space and software cache coherence for a data-flow task model. (Système distribué à adressage global et cohérence logicielle pourl'exécution d'un modèle de tâche à flot de données)","metadata","exclude-topic","","","","partial","https://doi.org/10.70675/9532ace0zf98fz443ezb21bz32d8237eb454","title, abstract, scope, and available primary-text screen","Codex-assisted triage; human confirmation pending","2026-07-31","pending","The identified subject and stated results are outside the target conjunction; no absence claim is made about any inaccessible text."
"20260731T061500Z-new-closest-union","79079f201c6448cb41256c256d3f432439667272fd89350fd9954535704ec8c9","CG0200","s2:03dda84b9f755a51d61046978f482e453a73d97c","LR-Miner: Static Race Detection in OS Kernels by Mining Locking Rules","metadata","exclude-topic","","","","partial","","title, abstract, scope, and available primary-text screen","Codex-assisted triage; human confirmation pending","2026-07-31","pending","The identified subject and stated results are outside the target conjunction; no absence claim is made about any inaccessible text."
"20260731T061500Z-new-closest-union","79079f201c6448cb41256c256d3f432439667272fd89350fd9954535704ec8c9","CG0201","s2:04c457456b9332562b83faa356503b54a92719c7","Testing for C # Programs with Coyote","metadata","exclude-topic","","","","partial","","title, abstract, scope, and available primary-text screen","Codex-assisted triage; human confirmation pending","2026-07-31","pending","The identified subject and stated results are outside the target conjunction; no absence claim is made about any inaccessible text."
"20260731T061500Z-new-closest-union","79079f201c6448cb41256c256d3f432439667272fd89350fd9954535704ec8c9","CG0202","s2:132d1c096d74c53960a7511dafb886c73158a7ec","Predictable Synchronisation Algorithms for Asynchronous Critical Sections","full-text","include-adjacent","","","","yes","https://open.fau.de/bitstreams/f9fac643-e10d-461f-9ec2-70a51e5e6e31/download","Primary-source scope screen; main definitions, theorems, evaluation, and stated limitations","Codex-assisted triage; human confirmation pending","2026-07-31","pending","Retained as an adjacent result covering at least one target dimension. The theorem-level screen found no result combining RC11 Treiber, genuine weak CAS, separate primitive justice, an all-spurious separation execution, unbounded Treiber response progress, and machine-checked safety/liveness composition."
"20260731T061500Z-new-closest-union","79079f201c6448cb41256c256d3f432439667272fd89350fd9954535704ec8c9","CG0203","s2:1923583f73eddea0b5c4b554edce4cba66cdd62d","Order Reduction","metadata","exclude-duplicate","","","","not-applicable","https://arxiv.org/abs/2405.11128","provider raw-record, author-list, citation-context, arXiv, and published-DOI identity audit","Codex-assisted triage; human confirmation pending","2026-07-31","pending","Malformed title alias of Parsimonious Optimal Dynamic Partial Order Reduction by Abdulla, Atig, Das, Jonsson, and Sagonas; canonical preprint CG0008 and published DOI candidate CG0029 were screened separately."
"20260731T061500Z-new-closest-union","79079f201c6448cb41256c256d3f432439667272fd89350fd9954535704ec8c9","CG0204","s2:1e68b090677e165e550eeeefec15fc1da2962420","Overhauling SC Atomics in C 11 and OpenCL Mark Batty","metadata","exclude-duplicate","","","","not-applicable","","provider identity, title, and version/alias screen","Codex-assisted triage; human confirmation pending","2026-07-31","pending","Bibliographic alias, predecessor, parser duplicate, or noncanonical version; the canonical work or result family was screened separately and is not counted twice."
"20260731T061500Z-new-closest-union","79079f201c6448cb41256c256d3f432439667272fd89350fd9954535704ec8c9","CG0205","s2:1ea577c0caf7576f0793520f9783cdca5fbb1fca","UNIVERSITY OF CALIFORNIA RIVERSIDE Concolic Testing of Programs with Concurrent Dynamic Data Structures A Dissertation submitted in partial satisfaction of the requirements for the degree of Doctor of Philosophy","metadata","exclude-topic","","","","partial","","title, abstract, scope, and available primary-text screen","Codex-assisted triage; human confirmation pending","2026-07-31","pending","The identified subject and stated results are outside the target conjunction; no absence claim is made about any inaccessible text."
"20260731T061500Z-new-closest-union","79079f201c6448cb41256c256d3f432439667272fd89350fd9954535704ec8c9","CG0207","s2:3089664eea15b54afcffe8dbb96abb9ca8886a39","Eﬀicient Dynamic Concurrency Analysis with Collective Sparse Segment Trees","metadata","exclude-duplicate","","","","not-applicable","","provider identity, title, and version/alias screen","Codex-assisted triage; human confirmation pending","2026-07-31","pending","Bibliographic alias, predecessor, parser duplicate, or noncanonical version; the canonical work or result family was screened separately and is not counted twice."
"20260731T061500Z-new-closest-union","79079f201c6448cb41256c256d3f432439667272fd89350fd9954535704ec8c9","CG0209","s2:43a5cf566bf8e6fae790396361c7d709ef185768","An Initial Study of Two Approaches to Eliminating Out-of-Thin-Air Results","metadata","exclude-secondary","","","","partial","","title, abstract, document type, and lineage screen","Codex-assisted triage; human confirmation pending","2026-07-31","pending","Secondary, survey, dissertation expansion, artifact-only companion, or proceedings-level record; relevant constituent primary research is retained separately."
"20260731T061500Z-new-closest-union","79079f201c6448cb41256c256d3f432439667272fd89350fd9954535704ec8c9","CG0210","s2:61afb757f26ceb4282daa12d9ae2264e5a61ac41","A Don ’ t Sit on the Fence : A Static Analysis Approach to Automatic Fence Insertion","metadata","exclude-duplicate","","","","not-applicable","","provider identity, title, and version/alias screen","Codex-assisted triage; human confirmation pending","2026-07-31","pending","Bibliographic alias, predecessor, parser duplicate, or noncanonical version; the canonical work or result family was screened separately and is not counted twice."
"20260731T061500Z-new-closest-union","79079f201c6448cb41256c256d3f432439667272fd89350fd9954535704ec8c9","CG0212","s2:63cc13585e1e8545326e50c47f3db0454ed8e425","Analysis of Commutativity with state-chart graph representation of concurrent programs","metadata","exclude-topic","","","","partial","","title, abstract, scope, and available primary-text screen","Codex-assisted triage; human confirmation pending","2026-07-31","pending","The identified subject and stated results are outside the target conjunction; no absence claim is made about any inaccessible text."
"20260731T061500Z-new-closest-union","79079f201c6448cb41256c256d3f432439667272fd89350fd9954535704ec8c9","CG0217","s2:7dea1e7128712282d8245e0245b695c3ef394972","Memory-Model-Aware Analysis of Parallel Programs","metadata","exclude-secondary","","","","partial","","title, abstract, document type, and lineage screen","Codex-assisted triage; human confirmation pending","2026-07-31","pending","Secondary, survey, dissertation expansion, artifact-only companion, or proceedings-level record; relevant constituent primary research is retained separately."
"20260731T061500Z-new-closest-union","79079f201c6448cb41256c256d3f432439667272fd89350fd9954535704ec8c9","CG0218","s2:845c3f881817ad776bcd963d74d4b25f20450efd","Constraint-Based Thread-Modular Abstract Interpretation","metadata","exclude-secondary","","","","partial","","title, abstract, document type, and lineage screen","Codex-assisted triage; human confirmation pending","2026-07-31","pending","Secondary, survey, dissertation expansion, artifact-only companion, or proceedings-level record; relevant constituent primary research is retained separately."
"20260731T061500Z-new-closest-union","79079f201c6448cb41256c256d3f432439667272fd89350fd9954535704ec8c9","CG0219","s2:87e4d980cc51514707b1f684bc8fb1c1f39b0fde","CDSChecker model-checking framework Parameter Inferring Analyzer AutoMO framework Input : test case 1 test case 2 ... test case n Optional input : parameter assignments Output : final parameter assignments SC Analyzer Non-SC Trace Reordering Analyzer","metadata","exclude-duplicate","","","","not-applicable","","provider identity, title, and version/alias screen","Codex-assisted triage; human confirmation pending","2026-07-31","pending","Bibliographic alias, predecessor, parser duplicate, or noncanonical version; the canonical work or result family was screened separately and is not counted twice."
"20260731T061500Z-new-closest-union","79079f201c6448cb41256c256d3f432439667272fd89350fd9954535704ec8c9","CG0221","s2:90cb534809d896589f80d6cb38e4c033cd05c72e","N4136 – C Concurrency Challenges Draft 2014-10-13","full-text","include-context","","","","yes","https://www.open-std.org/jtc1/sc22/wg21/docs/papers/2014/n4136.pdf","Primary-source scope screen; main definitions, theorems, evaluation, and stated limitations","Codex-assisted triage; human confirmation pending","2026-07-31","pending","Retained as contextual weak-memory or verification evidence. The theorem-level screen found no result combining RC11 Treiber, genuine weak CAS, separate primitive justice, an all-spurious separation execution, unbounded Treiber response progress, and machine-checked safety/liveness composition."
"20260731T061500Z-new-closest-union","79079f201c6448cb41256c256d3f432439667272fd89350fd9954535704ec8c9","CG0222","s2:9c9afab48147aecf8a27a41725d9f366e9c04558","A Comparison of Concurrent Correctness Criteria for Shared Memory Based Data Structure","metadata","exclude-secondary","","","","partial","","title, abstract, document type, and lineage screen","Codex-assisted triage; human confirmation pending","2026-07-31","pending","Secondary, survey, dissertation expansion, artifact-only companion, or proceedings-level record; relevant constituent primary research is retained separately."
"20260731T061500Z-new-closest-union","79079f201c6448cb41256c256d3f432439667272fd89350fd9954535704ec8c9","CG0226","s2:c182b343f37dbfb88d45bf10e0dbe84065642d6c","Efficient, Practical Dynamic Program Analyses for Concurrency Correctness","metadata","exclude-secondary","","","","partial","","title, abstract, document type, and lineage screen","Codex-assisted triage; human confirmation pending","2026-07-31","pending","Secondary, survey, dissertation expansion, artifact-only companion, or proceedings-level record; relevant constituent primary research is retained separately."
"20260731T061500Z-new-closest-union","79079f201c6448cb41256c256d3f432439667272fd89350fd9954535704ec8c9","CG0230","s2:d357f0bd797f0502beb760fa210364d4d8cd3e86","C11Tester: A Fuzzer for C/C++ Atomics Extended Abstract","full-text","linked-existing","S174","include-adjacent","PA78","yes","https://arxiv.org/pdf/2102.07901","§§4–5 and Table II; current include/impatomic.h lines 113–114","Codex-assisted triage; human confirmation pending","2026-07-31","pending","Canonicalized to S174. Included as a valuable negative control for surface weak-CAS APIs. C11Tester explores C/C++ atomics, but its implementation says 'No spurious failure for now' and aliases weak compare-exchange to strong; there is no primitive justice or positive progress theorem."
"20260731T061500Z-new-closest-union","79079f201c6448cb41256c256d3f432439667272fd89350fd9954535704ec8c9","CG0233","s2:e3829e2e4096fdce8051ef428dba05baeee9822b","This paper is included in the Proceedings of the 17th USENIX Symposium on Operating Systems Design and Implementation.","full-text","linked-existing","S139","include-closest","PA62","yes","https://www.usenix.org/system/files/osdi23-wang-jiawei.pdf","§5.1 pp. 839–841; bounded client and individual-operation limitations","Codex-assisted triage; human confirmation pending","2026-07-31","pending","Canonicalized to S139. Included as direct weak-memory loop-termination tool evidence. GenMC/VSync checks every unbounded spin loop and bounded failure-retry loop in a small fixed IMM/RC11 BWoS client, but cannot verify individual operations generally; it is not an unbounded object theorem and uses exact CAS."
"20260731T061500Z-new-closest-union","79079f201c6448cb41256c256d3f432439667272fd89350fd9954535704ec8c9","CG0235","s2:f68a1814799628d3ecbb2e46746d9c28ebe2c069","Finding and Reproducing Heisenbugs in Concurrent Programs","metadata","exclude-topic","","","","partial","","title, abstract, scope, and available primary-text screen","Codex-assisted triage; human confirmation pending","2026-07-31","pending","The identified subject and stated results are outside the target conjunction; no absence claim is made about any inaccessible text."
"20260731T061500Z-new-closest-union","79079f201c6448cb41256c256d3f432439667272fd89350fd9954535704ec8c9","CG0239","unknown:semanticscholar:cs044:references:0:32","“Concurrency testing using controlled schedulers: An empirical study,”","metadata","exclude-duplicate","","","","not-applicable","","provider identity, title, and version/alias screen","Codex-assisted triage; human confirmation pending","2026-07-31","pending","Bibliographic alias, predecessor, parser duplicate, or noncanonical version; the canonical work or result family was screened separately and is not counted twice."
"20260731T061500Z-new-closest-union","79079f201c6448cb41256c256d3f432439667272fd89350fd9954535704ec8c9","CG0241","unknown:semanticscholar:cs044:references:0:36","Local State Preservation: each local state σ of a thread p which is reachable in P is also reachable in P ′ , provided no loop of p is unavoidably pure from σ","metadata","exclude-topic","","","","not-applicable","","provider parser-fragment audit","Codex-assisted triage; human confirmation pending","2026-07-31","pending","Semantic Scholar parsed formula/proof text as a reference; this is not an identifiable bibliographic work."
"20260731T061500Z-new-closest-union","79079f201c6448cb41256c256d3f432439667272fd89350fd9954535704ec8c9","CG0242","unknown:semanticscholar:cs044:references:0:37","a) If p ∈ w R , then p ∈ I [ E ] ( w R ) from which we get p ∈ I [ E ] ( w ) therefore p ∈ WI [ E ] ( w )","metadata","exclude-topic","","","","not-applicable","","provider parser-fragment audit","Codex-assisted triage; human confirmation pending","2026-07-31","pending","Semantic Scholar parsed formula/proof text as a reference; this is not an identifiable bibliographic work."
"20260731T061500Z-new-closest-union","79079f201c6448cb41256c256d3f432439667272fd89350fd9954535704ec8c9","CG0243","unknown:semanticscholar:cs044:references:0:38","next [ E ′ q ]","metadata","exclude-topic","","","","not-applicable","","provider parser-fragment audit","Codex-assisted triage; human confirmation pending","2026-07-31","pending","Semantic Scholar parsed formula/proof text as a reference; this is not an identifiable bibliographic work."
"20260731T061500Z-new-closest-union","79079f201c6448cb41256c256d3f432439667272fd89350fd9954535704ec8c9","CG0244","unknown:semanticscholar:cs044:references:0:39","i) the execution from l ′ will reach the loop header without taking an internal backedge","metadata","exclude-topic","","","","not-applicable","","provider parser-fragment audit","Codex-assisted triage; human confirmation pending","2026-07-31","pending","Semantic Scholar parsed formula/proof text as a reference; this is not an identifiable bibliographic work."
"20260731T061500Z-new-closest-union","79079f201c6448cb41256c256d3f432439667272fd89350fd9954535704ec8c9","CG0054","doi:10.1007/s10703-025-00479-0","Awaiting for Godot: Stateless Model Checking that Avoids Executions where Nothing Happens","full-text","linked-existing","S97","include-closest","PA53","yes","https://arxiv.org/pdf/2208.09259","§§II–V; Theorems 1–2; Table I","Codex-assisted triage; human confirmation pending","2026-07-31","pending","Canonicalized to S97. Included as a direct Treiber/spinloop model-checking threat. Its operational model is sequentially consistent, CAS is exact, and Theorems 1–2 establish behavior preservation and correct optimal exploration for terminating programs rather than Treiber progress. It has no RC11, genuine weak CAS, primitive justice, all-spurious witness, or proof-assistant certificate."
"20260731T061500Z-new-closest-union","79079f201c6448cb41256c256d3f432439667272fd89350fd9954535704ec8c9","CG0101","doi:10.1145/2509136.2509514","CDSChecker: Checking Concurrent Data Structures Written with C/C++ Atomics","full-text","linked-existing","S102","include-closest","PA54","yes","https://plrg.eecs.uci.edu/publications/c11modelcheck.pdf","Paper §§1.3, 8, and 9; commit 5c4efe5cd8bdfe1e85138396109876a121ca61d1 include/impatomic.h:112–113","Codex-assisted triage; human confirmation pending","2026-07-31","pending","Canonicalized to S102. Included because CDSChecker separately configures scheduler fairness and a memory-liveness bound for C/C++11 exploration. The audited source explicitly says 'No spurious failure for now' and aliases weak compare-exchange to strong; the work gives no Treiber or positive liveness theorem, primitive justice, or all-spurious execution."
"20260731T061500Z-new-closest-union","79079f201c6448cb41256c256d3f432439667272fd89350fd9954535704ec8c9","CG0191","doi:10.34727/2021/isbn.978-3-85448-046-4_25","Dynamic Partial Order Reductions for Spinloops","full-text","linked-existing","S103","include-closest","PA55","yes","https://people.inf.ethz.ch/mkokologiann/papers/fmcad2021-saver.pdf","§III Figure 4; §§VII–VIII; Table I","Codex-assisted triage; human confirmation pending","2026-07-31","pending","Canonicalized to S103. Included as a direct RC11/IMM Treiber-model-checking boundary. SAVER/GenMC contains a real Treiber benchmark, but its spinloop reduction is explicitly justified only for safety and the paper notes that liveness would require fairness. CAS is exact; no weak-CAS justice, all-spurious execution, or proof-assistant theorem is present."
