record_id,title,year,authors,doi,url,versions,providers,query_ids,screening_stage,decision,exclusion_reason,full_text_checked,evidence_location,reviewer,review_date,notes
A33,Fairness,1986,Nissim Francez,10.1007/978-1-4612-4886-6,https://link.springer.com/book/10.1007/978-1-4612-4886-6,Springer monograph; exact book text access-limited,original citation queue; Crossref metadata; official publisher chapter overviews,CG0104; citation-queue-priority-screen,publisher chapter overview and partial source audit,include-context,,partial,"Official book page; chapter overviews 5, 6, and 8: generalized fairness proof rules, fair reachability, scheduler/interleaving fair termination, and temporal liveness",Codex-assisted; human confirmation pending,2026-07-31,"Retained as foundational scheduler-fairness context. Official publisher overviews establish soundness/completeness and fair-termination relevance, but the exact book text remains closed; no inaccessible-page absence claim is made. The available evidence does not identify C11/RC11, Treiber, genuine weak CAS, primitive justice, or an all-spurious execution."
"S01","Making Weak Memory Models Fair","2021","Ori Lahav; Egor Namakonov; Jonas Oberhauser; Anton Podkopaev; Viktor Vafeiadis","10.1145/3485475","https://arxiv.org/pdf/2012.01067","OOPSLA 2021 author/arXiv version","local primary-source corpus; arXiv; OpenAlex one-hop","Q09; Q12; Q16; OA17; snowball-1","full-text","include-closest","","yes","§4.2–§4.3; Theorem 5.3; §6 Weak RMWs","Codex-assisted; human confirmation pending","2026-07-31","Included as the RC11 memory-fairness baseline: it formalizes prefix-finite mo/fr and explicitly leaves weak-RMW fairness as future work; it has no Treiber or weak-CAS progress theorem."
"S02","Fair Operational Semantics","2023","Dongjae Lee; Minki Cho; Jinwoo Kim; Soonwon Moon; Youngju Song; Chung-Kil Hur","10.1145/3591253","https://sf.snu.ac.kr/publications/fairness.pdf","PLDI 2023 author version; Zenodo artifact 7711063","local primary-source corpus; author PDF; OpenAlex one-hop; Zenodo artifact","Q06; Q15; Q17; OA18; snowball-1","full-text","include-closest","","yes","Paper §2 and §6.1; Theorem 6.2; artifact src/example/SCM.v at cas_weak_fun","Codex-assisted; human confirmation pending","2026-07-31","Included as the primitive-mechanism threat: the Coq artifact defines address-indexed fair cas_weak that excludes infinite same-address spurious failure; the definition is unused by a Treiber or RC11 theorem."
"S03","Overcoming Memory Weakness with Unified Fairness: Systematic Verification of Liveness in Weak Memory Models","2023","Parosh Aziz Abdulla; Mohamed Faouzi Atig; Adwait Godbole; Shankaranarayanan Krishna; Mihir Vahanwala","10.1007/978-3-031-37706-8_10","https://arxiv.org/pdf/2305.17605v1","CAV 2023 arXiv v1, pinned","local primary-source corpus; arXiv; OpenAlex one-hop","Q09; Q10; Q18; OA19; snowball-1","full-text","include-closest","","yes","arXiv v1 §2; Definition 1; Theorems 1–2","Codex-assisted; human confirmation pending","2026-07-31","Included as weak-memory fairness prior art: it unifies strong transition and memory fairness across several operational models; CAS is deterministic strong CAS, with no Treiber or mechanized target theorem."
"S04","Unified Fairness for Weak Memory Verification","2024","Parosh Aziz Abdulla; Mohamed Faouzi Atig; Adwait Godbole; Shankaranarayanan Krishna; Mihir Vahanwala","","https://arxiv.org/pdf/2305.17605","arXiv:2305.17605v2, revised 2024-09-09; extended version of S03","local primary-source corpus; arXiv","Q09; Q10; OA20; version-audit","full-text","include-version-audit","","yes","§1.4; Definitions 3, 5, and 7; Theorem 4.2; version comparison with v1","Codex-assisted; human confirmation pending","2026-07-31","Retained separately to expose substantive v1-to-v2 drift without double-counting the lineage. The extension covers speculation, racing reads, load buffering, ARMv8, and POWER; repairs the v1 treatment of RMO and PRAM/FIFO; and generalizes verification to stutter-insensitive omega-regular properties. Its RMW remains atomic and non-spurious, with no Treiber, weak-CAS justice, or mechanization."
"S05","Recurrence Sets for Proving Fair Non-termination under Axiomatic Memory Consistency Models","2026","Thomas Haas; Roland Meyer; Hernán Ponce de León; Andrés Lomelí Garduño","10.1145/3776687","https://hernanponcedeleon.github.io/pdfs/popl2026.pdf","POPL 2026 author version; paper artifact Zenodo 17770530 and public branch snapshot 44553917; cutoff-pinned Dat3M commit a7e3e484","local primary-source corpus; author PDF; OpenAlex one-hop; GitHub source and PR history","Q13; Q19; OA21; snowball-1; artifact-follow-up","full-text and source","include-closest","","yes","Paper §3.3 and Theorems 4.3–4.4; artifact snapshot 44553917 NonTerminationEncoder.java:684–689 and VisitorC11.java:208–229; current Dat3M a7e3e484 NonTerminationEncoder.java:681–686, VisitorC11.java:208–228, treiber.h:4–8, C11LFDSTest.java:59–68, RC11LFDSTest.java:46–55; PRs 772 and 976","Codex-assisted; human confirmation pending","2026-07-31","Closest conceptual and implementation threat: the paper names spurious weak CAS and LL/SC as platform fairness but omits it from the theory. Its artifact-era lasso encoder constrains spuriously failing exclusive stores, although the artifact C11 frontend hard-codes LLVM compare-exchange as strong; post-publication source composes the constraint with proper weak lowering. Its Treiber benchmark uses strong CAS and is expected UNKNOWN under C11/RC11, so no positive weak-CAS Treiber theorem or integrated separation was found."
"S06","Towards Proving Liveness on Weak Memory","2026","Lara Bargmann; Heike Wehrheim","10.1007/978-3-032-26204-2_6","https://arxiv.org/pdf/2602.19609","FM 2026 extended arXiv version","local primary-source corpus; arXiv; OpenAlex one-hop","Q10; Q20; OA22; snowball-1","full-text","include-closest","","yes","§3 fairness and response rule; §6 ticket-lock case study","Codex-assisted; human confirmation pending","2026-07-31","Included as the closest deductive weak-memory liveness calculus: it proves ticket-lock starvation freedom under RA/StrongCOH via FADD; it has no CAS, weak CAS, Treiber theorem, or mechanization."
"S07","Compass: Strong and Compositional Library Specifications in Relaxed Memory Separation Logic","2022","Hoang-Hai Dang; Jaehwang Jung; Jaemin Choi; Duc-Than Nguyen; William Mansky; Jeehoon Kang; Derek Dreyer","10.1145/3519939.3523451","https://plv.mpi-sws.org/compass/paper.pdf","PLDI 2022 author version; primary catalogue previously used the label The Compass: Verifying Concurrent Programs under Relaxed Memory","local primary-source corpus; author PDF; OpenAlex one-hop","Q04; Q14; OA23; snowball-1","full-text","include-closest","","yes","Introduction; Treiber case study; artifact CasFailS and CasSucS rules","Codex-assisted; human confirmation pending","2026-07-31","Included as mechanized RC11-family Treiber safety prior art. Its CAS is strong, failure requires unequal values, and the result is partial correctness without fairness or liveness."
"S08","A Proof Recipe for Linearizability in Relaxed Memory Separation Logic","2024","Sunho Park; Jaewoo Kim; Ike Mulder; Jaehwang Jung; Janggun Lee; Robbert Krebbers; Jeehoon Kang","10.1145/3656384","https://iris-project.org/pdfs/2024-pldi-proof-recipe.pdf","PLDI 2024 author version","local primary-source corpus; author PDF; OpenAlex one-hop","Q04; Q14; OA24; snowball-1","full-text","include-closest","","yes","Treiber case study; mechanization sections","Codex-assisted; human confirmation pending","2026-07-31","Included as machine-checked relaxed-memory Treiber linearizability prior art; it uses strong CAS and proves safety, with no weak-CAS fairness or progress result."
"S09","Verifying C11-Style Weak Memory Libraries via Refinement","2021","Sadegh Dalvandi; Brijesh Dongol","10.1145/3437801.3441619","https://arxiv.org/pdf/2108.06944","POPL 2021/arXiv version","local primary-source corpus; arXiv; DBLP; Crossref; citation neighborhood","Q04; Q14; D31; C13; snowball-1","full-text","include-closest","","yes","CAS semantics; Treiber refinement sections","Codex-assisted; human confirmation pending","2026-07-31","Included as Isabelle/HOL RC11-RAR Treiber safety/refinement prior art; CAS failure is mismatch-only and there is no fairness or lock-freedom theorem."
"S10","Proving That Non-Blocking Algorithms Don't Block","2009","Alexey Gotsman; Byron Cook; Matthew Parkinson; Viktor Vafeiadis","10.1145/1480881.1480886","https://people.mpi-sws.org/~viktor/papers/popl2009-nonblocking.pdf","POPL 2009 author version","local primary-source corpus; author PDF; citation neighborhood","Q01; Q02; Q03; snowball-1","full-text","include-closest","","yes","§2 Treiber example; lock-freedom reduction and automated proof sections","Codex-assisted; human confirmation pending","2026-07-31","Included as the classical system-wide Treiber lock-freedom baseline; its SC proof relies on failed strong CAS witnessing interfering success, so it does not cover spurious failure or RC11."
"S11","ISO/IEC 9899:201x Committee Draft N1570","2011","ISO/IEC JTC 1/SC 22/WG 14","","https://www.open-std.org/jtc1/sc22/wg14/www/docs/n1570.pdf","C11 committee draft N1570","local primary-source corpus; WG14","Q08; manual-standard","full-text","include-context","","yes","7.17.7.4 paragraphs 4–6","Codex-assisted; human confirmation pending","2026-07-31","Included as normative-language context: weak compare-and-exchange may fail spuriously even when expected and object are equal; the draft provides no primitive progress assumption or Treiber theorem."
"S12","ISO/IEC 9899:2023 Committee Draft N3096","2023","ISO/IEC JTC 1/SC 22/WG 14","","https://www.open-std.org/jtc1/sc22/wg14/www/docs/n3096.pdf","C23 committee draft N3096","local primary-source corpus; WG14","Q08; manual-standard","full-text","include-context","","yes","Atomic compare-exchange clause, paragraphs 5–7","Codex-assisted; human confirmation pending","2026-07-31","Included as the C23 comparison point: it retains permissive spurious weak compare-exchange semantics and gives no fairness or algorithm-level progress theorem."
"S13","ISO/IEC 9899 Committee Draft N3854","2026","ISO/IEC JTC 1/SC 22/WG 14","","https://www.open-std.org/jtc1/sc22/wg14/www/docs/n3854.pdf","C2Y working draft N3854","local primary-source corpus; WG14","Q08; manual-standard","full-text","include-context","","yes","Atomic compare-exchange clause, paragraphs 5–7","Codex-assisted; human confirmation pending","2026-07-31","Included as the submission-time C working-draft comparison: weak compare-and-exchange can fail spuriously; the text supplies neither primitive justice nor a Treiber progress theorem."
"S14","Lilo: A Higher-Order, Relational Concurrent Separation Logic for Liveness","2025","Dongjae Lee; Janggun Lee; Taeyoung Yoon; Minki Cho; Jeehoon Kang; Chung-Kil Hur","10.1145/3720525","https://iris-project.org/pdfs/2025-oopsla-lilo.pdf","OOPSLA 2025 author version; Zenodo artifact 14927742 v3","local primary-source corpus; author PDF; OpenAlex one-hop; Zenodo artifact","Q02; Q03; Q14; OA25; snowball-1","full-text","include-closest","","yes","Paper §7.2 pp. 23–24; artifact treiber/Code.v and SpecHOCAP.v; SCMem.v cas and cas_weak","Codex-assisted; human confirmation pending","2026-07-31","Included as the highest-severity integration threat: Lilo mechanizes finite-use conditional termination for strong-CAS Treiber under SC, while the same artifact separately contains unused fair cas_weak; it has no RC11 or integrated weak-CAS Treiber theorem."
"S15","Lawyer: Modular Obligations-Based Liveness Reasoning in Higher-Order Impredicative Concurrent Separation Logic","2026","Egor Namakonov; Justus Fasse; Bart Jacobs; Lars Birkedal; Amin Timany","10.1145/3798240","https://iris-project.org/pdfs/2026-oopsla-lawyer.pdf","OOPSLA 2026 author version; Zenodo artifact 18457698","local primary-source corpus; author PDF; Zenodo artifact","Q07; Q15; OA26; snowball-1","full-text","include-closest","","yes","§2.1 Figure 4; Definition 4; Lemmas 2.2–2.3; §4","Codex-assisted; human confirmation pending","2026-07-31","Included as mechanized fair-termination and strong-CAS retry-loop prior art. Its counter example assumes each failed CAS reflects interference; it has no Treiber, RC11, spurious-CAS, or system-wide lock-freedom theorem."
"S16","Modular Termination Verification with a Higher-Order Concurrent Separation Logic","2022","Justus Fasse; Bart Jacobs","","https://arxiv.org/pdf/2212.14126","arXiv:2212.14126v1 intermediate report; dated 2022 with report front matter January 2023","local primary-source corpus; arXiv","Q15; OA28; snowball-1","full-text","include-closest","","yes","§4 and stack figures; code and proof discussion","Codex-assisted; human confirmation pending","2026-07-31","Included as earlier mechanized/instrumented concurrent-stack termination evidence; it uses a strong-CAS effect in an SC HeapLang variant and an adapted helping stack, not weak CAS, RC11, or the target unbounded response property."
"S17","Modular Termination Verification for Non-blocking Concurrency","2016","Pedro da Rocha Pinto; Thomas Dinsdale-Young; Philippa Gardner; Julian Sutherland","10.1007/978-3-662-49498-1_8","https://vtss.doc.ic.ac.uk/publications/daRochaPinto2016Modular.techreport.pdf","ESOP 2016 extended author version; Total-TaDA","local primary-source corpus; author PDF; citation neighborhood","Q15; OA27; snowball-1","full-text","include-closest","","yes","§4 Treiber; §6 lock-/wait-freedom; Appendix B","Codex-assisted; human confirmation pending","2026-07-31","Included as direct strong-CAS Treiber total-correctness and termination prior art; its classical interleaving proof says CAS failure means the head changed and has no weak-memory or spurious-failure dimension."
"S18","Working Draft, Standard for Programming Language C++","2020","ISO/IEC JTC 1/SC 22/WG 21","","https://www.open-std.org/jtc1/sc22/wg21/docs/papers/2020/n4861.pdf","N4861 C++20 working draft","local primary-source corpus; WG21","Q08; manual-standard","full-text","include-context","","yes","[atomics.types.operations] paragraphs 26–27","Codex-assisted; human confirmation pending","2026-07-31","Included as language-level progress context: implementations should not consistently return false absent mismatch or concurrent modification; this is a recommendation, not a formal trace assumption or RC11 Treiber theorem."
"S19","A Program Logic for Concurrent Objects under Fair Scheduling","2016","Hongjin Liang; Xinyu Feng","10.1145/2837614.2837635","https://cs.nju.edu.cn/xyfeng/research/publications/POPL2016.pdf","POPL 2016 author version","local primary-source corpus; author PDF; citation neighborhood","Q07; Q10; snowball-1","full-text","include-closest","","yes","Theorems 2 and 4; §6 lock-/wait-freedom","Codex-assisted; human confirmation pending","2026-07-31","Included as earlier integrated linearizability-and-progress logic under fair scheduling; it is SC, uses strong CAS, is not mechanized, and has no RC11 weak-CAS Treiber theorem."
"S20","Compositional Verification of a Lock-Free Stack with RGITL","2013","Bogdan Tofan; Gerhard Schellhorn; Gidon Ernst; Jörg Pfähler; Wolfgang Reif","10.14279/tuj.eceasst.66.885","https://eceasst.org/index.php/eceasst/article/download/2091/2244/2255","AVoCS 2013; ECEASST volume 66 version","local primary-source corpus; DBLP; publisher PDF","D24; D32; Q03; Q14; Q15","full-text","include-closest","","yes","Abstract; §§1–2; §5.1 Theorem 1; §5.2 Theorem 2; §6; KIV project","Codex-assisted; human confirmation pending","2026-07-31","Included as high-severity classical prior art: the KIV application mechanizes memory safety, ABA prevention, linearizability, and lock-freedom for Treiber-derived data and free stacks with explicit reuse; paper Theorems 1–2 are generic decomposition results. The interleaving model has exact-match strong CAS, not RC11 or spurious weak CAS."
"S21","VSync: Push-Button Verification and Optimization for Synchronization Primitives on Weak Memory Models","2021","Jonas Oberhauser; Rafael Lourenco de Lima Chehab; Diogo Behrens; Ming Fu; Antonio Paolillo; Lilith Oberhauser; Koustubha Bhat; Yuzhong Wen; Haibo Chen; Jaeho Kim; Viktor Vafeiadis","10.1145/3445814.3446748","https://arxiv.org/pdf/2102.06590","ASPLOS 2021 technical report","local primary-source corpus; arXiv; OpenAlex one-hop","Q09; Q10; Q14; snowball-1","full-text","include-adjacent","","yes","§1.1 Definition 1; §1.2 Definition 2 and fragment conditions; §2.3 Theorem 1 and consistency caveat; §3.1 ARM/Rmem case study","Codex-assisted; human confirmation pending","2026-07-31","Included as weak-memory await-termination model-checking prior art for Bounded-Length/Bounded-Effect programs under fair scheduling and an await/read-progress condition. VSync instantiates IMM and separately analyzes ARMv8, but has no Treiber or separate justice for spurious weak CAS; the generic proof explicitly omits memory-model consistency."
"S22","Trillium: Higher-Order Concurrent and Distributed Separation Logic for Intensional Refinement","2024","Amin Timany; Simon Oddershede Gregersen; Léo Stefanesco; Jonas Kastberg Hinrichsen; Léon Gondelman; Abel Nieto; Lars Birkedal","10.1145/3632851","https://iris-project.org/pdfs/2024-popl-trillium.pdf","POPL 2024 author version","local primary-source corpus; author PDF; OpenAlex one-hop","Q10; Q14; Q15; snowball-1","full-text","include-adjacent","","yes","Theorem 3.2; §4 methodology; Theorem 4.1; §4.2 examples; Lemma 4.3","Codex-assisted; human confirmation pending","2026-07-31","Included as a Coq-mechanized generic fair-scheduling liveness framework. Trillium/Fairis transports fair termination and always-eventually properties through refinement in an ordinary interleaving HeapLang instance; there is no RC11, Treiber, or spurious weak-CAS theorem."
"S23","Verifying Wait-Freedom for Concurrent Higher-Order Programs","2026","Egor Namakonov; Lars Birkedal; Amin Timany","10.4230/lipics.ecoop.2026.20","https://drops.dagstuhl.de/storage/00lipics/lipics-vol372-ecoop2026/LIPIcs.ECOOP.2026.20/LIPIcs.ECOOP.2026.20.pdf","ECOOP 2026 publisher version; related artifact at Zenodo 19607892","local primary-source corpus; DROPS; citation neighborhood","Q07; Q15; snowball-1","full-text","include-adjacent","","yes","Definitions 1–4 and Theorem 5; Definition 6; Definitions 7–8 and Theorem 9; Theorems 12–13; §§7.1–7.2","Codex-assisted; human confirmation pending","2026-07-31","Included as Rocq-mechanized wait-freedom adequacy for initialized higher-order clients under explicit syntax restrictions and continued scheduling of the caller. FAA gets ordinary wait-freedom, list_map a possibly-stuck variant, and the queue a restricted two-thread variant; there is no Treiber, weak memory, or spurious weak CAS."
"S24","Nola: Later-Free Ghost State for Verifying Termination in Iris","2025","Yusuke Matsushita; Takeshi Tsukada","10.1145/3729250","https://shiatsumat.github.io/papers/pldi2025-nola.pdf","PLDI 2025 author version","local primary-source corpus; author PDF; OpenAlex one-hop","Q10; Q15; snowball-1","full-text","include-adjacent","","yes","Abstract; §1.2 limitation; Theorem 2.1; §2.3 concurrent examples; §7 RustHalt scope; §8 mechanization","Codex-assisted; human confirmation pending","2026-07-31","Included as a Rocq-mechanized termination framework with independent-thread concurrent examples and a prototype RustHalt foundation covering selected rules. It explicitly does not support richer fair liveness and has no weak-memory, Treiber, or spurious-CAS result."
"S25","Shape Abstraction of Thread Interferences","2026","Valentin Barbazo; Xavier Rival","10.5281/zenodo.21258346","https://zenodo.org/records/21258346","SAS 2026 artifact README; paper forthcoming at the audit cutoff","Zenodo formal-artifact search","Z03","artifact full-text","include-adjacent","","yes","Artifact README §§1, 4, and 7; Table 1","Codex-assisted; human confirmation pending","2026-07-31","Included because the sound MemCAD abstract interpreter is evaluated on Treiber-stack clients. The checked properties are data-race freedom and preservation of a linked-list shape invariant; the artifact supplies neither a liveness theorem nor weak-CAS, RC11, or separated-fairness semantics."
"S26","Memento: A Framework for Detectable Recoverability in Persistent Memory","2023","Kyeongmin Cho; Seungmin Jeon; Azalea Raad; Jeehoon Kang","10.1145/3591232","https://www.soundandcomplete.org/papers/PLDI2023/memento.pdf","PLDI 2023 author version; artifact DOI 10.5281/zenodo.7811928","Zenodo formal-artifact search; author PDF; DBLP; Crossref","Z01; Z02; D30; C12","full-text","include-adjacent","","yes","Abstract; §§1, 3, 5; Theorem 3.1; Treiber evaluation in §6","Codex-assisted; human confirmation pending","2026-07-31","Included because Memento formally proves detectable recoverability for well-typed persistent programs and implements a detectable persistent Treiber stack. Its CAS is an exact-match detectable persistent primitive, and the stack case study is evaluated rather than supplied with an RC11 weak-CAS liveness or separated-fairness theorem."
"A24","TaDA Live: Compositional Reasoning for Termination of Fine-grained Concurrent Programs","2021","Emanuele D’Osualdo; Julian Sutherland; Azadeh Farzan; Philippa Gardner","10.1145/3477082","https://www.cs.toronto.edu/~azadeh/resources/papers/tada-live.pdf","ACM TOPLAS 43(4), 2021 extended author version","citation neighborhood; author PDF; DOI metadata","Q10; Q15; snowball-1","full-text","include-adjacent","","yes","Abstract; §3.2 fair trace semantics; §4 proof rules; §5 case studies","Codex-assisted; human confirmation pending","2026-07-31","Included as compositional termination reasoning for blocking fine-grained programs under fair traces. Its SC cases concern locks, counters, and sets, not weak memory, Treiber progress, or spurious CAS."
"A25","Fairness and Liveness under Weak Consistency","2024","Parosh Aziz Abdulla; Mohamed Faouzi Atig; Adwait Godbole; Shankaranarayanan Krishna; Mihir Vahanwala","10.1007/978-3-031-56222-8_1","https://people.mpi-sws.org/~mvahanwa/publications/WeakConsistency.pdf","2024 tutorial chapter based on S03 and S04","OpenAlex one-hop; author PDF; Springer DOI metadata","Q09; Q10; snowball-1","full-text","exclude-secondary","Tutorial presentation explicitly based on the retained primary works S03 and S04; it adds no independent theorem matching the target conjunction.","yes","Abstract; §§2–6; statement that the presentation is tutorial-like and based on previous works","Codex-assisted; human confirmation pending","2026-07-31","Recorded rather than silently discarded; use S03 and S04 for theorem and version claims."
"A26","Decidability of Liveness for Concurrent Objects on the TSO Memory Model","2022","Chao Wang; Gustavo Petri; Yi Lv; Teng Long; Zhiming Liu","10.1007/978-3-031-21213-0_10","https://arxiv.org/pdf/2107.09930","SETTA 2022 chapter; arXiv preprint; superseded by the substantive FAC 2026 expansion screened as S45","citation neighborhood; arXiv; Springer DOI metadata","Q10; snowball-1; version-follow-up","full-text","include-adjacent","","yes","§3 liveness; §4 undecidability; §5 obstruction-freedom","Codex-assisted; human confirmation pending","2026-07-31","Included as the preliminary weak-memory liveness-decidability result: lock-, wait-, deadlock-, and starvation-freedom are undecidable under TSO while obstruction-freedom is decidable. S45 records the final version's additional bounded-wait-freedom and complexity results. Neither version supplies an RC11 weak-CAS Treiber theorem."
"A27","Quantitative Reasoning for Proving Lock-Freedom","2013","Jan Hoffmann; Michael Marmar; Zhong Shao","10.1109/lics.2013.18","https://www.cs.cmu.edu/~janh/assets/pdf/HoffmannMZ13.pdf","LICS 2013 conference paper","citation neighborhood; author PDF; IEEE DOI metadata","Q03; Q15; snowball-1","full-text","include-closest","","yes","§III Treiber argument; §VI Treiber verification; conclusion","Codex-assisted; human confirmation pending","2026-07-31","Included as a direct classical Treiber lock-freedom proof combining safety and quantitative total-correctness reasoning. It uses SC and strong CAS where failure is compensated by interference, not spurious weak CAS."
"A28","Proving Lock-Freedom Easily and Automatically","2015","Xiao Jia; Wei Li; Viktor Vafeiadis","10.1145/2676724.2693179","https://people.mpi-sws.org/~viktor/papers/cpp2015-lockfree.pdf","CPP 2015 author version","citation neighborhood; author PDF; ACM DOI metadata","Q03; Q14; Q15; snowball-1","full-text","include-closest","","yes","§1.1; §3 method; §4.3 CAVE implementation and evaluation","Codex-assisted; human confirmation pending","2026-07-31","Included as automated and Coq-soundness-backed classical lock-freedom prior art whose evaluated benchmarks include Treiber. It assumes SC/strong-CAS interference and has no RC11 or spurious weak-CAS dimension."
"S28","Formal Verification of a Lock-Free Stack with Hazard Pointers","2011","Bogdan Tofan; Gerhard Schellhorn; Wolfgang Reif","10.1007/978-3-642-23283-1_16","https://d-nb.info/1383093202/34","ICTAC 2011 institutional postprint; canonical OPUS record 55403; live KIV project","DBLP; Crossref; institutional postprint; KIV project; citation snowball","D24; D33; C15; snowball-2","full-text and mechanization portal","include-closest","","yes","Abstract; §3.1 CAS; §4.1 interleavings; §5 Theorems 2–3; §6.2 preservation arguments; KIV GStack-GC Lockfree-Inst","Codex-assisted; human confirmation pending","2026-07-31","Included as a KIV-mechanized Treiber stack with hazard-pointer reclamation, ABA prevention, linearizability, and system lock-freedom. Its interleaving semantics uses exact-match strong CAS; individual processes may be delayed indefinitely, but no weak-memory, spurious-CAS, or separated primitive-fairness dimension is present."
"S29","Will It Fit? Verifying Heap Space Bounds of Concurrent Programs under Garbage Collection","2025","Alexandre Moine; Arthur Charguéraud; François Pottier","10.1145/3716312","https://iris-project.org/pdfs/2025-toplas-willitfit.pdf","TOPLAS 2025 author version and Coq/IrisFit development","author PDF; DOI metadata; DBLP; Crossref; thesis/author-page follow-up","Q12; D37; C19; OA37; S237; snowball-2","full-text","include-closest","","yes","Abstract and §1; §3; Fig. 6 HeadCAS rules; Theorems 8.2–8.3; §11.5 and Fig. 41","Codex-assisted; human confirmation pending","2026-07-31","Included as a machine-checked boundary case that places a strong-CAS Treiber functional and heap-space proof in the same development as bounded-time allocation-enablement liveness. The liveness theorem concerns garbage-collection polling and allocations, not push/pop response or lock-freedom; LambdaFit is SC-style and CAS failure requires inequality."
"S30","Marrying Miri and GenMC: Improving Miri's Ability to Detect Concurrency Bugs","2025","Patrick Muntwiler","","https://ethz.ch/content/dam/ethz/special-interest/infk/inst-pls/plf-dam/documents/StudentProjects/MasterTheses/2025-Patrick-Thesis.pdf","ETH Zürich MSc thesis, submitted 2025-09-10; cutoff-pinned GenMC v0.17.0 source follow-up","ETH thesis; author-page follow-up; GenMC source; negative DBLP/Crossref exact-title seeds","D38; C20; OA38; S238; thesis-snowball; source-follow-up","full-text and source","include-closest","","yes","§4.1.2 pp. 28–29; §5.2.2 pp. 50–51; §5.3.2 pp. 55–62; Appendix pp. 87–89; GenMC 29b03a66 Execution.cpp and Treiber tests","Codex-assisted; human confirmation pending","2026-07-31","Included as direct RC11 tool-boundary evidence. The thesis's Treiber benchmark uses strong Rust compare_exchange, removes reclamation, and evaluates bounded safety/performance; GenMC explicitly omits weak-CAS spurious failure and can miss the demonstrated bug. The cutoff-pinned GenMC source retains both limitations and strong-CAS Treiber tests, with no liveness theorem."
"S31","Mirror is Not Strong: Discovery of a Persistent Memory Bug using Refinement in KIV","2025","Gerhard Schellhorn; Stefan Bodenmüller; Brijesh Dongol; Heike Wehrheim","10.1007/978-3-031-92196-4_16","https://openresearch.surrey.ac.uk/view/pdfCoverPage?instCode=44SUR_INST&filePid=13220942020002346&download=true","2025 accepted manuscript; live KIV supplementary development","institutional accepted manuscript; DOI metadata; DBLP; Crossref; author-page and KIV follow-up","D36; C18; OA36; S236; snowball-2; artifact-follow-up","full-text and source description","include-closest","","yes","Abstract; §2.1; §3.2 Theorem 1 and Corollary 1; §5.3; §5.4; conclusion; KIV MIRROR project","Codex-assisted; human confirmation pending","2026-07-31","Included because KIV exposed that Mirror implements durable compare_exchange_weak rather than strong CAS and mechanizes the 73-obligation lower refinement. The upper IMirror-to-PLib refinement remains explicitly work in progress, so the end-to-end durability conclusion is conditional. The PSC model has no Treiber client, RC11 fairness, primitive justice, or liveness theorem."
"S32","Zoo: A Framework for the Verification of Concurrent OCaml 5 Programs using Separation Logic","2026","Clément Allain; Gabriel Scherer","10.1145/3776701","https://clef-men.github.io/publications/allain-scherer-26-zoo.pdf","POPL 2026 author version; public Rocq/Iris development","author PDF; DOI metadata; DBLP; Crossref; author page; proof-archive sweep","D39; C21; OA39; S239; snowball-2; artifact-follow-up","full-text","include-adjacent","","yes","§1 current limitation and contributions; §2 Treiber example; §10.1 verified structures; §14 relaxed-memory future work","Codex-assisted; human confirmation pending","2026-07-31","Included as current Rocq/Iris mechanized safety prior art for three OCaml Treiber variants. ZooLang is explicitly sequentially consistent, its CAS is physical-equality compare-and-set rather than compare-equal spurious weak CAS, and the specifications establish functional correctness rather than progress; relaxed memory remains future work."
"S33","Relinche: Automatically Checking Linearizability under Relaxed Memory Consistency","2025","Pavel Golovin; Michalis Kokologiannakis; Viktor Vafeiadis","10.1145/3704906","https://people.mpi-sws.org/~viktor/papers/popl2025-relinche.pdf","POPL 2025 author version and Zenodo artifact 13992580","author PDF; pilot OpenAlex/Crossref; current DBLP/Crossref; GenMC/Zenodo artifact","Q03; Q13; C07; D40; C22; OA40; S240; snowball-2; artifact-follow-up","full-text and artifact description","include-closest","","yes","Abstract; §2–§4; Theorem 4.3; §6 and Figures 4–5; artifact RC11 configuration","Codex-assisted; human confirmation pending","2026-07-31","Included as the closest automated RC11 Treiber safety neighbor. Relinche soundly checks contextual refinement for every client respecting a fixed method-invocation bound and evaluates Treiber variants with GenMC under RC11. It checks finite executions and provides no infinite progress theorem, scheduler or prefix-finite memory fairness, weak-CAS justice, or all-spurious separation."
"S34","Modular Verification of Safe Memory Reclamation in Concurrent Separation Logic","2023","Jaehwang Jung; Janggun Lee; Jaemin Choi; Jaewoo Kim; Sunho Park; Jeehoon Kang","10.1145/3622827","https://iris-project.org/pdfs/2023-oopsla-reclamation.pdf","OOPSLA 2023 author version and Coq/Iris supplementary development","author PDF; pilot OpenAlex; DBLP; Crossref; Iris/KAIST artifact","Q02; C11; D41; C23; OA41; S241; snowball-2; artifact-follow-up","full-text","include-adjacent","","yes","Abstract; §2.3; §§3 and 7; Table 1; §9 limitations","Codex-assisted; human confirmation pending","2026-07-31","Included as Coq/Iris logically atomic Treiber verification with garbage collection, hazard pointers, and RCU. The work assumes sequential consistency, uses ordinary exact-match CAS, and proves reclamation safety and functional specifications rather than stack termination or lock-freedom; it has no weak-memory or primitive-fairness dimension."
"S35","A Separation Logic for Parallel Time Complexity with Work and Span Credits","2026","Alexandre Moine; Sam Westrick; Joseph Tassarotti","10.1145/3828679","https://arxiv.org/pdf/2607.11582","arXiv v1 dated 2026-07-13; forthcoming ICFP 2026; public Rocq/Iris artifact","arXiv; negative cutoff-bounded DBLP/Crossref exact-title seeds; GitHub/Rocq artifact","A02; D42; C24; OA42; S242; snowball-2; artifact-follow-up","full-text and source description","include-closest","","yes","Abstract; Fig. 6 CAS semantics; Theorem 4.1; §6.5 and Fig. 21; §7 explicit lock-freedom qualification","Codex-assisted; human confirmation pending","2026-07-31","Included as a current mechanized Treiber result with linearizability and work/span credit bounds for a fixed participant count and a finite operation budget. CAS failure requires inequality, ParLang is SC-style, and the authors explicitly state that the performance specification is close to but not a formal proof of lock-freedom. It supplies no unbounded demand or separated fairness theorem."
"S36","Progress-Based Verification and Derivation of Concurrent Programs","2009","Brijesh Dongol","","https://brijeshdongol.github.io/thesis.pdf","University of Queensland PhD thesis, March 2009","primary-author thesis; author page; citation snowball","snowball-2; author-follow-up","full-text","include-context","","yes","Front matter contribution statements; Definition 3.37 and equation 3.38; §5.4.1","Codex-assisted; human confirmation pending","2026-07-31","Included as primary-author corroboration for the 2007/2009 well-founded-order lineage and its global existential progress quantifier. The thesis says the 2009 method supersedes the 2007 ideas but explicitly notes that the 2009 paper's proofs do not appear in the thesis; it does not erase the separate 2007 published Treiber result."
"A29","Verifying Lock-Freedom Using Well-Founded Orders","2007","Robert Colvin; Brijesh Dongol","10.1007/978-3-540-75292-9_9","https://espace.library.uq.edu.au/view/UQ:136195","ICTAC 2007 publisher record; UQ attachment is access-controlled; primary-author thesis corroboration","OpenAlex seed pending; Semantic Scholar seed pending; DBLP; Crossref; UQ metadata; primary-author thesis","OA35; S235; D35; C17; snowball-2","publisher preview, metadata, and corroborating primary source","include-closest","","no","Publisher abstract; paper §§2.3–2.4, 3, and 4 as reported in the primary-source extraction; Dongol thesis Definition 3.37/equation 3.38 and front matter","Codex-assisted; human confirmation pending","2026-07-31","Included as a direct PVS-checked Treiber lock-freedom result under atomic interleaving and strong-CAS semantics. Its conclusion is global/existential—eventually some process completes from every snapshot—with no per-process fairness, RC11, spurious CAS, or separated fairness dimensions. Full paper access remains restricted, so theorem-level details require human confirmation against the publisher copy."
"A30","A General Technique for Proving Lock-Freedom","2009","Robert Colvin; Brijesh Dongol","10.1016/j.scico.2008.09.013","https://www.sciencedirect.com/science/article/pii/S016764230800124X","Science of Computer Programming 74(3); author-hosted PVS bundle","OpenAlex seed pending; Semantic Scholar seed pending; DBLP; Crossref; ScienceDirect; UQ metadata; author artifact; primary-author thesis","OA34; S234; D34; C16; snowball-2; artifact-follow-up","publisher abstract, metadata, thesis, and source bundle","include-closest","","no","Official abstract; primary-author thesis front matter and Definition 3.37/equation 3.38; PVS bundle msq/cgq proof families and treiber.pvs:401–412","Codex-assisted; human confirmation pending","2026-07-31","Included as the superseding generic well-founded-order method with PVS-checked Michael-Scott and bounded-array queue cases. It is not a second published Treiber case: the bundle's legacy treiber.pvs has no treiber.prf and marks two well-foundedness obligations “Will not prove.” The method remains SC/strong-CAS and has no weak-memory or primitive-justice dimension."
"S27","Spirea: A Mechanized Concurrent Separation Logic for Weak Persistent Memory","2023","Simon Friis Vindum; Lars Birkedal","10.1145/3622820","https://cs.au.dk/~birke/papers/spirea-2023.pdf","OOPSLA 2023 author version; artifact DOI 10.5281/zenodo.8314888; unreviewed high-nextgen-logic branch commit 925a8d7a","version-1 pilot Crossref; independent proof-archive sweep; author PDF; Zenodo artifact; DBLP; Crossref; GitHub branch follow-up","Q12; D29; C11; artifact-snowball; Z10-negative; branch-follow-up","full-text and source","include-closest","","yes","Paper Abstract, §1.2, §2, Theorem 5.2, and §6.3.2; published artifact src/lang/lang.v:248–260 and src/examples/durable_treiber_stack.v; branch 925a8d7a durable_treiber_stack.v:64–235 and 671–1028, lang.v:248–260, config/source-list:104","Codex-assisted; human confirmation pending","2026-07-31","Included as Coq-mechanized weak-persistent-memory Treiber safety prior art. CAS failure requires inequality; §6.3.2 says the published specification does not imply linearizability or LIFO. The unprotected 2026 branch substantially strengthens the safety specification but retains strong CAS and partial-correctness loop proofs; no liveness, progress-fairness, or spurious-CAS theorem was located."
"S37","Verifying Lock-Free Traversals in Relaxed Memory Separation Logic","2025","Sunho Park; Jaehwang Jung; Janggun Lee; Jeehoon Kang","10.1145/3729248","https://iris-project.org/pdfs/2025-pldi-weak-reachability.pdf","PLDI 2025 author version and Zenodo artifact 15004020","author PDF; DOI metadata; exact-title OpenAlex/Semantic Scholar seeds pending; DBLP; Crossref; Zenodo/Rocq artifact","D43; C25; OA43; S243; snowball-2; artifact-follow-up","full-text and artifact description","include-adjacent","","yes","Abstract and contributions, PDF pp. 1 and 5–6; Algorithm 1 and §§2.1–2.3, pp. 6–8; §3, pp. 8–11; §6, pp. 18–20; §7, pp. 20–23","Codex-assisted; human confirmation pending","2026-07-31","Included as current Rocq/Iris safety prior art under iRC11 for lock-free lists, skiplists, and a skiplist-based priority queue. Its per-key linearizable history specifications and traversal reasoning are mechanized, but it contains no Treiber or liveness theorem. The language rules make CAS failure require inequality and success require equality, so there is no genuine weak-CAS spurious branch or primitive-fairness dimension."
"S38","Mechanizing a Correctness Proof for a Lock-Free Concurrent Stack","2008","John Derrick; Gerhard Schellhorn; Heike Wehrheim","10.1007/978-3-540-68863-1_6","https://dl.ifip.org/db/conf/fmoods/fmoods2008/DerrickSW08.pdf","FMOODS 2008 IFIP open-access version and live KIV development","IFIP primary PDF; DOI metadata; exact-title OpenAlex/Semantic Scholar seeds pending; DBLP; Crossref; KIV project","D44; C26; OA44; S244; snowball-2; artifact-follow-up","full-text and source description","include-closest","","yes","Introduction, PDF pp. 1–3; §2, pp. 3–7; §4, pp. 10–12; §§5–6, pp. 12–16; conclusion, p. 17","Codex-assisted; human confirmation pending","2026-07-31","Included as an early KIV-mechanized linearizability proof for a simplified core Treiber stack with arbitrarily many processes. Its global forward-simulation argument is safety only; the implementation uses exact-match strong CAS in an SC-style interleaving model, abstracts allocation and ABA away, and proves no lock-freedom, fairness, weak-memory, or spurious-failure result."
"S39","Modular Verification of a Non-Blocking Stack","2007","Matthew J. Parkinson; Richard Bornat; Peter W. O'Hearn","10.1145/1190216.1190261","https://flint.cs.yale.edu/cs428/doc/non-blocking-stack.pdf","POPL 2007 author-hosted copy","author-hosted primary PDF; DOI metadata; exact-title OpenAlex/Semantic Scholar seeds pending; DBLP; Crossref; citation snowball","D45; C27; OA45; S245; snowball-2","full-text","include-adjacent","","yes","Introduction and CAS assumptions, p. 1; specifications, §3 p. 2; hazard-pointer stack, §3.3 pp. 3–4; proof, §4 pp. 4–6; limitations, §5 p. 6","Codex-assisted; human confirmation pending","2026-07-31","Included as an early modular concurrent-separation-logic safety proof for Michael's hazard-pointer stack and freelist with a fixed population of threads. The paper explicitly limits its result to preservation of the stack invariant and absence of memory leaks, disclaims absence of livelock, and leaves liveness rules to future work. It neither requires linearizability nor mechanizes the proof, and assumes serialized single-word accesses and exact-match strong CAS."
"S40","Rely-Guarantee Bound Analysis of Parameterized Concurrent Shared-Memory Programs","2021","Thomas Pani; Georg Weissenbacher; Florian Zuleger","10.1007/s10703-021-00370-8","https://d-nb.info/1234298783/34","Formal Methods in System Design 57(2) open-access version and Coachman implementation","German National Library primary PDF; Springer open-access metadata; exact-title OpenAlex/Semantic Scholar seeds pending; DBLP; Crossref; Coachman repository","D46; C28; OA46; S246; snowball-2; artifact-follow-up","full-text and source description","include-closest","","yes","§§2.1–2.2, journal pp. 273–275 / PDF pp. 4–6; Definition 4, pp. 277–278 / PDF pp. 8–9; Theorems 1–3, pp. 282–285 / PDF pp. 13–16; Treiber derivation, pp. 285–287 / PDF pp. 16–18; §4, pp. 287–292; Table 1 and §5, pp. 292–295; future work, pp. 296–297","Codex-assisted; human confirmation pending","2026-07-31","Included as automated bounded-progress prior art for a parameterized family of finite Treiber clients. Coachman soundly bounds control-flow edges on all runs and infers an asymptotically tight O(N) thread-specific bound for a batch in which each of N threads nondeterministically performs one push or pop. The model assumes atomic interleaving, garbage collection, and exact-match strong CAS; it has no recurring demand, RC11 visibility fairness, scheduler/primitive fairness decomposition, all-spurious execution, linearizability composition, or proof-assistant certificate."
"S41","Formal Verification of Lock-Free Algorithms","2009","Gerhard Schellhorn; Simon Bäumler","10.1109/ACSD.2009.10","https://scholar.archive.org/work/4pfn4w4inrcefh6ttsan4qe2sm/access/wayback/http://es.cs.uni-kl.de/publications/data/ScBa09.pdf","ACSD 2009 archived author version","archived author PDF; DOI metadata; exact-title OpenAlex/Semantic Scholar seeds pending; DBLP; Crossref; KIV lineage follow-up","D47; C29; OA47; S247; snowball-2; version-follow-up","full-text","include-version-audit","","yes","§2 and Figures 1–4, PDF pp. 1–2; §3, pp. 2–3; §4, p. 3; conclusion, pp. 4–5","Codex-assisted; human confirmation pending","2026-07-31","Included to disambiguate the 2008–2009 KIV lineage. This overview reuses the simplified core Treiber stack to explain strong CAS, linearizability, and lock-freedom, and reports the previously mechanized stack linearizability result; its statement that a failed stack CAS witnesses another successful operation is an informal argument, not a separately mechanized stack lock-freedom theorem. The concrete mechanized liveness case mentioned in §4 is a Michael-Scott queue."
"S42","Progress Guarantee for Parallel Programs via Bounded Lock-Freedom","2009","Erez Petrank; Madanlal Musuvathi; Bjarne Steensgaard","10.1145/1542476.1542493","https://csaws.cs.technion.ac.il/~erez/Papers/bounded-lf-pldi.pdf","PLDI 2009 author version; SIGPLAN Notices duplicate DOI 10.1145/1543135.1542493","author PDF; DOI metadata; exact-title OpenAlex/Semantic Scholar seeds pending; DBLP; Crossref; citation snowball","D48; C30; OA48; S248; snowball-2","full-text","include-closest","","yes","§2 pp. 145–146; Definitions 3.1–3.2 p. 146; Definition 3.11 p. 147; §4 and Table 1 p. 148; §5.2 and footnote 5 p. 149; Definitions 6.3–6.4 p. 150; Theorem 7.1 and proof pp. 151–152","Codex-assisted; human confirmation pending","2026-07-31","Included as direct bounded-progress prior art. The paper formalizes system-wide lock-freedom as GF ∃t prog(t), defines bounded lock-freedom, and CHESS-checks n=2–6 one-shot push/pop harnesses for the Herlihy–Shavit LockFreeStack, a standard Treiber-style strong-CAS stack. It explicitly says the execution model is SC and non-SC platforms are outside scope. Its separate weak-LL/SC discussion observes that unbounded spurious failures can destroy lock-freedom even when program threads receive enough CPU steps. The generic manual Theorem 7.1 composes program and service progress; there is no symbolic all-n stack proof, primitive-justice premise, integrated weak-CAS stack execution, RC11 theorem, linearizability proof, or proof-assistant certificate."
"S43","Effective Memory Reclamation for Lock-Free Data Structures in C++","2018","Manuel Pöter","10.34726/hss.2018.51367","https://repositum.tuwien.at/retrieve/8679","TU Wien diploma thesis (Diplomarbeit), 2018-01-22","TU Wien primary PDF and metadata; exact-title OpenAlex/Semantic Scholar seeds pending; negative DBLP/Crossref exact-title search; citation snowball","D49; C31; OA49; S249; snowball-2","full-text","include-adjacent","","yes","Weak-CAS semantics: thesis-numbered p. 32 / PDF p. 48; Stamp-it overview: thesis-numbered pp. 21–22 / PDF pp. 37–38; §4.4.6.8: thesis-numbered pp. 107–109 / PDF pp. 123–125; footnote 12: thesis-numbered p. 107 / PDF p. 123","Codex-assisted; human confirmation pending","2026-07-31","Included as implementation-level evidence that weak-CAS spurious failure and lock-freedom were discussed together before the candidate. The diploma thesis defines compare_exchange_weak spurious failure and informally argues that such failures do not spoil the non-Treiber Stamp-it thread-order queue's lock-freedom. It supplies no fairness assumption explaining that step, no RC11 infinite-execution theorem, no Treiber case, and no mechanized proof."
"S44","On the Use of Model Checking for the Bounded and Unbounded Verification of Nonblocking Concurrent Data Structures","2013","David Friggens","10.26686/wgtn.17004076","https://openaccess.wgtn.ac.nz/articles/thesis/On_the_Use_of_Model_Checking_for_the_Bounded_and_Unbounded_Verification_of_Nonblocking_Concurrent_Data_Structures/17004076","Victoria University of Wellington doctoral thesis","institutional thesis PDF and metadata; DBLP; Crossref; exact-title OpenAlex/Semantic Scholar seeds pending","D50; C32; OA50; S250; CG0744; citation-queue-direct-triage","full-text","include-closest","","yes","§2.6.1; §5.3, especially WF-1/WF-2 and LF-1–LF-3; §6.2–§6.4 and Table 6.8; TVLA/3VMC chapters and limitations","Codex-assisted; human confirmation pending","2026-07-31","Included as direct Treiber progress evidence. Spin finds the two-thread non-wait-free execution and verifies bounded Treiber lock-freedom instances, including weak-fairness-aware formulations, up to a reported seven-thread small-data configuration. The thesis explicitly does not lift those progress checks to an unbounded theorem; its TVLA/3VMC work establishes unbounded safety/linearizability only. The model is SC with mismatch-only strong CAS and has no weak memory, spurious failure, primitive justice, or proof-assistant certificate."
"S45","Decidability of Liveness on the TSO Memory Model","2026","Chao Wang; Gustavo Petri; Yi Lv; Teng Long; Xinhang Song; Zhiming Liu","10.1145/3766061","https://doi.org/10.1145/3766061","Formal Aspects of Computing 38(1), pp. 1–48; accessible 2021 preprint and SETTA 2022 preliminary version","ACM/Crossref final metadata and abstract; arXiv full text for the core model; DBLP; exact-title OpenAlex/Semantic Scholar seeds pending","D51; C33; OA51; S251; CG0691; citation-queue-direct-triage; version-follow-up","full-text plus final abstract","include-closest","","yes","Final abstract; preprint §§2–5, especially the CAS rules and liveness definitions; final full text still requires access confirmation","Codex-assisted; human confirmation pending","2026-07-31","Included as the substantive final TSO liveness result. Beyond the preliminary undecidability/obstruction-freedom theorems, the final abstract reports decidability of fixed-k bounded wait-freedom, non-primitive-recursive complexity for it and obstruction-freedom, and a TSO object that is wait-free but not k-bounded wait-free for any k. The generic finite-state library model uses strong atomic CAS and bounded processes with unbounded store buffers; it has no Treiber, RC11, spurious weak CAS, primitive justice, or mechanization. Final theorem text remains a human-access item."
"A31","Practical Progress Verification of Descriptor-Based Non-Blocking Data Structures","2019","Christina L. Peterson; Victor Cook; Damian Dechev","10.1109/MASCOTS.2019.00019","https://doi.org/10.1109/MASCOTS.2019.00019","MASCOTS 2019 paper; expanded dissertation screened as S46","IEEE/Crossref/DBLP metadata; expanded institutional dissertation full text; exact-title OpenAlex/Semantic Scholar seeds pending","D52; C34; OA52; S252; CG0343; citation-queue-direct-triage","full-text through expanded source","include-adjacent","","yes","Paper abstract and metadata; dissertation Chapters 3–4, especially Theorems 3.0.1 and 3.0.2","Codex-assisted; human confirmation pending","2026-07-31","Included as a mechanized descriptor-helping progress method. Coq/VST and local rely-guarantee reasoning establish lock- or wait-freedom from loop invariants and helping assumptions for a transactional list and a wait-free queue. There is no Treiber case; the semantics is SC-style strong CAS, and the active-thread helping premise is not a separated scheduler/memory/primitive fairness model."
"S46","Correctness and Progress Verification of Non-Blocking Programs","2019","Christina Peterson","","https://stars.library.ucf.edu/etd/6557/","University of Central Florida doctoral dissertation; expanded source for A31","institutional full text and metadata; exact-title DBLP/Crossref/OpenAlex/Semantic Scholar seeds pending","D53; C35; OA53; S253; CG0826; citation-queue-direct-triage; version-follow-up","full-text","include-version-audit","","yes","Chapters 3–4, especially descriptor protocols, loop invariants, Theorems 3.0.1 and 3.0.2, and Coq/VST implementation discussion","Codex-assisted; human confirmation pending","2026-07-31","Retained as the expanded primary source for A31 rather than as independent prior art. It gives the detailed semi-automatic Coq/VST progress framework and its transactional-list and wait-free-queue cases, but no Treiber, weak memory, spurious CAS, primitive justice, or all-spurious separation."
"S47","A Simple Proof System for Lock-Free Concurrency","2010","Luís Caires; Carla Ferreira; António Ravara","10.29007/n3nk","https://easychair.org/publications/paper/xJD","PSPL 2010 open proceedings version","EasyChair primary PDF; DOI and DBLP metadata; exact-title OpenAlex/Semantic Scholar seeds pending","D54; C36; OA54; S254; CG0745; citation-queue-direct-triage","full-text","include-adjacent","","yes","Entire three-page position paper, especially the LL/SC rules and linked-list insertion example","Codex-assisted; human confirmation pending","2026-07-31","Included because its title can be mistaken for a liveness theorem. The paper proves conditional partial correctness for a strong-LL/SC linked-list insertion: if the retry loop terminates, insertion preserves the list. It states lock-freedom as a motivation but supplies no termination theorem, fairness premise, Treiber case, weak/spurious primitive, or mechanization."
"S48","A Proof System for Lock-Free Concurrency","2013","Diogo Santiago Serra","","https://run.unl.pt/handle/10362/11037","NOVA University Lisbon master's thesis expanding the PSPL proof-system lineage","institutional thesis full text and repository metadata; exact-title DBLP/Crossref/OpenAlex/Semantic Scholar seeds pending","D55; C37; OA55; S255; CG0806; citation-queue-direct-triage; lineage-follow-up","full-text","include-adjacent","","yes","LL/SC operational rules; linked-list push/pop examples; conclusion and future-work limitations","Codex-assisted; human confirmation pending","2026-07-31","Included as a direct safety neighbor: the thesis develops a Hoare/separation-style logic for strong LL/SC and applies it to Treiber-like linked-list push/pop. It proves partial correctness only; termination, fairness, deadlock-freedom, soundness mechanization, and tooling are expressly left open. SC succeeds iff the link remains valid and admits no spurious failure."
"S49","Temporal Logic Verification of Lock-Freedom","2010","Bogdan Tofan; Simon Bäumler; Gerhard Schellhorn; Wolfgang Reif","10.1007/978-3-642-13321-3_21","https://opus.bibliothek.uni-augsburg.de/opus4/frontdoor/index/index/year/2019/docId/57145","MPC 2010 institutional open-access version and KIV project lineage","institutional primary PDF; DOI/DBLP metadata; KIV project; exact-title OpenAlex/Semantic Scholar seeds pending","D56; C38; OA56; S256; CG0178; citation-queue-direct-triage; KIV-lineage-follow-up","full-text and source description","include-adjacent","","yes","Definitions 1–2; Theorem 1; Michael–Scott enqueue case; fairness discussion and unfair-loop variant","Codex-assisted; human confirmation pending","2026-07-31","Included as an early KIV-mechanized temporal rely-guarantee lock-freedom method. The checked case is a slightly improved Michael–Scott queue under weak-fair SC strong-CAS interleaving, not Treiber; the later direct KIV Treiber developments are already closest-work rows. No weak memory, compare-equal failure, or primitive justice is present."
"S50","A Scalable Lock-Free Stack Algorithm","2004","Danny Hendler; Nir Shavit; Lena Yerushalmi","10.1145/1007912.1007944","https://people.csail.mit.edu/shanir/publications/Lock_Free.pdf","SPAA 2004 author version; expanded journal version","author primary PDF; DOI/DBLP metadata; exact-title OpenAlex/Semantic Scholar seeds pending","D57; C39; OA57; S257; CG0359; citation-queue-direct-triage","full-text","include-adjacent","","yes","Algorithm and central Treiber path; Theorems 5.16 and 5.17; lock-freedom interference argument","Codex-assisted; human confirmation pending","2026-07-31","Included as a Treiber-derived algorithmic neighbor. The elimination-backoff stack is manually proved linearizable and lock-free, but the central stack proof relies on the classical strong-CAS fact that a failed CAS witnesses another successful update. It is SC-style, ignores ABA in the core proof, and has no weak memory, spurious CAS, formal fairness split, or mechanization."
"S51","Thread-Modular Counter Abstraction: Automated Safety and Termination Proofs of Parameterized Software by Reduction to Sequential Program Verification","2023","Thomas Pani; Georg Weissenbacher; Florian Zuleger","10.1007/s10703-023-00439-6","https://doi.org/10.1007/s10703-023-00439-6","Formal Methods in System Design 2023 open-access version","Springer primary PDF; DOI/DBLP metadata; exact-title OpenAlex/Semantic Scholar seeds pending","D58; C40; OA58; S258; CG0272; citation-queue-direct-triage","full-text","include-context","","yes","Theorems 4–5; T2 evaluation cases; liveness and fairness limitations/future work","Codex-assisted; human confirmation pending","2026-07-31","Retained as context for the automated parameterized-verification tool landscape. The generic reduction transfers safety and termination results from a sequential abstraction to arbitrary thread counts, but the paper has no stack or CAS case, weak-memory semantics, primitive-fairness model, or proof-assistant mechanization; general fairness extensions remain future work."
"S52","Detecting Fair Non-termination in Multithreaded Programs","2012","Mohamed Faouzi Atig; Ahmed Bouajjani; Michael Emmi; Akash Lal","10.1007/978-3-642-31424-7_19","https://github.com/michael-emmi/research-papers/raw/master/conf-cav-AtigBEL12.pdf","CAV 2012 author-hosted conference version","local primary-source corpus; DOI/DBLP metadata; citation queue; exact-title provider queries pending","OA59; S259; D59; C41; CG0263; citation-queue-priority-screen","full-text","include-closest","","yes","§3.4; Lemma 5; §5 OptimisticList evaluation","Codex-assisted; human confirmation pending","2026-07-31","Included as the fair-nontermination boundary. The MUTANT reduction detects context-bounded fair ultimately-periodic executions and supports strong fairness, with weak fairness characterized similarly. Its shared-memory cases include OptimisticList, not Treiber; it gives negative lasso detection rather than an RC11 weak-CAS positive progress theorem or proof-assistant certificate."
"S53","Compositional Verification of Termination-Preserving Refinement of Concurrent Programs","2014","Hongjin Liang; Xinyu Feng; Zhong Shao","10.1145/2603088.2603123","https://flint.cs.yale.edu/flint/publications/rgsimt-tr.pdf","CSL-LICS 2014 companion technical report (June 9, 2014)","local primary-source corpus; DOI/DBLP metadata; citation queue; exact-title provider queries pending","OA60; S260; D60; C42; CG0593; citation-queue-priority-screen","full-text","include-closest","","yes","§4.3, especially Figure 22, the linearizability/lock-freedom statement, and the failed-CAS argument","Codex-assisted; human confirmation pending","2026-07-31","Included as direct prior art that proves Treiber linearizability and lock-freedom together. Its atomic-interleaving strong-CAS proof requires each failed push/pop CAS to have been caused by another thread's successful update. It therefore defeats broad combined-safety-and-progress novelty wording, but has no RC11, genuine weak CAS, separated primitive justice, all-spurious execution, or machine-checked artifact."
"A32","A Scalable Lock-Free Stack Algorithm and its Verification","2007","Robert Colvin; Lindsay Groves","10.1109/SEFM.2007.2","https://doi.org/10.1109/SEFM.2007.2","SEFM 2007 closed proceedings paper; related open derivation DOI 10.1016/j.entcs.2006.08.044","IEEE/DBLP metadata and publisher abstract; related primary derivation and PVS lineage; citation queue; exact-title provider queries pending","OA61; S261; D61; C43; CG0456; citation-queue-priority-screen","publisher abstract and related-primary-source audit","include-closest","","no","Publisher abstract; DBLP record; related derivation DOI 10.1016/j.entcs.2006.08.044; associated IOA/PVS lineage","Codex-assisted; human confirmation pending","2026-07-31","Included as machine-checked scalable elimination-stack safety prior art. The exact abstract reports PVS checking, while the companion primary source identifies the IOA/PVS result as linearizability preservation and not a progress proof. The exact SEFM full text remains access-limited for line-level confirmation. No available evidence indicates RC11, genuine weak CAS, primitive justice, or an all-spurious result."
"S54","The Design and Verification of Dynamic-sized Nonblocking Data Structures","2010","Simon Doherty","10.26686/wgtn.16969549.v1","https://ndownloader.figshare.com/files/31390636","Victoria University of Wellington doctoral thesis","local primary-source corpus and institutional full text; DOI metadata; citation queue; exact-title provider queries pending","OA62; S262; D62; C44; CG0910; citation-queue-priority-screen","full-text","include-closest","","yes","§1.1.2 CAS semantics; §1.2.1 PVS scope; Chapter 5 introduction and §§5.4–5.5; §7.2.2","Codex-assisted; human confirmation pending","2026-07-31","Included as direct classical verification lineage. Chapters 3, 4, and 6 contain PVS-checked nonblocking verifications; Chapter 5 separately presents a lock-freedom-preserving reference-counting transformation applied to Treiber, but does not identify it as PVS-checked. The Chapter 5 LFRC implementation requires wide exact-match CAS (pointer plus counter), and relaxed consistency is explicitly not treated."
"S55","Automated Robustness Verification of Concurrent Data Structure Libraries against Relaxed Memory Models","2024","Kartik Nagar; Anmol Sahoo; Romit Roy Chowdhury; Suresh Jagannathan","10.1145/3689802","https://kartiknagar.github.io/publication/oopsla24/oopsla24.pdf","OOPSLA 2024 extended author version","local primary-source corpus; DOI/DBLP metadata; citation queue; exact-title provider queries pending","OA63; S263; D63; C45; CG0815; citation-queue-priority-screen","full-text","include-closest","","yes","Definitions 3.1 and 5.1; Theorems 4.4, 4.6, 5.3, 6.1, and 6.2; §5.4 and Lemma 5.4; Table 2","Codex-assisted; human confirmation pending","2026-07-31","Included as a direct weak-memory safety boundary. RoboCop automatically establishes RC20 robustness for unbounded-client data-structure libraries and evaluates Treiber. Appendix A makes CAS failure mismatch-only, and the archived Treiber input calls strong compare-exchange. Its CAS-loop preprocessing removes failed read-only iterations and replaces the final operation with blocking CAS; the result is robustness/safety, not liveness under genuine weak-CAS spuriosity, fairness, or primitive justice."
"S56","Verifying General-Purpose RCU for Reclamation in Relaxed Memory Separation Logic","2025","Jaehwang Jung; Sunho Park; Janggun Lee; Jeho Yeon; Jeehoon Kang","10.1145/3729246","https://iris-project.org/pdfs/2025-pldi-weak-smr.pdf","PLDI 2025 author version and Zenodo artifact 15167032","local primary-source corpus; DOI/DBLP metadata; citation queue; exact-title provider queries pending; archived Rocq artifact inventory","OA64; S264; D64; C46; CG0825; citation-queue-priority-screen","full-text and artifact inventory","include-closest","","yes","Algorithm 1; §3.1 and Figure 3; pp. 2–3 mechanization claims; artifact README §3 and archive file inventory","Codex-assisted; human confirmation pending","2026-07-31","Included as a direct weak-memory safety boundary with adjacent mechanization. The paper gives an illustrative iRC11 Treiber-with-RCU proof argument, while the archived Rocq development mechanizes general-purpose RCU and queue/list clients but identifies no Treiber/stack file. CAS is exact; there is no Treiber liveness theorem, primitive justice, or all-spurious counterexecution."
"S57","Program Verification Under Weak Memory Consistency Using Separation Logic","2017","Viktor Vafeiadis","10.1007/978-3-319-63387-9_2","https://people.mpi-sws.org/~viktor/papers/cav2017-invited.pdf","CAV 2017 invited author version","local primary-source corpus; DOI metadata; new-seed citation queue","CG0021; citation-queue-priority-screen","full-text","include-context","","yes","§1, pp. 1–2; §7, pp. 8–10 and exact-CAS rule; Coq-soundness footnote","Codex-assisted; human confirmation pending","2026-07-31","Retained as primary context for the weak-memory program-logic landscape. The invited overview elides technical soundness proofs in favor of the cited RSL/FSL papers, displays an exact CAS rule, and mentions Coq checking of logic soundness. It contains no Treiber example, infinite execution, fairness assumption, genuine weak CAS, or liveness theorem."
"S58","Formal Verification of a Concurrent Bounded Queue in a Weak Memory Model","2021","Glen Mével; Jacques-Henri Jourdan","10.1145/3473571","https://iris-project.org/pdfs/2021-icfp-cosmo-queue-final.pdf","ICFP 2021 author version and Zenodo artifact 5064045","local primary-source corpus; DOI metadata; new-seed citation queue","CG0183; citation-queue-priority-screen","full-text","include-adjacent","","yes","§2.1 p. 3; Figure 7 and §3.1 pp. 10–11; §3.5 p. 13; Theorems 4.1 and 5.1","Codex-assisted; human confirmation pending","2026-07-31","Included as a mechanized weak-memory safety neighbor. Coq/Cosmo verifies functional partial-correctness specifications for a bounded MPMC queue under the Multicore OCaml weak-memory model. Compare-and-set is exact, and §3.5 expressly states that the implementation has no nonblocking property; there is no Treiber, fairness, or termination theorem."
"S59","Dynamic Robustness Verification against Weak Memory","2025","Roy Margalit; Michalis Kokologiannakis; Shachar Itzhaky; Ori Lahav","10.1145/3729277","https://people.inf.ethz.ch/mkokologiann/papers/pldi2025-rsan.pdf","PLDI 2025 author version; extended arXiv 2504.15036; Zenodo artifact concept 15002567; exact audited version 15002568","local primary-source corpus; DOI metadata; new-seed citation queue; exact-title provider queries pending","OA65; S265; D65; C47; CG0201; citation-queue-priority-screen","full-text and artifact-metadata audit","include-closest","","yes","Theorem 3.1 p. 10; §4.1 footnote 3 pp. 12–13; §§4.2–4.3 pp. 13–15; Zenodo record 15002568 metadata","Codex-assisted; human confirmation pending","2026-07-31","Included as the direct C11-style genuine-weak-CAS tool boundary. RSan supports both strong and weak CAS, with weak CAS allowed to fail after reading the expected value, and dynamically checks RC20 robustness. Busy-wait/CAS-loop annotations erase failed attempts for robustness analysis. The audited paper and metadata state no Treiber theorem, positive liveness, fairness factorization, primitive justice, all-spurious separation, or proof-assistant certificate. The 12.3 GB image was not downloaded, so no source-level absence claim is made about its contents."
"S60","Scaling Up Relaxed Memory Verification with Separation Logics","2024","Hoang-Hai Dang","10.22028/D291-43142","https://publikationen.sulb.uni-saarland.de/bitstream/20.500.11880/38842/1/thesis.pdf","Saarland University doctoral dissertation expanding the Compass/iRC11 lineage","local primary-source corpus; institutional metadata; new-seed citation queue","CG0231; citation-queue-priority-screen; S07/PA06 lineage audit","full-text","include-version-audit","","yes","Chapter 4, Figure 4.4 and pp. 52–53; Chapter 12.4, pp. 156–160; Chapters 23–24; conclusion","Codex-assisted; human confirmation pending","2026-07-31","Retained as an expanded-version audit of the Compass/iRC11 lineage. It mechanizes reclamation-free release/acquire-plus-relaxed Treiber and elimination-stack safety in Coq, but its CAS-failure rule requires inequality and its specifications are partial correctness. It adds no positive progress theorem, scheduler or memory fairness, primitive justice, or all-spurious execution."
"S61","Context-Bounded Verification of Liveness Properties for Multithreaded Shared-Memory Programs","2021","Pascal Baumann; Rupak Majumdar; Ramanathan S. Thinniyam; Georg Zetzsche","10.1145/3434325","https://pure.mpg.de/rest/items/item_3337486/component/file_3337487/content","POPL 2021 institutional primary version and arXiv 2011.04581","local primary-source corpus; DOI metadata; new-seed citation queue","CG0181; citation-queue-priority-screen","full-text","include-adjacent","","yes","Model and context bound in §2; Theorems 2.2–2.4","Codex-assisted; human confirmation pending","2026-07-31","Included as a scheduler-fairness theory boundary. It proves decidability of context-bounded fair nontermination and fair starvation for dynamically spawned shared-memory pushdown threads. The model is an SC-style atomic interleaving without Treiber, CAS, weak-memory visibility, primitive justice, positive algorithmic progress, or proof-assistant mechanization."
"S62","Effective Program Verification for Relaxed Memory Models","2008","Sebastian Burckhardt; Madanlal Musuvathi","10.1007/978-3-540-70545-1_12","https://www.microsoft.com/en-us/research/wp-content/uploads/2016/02/burckhardt-musuvathi-CAV08.pdf","CAV 2008 Microsoft Research author version and extended technical report MSR-TR-2008-12","local primary-source corpus; DOI metadata; RSan citation queue","CG0010; CG0208; citation-queue-priority-screen","full-text","include-context","","yes","§1 pp. 108–109; Definitions 4–6 and Theorems 1–5 pp. 112–117; §4 pp. 117–119","Codex-assisted; human confirmation pending","2026-07-31","Retained as foundational relaxed-memory verification context. Sober soundly and completely monitors TSO/store-buffer safety for explored executions, with bounded-program partial-order coverage. Its interlocked event abstracts an atomic read/write operation; it has no CAS result semantics, Treiber, C11/RC11, liveness, fairness, all-spurious execution, linearizability, or proof-assistant certificate."
"S63","A Verification-Based Approach to Memory Fence Insertion in Relaxed Memory Systems","2011","Alexander Linden; Pierre Wolper","10.1007/978-3-642-22306-8_10","https://orbi.uliege.be/bitstream/2268/91581/1/LW%20SPIN2011.pdf","SPIN 2011 author postprint","local primary-source corpus; DOI metadata; RSan citation queue","CG0014; citation-queue-priority-screen","full-text","include-adjacent","","yes","§1 pp. 2–3; §4 Lemma 1 and Remark 1 pp. 9–10; §§5–6 pp. 10–14","Codex-assisted; human confirmation pending","2026-07-31","Included as a direct weak-memory/CAS safety neighbor. The method verifies state reachability for cyclic x86-TSO programs and inserts fences; CAS is treated as a barrier-bearing exact operation, with Michael–Scott queue used only for an SC-safety observation. It gives no Treiber theorem, genuine weak CAS, fairness, response progress, all-spurious witness, or proof-assistant mechanization."
S64,"Impartiality, Justice and Fairness: The Ethics of Concurrent Termination",1981,Daniel J. Lehmann; Amir Pnueli; Jonathan Stavi,10.1007/3-540-10843-2_22,https://link.springer.com/content/pdf/10.1007/3-540-10843-2_22.pdf,ICALP 1981 Springer version,citation queue; DOI metadata; Springer full text,CG0064; citation-queue-full-text,full-text,include-context,,yes,Execution model pp. 266–267; impartiality p. 268; justice pp. 272–273; fairness and Theorem F pp. 274–275,Codex-assisted; human confirmation pending,2026-07-31,"Retained as foundational terminology. Its justice/fairness conditions constrain enabled transitions for concurrent termination; they are not a weak-CAS primitive-justice premise separated from weak-memory visibility, and there is no Treiber, CAS, all-spurious execution, or mechanization."
S65,A Light-Weight Algorithm for Model Checking with Symmetry Reduction and Weak Fairness,2003,Dragan Bošnački,10.1007/3-540-44829-2_6,https://spinroot.com/spin/symposia/ws03/Bosnacki.pdf,SPIN 2003 author version,citation queue; DOI metadata; author full text,CG0075; citation-queue-full-text,full-text,include-adjacent,,yes,§2.4 Definition 3 pp. 7–8; §§3.1–3.2 pp. 8–13; Theorem 2 p. 10; conclusion p. 14,Codex-assisted; human confirmation pending,2026-07-31,"Included as an executable weak-process-fair model-checking boundary. The reported fair-cycle algorithm is intentionally incomplete and concerns finite-state control, with no shared-memory object, CAS semantics, RC11, primitive justice, or proof-assistant certificate."
S66,PAT: Towards Flexible Verification under Fairness,2009,Jun Sun; Yang Liu; Jin Song Dong; Jun Pang,10.1007/978-3-642-02658-4_59,https://pat.comp.nus.edu.sg/resources/publications/pdf/cav09.pdf,CAV 2009 author version,citation queue; DOI metadata; author full text,CG0228; citation-queue-full-text,full-text,include-adjacent,,yes,§2 Definitions 1–3 pp. 2–3; §3 pp. 3–5; fairness annotations p. 5; experiments p. 6,Codex-assisted; human confirmation pending,2026-07-31,"Included as a finite-state executable fairness/liveness checker. PAT distinguishes several action/process fairness modes but does not check RC11, Treiber, genuine weak-CAS semantics, an unbounded response theorem, or a proof-assistant certificate."
S67,CQS: A Formally-Verified Framework for Fair and Abortable Synchronization,2023,Nikita Koval; Dmitry Khalanskiy; Dan Alistarh,10.1145/3591230,https://arxiv.org/pdf/2111.12682,PACMPL 2023 full arXiv version; live cqs-proofs branch 970ef8c,citation queue; DOI/arXiv metadata; full-text and pinned-source audit,CG0773; citation-queue-full-text; artifact-source-audit,full-text and source-audit,include-closest,,yes,§2 p. 3; §§5.1–5.2 pp. 14–16; Appendix D pp. 42–45; Appendix F.4 pp. 51–53; artifact 970ef8c formal-proofs inventory,Codex-assisted; human confirmation pending,2026-07-31,"Included as a direct fair-CAS/mechanization boundary. CQS assumes SC and ordinary exact CAS; the paper gives manual progress analysis and Coq/Iris safety specifications, not a mechanized fairness/progress theorem. Its blocking-pool appendix uses a modified Treiber outer stack, but the pinned live branch has 33 Coq files and omits every referenced blocking-pool/stack file. No RC11, genuine weak CAS, primitive justice, or all-spurious execution."
S68,Bounded Model Checking of Concurrent Data Types on Relaxed Memory Models: A Case Study,2006,Sebastian Burckhardt; Rajeev Alur; Milo M. K. Martin,10.1007/11817963_45,https://www.microsoft.com/en-us/research/wp-content/uploads/2016/02/cav06-1.pdf,CAV 2006 Microsoft author version,citation queue; DOI metadata; institutional full text,CG0057; citation-queue-full-text,full-text,include-context,,yes,Abstract and §§1–2 pp. 489–492; bounded setup and conclusion pp. 499–501,Codex-assisted; human confirmation pending,2026-07-31,"Retained as early relaxed-memory concurrent-object safety context. It checks bounded operation-level sequential consistency for a two-lock queue and has no Treiber, CAS result semantics, infinite progress, fairness, spurious failure, or mechanized proof."
S69,Dartagnan: Bounded Model Checking for Weak Memory Models,2020,Hernán Ponce-de-León; Florian Furbach; Keijo Heljanko; Roland Meyer,10.1007/978-3-030-45237-7_24,https://hernanponcedeleon.github.io/pdfs/svcomp20.pdf,TACAS 2020 competition paper author version,citation queue; DOI metadata; author full text,CG0119; citation-queue-full-text,full-text,include-context,,yes,Abstract and §§1–3 pp. 1–4; competition setup and conclusion pp. 4–5,Codex-assisted; human confirmation pending,2026-07-31,Retained as versioned Dartagnan tool context. The competition contribution is a bounded safety/counterexample checker and evaluates SC plus atomic blocks; it supplies no RC11 weak-CAS Treiber progress or fairness theorem. Later Dat3M source behavior is separately represented in PA04.
S70,GenMC: A Model Checker for Weak Memory Models,2021,Michalis Kokologiannakis; Viktor Vafeiadis,10.1007/978-3-030-81685-8_20,https://people.inf.ethz.ch/mkokologiann/papers/cav2021-genmc.pdf,CAV 2021 author version; source tag v0.6 commit 364e02a,citation queue; DOI metadata; author full text; pinned-source audit,CG0125; citation-queue-full-text; artifact-source-audit,full-text and source-audit,include-closest,,yes,"§§1–2 pp. 1–4; §6 pp. 7–9; conclusion; v0.6 include/atomic, src/Execution.cpp, and tests/correct/data-structures/treiber-stack",Codex-assisted; human confirmation pending,2026-07-31,"Included as direct RC11/Treiber tool prior art. The paper checks bounded safety/error properties. At v0.6, atomic_compare_exchange_weak is exposed but visitAtomicCmpXchgInst ignores the LLVM weak flag and succeeds exactly on equality; the bundled Treiber test uses strong compare-exchange. There is no positive liveness, fairness/justice, or all-spurious theorem. The 3.18 GB Zenodo image was not downloaded; no source-level claim relies on it."
S71,On the Verification Problem for Weak Memory Models,2010,Mohamed Faouzi Atig; Ahmed Bouajjani; Sebastian Burckhardt; Madanlal Musuvathi,10.1145/1706299.1706303,https://www.irif.fr/~abou/Articles/popl175-atig.pdf,POPL 2010 author version,citation queue; DOI metadata; author full text,CG0537; citation-queue-full-text,full-text,include-adjacent,,yes,Abstract and introduction pp. 7–8; Theorems 4–5; conclusion p. 18,Codex-assisted; human confirmation pending,2026-07-31,"Included as a theorem-level weak-memory liveness boundary: repeated reachability is used to express liveness and becomes undecidable for relevant relaxation classes. It has no Treiber, genuine weak CAS, fairness factorization, positive response theorem, or mechanization."
S72,A Formal Analysis of the NVIDIA PTX Memory Consistency Model,2019,Daniel Lustig; Sameer Sahasrabuddhe; Olivier Giroux,10.1145/3297858.3304043,https://d1qx31qr3h6wln.cloudfront.net/publications/ASPLOS_2019_PTXMemoryModel.pdf,ASPLOS 2019 NVIDIA manuscript and public Coq/Alloy repository,citation queue; DOI metadata; NVIDIA full text,CG0687; citation-queue-full-text,full-text,include-context,,yes,Abstract p. 1; §§4.1–4.2 pp. 8–9; §§5.2–5.3 and Theorems 1–3 pp. 10–11; §6.2 p. 12,Codex-assisted; human confirmation pending,2026-07-31,"Retained as mechanized weak-memory mapping context. The paper Coq-checks a scoped RC11-derived language-to-PTX mapping but contains no Treiber, compare-exchange result semantics, spurious failure, fairness, liveness, or lock-freedom theorem."
S73,Formally Verified Liveness with Multiparty Session Types in Rocq,2026,Omer F. Keskin; Nobuko Yoshida; Rob van Glabbeek,10.4230/LIPIcs.ITP.2026.4,https://drops.dagstuhl.de/storage/00lipics/lipics-vol382-itp2026/LIPIcs.ITP.2026.4/LIPIcs.ITP.2026.4.pdf,ITP 2026 published version; arXiv 2605.23633; Rocq artifact,citation queue; DOI/arXiv metadata; Dagstuhl full text,CG0028; citation-queue-full-text,full-text,include-adjacent,,yes,"§5.2 Definitions 5.4–5.5 and Theorem 5.8 pp. 12–14; §6 Theorems 6.5, 6.6, and 6.9 pp. 15–17",Codex-assisted; human confirmation pending,2026-07-31,"Included as machine-checked request/response liveness under communication fairness. Its synchronous session semantics has no shared memory, CAS, Treiber, RC11, weak-CAS justice, or all-spurious execution."
S74,On the Semantics of Fair Parallelism,1979,David Park,10.1007/3-540-10007-5_47,https://wrap.warwick.ac.uk/id/eprint/59429/1/WRAP_Park_cs-rr-031.pdf,Warwick technical report CS-RR-031 and LNCS version,citation queue; DOI metadata; institutional full text,CG0062; citation-queue-full-text,full-text,include-context,,yes,§1 pp. 1–2; §§3.1–3.3 pp. 5–12; §4.3 pp. 16–18; §5 pp. 18–20,Codex-assisted; human confirmation pending,2026-07-31,"Retained as foundational fair-parallel semantics. It explains unbounded nondeterminism and fair merge but provides no concrete CAS object, weak-memory relation, primitive-justice separation, response theorem, or mechanization."
S75,A Compositional Proof Method for Linearizability Applied to a Wait-Free Multiset,2014,Bogdan Tofan; Gerhard Schellhorn; Wolfgang Reif,10.1007/978-3-319-10181-1_22,https://opus.bibliothek.uni-augsburg.de/opus4/files/53640/53640.pdf,IFM 2014 institutional postprint and KIV project,citation queue; DOI metadata; institutional full text; KIV project,CG0160; citation-queue-full-text,full-text,include-adjacent,,yes,Abstract and §§1–2 pp. 357–361; Figure 1 p. 359; Theorem 1 §4 p. 368; §5 pp. 369–370,Codex-assisted; human confirmation pending,2026-07-31,"Included as a machine-checked safety-plus-progress composition neighbor. KIV proves finite-prefix linearizability and total-correctness/wait-freedom for an arbitrary-finite-process multiset under SC exact CAS. It is not Treiber and has no weak memory, compare-equal failure, fairness factorization, or all-spurious execution."
S76,A Formal Reduction for Lock-Free Parallel Algorithms,2004,Hui Gao; Wim H. Hesselink,10.1007/978-3-540-27813-9_4,https://pure.rug.nl/ws/files/2980544/2004LNCSGao.pdf,CAV 2004 institutional publisher version,citation queue; DOI metadata; institutional full text,CG0195; citation-queue-full-text,full-text,include-closest,,yes,Abstract and §1 pp. 44–46; §2 pp. 46–47; Theorems 3–4 §4 pp. 50–51; post-Theorem-4 liveness premise p. 51; conclusion pp. 55–56,Codex-assisted; human confirmation pending,2026-07-31,"Included as the closest historical premise-separation boundary in this batch. Its PVS-supported reduction establishes classical exact-LL/SC lock-free refinement under strong fairness plus a separate eventual valid-reservation/success assumption. It has no Treiber instance, RC11, genuine spurious weak CAS, all-spurious witness, or finite-prefix linearizability composition."
S77,Fairness for Infinite-State Systems,2015,Byron Cook; Heidy Khlaaf; Nir Piterman,10.1007/978-3-662-46681-0_30,https://www.cse.chalmers.se/~piterman/publications/2015/CKP15a.pdf,TACAS 2015 author version,citation queue; DOI metadata; author full text,CG0291; citation-queue-full-text,full-text,include-adjacent,,yes,§2 pp. 3–4; §3 Theorems 1–2 pp. 4–9; §4 Theorem 3 pp. 9–11; §6 pp. 13–14,Codex-assisted; human confirmation pending,2026-07-31,"Included as infinite-state fairness and fair-termination verification context with an executable T2 prototype. It has no concrete Treiber/CAS semantics, weak memory, primitive fairness split, or proof-assistant proof."
S78,Modular Termination Verification of Single-Threaded and Multithreaded Programs,2018,Bart Jacobs; Dragan Bošnački; Ruurd Kuiper,10.1145/3210258,https://lirias.kuleuven.be/retrieve/411c54a9-cb2e-45d2-bd69-3a789d9cdec9,TOPLAS 2018 institutional manuscript; VeriFast examples; levels-only Coq encoding,citation queue; DOI metadata; institutional full text; source-page audit,CG0672; citation-queue-full-text,full-text and source-audit,include-closest,,yes,§4.1; §4.4 and Figures 31–32 pp. 34–38; §6 pp. 40–43; Appendix A.2 Theorem A.10; levels-Coq project page,Codex-assisted; human confirmation pending,2026-07-31,"Included as direct exact-CAS stack-termination prior art. VeriFast verifies termination of a Treiber-style push loop for finite terminating clients, relying on every retry denoting another successful operation; pop is analogous. The semantics are SC and mismatch-only, and the concurrent CAS/stack case is not identified in the available Coq encoding. No RC11, memory fairness, primitive justice, or all-spurious execution."
S79,A Separation Logic to Verify Termination of Busy-Waiting for Abrupt Program Exit,2020,Tobias Reinhard; Amin Timany; Bart Jacobs,10.1145/3427761.3428345,https://arxiv.org/pdf/2010.07800,FTfJP 2020 arXiv version,citation queue; DOI/arXiv metadata; full text,CG0715; citation-queue-full-text,full-text,include-context,,yes,Abstract and §1; Definition 2.7 p. 2; Theorem 4.3 p. 6; §6 p. 6,Codex-assisted; human confirmation pending,2026-07-31,"Retained as fair-scheduler termination proof-rule lineage. It proves absence of fair infinite reductions in an abstract abrupt-exit busy-wait language; Coq mechanization was future work and the model has no weak memory, CAS, Treiber, or primitive-justice dimension."
S80,Verified Lock-Free Session Channels with Linking,2024,Thomas Somers; Robbert Krebbers,10.1145/3689732,https://robbertkrebbers.nl/research/articles/linking_sessions.pdf,OOPSLA 2024 author version and Zenodo artifact 12740816,citation queue; DOI metadata; author full text,CG0812; citation-queue-full-text,full-text,include-adjacent,,yes,Abstract and §1 pp. 292:1–5; limitations p. 292:5; §§3.1 and 4 pp. 292:10–15; §8 p. 292:26,Codex-assisted; human confirmation pending,2026-07-31,"Included because all functional-correctness results for SC exact-CAS lock-free session channels/queues are mechanized in Coq/Iris. The paper explicitly makes deadlock freedom and liveness non-goals, and supplies no weak memory, fairness, primitive justice, or response theorem."
S81,Almost Fair Simulations,2025,Arthur Correnson; Iona Kuhn; Bernd Finkbeiner,10.1145/3747512,https://finkbeiner.groups.cispa.de/_assets/paper.tAu56GyR.pdf,OOPSLA 2025 author version; arXiv 2605.26698,citation queue; DOI/arXiv metadata; author full text,CG0828; citation-queue-full-text,full-text,include-adjacent,,yes,"Theorem 3.1 p. 6; Definition 4.1 and Theorem 4.4 pp. 9–10; Theorems 4.8, 5.2, and 5.5 pp. 14–20; §7 p. 23",Codex-assisted; human confirmation pending,2026-07-31,"Included as a Rocq-formalized fairness-preserving simulation boundary for Büchi automata. It has no shared-memory object, CAS, memory model, primitive justice, all-spurious execution, or object-level response theorem."
S82,Formal Construction of a Non-blocking Concurrent Queue Algorithm (a Case Study in Atomicity),2005,Jean-Raymond Abrial; Dominique Cansell,10.3217/jucs-011-05-0744,https://zenodo.org/records/6996759/files/jucs_article_28407.pdf?download=1,JUCS 2005 archived article,citation queue; DOI metadata; Zenodo full text,CG0915; citation-queue-full-text,full-text,include-adjacent,,yes,Abstract p. 744; §3 pp. 748–750; §6 pp. 755–768; conclusion pp. 768–770,Codex-assisted; human confirmation pending,2026-07-31,"Included as mechanically proved classical queue construction. The refinement establishes serialization/safety for exact-CAS Michael–Scott queue algorithms and unknown process counts, but states no temporal progress, fairness, weak-memory, or genuine weak-CAS theorem."
S83,GPU Schedulers: How Fair Is Fair Enough?,2018,Tyler Sorensen; Hugues Evrard; Alastair F. Donaldson,10.4230/LIPIcs.CONCUR.2018.23,https://drops.dagstuhl.de/storage/00lipics/lipics-vol118-concur2018/LIPIcs.CONCUR.2018.23/LIPIcs.CONCUR.2018.23.pdf,CONCUR 2018 Dagstuhl version,citation queue; DOI metadata; Dagstuhl full text,CG0927; citation-queue-full-text,full-text,include-adjacent,,yes,§2.1 p. 5; §2.2 pp. 5–8 and Eq. (1); §3 Eq. (2) pp. 8–9; §§5–6 pp. 13–16,Codex-assisted; human confirmation pending,2026-07-31,"Included as an exact-CAS negative-control neighbor: under SC, weak scheduler fairness yields termination of a mutex retry loop because comparison-match CAS cannot fail spuriously. There is no Treiber, weak memory, genuine weak CAS, primitive justice, or mechanization."
S84,Verification of Scalable Synchronous Queue,2011,Jinjiang Lei; Zongyan Qiu,10.1007/978-3-642-25379-9_19,https://math.pku.edu.cn/teachers/qiuzy/tr/report_SSQ.pdf,CPP 2011 author technical report and published version,citation queue; DOI metadata; author technical report,CG0974; CG0234; citation-queue-full-text,full-text,include-adjacent,,yes,Abstract and §1 pp. 1–3; CAS rules §4.1; fairness/liveness discussion pp. 18–19; §§5–6 pp. 19–20,Codex-assisted; human confirmation pending,2026-07-31,"Included as a direct CAS/fairness vocabulary neighbor. The rely-guarantee proof establishes safety for a scalable synchronous queue. Per-call fairness is explicitly false; system liveness is discussed but not strictly proved because temporal logic and a transition model are needed, and proof-assistant support is future work."
S85,Modular Full Functional Specification and Verification of Lock-Free Data Structures,2009,Bart Jacobs; Frank Piessens,,https://www.cs.kuleuven.be/publicaties/rapporten/cw/CW551.pdf,KU Leuven technical report CW 551,citation queue; institutional metadata; institutional full text,CG1056; citation-queue-full-text,full-text,include-adjacent,,yes,Abstract pp. 1–2; §3 and Figures 13–15 pp. 4–7; §4.3 p. 8; Theorem 1 §4.6 p. 10; §§6–7 pp. 10–11,Codex-assisted; human confirmation pending,2026-07-31,"Included as a VeriFast safety boundary for lock-free structures. It checks full-functional partial correctness of SC exact-CAS queue structures and clients; progress and complexity are expressly unverified, with no Treiber, weak memory, fairness, or response theorem."
S86,Verification of a Lock-Free Implementation of Multiword LL/SC Object,2009,Hui Gao,10.1109/DASC.2009.25,https://pure.rug.nl/ws/files/2675740/2009ProcIEEEDASCGao.pdf,IEEE DASC 2009 author-hosted publisher PDF,citation queue; DOI metadata; institutional full text,CG0079; pending-closest-union,full-text,include-adjacent,,yes,"§II pp. 31–32; §III pp. 32–33; §IV and Theorem 2 pp. 33–35",Codex-assisted; human confirmation pending,2026-07-31,"Included as PVS-supported exact-CAS/LL-SC refinement prior art. The paper reports mechanically checked invariants and simulation for a finite-process multiword object, but states no temporal lock-freedom/fairness theorem and has no Treiber, RC11, compare-equal spurious failure, primitive justice, or all-spurious witness."
S87,Design and Verification of Lock-Free Parallel Algorithms,2005,Hui Gao,,https://www.mi.fu-berlin.de/inf/groups/ag-tech/intern/19548-V-Model-Checking/Hui_Gao.pdf,University of Groningen PhD thesis; institutional mirror,citation queue; institutional metadata and full thesis; Semantic Scholar,CG0221; pending-closest-union,full-text,include-closest,,yes,"Chapter 3 Theorem 3.3.1 pp. 61–62 and §3.6 pp. 70–71; Chapter 4 Theorem 4.4.1 p. 81 and §4.4.3 pp. 81–83; Chapter 5 §5.4.3 and Theorem 5.4.1 pp. 108–114; summary pp. 159–161",Codex-assisted; human confirmation pending,2026-07-31,"Included as an expanded historical premise-separation and mechanized-liveness boundary. Chapter 4 gives an SC exact-CAS refinement and handwritten lock-freedom proof under strong fairness plus a distinct eventual matching-indirection/success premise, while explicitly deferring that lock-freedom proof's PVS mechanization. Separately, Chapter 5 assumes terminating/fair atomic actions and eventual GC invocation, proves every inaccessible node becomes white within two GC rounds, and reports that nearly all liveness lemmas in §5.4.3 were mechanically checked in PVS. No Treiber instance, RC11, genuine weak CAS, primitive justice, all-spurious execution, or finite-prefix stack composition."
S88,Burrow: A Proof Framework for Weak Memory,2026,Dennis Sprokholt; Soham Chakraborty,10.1007/978-3-032-32526-6_10,https://dennis.life/pubs/cav26-burrow.pdf,CAV 2026 open-access author version; first online 2026-07-24,citation queue; Springer metadata; author full text; public Agda repository,CG0222; pending-closest-union,full-text and source-audit,include-adjacent,,yes,"Abstract and §§1–2 pp. 1–5; §3 framework; §4 x86-to-Arm mapping; conclusion; public agda-burrow repository at commit 739a327",Codex-assisted; human confirmation pending,2026-07-31,"Included as a cutoff-eligible Agda weak-memory mechanization boundary. Burrow proves axiomatic model mappings/graph robustness and an x86-to-Arm case; neither paper nor audited repository identifies Treiber, weak-CAS result semantics, fairness, liveness, primitive justice, an all-spurious execution, or object response progress."
S89,Practical Lock-Free Implementation of LL/SC Using Only Pointer-Size CAS,2009,Hui Gao; Yan Fu; Wim H. Hesselink,10.1109/ICISE.2009.841,https://pure.rug.nl/ws/files/2669065/2009ProcICISEGao.pdf,ICISE 2009 institutional author PDF,citation queue; DOI metadata; institutional full text,CG0083; pending-closest-union,full-text,include-adjacent,,yes,"§§II-A and IV; Theorem 2; conclusion",Codex-assisted; human confirmation pending,2026-07-31,"Included as PVS-supported LL/SC refinement prior art. The checked work concerns invariants and simulation from exact pointer-size CAS; it states no temporal lock-freedom theorem and has no Treiber, weak memory, compare-equal spurious CAS, fairness, or all-spurious execution."
S90,CheckFence: Checking Consistency of Concurrent Data Types on Relaxed Memory Models,2007,Sebastian Burckhardt; Rajeev Alur; Milo M. K. Martin,10.1145/1250734.1250737,https://www.cis.upenn.edu/~alur/Pldi07.pdf,PLDI 2007 author PDF,citation queue; DOI metadata; author full text,CG0096; pending-closest-union,full-text,include-adjacent,,yes,"§§2.3, 3.1, 4, and 6; Figure 6",Codex-assisted; human confirmation pending,2026-07-31,"Included as a bounded relaxed-memory concurrent-object safety boundary. CheckFence checks observational equivalence and operation-level sequential consistency for a supplied bounded test; its CAS is exact and it establishes no liveness or fairness theorem."
S91,RustBelt Meets Relaxed Memory,2019,Hoang-Hai Dang; Jacques-Henri Jourdan; Jan-Oliver Kaiser; Derek Dreyer,10.1145/3371102,https://plv.mpi-sws.org/rustbelt/rbrlx/paper.pdf,POPL 2020 author version,citation queue; DOI metadata; author full text,CG0139; pending-closest-union,full-text,include-adjacent,,yes,"§§2.2, 3, 5.3, and 6",Codex-assisted; human confirmation pending,2026-07-31,"Included as a machine-checked relaxed-memory safety neighbor. The Coq/Iris development covers Rust libraries under ORC11/iRC11 and equality-guarded CAS, with no Treiber, liveness, fairness, primitive justice, or genuine weak-CAS outcome."
S92,Strong Logic for Weak Memory: Reasoning About Release-Acquire Consistency in Iris (Artifact),2017,Jan-Oliver Kaiser; Hoang-Hai Dang; Derek Dreyer; Ori Lahav; Viktor Vafeiadis,10.4230/DARTS.3.2.15,https://drops.dagstuhl.de/entities/document/10.4230/DARTS.3.2.15,DARTS 2017 artifact description and companion Coq development,citation queue; Dagstuhl metadata and full text,CG0195; pending-closest-union,full-text,include-context,,yes,"Artifact description pp. 15:1–15:2; scope and content",Codex-assisted; human confirmation pending,2026-07-31,"Retained as weak-memory mechanization context. The two-page artifact description documents Coq proofs for RSL/GPS encodings and safety examples but contributes no independent Treiber, progress, fairness, primitive-justice, or all-spurious theorem."
S93,Ghost Signals: Verifying Termination of Busy-Waiting,2020,Tobias Reinhard; Bart Jacobs,10.1007/978-3-030-81688-9_2,https://arxiv.org/pdf/2010.11762,2020 extended arXiv version; ESOP 2021 paper,citation queue; DOI/arXiv metadata; full text,CG0002; pending-closest-union,full-text,include-adjacent,,yes,"§3; §5; Appendix B Definition 14; Appendix D Theorem 1",Codex-assisted; human confirmation pending,2026-07-31,"Included as a direct fair-termination logic neighbor. Ghost Signals proves absence of fair infinite reductions for derivable programs and checks bounded-FIFO/CLH examples with VeriFast, but has no weak memory, Treiber, genuine weak CAS, or primitive justice."
S94,A General Lock-Free Algorithm Using Compare-and-Swap,2007,Hui Gao; Wim H. Hesselink,10.1016/j.ic.2006.10.003,https://pure.rug.nl/ws/files/2807412/2007InfCompGao.pdf,Information and Computation 2007 institutional author PDF; expansion of the Gao thesis lineage,citation queue; DOI metadata; institutional full text,CG0068; pending-closest-union,full-text,include-version-audit,,yes,"§§2.3, 3.2, and 4.4; Theorem 4.1; conclusion",Codex-assisted; human confirmation pending,2026-07-31,"Retained as the journal expansion of S87/PA52 rather than a second independent theorem row. It proves unbounded system-wide completion for a generic exact-CAS transformation under weak command fairness plus a separately fair internal-index choice; PVS support covers safety/simulation and the liveness proof is explicitly deferred. No Treiber, weak memory, genuine weak CAS, or all-spurious execution."
S95,Static Analysis of Atomicity for Programs with Non-Blocking Synchronization,2005,Liqiang Wang; Scott D. Stoller,10.1145/1065944.1065953,https://www.cs.ucf.edu/~lwang/papers/PPoPP05-nonblocking.pdf,PPoPP 2005 author PDF,citation queue; DOI metadata; author full text,CG0094; pending-closest-union,full-text,include-adjacent,,yes,"§§3–6",Codex-assisted; human confirmation pending,2026-07-31,"Included as exact-CAS/LL-SC safety analysis prior art. The SC-style static atomicity analysis was manually applied to examples and was not implemented; it proves no progress result and has no weak memory or spurious-failure fairness."
S96,An MSO Framework for Weak-Memory Verification and Robustness,2026,Giovanna Kobus Conrado; Andreas Pavlogiannis,,https://arxiv.org/pdf/2606.20134,CONCUR 2026 arXiv v1,citation queue; arXiv metadata and full text,CG0010; pending-closest-union,full-text,include-adjacent,,yes,"§2; §§4.2–4.3; §5; Theorems 9, 17, and 19",Codex-assisted; human confirmation pending,2026-07-31,"Included as a finite-domain weak-memory verification boundary. The MSO results concern graph definability, decidability, and robustness under treewidth restrictions; generic RMW events add no CAS outcome semantics, Treiber, fairness, liveness, or proof-assistant certificate."
S97,Awaiting for Godot: Stateless Model Checking that Avoids Executions where Nothing Happens,2025,Bengt Jonsson; Magnus Lång; Konstantinos Sagonas,10.1007/s10703-025-00479-0,https://arxiv.org/pdf/2208.09259,Formal Methods in System Design 2025 open arXiv version,citation queue; DOI/arXiv metadata; full text,CG0065; pending-closest-union,full-text,include-closest,,yes,"§§II–V; Theorems 1–2; Table I",Codex-assisted; human confirmation pending,2026-07-31,"Included as a direct Treiber/spinloop model-checking threat. Its operational model is sequentially consistent, CAS is exact, and Theorems 1–2 establish behavior preservation and correct optimal exploration for terminating programs rather than Treiber progress. It has no RC11, genuine weak CAS, primitive justice, all-spurious witness, or proof-assistant certificate."
S98,Optimal Stateless Model Checking under the Release-Acquire Semantics,2018,Parosh Aziz Abdulla; Mohamed Faouzi Atig; Bengt Jonsson; Tuan Phong Ngo,10.1145/3276505,https://arxiv.org/pdf/1808.00843,OOPSLA 2018 arXiv version,citation queue; DOI/arXiv metadata; full text,CG0132; pending-closest-union,full-text,include-adjacent,,yes,"§§3–6; Theorem 4.8",Codex-assisted; human confirmation pending,2026-07-31,"Included as release-acquire model-checking prior art. The method is sound, complete, and optimal for terminating bounded programs; its core presentation omits RMWs and supplies no Treiber, fairness, weak-CAS justice, or liveness theorem."
S99,Model Checking for Weakly Consistent Libraries,2019,Michalis Kokologiannakis; Azalea Raad; Viktor Vafeiadis,10.1145/3314221.3314609,https://plv.mpi-sws.org/genmc/paper.pdf,PLDI 2019 author version,citation queue; DOI metadata; author full text,CG0135; pending-closest-union,full-text,include-adjacent,,yes,"§§2.6 and 4.4–6; Theorem 4.1",Codex-assisted; human confirmation pending,2026-07-31,"Included as GenMC's weak-library safety precursor. It proves soundness, completeness, and optimality for safety exploration under RC11-family models, treating CAS as an atomic exact RMW; it has no Treiber or liveness theorem and no primitive-fairness dimension."
S100,Contextual Refinement of the Michael-Scott Queue (Proof Pearl),2021,Simon Friis Vindum; Lars Birkedal,10.1145/3437992.3439930,https://iris-project.org/pdfs/2021-cpp-ms-queue-final.pdf,CPP 2021 author version,citation queue; DOI metadata; author full text,CG0146; pending-closest-union,full-text,include-adjacent,,yes,"§§3–6; Figures 7 and 11",Codex-assisted; human confirmation pending,2026-07-31,"Included as Coq/Iris concurrent-queue refinement prior art. The exact-CAS failure rule is the unequal-value branch, and the checked result is SC safety/contextual refinement rather than weak-memory progress."
S101,Scalable Synchronous Queues,2006,William N. Scherer III; Doug Lea; Michael L. Scott,10.1145/1122971.1122994,https://www.cs.rochester.edu/u/scott/papers/2006_PPoPP_synch_queues.pdf,PPoPP 2006 author PDF,citation queue; DOI metadata; author full text,CG0095; pending-closest-union,full-text,include-adjacent,,yes,"§§2.1–2.4, 3.3, and 4",Codex-assisted; human confirmation pending,2026-07-31,"Included as a classical dual-stack/queue neighbor. Fairness denotes FIFO request ordering rather than execution fairness; Java compareAndSet is exact and the paper presents definitions and experiments rather than a formal liveness proof. The dual stack is not Treiber."
S102,CDSChecker: Checking Concurrent Data Structures Written with C/C++ Atomics,2013,Brian Norris; Brian Demsky,10.1145/2509136.2509514,https://plrg.eecs.uci.edu/publications/c11modelcheck.pdf,OOPSLA 2013 author PDF and paper-era source commit 5c4efe5,citation queue; DOI metadata; author full text; source audit,CG0106; pending-closest-union,full-text and source-audit,include-closest,,yes,"Paper §§1.3, 8, and 9; commit 5c4efe5cd8bdfe1e85138396109876a121ca61d1 include/impatomic.h:112–113",Codex-assisted; human confirmation pending,2026-07-31,"Included because CDSChecker separately configures scheduler fairness and a memory-liveness bound for C/C++11 exploration. The audited source explicitly says 'No spurious failure for now' and aliases weak compare-exchange to strong; the work gives no Treiber or positive liveness theorem, primitive justice, or all-spurious execution."
S103,Dynamic Partial Order Reductions for Spinloops,2021,Michalis Kokologiannakis; Xiaowei Ren; Viktor Vafeiadis,10.34727/2021/isbn.978-3-85448-046-4_25,https://people.inf.ethz.ch/mkokologiann/papers/fmcad2021-saver.pdf,FMCAD 2021 author version,citation queue; DOI metadata; author full text,CG0191; pending-closest-union,full-text,include-closest,,yes,"§III Figure 4; §§VII–VIII; Table I",Codex-assisted; human confirmation pending,2026-07-31,"Included as a direct RC11/IMM Treiber-model-checking boundary. SAVER/GenMC contains a real Treiber benchmark, but its spinloop reduction is explicitly justified only for safety and the paper notes that liveness would require fairness. CAS is exact; no weak-CAS justice, all-spurious execution, or proof-assistant theorem is present."
S104,Transferring Obligations Through Synchronizations,2019,Jafar Hamin; Bart Jacobs,10.4230/LIPIcs.ECOOP.2019.19,https://drops.dagstuhl.de/storage/00lipics/lipics-vol134-ecoop2019/LIPIcs.ECOOP.2019.19/LIPIcs.ECOOP.2019.19.pdf,ECOOP 2019 Dagstuhl version,citation queue; Dagstuhl metadata and full text,CG0197; pending-closest-union,full-text,include-adjacent,,yes,"§§2.3 and 3.3–5",Codex-assisted; human confirmation pending,2026-07-31,"Included as VeriFast/Coq obligation-transfer and deadlock-freedom context. Its fair mutex relies on fair monitor primitives or FIFO queues rather than scheduler or weak-CAS justice, and one server example expressly guarantees neither termination nor deadlock freedom."
S105,Memory Model Sensitive Analysis of Concurrent Data Types,2007,Sebastian Burckhardt,,https://www.cis.upenn.edu/~alur/burckhardt.pdf,University of Pennsylvania doctoral dissertation; expansion of CheckFence,citation queue; institutional full text,CG0206; pending-closest-union,full-text,include-version-audit,,yes,"§§1.2.2, 3.4.1, 6.2.3, and 6.3; Figure 8.1; Chapter 9",Codex-assisted; human confirmation pending,2026-07-31,"Retained as the dissertation expansion of S90 rather than a separate theorem lineage. It checks bounded concurrent-object safety under relaxed models, uses exact CAS, chooses operation-level sequential consistency instead of linearizability, and leaves generalized relaxed-memory linearizability open. It contains no Treiber progress, fairness, weak-CAS justice, or all-spurious theorem."
S106,Towards Automatic Proofs of Lock-Free Algorithms,2008,Christophe Fejoz; Stephan Merz,,https://inria.hal.science/inria-00285752v1/file/ec2-08-fejoz-merz.pdf,EC2/CAV Workshop 2008 HAL v1,Gao-thesis citation queue; HAL metadata and full text,CG0036; gao-thesis-union,full-text,include-adjacent,,yes,"pp. 1–3 exact-CAS transition/refinement framework; p. 4 Isabelle/HOL result and experiments",Codex-assisted; human confirmation pending,2026-07-31,"Included as a mechanized classical-safety lineage. Isabelle/HOL proves that the generic SC exact-CAS refinement conditions imply linearizability and the authors report VC-generation experiments, but the examples are toy descriptor operations and realistic data structures remain future work. No Treiber, weak memory, genuine weak CAS, fairness, liveness, or all-spurious theorem."
S107,Dérivation d'algorithmes sans verrou à partir d'une spécification atomique,2007,Christophe Fejoz; Stephan Merz,,https://inria.hal.science/inria-00162146v1/file/afadl07-fejoz-merz.pdf,AFADL 2007 HAL v1,Gao-thesis citation queue; HAL metadata and full text,CG0054; gao-thesis-union,full-text,include-adjacent,,yes,"p. 3 explicit liveness exclusion; p. 10 Isabelle examples and automated obligations; p. 14 ongoing formalization",Codex-assisted; human confirmation pending,2026-07-31,"Included as the earlier paper in the Fejoz–Merz exact-CAS refinement lineage. It explicitly excludes wait-, lock-, and obstruction-freedom, reports partial Isabelle and automatic-prover work, and contains no Treiber, weak memory, spurious CAS, fairness, primitive justice, or progress composition."
S108,Verified Incremental Development of Lock-Free Algorithms,2009,David Déharbe; Christophe Fejoz; Pascal Fontaine; Stephan Merz,,https://members.loria.fr/SMerz/papers/p1day2009.pdf,Luxembourg Day on Security and Reliability 2009 author PDF,manual lineage follow-up; author page and full text,manual-lineage-fejoz-2009,full-text,include-adjacent,,yes,"pp. 2–3 SC exact-CAS Harris RDCSS; pp. 5–7 Isabelle/HOL and automatic-prover experiments; p. 8 future work",Codex-assisted; human confirmation pending,2026-07-31,"Included as the stronger follow-up in the Fejoz–Merz lineage. It mechanizes the generic linearizability/refinement method in Isabelle/HOL and applies it to nontrivial Harris RDCSS under SC exact CAS, while explicitly leaving liveness and relaxed memory to future work. It has no Treiber, genuine weak CAS, primitive justice, all-spurious execution, or safety/liveness composition."
"S109","BMC for Weak Memory Models: Relation Analysis for Compact SMT Encodings","2019","Natalia Gavrilenko; Hernán Ponce-de-León; Florian Furbach; Keijo Heljanko; Roland Meyer","10.1007/978-3-030-25540-4_19","https://aaltodoc.aalto.fi/server/api/core/bitstreams/5bb1b8d0-2472-40df-80ba-6f3319c26606/content","CONCUR 2019 institutional manuscript; precursor to S69","pending-closest citation queue; DOI metadata; institutional full text","CG0016; pending-closest-union","full-text","include-version-audit","","yes","Abstract p. 1; §2 p. 3; §3.1 p. 5; §5 and conclusion pp. 9–10","Codex-assisted; human confirmation pending","2026-07-31","Retained as the relation-analysis precursor in the Dartagnan lineage. It produces compact bounded weak-memory safety encodings with atomic RMW relations but supplies no Treiber progress, fairness, compare-equal weak-CAS spuriosity, or all-spurious theorem."
"S110","Pomsets with Preconditions: A Simple Model of Relaxed Memory","2020","Radha Jagadeesan; Alan Jeffrey; James Riely","10.1145/3428262","https://fpl.cs.depaul.edu/jriely/papers/2020-oopsla.pdf","OOPSLA 2020 author PDF","pending-closest citation queue; DOI metadata; author full text","CG0144; pending-closest-union","full-text","include-adjacent","","yes","Abstract and §1 pp. 1–4; RMW/CAS pp. 18–19; Theorem 7.1 p. 22; Theorem 8.1 p. 23; §10 p. 26","Codex-assisted; human confirmation pending","2026-07-31","Included as a relaxed-memory safety semantics with CAS. The limitations explicitly exclude loops and recursion, and therefore the associated liveness questions; there is no Treiber, fairness, primitive justice, or response-progress theorem."
"S111","Kater: Automating Weak Memory Model Metatheory and Consistency Checking","2023","Michalis Kokologiannakis; Ori Lahav; Viktor Vafeiadis","10.1145/3571212","https://plv.mpi-sws.org/kater/paper.pdf","OOPSLA 2023 author PDF","pending-closest citation queue; DOI metadata; author full text","CG0156; pending-closest-union","full-text","include-context","","yes","Abstract and §1 pp. 1–2; §3.1 p. 7; §§6–7 pp. 18–23; §9 pp. 27–28","Codex-assisted; human confirmation pending","2026-07-31","Retained as automated weak-memory metatheory and bounded consistency-checking context. RMWs are execution events, not a genuine weak-CAS result semantics, and no object response or fairness theorem is established."
"S112","Probabilistic Concurrency Testing for Weak Memory Programs","2023","Mingyu Gao; Soham Chakraborty; Burcu Kulahcioglu Özkan","10.1145/3575693.3575729","https://pure.tudelft.nl/ws/portalfiles/portal/148152318/3575693.3575729.pdf","ASPLOS 2023 institutional author PDF","pending-closest citation queue; DOI metadata; institutional full text","CG0158; pending-closest-union","full-text","include-context","","yes","§§2.1 and 3.2–3.3; §5 Definitions 2–4 and probability bound; §6; conclusion","Codex-assisted; human confirmation pending","2026-07-31","Retained as probabilistic weak-memory testing context. PCTWM models successful RMWs and failed-RMW reads, samples bounded communication/history depths, and proves bug-detection probability bounds rather than correctness, fairness, or progress."
"S113","Optimal Reads-From Consistency Checking for C11-Style Memory Models","2023","Hünkar Can Tunç; Parosh Aziz Abdulla; Soham Chakraborty; Shankaranarayanan Krishna; Umang Mathur; Andreas Pavlogiannis","10.1145/3591251","https://arxiv.org/pdf/2304.03714","PLDI 2023 arXiv version","pending-closest citation queue; DOI/arXiv metadata; full text","CG0160; pending-closest-union","full-text","include-closest","","yes","§1 Theorems 1.1–1.7 pp. 4–5; §2 pp. 5–7; TruSt Treiber tables pp. 20 and 33","Codex-assisted; human confirmation pending","2026-07-31","Included as direct C11-style Treiber consistency-checking prior art. TruSt performs bounded finite safety exploration with successful RMW events and failed RMW reads, not a genuine compare-equal weak-CAS branch, fairness decomposition, or unbounded response theorem."
"S114","Relaxed Memory Concurrency Re-executed","2025","Evgenii Moiseenko; Matteo Meluzzi; Innokentii Meleshchenko; Ivan Kabashnyi; Anton Podkopaev; Soham Chakraborty","10.1145/3704908","https://pure.tudelft.nl/ws/portalfiles/portal/236458880/3704908.pdf","POPL 2025 institutional author PDF","pending-closest citation queue; DOI metadata; institutional full text","CG0173; pending-closest-union","full-text","include-adjacent","","yes","§2 p. 5; §3 p. 9; Theorems 1–2 pp. 15–16; §4.1 soundness theorem p. 23; §5 pp. 24–25","Codex-assisted; human confirmation pending","2026-07-31","Included as a finite relaxed-memory execution and safety boundary. Successful and failed RMW events are modeled, but execution graphs are expressly finite and infinite graphs, fairness, and termination remain future work."
"S115","Verifying Concurrent Programs under Weak Memory Models","2017","Oleg Travkin","10.17619/UNIPB/1-247","https://digital.ub.uni-paderborn.de/hs/download/pdf/2678720","University of Paderborn doctoral dissertation","pending-closest citation queue; institutional metadata and full thesis","CG0203; pending-closest-union","full-text","include-closest","","yes","Abstract pp. 2–3; Chapter 3 Theorem 1 p. 65 and Theorem 2 p. 69; Chapter 6 Table 6.1 and Treiber pp. 148–154; KIV discussion p. 100 and work-stealing pp. 168–184","Codex-assisted; human confirmation pending","2026-07-31","Included as direct TSO/PSO Treiber prior art. Weak2SC plus Spin checks finite safety and linearizability scenarios with equality-based CAS acting as a fence; the KIV proof covers another case study, not a Treiber liveness or safety/liveness composition theorem."
"S116","Herding Cats: Modelling, Simulation, Testing, and Data Mining for Weak Memory","2014","Jade Alglave; Luc Maranget; Michael Tautschnig","10.1145/2627752","https://arxiv.org/pdf/1308.6810","TOPLAS 2014 arXiv version","pending-closest citation queue; DOI/arXiv metadata; full text","CG0229; pending-closest-union","full-text","include-context","","yes","Abstract and §1 pp. 1–4; Coq correspondence pp. 40–46; bounded checking pp. 61–65; conclusion pp. 72–74","Codex-assisted; human confirmation pending","2026-07-31","Retained as foundational executable weak-memory semantics and tooling. The work gives Coq model correspondence and bounded herd checks; Power/ARM exclusive instructions used to implement CAS are left to future work, and no object-liveness result appears."
"S117","Stateless Model Checking for POWER","2016","Parosh Aziz Abdulla; Mohamed Faouzi Atig; Bengt Jonsson; Carl Leonardsson","10.1007/978-3-319-41540-6_8","https://arxiv.org/pdf/1605.02185","CAV 2016 arXiv version","pending-closest citation queue; DOI/arXiv metadata; full text","CG0038; pending-closest-union","full-text","include-context","","yes","§§2–3 and Theorems 1–5 pp. 8–15; §4 and table p. 16; conclusion","Codex-assisted; human confirmation pending","2026-07-31","Retained as sound and optimal POWER stateless-exploration context. Loops are unrolled to a bound; the stack benchmark is not a stated Treiber progress theorem, and execution-model deadlock-freedom does not establish object response progress."
"S118","Partial Orders for Efficient Bounded Model Checking of Concurrent Software","2013","Jade Alglave; Daniel Kroening; Michael Tautschnig","10.1007/978-3-642-39799-8_9","https://www.kroening.com/papers/cav2013-wpo.pdf","CAV 2013 author PDF","pending-closest citation queue; DOI metadata; author full text","CG0055; pending-closest-union","full-text","include-context","","yes","Abstract and §1 pp. 1–2; Theorem 1 p. 11; §5 p. 12; §§6–7 pp. 14–15","Codex-assisted; human confirmation pending","2026-07-31","Retained as weak-memory bounded-safety context. The partial-order SAT encoding includes lock-free benchmarks but proves no fairness, unbounded execution, or concurrent-object response theorem."
"S119","Stateless Model Checking for TSO and PSO","2017","Parosh Aziz Abdulla; Stavros Aronis; Mohamed Faouzi Atig; Bengt Jonsson; Carl Leonardsson; Konstantinos Sagonas","10.1007/s00236-016-0275-0","https://arxiv.org/pdf/1501.02069","Acta Informatica 2017 arXiv version; journal expansion of TACAS 2015","pending-closest citation queue; DOI/arXiv metadata; full text","CG0063; pending-closest-union","full-text","include-version-audit","","yes","§§2–4 pp. 3–10; Theorems 1–2 p. 10; §5 pp. 11–13","Codex-assisted; human confirmation pending","2026-07-31","Retained as the journal form of the TACAS trace-optimal TSO/PSO lineage. Its theorem concerns terminating finite safety exploration, not fairness or object liveness; conference and journal forms count as one result family."
"S120","Effective Stateless Model Checking for C/C++ Concurrency","2018","Michalis Kokologiannakis; Ori Lahav; Konstantinos Sagonas; Viktor Vafeiadis","10.1145/3158105","https://plv.mpi-sws.org/rcmc/full-paper.pdf","POPL 2018 author PDF","pending-closest citation queue; DOI metadata; author full text","CG0126; pending-closest-union","full-text","include-adjacent","","yes","§2.6 p. 6; §2.8 failed-CAS-loop optimization pp. 9–10; Theorems 4.6 and 4.16 pp. 20–21; implementation/evaluation pp. 24–25","Codex-assisted; human confirmation pending","2026-07-31","Included as an important RC11 exact-CAS safety boundary. Equality determines CAS success, and failed retry iterations may be erased or replaced for safety exploration; that abstraction cannot prove liveness with genuine compare-equal spurious failures."
"S121","HMC: Model Checking for Hardware Memory Models","2020","Michalis Kokologiannakis; Viktor Vafeiadis","10.1145/3373376.3378480","https://plv.mpi-sws.org/wmc/hmc-paper.pdf","ASPLOS 2020 author PDF","pending-closest citation queue; DOI metadata; author full text","CG0140; pending-closest-union","full-text","include-closest","","yes","Abstract and §1 p. 1; CAS semantics §2 pp. 2–4; §5 and Table 4 pp. 10–12; conclusion","Codex-assisted; human confirmation pending","2026-07-31","Included as direct bounded weak-hardware-memory Treiber safety prior art. HMC's STC benchmark is Treiber and uses exact CAS; there is no fairness premise, genuine weak-CAS failure, primitive justice, or unbounded response theorem."
"S122","Model Checking for a Multi-Execution Memory Model","2022","Evgenii Moiseenko; Michalis Kokologiannakis; Viktor Vafeiadis","10.1145/3563315","https://eupp.github.io/papers/oopsla2022-wmc.pdf","OOPSLA 2022 author PDF","pending-closest citation queue; DOI metadata; author full text","CG0154; pending-closest-union","full-text","include-closest","","yes","Abstract and §1; Theorem 2.5 p. 5; Theorems 3.12, 3.14, and 3.15 pp. 12–14; §5 and Table 2 p. 24","Codex-assisted; human confirmation pending","2026-07-31","Included as direct Weakestmo2/WMC Treiber prior art. The treiber-stack-bnd benchmark is manually unrolled; the paper's fairness wording normalizes experiments across tools rather than stating an execution-fairness or progress theorem."
"S123","Consistency-Preserving Propagation for SMT Solving of Concurrent Program Verification","2022","Zhihang Sun; Hongyu Fan; Fei He","10.1145/3563321","https://feihe.github.io/materials/oopsla22.pdf","OOPSLA 2022 author PDF","pending-closest citation queue; DOI metadata; author full text","CG0155; pending-closest-union","full-text","include-context","","yes","Abstract and §1 pp. 1–3; §§4.2–4.4 Theorems 1–2; §5.4 Theorems 3–4; §6.1 pp. 17–18; §7 p. 26","Codex-assisted; human confirmation pending","2026-07-31","Retained as bounded weak-memory solver context. Deagle unwinds loops, by default to depth two, and a true result generally establishes only bounded correctness rather than temporal progress."
"S124","Model Checking C/C++ with Mixed-Size Accesses","2025","Iason Marmanis; Michalis Kokologiannakis; Viktor Vafeiadis","10.1145/3704911","https://people.mpi-sws.org/~viktor/papers/popl2025-mixer.pdf","POPL 2025 author PDF","pending-closest citation queue; DOI metadata; author full text","CG0174; pending-closest-union","full-text","include-adjacent","","yes","Abstract and §1 pp. 1–2; §4.4 Theorem 4.3 p. 13; §4.5 Theorem 4.4 p. 15; §5; conclusion","Codex-assisted; human confirmation pending","2026-07-31","Included as a C/C++ DPOR boundary. Mixer proves exploration properties for mixed-size programs guaranteed to terminate; this is a precondition, not a concurrent-object progress result."
"S125","Owicki–Gries Logic for Timestamp Semantics","2025","Tatsuya Abe","","https://arxiv.org/pdf/2505.15053","2025 arXiv version","pending-closest citation queue; arXiv metadata and full text","CG0007; pending-closest-union","full-text","include-context","","yes","§§2–4; Theorem 1 p. 5; Theorem 2 p. 11; §6 pp. 15–16","Codex-assisted; human confirmation pending","2026-07-31","Retained as manual weak-memory safety-logic context. It supplies no CAS object, fairness, liveness, or reported proof-assistant mechanization."
"S126","Enhancing GenMC's Usability and Performance","2024","Michalis Kokologiannakis; Rupak Majumdar; Viktor Vafeiadis","10.1007/978-3-031-57249-4_4","https://plv.mpi-sws.org/genmc/tacas2024-gater.pdf","TACAS 2024 author PDF; GenMC lineage follow-up","pending-closest citation queue; DOI metadata; author full text","CG0032; pending-closest-union","full-text","include-version-audit","","yes","Abstract and §1 pp. 1–2; §3 and Figure 4 p. 9; §5 Treiber tables pp. 12–13; conclusion","Codex-assisted; human confirmation pending","2026-07-31","Retained as a versioned GenMC follow-up with additional Treiber state-space evidence. It belongs to the S70/PA49 lineage and does not add an independent weak-CAS fairness or unbounded liveness theorem."
"S127","jMT: Testing Correctness of Java Memory Models","2026","Lukas Panneke; Heike Wehrheim","10.1007/978-3-032-22749-2_13","https://arxiv.org/pdf/2604.15978","TACAS 2026 arXiv version","pending-closest citation queue; DOI/arXiv metadata; full text","CG0036; pending-closest-union","full-text","include-context","","yes","§1 limitation p. 3; §§2–4 pp. 4–10; §§5–7 pp. 11–16; §8 p. 17","Codex-assisted; human confirmation pending","2026-07-31","Retained as Java memory-model testing context. The current jMT language omits important thread-lifecycle and termination features and establishes no shared-object liveness theorem."
"S128","A Better x86 Memory Model: x86-TSO","2009","Scott Owens; Susmit Sarkar; Peter Sewell","10.1007/978-3-642-03359-9_27","https://www.cl.cam.ac.uk/~pes20/weakmemory/x86tso-paper.tphols.pdf","TPHOLs 2009 author PDF","pending-closest citation queue; DOI metadata; author full text","CG0050; pending-closest-union","full-text","include-context","","yes","Abstract and §1 pp. 1–2; CMPXCHG §3 p. 5; operational buffer progress condition §3.2 p. 10; Theorems 1–4 pp. 11–15; §6 p. 16","Codex-assisted; human confirmation pending","2026-07-31","Retained as a HOL4 weak-memory foundation. The operational model has a write-buffer propagation condition and permits infinite executions, but equivalence results are finite-execution scoped and contain no scheduler/CAS-justice or object response theorem."
"S129","Simulating Operational Memory Models Using Off-the-Shelf Program Analysis Tools","2023","Dan Iorga; John Wickerson; Alastair F. Donaldson","10.1109/TSE.2023.3326056","https://www.doc.ic.ac.uk/~afd/papers/2023/TSE.pdf","IEEE TSE 2023 author PDF","pending-closest citation queue; DOI metadata; author full text","CG0089; pending-closest-union","full-text","include-context","","yes","Abstract and §I pp. 5084–5085; §II pp. 5086–5093; §§III–IV pp. 5093–5098; §VI","Codex-assisted; human confirmation pending","2026-07-31","Retained as operational-memory-model testing context. The CBMC/KLEE/fuzzer method is deliberately limited to litmus tests and does not verify full concurrent objects or response progress."
"S130","The Java Memory Model","2005","Jeremy Manson; William Pugh; Sarita V. Adve","10.1145/1040305.1040336","https://pages.cs.wisc.edu/~markhill/restricted/popl05_java_memory.pdf","POPL 2005 author PDF","pending-closest citation queue; DOI metadata; author full text","CG0093; pending-closest-union","full-text","include-context","","yes","Execution model §§3–4; nonterminating executions pp. 8–9; Theorems 1–3 pp. 11–12","Codex-assisted; human confirmation pending","2026-07-31","Retained as foundational language-memory-model context. The model explicitly assumes neither preemptive scheduling nor fairness and treats fairness as implementation-specific quality of service; no CAS/Treiber result is given."
"S131","Mathematizing C++ Concurrency","2011","Mark Batty; Scott Owens; Susmit Sarkar; Peter Sewell; Tjark Weber","10.1145/1926385.1926394","https://kar.kent.ac.uk/50265/1/popl085ap-sewell.pdf","POPL 2011 institutional author PDF","pending-closest citation queue; DOI metadata; institutional full text","CG0101; pending-closest-union","full-text","include-adjacent","","yes","Abstract and §1 pp. 1–3; §§2–4 pp. 3–8; Theorems 1–2 p. 8; Theorem 3 p. 11; §6 pp. 11–13","Codex-assisted; human confirmation pending","2026-07-31","Included as an Isabelle/HOL C++ memory and RMW semantics boundary. The mechanized result is safety/metatheory and executable checking, not object progress, fairness, or compare-equal weak-CAS behavior."
"S132","Modelling the ARMv8 Architecture, Operationally: Concurrency and ISA","2016","Shaked Flur; Kathryn E. Gray; Christopher Pulte; Susmit Sarkar; Ali Sezgin; Luc Maranget; Will Deacon; Peter Sewell","10.1145/2837614.2837615","https://research-repository.st-andrews.ac.uk/bitstream/handle/10023/8431/top.pdf?isAllowed=y&sequence=1","POPL 2016 institutional author PDF","pending-closest citation queue; DOI metadata; institutional full text","CG0117; pending-closest-union","full-text","include-context","","yes","Abstract and §1; §9 Theorem 1; §10 Theorem 2; §§11–14","Codex-assisted; human confirmation pending","2026-07-31","Retained as ARMv8 architecture-semantics context. The work provides finite small-code exploration and initial Isabelle generation but no Treiber/CAS response or fairness theorem."
"S133","A Promising Semantics for Relaxed-Memory Concurrency","2017","Jeehoon Kang; Chung-Kil Hur; Ori Lahav; Viktor Vafeiadis; Derek Dreyer","10.1145/3009837.3009850","https://sf.snu.ac.kr/promise-concurrency/publications/promising.pdf","POPL 2017 author PDF and project page","pending-closest citation queue; DOI metadata; author full text; project page","CG0119; pending-closest-union","full-text","include-adjacent","","yes","Abstract and §1; §§2–4 pp. 2–10; §§5.4–5.5 Theorems 1–5 pp. 11–13; Coq scope p. 11; §6 liveness paragraph p. 14","Codex-assisted; human confirmation pending","2026-07-31","Included as Coq-backed relaxed-memory/RMW safety metatheory. The paper expressly leaves adding liveness guarantees to future work and supplies no Treiber or weak-CAS justice theorem."
"S134","Grounding Thin-Air Reads with Event Structures","2019","Soham Chakraborty; Viktor Vafeiadis","10.1145/3290383","https://plv.mpi-sws.org/weakest/paper.pdf","POPL 2019 author PDF","pending-closest citation queue; DOI metadata; author full text","CG0134; pending-closest-union","full-text","include-adjacent","","yes","CAS/update semantics §2; Theorems 1–8 pp. 19–24; §8 pp. 27–28","Codex-assisted; human confirmation pending","2026-07-31","Included as a Weakestmo semantics boundary. Successful updates and failed-load CAS outcomes are modeled, but there is no object liveness or fairness theorem and proof-assistant formalization is future work."
"S135","CAAT: Consistency as a Theory","2022","Thomas Haas; Roland Meyer; Hernán Ponce de León","10.1145/3563292","https://hernanponcedeleon.github.io/pdfs/oopsla2022.pdf","OOPSLA 2022 author PDF","pending-closest citation queue; DOI metadata; author full text","CG0153; pending-closest-union","full-text","include-closest","","yes","Abstract and §1 pp. 1–4; RMW atomicity §2 p. 6; Theorems 3.4, 4.1–4.6, and 5.1 pp. 10–18; §7 Treiber evaluation pp. 23–24","Codex-assisted; human confirmation pending","2026-07-31","Included as direct bounded weak-memory Treiber safety prior art. CAAT evaluates Treiber under ARMv8 and other models with exact atomic RMW semantics; it has no weak-CAS justice, all-spurious execution, or unbounded response theorem."
"S136","Simulation Refinement for Concurrency Verification","2011","Wim H. Hesselink","10.1016/j.scico.2009.09.006","https://pure.rug.nl/ws/portalfiles/portal/2542927/2011SciComputProgHesselink2.pdf","Science of Computer Programming 2011 institutional PDF","pending-closest citation queue; DOI metadata; institutional full text","CG0072; pending-closest-union","full-text","include-closest","","yes","§3.2 pp. 743–745; Definition 3.3 and Theorem 3.1 p. 745; §8 pp. 754–755","Codex-assisted; human confirmation pending","2026-07-31","Included as weak-fairness-preserving refinement and unbounded system-response prior art. A generic exact-CAS retry system responds under weak fairness, and PVS supports the framework and case studies; there is no Treiber, weak memory, genuine weak CAS, or all-spurious execution."
"S137","Mechanized Verification of a Fine-Grained Concurrent Queue from Meta's Folly Library","2022","Simon Friis Vindum; Dan Frumin; Lars Birkedal","10.1145/3497775.3503689","https://iris-project.org/pdfs/2022-cpp-folly-queue.pdf","CPP 2022 author PDF","pending-closest citation queue; DOI metadata; author full text","CG0151; pending-closest-union","full-text","include-adjacent","","yes","§§2.3–2.4 pp. 102–103; §§5–7 pp. 107–113; identified Coq commit","Codex-assisted; human confirmation pending","2026-07-31","Included as a mechanized queue-refinement boundary. The fixed-capacity Folly queue is modeled without its original C++ relaxed-memory behavior because ReLoC lacks weak memory, and the Coq result proves contextual refinement rather than progress."
"S138","A Verified High-Performance Composable Object Library for Remote Direct Memory Access","2026","Guillaume Ambal; George Hodgkins; Mark Madler; Gregory Chockler; Brijesh Dongol; Joseph Izraelevitz; Azalea Raad; Viktor Vafeiadis","10.1145/3776713","https://arxiv.org/pdf/2510.10531","OOPSLA 2026 extended arXiv version","pending-closest citation queue; DOI/arXiv metadata; full text","CG0177; pending-closest-union","full-text","include-adjacent","","yes","Exact CAS p. 13; Definition 3.10 p. 16; Theorems 3.14–3.15 p. 17; §§4–5; §7 p. 25","Codex-assisted; human confirmation pending","2026-07-31","Included as a distributed RDMA/TSO object-library refinement boundary. It uses exact CAS and paper proofs, with no C11 Treiber case, genuine weak CAS, fairness factorization, or mechanized liveness theorem."
"S139","BWoS: Formally Verified Block-Based Work Stealing for Parallel Processing","2023","Jiawei Wang; Bohdan Trach; Ming Fu; Diogo Behrens; Jonathan Schwender; Yutao Liu; Jitang Lei; Viktor Vafeiadis; Hermann Härtig; Haibo Chen","","https://www.usenix.org/system/files/osdi23-wang-jiawei.pdf","OSDI 2023 open proceedings PDF","pending-closest citation queue; USENIX full text","CG0225; pending-closest-union","full-text","include-closest","","yes","§5.1 pp. 839–841; bounded client and individual-operation limitations","Codex-assisted; human confirmation pending","2026-07-31","Included as direct weak-memory loop-termination tool evidence. GenMC/VSync checks every unbounded spin loop and bounded failure-retry loop in a small fixed IMM/RC11 BWoS client, but cannot verify individual operations generally; it is not an unbounded object theorem and uses exact CAS."
"S140","The Repeat Offender Problem: A Mechanism for Supporting Dynamic-Sized Lock-Free Data Structures","2002","Maurice Herlihy; Victor Luchangco; Mark Moir","10.1007/3-540-36108-1_23","https://cs.brown.edu/~mph/HerlihyLM02/smli_tr-2002-112.pdf","DISC 2002 Brown technical-report PDF","pending-closest citation queue; DOI metadata; author full text","CG0013; pending-closest-union","full-text","include-adjacent","","yes","§1 pp. 1–3; §2 around p. 10; §3 p. 12; Appendix Theorem 1 p. 28","Codex-assisted; human confirmation pending","2026-07-31","Included as dynamic lock-free reclamation prior art. Liberate is wait-free and the object construction uses exact CAS under a classical model; the target is explicitly reclamation-free and has a different weak-memory/weak-CAS progress question."
"S141","Unifying Weak Memory Verification Using Potentials","2025","Lara Bargmann; Brijesh Dongol; Heike Wehrheim","10.1007/978-3-031-71162-6_27","https://orbilu.uni.lu/bitstream/10993/62434/1/978-3-031-71162-6.pdf","FM 2024 paper in 2025 proceedings PDF","pending-closest citation queue; DOI metadata; institutional proceedings full text","CG0034; pending-closest-union","full-text","include-adjacent","","yes","Paper pp. 519–537; §§1–2 pp. 519–522; §7 Theorems 1–4 pp. 533–534; §8 p. 534","Codex-assisted; human confirmation pending","2026-07-31","Included as a Piccolo weak-memory safety-logic boundary across SC/TSO/SRA. RMW operations are future work and no CAS, fairness, or liveness result is supplied."
"S142","Efficiently Adapting Stateless Model Checking for C11/C++11 to Mixed-Size Accesses","2024","Shigeyuki Sato; Taiyo Mizuhashi; Genki Kimura; Kenjiro Taura","10.1007/978-981-97-8943-6_17","https://link.springer.com/content/pdf/10.1007/978-981-97-8943-6_17.pdf","APLAS 2024 open Springer PDF; proceedings dated 2025","pending-closest citation queue; DOI metadata; open publisher full text","CG0061; pending-closest-union","full-text","include-adjacent","","yes","§§1–2.3 pp. 346–351; §2.3 temporal/liveness limitation; §3.4 pp. 356–357","Codex-assisted; human confirmation pending","2026-07-31","Included as mixed-size C11/C++11 stateless-checking prior art. The work is safety-oriented, explicitly notes loss of temporal/liveness properties, and leaves mixed-size atomic semantics open."
"S143","Iris from the Ground Up: A Modular Foundation for Higher-Order Concurrent Separation Logic","2018","Ralf Jung; Robbert Krebbers; Jacques-Henri Jourdan; Aleš Bizjak; Lars Birkedal; Derek Dreyer","10.1017/S0956796818000151","https://www.mpi-sws.org/~dreyer/papers/iris-ground-up/paper.pdf","JFP 2018 author preprint","pending-closest citation queue; DOI metadata; author full text","CG0073; pending-closest-union","full-text","include-adjacent","","yes","§§2.2–2.3; §6.4 Theorem 6; §7.4 Theorem 7; §8.3","Codex-assisted; human confirmation pending","2026-07-31","Included as a kernel-checked concurrent-safety foundation. Iris's CAS rule is exact equality-based and its adequacy theorems establish safety, not weak-memory liveness, fairness, or Treiber progress."
"S144","Practical Considerations for Non-Blocking Concurrent Objects","1993","Brian N. Bershad","10.1109/ICDCS.1993.287700","https://www.cs.cmu.edu/afs/cs.cmu.edu/project/mach/public/doc/published/non-blocking.ps","ICDCS 1993 author PostScript; locally converted to PDF","pending-closest citation queue; DOI metadata; author source","CG0082; pending-closest-union","full-text","include-closest","","yes","§3.5 pp. 270–272; conclusion","Codex-assisted; human confirmation pending","2026-07-31","Included as an early conservative/advisory CAS-result precedent: failure means no swap occurred but does not establish a value mismatch. It has no fairness/justice condition, weak-memory semantics, Treiber case, or response-progress theorem."
"S145","A Methodology for Implementing Highly Concurrent Data Objects","1993","Maurice Herlihy","10.1145/161468.161469","https://www.cs.utexas.edu/~lorenzo/corsi/cs380d/papers/p745-herlihy.pdf","TOPLAS 1993 author-hosted PDF","pending-closest citation queue; DOI metadata; full text","CG0097; pending-closest-union","full-text","include-closest","","yes","p. 747; §4.1 p. 752; §4.4 pp. 760–761","Codex-assisted; human confirmation pending","2026-07-31","Included as critical historical prior art. The paper explicitly calls unchanged-value store-conditional failures spurious and qualifies its lock-/wait-freedom results by their absence. It has no unbounded-failure justice model, all-spurious execution, weak memory, or target composition."
"S146","A Method for Implementing Lock-Free Shared-Data Structures","1993","Greg Barnes","10.1145/165231.165265","https://pure.mpg.de/rest/items/item_1834238_5/component/file_2019499/content","SPAA 1993 expanded institutional report","pending-closest citation queue; DOI metadata; institutional full text","CG0098; pending-closest-union","full-text","include-closest","","yes","§1.1 pp. 3–4; §4 pp. 9–10; Proposition 5.1 and Theorem 5.2 pp. 10–11; §6 p. 12","Codex-assisted; human confirmation pending","2026-07-31","Included as an early system-wide nonblocking and bounded-work result under arbitrary scheduling delays. The model uses exact LL/SC and has no spurious CAS, weak memory, fairness factorization, or kernel proof."
"S147","The Temporal Logic of Actions","1994","Leslie Lamport","10.1145/177492.177726","https://lamport.org/pubs/lamport-actions.pdf","TOPLAS 1994 author PDF","pending-closest citation queue; DOI metadata; author full text","CG0099; pending-closest-union","full-text","include-adjacent","","yes","§§5.2–5.5 pp. 11–15; Figure 5 and §5.6 pp. 16–19; §6.2","Codex-assisted; human confirmation pending","2026-07-31","Included as a foundational fairness boundary. TLA formalizes liveness, weak/strong fairness, machine closure, and fairness-to-leads-to proof rules; novelty can only concern the target's particular primitive/scheduler/memory factorization and object-level integration."
"S148","Practical Implementations of Non-Blocking Synchronization Primitives","1997","Mark Moir","10.1145/259380.259442","https://dl.acm.org/doi/pdf/10.1145/259380.259442","PODC 1997 ACM open-access PDF; correction DOI 10.1145/383962.384054","pending-closest citation queue; DOI metadata; author-uploaded full text indexed by ResearchGate","CG0109; pending-closest-union","full-text","include-closest","","yes","§1; Theorems 1 and 3; §5; 2001 correction checked","Codex-assisted; human confirmation pending","2026-07-31","Included as critical primitive-progress prior art. Restricted SC may fail spuriously, and wait-free constant-time implementations assume only finitely many spurious failures per invocation. There is no weak memory, Treiber, separated justice/fairness stack, or all-spurious countermodel."
"S149","RustBelt: Securing the Foundations of the Rust Programming Language","2018","Ralf Jung; Jacques-Henri Jourdan; Robbert Krebbers; Derek Dreyer","10.1145/3158154","https://jhjourdan.mketjh.fr/pdf/jourdan2018rustbelt.pdf","POPL 2018 author PDF","pending-closest citation queue; DOI metadata; author full text","CG0128; pending-closest-union","full-text","include-adjacent","","yes","§3.2 pp. 12–13; §7 Theorems 7.1–7.2; §8","Codex-assisted; human confirmation pending","2026-07-31","Included as a kernel-checked safety boundary distinct from the relaxed-memory follow-up S91. RustBelt models SC atomics only, omits relaxed atomics, and proves safety/adequacy rather than progress."
"S150","Frightening Small Children and Disconcerting Grown-Ups: Concurrency in the Linux Kernel","2018","Jade Alglave; Luc Maranget; Paul E. McKenney; Andrea Parri; Alan Stern","10.1145/3173162.3177156","https://discovery.ucl.ac.uk/id/eprint/10070727/1/asplos18.pdf","ASPLOS 2018 institutional author PDF","pending-closest citation queue; DOI metadata; institutional full text","CG0129; pending-closest-union","full-text","include-adjacent","","yes","§§2–3; §4 Theorem 1; §6 Theorem 2; Appendices B–C","Codex-assisted; human confirmation pending","2026-07-31","Included as executable Linux Kernel Memory Model and weak-memory safety context. The paper gives hand proofs and litmus testing, not a CAS progress, fairness, or Treiber theorem."
"S151","Static Analysis of Memory Models for SMT Encodings","2023","Thomas Haas; René Maseli; Roland Meyer; Hernán Ponce de León","10.1145/3622855","https://hernanponcedeleon.github.io/pdfs/oopsla2023.pdf","OOPSLA 2023 author PDF","pending-closest citation queue; DOI metadata; author full text","CG0164; pending-closest-union","full-text","include-closest","","yes","§6 pp. 24–25; Treiber benchmark setup and safety/liveness checks","Codex-assisted; human confirmation pending","2026-07-31","Included as critical bounded weak-memory Treiber liveness evidence. Dartagnan checks C11-atomic Treiber safety and Lahav-style liveness under ARMv8/RISC-V for 3–6 threads, but loops are unrolled twice and spins once; there is no unbounded theorem, genuine weak CAS, or kernel certificate."
"S152","Nonblocking K-Compare-Single-Swap","2003","Victor Luchangco; Mark Moir; Nir Shavit","10.1145/777412.777468","https://people.csail.mit.edu/shanir/publications/Nonblocking%20k-compare.pdf","SPAA 2003 author PDF","pending-closest citation queue; DOI metadata; author full text","CG0185; pending-closest-union","full-text","include-closest","","yes","§1.1 p. 314; §§2.1–2.4 pp. 315–316; Appendix A.1 Lemmas 1–7; Appendix A.2 Lemmas 8–14","Codex-assisted; human confirmation pending","2026-07-31","Included as a conservative SC-failure neighbor. SC may fail after an interfering read even if the abstract value returns unchanged; obstruction freedom and eventual success require a solo/no-access interval, not a fairness or weak-CAS justice theorem."
"S153","Verifying a Concurrent Data Structure from the Dartino Framework in Iris","2017","Morten Krogh-Jespersen; Thomas Dinsdale-Young; Lars Birkedal","","https://iris-project.org/pdfs/2017-case-study-verifying-dartino-framework.pdf","2017 Iris workshop/case-study PDF","pending-closest citation queue; author full text","CG0205; pending-closest-union","full-text","include-adjacent","","yes","§§1–2.1 pp. 1–3; §4 and Table 1; §4.4 pp. 7–11; §6 p. 12","Codex-assisted; human confirmation pending","2026-07-31","Included as a Coq/Iris logically atomic queue-verification boundary. The scheduler queue uses exact CAS under SC-style semantics and has no progress, fairness, or weak-memory theorem."
"S154","Hazard Pointers: Safe Memory Reclamation for Lock-Free Objects","2004","Maged M. Michael","10.1109/TPDS.2004.8","https://www.cs.otago.ac.nz/cosc440/readings/hazard-pointers.pdf","IEEE TPDS 2004 author PDF","pending-closest citation queue; DOI metadata; author-hosted full text","CG0088; pending-closest-union","full-text","include-closest","","yes","§2 pp. 492–493; §§3.2–3.3; §4.2","Codex-assisted; human confirmation pending","2026-07-31","Included as a direct historical primitive-progress boundary. The paper's abstract machine uses exact CAS or ideal LL/SC, while its real-LL/SC discussion permits occasional but not infinitely repeated spurious SC failure; it also supplies wait-free reclamation scans and a lock-free LIFO. It has no C11/RC11, separate justice predicate, all-spurious execution, or mechanized theorem."
"S155","A Wait-Free Queue as Fast as Fetch-and-Add","2016","Chaoran Yang; John Mellor-Crummey","10.1145/2851141.2851168","https://web.archive.org/web/20160803104053id_/http://chaoran.me:80/assets/pdf/wfq-ppopp16.pdf","PPoPP 2016 author PDF","pending-closest citation queue; DOI metadata; author full text","CG0118; pending-closest-union","full-text","include-closest","","yes","§3.1; §4 Lemmas 4.3–4.5 and Theorem 4.6; §5.1","Codex-assisted; human confirmation pending","2026-07-31","Included as an explicit liveness-versus-primitive-emulation neighbor. The native-fetch-and-add queue is wait-free under the paper's SC asynchronous model, but §5.1 explains that an LL/SC emulation with an unbounded retry loop is not wait-free. It is not a Treiber, weak-memory, or primitive-justice result."
"S156","Comparison Under Abstraction for Verifying Linearizability","2007","Daphna Amit; Noam Rinetzky; Thomas Reps; Mooly Sagiv; Eran Yahav","10.1007/978-3-540-73368-3_49","https://research.cs.wisc.edu/wpis/papers/cav07.linearizability.pdf","CAV 2007 author PDF","pending-closest citation queue; DOI metadata; author full text","CG0046; pending-closest-union","full-text","include-closest","","yes","§1; §2; §4; §5","Codex-assisted; human confirmation pending","2026-07-31","Included as early automatic Treiber linearizability prior art. The TVLA abstraction handles bounded thread counts, garbage collection, fixed linearization points, and exact CAS under interleaving semantics; it proves safety, not progress, and has no weak-memory or weak-CAS dimension."
"S157","A Refinement Proof of a Multiword LL/SC Object","2006","Wim H. Hesselink; Jan Eppo Jonker","","https://www.cs.rug.nl/~wim/pub/whh349jej.pdf","University of Groningen technical report dated 24 April 2006","pending-closest citation queue; author full text","CG0237; pending-closest-union","full-text","include-closest","","yes","§3; §4; §5; §9; §11","Codex-assisted; human confirmation pending","2026-07-31","Included as a PVS-verified, finite-process, wait-free multiword-LL/SC refinement result. The model includes safe-variable nondeterminism and weak-fair transition reasoning, but its primitive is reservation-based LL/SC rather than genuine weak CAS; there is no Treiber, weak memory, or three-way fairness factorization."
"S158","Lock-Free Parallel Garbage Collection","2005","Hui Gao; Jan Friso Groote; Wim H. Hesselink","10.1007/11576235_31","https://pure.tue.nl/ws/portalfiles/portal/2184465/200431.pdf","FM 2005 institutional author PDF","pending-closest citation queue; DOI metadata; institutional full text","CG0012; pending-closest-union","full-text","include-version-audit","","yes","§4.2; §4.3 and Theorem 4.1; §5 and Theorem 5.1","Codex-assisted; human confirmation pending","2026-07-31","Retained as the conference version in the S87/PA52 lineage. It combines PVS-supported safety with an eventual-reclamation theorem under atomic-action fairness and eventual garbage-collection invocation, and gives an LL/SC reduction. It is not counted as an independent theorem family."
"S159","Lock-Free Parallel and Concurrent Garbage Collection by Mark&Sweep","2007","Hui Gao; Jan Friso Groote; Wim H. Hesselink","10.1016/j.scico.2006.10.001","https://pure.rug.nl/ws/files/2794847/2007SciCompProgGao.pdf","Science of Computer Programming 2007 institutional author PDF","pending-closest citation queue; DOI metadata; institutional full text","CG0071; pending-closest-union","full-text","include-version-audit","","yes","§4.2; §4.3 and Theorem 4.1; §5","Codex-assisted; human confirmation pending","2026-07-31","Retained as the peer-reviewed journal version in the S87/PA52 lineage. It expands the PVS-supported safety and eventual-reclamation result under atomic-action fairness and eventual GC invocation, but adds no Treiber, RC11, genuine weak-CAS, or independent theorem lineage."
"S160","Brief Announcement: Hazard Eras - Non-Blocking Memory Reclamation","2017","Pedro Ramalhete; Andreia Correia","10.1145/3087556.3087588","https://raw.githubusercontent.com/pramalhe/ConcurrencyFreaks/master/papers/hazarderas-2017.pdf","PODC 2017 author PDF","pending-closest citation queue; DOI metadata; author full text","CG0124; pending-closest-union","full-text","include-adjacent","","yes","Entire brief; algorithm and progress discussion","Codex-assisted; human confirmation pending","2026-07-31","Included as adjacent nonblocking-reclamation evidence. Hazard Eras operates with classical exact atomic primitives and does not supply a weak-memory Treiber progress theorem, genuine weak-CAS semantics, primitive justice, or a kernel-checked composition."
"S161","Simple, Fast, and Practical Non-Blocking and Blocking Concurrent Queue Algorithms","1996","Maged M. Michael; Michael L. Scott","10.1145/248052.248106","https://www.cs.rochester.edu/u/scott/papers/1996_PODC_queues.pdf","PODC 1996 author PDF","pending-closest citation queue; DOI metadata; author full text","CG0105; pending-closest-union","full-text","include-adjacent","","yes","§1; §§3.2–3.3","Codex-assisted; human confirmation pending","2026-07-31","Included as canonical classical system-wide nonblocking prior art. The Michael-Scott queue is linearizable and guarantees that some operation completes in a finite number of steps under exact CAS/LL-SC, but it contains none of the candidate's weak-memory or weak-CAS fairness dimensions."
"S162","Generality and Speed in Nonblocking Dual Containers","2017","Joseph Izraelevitz; Michael L. Scott","10.1145/3040220","https://www.cs.rochester.edu/u/scott/papers/2017_Izraelevitz_TOPC_duals.pdf","ACM TOPC 2017 author PDF","pending-closest citation queue; DOI metadata; author full text","CG0122; pending-closest-union","full-text","include-adjacent","","yes","Main progress results; appendix Treiber conversion","Codex-assisted; human confirmation pending","2026-07-31","Included because the framework explicitly derives a dual container from a Treiber stack and discusses nonblocking progress. Its semantics uses exact CAS in a classical model; no RC11, weak-CAS justice, all-spurious execution, or mechanized safety/liveness composition is present."
"S163","Lincheck: A Practical Framework for Testing Concurrent Data Structures on JVM","2023","Nikita Koval; Alexander Fedorov; Maria Sokolova; Dmitry Tsitelov; Dan Alistarh","10.1007/978-3-031-37706-8_8","https://link.springer.com/content/pdf/10.1007/978-3-031-37706-8_8.pdf","CAV 2023 publisher PDF","pending-closest citation queue; DOI metadata; publisher full text","CG0030; pending-closest-union","full-text","include-adjacent","","yes","§2.2; evaluation and limitations","Codex-assisted; human confirmation pending","2026-07-31","Included as a bounded concurrent-data-structure testing boundary. Lincheck checks linearizability and obstruction-freedom-style failures for selected JVM clients under SC; stronger progress and weak-memory GenMC integration are future work."
"S164","Fast Concurrent Queues for x86 Processors","2013","Adam Morrison; Yehuda Afek","10.1145/2442516.2442527","https://www.cs.tau.ac.il/~mad/publications/ppopp2013-x86queues.pdf","PPoPP 2013 author PDF","pending-closest citation queue; DOI metadata; author full text","CG0104; pending-closest-union","full-text","include-adjacent","","yes","Algorithm and correctness/progress sections; evaluation","Codex-assisted; human confirmation pending","2026-07-31","Included as an x86 exact-CAS/fetch-and-add queue progress result. It does not establish language-level RC11 semantics, genuine weak CAS, separately named fairness dimensions, an all-spurious execution, or mechanized composition."
"S165","Randomized Abortable Mutual Exclusion with Constant Amortized RMR Complexity on the CC Model","2017","George Giakkoupis; Philipp Woelfel","10.1145/3087801.3087837","https://hal.inria.fr/hal-01635734/file/podc2017mutex.pdf","PODC 2017 HAL author PDF","pending-closest citation queue; DOI metadata; author full text","CG0125; pending-closest-union","full-text","include-adjacent","","yes","Model, algorithm, and main progress/RMR theorems","Codex-assisted; human confirmation pending","2026-07-31","Included as adjacent randomized progress theory. The object is abortable mutual exclusion in the CC model, not Treiber; there is no RC11, genuine weak-CAS, primitive-justice, or all-spurious result."
"S166","Deterministic Abortable Mutual Exclusion with Sublogarithmic Adaptive RMR Complexity","2018","Adam Alon; Adam Morrison","10.1145/3212734.3212759","https://www.cs.tau.ac.il/~mad/publications/podc2018-mutex.pdf","PODC 2018 author PDF","pending-closest citation queue; DOI metadata; author full text","CG0131; pending-closest-union","full-text","include-adjacent","","yes","Model, algorithm, and main progress/RMR theorems","Codex-assisted; human confirmation pending","2026-07-31","Included as adjacent deterministic progress theory. Its abortable-mutex/RMR result uses classical shared-memory primitives and supplies no Treiber, RC11, weak-CAS justice, or mechanized composition."
"S167","Fast and Scalable Channels in Kotlin Coroutines","2023","Nikita Koval; Dan Alistarh; Roman Elizarov","10.1145/3572848.3577481","https://arxiv.org/pdf/2211.04986","PPoPP 2023 arXiv version","pending-closest citation queue; DOI metadata; arXiv full text","CG0157; pending-closest-union","full-text","include-adjacent","","yes","Algorithm, correctness, progress, and evaluation sections","Codex-assisted; human confirmation pending","2026-07-31","Included as a modern lock-free/channel progress neighbor. The JVM/Kotlin algorithms use exact atomic primitives and are neither a C11/RC11 Treiber theorem nor a genuine weak-CAS fairness result."
"S168","RMR-Efficient Randomized Abortable Mutual Exclusion","2012","Abhijeet Pareek; Philipp Woelfel","10.1007/978-3-642-33651-5_19","https://arxiv.org/pdf/1208.1723","DISC 2012 arXiv version","pending-closest citation queue; DOI metadata; arXiv full text","CG0212; pending-closest-union","full-text","include-adjacent","","yes","Model, algorithm, and main progress/RMR theorems","Codex-assisted; human confirmation pending","2026-07-31","Included as adjacent randomized abortable-mutual-exclusion progress theory. It has no Treiber, weak-memory, genuine weak-CAS, primitive-justice, or machine-checked composition dimension."
"S169","AutoMO: Automatic Inference of Memory Order Parameters for C/C++11","2015","Peizhao Ou; Brian Demsky","10.1145/2814270.2814286","https://peizhaoo.github.io/drafts/oopsla15_automo_preprint.pdf","OOPSLA 2015 author PDF; SIGPLAN Notices alias DOI 10.1145/2858965.2814286","new-closest citation queue; DOI metadata; author full text","CG0115; CG0119; new-closest-union","full-text and source-audit","include-closest","","yes","Abstract; §2; §8; Figures 19–20; CDSChecker weak-CAS source boundary inherited from S102/PA54","Codex-assisted; human confirmation pending","2026-07-31","Included as a direct bounded C/C++11 Treiber neighbor. AutoMO uses a fixed three-thread client with two pushes and one pop, infers eight memory-order parameters, and reports 29 feasible traces with no non-SC trace. It proves neither linearizability nor progress, uses exact CDSChecker-era CAS, and supplies no fairness, all-spurious execution, or proof-assistant certificate."
"S170","An Integrated Specification and Verification Technique for Highly Concurrent Data Structures","2017","Parosh Aziz Abdulla; Frédéric Haziza; Lukáš Holík; Bengt Jonsson; Ahmed Rezine","10.1007/s10009-016-0415-4","https://user.it.uu.se/~bengt/Papers/Full/sttt17.pdf","STTT 2017 author PDF","new-closest citation queue; DOI metadata; author full text","CG0051; new-closest-union","full-text","include-closest","","yes","Abstract; §2 CAS semantics; §§5–7; Table 1; §8","Codex-assisted; human confirmation pending","2026-07-31","Included as parameterized automatic Treiber safety prior art. The method verifies linearizability/conformance for Treiber variants with arbitrary thread counts and unbounded heap/data domains under SC and mismatch-only exact CAS; it contains no progress, fairness, weak-memory, or genuine weak-CAS theorem."
"S171","Compiler Optimisations and Relaxed Memory Consistency Models","2017","Robin Morisset","10.70675/5c9ea897z1b59z4f1bza9d9z9019d5a87c13","https://fzn.fr/students/morisset-phd.pdf","2017 doctoral dissertation","new-closest citation queue; DataCite metadata; author full text","CG0198; new-closest-union","full-text","include-closest","","yes","Chapter 6 §6.3.3, Theorems 15–17; Chapter 7 Treiber/compiler-fence benchmark","Codex-assisted; human confirmation pending","2026-07-31","Included as a direct C11 liveness-and-fairness neighbor. The LibKPN scheduler obtains unbounded progress under a minimal scheduler-fairness condition, but is explicitly not lock-free; Treiber is only a compiler-fence benchmark. The work uses exact atomics and has no primitive justice, memory fairness, all-spurious separation, or mechanization."
"S172","Library Abstraction for C/C++ Concurrency","2013","Mark Batty; Mike Dodds; Alexey Gotsman","10.1145/2429069.2429099","https://www.cl.cam.ac.uk/~pes20/group_papers/POPL.13.library_abstraction_c_cpp.pdf","POPL 2013 author PDF","new-closest citation queue; DOI metadata; author full text","CG0098; new-closest-union","full-text","include-closest","","yes","Figure 1 and §2; Theorems 3–4; Appendix E.1","Codex-assisted; human confirmation pending","2026-07-31","Included as a direct C11 Treiber abstraction and composition result. It proves safety with exact CAS, while abstract operations may nondeterministically diverge to represent lock-free starvation; no positive progress, weak-CAS, fairness, or mechanized theorem is supplied."
"S173","SPORE: Combining Symmetry and Partial Order Reduction","2024","Michalis Kokologiannakis; Iason Marmanis; Viktor Vafeiadis","10.1145/3656449","https://plv.mpi-sws.org/genmc/pldi2024-spore-full.pdf","PLDI 2024 extended author PDF","new-closest citation queue; DOI metadata; author full text","CG0182; new-closest-union","full-text","include-closest","","yes","§3 Theorems 3.4, 3.8, and 3.9; §4.2 and Figure 3","Codex-assisted; human confirmation pending","2026-07-31","Included as a direct finite RC11 Treiber safety neighbor. SPORE combines symmetry and partial-order reduction for bounded clients under exact CAS; it establishes no unbounded object response, genuine weak-CAS justice, fairness factorization, all-spurious execution, or kernel certificate."
"S174","C11Tester: A Race Detector for C/C++ Atomics","2021","Weiyu Luo; Brian Demsky","10.1145/3445814.3446711","https://arxiv.org/pdf/2102.07901","ASPLOS 2021 arXiv version plus current source audit","new-closest citation queue; DOI metadata; arXiv full text; implementation source","CG0161; new-closest-union","full-text and source-audit","include-adjacent","","yes","§§4–5 and Table II; current include/impatomic.h lines 113–114","Codex-assisted; human confirmation pending","2026-07-31","Included as a valuable negative control for surface weak-CAS APIs. C11Tester explores C/C++ atomics, but its implementation says 'No spurious failure for now' and aliases weak compare-exchange to strong; there is no primitive justice or positive progress theorem."
"S175","Truly Stateless, Optimal Dynamic Partial Order Reduction","2022","Michalis Kokologiannakis; Iason Marmanis; Vladimir Gladstein; Viktor Vafeiadis","10.1145/3498711","https://plv.mpi-sws.org/genmc/popl2022-trust-full.pdf","POPL 2022 author PDF","new-closest citation queue; DOI metadata; author full text","CG0167; new-closest-union","full-text","include-adjacent","","yes","§§3–5; Coq metatheory description","Codex-assisted; human confirmation pending","2026-07-31","Included as a mechanized weak-memory exploration boundary. The Coq development proves DPOR soundness, completeness, and optimality for bounded-size programs under SC, TSO, PSO, and RC11, but contains no Treiber theorem, progress result, genuine weak CAS, or fairness decomposition."
"S176","Correct and Efficient Work-Stealing for Weak Memory Models","2013","Nhat Minh Lê; Antoniu Pop; Albert Cohen; Francesco Zappa Nardelli","10.1145/2442516.2442524","https://fzn.fr/readings/ppopp13.pdf","PPoPP 2013 author PDF","new-closest citation queue; DOI metadata; author full text","CG0099; new-closest-union","full-text","include-adjacent","","yes","§2.1; §4.5 Theorem 2 and Lemmas 13–14; footnote 2","Codex-assisted; human confirmation pending","2026-07-31","Included as a weak-memory deque correctness boundary. The Chase-Lev implementation uses compare_exchange_strong; footnote 2 explicitly allows infinite looping in a stationary nonfinal state, so its correctness theorem must not be reported as a positive progress guarantee."
"S177","On Library Correctness under Weak Memory Consistency: Specifying and Verifying Concurrent Libraries under Declarative Consistency Models","2019","Azalea Raad; Marko Doko; Lovro Rožić; Ori Lahav; Viktor Vafeiadis","10.1145/3290381","https://plv.mpi-sws.org/yacovet/paper.pdf","POPL 2019 author PDF and Coq artifact","closest-wave2 citation queue; DOI metadata; author full text; Coq artifact page","CG0206; closest-wave2-union","full-text and artifact-audit","include-closest","","yes","§§4–6; Theorem 1; Theorem 6; Coq artifact organization","Codex-assisted; human confirmation pending","2026-07-31","Included as a direct RC11 library-safety and composition neighbor. The paper verifies stack specifications and implementations under declarative weak-memory models, and mechanizes a simplified modularity theorem in Coq. Its 'weak stack' is an operation-level nondeterministic specification rather than genuine primitive weak CAS; it proves no positive liveness theorem or fairness decomposition."
"S178","Automated Verification of Linearization Policies","2016","Parosh Aziz Abdulla; Bengt Jonsson; Cong Quy Trinh","10.1007/978-3-662-53413-7_4","https://user.it.uu.se/~bengt/Papers/Full/sas16.pdf","SAS 2016 author PDF","closest-wave2 citation queue; DOI metadata; author full text","CG0082; closest-wave2-union","full-text","include-closest","","yes","§1; §8 and Figure 6; implementation/evaluation description","Codex-assisted; human confirmation pending","2026-07-31","Included as automatic parameterized Treiber linearizability prior art. The method handles arbitrary thread counts and unbounded heap/data domains under SC with exact mismatch-only CAS. It establishes safety, not RC11 progress, genuine weak-CAS justice, fairness factorization, or an all-spurious execution."
"S179","Parameterized Verification of Systems with Component Identities, Using View Abstraction","2022","Gavin Lowe","10.1007/s10009-022-00648-0","https://link.springer.com/content/pdf/10.1007/s10009-022-00648-0.pdf","STTT 2022 open-access version","closest-wave2 citation queue; DOI metadata; institutional and publisher full text","CG0095; closest-wave2-union","full-text","include-closest","","yes","§9.6 TreiberStack and TreiberStack2; parameterized view-abstraction construction and reported checks","Codex-assisted; human confirmation pending","2026-07-31","Included as parameterized exact-CAS Treiber verification with arbitrary component populations. The CSP/FDR development checks safety and selected deadlock-freedom properties, but it has no RC11 semantics, genuine weak-CAS branch, primitive justice, all-spurious separation, or response theorem matching the candidate."
"S180","Poling: SMT Aided Linearizability Proofs","2015","He Zhu; Gustavo Petri; Suresh Jagannathan","10.1007/978-3-319-21668-3_1","https://gpetri.github.io/publis/poling-cav15.pdf","CAV 2015 author PDF","closest-wave2 citation queue; DOI metadata; author full text","CG0029; closest-wave2-union","full-text","include-closest","","yes","§2; Theorem 1; Treiber and elimination-stack evaluations","Codex-assisted; human confirmation pending","2026-07-31","Included as automated linearizability prior art for a most-general unbounded client. Poling verifies Treiber and elimination stacks using SMT and separation-logic obligations under atomic exact-CAS semantics. The result is safety only and supplies no weak-memory, genuine weak-CAS, fairness, or positive progress theorem."
"S181","On Abstraction and Compositionality for Weak-Memory Linearisability","2018","Brijesh Dongol; Radha Jagadeesan; James Riely; Alasdair Armstrong","10.1007/978-3-319-73721-8_9","https://fpl.cs.depaul.edu/jriely/papers/2018-vmcai.pdf","VMCAI 2018 author PDF","closest-wave2 citation queue; DOI metadata; author full text","CG0039; closest-wave2-union","full-text","include-closest","","yes","Theorem 14; Corollary 15; Theorem 16; §4.4 Treiber stack","Codex-assisted; human confirmation pending","2026-07-31","Included as a direct weak-memory Treiber abstraction/composition result. The paper treats acquire/release Treiber with exact CAS and proves real-time and causal hb-linearisability safety. It explicitly leaves liveness to stronger criteria and provides no genuine weak-CAS, fairness-factorization, all-spurious, or mechanized theorem."
"S182","Making Linearizability Compositional for Partially Ordered Executions","2018","Simon Doherty; Brijesh Dongol; Heike Wehrheim; John Derrick","10.1007/978-3-319-98938-9_7","https://brijeshdongol.github.io/full-version/IFM-2018-full.pdf","IFM 2018 full author version; arXiv precursor 1802.01866","closest-wave2 citation queue; DOI metadata; arXiv lineage; author full text","CG0048; closest-wave2-union; arXiv:1802.01866","full-text","include-closest","","yes","Theorems 7, 16, and 18; §6.2 blocking-on-empty C11 Treiber stack","Codex-assisted; human confirmation pending","2026-07-31","Included as a direct C11 release/acquire Treiber safety and composition neighbor. Causal linearizability and hb-simulation cover finite partially ordered executions using exact CAS. The paper does not prove nonblocking response, genuine weak-CAS justice, memory/scheduler fairness factorization, or an all-spurious separation."
"S183","GPS: Navigating Weak Memory with Ghosts, Protocols, and Separation","2014","Aaron Turon; Viktor Vafeiadis; Derek Dreyer","10.1145/2660193.2660243","https://plv.mpi-sws.org/gps/paper.pdf","OOPSLA 2014 author PDF and Coq development","closest-wave2 citation queue; DOI metadata; author full text; Coq project","CG0167; closest-wave2-union","full-text and artifact-audit","include-closest","","yes","§3.7 Theorems 1–3; Appendix D.4 Michael-Scott queue; Coq development","Codex-assisted; human confirmation pending","2026-07-31","Included as a mechanized C11 concurrent-library safety neighbor. GPS proves its program logic sound in Coq and verifies a Michael-Scott queue under exact mismatch-only CAS. It has no Treiber instance, positive liveness theorem, fairness factorization, genuine weak-CAS branch, or all-spurious execution."
"S184","A Scalable, Correct Time-Stamped Stack","2015","Mike Dodds; Andreas Haas; Christoph M. Kirsch","10.1145/2775051.2676963","https://www.cs.uni-salzburg.at/~ahaas/papers/POPL15-TSStack.pdf","POPL 2015 author PDF and Isabelle development","closest-wave2 citation queue; DOI metadata; author full text; artifact evidence","CG0172; closest-wave2-union","full-text and artifact-audit","include-closest","","yes","Theorem 1 and Isabelle development; Theorems 5–6; §9 weak-memory boundary","Codex-assisted; human confirmation pending","2026-07-31","Included as a mechanized stack-safety plus positive lock-freedom neighbor. The generic stack theorem is checked in Isabelle, while the time-stamped stack application is proved linearizable and lock-free with exact CAS. It is not Treiber, uses SC-style reasoning, and has no genuine weak CAS, primitive justice, memory fairness, or all-spurious separation."
"S185","Monitoring Refinement via Symbolic Reasoning","2015","Michael Emmi; Constantin Enea; Jad Hamza","10.1145/2737924.2737983","https://www.lix.polytechnique.fr/~cenea/papers/pldi2015.pdf","PLDI 2015 author PDF","closest-wave2 citation queue; DOI metadata; author full text","CG0170; closest-wave2-union","full-text","include-adjacent","","yes","Theorems 1–4; explicit Treiber-stack monitoring example","Codex-assisted; human confirmation pending","2026-07-31","Included as an exact-CAS Treiber safety/tool boundary. Symbolic runtime monitoring reduces refinement checks to satisfiability and exposes an ABA/reclamation bug in the example. It supplies no weak-memory semantics, fairness premises, or positive progress proof."
"S186","Tractable Refinement Checking for Concurrent Objects","2015","Ahmed Bouajjani; Michael Emmi; Constantin Enea; Jad Hamza","10.1145/2775051.2677002","https://www.lix.polytechnique.fr/~cenea/papers/popl2015.pdf","POPL 2015 author PDF","closest-wave2 citation queue; DOI metadata; author full text","CG0175; closest-wave2-union","full-text","include-adjacent","","yes","Theorems 1–3 and 5; CSeq/CBMC and SMACK/Corral Treiber evaluations","Codex-assisted; human confirmation pending","2026-07-31","Included as a bounded exact-CAS Treiber refinement-checking boundary. The tool chain detects stack bugs under SC, but the theorems concern history inclusion and approximation rather than weak-memory liveness, genuine weak-CAS justice, or an all-spurious execution."
"S187","Portable Inter-workgroup Barrier Synchronisation for GPUs","2016","Tyler Sorensen; Alastair F. Donaldson; Mark Batty; Ganesh Gopalakrishnan; Zvonimir Rakamarić","10.1145/2983990.2984032","https://www.doc.ic.ac.uk/~afd/papers/2016/OOPSLA.pdf","OOPSLA 2016 author PDF","closest-wave2 citation queue; DOI metadata; author full text","CG0188; closest-wave2-union","full-text","include-adjacent","","yes","Scheduling/occupancy assumptions and memory-progress premise; barrier library-abstraction proof","Codex-assisted; human confirmation pending","2026-07-31","Included because it explicitly separates scheduling assumptions from a memory-progress premise forbidding infinitely stale reads. The object is a GPU barrier, the proof is handwritten, and there is no CAS, Treiber stack, primitive justice, or all-spurious weak-CAS execution."
"S188","Modular Data-Race-Freedom Guarantees in the Promising Semantics","2021","Minki Cho; Sung-Hwan Lee; Chung-Kil Hur; Ori Lahav","10.1145/3453483.3454082","https://www.cs.tau.ac.il/~orilahav/papers/pldi21.pdf","PLDI 2021 author PDF and Coq development","closest-wave2 citation queue; DOI metadata; author full text; Coq artifact","CG0223; closest-wave2-union","full-text and artifact-audit","include-adjacent","","yes","Core local-DRF theorems and Coq mechanization","Codex-assisted; human confirmation pending","2026-07-31","Included as mechanized promising-semantics safety metatheory. It establishes modular local data-race-freedom guarantees in Coq, but contains no direct Treiber, genuine weak-CAS, fairness, all-spurious, or positive object-progress theorem."
"S189","Compositional Reasoning for Non-multicopy Atomic Architectures","2023","Nicholas Coughlin; Kirsten Winter; Graeme Smith","10.1145/3574137","https://staff.itee.uq.edu.au/smith/recent/fm.pdf","Formal Aspects of Computing 2023 author PDF and Isabelle development","closest-wave2 citation queue; DOI metadata; author full text; Isabelle evidence","CG0233; closest-wave2-union","full-text and artifact-audit","include-adjacent","","yes","Hoare-validity definition; Theorem A.1 and Isabelle/HOL soundness development","Codex-assisted; human confirmation pending","2026-07-31","Included as a mechanized architectural weak-memory reasoning boundary. Its Hoare validity is expressly partial and the Isabelle theorem certifies safety reasoning, not Treiber response progress, weak-CAS justice, or fairness factorization."
"S190","Defining Correctness Conditions for Concurrent Objects in Multicore Architectures","2015","Brijesh Dongol; John Derrick; Lindsay Groves; Graeme Smith","10.4230/LIPIcs.ECOOP.2015.470","https://drops.dagstuhl.de/storage/00lipics/lipics-vol037-ecoop2015/LIPIcs.ECOOP.2015.470/LIPIcs.ECOOP.2015.470.pdf","ECOOP 2015 Dagstuhl version","closest-wave2 citation queue; DOI metadata; Dagstuhl full text","CG0269; closest-wave2-union","full-text","include-adjacent","","yes","Correctness-condition hierarchy; TSO case study; fence-consistency definition and non-blocking/composition results","Codex-assisted; human confirmation pending","2026-07-31","Included as relaxed-memory object-correctness and nonblocking-context prior art. The work develops a compositional non-blocking correctness condition for TSO, but gives no genuine weak-CAS primitive, primitive justice, Treiber response theorem, all-spurious execution, or mechanized proof."
"S191","A Concurrency Semantics for Relaxed Atomics That Permits Optimisation and Avoids Thin-Air Executions","2016","Jean Pichon-Pharabod; Peter Sewell","10.1145/2837614.2837616","https://www.cl.cam.ac.uk/~jp622/thin-air.pdf","POPL 2016 author PDF and mechanized/executable semantics","closest-wave2 citation queue; DOI metadata; author full text; mechanization evidence","CG0180; closest-wave2-union","full-text and artifact-audit","include-context","","yes","Core event-structure semantics, thin-air examples, and mechanization/executable-model description","Codex-assisted; human confirmation pending","2026-07-31","Retained as weak-memory semantic context. The work addresses relaxed atomics and thin-air avoidance with mechanized/executable semantics, but contains no concurrent-stack correctness or liveness theorem, primitive justice, or fairness decomposition."
"S192","Taming Release-Acquire Consistency","2016","Ori Lahav; Nick Giannarakis; Viktor Vafeiadis","10.1145/2837614.2837643","https://plv.mpi-sws.org/sra/paper.pdf","POPL 2016 author PDF and Coq project","closest-wave2 citation queue; DOI metadata; author full text; Coq project","CG0182; closest-wave2-union","full-text and artifact-audit","include-context","","yes","Operational/axiomatic equivalence, DRF, fence, and compilation/mapping results; Coq project","Codex-assisted; human confirmation pending","2026-07-31","Retained as release/acquire metatheory context. The Coq development mechanizes the model results, but there is no Treiber instance, genuine weak-CAS branch, primitive justice, fairness factorization, all-spurious execution, or positive object-progress result."
"S193","Weakening WebAssembly","2019","Conrad Watt; Andreas Rossberg; Jean Pichon-Pharabod","10.1145/3360559","https://conrad-watt.github.io/papers/watt2019.pdf","OOPSLA 2019 extended author PDF","closest-wave2 citation queue; DOI metadata; author full text","CG0213; closest-wave2-union","full-text","include-context","","yes","Concurrent WebAssembly semantics and SMT litmus checker; Appendix C Theorem C.4","Codex-assisted; human confirmation pending","2026-07-31","Retained as a language-level weak-memory boundary. The semantics includes exact cmpxchg and proves SC-DRF, but offers no Treiber-stack progress theorem, genuine weak CAS, primitive justice, fairness split, or all-spurious counterexecution."
"S194","How Hard Is Weak-Memory Testing?","2024","Soham Chakraborty; Shankara Narayanan Krishna; Umang Mathur; Andreas Pavlogiannis","10.1145/3632908","https://cs.au.dk/~pavlogiannis/publications/papers/popl24a.pdf","POPL 2024 author PDF; arXiv 2311.04302","closest-wave2 citation queue; DOI metadata; arXiv metadata; author full text","CG0235; closest-wave2-union; arXiv:2311.04302","full-text","include-context","","yes","Theorem 1.1 and bounded consistency-testing definitions","Codex-assisted; human confirmation pending","2026-07-31","Retained as a complexity boundary for weak-memory testing. Its NP-completeness result applies even without RMWs and does not establish CAS semantics, Treiber safety/progress, primitive justice, or any fairness theorem."
"S195","C Concurrency Challenges Draft","2014","Mark Batty; Kayvan Memarian; Kyndylan Nienhuis; Jean Pichon; Peter Sewell","","https://www.open-std.org/jtc1/sc22/wg21/docs/papers/2014/n4136.pdf","WG21 N4136 committee paper","closest-wave2 citation queue; committee-paper metadata; official full text","CG0292; closest-wave2-union","full-text and mechanization check","include-context","","yes","Positive SC-DRF result for strongly finite programs; HOL4 and Isabelle mechanization descriptions","Codex-assisted; human confirmation pending","2026-07-31","Retained as C/C++ memory-model metatheory context. The paper mechanizes SC-DRF and operational/axiomatic equivalence, but has no weak-CAS or Treiber progress theorem, fairness decomposition, primitive justice, or all-spurious execution."
"S196","Systems Programming: Coping with Parallelism","1986","R. Kent Treiber","","https://dominoweb.draco.res.ibm.com/reports/rj5118.pdf","IBM Research Report RJ5118","closest-wave2 citation queue; IBM report metadata; original report","CG0309; closest-wave2-union","primary-report provenance","include-context","","yes","IBM RJ5118 report and exact compare-and-swap stack algorithm","Codex-assisted; human confirmation pending","2026-07-31","Retained as the original Treiber-stack algorithm source. It establishes algorithm provenance and uses exact IBM compare-and-swap, but no formal scheduler/memory/primitive fairness theorem, genuine weak-CAS semantics, all-spurious execution, or mechanization was identified."
"S197","What Cannot Be Implemented on Weak Memory?","2024","Armando Castañeda; Gregory Chockler; Brijesh Dongol; Ori Lahav","10.4230/LIPIcs.DISC.2024.11","https://drops.dagstuhl.de/storage/00lipics/lipics-vol319-disc2024/LIPIcs.DISC.2024.11/LIPIcs.DISC.2024.11.pdf","DISC 2024 open-access proceedings version; arXiv precursor 2405.16611","legacy citation queue; Dagstuhl proceedings; arXiv metadata","CG0020; arXiv:2405.16611","full-text","include-closest","","yes","Theorem 4.8; Theorems 5.5, 5.10, and 5.11; Theorem F.1","Codex-assisted; human confirmation pending","2026-07-31","Included as a direct weak-memory computability and positive-progress boundary. The paper proves SCM/TSO/RA lower bounds and a wait-free linearizable RA Max-Register construction, but has no Treiber stack, genuine weak CAS, primitive justice, all-spurious execution, fairness factorization, or mechanized target theorem."
"S198","Contextual Trace Refinement for Concurrent Objects: Safety and Progress","2016","Brijesh Dongol; Lindsay Groves","10.1007/978-3-319-47846-3_17","https://bura.brunel.ac.uk/bitstream/2438/13051/1/FullText.pdf","ICFEM 2016 accepted author manuscript; arXiv 1603.01412","legacy citation queue; DOI and arXiv metadata; institutional full text","CG0169; arXiv:1603.01412","full-text","include-closest","","yes","Figure 2; Theorem 3; Treiber example and minimal-progress/continuity definitions","Codex-assisted; human confirmation pending","2026-07-31","Included as a direct Treiber safety-and-progress refinement neighbor. It shows that linearizability, minimal progress, and continuity suffice for contextual trace refinement and illustrates exact-CAS Treiber under SC. It supplies no RC11 semantics, genuine weak-CAS branch, primitive justice, all-spurious witness, or machine-checked composition."
"S199","Liveness-Preserving Atomicity Abstraction","2011","Alexey Gotsman; Hongseok Yang","10.1007/978-3-642-22012-8_36","https://www.cs.ox.ac.uk/files/4074/icalp11.pdf","ICALP 2011 author PDF","legacy citation queue; DOI metadata; author full text","CG0251","full-text","include-closest","","yes","Theorem 4; Corollary 7; Theorem 9; elimination-stack/Treiber reduction","Codex-assisted; human confirmation pending","2026-07-31","Included as a direct positive liveness-abstraction precedent. Its theory transfers lock-freedom through atomicity abstraction and applies it to an elimination stack reduced to Treiber behavior under SC exact CAS. It lacks RC11, genuine weak CAS, primitive justice, the all-spurious separation, and a kernel-checked target proof."
"S200","Characterizing Progress Properties of Concurrent Objects via Contextual Refinements","2013","Hongjin Liang; Jan Hoffmann; Xinyu Feng; Zhong Shao","10.1007/978-3-642-40184-8_17","https://www.cs.yale.edu/homes/hoffmann/papers/LHXZ13progress.pdf","CONCUR 2013 author PDF","legacy citation queue; DOI metadata; author full text","CG0280","full-text","include-closest","","yes","Theorem 5 and definitions of deadlock-, starvation-, lock-, wait-, and obstruction-freedom","Codex-assisted; human confirmation pending","2026-07-31","Included as a foundational scheduler/progress comparator. It characterizes five progress conditions by contextual refinement under explicit scheduling assumptions, but it is generic and contains no target Treiber/RC11/weak-CAS instance, primitive justice, all-spurious separation, or mechanization."
"S201","Practical Lock-Freedom","2004","Keir Fraser","","https://www.cl.cam.ac.uk/techreports/UCAM-CL-TR-579.pdf","University of Cambridge Technical Report UCAM-CL-TR-579; 2003 dissertation lineage","legacy citation queue; Cambridge technical-report metadata and full text","CG1018","full-text","include-closest","","yes","§2.3.1 LL/SC semantics and progress premise; Chapter 3 FSTM Commit lock-freedom","Codex-assisted; human confirmation pending","2026-07-31","Included as an early primitive-fairness analogue. Fraser permits store-conditional to fail spuriously but assumes that a sequence cannot contain infinitely many such failures, then reasons about lock-free algorithms. The primitive is LL/SC, not weak CAS, and the work has no RC11 Treiber theorem, fairness factorization, all-spurious weak-CAS execution, or mechanization."
"S202","Model Checking Linearizability via Refinement","2009","Yang Liu; Wei Chen; Yanhong A. Liu; Jun Sun","10.1007/978-3-642-05089-3_21","https://www.comp.nus.edu.sg/~pat/publications/linearizability.pdf","FM 2009 author PDF","legacy citation queue; DOI metadata; author full text","CG0233","full-text","include-closest","","yes","Refinement theorem; §5 Treiber experiments with two to four processes","Codex-assisted; human confirmation pending","2026-07-31","Included as an early executable Treiber-linearizability check. PAT explores finite SC exact-CAS instances with two to four processes, establishing bounded safety rather than an unbounded theorem. It has no weak memory, genuine weak CAS, fairness or progress result, all-spurious witness, or proof-assistant certificate."
"S203","Branching Bisimulation and Concurrent Object Verification","2018","Xiaoxiao Yang; Joost-Pieter Katoen; Huimin Lin; Gaoang Liu; Hao Wu","10.1109/DSN.2018.00037","https://cadp.inria.fr/ftp/publications/others/Yang-Katoen-Lin-et-al-18.pdf","DSN 2018 author PDF","legacy citation queue; DOI metadata; author full text","CG0430","full-text","include-closest","","yes","Theorems 5.3, 5.8, and 5.9; Table II Treiber and hazard-pointer cases","Codex-assisted; human confirmation pending","2026-07-31","Included as an executable safety-plus-progress Treiber neighbor. Divergence-sensitive quotient checking establishes linearizability and lock-freedom for bounded SC exact-CAS models, including Treiber. It does not cover RC11, genuine weak CAS, primitive justice, an all-spurious separation, unbounded clients, or a proof-assistant certificate."
"S204","Mechanically Verified Proof Obligations for Linearizability","2011","John Derrick; Gerhard Schellhorn; Heike Wehrheim","10.1145/1889997.1890001","https://dl.acm.org/doi/pdf/10.1145/1889997.1890001","TOPLAS 2011 publisher version; KIV development","legacy citation queue; ACM metadata; KIV project evidence","CG0547","full-text and artifact-audit","include-closest","","partial","KIV project and article case-study sections; publisher PDF access restricted during audit","Codex-assisted; human confirmation pending","2026-07-31","Included as a mechanically checked Treiber-safety predecessor. KIV discharges linearizability proof obligations for an SC exact-CAS stack, but the article establishes no positive progress theorem and supplies no weak-memory, genuine weak-CAS, primitive-justice, or all-spurious result. Absence claims are limited to accessible metadata and project evidence where the publisher text was unavailable."
"S205","Mechanized Verification of Fine-Grained Concurrent Programs","2015","Ilya Sergey; Aleksandar Nanevski; Anindya Banerjee","10.1145/2737924.2737964","https://ilyasergey.net/papers/fcsl-pldi15.pdf","PLDI 2015 author PDF and Coq/FCSL development","legacy citation queue; DOI metadata; author full text; Coq artifact","CG0610","full-text and artifact-audit","include-closest","","yes","§4 Treiber specification; §6 and Table 1; Coq/FCSL development","Codex-assisted; human confirmation pending","2026-07-31","Included as direct machine-checked Treiber safety prior art. FCSL proves functional/history properties of the stack and clients in Coq under SC exact CAS. It establishes no lock-freedom or response theorem, RC11 semantics, genuine weak-CAS justice, fairness factorization, or all-spurious separation."
"S206","Diaframe: Automated Verification of Fine-Grained Concurrent Programs in Iris","2022","Ike Mulder; Robbert Krebbers; Herman Geuvers","10.1145/3519939.3523432","https://iris-project.org/pdfs/2022-pldi-diaframe-final.pdf","PLDI 2022 author PDF and Coq/Iris artifact","legacy citation queue; DOI metadata; author full text; Coq artifact","CG0752","full-text and artifact-audit","include-closest","","yes","§6 and Figure 6; generated closed Coq proof for the Treiber bag specification","Codex-assisted; human confirmation pending","2026-07-31","Included as automated machine-checked Treiber safety prior art. Diaframe generates a closed Coq/Iris proof for a functional bag specification under SC exact CAS, but proves no liveness, weak-memory, genuine weak-CAS, primitive-justice, or all-spurious theorem."
"S207","Proof Automation for Linearizability in Separation Logic","2023","Ike Mulder; Robbert Krebbers","10.1145/3586043","https://iris-project.org/pdfs/2023-oopsla-diaframe2-final.pdf","OOPSLA 2023 author PDF and Coq/Iris/ReLoC artifact","legacy citation queue; DOI metadata; author full text; Coq artifact","CG0771","full-text and artifact-audit","include-closest","","yes","Figure 9 and Treiber-to-locked-stack refinement proof; artifact","Codex-assisted; human confirmation pending","2026-07-31","Included as automated machine-checked Treiber linearizability prior art. The Coq/Iris/ReLoC proof refines Treiber to a locked stack under SC exact CAS. It is safety only and has no RC11 liveness, genuine weak CAS, primitive justice, fairness factorization, or all-spurious execution."
"S208","Formal Verification of Temporal Properties for Parametrized Concurrent Programs and Concurrent Data Structures","2015","Alejandro Sánchez","10.20868/UPM.thesis.37874","https://software.imdea.org/~asanchez/papers/asanchez-phd.pdf","UPM doctoral thesis","legacy citation queue; DOI metadata; author and repository full text","CG0894","full-text","include-closest","","yes","Chapter 6 §6.1.3; Chapter 10 §10.2.3 and Table 10.4","Codex-assisted; human confirmation pending","2026-07-31","Included as an arbitrary-thread automated-verification neighbor. The thesis verifies Treiber shape/content safety with parameterized deductive procedures, while its liveness applications concern other algorithms. It has no RC11, genuine weak CAS, primitive justice, all-spurious separation, or proof-assistant certificate for the target conjunction."
"S209","Modular Fine-Grained Concurrency Verification","2008","Viktor Vafeiadis","","https://www.cl.cam.ac.uk/techreports/UCAM-CL-TR-726.pdf","University of Cambridge Technical Report UCAM-CL-TR-726","legacy citation queue; Cambridge technical-report metadata and full text","CG0972","full-text","include-closest","","yes","Chapter 5 §5.3.1 Treiber-style RGSep proof; concluding liveness boundary","Codex-assisted; human confirmation pending","2026-07-31","Included as a direct manual Treiber-linearizability predecessor. RGSep verifies an SC exact-CAS stack, while liveness is explicitly left outside the development. The work has no weak-memory semantics, genuine weak-CAS branch, primitive justice, all-spurious witness, or machine-checked liveness composition."
"S210","Proving Linearizability with Temporal Logic","2011","Simon Bäumler; Gerhard Schellhorn; Bogdan Tofan; Wolfgang Reif","10.1007/s00165-009-0130-y","https://opus.bibliothek.uni-augsburg.de/opus4/files/38931/38931.pdf","Formal Aspects of Computing 2011 institutional PDF and KIV development","legacy citation queue; DOI metadata; institutional full text; KIV project","CG1062; CG0324","full-text and artifact-audit","include-closest","","yes","Generic composition theorem; Treiber-like stack instantiation; conclusion's liveness boundary","Codex-assisted; human confirmation pending","2026-07-31","Included as a machine-checked compositional Treiber-safety predecessor. KIV verifies the generic theorem and exact-CAS stack instance under SC, while the article leaves liveness to future work. It has no RC11, genuine weak CAS, primitive justice, fairness decomposition, or all-spurious execution."
"S211","Proving Linearisability via Coarse-Grained Abstraction","2012","Brijesh Dongol; John Derrick","","https://arxiv.org/pdf/1212.5116","arXiv v1","legacy citation queue; arXiv metadata and full text","CG0001; arXiv:1212.5116","full-text","include-closest","","yes","§§3 and 6–8; arbitrary-process Treiber abstraction","Codex-assisted; human confirmation pending","2026-07-31","Included as an unbounded manual Treiber-linearizability proof. Coarse-grained abstraction covers an arbitrary process set under SC exact CAS, but contains no progress theorem, weak-memory semantics, genuine weak-CAS justice, all-spurious separation, or proof-assistant artifact."
"S212","Collapsing Threads Safely with Soft Invariants","2015","David Friggens; Lindsay Groves","","https://arxiv.org/pdf/1512.09186","arXiv v1","legacy citation queue; arXiv metadata and full text","CG0003; arXiv:1512.09186","full-text","include-closest","","yes","§4.1 and Tables 3–4; unbounded-thread TVLA Treiber analysis","Codex-assisted; human confirmation pending","2026-07-31","Included as an automated unbounded-thread Treiber-safety predecessor. Soft invariants and TVLA establish shape/data linearizability properties under SC exact CAS. The executable analysis has no proof-assistant certificate and establishes no weak-memory, genuine weak-CAS, fairness, or progress theorem."
"S213","Verifying Concurrent Stacks by Divergence-Sensitive Bisimulation","2017","Xiaoxiao Yang; Joost-Pieter Katoen; Huimin Lin; Hao Wu","","https://arxiv.org/pdf/1701.06104","arXiv v1","legacy citation queue; arXiv metadata and full text","CG0007; arXiv:1701.06104","full-text","include-closest","","yes","Theorem 5.4; §6, Figure 4, and Table 1","Codex-assisted; human confirmation pending","2026-07-31","Included as a direct executable Treiber safety-plus-progress result. Divergence-sensitive bisimulation yields linearizability and lock-freedom for bounded SC exact-CAS models. It has no RC11, genuine weak CAS, primitive justice, all-spurious separation, unbounded-client theorem, or proof-assistant certificate."
"S214","Verifying Read-Copy Update Under RC11","2023","Mikhail Semenyuk; Mark Batty; Brijesh Dongol","10.1007/978-3-031-47115-5_17","https://openresearch.surrey.ac.uk/view/pdfCoverPage?download=true&filePid=13195170200002346&instCode=44SUR_INST","SEFM 2023 accepted author manuscript and Isabelle/HOL development","legacy citation queue; DOI metadata; institutional full text; Isabelle artifact evidence","CG0139","full-text and artifact-audit","include-closest","","yes","§2 and Figure 3; §§3–5 and Figures 7–8; Isabelle/HOL development","Codex-assisted; human confirmation pending","2026-07-31","Included as a direct mechanized RC11-verification neighbor. The ownership proof verifies RCU safety and ABA freedom in Isabelle/HOL, using exact mismatch-only CAS. It is not Treiber and proves no response liveness, genuine weak-CAS justice, fairness factorization, or all-spurious separation."
"S215","Verifying Safe Memory Reclamation in Concurrent Programs with CafeOBJ","2024","Duong Dinh Tran; Kazuhiro Ogata","10.1007/978-3-031-65941-6_3","https://wrla2024.gitlab.io/files/Pre-Proceedings.pdf","WRLA 2024 open-access proceedings version and CafeOBJ artifact","legacy citation queue; DOI metadata; proceedings full text; CafeOBJ repository","CG0145","full-text and artifact-audit","include-closest","","yes","§1; §5 exact-CAS push/pop; symbolic-N proof scores; artifact","Codex-assisted; human confirmation pending","2026-07-31","Included as machine-checked arbitrary-N Treiber-plus-reclamation safety prior art. CafeOBJ proof scores verify hazard-pointer safety for an SC exact-CAS stack, but establish no linearizable response/liveness theorem, weak-memory semantics, genuine weak CAS, primitive justice, or all-spurious execution."
"S216","Heap Decomposition for Concurrent Shape Analysis","2008","Roman Manevich; Tal Lev-Ami; Mooly Sagiv; Ganesan Ramalingam; Josh Berdine","10.1007/978-3-540-69166-2_24","https://jberdine.github.io/pub/2008_sas_ext.pdf","SAS 2008 extended author version","legacy citation queue; DOI metadata; author full text","CG0205","full-text","include-closest","","yes","Figure 1; heap-decomposition construction; Treiber linearizability evaluation","Codex-assisted; human confirmation pending","2026-07-31","Included as an automatic Treiber shape-and-linearizability predecessor. Heap decomposition scales the SC exact-CAS safety analysis, but supplies no weak-memory, genuine weak-CAS, fairness, all-spurious, or positive response theorem and no proof-assistant certificate."
"S217","Thread Quantification for Concurrent Shape Analysis","2008","Josh Berdine; Tal Lev-Ami; Roman Manevich; Ganesan Ramalingam; Mooly Sagiv","10.1007/978-3-540-70545-1_37","https://www.microsoft.com/en-us/research/wp-content/uploads/2016/02/cav08.pdf","CAV 2008 author PDF","legacy citation queue; DOI metadata; author full text","CG0209","full-text","include-closest","","yes","§4.3 and Table 3; unbounded-thread Treiber experiment","Codex-assisted; human confirmation pending","2026-07-31","Included as an automatic unbounded-thread Treiber-linearizability predecessor. Thread-quantified TVLA abstractions prove SC exact-CAS safety, not RC11 response progress, genuine weak-CAS justice, fairness decomposition, or all-spurious separation."
"S218","Proving Linearizability Via Non-atomic Refinement","2007","John Derrick; Gerhard Schellhorn; Heike Wehrheim","10.1007/978-3-540-73210-5_11","https://link.springer.com/content/pdf/10.1007/978-3-540-73210-5_11.pdf","IFM 2007 proceedings version","legacy citation queue; DOI metadata; publisher full text","CG0210","full-text","include-closest","","yes","§4.1 condition S4 and fixed push/pop composition; Theorem 1","Codex-assisted; human confirmation pending","2026-07-31","Included as the strongest direct liveness result in the middle slice. The paper proves exact-CAS stack linearizability and uses a well-founded rank with an explicit upper bound to rule out livelock for its fixed two-process push/pop composition. It remains handwritten, SC, fixed-process, and lacks genuine weak CAS, primitive justice, RC11, an all-spurious separation, and machine-checked composition."
"S219","Shape-Value Abstraction for Verifying Linearizability","2009","Viktor Vafeiadis","10.1007/978-3-540-93900-9_27","https://people.mpi-sws.org/~viktor/papers/vmcai2009-shapevalue.pdf","VMCAI 2009 author PDF","legacy citation queue; DOI metadata; author full text","CG0223","full-text","include-closest","","yes","§2 and Figure 1; CAVE method and Treiber evaluation","Codex-assisted; human confirmation pending","2026-07-31","Included as an automatic unbounded-thread Treiber-linearizability predecessor. Shape-value abstraction verifies the SC exact-CAS stack, but no liveness, weak-memory, genuine weak-CAS, primitive-justice, or all-spurious result."
"S220","Automatically Proving Linearizability","2010","Viktor Vafeiadis","10.1007/978-3-642-14295-6_40","https://people.mpi-sws.org/~viktor/papers/cav2010-linear.pdf","CAV 2010 author PDF","legacy citation queue; DOI metadata; author full text","CG0240","full-text","include-closest","","yes","Definition 2; §4.4 soundness/correctness results; §5 and Figure 3 Treiber benchmark","Codex-assisted; human confirmation pending","2026-07-31","Included as an automatic direct Treiber-linearizability predecessor. The method is sound for its SC exact-CAS abstraction and reports the stack benchmark, but establishes safety only, without RC11, genuine weak CAS, fairness, all-spurious separation, or a kernel-checked proof."
"S221","Reasoning about Optimistic Concurrency Using a Program Logic for History","2010","Ming Fu; Yong Li; Xinyu Feng; Zhong Shao; Yu Zhang","10.1007/978-3-642-15375-4_27","http://flint.cs.yale.edu/cs428/doc/rochtr.pdf","CONCUR 2010 author PDF","legacy citation queue; DOI metadata; author full text","CG0241","full-text","include-closest","","yes","Theorems 4.10 and 4.16; §5 and Figures 10–14 hazard-pointer stack","Codex-assisted; human confirmation pending","2026-07-31","Included as a direct exact-CAS stack-with-reclamation proof. The handwritten SC logic establishes history and hazard-pointer safety for the Michael stack, but no stack linearizability or liveness theorem, weak-memory model, genuine weak-CAS justice, or all-spurious separation."
"S222","Automatic Linearizability Proofs of Concurrent Objects with Cooperating Updates","2013","Cezara Drăgoi; Ashutosh Gupta; Thomas A. Henzinger","10.1007/978-3-642-39799-8_11","https://www.cse.iitb.ac.in/~akg/papers/cav13.pdf","CAV 2013 author PDF","legacy citation queue; DOI metadata; author full text","CG0279","full-text","include-closest","","yes","Figure 1; §5 and Theorem 1; Treiber and elimination-stack evaluations","Codex-assisted; human confirmation pending","2026-07-31","Included as automatic direct Treiber and elimination-stack linearizability prior art. Its rewriting theorem and tool cover SC exact CAS and safety only, not RC11, genuine weak CAS, primitive justice, response liveness, all-spurious separation, or a proof-assistant certificate."
"S223","Specifying and Verifying Concurrent Algorithms with Histories and Subjectivity","2015","Ilya Sergey; Aleksandar Nanevski; Anindya Banerjee","10.1007/978-3-662-46669-8_14","https://arxiv.org/pdf/1410.0306","ESOP 2015 arXiv version and Coq/FCSL artifact","legacy citation queue; DOI and arXiv metadata; Coq artifact","CG0288; arXiv:1410.0306","full-text and artifact-audit","include-closest","","yes","§4 and Figure 3; Treiber Hoare triples and atomic specifications; Coq development","Codex-assisted; human confirmation pending","2026-07-31","Included as direct machine-checked Treiber history-specification prior art and a companion to S205. The Coq/FCSL development proves SC exact-CAS safety and client reasoning, not liveness, RC11, genuine weak-CAS justice, fairness factorization, or an all-spurious execution."
"S224","A Program Logic for Obstruction-Freedom","2024","Zhao-Hui Li; Xin-Yu Feng","10.1007/s11704-023-2774-9","https://journal.hep.com.cn/fcs/EN/10.1007/s11704-023-2774-9","Frontiers of Computer Science 2024 official article page; publisher PDF access-restricted","legacy citation queue; DOI metadata; official publisher abstract","CG0363","official-abstract and access audit","include-closest","","partial","Official abstract: joint linearizability and obstruction-freedom logic with a practical classic-deque case; PDF retrieval manifest records HTML/login response","Codex-assisted; human confirmation pending","2026-07-31","Included conservatively as a joint safety-and-progress program-logic neighbor. The accessible official abstract reports verification of both linearizability and obstruction-freedom for a practical deque. The publisher PDF was access-restricted, so no inaccessible-page claim is made about its detailed primitive semantics, fairness treatment, or mechanization; accessible evidence does not establish the target Treiber/RC11/genuine-weak-CAS conjunction."
"S225","Verifying Concurrent Data Structures by Simulation","2005","Robert Colvin; Simon Doherty; Lindsay Groves","10.1016/j.entcs.2005.04.026","https://www.sciencedirect.com/science/article/pii/S1571066105050929/pdfft?isDTMRedir=true&download=true","ENTCS 2005 open-access publisher version and PVS proof evidence","legacy citation queue; DOI metadata; open-access full text; PVS description","CG0381","full-text and artifact-audit","include-closest","","yes","§§4–6 simple stack simulation; §7 PVS mechanization; finite-execution/liveness boundary","Codex-assisted; human confirmation pending","2026-07-31","Included as an early machine-checked exact-CAS stack-safety predecessor. PVS verifies forward simulation and linearizability under SC, while the paper explicitly restricts itself to finite executions and safety. It proves no positive liveness, RC11, genuine weak-CAS justice, fairness decomposition, or all-spurious result."
"S226","Promising-ARM/RISC-V: A Simpler and Faster Operational Concurrency Model","2019","Christopher Pulte; Jean Pichon-Pharabod; Jeehoon Kang; Sung-Hwan Lee; Chung-Kil Hur","10.1145/3314221.3314624","https://www.cl.cam.ac.uk/~pes20/promising-arm-riscv.pdf","PLDI 2019 author PDF and Coq supplementary development","legacy citation queue; DOI metadata; author full text; project and supplementary artifact","CG0690","full-text and artifact-audit","include-closest","","yes","Appendix A.2 exclusive-failure; Theorems 6.1–6.4 and 7.1; §8 and Tables 1–2; Coq README and Treiber examples","Codex-assisted; human confirmation pending","2026-07-31","Included as the closest genuine-spurious-primitive hardware-model neighbor. An unexecuted store-exclusive may always fail independently; the Coq development proves finite-execution model theorems, and the supplementary suite contains bounded C++ and Rust Treiber examples. It provides no primitive justice excluding all-spurious executions, scheduler/memory/primitive fairness factorization, unbounded Treiber response theorem, or machine-checked Treiber safety-plus-liveness composition."
